config,wavelength_nm,alpha,model,baseline_etalon,no2_signature,no2_fit,h2o_signature,h2o_fit,chocho_fit,residual
ANs,429.4808,1.866262e-08,1.9345801834694248e-08,-1.58258805355388e-08,3.4300470128206087e-08,3.498365196290034e-08,-5.164828202756307e-10,1.6669901441862413e-10,2.133139291408478e-11,-6.831818346942465e-10
ANs,429.5296,1.996715e-08,1.9027553672674322e-08,-1.5725782317199348e-08,3.550952478367483e-08,3.4569928456349146e-08,1.1020578276910034e-09,1.6246150036532296e-10,2.0946033159201675e-11,9.39596327325679e-10
ANs,429.5785,1.866139e-08,1.8730768623820545e-08,-1.5625836831885362e-08,3.41088967054846e-08,3.417827532930515e-08,8.82257391417644e-11,1.576043629623156e-10,2.072576343844352e-11,-6.93786238205455e-11
ANs,429.6273,2.089536e-08,1.8462278487712108e-08,-1.55262371179244e-08,3.6248624696390244e-08,3.381554318410235e-08,2.5853971760692353e-09,1.5231566378134e-10,2.0656757752810524e-11,2.433081512287891e-09
ANs,429.6761,1.818655e-08,1.8229139732741917e-08,-1.542716801287634e-08,3.344620999637481e-08,3.348879972911673e-08,1.041935060630545e-10,1.4678323880496896e-10,2.0724777696554714e-11,-4.258973274191533e-11
ANs,429.7249,1.776138e-08,1.8038388974980388e-08,-1.5328801575392595e-08,3.2928088696594917e-08,3.32050976715753e-08,-1.3583011629061654e-10,1.411788586897691e-10,2.091402010791624e-11,-2.7700897498038645e-10
ANs,429.7737,1.647724e-08,1.7896867316052932e-08,-1.5231292828907196e-08,3.15516769918634e-08,3.2971304307916324e-08,-1.283977606770314e-09,1.3564970928261362e-10,2.120612776118948e-11,-1.4196273160529328e-09
ANs,429.8225,1.89937e-08,1.7811136632979658e-08,-1.5134775934469042e-08,3.397657820005655e-08,3.27940148330362e-08,1.3128814891978949e-09,1.303181221775432e-10,2.1579612234957396e-11,1.1825633670203433e-09
ANs,429.8713,1.863521e-08,1.7787388033435815e-08,-1.5039360889205337e-08,3.35272746780218e-08,3.267945271145762e-08,9.731082493122494e-10,1.2528628274806857e-10,2.200992843546448e-11,8.478219665641833e-10
ANs,429.9202,1.566908e-08,1.783134100450939e-08,-1.49451308336539e-08,3.047109750937333e-08,3.2633358513882726e-08,-2.0416179682520967e-09,1.206430362572991e-10,2.2470288023266742e-11,-2.162261004509392e-09
ANs,429.969,1.71576e-08,1.794808339407806e-08,-1.4852140035851594e-08,3.187033835138029e-08,3.2660821745458354e-08,-6.740149009799143e-10,1.164684930981512e-10,2.2933191373152437e-11,-7.904833940780628e-10
ANs,430.0178,1.844489e-08,1.8141849710184782e-08,-1.4760412603003515e-08,3.3069095617812574e-08,3.2766055327997354e-08,4.1587489153083855e-10,1.12834601715616e-10,2.3372383475327973e-11,3.03040289815217e-10
ANs,430.0666,1.983324e-08,1.8415718300079584e-08,-1.466994195321427e-08,3.436961728934015e-08,3.295209558941974e-08,1.5273213517574412e-09,1.0979965183702642e-10,2.3765012037087126e-11,1.4175216999204165e-09
ANs,430.1154,1.802006e-08,1.8771283718024328e-08,-1.4580691060599946e-08,3.2469259239228836e-08,3.3220482957253166e-08,-6.438254915221246e-10,1.0739822650220859e-10,2.409359486890186e-11,-7.512237180243265e-10
ANs,430.1642,1.809843e-08,1.9208286042816937e-08,-1.4492593467601005e-08,3.2461046086596245e-08,3.357090212941318e-08,-1.0042260295699528e-09,1.0563001324698352e-10,2.4347367757780648e-11,-1.1098560428169382e-09
ANs,430.213,1.890111e-08,1.972434591791258e-08,-1.4405555038973826e-08,3.317769221759333e-08,3.4000928135505914e-08,-7.187860351409214e-10,1.0444988277166775e-10,2.4522938608828776e-11,-8.232359179125805e-10
ANs,430.2618,1.971691e-08,2.03147720959934e-08,-1.4319456413239663e-08,3.390797840339195e-08,3.4505840499385354e-08,-4.940980572597936e-10,1.0376403873360585e-10,2.46239711141024e-11,-5.97862095993399e-10
ANs,430.3106,2.134702e-08,2.0972451167210384e-08,-1.42341560897853e-08,3.545308217371717e-08,3.507851334092756e-08,4.780027104105364e-10,1.0343387762092624e-10,2.466003844719894e-11,3.7456883278961475e-10
ANs,430.3594,2.277776e-08,2.1688013916927336e-08,-1.4149494073784153e-08,3.679932126032895e-08,3.570957517725628e-08,1.1930340415227202e-09,1.032879584500529e-10,2.464485500515388e-11,1.089746083072664e-09
ANs,430.4082,2.292989e-08,2.2450056096572152e-08,-1.4065295987042435e-08,3.6867450956950394e-08,3.6387617053522545e-08,5.829748146712571e-10,1.0314091124341026e-10,2.4594118848632458e-11,4.798339034278464e-10
ANs,430.457,2.085377e-08,2.324556552191857e-08,-1.3981377541128612e-08,3.470780838802879e-08,3.709960390994736e-08,-2.2889797028417525e-09,1.0281581907681956e-10,2.452333402300041e-11,-2.391795521918571e-09
ANs,430.5058,2.344575e-08,2.4060507666320378e-08,-1.389754926001019e-08,3.721668730923762e-08,3.7831444975558e-08,-5.125916084192245e-10,1.0216605790115629e-10,2.4445892871412872e-11,-6.147576663203783e-10
ANs,430.5546,2.400908e-08,2.4880415484255845e-08,-1.3813621333131605e-08,3.769723715334331e-08,3.8568572637599156e-08,-7.702429784632155e-10,1.010925057926367e-10,2.437167399565882e-11,-8.713354842558456e-10
ANs,430.6033,2.584065e-08,2.5691066429077608e-08,-1.3729408476578074e-08,3.944619920397129e-08,3.9296615633048904e-08,2.49136559366597e-10,9.955298844420992e-11,2.4306284162571375e-11,1.495835709223922e-10
ANs,430.6521,2.658812e-08,2.647910669703376e-08,-1.364473467976677e-08,4.0111041255377744e-08,4.00020279524115e-08,2.065757422852167e-10,9.75624393189694e-11,2.4250985070062524e-11,1.0901330296624035e-10
ANs,430.7009,2.593435e-08,2.723263602688025e-08,-1.3559437717992212e-08,3.9374400486881646e-08,4.067268651376189e-08,-1.2031020305017296e-09,9.518399637851298e-11,2.420323473206125e-11,-1.2982860268802478e-09
ANs,430.7497,2.837626e-08,2.794156306700804e-08,-1.3473373317056617e-08,4.173296201688811e-08,4.129826508389615e-08,5.272105250020878e-10,9.25135920101248e-11,2.4157708158383205e-11,4.346969329919577e-10
ANs,430.7985,2.554686e-08,2.85978467288612e-08,-1.3386418864987039e-08,3.881951017183912e-08,4.1870496900700316e-08,-2.9613256232179345e-09,8.966110564326856e-11,2.41075875046558e-11,-3.050986728861201e-09
ANs,430.8473,2.719027e-08,2.919556764700783e-08,-1.3298476577260167e-08,4.0377968702496386e-08,4.238326634950421e-08,-1.9185656845499083e-09,8.673196245791831e-11,2.4045912305866826e-11,-2.00529764700783e-09
ANs,430.8961,2.913501e-08,2.9730767755282542e-08,-1.320947603573367e-08,4.223670611053206e-08,4.28324638658146e-08,-5.119446294623772e-10,8.381312582016792e-11,2.396679938144454e-11,-5.95757755282543e-10
ANs,430.9448,2.98183e-08,3.020122490619285e-08,-1.311937603727291e-08,4.283284438068931e-08,4.321576928688217e-08,-3.019596254079034e-10,8.096528078495248e-11,2.386637579864155e-11,-3.829249061928515e-10
ANs,430.9936,2.967303e-08,3.060615670060008e-08,-1.3028165705465807e-08,4.25992301630505e-08,4.353235686365058e-08,-8.549045020848006e-10,7.822219851528032e-11,2.3743343900030785e-11,-9.331267006000813e-10
ANs,431.0424,3.011668e-08,3.094595719169535e-08,-1.2935864837397443e-08,4.29533496067734e-08,4.3782626798468746e-08,-7.536811149118601e-10,7.559607678348565e-11,2.3599153840562666e-11,-8.292771916953476e-10
ANs,431.0912,3.239051e-08,3.122193937216735e-08,-1.2842523476741613e-08,4.513650838193547e-08,4.396793775410282e-08,1.241657866898714e-09,7.308723906606443e-11,2.3437855740076356e-11,1.1685706278326498e-09
ANs,431.14,3.010179e-08,3.143624964069219e-08,-1.2748220723932431e-08,4.275605128809264e-08,4.409051092878483e-08,-1.2637658425191402e-09,7.069379817305279e-11,2.3265637666730175e-11,-1.3344596406921889e-09
ANs,431.1887,3.037256e-08,3.1591753698747674e-08,-1.2653062813413828e-08,4.293411217611496e-08,4.415330587486264e-08,-1.1507733074956232e-09,6.842039125205453e-11,2.309024604681473e-11,-1.2191936987476715e-09
ANs,431.2375,2.8893e-08,3.169202779803218e-08,-1.2557180506442843e-08,4.1360978443010926e-08,4.4160006241043106e-08,-2.732745974659382e-09,6.628182337279969e-11,2.292024005912042e-11,-2.79902779803218e-09
ANs,431.2863,3.40132e-08,3.174127835292391e-08,-1.2460725865179166e-08,4.638685915266458e-08,4.41149375055885e-08,2.336224120592326e-09,6.43024735162446e-11,2.2764238998338112e-11,2.2719216470760897e-09
ANs,431.3351,3.159835e-08,3.174420804524635e-08,-1.2363868489391832e-08,4.3877077285125376e-08,4.402293533037173e-08,-8.334697284683976e-11,6.251107239951015e-11,2.2630131866944973e-11,-1.4585804524635055e-10
ANs,431.3838,2.939794e-08,3.170578053047385e-08,-1.2266791310662741e-08,4.1581274063636045e-08,4.3889114594109895e-08,-2.246907585369197e-09,6.09329451046579e-11,2.2524301922040052e-11,-2.307840530473847e-09
ANs,431.4326,3.054143e-08,3.163088970995855e-08,-1.2169686050122783e-08,4.26290833737915e-08,4.371854308375005e-08,-1.0298779212879388e-09,5.95817886706147e-11,2.2450887660668947e-11,-1.0894597099585531e-09
ANs,431.4814,3.1277e-08,3.1524000775573064e-08,-1.207274845423941e-08,4.326888374419215e-08,4.351588451976521e-08,-1.8854722524617151e-10,5.845355032688986e-11,2.241115972036831e-11,-2.4700077557306113e-10
ANs,431.5301,3.067492e-08,3.138880710190123e-08,-1.1976173428770192e-08,4.2571166708006555e-08,4.328505380990779e-08,-6.563634486405256e-10,5.752365326071375e-11,2.240306750292219e-11,-7.138871019012294e-10
ANs,431.5789,2.96801e-08,3.1227964237499504e-08,-1.1880150193564342e-08,4.148108076546958e-08,4.302894500296909e-08,-1.491115873875491e-09,5.674836362401228e-11,2.2421064470745758e-11,-1.5478642374995033e-09
ANs,431.6277,2.904515e-08,3.10429934197434e-08,-1.1784857580368458e-08,4.075148128820695e-08,4.274932470795035e-08,-1.9417734190071305e-09,5.607000073626682e-11,2.2456291425245143e-11,-1.9978434197434004e-09
ANs,431.6764,2.996337e-08,3.083433907992315e-08,-1.1690459592187623e-08,4.15759078976119e-08,4.244687697753505e-08,-8.155445399685078e-10,5.54245399546463e-11,2.2497154621080364e-11,-8.70969079923152e-10
ANs,431.7252,3.077719e-08,3.060159582432753e-08,-1.1597101336158287e-08,4.2297010996990775e-08,4.2121416821318315e-08,2.3034423199820147e-10,5.475005632574432e-11,2.2530282841766456e-11,1.7559417567246671e-10
ANs,431.7739,2.88509e-08,3.0343837457002784e-08,-1.1504905432472905e-08,4.027926941083181e-08,4.177220686783459e-08,-1.4389432092622844e-09,5.399424774050182e-11,2.2541773900592068e-11,-1.492937457002785e-09
ANs,431.8227,3.273964e-08,3.00600474182656e-08,-1.1413968989893725e-08,4.4077970538419083e-08,4.1398377956684686e-08,2.7327124637225166e-09,5.3119881988115796e-11,2.2518569486513894e-11,2.679592581734397e-09
ANs,431.8715,2.983506e-08,2.9749528426559314e-08,-1.1324361224108752e-08,4.108486405535974e-08,4.099933248191905e-08,1.376389609233576e-10,5.2107387482669845e-11,2.2449781266342836e-11,8.553157344068751e-11
ANs,431.9202,3.023784e-08,2.94122702208806e-08,-1.1236121778975351e-08,4.140067934849058e-08,4.057510956937118e-08,8.765244297993891e-10,5.095465067999223e-11,2.2327779804779388e-11,8.255697791193992e-10
ANs,431.969,2.826323e-08,2.9049195267226537e-08,-1.1149259792976187e-08,3.934066648941184e-08,4.0126631756638376e-08,-7.362908577639487e-10,4.9674409462584324e-11,2.2148894101763346e-11,-7.859652672265368e-10
ANs,432.0177,2.863122e-08,2.8662342669953697e-08,-1.106375373442365e-08,3.9624769814063674e-08,3.965589248401737e-08,1.7167582351658173e-11,4.829025230534981e-11,2.1913668054623598e-11,-3.112266995369639e-11
ANs,432.0665,2.885731e-08,2.8254906717739592e-08,-1.0979552009567817e-08,3.9768403470252504e-08,3.916600018799209e-08,6.492351581220064e-10,4.6831875861589405e-11,2.162666345373101e-11,6.024032822604092e-10
ANs,432.1152,2.836322e-08,2.783115357438716e-08,-1.089657432827619e-08,3.91931680767239e-08,3.8661101651111064e-08,5.773968048968628e-10,4.533037928402813e-11,2.1295872268254697e-11,5.320664256128427e-10
ANs,432.164,2.927696e-08,2.739631282860487e-08,-1.0814713792854094e-08,4.002692747663743e-08,3.8146280305242305e-08,1.9244615802085056e-09,4.381440881338305e-11,2.0931907403282e-11,1.880647171395127e-09
ANs,432.2127,2.790714e-08,2.6956378260003633e-08,-1.0733839657342624e-08,3.857812533690593e-08,3.762736359690957e-08,9.930689969711887e-10,4.230725697482788e-11,2.054706346186611e-11,9.507617399963679e-10
ANs,432.2615,2.63305e-08,2.6517897600432003e-08,-1.0653800687727275e-08,3.69233210213551e-08,3.7110718621787104e-08,-1.4657233136846453e-10,4.082526906353833e-11,2.0154397308634723e-11,-1.8739760043200464e-10
ANs,432.3102,2.377366e-08,2.6087724230894468e-08,-1.0574429038340118e-08,3.428894471902382e-08,3.660300894991829e-08,-2.274686792939211e-09,3.937743795525595e-11,1.976688136103623e-11,-2.3140642308944686e-09
ANs,432.359,2.915511e-08,2.567284682596503e-08,-1.0495544546724391e-08,3.959329146205487e-08,3.61110282880199e-08,3.5202295121344416e-09,3.796633809947532e-11,1.9396746570044492e-11,3.4822631740349715e-09
ANs,432.4077,2.622827e-08,2.5280206531236755e-08,-1.0416959338680033e-08,3.65895845690653e-08,3.5641521100302054e-08,9.84653298581864e-10,3.6589829818616945e-11,1.9054939796117718e-11,9.48063468763243e-10
ANs,432.4565,2.790892e-08,2.491657018000244e-08,-1.0338482627388578e-08,3.819340858959382e-08,3.520105876959626e-08,3.027593138030198e-09,3.5243318032636064e-11,1.8750719762123004e-11,2.992349819997558e-09
ANs,432.5052,2.230477e-08,2.458840832806869e-08,-1.0259925585622545e-08,3.2512282312514226e-08,3.479592064058291e-08,-2.249716381300238e-09,3.3921946768444304e-11,1.849132633988035e-11,-2.2836383280686913e-09
ANs,432.5539,2.690874e-08,2.4301854218232968e-08,-1.0181106168202096e-08,3.703894186537187e-08,3.443205608360483e-08,2.6395083228546657e-09,3.262254108763305e-11,1.828176174260398e-11,2.6068857817670316e-09
ANs,432.6027,2.578362e-08,2.4062628364038435e-08,-1.010185376311591e-08,3.5836004491497557e-08,3.411501285553599e-08,1.7523363003569262e-09,3.1344664395359746e-11,1.8124607222998563e-11,1.7209916359615646e-09
ANs,432.6514,2.578334e-08,2.3875942632124346e-08,-1.0022013554042996e-08,3.5757242900543167e-08,3.384984553266752e-08,1.9374881004255657e-09,3.0090732549918317e-11,1.8019920949909276e-11,1.907397367875653e-09
ANs,432.7001,2.486539e-08,2.3746432089783562e-08,-9.94145048428828e-09,3.476000963430801e-08,3.364105172409157e-08,1.1478234876854708e-09,2.886557746903218e-11,1.7965272511237735e-11,1.118957910216438e-09
ANs,432.7489,2.650425e-08,2.367796830623848e-08,-9.860052722193804e-09,3.63186716627426e-08,3.349238996898108e-08,2.853956870278244e-09,2.7675176516727307e-11,1.79558829344717e-11,2.82628169376152e-09
ANs,432.7976,2.592988e-08,2.3673498523932616e-08,-9.777734540656271e-09,3.5663104064986445e-08,3.3406722588919066e-08,2.2829069911308055e-09,2.6525515063424132e-11,1.7984960606396878e-11,2.256381476067383e-09
ANs,432.8463,2.411064e-08,2.3734860345261722e-08,-9.694438538152907e-09,3.376161254492349e-08,3.338583289018521e-08,4.0120145832019647e-10,2.5421803581918312e-11,1.804418964750037e-11,3.7577965473827874e-10
ANs,432.8951,2.531839e-08,2.3862585684959714e-08,-9.610137145279563e-09,3.488603483999538e-08,3.343023052495509e-08,1.4801722558166548e-09,2.4367940776373084e-11,1.8124364507815755e-11,1.4558043150402864e-09
ANs,432.9438,2.559181e-08,2.4055775664927992e-08,-9.524833378818413e-09,3.507506049966407e-08,3.353902616459206e-08,1.5594011078803327e-09,2.336677280833018e-11,1.8216106346014675e-11,1.5360343350720087e-09
ANs,432.9925,2.542542e-08,2.431204759639976e-08,-9.43856082432391e-09,3.482324973568572e-08,3.3709877332085487e-08,1.1357928939993137e-09,2.242049039908057e-11,1.8310598239101195e-11,1.1133724036002385e-09
ANs,433.0413,2.489453e-08,2.462755835073754e-08,-9.351382847665927e-09,3.420598130657985e-08,3.393900965731739e-08,2.885029609458855e-10,2.1531311683427598e-11,1.8400229402647643e-11,2.669716492624627e-10
ANs,433.09,2.627264e-08,2.4997165335429072e-08,-9.263391055408593e-09,3.549685028748941e-08,3.422137562291848e-08,1.2961763152713576e-09,2.0701650700430292e-11,1.847911721875786e-11,1.2754746645709285e-09
ANs,433.1387,2.813411e-08,2.541466681326195e-08,-9.174703042841504e-09,3.727033558801457e-08,3.455089240127652e-08,2.7393772273768692e-09,1.993404063881735e-11,1.854341418811815e-11,2.71944318673805e-09
ANs,433.1874,2.692513e-08,2.5873072649231414e-08,-9.085459486439546e-09,3.597276742214152e-08,3.4920710071372934e-08,1.0712880209418797e-09,1.9230670173289763e-11,1.85913941247365e-11,1.0520573507685858e-09
ANs,433.2362,2.623415e-08,2.6364985267152435e-08,-8.99582065405577e-09,3.51927548249458e-08,3.532359009209824e-08,-1.1224278906708031e-10,1.8592478085355245e-11,1.8623351024611982e-11,-1.3083526715243463e-10
ANs,433.2849,2.743325e-08,2.6882898929731057e-08,-8.905962420831776e-09,3.630255264679068e-08,3.575220157652174e-08,5.683695234873956e-10,1.8018453218456456e-11,1.864132082263355e-11,5.503510702689411e-10
ANs,433.3336,2.735552e-08,2.7419496363600117e-08,-8.816071891271773e-09,3.613543804966329e-08,3.619941441326341e-08,-4.6471230043058106e-11,1.750513355706257e-11,1.8648708051418476e-11,-6.397636360011785e-11
ANs,433.3823,2.790871e-08,2.7967890308475245e-08,-8.726342737855962e-09,3.6599356287221974e-08,3.6658536595697224e-08,-4.213372560953087e-11,1.7046582865721597e-11,1.864986776826317e-11,-5.918030847524653e-11
ANs,433.431,2.92723e-08,2.852169756824351e-08,-8.636970373715201e-09,3.7873985720394935e-08,3.712338328863845e-08,7.672373910619652e-10,1.6634959305476215e-11,1.8649694014785688e-11,7.506024317564896e-10
ANs,433.4798,3.042153e-08,2.907517601988592e-08,-8.548147081072882e-09,3.893476254521232e-08,3.758840856509824e-08,1.3626152644612853e-09,1.626128434720963e-11,1.8653251513354822e-11,1.346353980114083e-09
ANs,433.5285,3.040388e-08,2.9623094654535045e-08,-8.460057218274743e-09,3.882935525471803e-08,3.804856990925307e-08,7.967018434070815e-10,1.5916497942126156e-11,1.8665465614593397e-11,7.807853454649549e-10
ANs,433.5772,3.186097e-08,3.016072159380103e-08,-8.37287262624636e-09,4.019955958017123e-08,3.849931117397225e-08,1.7158405746179355e-09,1.5592168418955376e-11,1.869087765617338e-11,1.7002484061989727e-09
ANs,433.6259,3.40856e-08,3.06836198021976e-08,-8.28674835018985e-09,4.233833394579826e-08,3.893635374799586e-08,3.4172611367235822e-09,1.5280938921178066e-11,1.8733465470415055e-11,3.4019801978024027e-09
ANs,433.6746,3.090647e-08,3.1187600057521524e-08,-8.201818784383698e-09,3.9074515853084745e-08,3.9355645910606265e-08,-2.661536709979971e-10,1.4976386523522895e-11,1.879654477543437e-11,-2.811300575215205e-10
ANs,433.7233,3.141428e-08,3.1668492381751854e-08,-8.118194337282414e-09,3.949891893062887e-08,3.975313131238072e-08,-2.395397172254288e-10,1.4672664526420927e-11,1.8882742127129e-11,-2.5421238175185144e-10
ANs,433.772,3.436065e-08,3.21221221296164e-08,-8.035958700994944e-09,4.236325072509839e-08,4.012472285471479e-08,2.2528917660773585e-09,1.4363895693753647e-11,1.899408020279644e-11,2.2385278703836033e-09
ANs,433.8207,3.064429e-08,3.2544220298517294e-08,-7.955166793983296e-09,3.8566280826259814e-08,4.046621112477711e-08,-1.8858864790347563e-09,1.4043819482541064e-11,1.9132148240938508e-11,-1.899930298517295e-09
ANs,433.8694,3.207689e-08,3.293045964151793e-08,-7.87584342884971e-09,3.991972925708993e-08,4.077329889860786e-08,-8.398638321175695e-10,1.3705809400358725e-11,1.9298362359416443e-11,-8.535696415179261e-10
ANs,433.9181,3.500664e-08,3.3276587169449436e-08,-7.797982738800004e-09,4.27717850592042e-08,4.1041732228653624e-08,1.7433962317000046e-09,1.334340114943186e-11,1.9494278446375622e-11,1.7300528305505659e-09
ANs,433.9668,3.571055e-08,3.357860500666177e-08,-7.721548377242846e-09,4.339942518394011e-08,4.1267480190601884e-08,2.144896341145501e-09,1.2951347807272676e-11,1.972184549546199e-11,2.131944993338226e-09
ANs,434.0155,3.491485e-08,3.3833138857396574e-08,-7.646474485492837e-09,4.252881407121023e-08,4.144710292860681e-08,1.094237957874199e-09,1.25268152707838e-11,1.9983599011818703e-11,1.0817111426034229e-09
ANs,434.0642,3.249178e-08,3.4037848813202704e-08,-7.572667404179728e-09,4.0032094225310077e-08,4.157816303851278e-08,-1.5339982738868843e-09,1.2070539315821864e-11,2.028263955382675e-11,-1.546068813202704e-09
ANs,434.1129,3.386297e-08,3.4191911958626905e-08,-7.500008085216066e-09,4.1330768153802006e-08,4.165971011242892e-08,-3.1735436321285214e-10,1.1587595414061912e-11,2.062233599999788e-11,-3.2894195862690453e-10
ANs,434.1616,3.474784e-08,3.4296557512852695e-08,-7.428355143513134e-09,4.2144101915909715e-08,4.1692819428762413e-08,4.623698829022147e-10,1.1087395754911419e-11,2.1005831848507117e-11,4.5128248714730826e-10
ANs,434.2103,3.450931e-08,3.435552428640322e-08,-7.3575484715057625e-09,4.1834840173111835e-08,4.1681054459515055e-08,1.6436875252594648e-10,1.0583038929167969e-11,2.143525946476002e-11,1.537857135967801e-10
ANs,434.259,3.491383e-08,3.437541765831788e-08,-7.287413325357276e-09,4.216924252489249e-08,4.1630830183210364e-08,5.485022535108538e-10,1.0089911828725351e-11,2.191088863606475e-11,5.38412341682126e-10
ANs,434.3077,3.589508e-08,3.436587438254102e-08,-7.21776477982382e-09,4.308079059770754e-08,4.1551584980248565e-08,1.5388295695616692e-09,9.623952102694612e-12,2.2430230013588064e-11,1.5292056174589763e-09
ANs,434.3564,3.472331e-08,3.433949002780656e-08,-7.148412439462766e-09,4.1839535318295285e-08,4.145571534610185e-08,3.930197456710672e-10,9.199773477631603e-12,2.2987347689850594e-11,3.838199721934378e-10
ANs,434.4051,3.367501e-08,3.431147369945092e-08,-7.079165287406955e-09,4.072177376117136e-08,4.135823746062228e-08,-6.276346566708618e-10,8.829042780062818e-12,2.3572483455530594e-11,-6.364636994509213e-10
ANs,434.4538,3.541261e-08,3.429902889122808e-08,-7.0098365494583104e-09,4.23897550876598e-08,4.127617397888788e-08,1.122100449093223e-09,8.519340321301273e-12,2.4172121477210356e-11,1.1135811087719226e-09
ANs,434.5025,3.415649e-08,3.432047911046448e-08,-6.9402484508680866e-09,4.106369525069346e-08,4.1227684361157937e-08,-1.5571550029137124e-10,8.273610173108656e-12,2.476959000151883e-11,-1.639891104644788e-10
ANs,434.5512,3.540043e-08,3.4394207752710885e-08,-6.8702367458765905e-09,4.2237230421191775e-08,4.123100817390266e-08,1.0143125074348188e-09,8.090260145703326e-12,2.5346064539109013e-11,1.0062222472891122e-09
ANs,434.5999,3.283715e-08,3.453745828447008e-08,-6.799654905814332e-09,3.9602959177673715e-08,4.1303267462143795e-08,-1.6923445527953437e-09,7.963731674741216e-12,2.5881996465876655e-11,-1.7003082844700804e-09
ANs,434.6485,3.465957e-08,3.476509418236828e-08,-6.7283778601749275e-09,4.135370367225976e-08,4.145922785462804e-08,-9.763876813712452e-11,7.88541423115299e-12,2.6358773684020722e-11,-1.0552418236827959e-10
ANs,434.6972,3.438321e-08,3.508839713529123e-08,-6.656305196340435e-09,4.1004910120775463e-08,4.17100972560667e-08,-6.97342390021336e-10,7.844745269901713e-12,2.676033029507103e-11,-7.051871352912345e-10
ANs,434.7459,3.387274e-08,3.551399419271157e-08,-6.583363737288142e-09,4.042119880386516e-08,4.2062452996576735e-08,-1.633423873928306e-09,7.830318783261971e-12,2.70746146397151e-11,-1.6412541927115722e-09
ANs,434.7946,3.639144e-08,3.604300284632589e-08,-6.509509432290109e-09,4.2865823839135677e-08,4.2517386685461565e-08,3.562680757166187e-10,7.83092204250567e-12,2.729467111192434e-11,3.484371536741117e-10
ANs,434.8433,3.460762e-08,3.6670515620337184e-08,-6.434728512937453e-09,4.1007092832653214e-08,4.30699884529904e-08,-2.055059189854226e-09,7.8364304829598e-12,2.7419249801280324e-11,-2.0628956203371848e-09
ANs,434.8919,3.549801e-08,3.738541233294564e-08,-6.3590378853438945e-09,4.1821756513417285e-08,4.3709158846362926e-08,-1.879563810290581e-09,7.838522655060474e-12,2.745284927155294e-11,-1.8874023329456408e-09
ANs,434.9406,3.774904e-08,3.8170633391435316e-08,-6.2824847486403734e-09,4.399628828097601e-08,4.441788167241132e-08,-4.1376220732579596e-10,7.831184109515458e-12,2.7405283554852234e-11,-4.2159339143531387e-10
ANs,434.9893,3.723274e-08,3.900394290296654e-08,-6.205145449379186e-09,4.340278365106671e-08,4.5173986554033246e-08,-1.7633919291135529e-09,7.81097385298399e-12,2.729082445949757e-11,-1.7712029029665376e-09
ANs,435.038,3.988064e-08,3.985897593953975e-08,-6.127123600730236e-09,4.597285948010348e-08,4.595119541964323e-08,2.944109545782531e-11,7.777034997576676e-12,2.712708562919085e-11,2.1664060460249494e-11
ANs,435.0866,4.033807e-08,4.070683793519461e-08,-6.0485475138879065e-09,4.635195290337055e-08,4.672072083856516e-08,-3.610370913696832e-10,7.730843824924803e-12,2.693376669243595e-11,-3.6876793519460806e-10
ANs,435.1353,4.144254e-08,4.1517828179849956e-08,-5.969567006447497e-09,4.737769984950045e-08,4.7452988029350404e-08,-6.761244583767089e-11,7.67573401227987e-12,2.6731422934770225e-11,-7.528817984995462e-11
ANs,435.184,4.080864e-08,4.2263211088937543e-08,-5.8903496682179035e-09,4.6664833008677705e-08,4.8119404097615245e-08,-1.4469548141539521e-09,7.616274783590514e-12,2.6540384756614114e-11,-1.4545710889375407e-09
ANs,435.2327,4.284063e-08,4.2917114837472833e-08,-5.8110766786163e-09,4.861776927975465e-08,4.869425411722748e-08,-6.892725118209366e-11,7.55758629074268e-12,2.6379812570909646e-11,-7.648483747283272e-11
ANs,435.2813,4.338077e-08,4.345805201985431e-08,-5.731938281095931e-09,4.907893655068932e-08,4.915621857054362e-08,-6.977729003985549e-11,7.504729814445803e-12,2.626700059217032e-11,-7.728201985430523e-11
ANs,435.33,4.298738e-08,4.38701973044873e-08,-5.6531290287050375e-09,4.8606829936715434e-08,4.9489647241202735e-08,-8.753550558367066e-10,7.462248650596375e-12,2.621684333901336e-11,-8.82817304487301e-10
ANs,435.3787,4.640033e-08,4.414423234890483e-08,-5.5748429206450565e-09,5.1941497542424743e-08,4.968539989132958e-08,2.263531565256736e-09,7.43391416156973e-12,2.62414640587444e-11,2.2560976510951666e-09
ANs,435.4273,4.402659e-08,4.427766547611632e-08,-5.497268552444466e-09,4.9490085893259683e-08,4.9741161369376004e-08,-2.4365280076754476e-10,7.422675348776262e-12,2.634998383600466e-11,-2.510754761163205e-10
ANs,435.476,4.466649e-08,4.4274696796817486e-08,-5.420584402021219e-09,5.005309525880362e-08,4.96613020556211e-08,3.9922394185351857e-10,7.430738671004872e-12,2.6548404546597835e-11,3.917932031825159e-10
ANs,435.5246,4.482629e-08,4.414559218048354e-08,-5.344954370480834e-09,5.0136945025555626e-08,4.945624720603917e-08,6.881575113690498e-10,7.459691852595585e-12,2.6839653072615463e-11,6.806978195164572e-10
ANs,435.5733,4.199206e-08,4.390567309572052e-08,-5.270523690074777e-09,4.722784935671241e-08,4.9141462452432926e-08,-1.9061025222235094e-09,7.51057349700783e-12,2.7223759865363944e-11,-1.9136130957205188e-09
ANs,435.622,4.161535e-08,4.357395866680964e-08,-5.197415302487048e-09,4.677748314373671e-08,4.873609181054635e-08,-1.9510248285950614e-09,7.583838214582618e-12,2.7698320535756108e-11,-1.95860866680964e-09
ANs,435.6706,4.234191e-08,4.317161814488815e-08,-5.125726798759007e-09,4.7431698411003005e-08,4.8261406555891155e-08,-8.220289314244359e-10,7.679213463713111e-12,2.8259174292288046e-11,-8.297081448881498e-10
ANs,435.7193,4.295346e-08,4.272042562803212e-08,-5.0555279980025325e-09,4.797229125464647e-08,4.7739256882678586e-08,2.408298696326767e-10,7.795497664788429e-12,2.8901245691269122e-11,2.330343719678852e-10
ANs,435.7679,4.262888e-08,4.224118857687452e-08,-4.9868592259466086e-09,4.757818912198528e-08,4.7190497698859804e-08,3.956218636356672e-10,7.930440510185417e-12,2.9619663451140845e-11,3.8769142312547594e-10
ANs,435.8166,4.283863e-08,4.1752505638086265e-08,-4.9197303367183576e-09,4.7719868794029984e-08,4.663374443211625e-08,1.0942051453345076e-09,8.080783420774876e-12,3.0410759267592754e-11,1.0861243619137332e-09
ANs,435.8652,3.780594e-08,4.126980570020204e-08,-4.854120502521208e-09,4.262054498433248e-08,4.6084410684534516e-08,-3.4556231167199327e-09,8.242583482108687e-12,3.127293470662456e-11,-3.4638657002020395e-09
ANs,435.9139,4.148768e-08,4.080476620361434e-08,-4.789978776512777e-09,4.6237039767760624e-08,4.5554125971374964e-08,6.91325646990629e-10,8.4118506049662e-12,3.2207158147186837e-11,6.8291379638566e-10
ANs,435.9625,3.942228e-08,4.036520834257852e-08,-4.7272254146912966e-09,4.41077032332401e-08,4.5050631575818625e-08,-9.34342921575536e-10,8.585421002989744e-12,3.321676044820573e-11,-9.429283425785257e-10
ANs,436.0112,3.862106e-08,3.995531872251356e-08,-4.66575392346341e-09,4.3243745406806805e-08,4.457800412932036e-08,-1.32549675780463e-09,8.761964708925961e-12,3.43065519476775e-11,-1.3342587225135587e-09
ANs,436.0598,3.988177e-08,3.957617747943185e-08,-4.6054337812703924e-09,4.444277971268511e-08,4.413718719211696e-08,3.14535439657845e-10,8.942919089698422e-12,3.548114949557962e-11,3.055925205681507e-10
ANs,436.1085,3.881742e-08,3.9226426988787114e-08,-4.5461137656555765e-09,4.33176578508365e-08,4.3726664839623616e-08,-3.9987382735260606e-10,9.13316143450814e-12,3.674275338457026e-11,-4.090069887871163e-10
ANs,436.1571,3.745987e-08,3.890304599145173e-08,-4.487625801891535e-09,4.19000661903483e-08,4.334324218180004e-08,-1.4338347924204167e-09,9.341199031323234e-12,3.8088412511908014e-11,-1.4431759914517352e-09
ANs,436.2058,3.825825e-08,3.8602050267032265e-08,-4.4297892361360456e-09,4.2638952891168876e-08,4.298275315820115e-08,-3.3422143273935467e-10,9.57883429291982e-12,3.9507510674239336e-11,-3.438002670322672e-10
ANs,436.2544,3.679807e-08,3.831907785770335e-08,-4.372415425382768e-09,4.1119645176845335e-08,4.2640653034548684e-08,-1.5111474827550363e-09,9.860374948312418e-12,4.097987358912233e-11,-1.5210078577033486e-09
ANs,436.3031,3.938686e-08,3.804981087653283e-08,-4.315312528485476e-09,4.3649496954516705e-08,4.231244783104953e-08,1.34725038540402e-09,1.0201261936845527e-11,4.247431203192668e-11,1.337049123467175e-09
ANs,436.3517,3.940597e-08,3.779020038615023e-08,-4.258290377465404e-09,4.36096944971355e-08,4.1993924883285733e-08,1.6263862543867529e-09,1.0616640536984613e-11,4.394923979291579e-11,1.6157696138497683e-09
ANs,436.4003,3.772802e-08,3.7536668173544e-08,-4.201165306287064e-09,4.1872711476537604e-08,4.168135965008161e-08,2.0247161889049128e-10,1.1119792434494019e-11,4.5354037314972426e-11,1.9135182645599662e-10
ANs,436.449,3.500859e-08,3.728609862258341e-08,-4.14376481536026e-09,3.909400162700153e-08,4.137151024958494e-08,-2.2657877279869103e-09,1.1720894596496344e-11,4.663229376223155e-11,-2.2775086225834083e-09
ANs,436.4976,3.673734e-08,3.7035789717431186e-08,-4.0859319541676e-09,4.076311984495098e-08,4.1061569562382164e-08,-2.860235716256876e-10,1.2426145805492318e-11,4.772596341113113e-11,-2.984497174311835e-10
ANs,436.5462,3.801039e-08,3.678338270531222e-08,-4.027529311523442e-09,4.197610203734588e-08,4.07490947426581e-08,1.2402445842577323e-09,1.3237289569954577e-11,4.857998460761186e-11,1.227007294687779e-09
ANs,436.5949,3.748359e-08,3.6526721662104705e-08,-3.968442512862555e-09,4.1388733815841275e-08,4.043186547794598e-08,9.7101999445684e-10,1.415165656154793e-11,4.914704045973675e-11,9.568683378952971e-10
ANs,436.6435,3.857319e-08,3.6263778307212545e-08,-3.908583136385357e-09,4.241721925479363e-08,4.0107807562006174e-08,2.3245740549888487e-09,1.5162362201397304e-11,4.939151939033099e-11,2.309411692787453e-09
ANs,436.6921,3.652159e-08,3.599250544638298e-08,-3.847890974538404e-09,4.030392941516934e-08,3.977484486155232e-08,5.45343509523679e-10,1.6258955906655762e-11,4.929260346240663e-11,5.290845536170199e-10
ANs,436.7408,3.684982e-08,3.571077674385555e-08,-3.786335583814054e-09,4.0569881695904446e-08,3.943083843976e-08,1.1564713187620381e-09,1.742806261758743e-11,4.8845825292017005e-11,1.139043256144449e-09
ANs,436.7894,3.629867e-08,3.54164078940323e-08,-3.72391708379599e-09,3.9955869795191214e-08,3.9073607689223516e-08,9.009160926996189e-10,1.86539867319168e-11,4.806330187285526e-11,8.822621059676979e-10
ANs,436.838,3.449262e-08,3.510717114371301e-08,-3.6606661853052187e-09,3.8086393969526766e-08,3.870094511323978e-08,-5.94631493181444e-10,1.99196505315689e-11,4.6972565246888204e-11,-6.145511437130113e-10
ANs,436.8866,3.39283e-08,3.478097454852373e-08,-3.596643446936894e-09,3.7458121695161494e-08,3.8310796243685224e-08,-8.314672145581465e-10,2.1207333965586552e-11,4.5614417809812904e-11,-8.526745485237298e-10
ANs,436.9353,3.383226e-08,3.443607731927424e-08,-3.5319377787321006e-09,3.729765811627503e-08,3.790147543554927e-08,-5.813176653235373e-10,2.2499653950702304e-11,4.4040008506365134e-11,-6.03817319274241e-10
ANs,436.9839,3.328697e-08,3.407134776859902e-08,-3.4666642307097256e-09,3.6687546126218436e-08,3.7471923894817456e-08,-7.605970852476556e-10,2.3780683351365542e-11,4.230742113992918e-11,-7.843777685990198e-10
ANs,437.0325,3.305752e-08,3.368661348901689e-08,-3.400961122013608e-09,3.639296576601372e-08,3.702205925503061e-08,-6.040565833688504e-10,2.503690564803528e-11,4.047845035184551e-11,-6.29093489016888e-10
ANs,437.0811,3.335917e-08,3.3282830611027664e-08,-3.3349865830544367e-09,3.662928303549545e-08,3.655294364652311e-08,1.0259801907299348e-10,2.6258630100654008e-11,3.8614917458339153e-11,7.633938897233825e-11
ANs,437.1298,3.352373e-08,3.2862348036319256e-08,-3.2689145978253408e-09,3.6728427767849075e-08,3.606704580416833e-08,6.888227874953223e-10,2.744082381457312e-11,3.677600616169948e-11,6.61381963680747e-10
ANs,437.1784,3.25356e-08,3.2428905598625704e-08,-3.2029306461716886e-09,3.5674930971170725e-08,3.556823656979643e-08,1.3527862959283014e-10,2.8584228218533445e-11,3.5015446782426e-11,1.0669440137429517e-10
ANs,437.227,2.957266e-08,3.198750892924793e-08,-3.1372270558814335e-09,3.264681152731026e-08,3.506166045655819e-08,-2.3851527615204647e-09,2.969616772746722e-11,3.3379360843711543e-11,-2.414848929247927e-09
ANs,437.2756,3.366385e-08,3.154415785344663e-08,-3.0719981817783617e-09,3.6673152362674046e-08,3.4553460216120674e-08,2.1504832301155397e-09,3.0791083562167347e-11,3.1904735542147855e-11,2.119692146553372e-09
ANs,437.3242,3.18648e-08,3.1105501278434914e-08,-3.007435533362164e-09,3.4809726214651295e-08,3.405042749308621e-08,7.911893210299878e-10,3.1890599464901356e-11,3.061871924596461e-11,7.592987215650829e-10
ANs,437.3728,3.044601e-08,3.067829020027972e-08,-2.94372297383645e-09,3.332717131417988e-08,3.3559451514459606e-08,-1.9925681765445275e-10,3.3023382625272184e-11,2.953827703129615e-11,-2.3228020027972437e-10
ANs,437.4214,2.918246e-08,3.026892974192223e-08,-2.881032111566034e-09,3.2000596996733004e-08,3.308706673865523e-08,-1.052245595036414e-09,3.422414688580975e-11,2.8670967947221156e-11,-1.0864697419222312e-09
ANs,437.4701,2.974714e-08,2.9883019850126947e-08,-2.8195180001532976e-09,3.250310966833696e-08,3.263898951846391e-08,-1.0034780647813703e-10,3.553204364881066e-11,2.8016288167524692e-11,-1.358798501269467e-10
ANs,437.5187,2.885953e-08,2.9525013842275867e-08,-2.759315255542631e-09,3.155428933259994e-08,3.2219773174875806e-08,-6.284956467906061e-10,3.698819548525346e-11,2.756772745743602e-11,-6.654838422758661e-10
ANs,437.5673,2.931946e-08,2.919798753529803e-08,-2.7005346880478442e-09,3.195404688770315e-08,3.183257442300118e-08,1.601049892357794e-10,3.863252453380764e-11,2.7315275810886497e-11,1.214724647019715e-10
ANs,437.6159,2.852056e-08,2.8903610431161257e-08,-2.643260534215342e-09,3.109607251646719e-08,3.1479122947628446e-08,-3.4255063617606e-10,4.0499794985191574e-11,2.724822276296167e-11,-3.8305043116125724e-10
ANs,437.6645,2.64333e-08,2.8642201557788898e-08,-2.587548358312855e-09,2.895087498477268e-08,3.115977654256158e-08,-2.1662859743077697e-09,4.2615583481125164e-11,2.7357790059047852e-11,-2.208901557788899e-09
ANs,437.7131,3.017256e-08,2.84129916903036e-08,-2.5334236763510776e-09,3.263335235409887e-08,3.087378404440247e-08,1.8045603149172618e-09,4.499200522086553e-11,2.7639317031338963e-11,1.7595683096964e-09
ANs,437.7617,2.98704e-08,2.8214392394067163e-08,-2.4808813373291128e-09,3.227556309839173e-08,3.061955549245889e-08,1.703632253191358e-09,4.7624647258521555e-11,2.8093591678863534e-11,1.6560076059328347e-09
ANs,437.8103,2.725073e-08,2.8044412932440032e-08,-2.4298856773037092e-09,2.9601398378356478e-08,3.039508131079651e-08,-7.43192657882414e-10,5.0490274557617994e-11,2.8727024389613502e-11,-7.93682932440032e-10
ANs,437.8589,2.784342e-08,2.7901060876580966e-08,-2.3803714423978757e-09,3.014069420639803e-08,3.019833508297899e-08,-4.094176556819488e-12,5.3546700024142035e-11,2.955053597571082e-11,-5.764087658096434e-11
ANs,437.9075,2.882081e-08,2.7782807595047345e-08,-2.3322454574781696e-09,3.1065744462982637e-08,3.002774205802998e-08,1.0947364347335319e-09,5.673402978087607e-11,3.057696471465758e-11,1.0380024049526545e-09
ANs,437.9561,3.018074e-08,2.768897988748882e-08,-2.2853889984302103e-09,3.2374332687947986e-08,2.988257257543681e-08,2.5517389027680836e-09,5.997879025690457e-11,3.181752022531491e-11,2.491760112511181e-09
ANs,438.0047,2.673272e-08,2.7620151124747244e-08,-2.239660808223033e-09,2.8875903949785676e-08,2.9763335074532925e-08,-8.242316934206028e-10,6.319943132664699e-11,3.327742711070762e-11,-8.874311247472455e-10
ANs,438.0533,2.821471e-08,2.7578464602306206e-08,-2.194900680721712e-09,3.030834640543306e-08,2.9672101007739266e-08,7.025583652657675e-10,6.631296757197001e-11,3.4951307716682205e-11,6.362453976937927e-10
ANs,438.1019,3.084466e-08,2.7567831450082095e-08,-2.150933521893825e-09,3.288953088065507e-08,2.9612702330737163e-08,3.3460716646926065e-09,6.924311477470054e-11,3.68195264640546e-11,3.276828549917905e-09
ANs,438.1505,2.840907e-08,2.7594031038126566e-08,-2.107573786019209e-09,3.040587060216067e-08,2.959083164028724e-08,8.869665698130155e-10,7.192760793958095e-11,3.884557591895494e-11,8.150389618734326e-10
ANs,438.1991,3.205502e-08,2.766464433775386e-08,-2.0646301750581014e-09,3.4004349492864186e-08,2.961397383061804e-08,4.464700736866692e-09,7.432507462054794e-11,4.0975607573372333e-11,4.390375662246137e-09
ANs,438.2476,2.879224e-08,2.778882198581705e-08,-2.021910482697886e-09,3.069458958342497e-08,2.9691171569242016e-08,1.0798384956930428e-09,7.642048151008965e-11,4.314041776282811e-11,1.0034180141829513e-09
ANs,438.2962,2.97071e-08,2.7976873491379267e-08,-1.9792264609512022e-09,3.156283851551562e-08,2.983261200689488e-08,1.8084548973937853e-09,7.822838877304876e-11,4.5259556662535995e-11,1.7302265086207347e-09
ANs,438.3448,2.650787e-08,2.8239678908913465e-08,-1.936398586609488e-09,2.8317226699112282e-08,3.004903560802575e-08,-1.6520145823560342e-09,7.979432655743529e-11,4.724756093977431e-11,-1.7318089089134655e-09
ANs,438.3934,2.946054e-08,2.8587946286464948e-08,-1.89326060738096e-09,3.1223585282840824e-08,3.035099156930578e-08,9.537877414203578e-10,8.11940278853072e-11,4.902129665482248e-11,8.725937135350523e-10
ANs,438.442,2.89359e-08,2.9031376438846123e-08,-1.8496637530965018e-09,3.065252524318154e-08,3.074800168202766e-08,-1.2945500746582465e-11,8.253093809953874e-11,5.05075718154232e-11,-9.54764388461236e-11
ANs,438.4906,2.988823e-08,2.9577746926969975e-08,-1.8054805058112836e-09,3.155812883551141e-08,3.124764576248138e-08,3.94415156910008e-10,8.393208387997588e-11,5.164958641989925e-11,3.104830730300285e-10
ANs,438.5392,2.758237e-08,3.023203207911186e-08,-1.7606078337508561e-09,2.9205023191673712e-08,3.1854685270785566e-08,-2.564119118332902e-09,8.554296077895022e-11,5.241168129819482e-11,-2.649662079111857e-09
ANs,438.5877,2.904507e-08,3.0995620540926284e-08,-1.7149698075680883e-09,3.0619736694244245e-08,3.257028723517053e-08,-1.863028988075438e-09,8.752155285084328e-11,5.278156047299739e-11,-1.9505505409262855e-09
ANs,438.6363,3.088989e-08,3.1865777856751883e-08,-1.6685195329502167e-09,3.241560771049838e-08,3.339149556725026e-08,-8.858559524966776e-10,9.003190425520507e-11,5.2769918196630816e-11,-9.758878567518847e-10
ANs,438.6849,3.10367e-08,3.283530229860522e-08,-1.6212403508515285e-09,3.251229566845023e-08,3.431089796705545e-08,-1.7053652974039168e-09,9.323700120130039e-11,5.240768119999183e-11,-1.7986022986052203e-09
ANs,438.7335,3.196774e-08,3.38925560177659e-08,-1.5731462750915171e-09,3.339185325249013e-08,3.531666927025603e-08,-1.8275246679504113e-09,9.72913498154934e-11,5.1741672785898545e-11,-1.9248160177659006e-09
ANs,438.782,3.422563e-08,3.5021898991274765e-08,-1.5242816562859344e-09,3.559674880792069e-08,3.6393017799195454e-08,-6.939355363302196e-10,1.0233345494454083e-10,5.0829393420707594e-11,-7.962689912747656e-10
ANs,438.8306,3.466198e-08,3.620434532502885e-08,-1.4747200805836063e-09,3.5978488396539695e-08,3.752085372156854e-08,-1.4338875451720226e-09,1.0847777985682281e-10,4.973390418709249e-11,-1.5423653250288447e-09
ANs,438.8792,3.632886e-08,3.741856598351571e-08,-1.4245625309738964e-09,3.7589096029960764e-08,3.8678802013476474e-08,-9.73898855275577e-10,1.1580712824013351e-10,4.851937277299463e-11,-1.0897059835157106e-09
ANs,438.9278,3.824669e-08,3.864203485389981e-08,-1.3739348575216366e-09,3.9449011598375214e-08,3.9844356452275026e-08,-2.709793039715303e-10,1.243655499282777e-10,4.7247709218143316e-11,-3.9534485389981196e-10
ANs,438.9763,3.76014e-08,3.985231441925931e-08,-1.3229846203095217e-09,3.874425534940827e-08,4.099516976866758e-08,-2.1167614000108113e-09,1.3415301924849662e-10,4.597625165275524e-11,-2.2509144192593097e-09
ANs,439.0249,4.094221e-08,4.102813929499655e-08,-1.2718773846832368e-09,4.2024209934000014e-08,4.211013922899657e-08,5.919159573856625e-11,1.451208907351186e-10,4.475655994809826e-11,-8.592929499655375e-11
ANs,439.0735,4.196916e-08,4.215042037279998e-08,-1.2207925622029047e-09,4.2989148885243506e-08,4.317040925804348e-08,-2.409044095995547e-11,1.571699318400226e-10,4.36337451193785e-11,-1.8126037279997582e-10
ANs,439.122,4.293922e-08,4.320294114924757e-08,-1.1699189021582225e-09,4.3896342627863405e-08,4.416006377711097e-08,-9.357101258938413e-11,1.7015013665817606e-10,4.2646137636644433e-11,-2.637211492475646e-10
ANs,439.1706,4.610486e-08,4.4172803271415265e-08,-1.119449747314327e-09,4.699862130950943e-08,4.506656458092469e-08,2.1159202232547287e-09,1.8386349466998663e-10,4.182494313491004e-11,1.9320567285847384e-09
ANs,439.2192,4.440537e-08,4.5050405160360645e-08,-1.0695781734998746e-09,4.523568700188023e-08,4.588072216224088e-08,-4.4696798171337297e-10,1.980671786472768e-10,4.119399297235937e-11,-6.450351603606462e-10
ANs,439.2677,4.517195e-08,4.582921290128952e-08,-1.020492135577152e-09,4.5939192568918335e-08,4.659645547020785e-08,-4.4478277045179025e-10,2.1248013083772705e-10,4.076943582109462e-11,-6.572629012895183e-10
ANs,439.3163,4.910924e-08,4.650530846622061e-08,-9.72369742173273e-10,4.9814256858215523e-08,4.7210325324436136e-08,2.830724732528385e-09,2.267931987490006e-10,4.055968520875235e-11,2.603931533779387e-09
ANs,439.3649,4.792978e-08,4.707667856691761e-08,-9.253747783051361e-10,4.857390809693453e-08,4.772080666385214e-08,1.093782166961536e-09,2.4068073387914427e-10,4.056594749147046e-11,8.531014330823908e-10
ANs,439.4134,4.889623e-08,4.7542724432973844e-08,-8.796525887810059e-10,4.948127670775073e-08,4.8127771140724574e-08,1.607328038173665e-09,2.538224711475139e-10,4.0783409882764704e-11,1.3535055670261535e-09
ANs,439.462,4.833385e-08,4.7903636391377205e-08,-8.353264261657107e-10,4.886204763807972e-08,4.843183402945693e-08,6.961390445463591e-10,2.65925435923564e-10,4.120335216242984e-11,4.302136086227952e-10
ANs,439.5105,4.708493e-08,4.8160180257334956e-08,-7.92494355383953e-10,4.755885257181874e-08,4.86341028291537e-08,-7.984944706049975e-10,2.7675578672996034e-10,4.181599683524726e-11,-1.0752502573349571e-09
ANs,439.5591,4.813871e-08,4.8313671423887616e-08,-7.512267930023846e-10,4.856115100909665e-08,4.873611243298427e-08,1.1121043161639914e-10,2.861718555040188e-10,4.261392840171738e-11,-1.7496142388761705e-10
ANs,439.6076,5.05725e-08,4.8366188458248006e-08,-7.115647432296494e-10,5.094631498209266e-08,4.874000344034067e-08,2.5004658443388947e-09,2.9415430258690437e-10,4.359545855008235e-11,2.2063115417519928e-09
ANs,439.6562,4.730839e-08,4.8320972559762455e-08,-6.735187751080669e-10,4.7636311667604906e-08,4.864889422736736e-08,-7.117529812482695e-10,3.0082957851418393e-10,4.476752898897411e-11,-1.012582559762454e-09
ANs,439.7047,4.773539e-08,4.8182837406026844e-08,-6.370687666838482e-10,4.801983434431057e-08,4.8467281750337406e-08,-1.4097022055284567e-10,3.06477185473991e-10,4.614723689929766e-11,-4.474474060268422e-10
ANs,439.7533,4.770822e-08,4.795847648554733e-08,-6.021644226057611e-10,4.7951105480890026e-08,4.820136196643736e-08,6.12609557397328e-11,3.115174412870642e-10,4.776150042866529e-11,-2.502564855473312e-10
ANs,439.8018,4.558188e-08,4.765644687813684e-08,-5.687265521026675e-10,4.578448359732801e-08,4.7859050475464853e-08,-1.7580887557710465e-09,3.164781223658008e-10,4.964483240885679e-11,-2.074566878136842e-09
ANs,439.8504,4.607865e-08,4.728688996132068e-08,-5.366490751197146e-10,4.624152600764424e-08,4.744976596896492e-08,-8.863010990906312e-10,3.2193886223004917e-10,5.183420524542296e-11,-1.2082399613206809e-09
ANs,439.8989,4.592076e-08,4.686080752275085e-08,-5.058017060348677e-10,4.604373530440675e-08,4.69837828271576e-08,-6.115836268820452e-10,3.2846389586880145e-10,5.436250575931361e-11,-9.40047522750849e-10
ANs,439.9475,4.436801e-08,4.638915657483574e-08,-4.760332472943286e-10,4.445026347223485e-08,4.647141004707059e-08,-1.6846169585131321e-09,3.3652961632260846e-10,5.7250158736872875e-11,-2.021146574835742e-09
ANs,439.996,4.492162e-08,4.588181233813232e-08,-4.471754099282401e-10,4.4961838204988085e-08,4.5922030543120407e-08,-6.137317765944997e-10,3.464605615378259e-10,6.049664340233371e-11,-9.601923381323216e-10
ANs,440.0446,4.544045e-08,4.5346609266754154e-08,-4.1904706462448313e-10,4.543703912459381e-08,4.5343198391347964e-08,4.522255204491029e-10,3.5838478720325587e-10,6.407315282741765e-11,9.384073324584587e-11
ANs,440.0931,4.285946e-08,4.478873967851686e-08,-3.9145881618317977e-10,4.2810786325548494e-08,4.474006600406535e-08,-1.5570644620638504e-09,3.7221521645300734e-10,6.791727418168026e-11,-1.9292796785168573e-09
ANs,440.1416,4.425039e-08,4.421055590658021e-08,-3.642177860214954e-10,4.415501448408841e-08,4.4115180390668615e-08,4.2749592088857235e-10,3.876618274687766e-10,7.19314744643138e-11,3.9834093419792206e-11
ANs,440.1902,4.419795e-08,4.3611898205126956e-08,-3.371324821530503e-10,4.40548250064998e-08,4.3468773211626756e-08,9.903234037630346e-10,4.04271608889988e-10,7.598586676326345e-11,5.860517948730446e-10
ANs,440.2387,4.244976e-08,4.299084865522249e-08,-3.1001763386076575e-10,4.225836126701344e-08,4.2799449922235926e-08,-1.195981161572425e-10,4.214905390652447e-10,7.992582778208892e-11,-5.410886552224882e-10
ANs,440.2873,4.242364e-08,4.23448971897438e-08,-2.826988691722238e-10,4.2184021887772975e-08,4.2105279077516774e-08,5.174766420950893e-10,4.387338318388875e-10,8.35831495603632e-11,7.874281025620015e-11
ANs,440.3358,4.156588e-08,4.16722002399765e-08,-2.5501711720974976e-10,4.127865133441552e-08,4.1384971574392024e-08,3.4913528272428374e-10,4.5545552270078693e-10,8.679026009344138e-11,-1.0632023997650139e-10
ANs,440.3843,4.20278e-08,4.097278013332542e-08,-2.2683262442392404e-10,4.169403283403565e-08,4.063901296736107e-08,1.5262244661706658e-09,4.712045994960908e-10,8.939519089218574e-11,1.0550198666745772e-09
ANs,440.4329,3.764225e-08,4.024938056846437e-08,-1.980284834538913e-10,3.7263341297474656e-08,3.987047186593903e-08,-2.121468886079174e-09,4.856616823851967e-10,9.127550359403922e-11,-2.607130568464371e-09
ANs,440.4814,3.987653e-08,3.950796352253409e-08,-1.6851358564541084e-10,3.945404455662697e-08,3.908547807916106e-08,8.672168348798374e-10,4.98650357413929e-10,9.234867160452093e-11,3.6856647746591e-10
ANs,440.5299,3.937992e-08,3.875762928606995e-08,-1.3822492278827585e-10,3.8915437514495586e-08,3.829314680056554e-08,1.1324199824228104e-09,5.101292684927651e-10,9.25781397999255e-11,6.22290713930048e-10
ANs,440.5784,3.833587e-08,3.80100045719968e-08,-1.0712918004202777e-10,3.7830854055053875e-08,3.7504988627050676e-08,8.460365141744146e-10,5.201710861712172e-10,9.197403881693631e-11,3.258654280031996e-10
ANs,440.627,3.670469e-08,3.727832020572295e-08,-7.522357988944599e-11,3.6160387688439e-08,3.673401789416195e-08,-4.4693143721601904e-11,5.289370620013533e-10,9.058882944909737e-11,-5.736302057229519e-10
ANs,440.6755,3.654038e-08,3.6576188815687755e-08,-4.253595584013887e-11,3.5957746499192146e-08,3.5993555314879904e-08,5.008515364101245e-10,5.366603520978831e-10,8.850910455010405e-11,-3.5808815687757974e-11
ANs,440.724,3.363696e-08,3.591636152077951e-08,-9.12405402607262e-12,3.301659391751009e-08,3.529599543828959e-08,-1.7357563906779838e-09,5.436451301015207e-10,8.584500641446485e-11,-2.279401520779509e-09
ANs,440.7725,3.461024e-08,3.5309566376305e-08,2.4925919702931417e-11,3.395230892205726e-08,3.465163529836226e-08,-1.4904005289351144e-10,5.502863234114862e-10,8.271883482831574e-11,-6.993263763049978e-10
ANs,440.8211,3.410116e-08,3.476370349086459e-08,5.950147055330707e-11,3.340529693502733e-08,3.406784042589192e-08,-1.054367661681345e-10,5.571067246964518e-10,7.925486972291497e-11,-6.625434908645867e-10
ANs,440.8696,3.532699e-08,3.428332703162823e-08,9.446664870230864e-11,3.4592147290067194e-08,3.354848432169542e-08,1.608467958898984e-09,5.648049905272102e-10,7.557107070328178e-11,1.043662968371771e-09
ANs,440.9181,3.073178e-08,3.386952155551168e-08,1.2966547490479248e-10,2.9956040162985385e-08,3.309378171849706e-08,-2.5634406552742858e-09,5.743009002373916e-10,7.177346187243291e-11,-3.137741555511674e-09
ANs,440.9666,3.280721e-08,3.3520078585631145e-08,1.649258714264153e-10,3.198756735523993e-08,3.270043594087108e-08,-1.2610467182678013e-10,5.867639138043615e-10,6.795285952928865e-11,-7.128685856311471e-10
ANs,441.0151,3.194524e-08,3.3229990220558754e-08,2.0006399919717816e-10,3.107738283188406e-08,3.236213305244281e-08,-6.811413465522872e-10,6.036088740064599e-10,6.418429491230832e-11,-1.2847502205587513e-09
ANs,441.0637,3.236914e-08,3.2992062478899804e-08,2.348888918377528e-10,3.1447273346462126e-08,3.207019582536193e-08,3.5275883860197722e-12,6.264500672858181e-10,6.052769441430208e-11,-6.229224788998023e-10
ANs,441.1122,3.34496e-08,3.279760665066684e-08,2.6920726972622957e-10,3.24663537887341e-08,3.181436043940094e-08,1.3090029153716872e-09,6.5700956603853e-10,5.7029375501143235e-11,6.519933493331619e-10
ANs,441.1607,3.144857e-08,3.263718386669213e-08,3.0282841273386344e-10,3.0395039457354855e-08,3.1583653324046985e-08,-4.916363149289328e-10,6.969775517631985e-10,5.3724578148087285e-11,-1.1886138666921293e-09
ANs,441.2092,3.086493e-08,3.2501219442723e-08,3.355689687791945e-10,2.9730871299356394e-08,3.136716074207939e-08,-8.884384325807999e-10,7.47851010142193e-10,5.06387217222211e-11,-1.636289442722997e-09
ANs,441.2577,3.227062e-08,3.2380632148436905e-08,3.6725757696806067e-10,3.104482752936648e-08,3.115483967780338e-08,7.007329190615931e-10,8.107450674984966e-10,4.7789826166960474e-11,-1.10012148436902e-10
ANs,441.3062,3.278161e-08,3.226729510910891e-08,3.9773918876165016e-10,3.145245656084344e-08,3.0938141669952356e-08,1.4005397069817296e-09,8.86224816090643e-10,4.518943430426385e-11,5.143148908910838e-10
ANs,441.3547,3.236712e-08,3.215441149958195e-08,4.2687897822804666e-10,3.092322675830437e-08,3.071051825788632e-08,1.1868792308819383e-09,9.741707304638871e-10,4.28435330036962e-11,2.1270850041804852e-10
ANs,441.4032,3.338096e-08,3.203678168926052e-08,4.5456574279258885e-10,3.181194896501659e-08,3.0467770654277105e-08,2.417870204716078e-09,1.0736918939765955e-09,4.075339821422518e-11,1.344178310739482e-09
ANs,441.4517,3.117828e-08,3.1910923242966946e-08,4.807147087479564e-10,2.9475527040666628e-08,3.020817028363357e-08,4.5047913811679985e-10,1.1831223810837429e-09,3.89158695016753e-11,-7.326432429669467e-10
ANs,441.5002,3.417256e-08,3.177508659113159e-08,5.05269670791852e-10,3.232988701065748e-08,2.9932413601789065e-08,3.6975528395826842e-09,1.3000794307142701e-09,3.7323887836398185e-11,2.3974734088684154e-09
ANs,441.5487,3.115491e-08,3.1629151528138565e-08,5.282044116506679e-10,2.916914801373233e-08,2.964338954187089e-08,9.473491523737004e-10,1.4215906805122636e-09,3.5966894104741154e-11,-4.742415281385642e-10
ANs,441.5972,3.187846e-08,3.1474389727554645e-08,5.495233659977644e-10,2.974980189417725e-08,2.93457316217319e-08,1.948374074619601e-09,1.5443038021742503e-09,3.4830937650728476e-11,4.0407027244535227e-10
ANs,441.6457,3.413008e-08,3.131322738527033e-08,5.692615119278147e-10,3.1862234897125675e-08,2.9045382282396003e-08,4.481536816066072e-09,1.6646842013363984e-09,3.38993896101147e-11,2.816852614729672e-09
ANs,441.6942,3.059522e-08,3.114892117552845e-08,5.87483492723292e-10,2.8195310390225907e-08,2.8749011565754354e-08,1.22557180541301e-09,1.779272980941458e-09,3.315313610934156e-11,-5.537011755284475e-10
ANs,441.7427,3.201733e-08,3.098530365204949e-08,6.042819910550284e-10,2.949556888468782e-08,2.8463542536737315e-08,2.9169343238631146e-09,1.8849079759126106e-09,3.257114834454148e-11,1.0320263479505077e-09
ANs,441.7912,3.11793e-08,3.082656684924896e-08,6.197753966061992e-10,2.8548448316935578e-08,2.819571516618454e-08,2.331678508709956e-09,1.978945357958919e-09,3.213092849930649e-11,3.5273315075104035e-10
ANs,441.8397,3.092902e-08,3.067712060614396e-08,6.341048259232293e-10,2.820364095767069e-08,2.795174156381465e-08,2.3113645795019586e-09,2.0594651856459194e-09,3.1809030760160365e-11,2.518993938560388e-10
ANs,441.8882,3.052823e-08,3.054154940687722e-08,6.474305696286547e-10,2.7723768154692277e-08,2.7737087561569497e-08,2.1121301522900134e-09,2.125449559167233e-09,3.158171651183544e-11,-1.3319406877220069e-11
ANs,441.9367,3.029052e-08,3.042461271841853e-08,6.599280565682043e-10,2.7422210339885807e-08,2.755630305830433e-08,2.042863219298279e-09,2.1769559377168024e-09,3.1425665829189944e-11,-1.3409271841852747e-10
ANs,441.9852,3.127072e-08,3.033127384414122e-08,6.717834366433911e-10,2.8352346975226724e-08,2.7412900819367948e-08,3.1547169356572166e-09,2.2152707797984406e-09,3.131880833144713e-11,9.394461558587765e-10
ANs,442.0337,3.168669e-08,3.026670558704686e-08,6.831888936944961e-10,2.872922089291602e-08,2.7309236479962884e-08,3.663023418097397e-09,2.2430390051442605e-09,3.12412082452193e-11,1.419984412953136e-09
ANs,442.0822,2.980335e-08,3.023626424360648e-08,6.9433780660477e-10,2.6813494613805203e-08,2.724640885741169e-08,1.8314273855184487e-09,2.2643416291249385e-09,3.117595046508699e-11,-4.329142436064841e-10
ANs,442.1307,2.970609e-08,3.024539144992581e-08,7.054198806232968e-10,2.668485467506261e-08,2.7224156124988416e-08,1.745404097184411e-09,2.284705547110219e-09,3.110989720387552e-11,-5.393014499258086e-10
ANs,442.1792,2.940651e-08,3.029946595921366e-08,7.166163716548298e-10,2.634784742980162e-08,2.724080338901528e-08,1.4180560142608298e-09,2.311011973474489e-09,3.103422506906182e-11,-8.929559592136589e-10
ANs,442.2276,2.923062e-08,3.0403625175937844e-08,7.280955239209796e-10,2.612029380556477e-08,2.7293298981502618e-08,1.1782808537748586e-09,2.351286029712704e-09,3.0944640801544975e-11,-1.1730051759378437e-09
ANs,442.2761,3.063238e-08,3.056258049969685e-08,7.400083360177425e-10,2.7447178542480234e-08,2.7377379042177082e-08,2.4841513800555037e-09,2.4143518797523518e-09,3.0841241749676096e-11,6.979950030315234e-11
ANs,442.3246,2.985085e-08,3.078044290053023e-08,7.524847621147746e-10,2.6558278892094423e-08,2.7487871792624646e-08,1.5797654307971117e-09,2.5093583313273357e-09,3.072801446346563e-11,-9.295929005302294e-10
ANs,442.3731,2.990938e-08,3.1060574447226057e-08,7.65630444071214e-10,2.6467943733514876e-08,2.761913818074093e-08,1.4939993448084513e-09,2.6451937920345042e-09,3.061203037940713e-11,-1.1511944472260546e-09
ANs,442.4216,3.108039e-08,3.140540718294138e-08,7.795240568573468e-10,2.7440561939579016e-08,2.776557912252039e-08,2.5047843591535557e-09,2.829801542094933e-09,3.050246146870613e-11,-3.250171829413753e-10
ANs,442.47,3.125754e-08,3.181621434352784e-08,7.942153342089699e-10,2.7363475528210597e-08,2.7922149871738438e-08,2.510765275555461e-09,3.069439619083302e-09,3.0409518497127937e-11,-5.586743435278376e-10
ANs,442.5185,3.285837e-08,3.229277387628196e-08,8.097238242912793e-10,2.865038301244185e-08,2.808478688872381e-08,3.933515840061302e-09,3.36791971634326e-09,3.0343446923612896e-11,5.655961237180394e-10
ANs,442.567,3.422646e-08,3.283294100075119e-08,8.260384067443156e-10,2.9644203873576706e-08,2.8250684874327897e-08,5.1194230449158645e-09,3.7259040456670565e-09,3.031367401192037e-11,1.3935189992488088e-09
ANs,442.6155,3.566178e-08,3.3432075028052764e-08,8.431175832861126e-10,3.064805401118138e-08,2.841834903923414e-08,6.369985190107908e-09,4.140280218160669e-09,3.0328187371838165e-11,2.2297049719472376e-09
ANs,442.6639,3.608976e-08,3.408247925037133e-08,8.608905345469436e-10,3.0594727715932635e-08,2.858744696630397e-08,6.611029349956838e-09,4.603748600328171e-09,3.039314919224549e-11,2.0072807496286674e-09
ANs,442.7124,3.70292e-08,3.4772937525701946e-08,8.792589164898828e-10,3.1014740862445407e-08,2.875847838814735e-08,7.360949953073395e-09,5.104687478775341e-09,3.0512742289364535e-11,2.2562624742980522e-09
ANs,442.7609,3.866044e-08,3.548856582606893e-08,8.980993511266827e-10,3.210422465493541e-08,2.8932350481004345e-08,8.799300957258425e-09,5.627426783327359e-09,3.068921061054446e-11,3.1718741739310653e-09
ANs,442.8094,3.707059e-08,3.621099161506031e-08,9.172665487333874e-10,2.996951340084611e-08,2.910991501590642e-08,7.012485423896132e-09,6.152887038956438e-09,3.0923011464066193e-11,8.595983849396948e-10
ANs,442.8578,3.852647e-08,3.691908595256217e-08,9.3659698284895e-10,3.089897501416805e-08,2.9291590966730214e-08,8.267069018542126e-09,6.659684971104291e-09,3.12130318787114e-11,1.6073840474378345e-09
ANs,442.9063,3.964044e-08,3.7590218836364644e-08,9.55913025403341e-10,3.152735704331339e-08,2.9477135879678034e-08,9.175834268422804e-09,7.12561310478745e-09,3.1556826495819893e-11,2.050221163635353e-09
ANs,442.9548,4.062913e-08,3.820177287321851e-08,9.750274377210236e-10,3.209291813916337e-08,2.9665561012381873e-08,9.956590790895137e-09,7.529233664113642e-09,3.195075900196686e-11,2.427357126781493e-09
ANs,443.0032,3.837157e-08,3.873303439818516e-08,9.937481041733117e-10,2.9493809360030217e-08,2.9855273758215365e-08,7.490157960233914e-09,7.851622358419062e-09,3.2390177377416e-11,-3.61464398185154e-10
ANs,443.0517,3.989419e-08,3.916691035117634e-08,1.0118828891355757e-09,3.0771611890190584e-08,3.004433224136692e-08,8.805105366462653e-09,8.077825717638995e-09,3.2869503034843926e-11,7.27279648823661e-10
ANs,443.1001,3.965894e-08,3.949133318907797e-08,1.0292444947964798e-09,3.039837030892836e-08,3.023076349800633e-08,8.365549740806349e-09,8.19794292988432e-09,3.338226639083915e-11,1.6760681092202562e-10
ANs,443.1486,4.033887e-08,3.970027750738841e-08,1.045655197344944e-09,3.1051520359594555e-08,3.0412927866982964e-08,8.84636565332655e-09,8.207773160714961e-09,3.3921282345537234e-11,6.385924926115904e-10
ANs,443.1971,3.886402e-08,3.9794063106861666e-08,1.0609513421268914e-09,2.965972208755856e-08,3.0589765194420226e-08,7.178824671991409e-09,8.108867778853076e-09,3.4478791461476904e-11,-9.300431068616629e-10
ANs,443.2455,3.842899e-08,3.977909873944113e-08,1.0749874844406058e-09,2.9410839244991147e-08,3.076094798443227e-08,6.558007737602918e-09,7.908116477044047e-09,3.504679352420797e-11,-1.3501087394411251e-09
ANs,443.294,3.8683e-08,3.966706022865673e-08,1.0876400715736558e-09,2.9942777315710247e-08,3.092683754436697e-08,6.632905026102799e-09,7.616965254759529e-09,3.561735795657322e-11,-9.84060228656726e-10
ANs,443.3424,3.748587e-08,3.947368806149886e-08,1.098810573250475e-09,2.910052422368421e-08,3.108834228518307e-08,5.26253398303155e-09,7.250352044530413e-09,3.61831585349042e-11,-1.9878180614988594e-09
ANs,443.3909,3.794618e-08,3.921734707727495e-08,1.1084279815662598e-09,2.997547387790336e-08,3.124664095517831e-08,5.554373134928075e-09,6.825540212203023e-09,3.6737928327358976e-11,-1.2711670772749503e-09
ANs,443.4393,3.75348e-08,3.8917586466749775e-08,1.1164506173792764e-09,3.002007131903268e-08,3.140285778578246e-08,4.978214788143308e-09,6.361001254893079e-09,3.72768086949569e-11,-1.3827864667497742e-09
ANs,443.4878,3.585495e-08,3.85937472114048e-08,1.1228671976190938e-09,2.8819015787332268e-08,3.155781299873707e-08,3.136473120995266e-09,5.8752703324000655e-09,3.7796682648572006e-11,-2.7387972114047995e-09
ANs,443.5362,3.762204e-08,3.826385905975676e-08,1.1276971366019578e-09,3.1070024984777545e-08,3.171184404453431e-08,4.744202659670898e-09,5.386021719427661e-09,3.829615919283185e-11,-6.418190597567635e-10
ANs,443.5847,3.559462e-08,3.7943817089720916e-08,1.1309900737565799e-09,2.9515606209506007e-08,3.186480329922692e-08,2.5600512558246205e-09,4.90924834554554e-09,3.877537119187335e-11,-2.349197089720916e-09
ANs,443.6331,3.598507e-08,3.764690013600103e-08,1.132824639667252e-09,3.0354402645385767e-08,3.20162327813868e-08,2.796777026183271e-09,4.458607162184303e-09,3.9235552762672586e-11,-1.6618301360010301e-09
ANs,443.6816,3.671564e-08,3.738370741051e-08,1.1333064915445976e-09,3.1497597318245296e-08,3.2165664728755295e-08,3.376990414252866e-09,4.045057824762866e-09,3.967836544724503e-11,-6.680674105099994e-10
ANs,443.73,3.682989e-08,3.7162317774966144e-08,1.1325656676533497e-09,3.198064408737586e-08,3.231307186234201e-08,3.3441471352469986e-09,3.6765749102131475e-09,4.0105334757641e-11,-3.3242777496614636e-10
ANs,443.7785,3.657433e-08,3.6988824778006014e-08,1.1307533273968901e-09,3.204478143571946e-08,3.245927621372547e-08,2.9437832767018775e-09,3.3582780547078905e-09,4.0517182175757205e-11,-4.144947780060138e-10
ANs,443.8269,3.620034e-08,3.686791873199138e-08,1.1280379592470044e-09,3.193877246741037e-08,3.2606351199401744e-08,2.4250373010647507e-09,3.0926160330561295e-09,4.0913540286496137e-11,-6.675787319913751e-10
ANs,443.8754,3.611058e-08,3.680356955556614e-08,1.1246011521239026e-09,3.206483801717673e-08,3.275782757274287e-08,2.1868584625985666e-09,2.879848018164705e-09,4.129281253466208e-11,-6.929895555661421e-10
ANs,443.9238,3.482753e-08,3.679955326578121e-08,1.1206330368377716e-09,3.094673312696867e-08,3.291875639274988e-08,7.464880859825549e-10,2.718511351763767e-09,4.1652484429790676e-11,-1.9720232657812075e-09
ANs,443.9722,3.488375e-08,3.6859809921122683e-08,1.1163275125215067e-09,3.111942402106356e-08,3.309548394218624e-08,6.299490255844978e-10,2.6060089467071762e-09,4.19895197077674e-11,-1.9760599211226805e-09
ANs,444.0207,3.717055e-08,3.6988489831791814e-08,1.1118773784049952e-09,3.347734293273475e-08,3.329528276452656e-08,2.72108881772745e-09,2.539028649519258e-09,4.230103934100453e-11,1.8206016820818392e-10
ANs,444.0691,3.85493e-08,3.718970868826438e-08,1.107469493667867e-09,3.4885377252707875e-08,3.3525785940972256e-08,3.873459661524025e-09,2.513868349788406e-09,4.258490383585527e-11,1.359591311735619e-09
ANs,444.1175,3.558534e-08,3.7467043457180585e-08,1.1032800873997178e-09,3.1912663237311405e-08,3.379436669449199e-08,6.448530039158925e-10,2.5265564610964746e-09,4.2840214192403624e-11,-1.881703457180585e-09
ANs,444.166,3.704387e-08,3.782289321290005e-08,1.0994703369123023e-09,3.332852112182216e-08,3.4107544334722205e-08,1.7937877124793856e-09,2.5728109253794338e-09,4.306761588610621e-11,-7.790232129000445e-10
ANs,444.2144,3.848157e-08,3.825776844300882e-08,1.096182325882583e-09,3.469423779036544e-08,3.447043623337426e-08,2.8716821081115254e-09,2.647880551120344e-09,4.326933263163006e-11,2.2380155699117965e-10
ANs,444.2628,3.980835e-08,3.8769834419536725e-08,1.0935354842292494e-09,3.59249899876173e-08,3.4886474407154025e-08,3.784891001651905e-09,2.7463754211886338e-09,4.344910696481662e-11,1.0385155804632757e-09
ANs,444.3113,3.857231e-08,3.935455399588651e-08,1.0916235994799736e-09,3.457492214801731e-08,3.535716614390382e-08,2.0799082968213947e-09,2.862152292707908e-09,4.3611959794810365e-11,-7.822439958865086e-10
ANs,444.3597,3.787165e-08,4.000478822898953e-08,1.0905124749783057e-09,3.374898885299724e-08,3.5882127081986775e-08,8.552464213726621e-10,2.988384650362198e-09,4.376402166226162e-11,-2.133138228989535e-09
ANs,444.4081,3.929799e-08,4.07112100617201e-08,1.090238293971123e-09,3.504598934994961e-08,3.645920941166971e-08,1.704629882953125e-09,3.1178499446732223e-09,4.3912411406043436e-11,-1.4132200617200994e-09
ANs,444.4566,3.943028e-08,4.146290986670961e-08,1.0908067308209896e-09,3.505198948916576e-08,3.7084619355875366e-08,1.2107887429417718e-09,3.243418609651378e-09,4.4065170361871775e-11,-2.0326298667096086e-09
ANs,444.505,4.25612e-08,4.224821318646167e-08,1.092192831751388e-09,3.806606432762246e-08,3.775307751408414e-08,3.6716984286007337e-09,3.358711615062407e-09,4.4231225563740895e-11,3.129868135383261e-10
ANs,444.5534,4.308177e-08,4.305533409974435e-08,1.0943416681314598e-09,3.8484235564309894e-08,3.845779966405424e-08,3.4852084434099237e-09,3.4587725431542686e-09,4.442022440438024e-11,2.6435900255653093e-11
ANs,444.6018,4.402233e-08,4.3872867167678165e-08,1.0971697458297495e-09,3.9339878765190574e-08,3.919041593286874e-08,3.690102176571788e-09,3.5406393442499525e-09,4.464214472972272e-11,1.4946283232183643e-10
ANs,444.6502,4.492176e-08,4.468991418971037e-08,1.1005671351045538e-09,4.017262705313337e-08,3.9940781242843744e-08,3.8355050573104144e-09,3.6036592470207867e-09,4.4906564741292036e-11,2.3184581028962936e-10
ANs,444.6987,4.461103e-08,4.549584497027844e-08,1.1044002673324259e-09,3.981195542422783e-08,4.069677039450628e-08,2.764637764174747e-09,3.6494527344531934e-09,4.522157398654159e-11,-8.848149702784426e-10
ANs,444.7471,4.781837e-08,4.6279825680110654e-08,1.1085153280641855e-09,4.2982760743371994e-08,4.1444216423482645e-08,5.2200458079082845e-09,3.6815014880189318e-09,4.55924405448879e-11,1.5385443198893428e-09
ANs,444.7955,4.76823e-08,4.703012873306659e-08,1.1127421608632553e-09,4.281912991892022e-08,4.216695865198681e-08,4.356579028253372e-09,3.7044077613199573e-09,4.602015889655864e-11,6.521712669334102e-10
ANs,444.8439,4.699438e-08,4.7733616355098505e-08,1.116898583503391e-09,4.210801054542555e-08,4.2847246900524056e-08,2.983734321326392e-09,3.7229706764248974e-09,4.650019464615713e-11,-7.392363550985057e-10
ANs,444.8923,4.826121e-08,4.837557254789108e-08,1.1207950077065446e-09,4.335213727181277e-08,4.346649981970385e-08,3.626893467242325e-09,3.741256015133402e-09,4.7021705347280586e-11,-1.1436254789107903e-10
ANs,444.9407,4.993204e-08,4.893994403854759e-08,1.1242392459487818e-09,4.4998384497872805e-08,4.4006288536420397e-08,4.753944845878024e-09,3.761848884425618e-09,4.756737175279872e-11,9.92095961452408e-10
ANs,444.9891,4.933619e-08,4.9410196208849407e-08,1.1270413841458594e-09,4.4375589494769525e-08,4.444959570361894e-08,3.7114388720408075e-09,3.785445080890218e-09,4.811404019439362e-11,-7.400620884940635e-11
ANs,445.0376,4.842428e-08,4.977062983896598e-08,1.1290185973690957e-09,4.3435770768862896e-08,4.478212060782887e-08,2.4645067066640805e-09,3.8108565456300585e-09,4.863408813795222e-11,-1.3463498389659772e-09
ANs,445.086,5.174321e-08,5.000801831618216e-08,1.129999787178523e-09,4.672869465148874e-08,4.499350296767089e-08,5.5706098459476815e-09,3.835418162129841e-09,4.9097399202903696e-11,1.7351916838178444e-09
ANs,445.1344,5.200161e-08,5.0113215402643265e-08,1.1298299236576166e-09,4.696661819934848e-08,4.5078223601991745e-08,5.744082895388134e-09,3.855688298031402e-09,4.947357896250036e-11,1.8883945973567346e-09
ANs,445.1828,5.181834e-08,5.008252825024762e-08,1.1283739826789469e-09,4.677194677795614e-08,4.503613502820376e-08,5.604096755778242e-09,3.868285006025864e-09,4.973423333904764e-11,1.735811749752377e-09
ANs,445.2312,5.201736e-08,4.9918534378108105e-08,1.1255203791350517e-09,4.697131094610868e-08,4.487248532421679e-08,5.969499311358858e-09,3.870673689466967e-09,4.985498528929454e-11,2.0988256218918926e-09
ANs,445.2796,4.934413e-08,4.96302104539338e-08,1.121183809576483e-09,4.4311383202256934e-08,4.459746365619074e-08,3.5756655372922163e-09,3.861745991226019e-09,4.981699694055588e-11,-2.8608045393380304e-10
ANs,445.328,4.933551e-08,4.923230043082087e-08,1.115307432588898e-09,4.432849999905689e-08,4.422529042987776e-08,3.945304146117165e-09,3.842094576938037e-09,4.960799141617883e-11,1.0320956917912958e-10
ANs,445.3764,4.971186e-08,4.874403415453618e-08,1.1078643319378859e-09,4.4740820158195724e-08,4.3772994312731905e-08,4.781778710091236e-09,3.81395286462742e-09,4.922264523896744e-11,9.678258454638183e-10
ANs,445.4248,4.741575e-08,4.818745918245044e-08,1.0988582255929724e-09,4.2487377399166466e-08,4.3259086581616905e-08,3.0091426720008774e-09,3.780851854451321e-09,4.8662520789239244e-11,-7.717091824504387e-10
ANs,445.4732,4.804144e-08,4.7585471342305675e-08,1.088323402754988e-09,4.3158104862419355e-08,4.270213620472503e-08,4.203044915737327e-09,3.747076258043004e-09,4.7935476782657846e-11,4.5596865769432654e-10
ANs,445.5216,4.63559e-08,4.696001380965425e-08,1.0763238904744702e-09,4.151547738255472e-08,4.211959119220897e-08,3.112930136459602e-09,3.7170439461138487e-09,4.705478085696187e-11,-6.041138096542465e-10
ANs,445.57,4.747036e-08,4.6330461780291817e-08,1.0629518708721809e-09,4.266666963212082e-08,4.152677141241263e-08,4.834598876145715e-09,3.694700656437524e-09,4.6037840569479876e-11,1.1398982197081865e-09
ANs,445.6184,4.559568e-08,4.571256073134816e-08,1.0483253888664958e-09,4.081943294475259e-08,4.093631367610075e-08,3.5661360197177597e-09,3.683016751065926e-09,4.490491531499045e-11,-1.1688073134816032e-10
ANs,445.6668,4.37812e-08,4.511768118749352e-08,1.0325854082000892e-09,3.9021323467134385e-08,4.0357804654627905e-08,2.3471324420869863e-09,3.6836136295805025e-09,4.3677495085024047e-11,-1.3364811874935195e-09
ANs,445.7152,4.449915e-08,4.4552684968940795e-08,1.0158922899888822e-09,3.974433228437553e-08,3.9797867253316324e-08,3.6430135115884936e-09,3.696548480529284e-09,4.2376945106303495e-11,-5.353496894079309e-11
ANs,445.7636,4.559911e-08,4.402007886388219e-08,9.984217825754808e-10,4.0839415540498344e-08,3.9260384404380536e-08,5.299280684171907e-09,3.7202495480540983e-09,4.10231288720758e-11,1.579031136117808e-09
ANs,445.8119,4.329273e-08,4.3518606312758254e-08,9.803606237902865e-10,3.85211353456364e-08,3.874701165839465e-08,3.5257240642091135e-09,3.751600376967365e-09,3.9633653605959687e-11,-2.258763127582519e-10
ANs,445.8603,4.367218e-08,4.304390816545883e-08,9.619018664953365e-10,3.8885874006728024e-08,3.825760217218685e-08,4.4144527857928366e-09,3.786180951251664e-09,3.822317552497658e-11,6.282718345411711e-10
ANs,445.9087,4.157094e-08,4.2589417990126844e-08,9.43240045262489e-10,3.677223587494379e-08,3.779071386507063e-08,2.8001827028617825e-09,3.8186606929886214e-09,3.680338680510165e-11,-1.0184779901268414e-09
ANs,445.9571,4.271901e-08,4.214734766555791e-08,9.245663060428916e-10,3.791572925314338e-08,3.734406691870129e-08,4.414993252538563e-09,3.843330918096471e-09,3.5383522717252215e-11,5.716623344420901e-10
ANs,446.0055,4.16713e-08,4.170957804818457e-08,9.0606362161768e-10,3.687651022430685e-08,3.691478827249142e-08,3.816477292802199e-09,3.854755340986771e-09,3.397081308870101e-11,-3.8278048184573676e-11
ANs,446.0539,4.053993e-08,4.1268602355352373e-08,8.87902213457202e-10,3.577100069241415e-08,3.6499673047766525e-08,3.1197833475860756e-09,3.848455702938447e-09,3.257139119020066e-11,-7.286723553523715e-10
ANs,446.1023,4.050575e-08,4.0818301597706114e-08,8.702352954120758e-10,3.578277605586391e-08,3.609532765357003e-08,3.508996071886992e-09,3.821547669593111e-09,3.1190979130901145e-11,-3.125515977061159e-10
ANs,446.1506,4.070588e-08,4.035452039924184e-08,8.531952465454731e-10,3.6049643908455565e-08,3.56982843076974e-08,4.12456511607076e-09,3.773205515312598e-09,2.983532968636123e-11,3.5135960075816376e-10
ANs,446.199,4.092703e-08,3.987544889327035e-08,8.3689030959653e-10,3.635677316901047e-08,3.5305192062280816e-08,4.756437073741805e-09,3.704855967012146e-09,2.8510554380857406e-11,1.0515811067296558e-09
ANs,446.2474,3.908105e-08,3.9381684216801617e-08,8.214018983126939e-10,3.461239565742047e-08,3.4913029874222085e-08,3.3193951819751902e-09,3.620029398776809e-09,2.722304549003319e-11,-3.006342168016162e-10
ANs,446.2958,3.857797e-08,3.88759872375315e-08,8.06782581538088e-10,3.4221352932479334e-08,3.4519370170010833e-08,3.2258381150974573e-09,3.5238553526289583e-09,2.5979133353623987e-11,-2.980172375314998e-10
ANs,446.3442,3.858618e-08,3.836288707171457e-08,7.930547948827546e-10,3.434605129845372e-08,3.41227583701683e-08,3.645581972765433e-09,3.4222890444800094e-09,2.4784862183509408e-11,2.2329292828542497e-10
ANs,446.3925,3.740963e-08,3.7848000085511214e-08,7.802103124539257e-10,3.328461352398428e-08,3.372298360949549e-08,2.8827906570288386e-09,3.3211607425400464e-09,2.3645421021747157e-11,-4.3837008551121114e-10
ANs,446.4409,3.680025e-08,3.733742532279018e-08,7.682104919679793e-10,3.278420699380122e-08,3.33213823165914e-08,2.688092226219465e-09,3.225267549009641e-09,2.256496522114956e-11,-5.371753227901805e-10
ANs,446.4893,3.694568e-08,3.6837126830380466e-08,7.569872870633232e-10,3.302949864748722e-08,3.2920945477867686e-08,3.246200881188683e-09,3.1376477115691506e-09,2.154635388030402e-11,1.0855316961953648e-10
ANs,446.5376,3.536751e-08,3.635257277741831e-08,7.464450012919777e-10,3.154125903071607e-08,3.2526321808134385e-08,2.074151976805311e-09,3.059214754223627e-09,2.0591213768326608e-11,-9.850627774183121e-10
ANs,446.586,3.579591e-08,3.588857144366412e-08,7.364627395684801e-10,3.205094561185512e-08,3.214360705551924e-08,2.896140174253411e-09,2.9888016179175286e-09,1.970003065887672e-11,-9.266144366411912e-11
ANs,446.6344,3.679573e-08,3.54493651151112e-08,7.268974952705979e-10,3.312634714493945e-08,3.177998226005065e-08,4.269977887014564e-09,2.9236130021257596e-09,1.8872357664192136e-11,1.346364884888803e-09
ANs,446.6827,3.384253e-08,3.503888308036934e-08,7.175877951603687e-10,3.024685758430871e-08,3.144321066467804e-08,1.6636245407852869e-09,2.8599776211546234e-09,1.8106999376303872e-11,-1.1963530803693345e-09
ANs,446.7311,3.344513e-08,3.4661164662140386e-08,7.083578102303203e-10,2.992511764839305e-08,3.114115231053344e-08,1.5782175425026483e-09,2.794252204643031e-09,1.7402336733598998e-11,-1.2160346621403853e-09
ANs,446.7795,3.443926e-08,3.4320613394277776e-08,6.990218288328944e-10,3.099982975677089e-08,3.0881183151048665e-08,2.8422986802488733e-09,2.723652074526647e-09,1.675633986957015e-11,1.1864660572222284e-10
ANs,446.8278,3.335145e-08,3.402228155943594e-08,6.89388979317248e-10,2.999900980577896e-08,3.066984136521489e-08,1.976052811680519e-09,2.6468843711164553e-09,1.616684378734771e-11,-6.708315594359354e-10
ANs,446.8762,3.280537e-08,3.37718015951592e-08,6.792680831071203e-10,2.9546058574684353e-08,3.051249016984356e-08,1.5979802579825377e-09,2.564411853141741e-09,1.5631489066783753e-11,-9.664315951592022e-10
ANs,446.9246,3.521792e-08,3.357519543087719e-08,6.684725158647375e-10,3.205594796169357e-08,3.0413223392570764e-08,4.121076277475677e-09,2.4783517083528685e-09,1.5147814088820026e-11,1.6427245691228086e-09
ANs,446.9729,3.606303e-08,3.34384661505351e-08,6.568249541819106e-10,3.299946586504239e-08,3.037490201557749e-08,5.016589779487068e-09,2.392025930022173e-09,1.4713250753522944e-11,2.6245638494648996e-09
ANs,447.0213,3.316085e-08,3.336711865192089e-08,6.441618881254943e-10,3.0193077130468094e-08,3.039934578238898e-08,2.1030171731819786e-09,2.3092858251028648e-09,1.4325156303544415e-11,-2.0626865192088785e-10
ANs,447.0696,3.29617e-08,3.336570378990261e-08,6.303377858676987e-10,3.008362892486304e-08,3.048763271476565e-08,1.8297486598987618e-09,2.23375244980137e-09,1.3980839467889535e-11,-4.040037899026123e-10
ANs,447.118,3.136236e-08,3.343750822311126e-08,6.152288054032411e-10,2.8565307989279114e-08,3.064045621239037e-08,9.299731426053457e-11,2.1681455373717897e-09,1.3677667945853188e-11,-2.0751482231112556e-09
ANs,447.1663,3.508056e-08,3.358443465502037e-08,5.987359597741555e-10,3.235460086999743e-08,3.08584755250178e-08,3.609935352457523e-09,2.113810007477893e-09,1.3413162750523441e-11,1.4961253449796308e-09
ANs,447.2147,3.474362e-08,3.3807122372042307e-08,5.807876560011121e-10,3.2079124308475224e-08,3.114262668051753e-08,3.0070205657217264e-09,2.070522937764033e-09,1.3185097759638059e-11,9.364976279576946e-10
ANs,447.263,3.3784e-08,3.4105241903976266e-08,5.613415437101506e-10,3.117306382475912e-08,3.1494305728735385e-08,1.71536111167042e-09,2.036603015646685e-09,1.2991615884046496e-11,-3.212419039762665e-10
ANs,447.3114,3.306656e-08,3.447790173382938e-08,5.40385626847532e-10,3.05040773846653e-08,3.191541911849468e-08,5.979239765052106e-10,2.0092657103345906e-09,1.2831278152580859e-11,-1.4113417338293808e-09
ANs,447.3597,3.43391e-08,3.4924049212313687e-08,5.179386104543599e-10,3.1823314027795393e-08,3.240826324010908e-08,1.4001950921608096e-09,1.985144304474498e-09,1.2703057275748091e-11,-5.849492123136872e-10
ANs,447.4081,3.475033e-08,3.544279401260353e-08,4.940494737581132e-10,3.228281150166089e-08,3.2975275514264415e-08,1.2683987711960457e-09,1.960862783799572e-09,1.2606240781425052e-11,-6.924640126035255e-10
ANs,447.4564,3.637198e-08,3.6033489451114504e-08,4.687962803442707e-10,3.395708757079942e-08,3.361859702191392e-08,2.2720464264108086e-09,1.9335558775253138e-09,1.2540271331007884e-11,3.3849054888549935e-10
ANs,447.5048,3.564224e-08,3.6695607602768415e-08,4.4228425540576717e-10,3.328620722887693e-08,3.433957483164535e-08,8.478764049894962e-10,1.9012440077579077e-09,1.2504507959388841e-11,-1.0533676027684156e-09
ANs,447.5531,3.696296e-08,3.742836274535743e-08,4.1464317854635857e-10,3.467280464527272e-08,3.513820739063015e-08,1.3976114693569657e-09,1.8630142147143973e-09,1.2497961466518543e-11,-4.6540274535742866e-10
ANs,447.6015,3.852914e-08,3.823020345106926e-08,3.8602415787009124e-10,3.631160476297258e-08,3.601266821404184e-08,2.1179285851904692e-09,1.8189920362597307e-09,1.2519042897601363e-11,2.9893654893074037e-10
ANs,447.6498,3.775471e-08,3.909810641636195e-08,3.5659586668804006e-10,3.561540906329922e-08,3.695880547966117e-08,4.2674327669253884e-10,1.770139693054485e-09,1.2565376958254783e-11,-1.343396416361945e-09
ANs,447.6981,3.987509e-08,4.002692550651881e-08,3.265403377218039e-10,3.781798525994012e-08,3.796982076645893e-08,1.566095179256831e-09,1.7179306857756412e-09,1.2633716562438928e-11,-1.5183550651881103e-10
ANs,447.7465,3.976228e-08,4.10088687024911e-08,2.9604842083965167e-10,3.7789536246298024e-08,3.9036124948789126e-08,4.1738663515919e-10,1.6639753376502899e-09,1.2719995212031965e-11,-1.2465887024911015e-09
ANs,447.7948,4.171997e-08,4.203296279635315e-08,2.653150188440821e-10,3.98321507295124e-08,4.0145143525865545e-08,1.2966919534496924e-09,1.6096847498028415e-09,1.2819501840682528e-11,-3.1299279635314786e-10
ANs,447.8432,4.110948e-08,4.3085093694381495e-08,2.3453422142538507e-10,3.9306010914064664e-08,4.128162460844616e-08,-4.196060318022291e-10,1.5560076625792606e-09,1.2927201930691778e-11,-1.975613694381493e-09
ANs,447.8915,4.550155e-08,4.4147877663146736e-08,2.0389445996314225e-10,4.3781295995508795e-08,4.242762365865553e-08,2.8569937810425408e-09,1.503321444189276e-09,1.3038100338788008e-11,1.3536723368532652e-09
ANs,447.9398,4.660033e-08,4.520112493974534e-08,1.7357380533202463e-10,4.496215920258538e-08,4.356295414233072e-08,2.8506543923824863e-09,1.451449332127826e-09,1.3147659954765217e-11,1.3992050602546621e-09
ANs,447.9882,4.730859e-08,4.6222470326208984e-08,1.437355272628255e-10,4.575179245980004e-08,4.466567278600903e-08,2.4859295017739936e-09,1.3998098279829832e-09,1.325218495414997e-11,1.0861196737910146e-09
ANs,448.0365,4.771024e-08,4.718819608974275e-08,1.1452402721540292e-10,4.623471279191965e-08,4.57126688816624e-08,1.8696979668905997e-09,1.3476540566333522e-09,1.33491242315905e-11,5.220439102572468e-10
ANs,448.0848,4.900906e-08,4.807410801541553e-08,8.606124730326464e-11,4.761521982256419e-08,4.668026783797972e-08,2.2292936609406e-09,1.2943416763561297e-09,1.3437253776414217e-11,9.349519845844696e-10
ANs,448.1331,4.891911e-08,4.885675560621863e-08,5.844364580740483e-11,4.760757118493254e-08,4.7545216791151175e-08,1.3019328049229943e-09,1.2395784111416266e-09,1.3516758118426445e-11,6.235439378136664e-11
ANs,448.1815,5.155483e-08,4.951444052015163e-08,3.173981553222267e-11,5.032591252913058e-08,4.8285523049282206e-08,3.2239779672412548e-09,1.1835884873928846e-09,1.3589167944311815e-11,2.040389479848372e-09
ANs,448.2298,5.095056e-08,5.0028300087410167e-08,5.988805049168157e-12,4.980374468060337e-08,4.8881484768013536e-08,2.0494292181827056e-09,1.1271693055928698e-09,1.3657208754592553e-11,9.222599125898362e-10
ANs,448.2781,5.13281e-08,5.038324658538111e-08,-1.880081484736431e-11,5.0261551876122536e-08,4.9316698461503645e-08,2.0164777804835202e-09,1.0716243658646293e-09,1.3724572860203291e-11,9.448534146188911e-10
ANs,448.3264,5.248556e-08,5.0568773504370564e-08,-4.265111593555368e-11,5.1495834174092885e-08,4.9579047678463447e-08,2.935367784755115e-09,1.0185812891256713e-09,1.3795652717000615e-11,1.9167864956294387e-09
ANs,448.3748,5.191264e-08,5.057950262096323e-08,-6.56142044582498e-11,5.099463873594503e-08,4.966150135690826e-08,2.3028776023722993e-09,9.697402233355274e-10,1.3875245177686357e-11,1.3331373790367719e-09
ANs,448.4231,5.081165e-08,5.0415551777203484e-08,-8.777085544319398e-11,4.9958862852907425e-08,4.956276463011091e-08,1.3226879718698086e-09,9.265897490732898e-10,1.396825346247364e-11,3.960982227965159e-10
ANs,448.4714,5.109263e-08,5.008262060025556e-08,-1.0922842388263883e-10,5.0297631199060806e-08,4.9287621799316365e-08,1.900157235008733e-09,8.901478352642894e-10,1.4079389557546601e-11,1.010009399744441e-09
ANs,448.5197,4.927106e-08,4.9591813306833564e-08,-1.3011808543538611e-10,4.852618314030225e-08,4.8846936447135815e-08,5.400287752372956e-10,8.607820820708587e-10,1.4212863062276167e-11,-3.207533068335665e-10
ANs,448.568,5.043628e-08,4.895918528533503e-08,-1.505914762181858e-10,4.97343665502602e-08,4.8257271835595233e-08,2.3152275689768866e-09,8.381328543119169e-10,1.4372071646067627e-11,1.4770947146649686e-09
ANs,448.6164,4.80009e-08,4.8205006173125305e-08,-1.7081681640353635e-10,4.7336000199113935e-08,4.754010637223924e-08,6.170511523267834e-10,8.211573254520853e-10,1.4559291837519802e-11,-2.0410617312530273e-10
ANs,448.6647,4.817218e-08,4.7352700432569586e-08,-1.9097461535509206e-10,4.75400977713262e-08,4.672061820389579e-08,1.6277610015407526e-09,8.082814341103351e-10,1.4775409918553557e-11,8.194795674304148e-10
ANs,448.713,4.757336e-08,4.642764336514565e-08,-2.112530665821315e-10,4.697195975243542e-08,4.5826243117581075e-08,1.9433502581473845e-09,7.976336232930328e-10,1.501969085367207e-11,1.1457166348543484e-09
ANs,448.7613,4.632764e-08,4.545574696054347e-08,-2.318432486146886e-10,4.5756880410607386e-08,4.488498737115085e-08,1.6592062129243113e-09,7.87313173467778e-10,1.5289664539529087e-11,8.718930394565335e-10
ANs,448.8096,4.487983e-08,4.4461949757232696e-08,-2.5293425279412934e-10,4.4341534773203105e-08,4.39236545304358e-08,1.1935285531825791e-09,7.756483104152789e-10,1.5581169175745645e-11,4.1788024276730466e-10
ANs,448.8579,4.305939e-08,4.346898228708136e-08,-2.747083608165044e-10,4.255680575188297e-08,4.296639803896433e-08,3.518118127732221e-10,7.614040998545772e-10,1.5888509078948953e-11,-4.095922870813603e-10
ANs,448.9062,4.304075e-08,4.249609756409859e-08,-2.9733639361168456e-10,4.257797581783721e-08,4.20333233819358e-08,1.28855815364558e-09,7.439057177441726e-10,1.620485803030262e-11,5.446524359014097e-10
ANs,448.9545,4.194081e-08,4.155831125490934e-08,-3.2097334882153223e-10,4.152219184713844e-08,4.1139693102047784e-08,1.1055674865397758e-09,7.230687414491188e-10,1.652276023396748e-11,3.8249874509065565e-10
ANs,449.0028,4.223009e-08,4.066612258410006e-08,-3.4575443686434193e-10,4.1859667890710455e-08,4.0295700474810515e-08,2.2633092662543326e-09,6.993418503543985e-10,1.6834695799486626e-11,1.5639674158999395e-09
ANs,449.0511,4.007468e-08,3.982544436259746e-08,-3.7179161552359434e-10,3.975576382699193e-08,3.950652818958939e-08,9.228096816923506e-10,6.735740442898155e-10,1.7133744241850156e-11,2.4923563740253984e-10
ANs,449.0994,3.774772e-08,3.903813528998151e-08,-3.9917071043045666e-10,3.7482632862087615e-08,3.877304815206913e-08,-6.43571563631765e-10,6.468437263497505e-10,1.741412199309452e-11,-1.2904152899815147e-09
ANs,449.1477,3.718459e-08,3.830270351475115e-08,-4.279491940379023e-10,3.697459421510817e-08,3.809270772985932e-08,-4.978401835208029e-10,6.202733312303467e-10,1.767164769939224e-11,-1.1181135147511502e-09
ANs,449.196,3.61188e-08,3.761514518061678e-08,-4.5815467908261506e-10,3.5964192396149036e-08,3.746053757676581e-08,-9.014869654223307e-10,5.94858215194446e-10,1.7904067739140568e-11,-1.4963451806167758e-09
ANs,449.2443,3.645471e-08,3.696988654839739e-08,-4.897841645172635e-10,3.6355047618515914e-08,3.6870224166913305e-08,5.6158800784241636e-11,5.713353491816316e-10,1.8111196819710785e-11,-5.151765483973913e-10
ANs,449.2926,3.805727e-08,3.636057341240083e-08,-5.228040529245884e-10,3.8011680145327554e-08,3.6314983557728383e-08,2.2467955497224085e-09,5.500989621232378e-10,1.8294945473803217e-11,1.6966965875991708e-09
ANs,449.3409,3.587736e-08,3.578069769445529e-08,-5.571509389742389e-10,3.588488180074402e-08,3.5788219495199307e-08,6.278321985614272e-10,5.311698930167145e-10,1.8459245213499795e-11,9.666230554471145e-11
ANs,449.3892,3.631201e-08,3.5224167645574454e-08,-5.927331490439302e-10,3.637191199803184e-08,3.52840696436063e-08,1.6020636375537852e-09,5.142212831282364e-10,1.8609867883842855e-11,1.0878423544255434e-09
ANs,449.4375,3.45461e-08,3.468559077615462e-08,-6.294329931882412e-10,3.46581344691103e-08,3.4797625245264916e-08,3.5915350273690017e-10,4.986442788915196e-10,1.875424518642501e-11,-1.3949077615461607e-10
ANs,449.4858,3.376792e-08,3.4160597229624304e-08,-6.671096726787953e-10,3.393247550859537e-08,3.4325152738219674e-08,9.097572516095271e-11,4.836529547852533e-10,1.8901209298170817e-11,-3.92677229624301e-10
ANs,449.5341,3.425347e-08,3.364601419354579e-08,-7.056027698113801e-10,3.4471605870672845e-08,3.3864150064218636e-08,1.0758619860672856e-09,4.68406179613076e-10,1.906071952545916e-11,6.074558064542089e-10
ANs,449.5824,3.355136e-08,3.3140092235819757e-08,-7.447362319955704e-10,3.3824716694632955e-08,3.341344893045271e-08,8.634037965272763e-10,4.521360323470288e-10,1.9243505015593027e-11,4.1126776418024606e-10
ANs,449.6307,3.144639e-08,3.2642664904677836e-08,-7.843227496806406e-10,3.177698993988805e-08,3.297326484456588e-08,-7.620127319448215e-10,4.342621727330092e-10,1.946063705957888e-11,-1.196274904677835e-09
ANs,449.679,2.966699e-08,3.215528313195538e-08,-8.241684177422333e-10,3.0056956775882333e-08,3.254524990783771e-08,-2.073814490962494e-09,4.144786409928853e-10,1.9723000867013454e-11,-2.488293131955378e-09
ANs,449.7273,2.896059e-08,3.168123723312343e-08,-8.640775628076363e-10,2.94118276564462e-08,3.213247488956963e-08,-2.327848024968113e-09,3.927992081553151e-10,2.004069820612053e-11,-2.7206472331234302e-09
ANs,449.7755,3.038301e-08,3.122551441966658e-08,-9.03857614813953e-10,3.089688639760703e-08,3.173939081727361e-08,-4.729455696350761e-10,3.695588500315036e-10,2.0422367175411952e-11,-8.425044196665802e-10
ANs,449.8238,3.072361e-08,3.079457157492431e-08,-9.433238999782588e-10,3.130069047053081e-08,3.137165204545512e-08,2.7440733753758736e-10,3.4536891246190196e-10,2.0874516985550978e-11,-7.096157492431299e-11
ANs,449.8721,3.224315e-08,3.039596786648323e-08,-9.823042343401288e-10,3.288301702015752e-08,3.1035834886640745e-08,2.1682184239773257e-09,3.2103629046055486e-10,2.1400923722059067e-11,1.8471821335167729e-09
ANs,449.9204,3.141744e-08,3.003782934000162e-08,-1.0206432020649326e-09,3.211862313862549e-08,3.0739012478627116e-08,1.6770685068385662e-09,2.9745784684019323e-10,2.2002216599246224e-11,1.3796106599983758e-09
ANs,449.9687,3.124004e-08,2.972825120846422e-08,-1.0582060106439845e-09,3.2000059182448704e-08,3.0488270390912926e-08,1.7872999907818044e-09,2.755111992460272e-10,2.2675628949254818e-11,1.5117887915357812e-09
ANs,450.0169,3.12725e-08,2.9474605673738404e-08,-1.0948818257949094e-09,3.2088014348011137e-08,3.0290120021749543e-08,2.0538467310996506e-09,2.5595240483805767e-10,2.34150729457104e-11,1.7978943262615931e-09
ANs,450.0652,2.926865e-08,2.928284788813141e-08,-1.1305865019832342e-09,3.013569014384139e-08,3.01498880319728e-08,2.251369095585577e-10,2.3933479768996597e-10,2.421156045187622e-11,-1.4197888131408635e-11
ANs,450.1135,2.863457e-08,2.915692599251317e-08,-1.1652646397237622e-09,2.9548819819200352e-08,3.0071175811713524e-08,-2.963949401145109e-10,2.2596105239866262e-10,2.505376812474824e-11,-5.223559925131691e-10
ANs,450.1618,2.866331e-08,2.909826507805977e-08,-1.1988909177933617e-09,2.9620409460671347e-08,3.0055364538731116e-08,-2.1909266886921476e-10,2.1586240919055745e-10,2.5929047931457638e-11,-4.349550780597696e-10
ANs,450.21,2.850414e-08,2.9105475260329304e-08,-1.231470666767688e-09,2.9499974382537256e-08,3.0101309642866556e-08,-3.92523442276575e-10,2.0881181805272765e-10,2.682446617770376e-11,-6.013352603293038e-10
ANs,450.2583,2.948065e-08,2.9174260643655242e-08,-1.2630396694218545e-09,3.051159991129293e-08,3.020521055494817e-08,5.107512973744945e-10,2.0436194102972994e-10,2.772781709918971e-11,3.0638935634475697e-10
ANs,450.3066,2.859233e-08,2.9297570516246343e-08,-1.2936631930273894e-09,2.9655464652058224e-08,3.0360705168304565e-08,-5.033407499906296e-10,2.0189976625571327e-10,2.8628774713452622e-11,-7.05240516246341e-10
ANs,450.3549,3.010205e-08,2.946597810662942e-08,-1.3234342779429845e-09,3.1195250433320744e-08,3.055917853995016e-08,8.367860771623928e-10,2.0071418379180982e-10,2.9519660830436825e-11,6.360718933705821e-10
ANs,450.4031,2.968233e-08,2.966827155927518e-08,-1.3524713256468656e-09,3.080433875876934e-08,3.079028031804452e-08,2.141249007161924e-10,2.0006645999137438e-10,3.039610688614914e-11,1.4058440724819421e-11
ANs,450.4514,2.91286e-08,2.9892144748435526e-08,-1.3809150470208684e-09,3.027899932782057e-08,3.1042544076256096e-08,-5.642862005346626e-10,1.9925854790086133e-10,3.1257171299431264e-11,-7.635447484355259e-10
ANs,450.4997,3.14193e-08,3.012500825675823e-08,-1.4089248478256057e-09,3.2598426886378516e-08,3.1304135143136736e-08,1.4919844006804183e-09,1.9769265743863808e-10,3.210530400845648e-11,1.2942917432417733e-09
ANs,450.5479,2.916338e-08,3.035473142756148e-08,-1.4366747424955137e-09,3.037219121886137e-08,3.156354264642285e-08,-9.96433596840862e-10,1.949178307206221e-10,3.2945692913517584e-11,-1.1913514275614794e-09
ANs,450.5962,3.096117e-08,3.057033891040236e-08,-1.464348899274546e-09,3.220107401804743e-08,3.181024292844978e-08,5.814905793117608e-10,1.9065948971411596e-10,3.378539151299986e-11,3.9083108959764537e-10
ANs,450.6444,3.143445e-08,3.0762500591300705e-08,-1.4921369290077658e-09,3.270712395522492e-08,3.203517454652563e-08,8.567804505203753e-10,1.8483104182108225e-10,3.46319319617597e-11,6.719494086992945e-10
ANs,450.6927,3.117727e-08,3.0923909579994747e-08,-1.5202290363670969e-09,3.2484481110617466e-08,3.223112069061221e-08,4.3088637160712064e-10,1.7752595160186204e-10,3.5491974147774e-11,2.5336042000525534e-10
ANs,450.741,3.176874e-08,3.1049424983469175e-08,-1.548811155757697e-09,3.311218795908882e-08,3.239287294255799e-08,8.883084390365524e-10,1.6899342250572608e-10,3.636977416315857e-11,7.193150165308265e-10
ANs,450.7892,3.128834e-08,3.113603741560422e-08,-1.578060194537732e-09,3.266953259700729e-08,3.251723001261151e-08,3.1190442489288124e-10,1.5960184049710678e-10,3.7265757033335415e-11,1.5230258439577457e-10
ANs,450.8375,3.237253e-08,3.118273457176106e-08,-1.6081395034786508e-09,3.3792702064121004e-08,3.260290663588207e-08,1.3395872143223129e-09,1.4979178608337271e-10,3.817565327427118e-11,1.1897954282389373e-09
ANs,450.8857,3.244177e-08,3.119022739762537e-08,-1.6391946886640256e-09,3.390184710987637e-08,3.265030450750174e-08,1.391570207462958e-09,1.4002760508832672e-10,3.9089973699330874e-11,1.2515426023746304e-09
ANs,450.934,3.237324e-08,3.1160639659199776e-08,-1.6713498704166414e-09,3.387384638623408e-08,3.266124604543386e-08,1.3433495283062113e-09,1.3074918750598924e-10,3.9994296676567024e-11,1.2126003408002228e-09
ANs,450.9822,3.203013e-08,3.109715959955206e-08,-1.704704483573185e-09,3.3571632232562563e-08,3.2638661832114626e-08,1.0553026341093872e-09,1.2233223366145184e-10,4.087001734917027e-11,9.329704004479378e-10
ANs,451.0305,3.074088e-08,3.1003704292959126e-08,-1.7393306997774403e-09,3.232345886993059e-08,3.2586283162889715e-08,-1.4776837869850577e-10,1.1505591426062303e-10,4.1695915586226205e-11,-2.62824292959127e-10
ANs,451.0787,3.327587e-08,3.0884605719147686e-08,-1.775271536780753e-09,3.489960639435019e-08,3.250834211349788e-08,2.500349520218279e-09,1.0908523936596752e-10,4.244990306458687e-11,2.391264280852312e-09
ANs,451.127,3.270751e-08,3.074434037641495e-08,-1.8125397024177256e-09,3.437247308098373e-08,3.240930345739868e-08,2.067635152817279e-09,1.0446552923223134e-10,4.311109220176311e-11,1.963169623585047e-09
ANs,451.1752,3.101355e-08,3.058734079156457e-08,-1.8511172024027023e-09,3.271987373018481e-08,3.229366452174938e-08,5.273410789275903e-10,1.0113187049216003e-10,4.36616017257276e-11,4.2620920843542956e-10
ANs,451.2235,3.04933e-08,3.041786301168619e-08,-1.890955721835139e-09,3.224123839694445e-08,3.216580140863064e-08,1.7436605035964538e-10,9.89290620458381e-11,4.408826284485238e-11,7.543698831380673e-11
ANs,451.2717,3.086362e-08,3.023995791361301e-08,-1.9319777707954553e-09,3.2653572140742576e-08,3.202991005435558e-08,7.213039747093048e-10,9.764188832231232e-11,4.438374173056741e-11,6.236620863869953e-10
ANs,451.32,2.924651e-08,3.005754303410022e-08,-1.974078565148801e-09,3.107901098827143e-08,3.189004402237165e-08,-7.140026236376123e-10,9.703041046261347e-11,4.454716641475959e-11,-8.110330341002233e-10
ANs,451.3682,3.014778e-08,2.9874512738621225e-08,-2.017128595138173e-09,3.202345874048706e-08,3.175019147910828e-08,3.7013276884377767e-10,9.686550746499677e-11,4.458434718611787e-11,2.7326726137877776e-10
ANs,451.4165,3.201428e-08,2.9694917734615597e-08,-2.060976817007989e-09,3.393378875442772e-08,3.161442648904331e-08,2.416322821789913e-09,9.69605564055061e-11,4.450750617476808e-11,2.3193622653844043e-09
ANs,451.4647,3.063954e-08,2.9523118752303764e-08,-2.1054543871913842e-09,3.260346515263112e-08,3.148704390493488e-08,1.2136157421050798e-09,9.71944944088403e-11,4.4334740151422435e-11,1.1164212476962368e-09
ANs,451.5129,3.047939e-08,2.936387181411818e-08,-2.150378844915563e-09,3.248815599796397e-08,3.1372637812082144e-08,1.213041788557613e-09,9.752360267579361e-11,4.4089244275804094e-11,1.1155181858818237e-09
ANs,451.5612,2.818227e-08,2.9222315955066805e-08,-2.195558637773976e-09,3.023604935026446e-08,3.1276095305331266e-08,-9.420650887897856e-10,9.798086627701602e-11,4.3798421232495926e-11,-1.0400459550668042e-09
ANs,451.6094,3.071939e-08,2.9103800187399124e-08,-2.240797876167428e-09,3.281803103908214e-08,3.1202441226481266e-08,1.7142537446217431e-09,9.86639320208653e-11,4.349290506442091e-11,1.6155898126008734e-09
ANs,451.6576,2.979356e-08,2.9013561279676657e-08,-2.285901196745827e-09,3.193654117515141e-08,3.115654245482807e-08,8.797132122262455e-10,9.971449190290649e-11,4.3205529691506755e-11,7.799987203233435e-10
ANs,451.7059,2.837683e-08,2.8956268307945423e-08,-2.3306786122343934e-09,3.056324500712028e-08,3.11426833150657e-08,-4.781449441089372e-10,1.0129336383648193e-10,4.2970241277632385e-11,-5.794383079454243e-10
ANs,451.7541,2.938314e-08,2.8935502751851837e-08,-2.374950225371196e-09,3.161171341042943e-08,3.116407616228127e-08,5.511930584232321e-10,1.0355581027507576e-10,4.282100466669554e-11,4.4763724814816374e-10
ANs,451.8023,2.744095e-08,2.895324129579909e-08,-2.4185506881090743e-09,2.9710078404664582e-08,3.122236970046367e-08,-1.4056596695943612e-09,1.0663162620473203e-10,4.279065723976303e-11,-1.5122912957990896e-09
ANs,451.8506,2.836551e-08,2.9009446793170475e-08,-2.461333293657239e-09,3.067332009429405e-08,3.131725688746453e-08,-5.333233502650206e-10,1.106134429054535e-10,4.290975645773007e-11,-6.439367931704746e-10
ANs,451.8988,3.02994e-08,2.9101832449816464e-08,-2.5031735981946986e-09,3.26438141050816e-08,3.144624655489806e-08,1.313121605347371e-09,1.1555405516383022e-10,4.320543794927331e-11,1.197567550183537e-09
ANs,451.947,3.004332e-08,2.9225894610999235e-08,-2.543972480945437e-09,3.242211792967854e-08,3.160469254067777e-08,9.388996032616e-10,1.214742142608319e-10,4.37003370060662e-11,8.174253890007676e-10
ANs,451.9952,2.749182e-08,2.9375209444139026e-08,-2.5836585654652555e-09,2.990268924578951e-08,3.1786078689928535e-08,-1.7550117631014964e-09,1.2837768103752673e-10,4.441163863821819e-11,-1.8833894441390253e-09
ANs,452.0435,2.989377e-08,2.9541960415909815e-08,-2.6221899410951658e-09,3.233433964071544e-08,3.1982530056625256e-08,4.880796729130425e-10,1.3627008882285972e-10,4.5350211556867924e-11,3.518095840901877e-10
ANs,452.0917,2.844593e-08,2.9717692750832642e-08,-2.659555141180376e-09,3.09137852252605e-08,3.218554797609314e-08,-1.1265829650041226e-09,1.4517978582851923e-10,4.652013009136115e-11,-1.2717627508326427e-09
ANs,452.1399,2.915537e-08,2.989411043091525e-08,-2.6957733533921237e-09,3.1648051723513924e-08,3.238679215442918e-08,-5.835671741767198e-10,1.5517325673853258e-10,4.791837313966735e-11,-7.387404309152509e-10
ANs,452.1881,3.182143e-08,3.0063871863674285e-08,-2.7308938568497894e-09,3.433642483786789e-08,3.2578866701542175e-08,1.9239220810243787e-09,1.6636394469866532e-10,4.953507428323644e-11,1.7575581363257173e-09
ANs,452.2364,2.998928e-08,3.022118064355578e-08,-2.7649947002344563e-09,3.252401325860768e-08,3.275591390216345e-08,-5.299311393591213e-11,1.7890752961986231e-10,5.13539120069219e-11,-2.3190064355578057e-10
ANs,452.2846,2.921825e-08,3.0362178371926286e-08,-2.798180654221134e-09,3.17700907102482e-08,3.291401908217448e-08,-9.509417550977025e-10,1.929866168285776e-10,5.335332714435773e-11,-1.1439283719262846e-09
ANs,452.3328,2.936158e-08,3.048497332622097e-08,-2.8305804898525313e-09,3.1927873345125105e-08,3.305126667134607e-08,-9.146139550688805e-10,2.0877937115209102e-10,5.550777357533903e-11,-1.1233933262209678e-09
ANs,452.381,3.226713e-08,3.0589390613891247e-08,-2.862343651471636e-09,3.484526450850623e-08,3.316752512239747e-08,1.904158896588589e-09,2.264195104798292e-10,5.7789632485580186e-11,1.6777393861087555e-09
ANs,452.4292,3.058387e-08,3.067643296706983e-08,-2.893636408094511e-09,3.3171387183968245e-08,3.3263950151038074e-08,1.5338521977537893e-10,2.459481868452086e-10,6.017103728105379e-11,-9.256296706982987e-11
ANs,452.4774,3.052786e-08,3.074759916575273e-08,-2.92463758025435e-09,3.31226031304767e-08,3.334234229622942e-08,4.7529362938212727e-11,2.672685286909367e-10,6.262592108671475e-11,-2.1973916575272506e-10
ANs,452.5256,3.0034e-08,3.080417099922542e-08,-2.9555339500508e-09,3.263429251831216e-08,3.340446351753758e-08,-4.80061382338031e-10,2.90109616887388e-10,6.513181485125086e-11,-7.701709992254193e-10
ANs,452.5739,3.159057e-08,3.084661680527759e-08,-2.9865154701257265e-09,3.419540526593527e-08,3.3451452071212864e-08,1.0579621913800631e-09,3.140089966576597e-10,6.767120753279195e-11,7.439531947224039e-10
ANs,452.6221,3.151756e-08,3.087423702697061e-08,-3.017770392355849e-09,3.4126776275501536e-08,3.348345330247215e-08,9.81644718642268e-10,3.383217456128802e-10,7.023237124143054e-11,6.433229730293873e-10
ANs,452.6703,2.954006e-08,3.088511431119037e-08,-3.0494804390769504e-09,3.215447670333403e-08,3.34995310145244e-08,-9.82799566485168e-10,3.6225474470520566e-10,7.28089910377139e-11,-1.3450543111903662e-09
ANs,452.7185,3.097848e-08,3.087640630255235e-08,-3.081816138581851e-09,3.359996662256608e-08,3.3497892925118425e-08,4.870040518244049e-10,3.8493035437675266e-10,7.539916163902011e-11,1.0207369744765334e-10
ANs,452.7667,2.845101e-08,3.084490965900139e-08,-3.1149324424929055e-09,3.1082476341121555e-08,3.347637600012295e-08,-1.9884363692061614e-09,4.054632897952306e-10,7.800281157612088e-11,-2.3938996590013894e-09
ANs,452.8149,3.137365e-08,3.0787810305863944e-08,-3.1489647355030254e-09,3.401894500103815e-08,3.3433105306902095e-08,1.0088904084483372e-09,4.230507143122821e-10,8.06190201525965e-11,5.858396941360567e-10
ANs,452.8631,3.092666e-08,3.070345585784989e-08,-3.1840253380870627e-09,3.359039295094426e-08,3.336718880879415e-08,6.602542102706043e-10,4.3705006812050116e-10,8.324231902230338e-11,2.232041421501084e-10
ANs,452.9113,3.009662e-08,3.0592000934733316e-08,-3.220200590356551e-09,3.278391983164864e-08,3.327930076638196e-08,-4.833983343419761e-11,4.4704110129912466e-10,8.585965740878667e-11,-4.953809347333167e-10
ANs,452.9595,2.994108e-08,3.045579590348231e-08,-3.2575485905791963e-09,3.265732561085671e-08,3.3172041514339016e-08,-6.186047362223699e-11,4.5285542986007013e-10,8.844754986241864e-11,-5.147159034823067e-10
ANs,453.0077,2.93396e-08,3.029939894824756e-08,-3.2960976453792466e-09,3.209014998327317e-08,3.304994893152073e-08,-5.052226081032648e-10,4.545763401442957e-10,9.097132196178272e-11,-9.597989482475596e-10
ANs,453.0559,2.885232e-08,3.012920303090914e-08,-3.335845470691954e-09,3.1642275534378017e-08,3.291915856528716e-08,-8.243787366747411e-10,4.525042942344067e-10,9.338564207953224e-11,-1.27688303090914e-09
ANs,453.1041,2.998384e-08,2.995272413257012e-08,-3.3767591636175845e-09,3.281786314870957e-08,3.2786747281279687e-08,4.782151710818867e-10,4.4709930365200636e-10,9.563671125601111e-11,3.1115867429880146e-11
ANs,453.1523,3.040696e-08,2.9777607614863844e-08,-3.418775945884569e-09,3.328915984541356e-08,3.2659807460277396e-08,1.0682618824719923e-09,4.389094973358233e-10,9.766660313519012e-11,6.293523851361584e-10
ANs,453.2005,2.854204e-08,2.9610562975734414e-08,-3.4618046601777494e-09,3.1475927904214206e-08,3.2544450879948616e-08,-6.400242372513664e-10,4.2849873848304163e-10,9.941801748050422e-11,-1.0685229757344132e-09
ANs,453.2487,2.942521e-08,2.9456352553739506e-08,-3.5057279816064937e-09,3.241371396112567e-08,3.2444856514865176e-08,3.8524188092021476e-10,4.163844346597213e-10,1.0083958582110024e-10,-3.1142553739505234e-11
ANs,453.2969,2.798482e-08,2.931700851950731e-08,-3.550405288557551e-09,3.103034132430883e-08,3.2362529843816137e-08,-9.291952321118567e-10,4.0299328739544286e-10,1.0189067685327835e-10,-1.3321885195073082e-09
ANs,453.345,2.951242e-08,2.9191420843840842e-08,-3.595676120553143e-09,3.2616909580261695e-08,3.229591042410254e-08,7.096408106835826e-10,3.8864165452442563e-10,1.0254488576701953e-10,3.209991561591593e-10
ANs,453.3932,3.07295e-08,2.90753423927013e-08,-3.6413641359353844e-09,3.3894533303254776e-08,3.224037569595608e-08,2.0276962549225386e-09,3.7353864762384254e-10,1.0279218505676366e-10,1.6541576072986977e-09
ANs,453.4414,2.751988e-08,2.8961829995892195e-08,-3.6872814695964825e-09,3.074671236962471e-08,3.218866236551691e-08,-1.0841403592429088e-09,3.578096366492898e-10,1.0263946332248365e-10,-1.4419499958921958e-09
ANs,453.4896,2.935936e-08,2.8842050820758148e-08,-3.733233380888397e-09,3.264895143976817e-08,3.213164226052632e-08,8.588414092429628e-10,3.4153223000111924e-10,1.0210971111910689e-10,5.173091792418528e-10
ANs,453.5378,2.67059e-08,2.8706352786404564e-08,-3.779023074529566e-09,3.005890303993621e-08,3.205935582634077e-08,-1.6756730010862267e-09,3.247797853183391e-10,1.0124024927501802e-10,-2.0004527864045655e-09
ANs,453.586,2.910692e-08,2.85454374289217e-08,-3.824456572964869e-09,3.2523635184740136e-08,3.196215261366184e-08,8.691434900374008e-10,3.0766091895910643e-10,1.0008046926562845e-10,5.614825710783007e-10
ANs,453.6342,2.836719e-08,2.8351479875542565e-08,-3.86934751733759e-09,3.1847499620556055e-08,3.183178949609862e-08,3.060586698113223e-10,2.903485453538925e-10,9.868935142764444e-11,1.5710124457434637e-11
ANs,453.6823,2.747587e-08,2.8119087718206267e-08,-3.913521776032145e-09,3.101916080886592e-08,3.166237852707219e-08,-3.701201022492327e-10,2.7309761595703364e-10,9.713335120918837e-11,-6.432177182062679e-10
ANs,453.7305,2.817124e-08,2.784593628297983e-08,-3.956821744597701e-09,3.17763360821096e-08,3.1451032365089436e-08,5.815452108369251e-10,2.562414938167625e-10,9.548416867133647e-11,3.25303717020168e-10
ANs,453.7787,2.6835e-08,2.75330752250837e-08,-3.999110228643755e-09,3.050011769056244e-08,3.1198192915646144e-08,-4.5789958443459595e-10,2.401756406491107e-10,9.381689743220233e-11,-6.98075225083701e-10
ANs,453.8269,2.705279e-08,2.7184916298370937e-08,-4.040273811812714e-09,3.0775524883213123e-08,3.0907651181584064e-08,9.320422489003849e-11,2.2533052326098022e-10,9.220840533861021e-11,-1.3212629837093695e-10
ANs,453.875,2.889978e-08,2.680885202664293e-08,-4.080225623916723e-09,3.26771360315056e-08,3.0586208058148534e-08,2.3030623113646634e-09,2.1213433800759078e-10,9.073525440352477e-11,2.0909279733570705e-09
ANs,453.9232,2.615187e-08,2.6414706596296753e-08,-4.118907439448919e-09,2.998032586472332e-08,3.0243162461020075e-08,-6.185689905617356e-11,2.0097969724058325e-10,8.9471877485017e-11,-2.628365962967534e-10
ANs,453.9714,2.681696e-08,2.6014022165696397e-08,-4.15629105356182e-09,3.069256864590107e-08,2.9889630811597476e-08,9.951318563798983e-10,1.9219402207630208e-10,8.848838558444261e-11,8.029378343036009e-10
ANs,454.0196,2.857405e-08,2.5619288975007742e-08,-4.192378900821855e-09,3.249256128633906e-08,2.9537800261346803e-08,3.1407804029626012e-09,1.8601937797034228e-10,8.784823651245371e-11,2.9547610249922586e-09
ANs,454.0677,2.441439e-08,2.5243258575219488e-08,-4.227203901140147e-09,2.837138381905917e-08,2.9200252394278658e-08,-6.462644935343704e-10,1.8260408168511727e-10,8.760600039586018e-11,-8.288685752194868e-10
ANs,454.1159,2.349145e-08,2.4898316043893254e-08,-4.260828536763875e-09,2.7482470934982173e-08,2.8889336978875428e-08,-1.224863539150138e-09,1.82002504743117e-10,8.780509703858262e-11,-1.4068660438932549e-09
ANs,454.1641,2.248305e-08,2.459595598914251e-08,-4.2933431835990145e-09,2.65037363318311e-08,2.861664232097361e-08,-1.9287249786155964e-09,1.841810105269125e-10,8.847584124100306e-11,-2.1129059891425103e-09
ANs,454.2122,2.354445e-08,2.434642029301991e-08,-4.3248637389347994e-09,2.7590654585568135e-08,2.8392624878588045e-08,-6.129449574652307e-10,1.89025335554679e-10,8.963381781198307e-11,-8.019702930199108e-10
ANs,454.2604,2.180473e-08,2.4158331208245184e-08,-4.355528605379384e-09,2.5872633840647293e-08,2.822623504889248e-08,-2.157255375006436e-09,1.9634583323874797e-10,9.127893149334156e-11,-2.353601208245185e-09
ANs,454.3086,2.286936e-08,2.4038420410246017e-08,-4.385495107047205e-09,2.6955581140031112e-08,2.8124641550277128e-08,-9.631816229299579e-10,2.0587878731605555e-10,9.33951797000361e-11,-1.1690604102460164e-09
ANs,454.3567,2.465442e-08,2.399125601373836e-08,-4.414935428352537e-09,2.8756121852785653e-08,2.8092957866524014e-08,8.80446552013961e-10,2.1728256575232472e-10,9.595100981456073e-11,6.631639862616385e-10
ANs,454.4049,2.384265e-08,2.4018937017670326e-08,-4.444032177799719e-09,2.795764607277794e-08,2.8133933090448263e-08,5.3847987525421075e-11,2.3013500519574376e-10,9.890109982603755e-11,-1.7628701767032478e-10
ANs,454.4531,2.275894e-08,2.412082172516302e-08,-4.472973688615017e-09,2.6885792841842935e-08,2.8247674567005954e-08,-1.1179495182491057e-09,2.439322069139138e-10,1.0218863985816674e-10,-1.361881725163019e-09
ANs,454.5012,2.348539e-08,2.4293289716022306e-08,-4.501949174699885e-09,2.7623493845088643e-08,2.843139356111095e-08,-5.498031152349861e-10,2.58096600787318e-10,1.0574872882392205e-10,-8.078997160223056e-10
ANs,454.5494,2.490356e-08,2.4529636059461453e-08,-4.531143864032852e-09,2.9053193449905412e-08,2.8679269509366864e-08,6.45921631286422e-10,2.719976907478766e-10,1.0951272337956485e-10,3.73923940538548e-10
ANs,454.5975,2.302724e-08,2.4820124349513918e-08,-4.560734232215979e-09,2.7189577298077457e-08,2.8982461647591376e-08,-1.5079000811879398e-09,2.8498426832597755e-10,1.1341266581254071e-10,-1.7928843495139192e-09
ANs,454.6457,2.503435e-08,2.5152289794286e-08,-4.590883456336875e-09,2.9211418026098793e-08,2.9329357820384793e-08,1.7848948252039537e-10,2.9642927680639584e-10,1.17386153431685e-10,-1.1793979428600057e-10
ANs,454.6938,2.381516e-08,2.5511527873035047e-08,-4.621737203762806e-09,2.800973458968359e-08,2.9706102462718638e-08,-1.3905863093911514e-09,3.0578156364389833e-10,1.2138105043531912e-10,-1.6963678730350475e-09
ANs,454.742,2.700886e-08,2.588185917899468e-08,-4.6534198620391e-09,3.122430619722194e-08,3.009730537621662e-08,1.4396159338547753e-09,3.126151128494549e-10,1.2535855196770375e-10,1.1270008210053196e-09
ANs,454.7901,2.60607e-08,2.6246974558506717e-08,-4.686031304943021e-09,3.030076254779749e-08,3.04870371063042e-08,1.3039841123812522e-10,3.16672969744838e-10,1.2929578740069912e-10,-1.862745585067153e-10
ANs,454.8383,2.860833e-08,2.6591262977023752e-08,-4.719644276226844e-09,3.2876895311313705e-08,3.085982828833746e-08,2.334960632337122e-09,3.178936093608753e-10,1.3318535555226455e-10,2.0170670229762474e-09
ANs,454.8864,2.728883e-08,2.6900860392296205e-08,-4.75430245701081e-09,3.158968054703188e-08,3.120171093932808e-08,7.043884284748544e-10,3.16418820771055e-10,1.3703308920787244e-10,3.8796960770379457e-10
ANs,454.9346,2.633834e-08,2.7164461285774698e-08,-4.790019265550445e-09,3.067492709890974e-08,3.150104838468444e-08,-5.13541734161158e-10,3.1257955161354806e-10,1.4085261502715965e-10,-8.261212857746979e-10
ANs,454.9827,2.803761e-08,2.737389115179928e-08,-4.826777419638391e-09,3.241286661836509e-08,3.1749147770164376e-08,9.705816766283657e-10,3.06862828427652e-10,1.4465797284564875e-10,6.637188482007191e-10
ANs,455.0309,2.798975e-08,2.7524338012141285e-08,-4.86452927267336e-09,3.240596060911605e-08,3.194054862125734e-08,7.652759931552285e-10,2.998640052965188e-10,1.484546582607879e-10,4.6541198785871593e-10
ANs,455.079,2.955203e-08,2.7614270971537663e-08,-4.903197914923327e-09,3.4010766125562335e-08,3.2073007097100003e-08,2.2299901038670554e-09,2.922310754047227e-10,1.5223071395626478e-10,1.937759028462335e-09
ANs,455.1272,2.984401e-08,2.7645052423177767e-08,-4.942679012218055e-09,3.434613020980613e-08,3.2147172632983895e-08,2.4835679612550906e-09,2.8461038443285734e-10,1.5594841797906873e-10,2.1989575768222355e-09
ANs,455.1753,2.999264e-08,2.762042032971185e-08,-4.982843335714176e-09,3.453834650010422e-08,3.216612682981607e-08,2.6498164060170126e-09,2.77596735728863e-10,1.5954009988109602e-10,2.3722196702881507e-09
ANs,455.2234,2.935201e-08,2.7545849749179432e-08,-5.023539918952773e-09,3.394094518412826e-08,3.213478493330769e-08,2.077858639334819e-09,2.7169838851424824e-10,1.6290634631026894e-10,1.8061602508205685e-09
ANs,455.2716,2.696763e-08,2.7427973458344513e-08,-5.064599762614291e-09,3.1598996568649854e-08,3.205934002699437e-08,-1.9303047710906556e-10,2.6731298123545077e-10,1.6592021272898722e-10,-4.6034345834451194e-10
ANs,455.3197,2.91651e-08,2.7274086673863464e-08,-5.105839993567044e-09,3.383778662682287e-08,3.194677330068634e-08,2.1557319691100552e-09,2.64718642973523e-10,1.6843472377064685e-10,1.8910133261365345e-09
ANs,455.3679,2.998786e-08,2.7091789429584255e-08,-5.147068373352124e-09,3.470055974712998e-08,3.180448917671423e-08,3.1601450743560723e-09,2.6407450394032586e-10,1.7029412228181974e-10,2.896070570415744e-09
ANs,455.416,2.872256e-08,2.688875649088289e-08,-5.1880880424374944e-09,3.347387364373472e-08,3.164007013461761e-08,2.0992311999696445e-09,2.65427690852532e-10,1.7134670785024083e-10,1.833803509117109e-09
ANs,455.4641,2.874028e-08,2.6672587140738115e-08,-5.228702380629941e-09,3.352880204543638e-08,3.146110918617449e-08,2.3364154836148825e-09,2.6872262435299234e-10,1.7145771084056988e-10,2.0676928592618863e-09
ANs,455.5123,2.355955e-08,2.645071413601047e-08,-5.268719861104945e-09,2.838393991899961e-08,3.127510405501008e-08,-2.6173544866095986e-09,2.7380964940087236e-10,1.7052029270446246e-10,-2.891164136010471e-09
ANs,455.5604,2.635377e-08,2.623028666618042e-08,-5.307958775675496e-09,3.121281288569386e-08,3.108932955187429e-08,4.039353367766443e-10,2.8045200295707165e-10,1.6846388702455908e-10,1.2348333381957784e-10
ANs,455.6085,2.731245e-08,2.6017991542457256e-08,-5.346251712167116e-09,3.2205109956249794e-08,3.0910651498707055e-08,1.582791300226366e-09,2.8833284268362776e-10,1.6525891323369116e-10,1.2944584575427453e-09
ANs,455.6566,2.409569e-08,2.581982232545581e-08,-5.383449671016304e-09,2.9021157706315095e-08,3.0745290031770904e-08,-1.4270686240828595e-09,2.9706370137294786e-10,1.60918263328263e-10,-1.7241323254558086e-09
ANs,455.7048,2.547031e-08,2.564076604215617e-08,-5.419425717305321e-09,3.0428041356051606e-08,3.059849739820778e-08,1.3574248248566251e-10,3.0619852464183564e-10,1.554958366118758e-10,-1.7045604215617199e-10
ANs,455.7529,2.670043e-08,2.5484460226495458e-08,-5.454078076158885e-09,3.169017014013189e-08,3.047420036662735e-08,1.5312247806709938e-09,3.1525500716644975e-10,1.4908292886054251e-10,1.2159697735045408e-09
ANs,455.801,2.525703e-08,2.5352850429013923e-08,-5.487332593462088e-09,3.0278815336974396e-08,3.0374635765988324e-08,2.279241673273645e-10,3.237445963412913e-10,1.4180266014639507e-10,-9.582042901392444e-11
ANs,455.8491,2.27046e-08,2.524592992534139e-08,-5.5191444998603705e-09,2.775873270140864e-08,3.0300062626750025e-08,-2.2101222174304993e-09,3.3120770791088993e-10,1.33804090540843e-10,-2.5413299253413898e-09
ANs,455.8973,2.723558e-08,2.5161585780557534e-08,-5.549499433567822e-09,3.2322572087322625e-08,3.0248577867880164e-08,2.4112463370910483e-09,3.372521176485826e-10,1.2525522859660668e-10,2.0739942194424674e-09
ANs,455.9454,2.386165e-08,2.5095609376817347e-08,-5.57841369619697e-09,2.8982139890606707e-08,3.021609926742405e-08,-8.923713372947712e-10,3.4158803952257437e-10,1.163357660676899e-10,-1.2339593768173468e-09
ANs,455.9935,2.65956e-08,2.5041887107477278e-08,-5.605933735160111e-09,3.1750250174720514e-08,3.019653728219779e-08,1.8977675967017797e-09,3.4405470417905616e-10,1.072288562605393e-10,1.553712892522722e-09
ANs,456.0416,2.567456e-08,2.499277637153965e-08,-5.632134865691793e-09,3.0863948250513304e-08,3.0182164622052954e-08,1.026416350309195e-09,3.4463272184884565e-10,9.811389332964087e-11,6.817836284603496e-10
ANs,456.0897,2.25497e-08,2.493963128044775e-08,-5.657119264712593e-09,2.7774219633740732e-08,3.016415091418848e-08,-2.0464904920464233e-09,3.434407884013246e-10,8.915884257053734e-11,-2.3899312804477497e-09
ANs,456.1379,2.679338e-08,2.4873434070197998e-08,-5.6810132871126045e-09,3.205316432433974e-08,3.0133218394537735e-08,2.260661917321717e-09,3.4071598751971823e-10,8.051297525315019e-11,1.9199459298020015e-09
ANs,456.186,2.27092e-08,2.478547415855745e-08,-5.703964172116016e-09,2.800408125011588e-08,3.008035540867333e-08,-1.7394931539793847e-09,3.3678100457806797e-10,7.230191742206891e-11,-2.07627415855745e-09
ANs,456.2341,2.522571e-08,2.4668007121707658e-08,-5.726136222765405e-09,3.05552190707235e-08,2.9997516192431155e-08,8.897063612688849e-10,3.3200348297654174e-10,6.462366906536442e-11,5.577028782923426e-10
ANs,456.2822,2.516986e-08,2.451483832208633e-08,-5.747706554847944e-09,3.053326572806346e-08,2.9878244050149786e-08,9.817755394458757e-10,3.26753861532204e-10,5.754696525228246e-11,6.550216779136724e-10
ANs,456.3303,2.452911e-08,2.432177783606181e-08,-5.768860522440888e-09,2.9925491648992197e-08,2.971815948505401e-08,5.286998145227748e-10,3.2136765058458976e-10,5.111122286410012e-11,2.0733216393819082e-10
ANs,456.3784,2.350777e-08,2.4086961642838642e-08,-5.78978693540678e-09,2.8936109586150446e-08,2.9515301228989087e-08,-2.630735539372969e-10,3.161180889013437e-10,4.532926035499005e-11,-5.791916428386413e-10
ANs,456.4265,2.456001e-08,2.381101334543204e-08,-5.810673189414044e-09,3.001929142776719e-08,2.927029477319923e-08,1.0601975878117461e-09,3.1120093324378544e-10,4.019082840307038e-11,7.489966545679581e-10
ANs,456.4746,2.259303e-08,2.349706620585296e-08,-5.831700431264129e-09,2.808233091349549e-08,2.898636711934845e-08,-5.973040337976995e-10,3.0673217205526267e-10,3.566734571337875e-11,-9.040362058529622e-10
ANs,456.5227,2.294447e-08,2.315063594159219e-08,-5.8530388814161504e-09,2.8463036141866987e-08,2.8669202083459177e-08,9.659011537461497e-11,3.027560569668055e-10,3.171668258235989e-11,-2.0616594159218995e-10
ANs,456.5708,2.212528e-08,2.2779420177960054e-08,-5.874843431636815e-09,2.767257441692539e-08,2.8326714594885444e-08,-3.5487956779763396e-10,2.9926061016241824e-10,2.8288404549008312e-11,-6.541401779600526e-10
ANs,456.6189,2.149747e-08,2.23929832586348e-08,-5.897249628766903e-09,2.7073196456912488e-08,2.7968709715547285e-08,-5.993181058335835e-10,2.961951528012153e-10,2.532801905320289e-11,-8.955132586347975e-10
ANs,456.667,1.845288e-08,2.2002346654003445e-08,-5.9203701458609635e-09,2.4056983530417428e-08,2.760645018442087e-08,-3.2559804288698606e-09,2.9348622513358473e-10,2.2780390309954017e-11,-3.5494666540034432e-09
ANs,456.7151,1.714078e-08,2.1619586624791233e-08,-5.944291829669251e-09,2.2773429351761546e-08,2.7252235976552775e-08,-4.1877569460092095e-09,2.9104967878201885e-10,2.059279912568652e-11,-4.478806624791233e-09
ANs,456.7632,2.177709e-08,2.1257283569072714e-08,-5.969073398900331e-09,2.7438650667750767e-08,2.691884423682348e-08,8.086028187001415e-10,2.8879638777285283e-10,1.8716343376709744e-11,5.198064309272857e-10
ANs,456.8113,2.216999e-08,2.0928006262387615e-08,-5.994743851295338e-09,2.7860993367895663e-08,2.661900963028328e-08,1.5286171467202681e-09,2.866334091078837e-10,1.7107074291791852e-11,1.2419837376123841e-09
ANs,456.8594,2.174818e-08,2.0643810553505864e-08,-6.021301619674509e-09,2.7469293181593193e-08,2.636492373509906e-08,1.3888313755084949e-09,2.844619290143608e-10,1.5726509066952546e-11,1.1043694464941346e-09
ANs,456.9075,1.753645e-08,2.041569007307702e-08,-6.048714498233572e-09,2.328844932413208e-08,2.61676893972091e-08,-2.597066189601504e-09,2.821738834755133e-10,1.4541290625977689e-11,-2.879240073077019e-09
ANs,456.9556,2.225479e-08,2.0253159594480926e-08,-6.076920340948233e-09,2.8038536765842495e-08,2.6036906360323422e-08,2.2812810417792708e-09,2.796506362601966e-10,1.3522938845538494e-11,2.001630405519073e-09
ANs,457.0037,1.790679e-08,2.0163875384307353e-08,-6.1058285144786685e-09,2.372320691027488e-08,2.5980292294582232e-08,-1.9803209469065306e-09,2.7676443740082286e-10,1.264716680296871e-11,-2.257085384307354e-09
ANs,457.0518,1.633779e-08,2.0153391811527848e-08,-6.135322068943655e-09,2.218783446849726e-08,2.600343628002511e-08,-3.5422176021408752e-09,2.733842093869747e-10,1.1893391059419645e-11,-3.8156018115278484e-09
ANs,457.0999,1.719392e-08,2.02249878030667e-08,-6.165260571835099e-09,2.3078552801353086e-08,2.6109620604419787e-08,-2.76168402396873e-09,2.693837790979701e-10,1.1243991384042797e-11,-3.0310678030667002e-09
ANs,457.148,1.899915e-08,2.0379607244025002e-08,-6.19548353362485e-09,2.4919297223960185e-08,2.629975446798519e-08,-1.1158047987188748e-09,2.6465244530612775e-10,1.068386435853535e-11,-1.380457244025004e-09
ANs,457.1961,1.861866e-08,2.0615873811922743e-08,-6.225814338697885e-09,2.4575169765467166e-08,2.657238357738991e-08,-1.7381091504347922e-09,2.591046614879508e-10,1.0199911742767737e-11,-1.997213811922743e-09
ANs,457.2441,2.020763e-08,2.0930150059327942e-08,-6.256064582505864e-09,2.6201225569570583e-08,2.6923745628898526e-08,-4.698317706456592e-10,2.526882886822869e-10,9.780724252996354e-12,-7.22520059327943e-10
ANs,457.2922,2.18474e-08,2.131664523870174e-08,-6.286038705593433e-09,2.7878632949806452e-08,2.7347878188508193e-08,7.761442234158084e-10,2.4538946211755056e-10,9.416293669430205e-12,5.307547612982585e-10
ANs,457.3403,2.07471e-08,2.176756487645746e-08,-6.3155388076649975e-09,2.6816306779168348e-08,2.7836771655625808e-08,-7.832306763757385e-10,2.372342000817211e-10,9.097828414925753e-12,-1.0204648764574599e-09
ANs,457.3884,2.462715e-08,2.2273349577317767e-08,-6.344369520320457e-09,3.0734415322928174e-08,2.8380614900245937e-08,2.5820870022459682e-09,2.282865795637318e-10,8.817617828554638e-12,2.3538004226822337e-09
ANs,457.4365,2.446411e-08,2.2822888418565873e-08,-6.372342815609319e-09,3.060923711900289e-08,2.8968015537568765e-08,1.859868256493209e-09,2.1864667505908496e-10,8.569021547344508e-12,1.6412215814341255e-09
ANs,457.4846,2.338711e-08,2.3403955604683524e-08,-6.399282629170726e-09,2.9569600969517946e-08,2.958644657420147e-08,1.91599629710224e-10,2.0844523439374872e-10,8.346425259035397e-12,-1.6845604683522935e-11
ANs,457.5326,2.368747e-08,2.400365692217761e-08,-6.4250291814015e-09,2.9906514583477886e-08,3.02227015056555e-08,-1.183476104588582e-10,1.9783931171875663e-10,8.145286204851902e-12,-3.1618692217761154e-10
ANs,457.5807,2.506267e-08,2.460888906144177e-08,-6.4494428877076834e-09,3.1317142212515776e-08,3.086336127395755e-08,6.407894149216248e-10,1.87008476363399e-10,7.962198828509304e-12,4.537809385582301e-10
ANs,457.6288,2.502263e-08,2.5206979745485342e-08,-6.472407759254911e-09,3.1311095259360895e-08,3.149544500484623e-08,-8.202145870965737e-12,1.7614759961436911e-10,7.794900279651306e-12,-1.8434974548534253e-10
ANs,457.6769,2.498965e-08,2.578619831590078e-08,-6.493834208478482e-09,3.131038215869538e-08,3.210693047459616e-08,-6.310885414452932e-10,1.6545977445548964e-10,7.642275327611997e-12,-7.965483159007808e-10
ANs,457.7249,2.788064e-08,2.633613510266159e-08,-6.513661188621055e-09,3.423164886731364e-08,3.268714396997523e-08,1.6996529152295983e-09,1.5514801789119205e-10,7.50430341622884e-12,1.5445048973384117e-09
ANs,457.773,2.614368e-08,2.68480839689407e-08,-6.531857613356304e-09,3.2522753189493126e-08,3.3227157158433824e-08,-5.59001428754832e-10,1.4540254018586387e-10,7.38188367731471e-12,-7.04403968940702e-10
ANs,457.8211,2.614109e-08,2.7315114010405753e-08,-6.548423020707202e-09,3.2545846881713225e-08,3.371987089211898e-08,-1.0376344706486508e-09,1.3638953975710219e-10,7.276599236872315e-12,-1.1740240104057523e-09
ANs,457.8691,2.775711e-08,2.7732046793003615e-08,-6.563387464520363e-09,3.418506781543903e-08,3.416000460844265e-08,1.533024913390619e-10,1.2823928434268277e-10,7.190364738646455e-12,2.506320699638513e-11
ANs,457.9172,2.767021e-08,2.8095284243940402e-08,-6.5768106362325365e-09,3.411885871513672e-08,3.4543932959077115e-08,-3.0403732078217265e-10,1.2103692315822256e-10,7.124997937598153e-12,-4.2507424394040257e-10
ANs,457.9653,2.873354e-08,2.8402599657917656e-08,-6.588780239071156e-09,3.520042174208354e-08,3.4869481400001195e-08,4.457571023459403e-10,1.1481676026358887e-10,7.0817367240239315e-12,3.3094034208234443e-10
ANs,458.0133,3.041179e-08,2.8652887218896652e-08,-6.599409655678331e-09,3.6894576491987855e-08,3.513567371088451e-08,1.8684651804777732e-09,1.0956239937442046e-10,7.0607643160539564e-12,1.7589027811033483e-09
ANs,458.0614,2.927296e-08,2.8846034751841088e-08,-6.6088349679617515e-09,3.5769523204586586e-08,3.534259795642767e-08,5.32136227059938e-10,1.0521097890102301e-10,7.060784474146713e-12,4.269252481589123e-10
ANs,458.1095,2.72803e-08,2.8982830023299032e-08,-6.6172114043075416e-09,3.378876951980034e-08,3.549129954309937e-08,-1.6008668654947707e-09,1.0166315780426045e-10,7.0787267029457854e-12,-1.702530023299032e-09
ANs,458.1575,3.133114e-08,2.906501852280248e-08,-6.624709303727358e-09,3.78499446499643e-08,3.558382317276678e-08,2.36491650088015e-09,9.879502368262589e-11,7.109630080433437e-12,2.2661214771975216e-09
ANs,458.2056,3.073479e-08,2.9095343184928197e-08,-6.6315096986909655e-09,3.7262680073398996e-08,3.5623233258327194e-08,1.735919686506248e-09,9.647287143444193e-11,7.146753857525424e-12,1.6394468150718056e-09
ANs,458.2537,2.909534e-08,2.9077577617917326e-08,-6.63779962800923e-09,3.563139031688771e-08,3.5613627934805036e-08,1.1232976333492539e-10,9.456738125224317e-11,7.181929869274195e-12,1.776238208267328e-11
ANs,458.3017,2.816811e-08,2.9016437727928124e-08,-6.643767297938314e-09,3.471170405299729e-08,3.556003178092541e-08,-7.553606115821978e-10,9.29671163459264e-11,7.206128595106183e-12,-8.483277279281245e-10
ANs,458.3498,3.128577e-08,2.8917340108344884e-08,-6.649597213502549e-09,3.783656811474719e-08,3.546813822309207e-08,2.460018789392735e-09,9.158889773762165e-11,7.210201017745555e-12,2.3684298916551156e-09
ANs,458.3978,2.94994e-08,2.878598298634051e-08,-6.655465402784256e-09,3.605729459177217e-08,3.534387757811268e-08,8.038021304753751e-10,9.03851168158844e-11,7.1856941962085125e-12,7.1341701365949e-10
ANs,458.4459,2.950556e-08,2.862781942129708e-08,-6.661534854584957e-09,3.607062242554571e-08,3.519288184684279e-08,9.670873571127394e-10,8.934677840982156e-11,7.125650629428417e-12,8.777405787029179e-10
ANs,458.4939,2.939559e-08,2.84474584392725e-08,-6.667951284482878e-09,3.596801457614488e-08,3.501988301541738e-08,1.0366329887321425e-09,8.850142800464126e-11,7.025280333352191e-12,9.48131560727498e-10
ANs,458.542,2.760728e-08,2.824816518340069e-08,-6.674839336032242e-09,3.418733055548672e-08,3.482821573888741e-08,-5.529788271242101e-10,8.790635627648275e-11,6.88242426903821e-12,-6.408851834006907e-10
ANs,458.59,2.790064e-08,2.8031529825700324e-08,-6.6822993128790766e-09,3.448860457215167e-08,3.461949439785199e-08,-4.32528323593952e-11,8.763699334092236e-11,6.697747386482981e-12,-1.3088982570032388e-10
ANs,458.6381,2.808799e-08,2.7797396745398683e-08,-6.690404524182898e-09,3.468414812914606e-08,3.439355487454474e-08,3.7836501838170587e-10,8.777176378039658e-11,6.474631256442612e-12,2.905932546013172e-10
ANs,458.6861,2.871077e-08,2.7544125362227292e-08,-6.699199310271052e-09,3.531537520147794e-08,3.414873056370523e-08,1.2550199271209941e-09,8.837528934828184e-11,6.218819444833338e-12,1.1666446377727087e-09
ANs,458.7342,2.438555e-08,2.7269126536156842e-08,-6.708697798302626e-09,3.0998827668646677e-08,3.388240420480352e-08,-2.794094252323143e-09,8.948228383370166e-11,5.9378458222456814e-12,-2.8835765361568423e-09
ANs,458.7822,2.71054e-08,2.6969627461241706e-08,-6.718883419313868e-09,3.3727558174370296e-08,3.3591785635612e-08,2.268574387665442e-10,9.108490000825106e-11,5.640344935321911e-12,1.357725387582927e-10
ANs,458.8303,2.526734e-08,2.6643522643802516e-08,-6.7297091988213616e-09,3.1898587858954245e-08,3.327477050275676e-08,-1.2830566143191454e-09,9.312602948337371e-11,5.335310383744391e-12,-1.376182643802516e-09
ANs,458.8783,2.460559e-08,2.6290232543684055e-08,-6.741098813656251e-09,3.124615754460885e-08,3.29308000882929e-08,-1.5891427169466206e-09,9.549982673744065e-11,5.031442309966781e-12,-1.684642543684055e-09
ANs,458.9263,2.59221e-08,2.591138494499849e-08,-6.75294838838482e-09,3.257225184519188e-08,3.2561536790190374e-08,1.0877500540693118e-10,9.805995040542282e-11,4.736592787510896e-12,1.0715055001509745e-11
ANs,458.9744,2.693558e-08,2.551124363174044e-08,-6.76512898602435e-09,3.359561739621143e-08,3.217128102795187e-08,1.5249705733702661e-09,1.0063420511070799e-10,4.4573847022063565e-12,1.4243363682595593e-09
ANs,459.0224,2.507214e-08,2.509677870995718e-08,-6.777489730258758e-09,3.174238739267628e-08,3.176702610263346e-08,7.840464010249931e-11,1.0304335005967706e-10,4.1989875228001175e-12,-2.4638709957180863e-11
ANs,459.0705,2.346811e-08,2.4677428933763054e-08,-6.7898614804371856e-09,3.014888605351795e-08,3.1358204987281e-08,-1.104198601521478e-09,1.051203322415722e-10,3.965094677663806e-12,-1.2093189337630528e-09
ANs,459.1185,2.44028e-08,2.426450358414377e-08,-6.802060966702131e-09,3.1094375768126704e-08,3.095607935227048e-08,2.450236046693824e-10,1.0672718881316227e-10,3.7580097622648104e-12,1.3829641585622797e-10
ANs,459.1665,2.292684e-08,2.3870304151515542e-08,-6.813895280992913e-09,2.9629389696894844e-08,3.057285384841039e-08,-8.356973882584404e-10,1.0776676325710655e-10,3.5788208409616442e-12,-9.434641515155426e-10
ANs,459.2146,2.36374e-08,2.3507132831392258e-08,-6.8251666106980295e-09,3.035095147341715e-08,3.022068430480941e-08,2.3845465743609436e-10,1.0818748882835489e-10,3.4276484525268612e-12,1.3026716860774234e-10
ANs,459.2626,2.144783e-08,2.318622739235994e-08,-6.835677095612369e-09,2.8172221552843003e-08,2.991061894520295e-08,-1.630415730572424e-09,1.079816617875174e-10,3.3038809818494477e-12,-1.7383973923599412e-09
ANs,459.3106,2.496762e-08,2.2916801220238643e-08,-6.84523368574644e-09,3.1702469017097005e-08,2.9651650237335655e-08,2.1579970544142147e-09,1.0717827465286106e-10,3.2063939965688333e-12,2.050818779761357e-09
ANs,459.3587,2.389851e-08,2.2705275012490697e-08,-6.853652877513336e-09,3.064319648533158e-08,2.944996149782228e-08,1.2990676622417005e-09,1.0583267473239862e-10,3.133717449355661e-12,1.193234987509303e-09
ANs,459.4067,2.045824e-08,2.25548463541784e-08,-6.860765208885489e-09,2.721190531869662e-08,2.930851167287502e-08,-1.992590627266502e-09,1.0401572691189553e-10,3.0841632769699217e-12,-2.0966063541783986e-09
ANs,459.4547,2.132815e-08,2.246538506008995e-08,-6.866419400190016e-09,2.8089708889977887e-08,2.9226943950067838e-08,-1.03543044033832e-09,1.0180461975163011e-10,3.0558904604956033e-12,-1.137235060089951e-09
ANs,459.5027,2.175012e-08,2.2433697673575155e-08,-6.870486036145655e-09,2.8518282347732715e-08,2.920186002130787e-08,-5.843009182193863e-10,9.927675535576583e-11,3.046933057175722e-12,-6.835776735751536e-10
ANs,459.5508,2.308545e-08,2.2454104252415716e-08,-6.872860696310333e-09,2.9858748650979365e-08,2.9227402903395082e-08,7.278525905877047e-10,9.650684300341983e-11,3.0552023275462205e-12,6.313457475842829e-10
ANs,459.5988,2.210343e-08,2.2519252478607955e-08,-6.873466455015073e-09,2.888025096666801e-08,2.9296073445275966e-08,-3.222554746409634e-10,9.356700396699119e-11,3.0784843800714263e-12,-4.158224786079545e-10
ANs,459.6468,2.410432e-08,2.2621039751063155e-08,-6.872255687756298e-09,3.088293317149365e-08,2.939965292255681e-08,1.5738083193615666e-09,9.052807042472132e-11,3.114445837920506e-12,1.4832802489368462e-09
ANs,459.6948,2.369269e-08,2.2751539802735383e-08,-6.869211138504063e-09,3.047127989944132e-08,2.95301297021767e-08,1.028610768132639e-09,8.746057086802087e-11,3.1606681947257246e-12,9.411501972646161e-10
ANs,459.7428,1.951733e-08,2.2903796848399525e-08,-6.864346221017428e-09,2.6294026892431933e-08,2.9680493740831457e-08,-3.302032231818431e-09,8.443461658109079e-11,3.214712004406995e-12,-3.3864668483995234e-09
ANs,459.7909,2.321181e-08,2.3072411654637124e-08,-6.8577045465702555e-09,2.9984722874365884e-08,2.9845324529003e-08,2.2091580015183934e-10,8.151745478895851e-11,3.274217415416159e-12,1.3939834536287434e-10
ANs,459.8389,2.255724e-08,2.325385741754127e-08,-6.849358689994312e-09,2.932449252385834e-08,3.002110994139961e-08,-6.178482840301125e-10,7.876913351115616e-11,3.337032624815592e-12,-6.966174175412715e-10
ANs,459.8869,2.283808e-08,2.3446522990621206e-08,-6.839408225150026e-09,2.959785002335837e-08,3.0206293013979574e-08,-5.322061493731722e-10,7.623684124803464e-11,3.401360543625176e-12,-6.084429906212047e-10
ANs,459.9349,2.512087e-08,2.3650461456144356e-08,-6.827977079354266e-09,3.187143131160316e-08,3.0401022767747516e-08,1.5443584235548139e-09,7.394987969916852e-11,3.4658880519339608e-12,1.4704085438556425e-09
ANs,459.9829,2.131433e-08,2.3866994801605435e-08,-6.815210273464886e-09,2.8054095167409664e-08,3.06067599690151e-08,-2.480749603432833e-09,7.19151981725977e-11,3.5299078826221146e-12,-2.552664801605434e-09
ANs,460.0309,2.466088e-08,2.4098105821525674e-08,-6.801270129810464e-09,3.138844027533504e-08,3.0825666096860706e-08,6.328906729168623e-10,7.011649444253057e-11,3.5933600329022195e-12,5.627741784743259e-10
ANs,460.0789,2.512467e-08,2.434585214653551e-08,-6.786332043570338e-09,3.18388297896157e-08,3.106001193615121e-08,8.473332830192158e-10,6.851542955472529e-11,3.656824399907858e-12,7.788178534644894e-10
ANs,460.127,2.391646e-08,2.4611746768659464e-08,-6.770579924216153e-09,3.061626214568733e-08,3.131154891434679e-08,-6.282303979622419e-10,6.705637069721994e-11,3.7214078316077105e-12,-6.952867686594627e-10
ANs,460.175,2.370299e-08,2.4896240671594134e-08,-6.7542014219445914e-09,3.0387729784376766e-08,3.15809804559709e-08,-1.1275775811740372e-09,6.567309042009549e-11,3.788547147725419e-12,-1.193250671594133e-09
ANs,460.223,2.720569e-08,2.519831594266133e-08,-6.737383059451658e-09,3.387491666111854e-08,3.1867542603779866e-08,2.0716707271294458e-09,6.42966697907678e-11,3.8597285423495714e-12,2.0073740573386706e-09
ANs,460.271,2.741847e-08,2.551524455658375e-08,-6.720305391785428e-09,3.407197608084748e-08,3.216875063743123e-08,1.9660885979398283e-09,6.286315452357817e-11,3.936156414373698e-12,1.9032254434162483e-09
ANs,460.319,2.555544e-08,2.5842468320558227e-08,-6.703138316306277e-09,3.2193239807762994e-08,3.248026812832122e-08,-2.2570820975921034e-10,6.132011079901748e-11,4.018397744269075e-12,-2.870283205582261e-10
ANs,460.367,2.548123e-08,2.617366038772792e-08,-6.686036650999065e-09,3.210352956610862e-08,3.2795959953836544e-08,-6.327993683897846e-10,5.963101933813924e-11,4.10606555230226e-12,-6.924303877279207e-10
ANs,460.415,2.527115e-08,2.6500958330984417e-08,-6.669136092616193e-09,3.187831126166478e-08,3.31081195926492e-08,-1.1720310931812794e-09,5.7777237803141155e-11,4.1975931482653925e-12,-1.2298083309844174e-09
ANs,460.463,2.812582e-08,2.6815310709770353e-08,-6.652549656554119e-09,3.471832157893051e-08,3.340781228870086e-08,1.3662672347158633e-09,5.575794448621819e-11,4.290133137397028e-12,1.3105092902296454e-09
ANs,460.511,2.643817e-08,2.7106986824812124e-08,-6.6363646882206125e-09,3.301656676302657e-08,3.3685383587838695e-08,-6.152285301490501e-10,5.358829466307116e-11,4.379630530971163e-12,-6.688168248121249e-10
ANs,460.559,2.605785e-08,2.7366185008515038e-08,-6.620640521241649e-09,3.262273276839253e-08,3.393106777690757e-08,-1.2570383254420175e-09,5.129668307301998e-11,4.461069776090211e-12,-1.3083350085150387e-09
ANs,460.607,2.560891e-08,2.758372569486529e-08,-6.605406841548868e-09,3.2160866388388214e-08,3.4135682083253505e-08,-1.9258941290295673e-09,4.892156583572444e-11,4.528887324930839e-12,-1.9748156948652915e-09
ANs,460.655,2.814875e-08,2.775172121719111e-08,-6.59066279859192e-09,3.468832655319528e-08,3.4291297770386396e-08,4.435375410638499e-10,4.650875825496089e-11,4.577487141670905e-12,3.9702878280889005e-10
ANs,460.703,3.099379e-08,2.7864208917203937e-08,-6.576376886083704e-09,3.752145619388076e-08,3.43918751110847e-08,3.173689962727956e-09,4.410887993190296e-11,4.6018122710370914e-12,3.129581082796062e-09
ANs,460.7509,2.600628e-08,2.7917647926605858e-08,-6.56248759528511e-09,3.2522394814645456e-08,3.443376274125131e-08,-1.8695930307984907e-09,4.1774895807364974e-11,4.597884832292717e-12,-1.911367926605857e-09
ANs,460.7989,2.992319e-08,2.7911201422787865e-08,-6.548904824358763e-09,3.642797159344308e-08,3.441598301623095e-08,2.051548570487568e-09,3.9559993275434555e-11,4.563237640243421e-12,2.0119885772121318e-09
ANs,460.8469,3.030395e-08,2.784679759869965e-08,-6.5355120082593675e-09,3.679745047903839e-08,3.4340298077738034e-08,2.4946667459236463e-09,3.7514344623289124e-11,4.49718459769067e-12,2.4571524013003534e-09
ANs,460.8949,2.822266e-08,2.7728914316168824e-08,-6.522168915462215e-09,3.470474634885563e-08,3.421100066502445e-08,5.294273643913419e-10,3.568168056015713e-11,4.4008860464320356e-12,4.937456838311776e-10
ANs,460.9429,2.7743e-08,2.7564153262958983e-08,-6.5087150410191925e-09,3.42133423164147e-08,3.403449557937369e-08,2.1294223327600839e-10,3.409549623499086e-11,4.277228369497798e-12,1.7884673704101573e-10
ANs,460.9909,2.886354e-08,2.7360600432117942e-08,-6.494973510397121e-09,3.532160817328025e-08,3.381866860539819e-08,1.5357143944967174e-09,3.277482661466232e-11,4.130510502209138e-12,1.5029395678820567e-09
ANs,461.0389,2.850803e-08,2.7127104060292115e-08,-6.480755395675488e-09,3.4953098131672926e-08,3.3572172191965035e-08,1.41264717144206e-09,3.172123173416475e-11,3.966032268398453e-12,1.3809259397078843e-09
ANs,461.0869,2.448105e-08,2.6872514795313604e-08,-6.465864335284299e-09,3.0912207617191075e-08,3.330367241250468e-08,-2.3605476969307763e-09,3.091709838283186e-11,3.789619710394447e-12,-2.3914647953136056e-09
ANs,461.1348,2.584253e-08,2.6604968114906556e-08,-6.450101340810015e-09,3.2258698056365074e-08,3.302113617127163e-08,-7.32111983501822e-10,3.032613140473671e-11,3.6071530402047786e-12,-7.624381149065551e-10
ANs,461.1828,2.562648e-08,2.633132983657754e-08,-6.433269669681109e-09,3.20264290986062e-08,3.2731278935183745e-08,-6.749534480776954e-10,2.9896388499848245e-11,3.4241825750621976e-12,-7.0484983657754e-10
ANs,461.2308,2.705739e-08,2.6056802216556228e-08,-6.415179640883948e-09,3.343975854657043e-08,3.2439170763126656e-08,1.0301532456534405e-09,2.956546220966463e-11,3.245632103855209e-12,1.0005877834437727e-09
ANs,461.2788,2.773155e-08,2.578473101187234e-08,-6.395653272295944e-09,3.40948604114577e-08,3.2148041423330035e-08,1.976086238924911e-09,2.9267250797247074e-11,3.075610040999284e-12,1.946818988127658e-09
ANs,461.3268,2.19159e-08,2.5516688143592085e-08,-6.374528622720279e-09,2.8258571899638693e-08,3.185936004323077e-08,-3.571848783945283e-09,2.8939359646795624e-11,2.9173634347928894e-12,-3.6007881435920847e-09
ANs,461.3747,2.504001e-08,2.5252673970705898e-08,-6.351663729151568e-09,3.136037061380878e-08,3.157303458451468e-08,-1.841341242166206e-10,2.8529846489280297e-11,2.7732688535094746e-12,-2.1266397070589698e-10
ANs,461.4227,2.846543e-08,2.4991527207215412e-08,-6.326940040006714e-09,3.476172272945111e-08,3.1287819936666524e-08,3.5019051944092352e-09,2.8002401624647656e-11,2.6449089309520933e-12,3.473902792784587e-09
ANs,461.4707,2.653789e-08,2.4731455919322168e-08,-6.3002652577629705e-09,3.280828284981026e-08,3.1001848769132425e-08,1.8337733120332054e-09,2.733923135536741e-11,2.533176597342458e-12,1.8064340806778327e-09
ANs,461.5186,2.380547e-08,2.447053210772843e-08,-6.271575519335021e-09,3.0048065990982044e-08,3.071312809871047e-08,-6.385209229542929e-10,2.654118477413401e-11,2.4383435788397126e-12,-6.650621077284291e-10
ANs,461.5666,2.487623e-08,2.420722239670427e-08,-6.240836859219818e-09,3.108908118773827e-08,3.042007358444254e-08,6.946331334543945e-10,2.562553015866463e-11,2.3601413228829343e-12,6.690076032957324e-10
ANs,461.6146,2.296421e-08,2.394079468210989e-08,-6.208045918520578e-09,2.9145336332407362e-08,3.012192101451725e-08,-9.519628982934377e-10,2.4621783816451104e-11,2.2978022967670844e-12,-9.76584682109891e-10
ANs,461.6626,2.380506e-08,2.3671580749636656e-08,-6.1732298819741485e-09,2.995247337463461e-08,2.981899412427126e-08,1.5704567321555e-10,2.3566422852202773e-11,2.2500844873391915e-12,1.3347925036334405e-10
ANs,461.7105,2.432264e-08,2.340111887765488e-08,-6.136445644569416e-09,3.043437278384415e-08,2.951285166149902e-08,9.440186842947347e-10,2.24975619496079e-11,2.2152987756650146e-12,9.215211223451207e-10
ANs,461.7585,2.143644e-08,2.3132118392313318e-08,-6.0977782287678245e-09,2.7510576658554218e-08,2.9206255050867537e-08,-1.6742281622062557e-09,2.1450230107064434e-11,2.1913401065428345e-12,-1.695678392313319e-09
ANs,461.8065,2.314975e-08,2.2868303447572078e-08,-6.05733849223076e-09,2.9184459786986427e-08,2.8903013234558506e-08,3.0189951240346514e-10,2.0452959975544965e-11,2.1757452687891455e-12,2.814465524279209e-10
ANs,461.8544,2.429338e-08,2.2614137013576238e-08,-6.015260183846238e-09,3.028694851277114e-08,2.8607705526347388e-08,1.698768875531622e-09,1.952588910786412e-11,2.1657819672241618e-12,1.679242986423762e-09
ANs,461.9024,2.18463e-08,2.237453059117509e-08,-5.971696422277846e-09,2.779715727414953e-08,2.8325387865324622e-08,-5.095500172198901e-10,1.868057395520321e-11,2.1585741731143935e-12,-5.282305911750918e-10
ANs,461.9503,2.220216e-08,2.2154516123764914e-08,-5.926815685818197e-09,2.810890340462864e-08,2.8061259528393554e-08,6.556490421487631e-11,1.792102797979073e-11,2.1512532097664484e-12,4.764387623508658e-11
PNs,444.0972,2.718062e-08,3.040734701921405e-08,3.233726016629715e-09,2.222928483060574e-08,2.5456011849819795e-08,-1.5986682764983315e-09,1.6280587427157233e-09,8.955041004882397e-11,-3.226727019214051e-09
PNs,444.1456,3.466963e-08,3.083879761626162e-08,3.226142410343883e-09,2.965377034269444e-08,2.5822937958956065e-08,5.530682371609904e-09,1.6998499878715274e-09,8.986725909014809e-11,3.8308323837383794e-09
PNs,444.1941,2.808804e-08,3.1315252531567504e-08,3.221806712056438e-09,2.3001152022512284e-08,2.622836455407979e-08,-1.4523025140852058e-09,1.7749100174822983e-09,9.017124794897717e-11,-3.2272125315675047e-09
PNs,444.2425,3.194797e-08,3.1830328584899e-08,3.220897939328627e-09,2.6787566762050127e-08,2.666992534694913e-08,1.9666684190814194e-09,1.8490270039804248e-09,9.047829464082046e-11,1.1764141510099898e-10
PNs,444.2909,3.232347e-08,3.237673035523234e-08,3.223480247778559e-09,2.7090898352002367e-08,2.7144158707234708e-08,1.8650248528884975e-09,1.9182852081208375e-09,9.080619209823604e-11,-5.326035523234088e-11
PNs,444.3394,3.351443e-08,3.2946655021675126e-08,3.2295008125933574e-09,2.8214289560616095e-08,2.764651458229122e-08,2.547240206196946e-09,1.979465227872074e-09,9.117439891847682e-11,5.677749783248768e-10
PNs,444.3878,3.489389e-08,3.353214608205199e-08,3.2387915793558577e-09,2.9533078619169026e-08,2.8171334701221018e-08,3.3921602534946103e-09,2.0304163355466014e-09,9.16034659285159e-11,1.3617439179480114e-09
PNs,444.4362,3.442976e-08,3.4125254799881235e-08,3.251074826274453e-09,2.9016264750219283e-08,2.871175955010052e-08,2.374811813305729e-09,2.0703066131869644e-09,9.211381031929507e-11,3.045052001187661e-10
PNs,444.4846,3.457698e-08,3.4717873388908537e-08,3.2659723538364665e-09,2.9118614721648685e-08,2.925950811055722e-08,1.95877587279905e-09,2.0996692617075846e-09,9.27236628072617e-11,-1.4089338890853717e-10
PNs,444.5331,3.629724e-08,3.53015352656894e-08,3.2830179979225796e-09,3.080053581638724e-08,2.980483108207664e-08,3.1159444597392105e-09,2.1202397254286136e-09,9.344646026156575e-11,9.957047343105994e-10
PNs,444.5815,3.502558e-08,3.58669967106847e-08,3.3016730524910705e-09,2.9495045484409515e-08,3.033646219509422e-08,1.2931569601392689e-09,2.1345736708239803e-09,9.428779227543011e-11,-8.414167106847048e-10
PNs,444.6299,3.144304e-08,3.6403964817891495e-08,3.3213440917019976e-09,2.5880924492648246e-08,3.084184931053975e-08,-2.8153960000246363e-09,2.1455288178668652e-09,9.524259778288719e-11,-4.960924817891496e-09
PNs,444.6783,3.823753e-08,3.6901005457881996e-08,3.341402601986034e-09,3.2644131169117754e-08,3.130760662699975e-08,3.4922276595444927e-09,2.1557031174264895e-09,9.62931114697178e-11,1.3365245421180016e-09
PNs,444.7267,3.79693e-08,3.7345723048901915e-08,3.36120577469603e-09,3.234374095277588e-08,3.17201640016778e-08,2.7905222385211905e-09,2.166945287423119e-09,9.740798510497097e-11,6.235769510980817e-10
PNs,444.7752,3.761322e-08,3.772536363289516e-08,3.3801177715910603e-09,3.1954518522908374e-08,3.2066662155803535e-08,2.067896960337761e-09,2.18004059323292e-09,9.854311226764451e-11,-1.121436328951605e-10
PNs,444.8236,3.504828e-08,3.8027712595474646e-08,3.397530759763165e-09,2.9356473477918095e-08,3.233590607339274e-08,-7.848008244028731e-10,2.194631771071773e-09,9.964399124696599e-11,-2.9794325954746457e-09
PNs,444.872,3.864842e-08,3.82421872868906e-08,3.412885020243006e-09,3.2925500749937434e-08,3.2519268036828034e-08,2.61561758143751e-09,2.2093848683281076e-09,1.0064936149144864e-10,4.062327131094001e-10
PNs,444.9204,4.039851e-08,3.836102767877114e-08,3.4256874651601456e-09,3.464896835033818e-08,3.261148602910932e-08,4.25984060362035e-09,2.222358282391495e-09,1.0149590211017584e-10,2.037482321228856e-09
PNs,444.9688,3.725099e-08,3.838025860164122e-08,3.4355279509733647e-09,3.148185738396869e-08,3.261112598560992e-08,1.1022131481202517e-09,2.231481749761482e-09,1.0212291529645486e-10,-1.129268601641225e-09
PNs,445.0172,3.876651e-08,3.830034495646155e-08,3.4420928481848387e-09,3.2986898451401404e-08,3.2520733407862955e-08,2.7012070301829622e-09,2.235041986644516e-09,1.0247671376924062e-10,4.661650435384484e-10
PNs,445.0656,3.692699e-08,3.812637180220016e-08,3.44517541869822e-09,3.1147226036744256e-08,3.234660783894441e-08,1.0326924880887676e-09,2.2320742902889214e-09,1.0251425426860499e-10,-1.1993818022001571e-09
PNs,445.114,3.758122e-08,3.7867713246990575e-08,3.444682657572948e-09,3.1811746506279996e-08,3.209823975327057e-08,1.936092070738416e-09,2.22258531772899e-09,1.0220551841806512e-10,-2.8649324699057395e-10
PNs,445.1624,3.9071e-08,3.7537250996243585e-08,3.4406383728728212e-09,3.3321245999623127e-08,3.178749699586671e-08,3.741329853208495e-09,2.2075808494520787e-09,1.0153477805196999e-10,1.5337490037564142e-09
PNs,445.2108,3.740453e-08,3.7150218726575606e-08,3.4331824017379394e-09,3.1681936310910946e-08,3.142762503748655e-08,2.443221865403575e-09,2.188910591979182e-09,1.0050069537193293e-10,2.543112734243927e-10
PNs,445.2593,3.626682e-08,3.672291585753068e-08,3.422565988609669e-09,3.057615822350195e-08,3.103225408103263e-08,1.7128844394327252e-09,2.1689802969634078e-09,9.911549092497556e-11,-4.560958575306846e-10
PNs,445.3077,3.750069e-08,3.6271386415942654e-08,3.4091434784812475e-09,3.184374986762518e-08,3.061444628356783e-08,3.3796969972769153e-09,2.1503934132195658e-09,9.740324067400888e-11,1.2293035840573458e-09
PNs,445.3561,3.645646e-08,3.5810263291309436e-08,3.3933605999329886e-09,3.083211404626337e-08,3.0185917337572805e-08,2.781784549127875e-09,2.1355878404373097e-09,9.53975133663361e-11,6.461967086905641e-10
PNs,445.4045,3.389229e-08,3.535191073642158e-08,3.3757397255094565e-09,2.8296892505325312e-08,2.9756513241746886e-08,6.668983993710211e-10,2.1265191357925947e-09,9.313863337263831e-11,-1.459620736421574e-09
PNs,445.4529,3.815308e-08,3.490587020761932e-08,3.3568625969751146e-09,3.258112947058133e-08,2.9333919678200653e-08,5.371627099758022e-09,2.124417307377343e-09,9.0670625066216e-11,3.2472097923806805e-09
PNs,445.5013,3.263289e-08,3.4478632021702085e-08,3.3373510868382472e-09,2.707786923527308e-08,2.8923611256975168e-08,2.8388954953778285e-10,2.1296315712398705e-09,8.80381066488043e-11,-1.8457420217020819e-09
PNs,445.5497,3.407517e-08,3.407368764085352e-08,3.3178466324864596e-09,2.8530475754907507e-08,2.8528993395761032e-08,2.143046553963921e-09,2.1415641948174466e-09,8.528341778858861e-11,1.4823591464786962e-12
PNs,445.5981,3.427338e-08,3.3691845696023644e-08,3.2989890231825168e-09,2.873325536926442e-08,2.8151721065288062e-08,2.740225324728972e-09,2.158691020752617e-09,8.244458680045297e-11,5.815343039763568e-10
PNs,445.6464,3.156233e-08,3.333166089092264e-08,3.2813952415745976e-09,2.6022711119617488e-08,2.7792042010540132e-08,4.0933890135650115e-10,2.1786697922791456e-09,7.955384652876768e-11,-1.7693308909226411e-09
PNs,445.6948,3.0845e-08,3.298997208256692e-08,3.265639059571686e-09,2.5304185483780584e-08,2.7449157566347507e-08,5.356619436422232e-11,2.1985382769311454e-09,7.663717971658563e-11,-2.14497208256692e-09
PNs,445.7432,2.9277e-08,3.266250591175699e-08,3.252232063483203e-09,2.3736054832527136e-08,2.712156074428412e-08,-1.1705077581842528e-09,2.214998153572731e-09,7.371495041693002e-11,-3.385505911756987e-09
PNs,445.7916,3.31025e-08,3.2344465091042556e-08,3.2416067360466134e-09,2.7565316401860234e-08,2.6807281492902792e-08,2.9828086804286796e-09,2.2247737714712363e-09,7.08030906219158e-11,7.58034908957445e-10
PNs,445.84,3.098037e-08,3.203108872578684e-08,3.2341021549319826e-09,2.5453340719624864e-08,2.6504059445411702e-08,1.1742937438167402e-09,2.2250124696035786e-09,6.791465583957719e-11,-1.0507187257868347e-09
PNs,445.8884,3.000972e-08,3.171814293444636e-08,3.229952780768296e-09,2.4501031388878784e-08,2.6209454323325147e-08,5.052515779284863e-10,2.2136745123748516e-09,6.50613179780668e-11,-1.7084229344463636e-09
PNs,445.9368,3.146117e-08,3.1402346458081926e-08,3.2292807055454383e-09,2.597978577070709e-08,2.5920962228789014e-08,2.2486722563328168e-09,2.1898487144147437e-09,6.225480933272992e-11,5.882354191807474e-11
PNs,445.9852,3.197544e-08,3.108162495361419e-08,3.232091617788349e-09,2.6529915244274117e-08,2.5636100197888305e-08,3.0477407746574115e-09,2.153925728271601e-09,5.950740966593511e-11,8.938150463858124e-10
PNs,446.0336,3.003148e-08,3.075525081236621e-08,3.238274617961635e-09,2.4628790007943714e-08,2.5352560820309922e-08,1.3838124382299527e-09,2.107583250596159e-09,5.683212349849037e-11,-7.237708123662113e-10
PNs,446.0819,3.18175e-08,3.0423818461632205e-08,3.247605890210452e-09,2.6462091583885743e-08,2.5068410045517944e-08,3.4472417780367884e-09,2.05356023966899e-09,5.4242286234816626e-11,1.3936815383677951e-09
PNs,446.1303,3.346467e-08,3.0089045488134516e-08,3.259756108988927e-09,2.815792076411488e-08,2.478229625224939e-08,5.370867078621204e-09,1.9952425667557152e-09,5.175056014048178e-11,3.3756245118654867e-09
PNs,446.1787,2.749005e-08,2.975354028237726e-08,3.274301335590112e-09,2.223024298591143e-08,2.4493733268288695e-08,-3.2735305189256386e-10,1.936137230484701e-09,4.936844801375683e-11,-2.263490282377262e-09
PNs,446.2271,3.075221e-08,2.942042978821997e-08,3.2907370441572846e-09,2.553505790370411e-08,2.4203277691924083e-08,3.2110900329380544e-09,1.8793098211580274e-09,4.710523098057653e-11,1.3317802117800257e-09
PNs,446.2755,2.925129e-08,2.9093070715837533e-08,3.3084948132439167e-09,2.4070910730871562e-08,2.3912691446709094e-08,1.9851360011617896e-09,1.8269167169993223e-09,4.496773888519973e-11,1.5821928416246838e-10
PNs,446.3238,2.818133e-08,2.8774794602699046e-08,3.3269611308223066e-09,2.3031498949058406e-08,2.3624963551757453e-08,1.186445150521885e-09,1.7799097532209313e-09,4.296016689835285e-11,-5.934646026990473e-10
PNs,446.3722,2.80474e-08,2.8468763539796782e-08,3.3454976907351563e-09,2.2922838523965215e-08,2.3344202063761995e-08,1.3166160211980098e-09,1.737979560994791e-09,4.108422430484002e-11,-4.2136353979678026e-10
PNs,446.4206,2.705787e-08,2.8177951050829534e-08,3.3634625092526135e-09,2.1955321266638905e-08,2.3075402317468437e-08,5.796656712032292e-10,1.6997467220327646e-09,3.933950207572106e-11,-1.1200810508295327e-09
PNs,446.469,2.977859e-08,2.7905235515592333e-08,3.3802311632708593e-09,2.4697476854744162e-08,2.2824122370336495e-08,3.5365124798413824e-09,1.6631579954337162e-09,3.772398655126222e-11,1.873354484407667e-09
PNs,446.5173,2.797498e-08,2.765354296200431e-08,3.3952174476649678e-09,2.2917530291982755e-08,2.2596093253987064e-08,1.947434808529404e-09,1.6259977705337153e-09,3.6234489818564855e-11,3.2143703799569146e-10
PNs,446.5657,2.652873e-08,2.7426017398752905e-08,3.4078927685211004e-09,2.1499560842793788e-08,2.2396848241546695e-08,6.891218531272295e-10,1.5864092518801371e-09,3.486713680497314e-11,-8.972873987529064e-10
PNs,446.6141,2.967641e-08,2.7226094375370507e-08,3.417803630785876e-09,2.4681679885216242e-08,2.223136426058675e-08,3.993624610979346e-09,1.543308986349854e-09,3.361749764802951e-11,2.4503156246294915e-09
PNs,446.6624,2.761057e-08,2.7057523062641223e-08,3.4245866419010513e-09,2.265687995601016e-08,2.2103833018651385e-08,2.0496694889217262e-09,1.496622551562949e-09,3.248085052583654e-11,5.53046937358777e-10
PNs,446.7108,2.789778e-08,2.692424597084174e-08,3.427980535154278e-09,2.2991055197083025e-08,2.201752116792477e-08,2.4208261215424812e-09,1.4472920923842278e-09,3.1452175378465426e-11,9.735340291582585e-10
PNs,446.7592,2.822859e-08,2.6830210811780207e-08,3.42783481505445e-09,2.3373154142474253e-08,2.197477495425446e-08,2.7954539768991504e-09,1.3970747886793586e-09,3.052625379193813e-11,1.3983791882197921e-09
PNs,446.8075,2.775771e-08,2.6779113812335246e-08,3.4241147387720414e-09,2.2955718377032172e-08,2.1977122189367422e-08,2.3267753916748137e-09,1.3481792040100659e-09,2.969768018572004e-11,9.785961876647538e-10
PNs,446.8559,2.814957e-08,2.677415965750877e-08,3.4169024688753277e-09,2.3400881206557068e-08,2.2025470864065838e-08,2.6782357306506217e-09,1.3028253881593938e-09,2.89609364082099e-11,1.37541034249123e-09
PNs,446.9042,2.762455e-08,2.6817888076110314e-08,3.406394359233912e-09,2.2927023633390606e-08,2.212036170950092e-08,2.0694834144521874e-09,1.2628214905625025e-09,2.8310516812978682e-11,8.066619238896858e-10
PNs,446.9526,2.765035e-08,2.6912113458947898e-08,3.392894463862624e-09,2.3000471305919123e-08,2.2262234764867022e-08,1.9674796027978137e-09,1.2292430617457144e-09,2.7741168472537722e-11,7.38236541052101e-10
PNs,447.001,2.753532e-08,2.7057979686609615e-08,3.3768044834111583e-09,2.2929003541451545e-08,2.245166322806116e-08,1.679604179534647e-09,1.2022638661442643e-09,2.7248108993035566e-11,4.773403133903857e-10
PNs,447.0493,2.800104e-08,2.7256127336633495e-08,3.3586104818353276e-09,2.343443970274384e-08,2.2689527039377336e-08,1.9260752335497187e-09,1.1811625701832124e-09,2.6827245237620163e-11,7.449126633665047e-10
PNs,447.0977,2.740815e-08,2.750692520228019e-08,3.33886681261728e-09,2.2878319248562097e-08,2.2977094450842287e-08,1.0657134187618152e-09,1.1644886210420036e-09,2.647531777861757e-11,-9.877520228019043e-11
PNs,447.146,2.859655e-08,2.7810677186371964e-08,3.3181777862005933e-09,2.4101837276588207e-08,2.331596446296017e-08,1.9362177879750487e-09,1.1503449743470149e-09,2.61899628641865e-11,7.858728136280359e-10
PNs,447.1944,2.822775e-08,2.8167781496241122e-08,3.2971776850190743e-09,2.3767881572228132e-08,2.3707913068469255e-08,1.1966896799393773e-09,1.136721176180497e-09,2.5969566572295967e-11,5.996850375887754e-11
PNs,447.2427,2.763314e-08,2.8578772195234057e-08,3.2765097871541703e-09,2.320900282032116e-08,2.4154635015555217e-08,1.7618223234084246e-10,1.1218144275748973e-09,2.5812964949770512e-11,-9.456321952340558e-10
PNs,447.2911,2.894192e-08,2.9044171576658787e-08,3.256805092446923e-09,2.4555113450806277e-08,2.4657365027465064e-08,1.0020308719775358e-09,1.104282448636323e-09,2.5719008110476044e-11,-1.0225157665878687e-10
PNs,447.3394,2.739413e-08,2.9564248530817925e-08,3.2386614547323587e-09,2.304639559092462e-08,2.5216514121742547e-08,-1.0867315860750088e-09,1.0833869447429177e-09,2.5686009600096823e-11,-2.170118530817926e-09
PNs,447.3878,2.980463e-08,3.013862667140703e-08,3.2226238104309557e-09,2.5497278241208887e-08,2.5831274912615912e-08,7.250200734938936e-10,1.0590167449009195e-09,2.5711203459243804e-11,-3.3399667140702527e-10
PNs,447.4361,2.846655e-08,3.076578576533248e-08,3.2091661574680637e-09,2.4199993218738784e-08,2.649922898407126e-08,-1.2676354371097523e-09,1.03160032822272e-09,2.5790295570433597e-11,-2.2992357653324754e-09
PNs,447.4845,3.196973e-08,3.1442679760833666e-08,3.198675880597354e-09,2.7743206617677034e-08,2.72161563785107e-08,1.5289805316346775e-09,1.0019302924683451e-09,2.591720925726768e-11,5.270502391663351e-10
PNs,447.5328,3.348859e-08,3.216427770116962e-08,3.1914409415931957e-09,2.9300113683210814e-08,2.7975801384380436e-08,2.2952635857739358e-09,9.70951286943557e-10,2.6084088252437018e-11,1.3243122988303776e-09
PNs,447.5812,3.006138e-08,3.2923256097484994e-08,3.1876403580168352e-09,2.5907908729838286e-08,2.8769784827323274e-08,-1.922326767966422e-09,9.395493295185683e-10,2.6281582626314216e-11,-2.8618760974849917e-09
PNs,447.6295,3.614742e-08,3.37098999200674e-08,3.1873382854863834e-09,3.202520113478239e-08,2.9587681054849788e-08,3.345901246958627e-09,9.083811670260282e-10,2.649941270520201e-11,2.4375200799325976e-09
PNs,447.6779,3.591315e-08,3.451210209100654e-08,3.190481899188963e-09,3.18181627454034e-08,3.041711483640994e-08,2.2788261467606814e-09,8.777782377672222e-10,2.6727117640415652e-11,1.4010479089934592e-09
PNs,447.7262,3.827047e-08,3.531558939962381e-08,3.1969031447074087e-09,3.419887985370039e-08,3.12439992533242e-08,3.8026126973239764e-09,8.477320969477876e-10,2.695490464441787e-11,2.954880600376189e-09
PNs,447.7745,3.607208e-08,3.6104235541568345e-08,3.2063243002501153e-09,3.202061851746845e-08,3.20527740590368e-08,7.8580718594674e-10,8.179627275150866e-10,2.717445476634595e-11,-3.21555415683452e-11
PNs,447.8229,3.721904e-08,3.686070049639222e-08,3.2183671663044063e-09,3.31852528882379e-08,3.2826913384630126e-08,1.1463798029868907e-09,7.880402993791176e-10,2.7379646078569756e-11,3.5833950360777437e-10
PNs,447.8712,3.743419e-08,3.756701472339945e-08,3.232565578750958e-09,3.341651305847957e-08,3.3549337781879024e-08,6.247196253203399e-10,7.575443487197889e-10,2.7567014049679556e-11,-1.3282472339945124e-10
PNs,447.9195,3.990264e-08,3.820531256045002e-08,3.248380831548058e-09,3.590030660504405e-08,3.420297916549407e-08,2.4235440296981424e-09,7.262165901481593e-10,2.7735973259733928e-11,1.6973274395499804e-09
PNs,447.9679,3.53553e-08,3.875867910241746e-08,3.2652194988557526e-09,3.1368116462190255e-08,3.4771495564607714e-08,-2.7093038626993397e-09,6.940752397181209e-10,2.7888799235868456e-11,-3.4033791024174593e-09
PNs,448.0162,3.904538e-08,3.9211899455483595e-08,3.2824530671047254e-09,3.507342432138081e-08,3.523994377686441e-08,4.949527965965392e-10,6.614722520801338e-10,2.8030359434326544e-11,-1.6651945548359596e-10
PNs,448.0645,3.922209e-08,3.9552224221498376e-08,3.2994387276478245e-09,3.526540668179823e-08,3.5595540903296603e-08,2.989426795517791e-10,6.290769010501546e-10,2.8167689503794932e-11,-3.3013422149837456e-10
PNs,448.1129,4.164754e-08,3.976999160092949e-08,3.3155406422441177e-09,3.770589712374391e-08,3.58283487246734e-08,2.4753411848146814e-09,5.977927857441741e-10,2.830944826780438e-11,1.877548399070514e-09
PNs,448.1612,4.285312e-08,3.985919827494724e-08,3.330150977985655e-09,3.892588624597843e-08,3.5931964520925675e-08,3.562539163507712e-09,5.686174384549598e-10,2.8465337580952567e-11,2.9939217250527564e-09
PNs,448.2095,4.199388e-08,3.981783995030138e-08,3.34271001590309e-09,3.808004389050826e-08,3.5904003840809643e-08,2.718520662023255e-09,5.424806123246385e-10,2.8645481264009897e-11,2.176040049698618e-09
PNs,448.2578,4.039821e-08,3.9648111927721184e-08,3.3527246681259895e-09,3.649654181893218e-08,3.574644374665336e-08,1.2701817699185637e-09,5.200836976397502e-10,2.8859815302083278e-11,7.500980722788185e-10
PNs,448.3062,3.704413e-08,3.9356385793614635e-08,3.359784791113135e-09,3.3153450418676114e-08,3.546570621229075e-08,-1.8104784575475124e-09,5.017773360671219e-10,2.9117454143623715e-11,-2.3122557936146354e-09
PNs,448.3545,3.822796e-08,3.8952986017906455e-08,3.3635767553666993e-09,3.434746294598079e-08,3.507248896388725e-08,-2.375317713599349e-10,4.874942465465237e-10,2.942605210598499e-11,-7.250260179064584e-10
PNs,448.4028,3.784449e-08,3.8451718754939365e-08,3.3638938227903367e-09,3.3974053318277776e-08,3.458128207321714e-08,-1.3047706382716026e-10,4.767516911122081e-10,2.9791167819680614e-11,-6.072287549393628e-10
PNs,448.4511,3.875241e-08,3.786916586176755e-08,3.3606429884434843e-09,3.489283035251392e-08,3.4009586214281474e-08,1.3519651249499692e-09,4.687209867175153e-10,3.021567232507281e-11,8.832441382324488e-10
PNs,448.4995,3.938176e-08,3.7223832642198076e-08,3.3538480603899433e-09,3.5534861369088696e-08,3.3376934011286774e-08,2.62027871359525e-09,4.6235135579332716e-10,3.0699214728028534e-11,2.1579273578019222e-09
PNs,448.5478,3.774324e-08,3.6535073489365916e-08,3.34364887576981e-09,3.391183077688838e-08,3.27036642662543e-08,1.6646889290513082e-09,4.5652241841722486e-10,3.123792892458183e-11,1.2081665106340835e-09
PNs,448.5961,3.691969e-08,3.5822013019498793e-08,3.3302966790244563e-09,3.310736833679806e-08,3.200969135629685e-08,1.5478776079170473e-09,4.502006274158411e-10,3.182435676165291e-11,1.0976769805012095e-09
PNs,448.6444,3.431112e-08,3.5102482997447715e-08,3.314145815147113e-09,3.052195427606294e-08,3.1313317273510653e-08,-3.487908146396127e-10,4.4257218280810266e-10,3.244772598185156e-11,-7.913629974477145e-10
PNs,448.6927,3.41269e-08,3.439203587246156e-08,3.295642012718101e-09,3.036503097323403e-08,3.063016684569559e-08,1.6799650934634596e-10,4.3313238180790423e-10,3.309463223996551e-11,-2.6513587246156065e-10
PNs,448.741,3.42985e-08,3.3703328197098584e-08,3.275307644281979e-09,3.056772046768943e-08,2.997254866478801e-08,1.0168937508999594e-09,4.2172194799853685e-10,3.374994003005558e-11,5.951718029014169e-10
PNs,448.7893,3.16839e-08,3.30456733129587e-08,3.2537244516032088e-09,2.7987269259424795e-08,2.9349042572383487e-08,-9.532650423683171e-10,4.0850827059037386e-10,3.4398018381624466e-11,-1.3617733129586956e-09
PNs,448.8377,3.133899e-08,3.24250230621066e-08,3.231514307190084e-09,2.7678530160450114e-08,2.8764563222556712e-08,-6.921115194294747e-10,3.939215426771231e-10,3.5023989682676025e-11,-1.086033062106601e-09
PNs,448.886,3.102917e-08,3.1844144216870865e-08,3.209318648430197e-09,2.7405677380646955e-08,2.822065159751782e-08,-4.3641526586667965e-10,3.785589510041871e-10,3.5615019918660994e-11,-8.149742168708642e-10
PNs,448.9343,3.262153e-08,3.1303185220586837e-08,3.1877772645863274e-09,2.903451258344954e-08,2.7716167804036372e-08,1.6814236689065237e-09,3.630788894933577e-10,3.6161262470775615e-11,1.318344779413165e-09
PNs,448.9826,3.235536e-08,3.0800211956571316e-08,3.167507138306642e-09,2.880310049399916e-08,2.7247952450570466e-08,1.9032437187820826e-09,3.4809567535339207e-10,3.665669234081272e-11,1.5551480434286867e-09
PNs,449.0309,2.795604e-08,3.03319246786891e-08,3.149082041500129e-09,2.443576294210046e-08,2.6811647620789556e-08,-2.0417891352232596e-09,3.34095543465837e-10,3.709947293357559e-11,-2.3758846786891e-09
PNs,449.0792,2.793678e-08,2.989423924408011e-08,3.1330135604762115e-09,2.4444897094437796e-08,2.6402356338517907e-08,-1.6360820129798024e-09,3.2137723110030665e-10,3.749211398568432e-11,-1.9574592440801105e-09
PNs,449.1275,3.027906e-08,2.9482789980839254e-08,3.119734177972349e-09,2.6811460105457354e-08,2.6015190086296606e-08,1.1062943760836985e-09,3.100243569229479e-10,3.784135964735084e-11,7.962700191607482e-10
PNs,449.1758,2.883069e-08,2.9093331164716774e-08,3.1095829716586143e-09,2.5383039347758392e-08,2.564568051247517e-08,3.7268631370674375e-11,2.9990979608745394e-10,3.815788449553636e-11,-2.6264116471677497e-10
PNs,449.2241,2.840275e-08,2.8722002079670058e-08,3.1027944021639867e-09,2.4970772443620452e-08,2.529002452329051e-08,-2.852483180317932e-11,2.9072724786687883e-10,3.8455906348679535e-11,-3.192520796700582e-10
PNs,449.2724,2.768988e-08,2.836551164959897e-08,3.0994905614783533e-09,2.4269591473859718e-08,2.494522312345869e-08,-3.9358640373737796e-10,2.820452458615933e-10,3.8752718800333064e-11,-6.75631649598971e-10
PNs,449.3207,2.582448e-08,2.8021282225334167e-08,3.0996771381266517e-09,2.2412358758723136e-08,2.4609160984057302e-08,-1.923426260028805e-09,2.7337596530535926e-10,3.906813784485154e-11,-2.196802225334166e-09
PNs,449.369,2.84722e-08,2.7687581911869916e-08,3.103243232573493e-09,2.506528317044892e-08,2.4280665082318837e-08,1.0488678493004236e-09,2.642497611703401e-10,3.9423835807246725e-11,7.846180881300831e-10
PNs,449.4173,2.706339e-08,2.7363637877060225e-08,3.109965028964027e-09,2.3659297106409095e-08,2.395954498346932e-08,-4.5962533149367775e-11,2.5428534391085724e-10,3.984252071602072e-11,-3.0024787706022423e-10
PNs,449.4656,2.617055e-08,2.7049757778219725e-08,3.119513201752386e-09,2.2767442929119277e-08,2.3646650707339004e-08,-6.359608163984691e-10,2.432469618212575e-10,4.034690730707584e-11,-8.792077782197265e-10
PNs,449.5139,2.965938e-08,2.6747365827368497e-08,3.131463812231621e-09,2.6255878552259203e-08,2.33438643796277e-08,3.1430932746121284e-09,2.3107910198062438e-10,4.095853352855531e-11,2.912014172631503e-09
PNs,449.5622,2.744639e-08,2.6459014687302786e-08,3.145312334545006e-09,2.4041465239173013e-08,2.3054089926475798e-08,1.205291333143822e-09,2.1791602044660715e-10,4.169640583537464e-11,9.873753126972155e-10
PNs,449.6104,2.48936e-08,2.6188279871107366e-08,3.160490347246019e-09,2.1486470179065345e-08,2.2781150050172712e-08,-1.0906160090604166e-09,2.0406386204694995e-10,4.257561164168642e-11,-1.294679871107367e-09
PNs,449.6587,2.686254e-08,2.5939583334734363e-08,3.176384338306949e-09,2.3452588962577363e-08,2.2529632297311727e-08,1.1129174150271502e-09,1.899607497615128e-10,4.360594935417452e-11,9.22956665265636e-10
PNs,449.707,2.669909e-08,2.5717850757229238e-08,3.1923560015705077e-09,2.328582531890958e-08,2.230458607613882e-08,1.1573569185001439e-09,1.7611767572938516e-10,4.4791003790525776e-11,9.812392427707607e-10
PNs,449.7553,2.448649e-08,2.5528147577914595e-08,3.2077633533068405e-09,2.1069543809317915e-08,2.211120138723251e-08,-8.786021848700623e-10,1.6305539304453633e-10,4.6127444330708804e-11,-1.0416575779145957e-09
PNs,449.8036,2.291411e-08,2.5375234467782997e-08,3.221981970412123e-09,1.949328032337187e-08,2.1954404791154864e-08,-2.30988169445193e-09,1.5124277333106664e-10,4.760493288494163e-11,-2.4611244677829956e-09
PNs,449.8519,2.512443e-08,2.5263083810074222e-08,3.234425647761437e-09,2.16997531716696e-08,2.1838406981743824e-08,2.390609500226632e-12,1.4104441957444967e-10,4.9206760994509745e-11,-1.386538100742237e-10
PNs,449.9002,2.481629e-08,2.5194455354842662e-08,3.2445657914409356e-09,2.138812702743027e-08,2.1766292382272932e-08,-2.4547917002845097e-10,1.3268618481421035e-10,5.091099631458334e-11,-3.7816535484266346e-10
PNs,449.9484,2.314556e-08,2.5170521490826847e-08,3.2519489063972446e-09,1.9714680769150245e-08,2.1739642259977093e-08,-1.898723406448823e-09,1.262380843780271e-10,5.2692240074485806e-11,-2.0249614908268475e-09
PNs,449.9967,2.678625e-08,2.5190617874621863e-08,3.2562116000721194e-09,2.3353898293260047e-08,2.175826616788191e-08,1.7172486414683984e-09,1.2161651609026223e-10,5.4523590577571516e-11,1.5956321253781362e-09
PNs,450.045,2.460278e-08,2.525212778514646e-08,3.2570926057532082e-09,2.1170707596350397e-08,2.1820055381496857e-08,-5.307471461872578e-10,1.1860063895920322e-10,5.637915893719027e-11,-6.493477851464598e-10
PNs,450.0933,2.70635e-08,2.5350539400685642e-08,3.2544414279494082e-09,2.3633960083647513e-08,2.1920999484333153e-08,1.8298229711719685e-09,1.1686237185760564e-10,5.823611654547354e-11,1.7129605993143575e-09
PNs,450.1416,2.51989e-08,2.5479661122993768e-08,3.2482233238311926e-09,2.1774596623886268e-08,2.2055357746880036e-08,-1.6475764818673555e-10,1.1600347480703135e-10,6.007657747550809e-11,-2.8076112299376743e-10
PNs,450.1898,2.685612e-08,2.5631991815339642e-08,3.2385204559668374e-09,2.3440114314019922e-08,2.2215986129359564e-08,1.339724277194234e-09,1.1559609253387436e-10,6.188913747936581e-11,1.2241281846603585e-09
PNs,450.2381,2.555176e-08,2.579920017015529e-08,3.225529178225943e-09,2.214733794243851e-08,2.2394778112593802e-08,-1.3221682371969234e-10,1.1522334643559938e-10,6.366953289994509e-11,-2.474401701552906e-10
PNs,450.2864,2.714632e-08,2.597266624408798e-08,3.209553544623345e-09,2.375682997138523e-08,2.258317621547321e-08,1.2881696038931545e-09,1.1451584798113508e-10,6.542063601029064e-11,1.173653755912021e-09
PNs,450.3346,2.726282e-08,2.6144017838805638e-08,3.190995255808729e-09,2.3891491801923493e-08,2.277268964072913e-08,1.2319836408941142e-09,1.1318147969975349e-10,6.715146256802654e-11,1.1188021611943615e-09
PNs,450.3829,2.793394e-08,2.6305639419094057e-08,3.170340375737916e-09,2.458369798569736e-08,2.2955397404791414e-08,1.7393266081816217e-09,1.1102602727567596e-10,6.88756112890491e-11,1.6283005809059447e-09
PNs,450.4312,2.561613e-08,2.645105783761172e-08,3.1481432578930534e-09,2.228941474005169e-08,2.312434257766341e-08,-7.269645594593314e-10,1.0796327815238824e-10,7.060872390286959e-11,-8.349278376117178e-10
PNs,450.4794,2.470476e-08,2.657522267548311e-08,3.125008212717711e-09,2.1403372037407032e-08,2.327383471289014e-08,-1.766448576711254e-09,1.0401409877185311e-10,7.236565110340198e-11,-1.8704626754831076e-09
PNs,450.5277,2.604161e-08,2.667462943872355e-08,3.101569522645708e-09,2.276658775264676e-08,2.339960719137031e-08,-5.337239452336303e-10,9.9295493489918e-11,7.41572312176137e-11,-6.330194387235498e-10
PNs,450.576,2.953622e-08,2.674732753290327e-08,3.0784704657584782e-09,2.628776097367549e-08,2.349886850657876e-08,2.8828936593956634e-09,9.400119229893285e-11,7.598736826710186e-11,2.7888924670967304e-09
PNs,450.6242,2.735452e-08,2.6792815978285256e-08,3.056342041897073e-09,2.413195101071669e-08,2.3570246989001944e-08,6.50080245977668e-10,8.837622426292546e-11,7.785072312331572e-11,5.617040217147454e-10
PNs,450.6725,2.544763e-08,2.6811859872558358e-08,3.0357821048965183e-09,2.2249427971859508e-08,2.3613657844417867e-08,-1.2815413966294017e-09,8.268847592896032e-11,7.973144731501324e-11,-1.3642298725583596e-09
PNs,450.7208,2.615694e-08,2.6806250006597565e-08,3.0173355911772855e-09,2.298080048515872e-08,2.3630110491756283e-08,-5.721090990480972e-10,7.720090754946851e-11,8.160301611452877e-11,-6.493100065975637e-10
PNs,450.769,2.71794e-08,2.6778546835816152e-08,3.001476498664732e-09,2.402234784880887e-08,2.3621494684625023e-08,4.729991257099166e-10,7.21459615260673e-11,8.342969100032896e-11,4.0085316418384803e-10
PNs,450.8173,2.526084e-08,2.673181921992761e-08,2.9885922121125234e-09,2.2119373147285488e-08,2.35903523672131e-08,-1.4032736960927816e-09,6.770552383483025e-11,8.516911676715596e-11,-1.4709792199276118e-09
PNs,450.8655,2.712491e-08,2.6669402221523995e-08,2.978970693295032e-09,2.399516552867425e-08,2.3539657750198242e-08,5.195057862645256e-10,6.399800778851795e-11,8.677577024219993e-11,4.555077784760056e-10
PNs,450.9138,2.53707e-08,2.6594681020162486e-08,2.972790959773504e-09,2.224863149542481e-08,2.3472612515587297e-08,-1.1629087367430328e-09,6.107228341945495e-11,8.820526138223093e-11,-1.2239810201624865e-09
PNs,450.9621,2.737325e-08,2.651092551113635e-08,2.970117167166049e-09,2.425480402310275e-08,2.3392479534239094e-08,9.212350623579477e-10,5.89105734942956e-11,8.941823623690802e-11,8.623244888636515e-10
PNs,451.0103,2.512887e-08,2.6421185578071814e-08,2.97089649065979e-09,2.2010151277137552e-08,2.3302466855209362e-08,-1.2348772482356127e-09,5.7438329836196806e-11,9.038390236646513e-11,-1.2923155780718131e-09
PNs,451.0586,2.844988e-08,2.632823746420931e-08,2.9749608758375635e-09,2.5327296434444202e-08,2.3205653898653512e-08,2.1781823226834314e-09,5.6539786892740665e-11,9.108290282549507e-11,2.12164253579069e-09
PNs,451.1068,2.701241e-08,2.623461522218522e-08,2.9820326009077615e-09,2.388279061676269e-08,2.310499583894791e-08,8.33872656886761e-10,5.607787907198043e-11,9.150890325756373e-11,7.777947778147806e-10
PNs,451.1551,2.667875e-08,2.614269901851542e-08,2.991733466357707e-09,2.353943208125909e-08,2.300338109977451e-08,5.91966169202622e-10,5.5915187718041155e-11,9.166926466516185e-11,5.360509814845798e-10
PNs,451.2033,2.562501e-08,2.605483186207924e-08,3.003597308068083e-09,2.2473894525010164e-08,2.2903716387089405e-08,-3.738885459446021e-10,5.593331613463936e-11,9.158485078711444e-11,-4.2982186207924057e-10
PNs,451.2516,2.565699e-08,2.5973463776617483e-08,3.0170854199971663e-09,2.2492567320707654e-08,2.2809041097325137e-08,-2.604255530886919e-10,5.6048223528792227e-11,9.128903576638818e-11,-3.1647377661748325e-10
PNs,451.2998,2.73586e-08,2.5901252867158912e-08,3.031604376305015e-09,2.417995001010116e-08,2.2722602877260072e-08,1.5135664776467198e-09,5.621934480563455e-11,9.08262687881918e-11,1.4573471328410862e-09
PNs,451.348,2.627939e-08,2.5841101871373966e-08,3.0465256634223038e-09,2.3086162444269867e-08,2.2647874315643835e-08,4.947397383786296e-10,5.645160975259592e-11,9.0250282555229e-11,4.382881286260322e-10
PNs,451.3963,2.466359e-08,2.5796102318722008e-08,3.061206472701881e-09,2.1455970894889876e-08,2.2588483213611884e-08,-1.0757218277870513e-09,5.6790490934956485e-11,8.962214147328404e-11,-1.1325123187220083e-09
PNs,451.4445,2.712291e-08,2.5769360744428428e-08,3.075010965902824e-09,2.3901579458004895e-08,2.2548030202433325e-08,1.4108606726544996e-09,5.73114170829311e-11,8.900815900934862e-11,1.3535492555715705e-09
PNs,451.4928,2.676847e-08,2.5763723771802048e-08,3.08733131011717e-09,2.3534555194404308e-08,2.2529808966206356e-08,1.0628520183718205e-09,5.810579017386658e-11,8.847770530465651e-11,1.0047462281979517e-09
PNs,451.541,2.413052e-08,2.5781433731176036e-08,3.0976077863755827e-09,2.0885544960028654e-08,2.253645869120469e-08,-1.5916474114833965e-09,5.926631969263976e-11,8.810093390311958e-11,-1.650913731176037e-09
PNs,451.5892,2.50129e-08,2.5823768824535877e-08,3.105347306807623e-09,2.1758731976542316e-08,2.256960080107819e-08,-7.499945957446868e-10,6.087422879118855e-11,8.794648785887634e-11,-8.108688245358753e-10
PNs,451.6375,2.595364e-08,2.589072867784026e-08,3.1101397278720738e-09,2.2692430491723296e-08,2.2629519169563556e-08,1.2590199336699993e-10,6.299067120725867e-11,8.807910919736932e-11,6.291132215974028e-11
PNs,451.6857,2.506594e-08,2.598083490458491e-08,3.1116714200711094e-09,2.1800057714693097e-08,2.2714952619278007e-08,-8.492413259073785e-10,6.565357867753022e-11,8.855728655826483e-11,-9.148949045849098e-10
PNs,451.734,2.637062e-08,2.609109195994969e-08,3.109735645308381e-09,2.3102573270699817e-08,2.2823045230649506e-08,3.4840813321540136e-10,6.888009316509347e-11,8.943099082670815e-11,2.795280400503101e-10
PNs,451.7822,2.630873e-08,2.621713830760334e-08,3.1042393986433297e-09,2.3041077100582237e-08,2.2949485408185576e-08,1.642656494031728e-10,7.26739570065129e-11,9.073954376792012e-11,9.159169239666067e-11
PNs,451.8304,2.518628e-08,2.6353588462012543e-08,3.0952064881397543e-09,2.1921527372289765e-08,2.3088835834302303e-08,-1.0902721710598414e-09,7.703629095269621e-11,9.250984861778736e-11,-1.1673084620125415e-09
PNs,451.8786,2.587761e-08,2.649452750724063e-08,3.082776750937753e-09,2.2618100582502893e-08,2.3235018089743523e-08,-5.349399537505339e-10,8.197755349009318e-11,9.475511306926127e-11,-6.169175072406295e-10
PNs,451.9269,2.459465e-08,2.663407609600696e-08,3.067201431478693e-09,2.1342446897233215e-08,2.3381872993240174e-08,-1.951898433965284e-09,8.752766204167641e-11,9.747400924641535e-11,-2.0394260960069587e-09
PNs,451.9751,2.589085e-08,2.676697107301341e-08,3.0488348747558117e-09,2.2647621673151983e-08,2.3523742746165395e-08,-7.823783900235813e-10,9.374268298983181e-11,1.0065076910237276e-10,-8.761210730134124e-10
PNs,452.0233,2.599219e-08,2.6889053976145842e-08,3.0281228093494233e-09,2.275910563986465e-08,2.365596961601049e-08,-7.961585576203412e-10,1.0070541852550057e-10,1.0425613226042699e-10,-8.968639761458426e-10
PNs,452.0716,2.600647e-08,2.6997583381350972e-08,3.005587607804091e-09,2.2784115222693794e-08,2.3775228604044767e-08,-8.825952235913585e-10,1.0851815775961705e-10,1.0824901174249609e-10,-9.911133813509734e-10
PNs,452.1198,2.790573e-08,2.709133856009103e-08,2.981811011884279e-09,2.469405212473993e-08,2.3879660684830962e-08,9.316791619420404e-10,1.1728772203306994e-10,1.1257914134271905e-10,8.143914399089687e-10
PNs,452.168,2.749297e-08,2.717048779151964e-08,2.957414894098272e-09,2.42912609908331e-08,2.396877878235274e-08,4.4958579454582354e-10,1.2710358606546338e-10,1.17190529003164e-10,3.224822084803609e-10
PNs,452.2162,2.578851e-08,2.7236250277134546e-08,2.933040691833673e-09,2.2595432221057894e-08,2.404317249819244e-08,-1.309728711660369e-09,1.380115654741765e-10,1.2202552163425718e-10,-1.4477402771345465e-09
PNs,452.2644,2.803257e-08,2.7290403153308266e-08,2.9093281943532497e-09,2.4846227400476776e-08,2.4104060553785043e-08,8.921526072813414e-10,1.4998576058960718e-10,1.2702864458036534e-10,7.421668466917329e-10
PNs,452.3127,2.909446e-08,2.7334746393287752e-08,2.8868943843051804e-09,2.591250928179289e-08,2.4152795675080642e-08,1.9226192187026077e-09,1.6290561199036067e-10,1.3215072191156728e-10,1.7597136067122483e-09
PNs,452.3609,2.743196e-08,2.7370611802438177e-08,2.866313033598449e-09,2.4251752829071453e-08,2.419040463150963e-08,2.3789015084527843e-10,1.765419532834543e-10,1.3735218404664352e-10,6.134819756182377e-11
PNs,452.4091,2.584973e-08,2.739851147219925e-08,2.8480957285424746e-09,2.2668473622233027e-08,2.421725509443228e-08,-1.358225659331899e-09,1.905558128673541e-10,1.4260483635714524e-10,-1.5487814721992514e-09
PNs,452.4573,2.680909e-08,2.7418002899856753e-08,2.8326749518747236e-09,2.3624009084908902e-08,2.4232921984765653e-08,-4.0439910612154484e-10,2.0451379373520553e-10,1.4789216948116933e-10,-6.089128998567516e-10
PNs,452.5055,2.879714e-08,2.7427792306599006e-08,2.820389781265262e-09,2.5605623329997786e-08,2.423627563659679e-08,1.5872669667484432e-09,2.1791927334744788e-10,1.5320761538950718e-10,1.3693476934009952e-09
PNs,452.5537,2.802826e-08,2.7426059711115502e-08,2.811474677343074e-09,2.482797833114551e-08,2.422577804226101e-08,8.324565148683982e-10,2.3025622598389856e-10,1.5855076552751785e-10,6.022002888844995e-10
PNs,452.6019,2.819204e-08,2.741094097034767e-08,2.8060517320980447e-09,2.498102887930028e-08,2.419992984964795e-08,1.0221372180883405e-09,2.410381884360088e-10,1.6392120016566632e-10,7.810990296523312e-10
PNs,452.6502,2.788356e-08,2.738107397976683e-08,2.8041266340551144e-09,2.4660263888319925e-08,2.4157777868086757e-08,7.52343618735594e-10,2.498575985024247e-10,1.69311879122532e-10,5.024860202331682e-10
PNs,452.6984,2.661492e-08,2.733609642104295e-08,2.805588483678889e-09,2.3378204207077643e-08,2.4099380628120596e-08,-4.647511593779886e-10,2.5642526166496247e-10,1.7470204757850355e-10,-7.21176421042949e-10
PNs,452.7466,2.800246e-08,2.727699280857493e-08,2.810213465114524e-09,2.475160146873258e-08,2.402613427730751e-08,9.860612545753578e-10,2.6059406315028714e-10,1.8005100300260914e-10,7.254671914250701e-10
PNs,452.7948,2.796494e-08,2.7206199519267992e-08,2.8176722528161473e-09,2.469960708733066e-08,2.394086660659865e-08,1.0211057095837794e-09,2.623652288517744e-10,1.8529543100142097e-10,7.587404807320076e-10
PNs,452.843,2.562854e-08,2.7127446577523543e-08,2.8275409080768093e-09,2.23487761386623e-08,2.3847682716185843e-08,-1.2370325759876022e-09,2.6187400153594027e-10,1.9034895172495013e-10,-1.498906577523543e-09
PNs,452.8912,2.544166e-08,2.7045339678708813e-08,2.8393149050397907e-09,2.2147878982511637e-08,2.375155866122045e-08,-1.3443192803100272e-09,2.5936039839878605e-10,1.9510571404978638e-10,-1.6036796787088122e-09
PNs,452.9394,2.655141e-08,2.696472202811902e-08,2.8524258222585602e-09,2.32444062932019e-08,2.3657718321320918e-08,-1.5818243333874273e-10,2.551295947802777e-10,1.9944828975926092e-10,-4.133120281190209e-10
PNs,452.9876,2.740771e-08,2.6889947080376704e-08,2.866260147705417e-09,2.4088683535122623e-08,2.3570920615499327e-08,7.672722469213606e-10,2.495093272980659e-10,2.0325698987389273e-10,5.177629196232956e-10
PNs,453.0358,2.597091e-08,2.6824156571356158e-08,2.880179575223065e-09,2.2641498400874714e-08,2.3494744972230873e-08,-6.104351640573976e-10,2.42811407298761e-10,2.0642061660346144e-10,-8.532465713561584e-10
PNs,453.084,2.632033e-08,2.67686760131052e-08,2.8935421210816493e-09,2.29826387939464e-08,2.34309848070516e-08,-2.1304404732937291e-10,2.3530196577582905e-10,2.0884711919612344e-10,-4.483460131052007e-10
PNs,453.1322,2.823931e-08,2.6722656053356945e-08,2.9057233621773526e-09,2.4895929467172082e-08,2.337927552052903e-08,1.7438395511368935e-09,2.2718560449383702e-10,2.104715661567252e-10,1.516653946643054e-09
PNs,453.1804,2.681178e-08,2.6682995092622556e-08,2.916137093385248e-09,2.3465778583743087e-08,2.3336993676365645e-08,3.4738750657559867e-10,2.1860259919815893e-10,2.112617236735082e-10,1.2878490737744517e-10
PNs,453.2286,2.65346e-08,2.6644577199183267e-08,2.9242547207914973e-09,2.318948635377348e-08,2.3299463552956748e-08,9.966154256525239e-11,2.0963874174851907e-10,2.112201836865012e-10,-1.0997719918326668e-10
PNs,453.2768,2.671165e-08,2.6600795285514993e-08,2.9296227493427203e-09,2.3371298865768843e-08,2.326044415128384e-08,3.1119964054859153e-10,2.0034492606358937e-10,2.103834588248455e-10,1.1085471448500634e-10
PNs,453.325,2.623355e-08,2.654428327699104e-08,2.9318777864806723e-09,2.2902092052914782e-08,2.321282532990582e-08,-1.199720964865766e-10,1.907611805044612e-10,2.0881898010008334e-10,-3.107332769910395e-10
PNs,453.3732,2.527055e-08,2.6467759659823414e-08,2.930758565493005e-09,2.1952230264327402e-08,2.3149439924150816e-08,-1.0162690833964225e-09,1.8094057642699117e-10,2.066205937525996e-10,-1.1972096598234139e-09
PNs,453.4213,2.600584e-08,2.636487360426815e-08,2.9261145908886136e-09,2.2704852878518872e-08,2.3063886482787022e-08,-1.8806470314243652e-10,1.709689011257162e-10,2.039036294668015e-10,-3.590336042681503e-10
PNs,453.4695,2.573792e-08,2.6230942898690353e-08,2.9179111198379714e-09,2.2458232087082957e-08,2.295125498577331e-08,-3.3204615541414187e-10,1.609767432762139e-10,2.0080004980285813e-10,-4.930228986903536e-10
PNs,453.5177,2.536574e-08,2.6063505171963357e-08,2.906230314909354e-09,2.2110913735191932e-08,2.280867890715529e-08,-5.46623293797792e-10,1.5114187816556627e-10,1.9745407173314892e-10,-6.97765171963357e-10
PNs,453.5659,2.578873e-08,2.586263170217487e-08,2.8912685299723643e-09,2.256176019880042e-08,2.263566190097529e-08,6.778120128076088e-11,1.4168290345563029e-10,1.9401836777158297e-10,-7.390170217487088e-11
PNs,453.6141,2.608898e-08,2.563097046190988e-08,2.873329819041832e-09,2.2892156312501134e-08,2.2434146774411014e-08,5.908532844233351e-10,1.328437463332168e-10,1.9065012212381916e-10,4.5800953809011997e-10
PNs,453.6623,2.581662e-08,2.5373561791202384e-08,2.852815882767452e-09,2.265142192919097e-08,2.2208363720393355e-08,5.679329470566563e-10,1.2487473825904193e-10,1.8750744978253662e-10,4.4305820879761647e-10
PNs,453.7105,2.540022e-08,2.5097457554839168e-08,2.8302127851050372e-09,2.2267250172036736e-08,2.1964487726875904e-08,4.2077415245363697e-10,1.1801170729280702e-10,1.8474533556542133e-10,3.0276244516083196e-10
PNs,453.7586,2.483459e-08,2.4811237242040994e-08,2.806074879536735e-09,2.173354524550139e-08,2.1710192487542386e-08,1.3581106601342804e-10,1.1245830805442174e-10,1.8251156690744775e-10,2.3352757959004856e-11
PNs,453.8068,2.474954e-08,2.4524415614386565e-08,2.7810064765061232e-09,2.167922007985139e-08,2.1454095694237956e-08,3.334960784276935e-10,1.0837169281426048e-10,1.8094175082822523e-10,2.2512438561343356e-10
PNs,453.855,2.557456e-08,2.424691413476814e-08,2.75564185844701e-09,2.253290745210635e-08,2.120526158687449e-08,1.4335017512857702e-09,1.0585588605391017e-10,1.8015480339272975e-10,1.3276458652318601e-09
PNs,453.9032,2.386464e-08,2.3988568091618166e-08,2.7306243034408413e-09,2.0848807120903026e-08,2.0972735212521192e-08,-1.8967806125210924e-11,1.0496028549295468e-10,1.8024829016317392e-10,-1.2392809161816584e-10
PNs,453.9513,2.323563e-08,2.3758687078589428e-08,2.706584811328659e-09,2.0242069289920123e-08,2.076512636850955e-08,-4.173751737345309e-10,1.0568190485489623e-10,1.8129399389632143e-10,-5.230570785894266e-10
PNs,453.9995,2.401714e-08,2.3565729661862013e-08,2.6841212359454892e-09,2.104171422282806e-08,2.0590303884690072e-08,5.59380355403898e-10,1.0797001726591049e-10,1.8333452396054116e-10,4.5141033813798797e-10
PNs,454.0477,2.401868e-08,2.341702059115947e-08,2.663778513711811e-09,2.1056791047446356e-08,2.0455131638605825e-08,7.13389082784834e-10,1.1172967394430436e-10,1.8638076489753052e-10,6.016594088405275e-10
PNs,454.0959,2.325505e-08,2.3318527976233126e-08,2.646030642552973e-09,2.0301785864499246e-08,2.036526384073237e-08,5.334494478743914e-11,1.1682292102056404e-10,1.90410571927216e-10,-6.347797623312451e-11
PNs,454.144,2.216209e-08,2.327462383169431e-08,2.631265007222649e-09,1.9212387050435605e-08,2.0324920882129916e-08,-9.894656081375077e-10,1.230682235568028e-10,1.953697187849427e-10,-1.1125338316943103e-09
PNs,454.1922,2.300316e-08,2.3287875127317138e-08,2.6197695694952046e-09,2.0051978518167214e-08,2.0336693645484353e-08,-1.5447728847563454e-10,1.302378388415064e-10,2.011740734960743e-10,-2.847151273171392e-10
PNs,454.2404,2.302029e-08,2.335882377053651e-08,2.6117233469318887e-09,2.006279636015771e-08,2.040133013069422e-08,-2.0047736644804404e-10,1.3805640408846462e-10,2.0771388882193623e-10,-3.3853377053650905e-10
PNs,454.2885,2.234684e-08,2.3485791926745728e-08,2.607190495150811e-09,1.9378584979699447e-08,2.0517536906445175e-08,-9.927478845378156e-10,1.4620404220791137e-10,2.148604829418291e-10,-1.1389519267457277e-09
PNs,454.3367,2.303444e-08,2.366476695391462e-08,2.6061181893390944e-09,2.0051522521046527e-08,2.0681849474961146e-08,-4.760018127469237e-10,1.5432514116769464e-10,2.2247414844668198e-10,-6.303269539146195e-10
PNs,454.3849,2.309031e-08,2.3889396568543122e-08,2.6083383750795735e-09,2.008951286559614e-08,2.0888599434139263e-08,-6.370414162315014e-10,1.6204515231161994e-10,2.304136070126643e-10,-7.990865685431226e-10
PNs,454.433,2.271e-08,2.415113412897417e-08,2.613573330580644e-09,1.9688887658297935e-08,2.1130021787272104e-08,-1.2721403986728861e-09,1.689937303012844e-10,2.385452808201371e-10,-1.441134128974169e-09
PNs,454.4812,2.594169e-08,2.4439617405703297e-08,2.621444856329629e-09,2.2898656796405237e-08,2.1396584202108536e-08,1.6769070131597082e-09,1.7483441886300587e-10,2.4675392840212837e-10,1.5020725942967013e-09
PNs,454.5294,2.615257e-08,2.474318881929938e-08,2.6314867882072034e-09,2.3086839348455566e-08,2.1677458167754945e-08,1.5886749932786157e-09,1.792938125779923e-10,2.549500507592364e-10,1.409381180700621e-09
PNs,454.5775,2.488295e-08,2.5049578308057158e-08,2.643160420171657e-09,2.17945263629704e-08,2.1961154671027558e-08,1.5559793372649027e-11,1.8218810142980843e-10,2.6307511542813477e-10,-1.6662830805715911e-10
PNs,454.6257,2.5342e-08,2.5346707017521864e-08,2.655872326383035e-09,2.223158121292313e-08,2.2236288230444995e-08,1.7873563514122934e-10,1.834426526630944e-10,2.711038080307373e-10,-4.707017521864118e-12
PNs,454.6738,2.496949e-08,2.5623433184785673e-08,2.66899399327202e-09,2.183835623795695e-08,2.2492299422742623e-08,-4.708431962808382e-10,1.8309998850483659e-10,2.790397802661936e-10,-6.539431847856725e-10
PNs,454.722,2.536302e-08,2.587024093115175e-08,2.681882612191463e-09,2.2212914125514236e-08,2.2720135056665986e-08,-3.2590484251080204e-10,1.8131608864094717e-10,2.869071736533527e-10,-5.072209311517494e-10
PNs,454.7701,2.619451e-08,2.607974047496785e-08,2.6939023449004285e-09,2.3027526223906566e-08,2.2912756698874417e-08,2.931140894965099e-10,1.7834456446436154e-10,2.9473686672864194e-10,1.1476952503214864e-10
PNs,454.8183,2.729386e-08,2.624692026481057e-08,2.704445358490969e-09,2.4112354711566156e-08,2.3065414976376726e-08,1.221451348128933e-09,1.7451161293950437e-10,3.025483170033709e-10,1.0469397351894296e-09
PNs,454.8664,2.776005e-08,2.636918447961195e-08,2.7129519339937363e-09,2.4566582064424555e-08,2.3175716544036504e-08,1.56105039328726e-09,1.7018487289920945e-10,3.1033112868250164e-10,1.3908655203880508e-09
PNs,454.9146,2.693556e-08,2.6446162496670685e-08,2.718928983538298e-09,2.3732862420648467e-08,2.3243464917319153e-08,6.551386659843061e-10,1.6574116265499252e-10,3.1802743315824223e-10,4.893975033293139e-10
PNs,454.9627,2.682805e-08,2.647936183371614e-08,2.721966363583436e-09,2.361902746895679e-08,2.3270339302672928e-08,5.102250629156964e-10,1.6153689663183448e-10,3.2551927082793974e-10,3.486881662838587e-10
PNs,455.0109,2.781346e-08,2.6471759496277907e-08,2.721750444631322e-09,2.4601201222304172e-08,2.325950071858208e-08,1.499584549051458e-09,1.578840453293649e-10,3.326242877351413e-10,1.341700503722093e-09
PNs,455.059,2.606178e-08,2.6427368621059096e-08,2.7180744885856116e-09,2.2849571703201302e-08,2.3215160324260396e-08,-2.1055382168709847e-10,1.5503479937199503e-10,3.3909900884109146e-10,-3.655886210590946e-10
PNs,455.1072,2.557147e-08,2.6350884821476456e-08,2.7108454905057415e-09,2.2362798482010115e-08,2.3142213303486573e-08,-6.262416761473018e-10,1.5317314532915282e-10,3.446528821549868e-10,-7.794148214764573e-10
PNs,455.1553,2.475274e-08,2.6247408779798302e-08,2.700087258455512e-09,2.1551270163216587e-08,2.304593894301489e-08,-1.3422549212870297e-09,1.5241385851127174e-10,3.4896871981662876e-10,-1.494668779798302e-09
PNs,455.2035,2.867917e-08,2.61222646388751e-08,2.685939629575021e-09,2.5488696044847556e-08,2.2931790683722655e-08,2.7097106697105795e-09,1.528053085856786e-10,3.5172901699174534e-10,2.5569053611249007e-09
PNs,455.2516,2.513925e-08,2.598090363196423e-08,2.6686538483056383e-09,2.196361934570047e-08,2.28052729776647e-08,-6.873187596156699e-10,1.5433487234855969e-10,3.526419336453316e-10,-8.416536319642282e-10
PNs,455.2998,2.581548e-08,2.582882396291472e-08,2.648584259640596e-09,2.2658495492814296e-08,2.2671839455729015e-08,1.4359005902742603e-10,1.5693402194214526e-10,3.5146622560296453e-10,-1.3343962914719097e-11
PNs,455.3479,2.446884e-08,2.567150833640276e-08,2.6261765921602157e-09,2.133415062183057e-08,2.253681895823333e-08,-1.0421856556402443e-09,1.604826807625147e-10,3.480301052467022e-10,-1.202668336402759e-09
PNs,455.396,2.567653e-08,2.55143068709109e-08,2.6019532184090545e-09,2.256752004756236e-08,2.2405296918473257e-08,3.270361828064903e-10,1.6481305371738996e-10,3.422436803111993e-10,1.6222312908910165e-10
PNs,455.4442,2.528406e-08,2.5362265938663612e-08,2.5764958801515753e-09,2.2203745938150485e-08,2.2281951876814098e-08,9.150825850773922e-11,1.697141971713537e-10,3.3410398452658456e-10,-7.82059386636132e-11
PNs,455.4923,2.63765e-08,2.521990653869025e-08,2.5504264498960713e-09,2.332744090265343e-08,2.217084744134368e-08,1.331532194394033e-09,1.7493873308428025e-10,3.236939143662195e-10,1.1565934613097513e-09
PNs,455.5404,2.2251e-08,2.5090953223832034e-08,2.524386365030136e-09,1.923522377412807e-08,2.2075176997960104e-08,-2.6597395582688126e-09,1.802136655632221e-10,3.1117619527857113e-10,-2.8399532238320355e-09
PNs,455.5886,2.845649e-08,2.4978054077370846e-08,2.499015414816546e-09,2.5475435332655198e-08,2.1996999410026043e-08,3.663691905357935e-09,1.8525598272878113e-10,2.9678326979947676e-10,3.478435922629155e-09
PNs,455.6367,2.537583e-08,2.48825320939847e-08,2.474930581903471e-09,2.2430301967246414e-08,2.1937004061231113e-08,6.830902394536987e-10,1.897923334383969e-10,2.8080511741172003e-10,4.932979060153009e-10
PNs,455.6848,2.490259e-08,2.4804212650395962e-08,2.452705638199898e-09,2.199272811114196e-08,2.189435076153792e-08,2.9195814543476965e-10,1.9358079583073182e-10,2.6357545482741285e-10,9.837734960403754e-11
PNs,455.733,2.695505e-08,2.474135267402608e-08,2.432852170015251e-09,2.4080308836792756e-08,2.1866611510818834e-08,2.410129565580705e-09,1.9643223960678394e-10,2.454567535852113e-10,2.2136973259739215e-09
PNs,455.7811,2.561623e-08,2.4690707207980862e-08,2.415802660086989e-09,2.277537457474266e-08,2.1849851782723522e-08,1.1237501062765394e-09,1.9822731425740337e-10,2.268254509129498e-10,9.255227920191377e-10
PNs,455.8292,2.390415e-08,2.464772359848683e-08,2.4018961860851836e-09,2.109527219915341e-08,2.183884579764024e-08,-5.446465510041426e-10,1.9892704748268758e-10,2.080545672787161e-10,-7.435735984868315e-10
PNs,455.8773,2.411254e-08,2.460686783219097e-08,2.3913672086388155e-09,2.1333100345855218e-08,2.1827428178046185e-08,-2.9575406247715595e-10,1.9857376971380992e-10,1.8949867579215733e-10,-4.943278321909673e-10
PNs,455.9255,2.56281e-08,2.456204216498857e-08,2.3843378197377724e-09,2.287500046534801e-08,2.180894263033658e-08,1.2633407713004415e-09,1.9728293628901205e-10,1.7147877862520455e-10,1.0660578350114282e-09
PNs,455.9736,2.392526e-08,2.4507063047507245e-08,2.3808137079069906e-09,2.1194948287745396e-08,2.177675133525264e-08,-3.8657652252932385e-10,1.9522652497792178e-10,1.5427147936969223e-10,-5.81803047507244e-10
PNs,456.0217,2.503614e-08,2.4436137902807928e-08,2.3806839736110816e-09,2.2324747986242205e-08,2.172474588905013e-08,7.926126678769205e-10,1.9261057068484677e-10,1.3809746946186888e-10,6.000020971920736e-10
PNs,456.0698,2.323284e-08,2.4344316426954383e-08,2.3837248009951946e-09,2.0536346246970863e-08,2.1647822673925247e-08,-9.218256527357491e-10,1.8965077421863361e-10,1.2311817781530552e-10,-1.1114764269543838e-09
PNs,456.1179,2.429021e-08,2.422786709491255e-08,2.3896068645134627e-09,2.1604618158921752e-08,2.1542275253834304e-08,2.488926120023708e-10,1.865497069149211e-10,1.094352696498637e-10,6.234290508744791e-11
PNs,456.1661,2.38893e-08,2.408455300546622e-08,2.397906225458937e-09,2.1210822436549912e-08,2.1406075442016134e-08,-1.1774487246505781e-11,1.8347851821971495e-10,9.709281977143762e-11,-1.9525300546622192e-10
PNs,456.2142,2.294864e-08,2.391380421925796e-08,2.4081183579748897e-09,2.0273870964828494e-08,2.1239035184086455e-08,-7.845984150551813e-10,1.8056580420278068e-10,8.608487299383629e-11,-9.651642192579609e-10
PNs,456.2623,2.28506e-08,2.3716783308447064e-08,2.4196748406148014e-09,2.0176667375163104e-08,2.104285068361017e-08,-6.882895482162758e-10,1.7789376023078948e-10,7.636402399130418e-11,-8.661833084470657e-10
PNs,456.3104,2.298192e-08,2.3496371749946024e-08,2.4319621613509605e-09,2.0306603967405435e-08,2.0821055717351458e-08,-3.389504313713753e-10,1.7550131857464905e-10,6.785255266895656e-11,-5.144517499460229e-10
PNs,456.3585,2.330727e-08,2.325703049806475e-08,2.444342014026078e-09,2.0629085194789553e-08,2.05788456928543e-08,2.2363096062563115e-10,1.7339145869038154e-10,6.045133249398786e-11,5.023950193525095e-11
PNs,456.4066,2.172232e-08,2.3004635959334017e-08,2.4561724149102996e-09,1.90405559706337e-08,2.0322871929967718e-08,-1.1107745336106661e-09,1.7154142572335047e-10,5.405018873264976e-11,-1.282315959334017e-09
PNs,456.4547,2.393494e-08,2.2746245968044732e-08,2.4668289408997993e-09,2.1249662600943727e-08,2.006096856898846e-08,1.3586065830734787e-09,1.699125511182112e-10,4.8535907038260364e-11,1.1886940319552675e-09
PNs,456.5028,2.15687e-08,2.2489784313965175e-08,2.4757253868696616e-09,1.8880719093595e-08,1.9801803407560174e-08,-7.526265254546886e-10,1.6845778851048758e-10,4.379773102485024e-11,-9.210843139651753e-10
PNs,456.551,2.303976e-08,2.2243733552039914e-08,2.4823331589060384e-09,2.035056806536381e-08,1.9554541617403726e-08,9.631529719382444e-10,1.6712652397815936e-10,3.973225175199312e-11,7.960264479600852e-10
PNs,456.5991,2.134167e-08,2.2016762021825963e-08,2.4861987619555557e-09,1.8653359569269334e-08,1.9328451591095296e-08,-5.09226028212008e-10,1.6586599361395483e-10,3.624567516115631e-11,-6.750920218259618e-10
PNs,456.6472,2.201505e-08,2.181734882999767e-08,2.4869588034599678e-09,1.9330215781535477e-08,1.9132514611533145e-08,3.623216397506608e-10,1.6462046974833024e-10,3.3254945256227395e-11,1.977011700023317e-10
PNs,456.6953,2.045194e-08,2.1653435797789302e-08,2.4843520167069244e-09,1.777357037627886e-08,1.897506617406816e-08,-1.0381662225281473e-09,1.6332957526115187e-10,3.068803175306506e-11,-1.2014957977893014e-09
PNs,456.7434,2.261982e-08,2.1532086589941376e-08,2.4782279062053218e-09,1.9951182069933753e-08,1.886344865987513e-08,1.2496603234627734e-09,1.619269134041513e-10,2.8483110456772508e-11,1.0877334100586227e-09
PNs,456.7915,2.145715e-08,2.1459207166297757e-08,2.4685517291256335e-09,1.880167048968292e-08,1.880372765598068e-08,1.582831580537189e-10,1.603403243514784e-10,2.6587456839968457e-11,-2.0571662977574355e-12
PNs,456.8396,2.206174e-08,2.1439340918967568e-08,2.4554056480361353e-09,1.9422883715100016e-08,1.8800484634067584e-08,7.808934265356145e-10,1.5849434550318155e-10,2.4956291360668436e-11,6.223990810324313e-10
PNs,456.8877,2.069827e-08,2.1475520465576337e-08,2.4389860168064283e-09,1.8079417888754508e-08,1.8856668354330847e-08,-6.209358309355809e-10,1.563146346407584e-10,2.3551459798306672e-11,-7.772504655763359e-10
PNs,456.9358,1.985126e-08,2.1569193672431212e-08,2.419596889451347e-09,1.725558919805902e-08,1.8973522870490233e-08,-1.5642000259945553e-09,1.537336464366564e-10,2.2340266052973967e-11,-1.7179336724312113e-09
PNs,456.9839,2.052867e-08,2.1720206548520635e-08,2.397639966620578e-09,1.795903907315798e-08,1.9150575621678615e-08,-1.0408400408392778e-09,1.5069650768135897e-10,2.1294452540081654e-11,-1.1915365485206358e-09
PNs,457.032,2.212084e-08,2.19268244115303e-08,2.373601312269942e-09,1.957968302852573e-08,1.938566744005603e-08,3.4118178638930014e-10,1.4716619791960413e-10,2.0389461284722975e-11,1.940155884696978e-10
PNs,457.08,2.209223e-08,2.218578072661069e-08,2.348035279881586e-09,1.958146387635109e-08,1.967501460296178e-08,4.9576328052165575e-11,1.4312705466285647e-10,1.9603789104467814e-11,-9.355072661068958e-11
PNs,457.1281,2.414494e-08,2.249236770645766e-08,2.3215461798990795e-09,2.1665889049242152e-08,2.0013316755699813e-08,1.7911585273146108e-09,1.3858623377227133e-10,1.8918537086493685e-11,1.6525722935423392e-09
PNs,457.1762,2.194151e-08,2.2840554740428113e-08,2.294768294756243e-09,1.949485110683505e-08,2.0393895847263162e-08,-7.654712615294744e-10,1.3357347889863523e-10,1.831711951007231e-11,-8.990447404281113e-10
PNs,457.2243,2.113575e-08,2.3223156174833873e-08,2.26834490253451e-09,1.872148038330654e-08,2.080888655814041e-08,-1.9592665928996737e-09,1.2813958193419813e-10,1.778513222475613e-11,-2.0874061748338715e-09
PNs,457.2724,2.377436e-08,2.3632059596168498e-08,2.2429070030749305e-09,2.1391788600741805e-08,2.1249488196910302e-08,2.646545010355773e-10,1.223540972040732e-10,1.7310298979191743e-11,1.423004038315026e-10
PNs,457.3205,2.39693e-08,2.4058496084650496e-08,2.2190524502125317e-09,2.1617061931169948e-08,2.1706258015820443e-08,2.7106982731878653e-11,1.1630306738237618e-10,1.688255123514533e-11,-8.91960846504954e-11
PNs,457.3686,2.511406e-08,2.4493423050147575e-08,2.1973261803677846e-09,2.2790153914690352e-08,2.216951696483793e-08,7.307227851194999e-10,1.1008583526707479e-10,1.6494069674784436e-11,6.20636949852423e-10
PNs,457.4167,2.609492e-08,2.4927882008808377e-08,2.1782021914660468e-09,2.3796766159650156e-08,2.2629728168458532e-08,1.270850238106418e-09,1.0381224691479524e-10,1.6139401969003554e-11,1.1670379911916236e-09
PNs,457.4647,2.611766e-08,2.535340461468136e-08,2.1620678682609834e-09,2.3842178271790932e-08,2.3077922886472292e-08,8.618537842404436e-10,9.759839892180362e-11,1.5815461026280892e-11,7.642553853186407e-10
PNs,457.5128,2.637544e-08,2.5762322968769104e-08,2.1492111725269676e-09,2.411914541380459e-08,2.3506028382573695e-08,7.046789884949357e-10,9.156195726404082e-11,1.5521456404400287e-11,6.131170312308967e-10
PNs,457.5609,2.560998e-08,2.6148022915338165e-08,2.139811121825245e-09,2.3369094322713586e-08,2.3907137238051752e-08,-4.5222699421473444e-10,8.581592112343126e-11,1.5258634337736068e-11,-5.380429153381653e-10
PNs,457.609,2.61946e-08,2.6505078888245898e-08,2.133931871773925e-09,2.396517664774485e-08,2.427565553599075e-08,-2.3001723855721266e-10,8.046164968868857e-11,1.502983079253529e-11,-3.1047888824589875e-10
PNs,457.6571,2.569534e-08,2.6829272558799972e-08,2.131520597560131e-09,2.3473398758599064e-08,2.4607331317399037e-08,-1.0583507324427974e-09,7.558182635717424e-11,1.483881748363024e-11,-1.1339325587999738e-09
PNs,457.7051,2.81772e-08,2.711748410252746e-08,2.132409244766699e-09,2.5958866455902578e-08,2.489915055843004e-08,1.1309507125475866e-09,7.123481507504995e-11,1.4689484255670902e-11,1.0597158974725377e-09
PNs,457.7532,2.485902e-08,2.736754945046062e-08,2.1363200916020215e-09,2.264066440601775e-08,2.5149193856478368e-08,-2.4410788231566405e-09,6.745062730397771e-11,1.4584875076250636e-11,-2.5085294504606197e-09
PNs,457.8013,2.690254e-08,2.7578102757942654e-08,2.142874938553422e-09,2.4680909207850697e-08,2.5356471965793352e-08,-6.11333095202948e-10,6.422966273970751e-11,1.4526190856171561e-11,-6.755627579426554e-10
PNs,457.8494,2.720613e-08,2.7748459497269557e-08,2.151607621501582e-09,2.4978466127094098e-08,2.5520795624363654e-08,-4.807851159515549e-10,6.154438131800184e-11,1.4511870086317608e-11,-5.423294972695562e-10
PNs,457.8974,2.773798e-08,2.787854687292548e-08,2.1619794344047804e-09,2.5502119633144685e-08,2.5642686506070167e-08,-8.122282462531647e-11,5.934404830016562e-11,1.4536884150370162e-11,-1.405668729254789e-10
PNs,457.9455,2.64388e-08,2.7968925165187296e-08,2.173396951423073e-09,2.419324940182037e-08,2.5723374567007668e-08,-1.472563879927795e-09,5.756128525950298e-11,1.4592361497050876e-11,-1.530125165187298e-09
PNs,457.9936,2.760244e-08,2.8020841073920974e-08,2.1852316589871362e-09,2.5346422618231636e-08,2.576482369215261e-08,-3.622810056263473e-10,5.612006829463027e-11,1.4665654486597488e-11,-4.184010739209752e-10
PNs,458.0416,2.780441e-08,2.8036269385585607e-08,2.1968407484498175e-09,2.553788413828052e-08,2.5769743523866127e-08,-1.769151624969396e-10,5.494422308866783e-11,1.474089018099395e-11,-2.3185938558560677e-10
PNs,458.0897,2.752436e-08,2.8017903586340534e-08,2.207588381570194e-09,2.5248006327737297e-08,2.574154991407783e-08,-4.3957829071509834e-10,5.3965295625434577e-11,1.4799995067074845e-11,-4.935435863405327e-10
PNs,458.1378,2.718922e-08,2.796903660486208e-08,2.216866725440304e-09,2.490439990737106e-08,2.568421651223314e-08,-7.266873453005976e-10,5.312925956148268e-11,1.4824107627156685e-11,-7.798166048620804e-10
PNs,458.1858,2.691062e-08,2.789331737046342e-08,2.22411606109081e-09,2.461930734144821e-08,2.5602004711911632e-08,-9.302959932214409e-10,5.240137724197886e-11,1.479522021899937e-11,-9.82697370463421e-10
PNs,458.2339,2.555406e-08,2.7794406475921162e-08,2.2288433006512738e-09,2.3258750026632502e-08,2.5499096502553664e-08,-2.18857765471832e-09,5.176882120284185e-11,1.469785151338314e-11,-2.2403464759211613e-09
PNs,458.282,2.906531e-08,2.7675571442001305e-08,2.2306383005804777e-09,2.6768910653969665e-08,2.537917209597097e-08,1.440979066952157e-09,5.1240508953461066e-11,1.4520536496392788e-11,1.389738557998694e-09
PNs,458.33,2.621953e-08,2.7539301362556428e-08,2.229187431380596e-09,2.3925241545523988e-08,2.5245012908080414e-08,-1.2689272714486515e-09,5.0844091107774336e-11,1.4256931987644493e-11,-1.3197713625564266e-09
PNs,458.3781,2.879643e-08,2.7387031407351567e-08,2.224283954955282e-09,2.650761945041519e-08,2.5098220857766755e-08,1.4600187795865992e-09,5.06201869381651e-11,1.390640769136225e-11,1.4093985926484332e-09
PNs,458.4261,2.685878e-08,2.721903597816117e-08,2.215834866363973e-09,2.4578856818591158e-08,2.493911279675233e-08,-3.096417157724027e-10,5.061426238876959e-11,1.347405265609757e-11,-3.6025597816117133e-10
PNs,458.4742,2.771994e-08,2.703453352112517e-08,2.20386397367047e-09,2.5452238780837083e-08,2.4766832301962248e-08,7.362736225360745e-10,5.08671436612384e-11,1.2970101831210252e-11,6.854064788748309e-10
PNs,458.5223,2.747357e-08,2.6832002386362236e-08,2.1885111140148718e-09,2.522124452877037e-08,2.4579676915132605e-08,6.929730904409864e-10,5.1405476803221745e-11,1.240888041153959e-11,6.415676136377643e-10
PNs,458.5703,2.711972e-08,2.6609691404231958e-08,2.1700275318385447e-09,2.4885651370865594e-08,2.437562277509755e-08,5.622622071326456e-10,5.2233611364600697e-11,1.1807485931260107e-11,5.100285957680432e-10
PNs,458.6184,2.521107e-08,2.6366205987755502e-08,2.1487675721347256e-09,2.299778967687814e-08,2.4152925664633644e-08,-1.1018075047412425e-09,5.3328483014259917e-11,1.1184267972869756e-11,-1.1551359877555032e-09
PNs,458.6664,2.678852e-08,2.6101128625389854e-08,2.125176963483729e-09,2.459814719926032e-08,2.3910755824650174e-08,7.420297912792438e-10,5.4638416669099827e-11,1.0557420586850723e-11,6.873913746101449e-10
PNs,458.7145,2.709969e-08,2.5815547100397057e-08,2.0997780784301197e-09,2.493388175576578e-08,2.3649738856162837e-08,1.3402292951529692e-09,5.6086395550025415e-11,9.9437702540752e-12,1.2841428996029444e-09
PNs,458.7625,2.594406e-08,2.5512393292702492e-08,2.0731526587383596e-09,2.3803972087619524e-08,2.3372305380322016e-08,4.892441507098727e-10,5.757744341236515e-11,9.357810229753302e-12,4.3166670729750793e-10
PNs,458.8106,2.633906e-08,2.5196606670202035e-08,2.0459225769167337e-09,2.4225317621893494e-08,2.308286429209553e-08,1.201461896792212e-09,5.90085669942471e-11,8.811234195526282e-12,1.1424533297979658e-09
PNs,458.8586,2.505124e-08,2.4874977124553616e-08,2.0187292703528467e-09,2.2963917932470848e-08,2.2787655057024463e-08,2.3654301721642836e-10,6.028014177004586e-11,8.312655406263408e-12,1.7626287544638477e-10
PNs,458.9066,2.547548e-08,2.455579619795273e-08,1.9922125283094653e-09,2.3414093560199752e-08,2.2494409758152484e-08,9.809899532250415e-10,6.130615117777494e-11,7.867760313004742e-12,9.196838020472681e-10
PNs,458.9547,2.482655e-08,2.42482732240665e-08,1.9669893334347667e-09,2.2790058987099536e-08,2.2211782211166036e-08,6.402988407575979e-10,6.202206482409794e-11,7.479614641598955e-12,5.782767759335002e-10
PNs,459.0027,2.36424e-08,2.396181088820796e-08,1.9436334576377367e-09,2.162922839599617e-08,2.194863928420413e-08,-2.5702185452743885e-10,6.238903368051926e-11,7.149112685570105e-12,-3.194108882079594e-10
PNs,459.0508,2.404882e-08,2.3705226520673345e-08,1.922656487227794e-09,2.2056893878968547e-08,2.171330039964189e-08,4.059876423335683e-10,6.239416300691382e-11,6.875470796747313e-12,3.435934793266562e-10
PNs,459.0988,2.459709e-08,2.3486019760059325e-08,1.9044909049424048e-09,2.2623895085637553e-08,2.1512824845696877e-08,1.173117543502513e-09,6.204730356184024e-11,6.656705858203641e-12,1.1110702399406756e-09
PNs,459.1469,2.342461e-08,2.3309754305024888e-08,1.8894757884516337e-09,2.1467268548238527e-08,2.1352412853263414e-08,1.7623134343628662e-10,6.13756484611738e-11,6.490014848665556e-12,1.1485569497511273e-10
PNs,459.1949,2.301399e-08,2.3179660817043032e-08,1.877845598384467e-09,2.106935485799032e-08,2.123502567503335e-08,-1.0525334816757704e-10,6.041746887545442e-11,6.3720747497561314e-12,-1.656708170430314e-10
PNs,459.2429,2.515173e-08,2.309645657808708e-08,1.869722426730788e-09,2.321649199064498e-08,2.116121856873206e-08,2.1144898068034304e-09,5.921638489051108e-11,6.299197733721065e-12,2.0552734219129197e-09
PNs,459.291,2.404799e-08,2.3058461849122593e-08,1.8651119620155377e-09,2.2118793411968325e-08,2.1129265261090917e-08,1.0473453470325453e-09,5.781719615513846e-11,6.267429860999512e-12,9.89528150877409e-10
PNs,459.339,2.282958e-08,2.3061940084149986e-08,1.8639033047033233e-09,2.0903140550232616e-08,2.1135500634382604e-08,-1.76096503289294e-10,5.626358086069403e-11,6.272564203366448e-12,-2.3236008414998763e-10
PNs,459.387,2.359704e-08,2.3101642730328932e-08,1.865872638939297e-09,2.167025958704948e-08,2.1174862317378413e-08,5.499949035365263e-10,5.459763386545957e-11,6.310140145762199e-12,4.953972696710669e-10
PNs,459.4351,2.392668e-08,2.3171461180517618e-08,1.870690639177592e-09,2.199675349946299e-08,2.1241534679980606e-08,8.080792372440769e-10,5.2860417761694747e-11,6.3754435977237135e-12,7.552188194823825e-10
PNs,459.4831,2.360282e-08,2.3265113940643498e-08,1.877933366711254e-09,2.1667330380627338e-08,2.1329624321270838e-08,3.8879875630822055e-10,5.109269695172064e-11,6.4635557096861795e-12,3.377060593565005e-10
PNs,459.5311,2.355697e-08,2.337677645817939e-08,1.8870962956835647e-09,2.161396918764944e-08,2.143377564582883e-08,2.2952859269848139e-10,4.9335050877871494e-11,6.569465789124491e-12,1.8019354182061008e-10
PNs,459.5791,2.284999e-08,2.3501575604889562e-08,1.897611004647994e-09,2.0898063744371614e-08,2.1549649349261176e-08,-6.039586048672697e-10,4.762700002229536e-11,6.688250958097701e-12,-6.515856048895623e-10
PNs,459.6272,2.455734e-08,2.363590545442781e-08,1.908863981576838e-09,2.2595655857039578e-08,2.167422131146739e-08,9.67439385366969e-10,4.6004839794779364e-11,6.815321588803509e-12,9.21434545572189e-10
PNs,459.6752,2.257746e-08,2.377754286629488e-08,1.9202169203128093e-09,2.0605797739391872e-08,2.1805880605686753e-08,-1.1555842354940326e-09,4.449863080084726e-11,6.9467094944709896e-12,-1.2000828662948806e-09
PNs,459.7232,2.442816e-08,2.3925569956334512e-08,1.931027837126042e-09,2.2446923831126483e-08,2.1944333787460996e-08,5.457190136186488e-10,4.3128969953160966e-11,7.079361794313875e-12,5.025900436654877e-10
PNs,459.7712,2.35397e-08,2.4080119782902438e-08,1.940672308912725e-09,2.15499118344933e-08,2.2090331617395735e-08,-4.985153060446416e-10,4.190447685779549e-11,7.211379736180829e-12,-5.404197829024365e-10
PNs,459.8193,2.480521e-08,2.4242020115481867e-08,1.9485641305479295e-09,2.2808483321460253e-08,2.224529343694212e-08,6.040102529381562e-10,4.082036842002125e-11,7.342179571797747e-12,5.631898845181328e-10
PNs,459.8673,2.320355e-08,2.4412373697306404e-08,1.954174708117816e-09,2.1202044018036833e-08,2.2410867715343238e-08,-1.1689649349067662e-09,3.9858762399638524e-11,7.472511445711463e-12,-1.208823697306405e-09
PNs,459.9153,2.489687e-08,2.4592123278777802e-08,1.9570505465690092e-09,2.2893224372396874e-08,2.2588477651174677e-08,3.437375046711422e-10,3.899078344894698e-11,7.60429758517069e-12,3.047467212221975e-10
PNs,459.9633,2.334388e-08,2.478166308929911e-08,1.9568282533432606e-09,2.1341131418868385e-08,2.2778914508167495e-08,-1.3996030515026788e-09,3.8180037796431414e-11,7.740289991921295e-12,-1.4377830892991099e-09
PNs,460.0113,2.447568e-08,2.4980525637154916e-08,1.953246561728222e-09,2.2477162907373753e-08,2.298200854452867e-08,-4.674586579687618e-10,3.738697918615517e-11,7.883551711870634e-12,-5.048456371549156e-10
PNs,460.0593,2.461688e-08,2.5187168098312388e-08,1.946154976232789e-09,2.2626114793022576e-08,2.3196402891334965e-08,-5.337146747266479e-10,3.657342358573856e-11,8.036807158895558e-12,-5.702880983123881e-10
PNs,460.1074,2.56691e-08,2.5398847056540517e-08,1.9355187540274352e-09,2.3689672908129553e-08,2.3419419964670068e-08,3.059595649270225e-10,3.57066214675362e-11,8.20171637547589e-12,2.7025294345948174e-10
PNs,460.1554,2.656486e-08,2.5611626450243134e-08,1.9214200576804355e-09,2.4600299549637606e-08,2.364706599988074e-08,9.879957439392011e-10,3.476219418233658e-11,8.378198499620704e-12,9.532335497568647e-10
PNs,460.2034,2.491403e-08,2.5820492444676968e-08,1.9040552410613944e-09,2.2967685093878127e-08,2.3874147538555095e-08,-8.727366732744407e-10,3.372577140252607e-11,8.563893657948255e-12,-9.06462444676968e-10
PNs,460.2514,2.667037e-08,2.6019562405868837e-08,1.8837283581851407e-09,2.4745294420917762e-08,2.40944868267866e-08,6.834009569679162e-10,3.2593362836754165e-11,8.753858060344447e-12,6.50807594131162e-10
PNs,460.2994,2.520514e-08,2.6202405673083236e-08,1.8608411097013683e-09,2.3303987682197517e-08,2.4301253355280752e-08,-9.65895055952581e-10,3.1370617130653984e-11,8.940590970463956e-12,-9.972656730832344e-10
PNs,460.3474,2.695408e-08,2.6362448516996117e-08,1.8358795595658912e-09,2.5079014644369545e-08,2.4487383161365662e-08,6.217028566180133e-10,3.007137361412854e-11,9.114422450433291e-12,5.916314830038832e-10
PNs,460.3954,2.642437e-08,2.6493438727471052e-08,1.8093980612608565e-09,2.457699179105137e-08,2.4646060518522422e-08,-4.035282710524853e-11,2.871590036580081e-11,9.26424732196955e-12,-6.906872747105118e-11
PNs,460.4434,2.566369e-08,2.658991378252152e-08,1.7820009252298422e-09,2.3844981280827775e-08,2.4771205063349293e-08,-8.988945014076147e-10,2.7329281113899994e-11,9.378512828481178e-12,-9.262237825215178e-10
PNs,460.4914,2.584893e-08,2.664766133015506e-08,1.754322433906656e-09,2.405922135283549e-08,2.4857952682990546e-08,-7.727914885068459e-10,2.5939841648209132e-11,9.446371609646573e-12,-7.987313301550593e-10
PNs,460.5394,2.576256e-08,2.6664092155371077e-08,1.7270058653727449e-09,2.4001517553180307e-08,2.4903049708551386e-08,-8.769543948037876e-10,2.4577760567291638e-11,9.458820879654528e-12,-9.015321553710783e-10
PNs,460.5874,2.556677e-08,2.6638478426739762e-08,1.7006822194691491e-09,2.3833404350141383e-08,2.4905112776881145e-08,-1.0484346667392348e-09,2.3273760000526245e-11,9.409670388940841e-12,-1.0717084267397624e-09
PNs,460.6354,2.892105e-08,2.6572038081250795e-08,1.6759493500308966e-09,2.7213746914055703e-08,2.4864734995306497e-08,2.3710694310809947e-09,2.2057512331788526e-11,9.296223581610178e-12,2.3490119187492055e-09
PNs,460.6834,2.627847e-08,2.6467831952616403e-08,1.6533521934784652e-09,2.4595042526265947e-08,2.478440447888235e-08,-1.6840623480845074e-10,2.0955717807950748e-11,9.119562447637415e-12,-1.8936195261640336e-10
PNs,460.7314,2.588321e-08,2.633048500050005e-08,1.6333647477372041e-09,2.4220970980922167e-08,2.4668245981422217e-08,-4.2728514368059343e-10,1.998985681945832e-11,8.884414521170621e-12,-4.472750005000495e-10
PNs,460.7794,2.483508e-08,2.616577071804442e-08,1.6163743975607865e-09,2.3190932988864694e-08,2.4521623706909116e-08,-1.3115167652904794e-09,1.9173952753940558e-11,8.59866082057711e-12,-1.3306907180444218e-09
PNs,460.8274,2.744251e-08,2.5980091632760334e-08,1.6026691047235788e-09,2.581305585323439e-08,2.4350637485994723e-08,1.4809308675564722e-09,1.8512500316808047e-11,8.27254172522552e-12,1.4624183672396652e-09
PNs,460.8754,2.518019e-08,2.577992203525944e-08,1.592427886786829e-09,2.356184523264042e-08,2.416157726789986e-08,-5.81732859499309e-10,1.799917576013167e-11,7.91770481261695e-12,-5.997320352594398e-10
PNs,460.9234,2.529699e-08,2.5571285992265805e-08,1.5857148993686472e-09,2.3686112120475085e-08,2.3960408112740888e-08,-2.56679263854337e-10,1.7616728411464715e-11,7.546251744803351e-12,-2.742959922658031e-10
PNs,460.9714,2.592822e-08,2.535930840950147e-08,1.582477317656157e-09,2.432123462505773e-08,2.3752323034559203e-08,5.862497764075413e-10,1.7338185909013986e-11,7.169871377096896e-12,5.689115904985286e-10
PNs,461.0194,2.522262e-08,2.514788758461809e-08,1.5825470872321922e-09,2.3616144328162008e-08,2.3541411912780095e-08,9.186184420310328e-11,1.712942882118928e-11,6.799155784608678e-12,7.473241538191292e-11
PNs,461.0674,2.586943e-08,2.493951707362574e-08,1.5856464863051474e-09,2.4260387553931027e-08,2.3330474627556768e-08,9.468657424822264e-10,1.6952816107966784e-11,6.4431436558595855e-12,9.299129263742595e-10
PNs,461.1153,2.509731e-08,2.473528347334542e-08,1.591397315362348e-09,2.348303220179165e-08,2.312100567513707e-08,3.787978902034185e-10,1.6771363548838203e-11,6.109119297164897e-12,3.6202652665457874e-10
PNs,461.1633,2.414871e-08,2.4535005606533658e-08,1.5993334102844688e-09,2.252702120089474e-08,2.2913316807428396e-08,-3.6974279979879004e-10,1.65528067348679e-11,5.8025820859255515e-12,-3.8629560653365734e-10
PNs,461.2113,2.364571e-08,2.4337501013472247e-08,1.6089160650297975e-09,2.2014993649044866e-08,2.2706784662517113e-08,-6.755180771159218e-10,1.6272936356324926e-11,5.527349569011286e-12,-6.917910134722477e-10
PNs,461.2593,2.437981e-08,2.4140945046666754e-08,1.6195518537583805e-09,2.2739054693787396e-08,2.250018974045415e-08,2.547826752150085e-10,1.59177218817635e-11,5.285730572458012e-12,2.3886495333324553e-10
PNs,461.3073,2.501399e-08,2.3943276175555787e-08,1.6306122629009009e-09,2.336281507167361e-08,2.2292101247229397e-08,1.0861977725644647e-09,1.548394812024846e-11,5.078717305240661e-12,1.0707138244442143e-09
PNs,461.3553,2.250062e-08,2.374258970444369e-08,1.6414544838102086e-09,2.083928099676988e-08,2.208125070121357e-08,-1.2269913186470404e-09,1.4978385796650838e-11,4.906133623260251e-12,-1.241969704443691e-09
PNs,461.4032,2.464842e-08,2.3537494096762846e-08,1.6514426782453698e-09,2.2977794800947175e-08,2.186686889771002e-08,1.1253416665676756e-09,1.4415763330520771e-11,4.766757476933676e-12,1.1109259032371551e-09
PNs,461.4512,2.45305e-08,2.332735147392289e-08,1.6599690132984347e-09,2.2852056718604706e-08,2.1648908192527596e-08,1.2169644243633067e-09,1.381589828619684e-11,4.658369810659684e-12,1.2031485260771106e-09
PNs,461.4992,2.288166e-08,2.3112440361106898e-08,1.6664737700000566e-09,2.119740779090494e-08,2.1428188152011837e-08,-2.1757973909662454e-10,1.3200622010275401e-11,4.5778170847327544e-12,-2.3078036110689738e-10
PNs,461.5472,2.411927e-08,2.289397877535977e-08,1.6704638604798029e-09,2.2431694199093427e-08,2.12064029744532e-08,1.2378821027565113e-09,1.2590878116283265e-11,4.521062310485956e-12,1.2252912246402277e-09
PNs,461.5951,2.083506e-08,2.2674066397609147e-08,1.6715291411964553e-09,1.9147043060412213e-08,2.098604945802136e-08,-1.827001890426694e-09,1.20045071824517e-11,4.4832912088791436e-12,-1.8390063976091465e-09
PNs,461.6431,2.400737e-08,2.2455531451690323e-08,1.6693559826521855e-09,2.2322100088975506e-08,2.077026154066583e-08,1.5632934066807802e-09,1.1454858371103014e-11,4.459070001204003e-12,1.5518385483096765e-09
PNs,461.6911,2.179781e-08,2.2241717710740317e-08,1.6637376467506486e-09,2.0118679467482337e-08,2.0562587178222655e-08,-4.329574011664315e-10,1.0950309573888702e-11,4.442576193125145e-12,-4.4390771074031745e-10
PNs,461.739,2.2814e-08,2.2036262555019805e-08,1.6545811285512822e-09,2.114449634052662e-08,2.0366758895546427e-08,7.882320838672977e-10,1.0494638887103065e-11,4.427892034991831e-12,7.777374449801935e-10
PNs,461.787,2.1378e-08,2.1842883898038953e-08,1.6419102361178873e-09,1.972159242430924e-08,2.018647632234819e-08,-4.5479589769934194e-10,1.0088000339610486e-11,4.4093392332680376e-12,-4.648838980389522e-10
PNs,461.835,2.176682e-08,2.1665180178861032e-08,1.6258648065905591e-09,2.012684520504961e-08,2.002520538391064e-08,1.1136798766246714e-10,9.728166523498106e-12,4.381821836336168e-12,1.0163982113896866e-10
PNs,461.883,2.069395e-08,2.150653388409972e-08,1.6066960844106705e-09,1.9073500839594147e-08,1.9886084723693866e-08,-8.031719549774055e-10,9.411929122313887e-12,4.341146872869026e-12,-8.125838840997193e-10
PNs,461.9309,2.259898e-08,2.1370034981730032e-08,1.5847584145714523e-09,2.100080111146828e-08,1.977185609319831e-08,1.2380812130768357e-09,9.136194806869629e-12,4.2842791534015496e-12,1.2289450182699676e-09
PNs,461.9789,2.158784e-08,2.1258521800537378e-08,1.560497525653225e-09,2.001423412205603e-08,1.9684915922593408e-08,3.382170386678539e-10,8.898839205233472e-12,4.2095130855128525e-12,3.293181994626218e-10
PNs,462.0268,2.072817e-08,2.1174666242089675e-08,1.5344357902005474e-09,1.918091858498969e-08,1.9627414827079366e-08,-4.3779714902227355e-10,8.69909306740352e-12,4.116531742360529e-12,-4.464962420896748e-10
PNs,462.0748,2.01558e-08,2.1121118994843736e-08,1.5071549499778812e-09,1.8636101154736814e-08,1.960142014958055e-08,-9.567814518221504e-10,8.537543021586752e-12,4.006352263720161e-12,-9.653189948437347e-10
PNs,462.1228,2.140191e-08,2.110068168007814e-08,1.4792768774935202e-09,1.9910336148007803e-08,1.9609107828085943e-08,3.0964412432440546e-10,8.415804402544362e-12,3.881170096131351e-12,3.0122831992185973e-10
PNs,462.1707,2.045133e-08,2.1116456525530328e-08,1.451443010135057e-09,1.8987806938290486e-08,1.9652933463820812e-08,-6.567905875296136e-10,8.335938000712078e-12,3.7441135737478605e-12,-6.651265255303261e-10
PNs,462.2187,2.046151e-08,2.1171944305854397e-08,1.4242931371652698e-09,1.9025318180571475e-08,1.973575248642587e-08,-7.021345606399524e-10,8.299745214442741e-12,3.5989370488120207e-12,-7.104343058543961e-10
PNs,462.2666,2.019091e-08,2.1271047458602425e-08,1.3984442412323273e-09,1.87807080243618e-08,1.9860845482964226e-08,-1.0718294101851673e-09,8.308048417257719e-12,3.4496859886147165e-12,-1.0801374586024256e-09
PNs,462.3146,2.271699e-08,2.141793577428763e-08,1.3744700942452167e-09,2.1330859459752373e-08,2.0031805234040002e-08,1.3074142871648778e-09,8.3600614525068e-12,3.3003845499035857e-12,1.2990542257123713e-09
PNs,462.3625,2.148625e-08,2.161677387312467e-08,1.352882282513362e-09,2.0121760043595098e-08,2.0252283916719766e-08,-1.2207094667851712e-10,8.452926446151883e-12,3.1547474453914107e-12,-1.3052387312466872e-10
PNs,462.4105,2.145108e-08,2.1871307628332554e-08,1.3341132887742224e-09,2.010536926028124e-08,2.0525596888613793e-08,-4.116461366351431e-10,8.581491697411653e-12,3.0159592471276512e-12,-4.202276283325535e-10
PNs,462.4584,2.161496e-08,2.2184324511637982e-08,1.3185021906978689e-09,2.028483291179427e-08,2.0854197423432253e-08,-5.606261547803396e-10,8.738356857641661e-12,2.886540650215589e-12,-5.693645116379833e-10
PNs,462.5064,2.238884e-08,2.255705446990715e-08,1.3062834489132832e-09,2.107087406782761e-08,2.1239088537734758e-08,-1.593002733948603e-10,8.914196512288743e-12,2.768286746819342e-12,-1.682144699071486e-10
PNs,462.5543,2.356592e-08,2.298858892411744e-08,1.2975791554103507e-09,2.2256580224727953e-08,2.1679249148845396e-08,5.864294151604048e-10,9.098339277846233e-12,2.6622805838458672e-12,5.773310758825571e-10
PNs,462.6023,2.229761e-08,2.3475404810743134e-08,1.2923949987140111e-09,2.099336649928973e-08,2.2171161310032864e-08,-1.1685152731275139e-09,9.279537615618297e-12,2.56896438063832e-12,-1.1777948107431337e-09
PNs,462.6502,2.481456e-08,2.401102850435618e-08,1.2906200792888732e-09,2.3512004837272594e-08,2.2708473341628775e-08,8.12978318824318e-10,9.446823180500112e-12,2.4882602580321143e-12,8.035314956438184e-10
PNs,462.6982,2.366351e-08,2.458600195882532e-08,1.2920305812800879e-09,2.2359469334038036e-08,2.328196129286336e-08,-9.129015715484393e-10,9.590387276884486e-12,2.41969740498997e-12,-9.224919588253227e-10
PNs,462.7461,2.632531e-08,2.518814046446062e-08,1.296297179141787e-09,2.50169479082163e-08,2.387977837267692e-08,1.1468719061797083e-09,9.70237064033004e-12,2.3625420015838325e-12,1.1371695355393799e-09
PNs,462.7941,2.621215e-08,2.580305957219911e-08,1.3029959341670222e-09,2.489706066291942e-08,2.448797023511853e-08,4.1886791643169924e-10,9.777488630809313e-12,2.3159142827502365e-12,4.0909042780089147e-10
PNs,462.842,2.571396e-08,2.641499124280487e-08,1.3116223204990665e-09,2.439024532979172e-08,2.5091276572596587e-08,-6.912177661391823e-10,9.813476665686068e-12,2.278873043529555e-12,-7.01031242804867e-10
PNs,462.8899,2.67944e-08,2.7007779938223457e-08,1.321607916691399e-09,2.5460730284444247e-08,2.5674110222667704e-08,-2.0356860963956697e-10,9.811328583887726e-12,2.250470280465152e-12,-2.1337993822345725e-10
PNs,462.9379,2.869962e-08,2.756594115524674e-08,1.3323392107163082e-09,2.735527566864469e-08,2.622159682389143e-08,1.1434541901394495e-09,9.775345386187159e-12,2.22977525281506e-12,1.1336788447532593e-09
PNs,462.9858,2.879016e-08,2.8075601367672824e-08,1.3431778964165066e-09,2.7435053215689334e-08,2.6720494583362158e-08,7.242716433148009e-10,9.713010987623045e-12,2.2158769065341326e-12,7.145586323271762e-10
PNs,463.0338,2.81152e-08,2.85252771011145e-08,1.353481990062139e-09,2.674987542779649e-08,2.7159952528910988e-08,-4.0044238722328787e-10,9.634713891212559e-12,2.2078682501606937e-12,-4.100771011144983e-10
PNs,463.0817,3.094759e-08,2.8906361807034824e-08,1.3626270685493794e-09,2.957320480343688e-08,2.7531976610471703e-08,2.050781493755552e-09,9.55330079037158e-12,2.2048272233669827e-12,2.0412281929651778e-09
PNs,463.1296,2.972697e-08,2.921328446970229e-08,1.3700269267533114e-09,2.8345253819737163e-08,2.7831568289439455e-08,5.231689812807622e-10,9.483450983054423e-12,2.205802526469146e-12,5.136855302977079e-10
PNs,463.1776,2.933719e-08,2.9443344600226844e-08,1.3751529707600881e-09,2.7950386360014383e-08,2.8056540960241227e-08,-9.67137441804979e-11,9.44085604634327e-12,2.20981317918871e-12,-1.0615460022684344e-10
PNs,463.2255,2.853181e-08,2.959633572615756e-08,1.3775517055163358e-09,2.7142601237451217e-08,2.8207126963608778e-08,-1.0550845340548974e-09,9.441192102663202e-12,2.215864929785549e-12,-1.0645257261575612e-09
PNs,463.2734,3.016121e-08,2.9674009562816757e-08,1.3768597384638077e-09,2.8772628346700802e-08,2.8285427909517557e-08,4.966993672619627e-10,9.49893007871603e-12,2.222984756674726e-12,4.872004371832449e-10
PNs,463.3213,2.992333e-08,2.9679562886080542e-08,1.3728158028901537e-09,2.8538657881078783e-08,2.8294890767159323e-08,2.533931601801493e-10,9.62604626068857e-12,2.230269770375342e-12,2.437671139194601e-10
PNs,463.3693,3.086959e-08,2.9617168233787543e-08,1.3652694033042704e-09,2.949225286907776e-08,2.82398311028653e-08,1.2622525515900449e-09,9.83078537758697e-12,2.236942240382441e-12,1.252421766212457e-09
PNs,463.4172,3.00534e-08,2.949166919678677e-08,1.3541857968766317e-09,2.868685516918373e-08,2.8125124365970503e-08,5.71847434524753e-10,1.0116631311523676e-11,2.242402628111351e-12,5.617308032132283e-10
PNs,463.4651,3.030268e-08,2.9308427828340294e-08,1.3396471461755126e-09,2.8950304930281945e-08,2.7956052758622238e-08,1.0047338249427207e-09,1.0481653283013249e-11,2.246270259531786e-12,9.942521716597068e-10
PNs,463.513,2.797011e-08,2.9073313300792698e-08,1.3218498050705147e-09,2.6635093407130383e-08,2.773829670792308e-08,-1.0922849187907582e-09,1.0918382001939268e-11,2.2484057971652194e-12,-1.1032033007926974e-09
PNs,463.561,2.785318e-08,2.879275398048756e-08,1.3010978275764723e-09,2.6538418945978486e-08,2.7477992926466046e-08,-9.281596650082018e-10,1.1414315479358421e-11,2.2489109656835885e-12,-9.395739804875608e-10
PNs,463.6089,2.699669e-08,2.8473790354839813e-08,1.277792914343073e-09,2.5704695935406816e-08,2.718179629024663e-08,-1.4651473107507498e-09,1.1953044089064245e-11,2.24810616104852e-12,-1.4771003548398126e-09
PNs,463.6568,2.810585e-08,2.8124081950754097e-08,1.2524211293261356e-09,2.6838666526382543e-08,2.685689847713664e-08,-5.716096211887357e-12,1.2515854542210239e-11,2.2464897491077164e-12,-1.823195075409843e-11
PNs,463.7047,2.741124e-08,2.775180317973979e-08,1.2255368260078082e-09,2.6170374812214787e-08,2.6510937991954575e-08,-3.27479503600101e-10,1.3083676139687256e-11,2.2446856377176718e-12,-3.4056317973978843e-10
PNs,463.7526,2.878401e-08,2.7365422544036758e-08,1.1977443148316602e-09,2.757038319237367e-08,2.6151795736410427e-08,1.4322265630869778e-09,1.3639107123731405e-11,2.243385670937451e-12,1.4185874559632436e-09
PNs,463.8006,2.594027e-08,2.6973383075624024e-08,1.1696778782315117e-09,2.475418056095066e-08,2.5787293636574683e-08,-1.0189448076630075e-09,1.4168267961017853e-11,2.2432928568099864e-12,-1.0331130756240243e-09
PNs,463.8485,2.648163e-08,2.658376507776525e-08,1.141980794288797e-09,2.532274193742562e-08,2.5424877015190872e-08,-8.747287870692802e-11,1.4662199058322066e-11,2.2450692272608997e-12,-1.0213507776525104e-10
PNs,463.8964,2.669572e-08,2.620391005181246e-08,1.1152840628445658e-09,2.5563068883046248e-08,2.507125893485871e-08,5.069277129217003e-10,1.511776473415993e-11,2.249289375025799e-12,4.918099481875383e-10
PNs,463.9443,2.676642e-08,2.584009763736703e-08,1.0901855377338452e-09,2.5658440134402865e-08,2.4732117771769895e-08,9.418602908506177e-10,1.553792821764518e-11,2.2563996456439673e-12,9.263223626329708e-10
PNs,463.9922,2.530206e-08,2.5497332610474625e-08,1.0672301553771055e-09,2.421663176725241e-08,2.4411904377727034e-08,-1.793412145696424e-10,1.593139590498241e-11,2.2666814655018875e-12,-1.952726104746248e-10
PNs,464.0401,2.479496e-08,2.5179182160186935e-08,1.0468919136997052e-09,2.3729476050193763e-08,2.41136982103807e-08,-3.679103442834052e-10,1.6311815903532272e-11,2.280220202997997e-12,-3.8422216018693687e-10
PNs,464.088,2.496438e-08,2.4887730361453408e-08,1.0295581974553097e-09,2.3915828365325054e-08,2.3839178726778462e-08,9.334619549847062e-11,1.669655695187924e-11,2.296880267758704e-12,7.664963854659216e-11
PNs,464.1359,2.496821e-08,2.4623631562408742e-08,1.0155169684182908e-09,2.3933271549416182e-08,2.3588693111824924e-08,3.61683630044201e-10,1.710519245294244e-11,2.31628971258222e-12,3.4457843759125806e-10
PNs,464.1838,2.535376e-08,2.4386168321717812e-08,1.0049472441498963e-09,2.432891700788286e-08,2.3361325329600674e-08,9.851495825184244e-10,1.7557904236239507e-11,2.337843731003849e-12,9.675916782821874e-10
PNs,464.2317,2.585544e-08,2.417342173182951e-08,9.979131802682336e-10,2.483709238248646e-08,2.3155074114315972e-08,1.700091980878418e-09,1.807371270793114e-11,2.360724537375155e-12,1.6820182681704894e-09
PNs,464.2796,2.422572e-08,2.3982455152264967e-08,9.943619519604264e-10,2.3210305370189875e-08,2.296704052245484e-08,2.619335813581329e-10,1.8668733623099217e-11,2.3839442266010114e-12,2.4326484773503404e-10
PNs,464.3275,2.516202e-08,2.3809510666659662e-08,9.941255048093116e-10,2.4146133537310496e-08,2.2793624203970157e-08,1.3718638807430751e-09,1.935454740273709e-11,2.406410477455145e-12,1.3525093333403382e-09
PNs,464.3754,2.268729e-08,2.3650259505226092e-08,9.969261170232808e-10,2.16678001628283e-08,2.2630769668054394e-08,-9.428327898951883e-10,2.013671533090413e-11,2.427004817512249e-12,-9.629695052260927e-10
PNs,464.4233,2.25726e-08,2.3500053148845112e-08,1.0023855890896578e-09,2.154675611176543e-08,2.247420926061054e-08,-9.064395185206809e-10,2.1013630324431573e-11,2.444668820481136e-12,-9.274531488451106e-10
PNs,464.4712,2.311499e-08,2.3354200846888422e-08,1.0100377568891246e-09,2.2080518016198016e-08,2.2319728863086435e-08,-2.172351038837669e-10,2.19757430046524e-11,2.4584839082090923e-12,-2.392108468884227e-10
PNs,464.5191,2.470993e-08,2.3208198223068034e-08,1.0193439143799591e-09,2.3665112782732942e-08,2.2163381005800978e-08,1.5247373390995035e-09,2.3005562167540674e-11,2.4677407195566755e-12,1.501731776931964e-09
PNs,464.567,2.328447e-08,2.305795838068309e-08,1.0297106357222184e-09,2.222820923663188e-08,2.2001697617314972e-08,2.5058976442579577e-10,2.4078145108885566e-11,2.471982537013431e-12,2.2651161931690976e-10
PNs,464.6149,2.231527e-08,2.2899974164593475e-08,1.0405094073465773e-09,2.1247127199286605e-08,2.1831831363880082e-08,-5.595417961557237e-10,2.5162368437753635e-11,2.4710249290587015e-12,-5.847041645934768e-10
PNs,464.6628,2.199079e-08,2.273139788850944e-08,1.0510974206058845e-09,2.0911004661335253e-08,2.165161254984469e-08,-7.143849219481995e-10,2.622296656123858e-11,2.46495149762394e-12,-7.406078885094378e-10
PNs,464.7107,2.21723e-08,2.255006173681858e-08,1.060838837259217e-09,2.1081784097326915e-08,2.1459545834145495e-08,-3.505387591151849e-10,2.722297770339292e-11,2.454087710475746e-12,-3.777617368185803e-10
PNs,464.7586,2.28462e-08,2.23544216042923e-08,1.069125824398613e-09,2.1746508641474024e-08,2.1254730245766326e-08,5.199049671726758e-10,2.8126571464980578e-11,2.4389626623859717e-12,4.917783957076978e-10
PNs,464.8065,2.294188e-08,2.2143473962775235e-08,1.0753986630547353e-09,2.1835159274444622e-08,2.1036753237219858e-08,8.273078339461294e-10,2.8901796721367563e-11,2.4202657792744507e-12,7.98406037224764e-10
PNs,464.8544,2.273364e-08,2.191660802092967e-08,1.0791642653571442e-09,2.1622553651040413e-08,2.080552167197008e-08,8.465552612362748e-10,2.9523282165940954e-11,2.398801436502049e-12,8.170319790703323e-10
PNs,464.9023,2.11299e-08,2.167351344945712e-08,1.0800124877646234e-09,2.0017537807555047e-08,2.0561151257012166e-08,-5.1363919662524e-10,2.99742528318799e-11,2.3754518484477675e-12,-5.436134494571195e-10
PNs,464.9501,2.091531e-08,2.1414111137288504e-08,1.0776297007793475e-09,1.9805081134840082e-08,2.0303882272128588e-08,-4.685531191335517e-10,3.024801815495465e-11,2.3511462256161873e-12,-4.988011372885058e-10
PNs,464.998,1.908123e-08,2.1138507606151825e-08,1.0718091663049677e-09,1.797674511094605e-08,2.0034022717097874e-08,-2.026928716526431e-09,3.034888962539231e-11,2.3268331235879977e-12,-2.057277606151824e-09
PNs,465.0459,1.994449e-08,2.0847055059473623e-08,1.0624578794009247e-09,1.8849436186668157e-08,1.975200124614178e-08,-8.722725863867978e-10,3.029247308682282e-11,2.303460844094224e-12,-9.025650594736228e-10
PNs,465.0938,2.043789e-08,2.054042776799216e-08,1.0495996481310165e-09,1.935590276244099e-08,1.9458440530433154e-08,-7.243213396970315e-11,3.010563402246004e-11,2.28195540553131e-12,-1.0253776799216272e-10
PNs,465.1417,2.040578e-08,2.0219739199845087e-08,1.0333743096353425e-09,1.9340316320001667e-08,1.9154275519846754e-08,2.1586697274470723e-10,2.982617258979156e-11,2.2631977731984857e-12,1.860408001549133e-10
PNs,465.1895,2.034211e-08,1.9886693688991488e-08,1.0140331083552697e-09,1.9296326585181725e-08,1.884091027417321e-08,4.849186171930297e-10,2.95023061845146e-11,2.248000278491992e-12,4.554163110085118e-10
PNs,465.2374,1.901069e-08,1.9543687453866027e-08,9.919303892840355e-10,1.7987330707469013e-08,1.852032816133504e-08,-5.038056294813887e-10,2.919182438463817e-11,2.2370788623154258e-12,-5.32997453866026e-10
PNs,465.2853,1.923774e-08,1.9193871247687417e-08,9.675118810019533e-10,1.8239036383633924e-08,1.8195167631321342e-08,7.282946127139079e-11,2.8960708958808365e-11,2.2310264053168084e-12,4.3868752312582535e-11
PNs,465.3332,1.95295e-08,1.884116602969847e-08,9.41299956053588e-10,1.8557088790659844e-08,1.7868754820358315e-08,7.172149330249475e-10,2.8880962723416295e-11,2.230290563149254e-12,6.883339703015292e-10
PNs,465.3811,1.955036e-08,1.8490186811111016e-08,9.138763562034022e-10,1.8605221141798025e-08,1.7545047952909043e-08,1.0892005336989544e-09,2.9027344809969653e-11,2.2351571886016397e-12,1.0601731888889823e-09
PNs,465.4289,1.759372e-08,1.8146091893858783e-08,8.858629539596805e-10,1.667613830101645e-08,1.7228510194875233e-08,-5.228988931104325e-10,2.9473000748352086e-11,2.2457442755172437e-12,-5.523718938587845e-10
PNs,465.4768,1.604476e-08,1.7814369095656667e-08,8.579011867100275e-10,1.515431260676637e-08,1.6923921702423037e-08,-1.7393248962326515e-09,3.0284199424015546e-11,2.262007099587822e-12,-1.769609095656668e-09
PNs,465.5247,1.742766e-08,1.750060848697596e-08,8.306308437172096e-10,1.656323069668083e-08,1.663617918365679e-08,-4.143378083874441e-11,3.151470613721619e-11,2.283753464745006e-12,-7.294848697596038e-11
PNs,465.5725,1.769088e-08,1.721024743104274e-08,8.046689076294043e-10,1.6850699845320978e-08,1.6370067276363718e-08,5.13833149140572e-10,3.320058018331381e-11,2.3106668663034226e-12,4.806325689572597e-10
PNs,465.6204,1.84924e-08,1.694833909088365e-08,7.805891503555978e-10,1.7674112070469795e-08,1.6130051161353446e-08,1.5794173530958627e-09,3.5356443979511354e-11,2.3423351950945075e-12,1.5440609091163493e-09
PNs,465.6683,1.710894e-08,1.6719362672820622e-08,7.589031582052083e-10,1.6309684443497994e-08,1.5920107116318618e-08,4.275514447073269e-10,3.797411752794984e-11,2.378280768844035e-12,3.8957732717937626e-10
PNs,465.7161,1.568441e-08,1.6527116421613422e-08,7.400434139157018e-10,1.490092461013457e-08,1.5743631031747996e-08,-8.016824301513827e-10,4.102399146204129e-11,2.4179844876848453e-12,-8.427064216134241e-10
PNs,465.764,1.606563e-08,1.637465003466169e-08,7.243489951571449e-10,1.529436035974919e-08,1.560338039441088e-08,-2.6456029748444766e-10,4.445973717724219e-11,2.460907916425618e-12,-3.090200346616894e-10
PNs,465.8119,1.735917e-08,1.6264266276485955e-08,7.120543625585199e-10,1.659638335277125e-08,1.5501479629257205e-08,1.1431294992796008e-09,4.822577576555433e-11,2.5065089046742613e-12,1.0949037235140465e-09
PNs,465.8597,1.52068e-08,1.6197577025230972e-08,7.032816081097147e-10,1.444869790926066e-08,1.543947493449163e-08,-9.385107900141207e-10,5.2266235216848844e-11,2.5542474127785717e-12,-9.907770252309712e-10
PNs,465.9076,1.701608e-08,1.6175570005605916e-08,6.980364203356668e-10,1.6258905094909876e-08,1.541839510051579e-08,8.970448855427134e-10,5.6534891148627e-11,2.6035936058278112e-12,8.405099943940845e-10
PNs,465.9554,1.673112e-08,1.619868762307647e-08,6.962078997009843e-10,1.5971254205505204e-08,1.5438821828581674e-08,5.934362392509087e-10,6.100386232737702e-11,2.654032466434567e-12,5.324323769235303e-10
PNs,466.0033,1.695437e-08,1.6266890637239454e-08,6.975722303508206e-10,1.618842306379211e-08,1.5500943701031565e-08,7.531490002021643e-10,6.56696374416184e-11,2.705068415451131e-12,6.87479362760546e-10
PNs,466.0511,1.649411e-08,1.637970114428527e-08,7.018000867393082e-10,1.5718996993906993e-08,1.560458813819226e-08,1.849655280330867e-10,7.055667231835628e-11,2.756247035344539e-12,1.144088557147318e-10
PNs,466.099,1.804765e-08,1.6536211647053595e-08,7.084675301594921e-10,1.7260659128151885e-08,1.5749220775205478e-08,1.587154521179623e-09,7.571616823321645e-11,2.8071734554085915e-12,1.5114383529464068e-09
PNs,466.1469,1.595965e-08,1.6735065434143145e-08,7.170700347546552e-10,1.5158500730740607e-08,1.5933916164883753e-08,-6.941937416619739e-10,8.122169248117207e-11,2.8575420235666546e-12,-7.754154341431458e-10
PNs,466.1947,1.666784e-08,1.6974427048519375e-08,7.270391790782661e-10,1.5850731026252967e-08,1.6157318074772342e-08,-2.1942442758222152e-10,8.716262093715239e-11,2.907173731612638e-12,-3.065870485193754e-10
PNs,466.2426,1.69359e-08,1.7251936049983256e-08,7.377614511026218e-10,1.6101546616726047e-08,1.6417582666709302e-08,-2.2240016144628504e-10,9.363588853697068e-11,2.9560436343619272e-12,-3.160360499832546e-10
PNs,466.2904,1.77252e-08,1.7564664395497366e-08,7.485985446704341e-10,1.687285880000102e-08,1.6712323195498385e-08,2.612739620425473e-10,1.0073835753991507e-10,3.0042977886310713e-12,1.6053560450263337e-10
PNs,466.3383,1.721051e-08,1.790905566605376e-08,7.589084760518389e-10,1.633998923104949e-08,1.703853489710325e-08,-5.899856124959588e-10,1.0856005355779951e-10,3.0522393408718672e-12,-6.985456660537593e-10
PNs,466.3861,1.898091e-08,1.8280940466151176e-08,7.680668221430229e-10,1.8092561590954685e-08,1.739259205710586e-08,8.171508294029472e-10,1.1718129555412308e-10,3.100291348170927e-12,6.999695338488244e-10
PNs,466.4339,1.817781e-08,1.8675499433730745e-08,7.754873778190591e-10,1.7272503209105504e-08,1.7770192642836248e-08,-3.710189309054247e-10,1.2667050282531928e-10,3.148910250119534e-12,-4.976894337307437e-10
PNs,466.4818,2.009611e-08,1.9087264461846563e-08,7.806415491661068e-10,1.9175185860940015e-08,1.816634032278658e-08,1.1459296587516808e-09,1.3708412059824786e-10,3.1984692956322854e-12,1.0088455381534358e-09
PNs,466.5296,1.788539e-08,1.9510172310672037e-08,7.830758411307911e-10,1.6950597451483528e-08,1.8575379762155565e-08,-1.4763147281288248e-09,1.4846758254321527e-10,3.2491248424679807e-12,-1.6247823106720375e-09
PNs,466.5775,1.999642e-08,1.993760486809895e-08,7.824268611548631e-10,1.9049838147623982e-08,1.8991023015722932e-08,2.1966944597393593e-10,1.6085431407288553e-10,3.3006771482712293e-12,5.88151319010505e-11
PNs,466.6253,2.085317e-08,2.0362486706581832e-08,7.784333425259751e-10,1.9897121267025845e-08,1.9406437973607677e-08,6.649462243563918e-10,1.7426293093822173e-10,3.352459509954786e-12,4.906832934181677e-10
PNs,466.6732,2.051998e-08,2.077737761834906e-08,7.709447897530227e-10,1.9556941682590516e-08,1.9814339300939573e-08,-6.870736187782457e-11,1.8869025647123468e-10,3.4032711852307974e-12,-2.573976183490576e-10
PNs,466.721,2.069208e-08,2.117470969554332e-08,7.599264600064796e-10,1.972459735690933e-08,2.020722705245265e-08,-2.7852490131098645e-10,2.0410479423233483e-10,3.451388851856193e-12,-4.826296955433208e-10
PNs,466.7688,2.265243e-08,2.1546981845475712e-08,7.454605158546204e-10,2.1683038847347714e-08,2.0577590692823425e-08,1.3258841512815113e-09,2.2043599675721952e-10,3.494640040445657e-12,1.1054481545242896e-09
PNs,466.8167,2.171202e-08,2.1887043134594395e-08,7.277433111670489e-10,2.074318071502293e-08,2.0918203849617325e-08,6.25422919977257e-11,2.3756542659212186e-10,3.5305472178957122e-12,-1.7502313459439621e-10
PNs,466.8645,2.194187e-08,2.2188458780139358e-08,7.070788999585949e-10,2.097591211719983e-08,2.1222500897339187e-08,8.733678843859671e-12,2.5532245898321724e-10,3.556523858360629e-12,-2.465887801393572e-10
PNs,466.9123,2.291528e-08,2.244585066063268e-08,6.838689828789528e-10,2.195435743037882e-08,2.14849280910115e-08,7.429128432667316e-10,2.734835038994084e-10,3.5700828428175404e-12,4.694293393673206e-10
PNs,466.9602,2.346343e-08,2.2655264027790934e-08,6.58599623883936e-10,2.250948304079825e-08,2.1701317068589183e-08,1.0999442682422073e-09,2.917782960331384e-10,3.569039284677764e-12,8.08165972209067e-10
PNs,467.008,2.463872e-08,2.281445963024277e-08,6.318251764556911e-10,2.369344235851858e-08,2.1869181988761352e-08,2.1341611610022883e-09,3.0990079124506134e-10,3.55167378066638e-12,1.8242603697572285e-09
PNs,467.0558,2.237647e-08,2.292316420638561e-08,6.041499510377961e-10,2.1441276026176787e-08,2.19879702325624e-08,-2.1916703032580492e-10,3.275271760598083e-10,3.5168467256096293e-12,-5.466942063856126e-10
PNs,467.1036,2.378951e-08,2.2983151678047538e-08,5.762082300640595e-10,2.2865504405676327e-08,2.2059146083723866e-08,1.1506916341694505e-09,3.443333122169891e-10,3.46405204262238e-12,8.06358321952461e-10
PNs,467.1515,2.347237e-08,2.299820391797471e-08,5.486432916159273e-10,2.2560319463031498e-08,2.208615338100621e-08,8.341799080386062e-10,3.600138260133169e-10,3.3934193392533243e-12,4.74166082025289e-10
PNs,467.1993,2.336985e-08,2.29738912956575e-08,5.22086135534441e-10,2.247016193447048e-08,2.2074203230127984e-08,7.702549554713868e-10,3.7429625112889245e-10,3.3056788661855107e-12,3.9595870434249715e-10
PNs,467.2471,2.365083e-08,2.2917218242949543e-08,4.971346156546276e-10,2.2763541345274353e-08,2.2029929588223896e-08,1.120563694267346e-09,3.869519372168876e-10,3.202101854130214e-12,7.33611757050457e-10
PNs,467.2949,2.207101e-08,2.283614029634645e-08,4.743336683969652e-10,2.1195790155041608e-08,2.1960920451388058e-08,-3.673285457983069e-10,3.9780175054814194e-10,3.0844260132861598e-12,-7.651302963464499e-10
PNs,467.3428,2.166474e-08,2.273900323652433e-08,4.5415729168680246e-10,2.0800910329876796e-08,2.1875173566401126e-08,-6.675456317132615e-10,4.0671760481106833e-10,2.954773625332413e-12,-1.07426323652433e-09
PNs,467.3906,2.242365e-08,2.263396167177385e-08,4.36992870277813e-10,2.1570221607783017e-08,2.1780533279556867e-08,2.033082717656217e-10,4.136199435394715e-10,2.8155783996976424e-12,-2.103116717738496e-10
PNs,467.4384,2.328697e-08,2.2528414899639832e-08,4.231283659443633e-10,2.2442697109323956e-08,2.168414200896379e-08,1.177030134597864e-09,4.184750342376969e-10,2.6694904939818386e-12,7.585551003601669e-10
PNs,467.4862,2.208536e-08,2.2428515811242668e-08,4.127427962477024e-10,2.1248806525826898e-08,2.1591962337069565e-08,7.813558504852115e-11,4.212913962911888e-10,2.5192816342114787e-12,-3.4315581124266685e-10
PNs,467.534,2.159694e-08,2.233878942964407e-08,4.0590031680593946e-10,2.076655527601529e-08,2.1508404705659363e-08,-3.1973277203163026e-10,4.221166576124424e-10,2.367749566324094e-12,-7.418494296440712e-10
PNs,467.5819,2.192779e-08,2.2261858882089112e-08,4.0254810280619744e-10,2.110198831996479e-08,2.1436057202053902e-08,8.696711145734532e-11,4.210359935464586e-10,2.2175836825534143e-12,-3.3406888208911313e-10
PNs,467.6297,2.034143e-08,2.219833030841849e-08,4.0251809983131035e-10,1.9518669960379834e-08,2.1375570268798323e-08,-1.4387296311770431e-09,4.181706772414467e-10,2.071262547407803e-12,-1.8569003084184894e-09
PNs,467.6775,2.136013e-08,2.214681652901014e-08,4.055325860896737e-10,2.053898838648857e-08,2.132567491549871e-08,-3.730084559037134e-10,4.1367807310642876e-10,1.930954315330352e-12,-7.866865290101406e-10
PNs,467.7253,2.238819e-08,2.210409491297909e-08,4.112133620686119e-10,2.1567426422810042e-08,2.128333133578913e-08,6.918468890307113e-10,4.077518020098001e-10,1.7984131115447057e-12,2.840950870209108e-10
PNs,467.7731,2.026833e-08,2.2065419157664463e-08,4.1909426364879987e-10,1.944693727227044e-08,2.1244026429934905e-08,-1.3964656311864967e-09,4.0062352647796754e-10,1.674937602788764e-12,-1.7970891576644643e-09
PNs,467.8209,2.161316e-08,2.2024952016691017e-08,4.286365847885264e-10,2.079039616816491e-08,2.1202188184855925e-08,-1.9226124586834606e-11,3.9256589210418e-10,1.5613549423850587e-12,-4.1179201669101635e-10
PNs,467.8687,2.061214e-08,2.1976297476005206e-08,4.392468996478367e-10,1.9787539540223886e-08,2.115169701622909e-08,-9.802619422759821e-10,3.838955337292219e-10,1.4580263990541288e-12,-1.3641574760052048e-09
PNs,467.9165,2.36899e-08,2.1913112253250733e-08,4.502966946574143e-10,2.2863260744676514e-08,2.1086472997927247e-08,2.151765398811606e-09,3.749776520623397e-10,1.3649086037341882e-12,1.7767877467492672e-09
PNs,467.9643,1.991054e-08,2.182973100216533e-08,4.6114316117010854e-10,1.9081886605622964e-08,2.100107760778829e-08,-1.552962389201533e-09,3.662286129637962e-10,1.2816202431314972e-12,-1.9191910021653274e-09
PNs,468.0121,1.947888e-08,2.1721754732429686e-08,4.711504609449863e-10,1.864840580886375e-08,2.0891280541293435e-08,-1.8847585290585347e-09,3.581162033711491e-10,1.2075268201147585e-12,-2.2428747324296858e-09
PNs,468.0599,2.01758e-08,2.158654208086742e-08,4.797107610740982e-10,1.9343791337596298e-08,2.0754533418463717e-08,-1.0595860119809713e-09,3.5115606888644866e-10,1.1418324431547391e-12,-1.410742080867419e-09
PNs,468.1077,2.011185e-08,2.1423537587393925e-08,4.862643425880974e-10,1.927860060297273e-08,2.0590288190366655e-08,-9.657861922534187e-10,3.459013951405071e-10,1.083659298665722e-12,-1.3116875873939247e-09
PNs,468.1555,1.966238e-08,2.123438807233184e-08,4.903181176165502e-10,1.882810471800958e-08,2.040011279034142e-08,-1.2290830237253174e-09,3.429250486065186e-10,1.0321157673500954e-12,-1.5720080723318409e-09
PNs,468.2033,2.036128e-08,2.1022823939541355e-08,4.914619426182395e-10,1.9526038559570953e-08,2.018758249911231e-08,-3.187507893221813e-10,3.427931502191743e-10,9.863475916308592e-13,-6.615439395413556e-10
PNs,468.2511,2.106967e-08,2.0794333158652127e-08,4.893821880953358e-10,2.0233312119680204e-08,1.995797527833233e-08,6.213669563095085e-10,3.460301149616353e-10,9.455772628248268e-13,2.753368413478726e-10
PNs,468.2989,2.16763e-08,2.055562509143186e-08,4.838721159514951e-10,2.08384431832764e-08,1.971776827470826e-08,1.4737504870484083e-09,3.5307557848026877e-10,9.091222918350353e-13,1.1206749085681398e-09
PNs,468.3467,1.841129e-08,2.0313973423194274e-08,4.74838721246155e-10,1.757133844802885e-08,1.9474021871223123e-08,-1.538446994994757e-09,3.6423642819951545e-10,8.764025254810851e-13,-1.9026834231942756e-09
PNs,468.3945,1.96768e-08,2.007652988204645e-08,4.623058120431152e-10,1.8834009465980946e-08,1.9233739348027397e-08,-2.00920996709847e-11,3.796377823754657e-10,8.469396004758624e-13,-3.997298820464503e-10
PNs,468.4423,2.047014e-08,1.9849667912320836e-08,4.464132254824738e-10,1.962372697454845e-08,1.9003254886869287e-08,1.0196515408684645e-09,3.9917945318930015e-10,8.203467797767815e-13,6.204720876791628e-10
PNs,468.4901,1.980854e-08,1.963844951386667e-08,4.2741220600560045e-10,1.8957824634006137e-08,1.8787734147872805e-08,5.925973314203428e-10,4.225068452870122e-10,7.963147012518505e-13,1.7009048613333108e-10
PNs,468.5379,2.056135e-08,1.9446269782325083e-08,4.056570986057296e-10,1.970591357718856e-08,1.8590833359513642e-08,1.5640849474827998e-09,4.4900472980788283e-10,7.745943978302397e-13,1.1150802176749169e-09
PNs,468.5857,1.964265e-08,1.927473096458557e-08,3.81593631863178e-10,1.878248291184807e-08,1.841456387643364e-08,8.457375094859688e-10,4.778184740715378e-10,7.549822172147334e-13,3.679190354144287e-10
PNs,468.6335,1.928607e-08,1.9123705156675312e-08,3.557441783225001e-10,1.8421677227917095e-08,1.8259312384592406e-08,6.702761338605018e-10,5.079112905358136e-10,7.373032245887069e-13,1.6236484332468858e-10
PNs,468.6812,1.718084e-08,1.8991584226685246e-08,3.286904797481724e-10,1.6313274726099846e-08,1.8124018952785093e-08,-1.272590830580933e-09,5.381533961043131e-10,7.213980476678297e-13,-1.810744226685247e-09
PNs,468.729,2.030443e-08,1.8875666086549174e-08,3.010544086484765e-10,1.9435234248914197e-08,1.8006470335463372e-08,1.9961981416137084e-09,5.674342281628814e-10,7.071142744430575e-13,1.4287639134508252e-09
PNs,468.7768,1.862413e-08,1.8772596315522306e-08,2.734774024110111e-10,1.775516996621353e-08,1.7903636281735836e-08,4.463220153465822e-10,5.94788330868886e-10,6.943005065714744e-13,-1.4846631552230606e-10
PNs,468.8246,1.868222e-08,1.8678814901694943e-08,2.4659925029854843e-10,1.7815421308328903e-08,1.7812016210023847e-08,6.229217351322018e-10,6.195166368271474e-10,6.828045454031306e-13,3.4050983050558268e-12
PNs,468.8724,1.907652e-08,1.859095015025023e-08,2.2103693495925542e-10,1.821352442064388e-08,1.7727954570894112e-08,1.1268560195615654e-09,6.412861698117983e-10,6.724745850643502e-13,4.855698497497691e-10
PNs,468.9202,1.912894e-08,1.8506131376847088e-08,1.973642283021314e-10,1.8270721789931984e-08,1.764791316677907e-08,1.2829994412399617e-09,6.601908180870471e-10,6.631636788412331e-13,6.228086231529113e-10
PNs,468.9679,1.989847e-08,1.8422188590893964e-08,1.7609271663659122e-10,1.904495338551127e-08,1.7568671976405234e-08,2.153050573176312e-09,6.767691640702764e-10,6.54733781865594e-13,1.4762814091060374e-09
PNs,469.0157,1.892683e-08,1.833775174667196e-08,1.5765488270009717e-10,1.807655470752924e-08,1.7487476454201198e-08,1.2810516033953944e-09,6.91973350067355e-10,6.470597033123251e-13,5.890782533280409e-10
PNs,469.0635,1.938214e-08,1.8252265711167263e-08,1.4238980416271703e-10,1.8532016735460684e-08,1.7402142446627948e-08,1.836967717313148e-09,7.070934284804115e-10,6.400318961867985e-13,1.1298742888327363e-09
PNs,469.1113,1.760769e-08,1.8165939393278832e-08,1.3053194165343377e-10,1.6752876225966227e-08,1.731112561924506e-08,1.6539888282042971e-10,7.236482760992655e-10,6.335562810727046e-13,-5.582493932788341e-10
PNs,469.159,1.988254e-08,1.8079655047246455e-08,1.22203387162136e-10,1.9016455993207867e-08,1.7213571040454323e-08,2.546138020765343e-09,7.432530680117998e-10,6.275516181931736e-13,1.8028849527535439e-09
PNs,469.2068,1.815657e-08,1.7994856630629407e-08,1.1740982921376085e-10,1.727106332786543e-08,1.7109349958494837e-08,9.291882676596204e-10,7.674748982890253e-10,6.219446317836298e-13,1.6171336937059349e-10
PNs,469.2546,1.849149e-08,1.7913436190389167e-08,1.1604036827291549e-10,1.757715031330416e-08,1.6999096503693327e-08,1.3757364634739299e-09,7.976826538630962e-10,6.166645598306491e-13,5.780538096108338e-10
PNs,469.3023,1.825563e-08,1.7837603245214155e-08,1.178711884847537e-10,1.730224303535372e-08,1.6884216280567875e-08,1.2529308939214277e-09,8.349041391355815e-10,6.116370259414119e-13,4.1802675478584394e-10
PNs,469.3501,1.760534e-08,1.7769747938470513e-08,1.2257296430341068e-10,1.6602467771894496e-08,1.676687571036501e-08,7.152845454898546e-10,8.796924839603685e-10,6.067798417276614e-13,-1.6440793847051263e-10
PNs,469.3979,1.801074e-08,1.7712290836995964e-08,1.297217570219269e-10,1.6948406118170186e-08,1.664995695516615e-08,1.2304592860165888e-09,9.320101230125503e-10,6.020017953372498e-13,2.984491630040374e-10
PNs,469.4457,1.847145e-08,1.7667498964103712e-08,1.3881304078358466e-10,1.7340884955208212e-08,1.6536933919311923e-08,1.7951058360591698e-09,9.9115480016288e-10,5.972038453229399e-13,8.039510358962895e-10
PNs,469.4934,1.82865e-08,1.7637303257506994e-08,1.4927839414185728e-10,1.708090530662594e-08,1.6431708564132933e-08,1.7049207567035426e-09,1.0557240142105359e-09,5.922850216677512e-13,6.491967424930055e-10
PNs,469.5412,1.864021e-08,1.7623111616857763e-08,1.6050430506903984e-10,1.735547576586727e-08,1.6338377382725033e-08,2.140741161005984e-09,1.1236427778637488e-09,5.871511999444462e-13,1.0170983831422378e-09
PNs,469.5889,1.886836e-08,1.7625639602419374e-08,1.7185246740784615e-10,1.7503649453965746e-08,1.626092905638512e-08,2.434996751217226e-09,1.1922763536365995e-09,5.817249898073468e-13,1.242720397580626e-09
PNs,469.6367,1.817127e-08,1.7644796820419005e-08,1.8268089742840804e-10,1.672940943774186e-08,1.6202936258160865e-08,1.7850768873460942e-09,1.2586037077650998e-09,5.759570646313598e-13,5.264731795809965e-10
PNs,469.6845,1.835325e-08,1.7679638189115763e-08,1.9236517202691034e-10,1.6840857569737474e-08,1.6167245758853238e-08,1.9930692333647194e-09,1.3194574224804816e-09,5.698357551343875e-13,6.736118108842363e-10
PNs,469.7322,1.879039e-08,1.7728396586967262e-08,2.0031908607843212e-10,1.7217698939182246e-08,1.6155705526149508e-08,2.433801994931633e-09,1.371808581898893e-09,5.633928404266109e-13,1.0619934130327378e-09
PNs,469.78,1.783106e-08,1.7788592917563872e-08,2.0601404566913118e-10,1.621144915974027e-08,1.6168982077304143e-08,1.4555071709981494e-09,1.4130400885620213e-09,5.56706028576408e-13,4.246708243612629e-11
PNs,469.8277,1.856221e-08,1.785721131336284e-08,2.0899655574563362e-10,1.691147377799594e-08,1.6206475091358782e-08,2.146188457367479e-09,1.441189770730321e-09,5.498955281049687e-13,7.049986866371585e-10
PNs,469.8755,1.777692e-08,1.7930911337211256e-08,2.0890322374968592e-10,1.6112358111084643e-08,1.62663494482959e-08,1.3011242120817002e-09,1.4551155492929594e-09,5.431158727145591e-13,-1.5399133721125732e-10
PNs,469.9232,1.774039e-08,1.8006240193399178e-08,2.0547278296894275e-10,1.6079820072577738e-08,1.6345670265976915e-08,1.1887104069692434e-09,1.454560600368421e-09,5.365440849002513e-13,-2.658501933991772e-10
PNs,469.971,1.813902e-08,1.8079821066951363e-08,1.98554737912301e-10,1.6499815581611424e-08,1.6440616648562786e-08,1.4993182486494378e-09,1.4401193156008027e-09,5.303648754751029e-13,5.919893304863779e-11
PNs,470.0187,1.803692e-08,1.8148495247836735e-08,1.8811434575023387e-10,1.6435169595887135e-08,1.654674484372387e-08,1.301536055452261e-09,1.4131113032889988e-09,5.247550736316694e-13,-1.1157524783673646e-10
PNs,470.0665,1.803661e-08,1.8209406639891174e-08,1.7423376905101375e-10,1.6486460969569638e-08,1.6659257609460812e-08,1.2025987521686206e-09,1.3753953920597943e-09,5.19869319552584e-13,-1.7279663989117445e-10
PNs,470.1142,1.827618e-08,1.8260032749497646e-08,1.571093616842476e-10,1.678939734040383e-08,1.6773250089901477e-08,1.3453047194482563e-09,1.3291574689459021e-09,5.158289660179027e-13,1.6147250502353138e-11
PNs,470.162,1.748134e-08,1.8298184868113323e-08,1.3704517766476585e-10,1.6067072132701605e-08,1.688391700081493e-08,4.598651064640795e-10,1.276709974577404e-09,5.127150562262952e-13,-8.168448681133241e-10
PNs,470.2097,1.758715e-08,1.832199241410326e-08,1.1444291764225939e-10,1.625186639569219e-08,1.6986708809795455e-08,4.854877056777436e-10,1.2203301197810054e-09,5.105668845389999e-13,-7.348424141032597e-10
PNs,470.2575,1.875469e-08,1.8329912470690436e-08,8.978864557254284e-11,1.7502248655980765e-08,1.70774711266712e-08,1.5869208426317415e-09,1.1621433133221775e-09,5.093851245156567e-13,4.247775293095625e-10
PNs,470.3052,1.836082e-08,1.8320760710912405e-08,6.363671493776051e-11,1.7192611275537507e-08,1.7152551986449912e-08,1.1441221584365427e-09,1.1040628693489493e-09,5.091401757857651e-13,4.005928908759487e-11
PNs,470.353,1.740944e-08,1.8293787052042594e-08,3.659143618149632e-11,1.63245716337909e-08,1.7208918685833494e-08,1.6342009473154055e-10,1.047767146774137e-09,5.097832534671003e-13,-8.843470520425956e-10
PNs,470.4007,1.772887e-08,1.8248779601912924e-08,9.287091737557947e-12,1.6724363962218315e-08,1.724427356413124e-08,4.747980853146187e-10,9.947076872275427e-10,5.112588165853426e-13,-5.19909601912923e-10
PNs,470.4484,1.692662e-08,1.8186179266152243e-08,-1.7633040312613686e-11,1.5997625501365894e-08,1.7257184767518136e-08,-3.1344524317201915e-10,9.461140229802228e-10,5.135159664977562e-13,-1.259559266152242e-09
PNs,470.4962,1.895578e-08,1.8107175823856452e-08,-4.3537960127974306e-11,1.8095792921855942e-08,1.7247188745712394e-08,1.7516126980240098e-09,9.030085218804596e-10,5.16516391571601e-13,8.486041761435481e-10
PNs,470.5439,1.723506e-08,1.8013756726551328e-08,-6.782981387349978e-11,1.6436161926794285e-08,1.7214858653345612e-08,8.751092342278218e-11,8.662076499741091e-10,5.202371051061279e-13,-7.786967265513272e-10
PNs,470.5916,1.582716e-08,1.7908678458038454e-08,-8.996366512870671e-11,1.5080289668786414e-08,1.7161808126824867e-08,-1.2452091289239428e-09,8.363093291145094e-10,5.246672277858958e-13,-2.081518458038453e-09
cold,438.4203,6.393151e-07,6.379331651255646e-07,6.061597079147121e-07,3.128817394328032e-08,2.990623906884491e-08,1.5819435285459507e-09,2.000086541105376e-10,1.6672094878970603e-09,1.3819348744354202e-09
cold,438.469,6.46558e-07,6.375395179474e-07,6.049622295335409e-07,3.9734308074418167e-08,3.0715826021818205e-08,9.228634618811982e-09,2.1015256621202398e-10,1.6513098258289128e-09,9.018482052599962e-09
cold,438.5177,6.24917e-07,6.372080901409104e-07,6.03788570745142e-07,1.9277350077493837e-08,3.156844021840427e-08,-1.2068998400605337e-08,2.2209174030509523e-10,1.628987437059063e-09,-1.2291090140910439e-08
cold,438.5664,6.366793e-07,6.369266557209708e-07,6.026380187957116e-07,3.220359886167106e-08,3.2450954582641945e-08,-1.1393621764080421e-11,2.359620992068032e-10,1.6017202434105556e-09,-2.473557209708927e-10
cold,438.6151,6.291016e-07,6.36681287552884e-07,6.015092288278588e-07,2.576944553546914e-08,3.334913308835304e-08,-7.327847260302822e-09,2.5184029258108303e-10,1.5710853440910636e-09,-7.57968755288397e-09
cold,438.6638,6.31589e-07,6.364568747359252e-07,6.004002660763713e-07,2.9380321410154842e-08,3.424819614607997e-08,-4.598140885134902e-09,2.6973385079022874e-10,1.5386786626837355e-09,-4.867874735925181e-09
cold,438.7124,6.385592e-07,6.362377519450306e-07,5.99308666685272e-07,3.7454914415990976e-08,3.5133466361021566e-08,2.611022871021724e-09,2.8957481605231747e-10,1.5060440826846762e-09,2.321448054969416e-09
cold,438.7611,6.298354e-07,6.360083156036635e-07,5.982315152264269e-07,2.981805178132307e-08,3.599096738498653e-08,-5.861698895534755e-09,3.112167081287041e-10,1.4746162841213802e-09,-6.172915603663488e-09
cold,438.8098,6.277561e-07,6.357535292008073e-07,5.971655364727621e-07,2.8810449446226494e-08,3.680787864703362e-08,-7.662995304947553e-09,3.344338958595711e-10,1.4456801851518979e-09,-7.997429200807222e-09
cold,438.8585,6.339927e-07,6.354593619847867e-07,5.961071985291954e-07,3.6106232498015675e-08,3.7572894482802415e-08,-1.1077363520523445e-09,3.5892563273439445e-10,1.4203433400544782e-09,-1.4666619847867463e-09
cold,438.9072,6.304978e-07,6.351131218961194e-07,5.950528240658632e-07,3.366113018217804e-08,3.8276452078297347e-08,-4.2309971270505835e-09,3.8432476906872323e-10,1.3995209828901086e-09,-4.615321896119372e-09
cold,438.9559,6.383704e-07,6.34703697924436e-07,5.939987061424758e-07,4.257754785502822e-08,3.8910845779464206e-08,4.076915063542784e-09,4.102129879787674e-10,1.3839330145171349e-09,3.666702075564001e-09
cold,439.0045,6.189968e-07,6.342216656604683e-07,5.929412249677087e-07,2.4245320683236124e-08,3.947018634370449e-08,-1.478872545038507e-08,4.3614021008329694e-10,1.3741141389718089e-09,-1.5224865660468295e-08
cold,439.0532,6.304329e-07,6.33659325921756e-07,5.918769619080174e-07,3.6723851967301747e-08,3.9950277889057735e-08,-2.7647758951666827e-09,4.6165002658930803e-10,1.3704360980915918e-09,-3.226425921755929e-09
cold,439.1019,6.422559e-07,6.330107215873853e-07,5.908028071470973e-07,4.959364172768383e-08,4.034846331506924e-08,9.731489011919345e-09,4.863105993047512e-10,1.3731405259140973e-09,9.245178412614668e-09
cold,439.1506,6.291851e-07,6.322715995078504e-07,5.897160575976248e-07,3.757691359585574e-08,4.0663413103706136e-08,-2.576752688424444e-09,5.097468194259535e-10,1.3823819870935139e-09,-3.0864995078504245e-09
cold,439.1992,6.405957e-07,6.314394334133642e-07,5.886145019746124e-07,5.005124658759044e-08,4.089498000095458e-08,9.687942015537465e-09,5.316754289016017e-10,1.3982760088956403e-09,9.156266586635873e-09
cold,439.2479,6.380611e-07,6.305134540237203e-07,5.874964903449683e-07,4.859172219079697e-08,4.104407621451731e-08,8.099583629562316e-09,5.519376532826567e-10,1.4209498109520461e-09,7.547645976279658e-09
cold,439.2966,6.230388e-07,6.294946631333626e-07,5.863609859578688e-07,3.4656708133043124e-08,4.11125712664057e-08,-5.8853409108837585e-09,5.70522222478817e-10,1.450583686609239e-09,-6.455863133362526e-09
cold,439.3452,6.3762e-07,6.283858637028361e-07,5.852075977198747e-07,5.0337385325384374e-08,4.1103249028220594e-08,9.82171530154875e-09,5.875790043849672e-10,1.4874379503558491e-09,9.234136297163833e-09
cold,439.3939,6.22049e-07,6.271916427333e-07,5.840365922896881e-07,3.587712527876058e-08,4.1019768012060503e-08,-4.539222838881337e-09,6.034198944185825e-10,1.5318625371327538e-09,-5.142642733299987e-09
cold,439.4426,6.099435e-07,6.259182563314515e-07,5.828488854107658e-07,2.4891848966229366e-08,4.086660529768078e-08,-1.5356258399833034e-08,6.184979316183752e-10,1.584267691386514e-09,-1.5974756331451454e-08
cold,439.4912,6.263286e-07,6.24573398795875e-07,5.816460127553878e-07,4.2404141445803025e-08,4.0648940241677965e-08,2.3885741837093287e-09,6.333729795842671e-10,1.6450728192249513e-09,1.7552012041250334e-09
cold,439.5399,6.31065e-07,6.231658544062485e-07,5.804300812005063e-07,4.8271639382930583e-08,4.037249378917909e-08,8.547806358732366e-09,6.486607649808704e-10,1.7146186515822116e-09,7.899145593751494e-09
cold,439.5886,6.322284e-07,6.217050251245463e-07,5.792037020733986e-07,5.056667265511693e-08,4.004329777966323e-08,1.118834594233878e-08,6.649710668850836e-10,1.7930542045993678e-09,1.0523374875453683e-08
cold,439.6372,6.226553e-07,6.202003764866266e-07,5.779699084742778e-07,4.212233200750211e-08,3.9667408494128646e-08,3.1377678581682276e-09,6.828443447947581e-10,1.8802151734253997e-09,2.4549235133734772e-09
cold,439.6859,6.196107e-07,6.186608634373219e-07,5.767320592856439e-07,4.020044676069298e-08,3.9250610198014896e-08,1.652528654396218e-09,7.026920917181363e-10,1.975501861944935e-09,9.498365626781694e-10
cold,439.7345,6.210333e-07,6.170944116383969e-07,5.75493732898402e-07,4.2737038390762166e-08,3.8798150029159125e-08,4.66363863762461e-09,7.24750276021572e-10,2.077778434814299e-09,3.938888361603034e-09
cold,439.7832,6.17715e-07,6.155075213916688e-07,5.742586140093676e-07,4.05220224557306e-08,3.831454384739942e-08,2.956530646309697e-09,7.490520379785082e-10,2.18531149692325e-09,2.2074786083312025e-09
cold,439.8319,6.118039e-07,6.139050545863894e-07,5.730303770634954e-07,3.5702334865314226e-08,3.780348945170374e-08,-1.3257308829368422e-09,7.754237034526739e-10,2.2957643677376455e-09,-2.1011545863894773e-09
cold,439.8805,6.056166e-07,6.122902554124226e-07,5.718125700200727e-07,3.0594276178375707e-08,3.726793159079829e-08,-5.870151992283961e-09,8.035034201386204e-10,2.406250381412995e-09,-6.673655412422582e-09
cold,439.9292,6.025323e-07,6.106650038646632e-07,5.706085021118953e-07,2.8577567155800514e-08,3.6710271020463766e-08,-7.299924060724634e-09,8.32779803938622e-10,2.513450928365559e-09,-8.132703864663215e-09
cold,439.9778,6.11206e-07,6.090302041658335e-07,5.694211391404028e-07,3.830840774739471e-08,3.61326119132281e-08,3.038445170681298e-09,8.626493365146906e-10,2.6138037756878095e-09,2.1757958341665465e-09
cold,440.0265,6.162009e-07,6.073863618042212e-07,5.682530096118689e-07,4.4351694697555224e-08,3.5537156501776454e-08,9.707015294173838e-09,8.92477098395074e-10,2.703718592180773e-09,8.814538195778783e-09
cold,440.0751,6.065147e-07,6.05734184714528e-07,5.671061246775378e-07,3.570710285375973e-08,3.492658756828777e-08,1.7021737003345467e-09,9.216584148625909e-10,2.7798140538399153e-09,7.8051528547202e-10
cold,440.1238,5.995303e-07,6.040750981718317e-07,5.659819144048606e-07,2.9759549423274224e-08,3.430434759510586e-08,-3.5951213848460205e-09,9.496767869856165e-10,2.8391593848795997e-09,-4.544798171831645e-09
cold,440.1724,5.98903e-07,6.024116576993557e-07,5.648811823914897e-07,3.0166196494046614e-08,3.3674854193402347e-08,-2.5325090092678235e-09,9.761486900879096e-10,2.8794724243757046e-09,-3.508657699355726e-09
cold,440.221,6.094969e-07,6.007477333708129e-07,5.638040801546712e-07,4.179269035503877e-08,3.3043523725851654e-08,9.750025379572182e-09,1.0008587503850644e-09,2.8992707399050364e-09,8.749166629187152e-09
cold,440.2697,5.992984e-07,5.990885221248293e-07,5.627501021044593e-07,3.2626566520067925e-08,3.241668864489722e-08,1.2336599051003217e-09,1.0237820299296157e-09,2.8979493455432225e-09,2.0987787517069725e-10
cold,440.3183,6.05102e-07,5.974402747959396e-07,5.617181012594295e-07,3.946300753791658e-08,3.1801282333856116e-08,8.706827738752796e-09,1.045102534692329e-09,2.875788667961579e-09,7.661725204060416e-09
cold,440.367,5.825519e-07,5.95809878591331e-07,5.607063252088059e-07,1.7946458412743883e-08,3.120443700407487e-08,-1.2192751344059392e-08,1.0652272472715888e-09,2.83388913117867e-09,-1.325797859133093e-08
cold,440.4156,5.873016e-07,5.942043547099133e-07,5.597124711858323e-07,2.3730278863068436e-08,3.063303357298178e-08,-5.817954913355284e-09,1.084799796558056e-09,2.774050154541161e-09,-6.902754709913374e-09
cold,440.4642,5.919635e-07,5.926302740709221e-07,5.587337585139467e-07,2.9426415333983713e-08,3.009318940490587e-08,4.379430909573612e-10,1.1047171618795182e-09,2.6986089901900744e-09,-6.667740709221905e-10
cold,440.5129,5.831792e-07,5.910931929989099e-07,5.577670161389377e-07,2.1675784378129833e-08,2.9589777377039727e-08,-6.787846002597117e-09,1.126146996312778e-09,2.61025248661964e-09,-7.91399299890987e-09
cold,440.5615,5.928088e-07,5.895972923567243e-07,5.568087824840555e-07,3.233763586301118e-08,2.9126128219735434e-08,4.362043287337974e-09,1.150535644062232e-09,2.5118460088711143e-09,3.2115076432757316e-09
cold,440.6101,5.908379e-07,5.881450521805133e-07,5.558554144760652e-07,3.13966157626745e-08,2.8703767943187858e-08,3.872455958022076e-09,1.1796081385354325e-09,2.406261622724785e-09,2.6928478194866787e-09
cold,440.6588,5.881183e-07,5.867371346862766e-07,5.549032023007487e-07,2.970350958756131e-08,2.8322344273837904e-08,2.5965088953243755e-09,1.2153435816009753e-09,2.2962445300889823e-09,1.3811653137233952e-09
cold,440.7074,5.898938e-07,5.85372461043932e-07,5.539484862654965e-07,3.250107574643086e-08,2.7979736790362802e-08,5.781259332001522e-09,1.259920375933462e-09,2.1843176121392397e-09,4.521338956068031e-09
cold,440.756,5.919026e-07,5.840483564075813e-07,5.529877720801251e-07,3.5526489414143826e-08,2.767224582172513e-08,9.169871195537533e-09,1.315627603118838e-09,2.072710902612173e-09,7.854243592418754e-09
cold,440.8047,5.976769e-07,5.827608562906435e-07,5.520178409169864e-07,4.2310988126015696e-08,2.739494441665915e-08,1.630078203610141e-08,1.3847383267448662e-09,1.9633326302530366e-09,1.4916043709356447e-08
cold,440.8533,5.750664e-07,5.815050388777284e-07,5.510358507762272e-07,2.0703437327033294e-08,2.7142076204761636e-08,-4.969285838644222e-09,1.469353039084118e-09,1.8577588576554437e-09,-6.438638877728395e-09
cold,440.9019,5.71971e-07,5.802754180332466e-07,5.500394259565182e-07,1.8603107014541765e-08,2.6907525047788334e-08,-6.73320344610182e-09,1.5712145871447497e-09,1.7572524417953306e-09,-8.3044180332466e-09
cold,440.9505,5.846544e-07,5.790662888098895e-07,5.490267318070396e-07,3.227336100857145e-08,2.668524981846104e-08,7.279638219526889e-09,1.6915270294164806e-09,1.6627801549723948e-09,5.588111190110473e-09
cold,440.9991,5.867862e-07,5.77872066294977e-07,5.479965324011055e-07,3.538384337738516e-08,2.646970967236221e-08,1.0744913162677945e-08,1.8307794576549966e-09,1.5750447638543513e-09,8.914133705022953e-09
cold,441.0478,5.80571e-07,5.766875717397932e-07,5.469482293109186e-07,3.0139647311696995e-08,2.625621905149022e-08,5.872035773202769e-09,1.988607512995996e-09,1.4945158643884007e-09,3.883428260206827e-09
cold,441.0964,5.902202e-07,5.755082575244838e-07,5.458818802594941e-07,4.075315286043215e-08,2.6041210384916026e-08,1.687565281537416e-08,2.1637103398580327e-09,1.4214565402156378e-09,1.4711942475516204e-08
cold,441.145,5.779452e-07,5.743303909622483e-07,5.447981970609879e-07,2.9437226919521325e-08,2.582241788176972e-08,5.968630645844914e-09,2.3538216080933077e-09,1.3559544113973956e-09,3.614809037751615e-09
cold,441.1936,5.762907e-07,5.731511703917248e-07,5.436985229144479e-07,2.8738459719367413e-08,2.559893011109212e-08,5.6953070325853154e-09,2.5557774243100214e-09,1.2979399418747175e-09,3.1395296082752696e-09
cold,441.2422,5.743732e-07,5.719688084693057e-07,5.425847897677266e-07,2.7775554241511583e-08,2.5371162710817272e-08,5.170039001736191e-09,2.7656474710418823e-09,1.2472085197199943e-09,2.4043915306943203e-09
cold,441.2908,5.668123e-07,5.707825780809124e-07,5.414594570974016e-07,2.1170458504685574e-08,2.514073658559797e-08,-9.913327632551902e-10,2.978945317657204e-09,1.20343908025562e-09,-3.970278080912456e-09
cold,441.3395,5.698678e-07,5.695928297469768e-07,5.403254340371656e-07,2.5185250110857052e-08,2.4910279857833807e-08,3.4658763255957124e-09,3.190906072572466e-09,1.166209779404934e-09,2.7497025302321156e-10
cold,441.3881,5.668966e-07,5.684009998293534e-07,5.391859873127692e-07,2.3178801218393745e-08,2.4683201047747222e-08,1.8923941850662678e-09,3.396794014419742e-09,1.1350174544172906e-09,-1.5043998293534402e-09
cold,441.4367,5.670562e-07,5.672096032956861e-07,5.380446378896273e-07,2.4310005748770186e-08,2.4463409044456313e-08,3.4388606513311103e-09,3.5922639470172386e-09,1.1092924145852747e-09,-1.5340329568614653e-10
cold,441.4853,5.641705e-07,5.660222285124554e-07,5.369050495954933e-07,2.2403312023466494e-08,2.4255040535921955e-08,1.921993154758187e-09,3.773721667213647e-09,1.0884167138265314e-09,-1.8517285124554112e-09
cold,441.5339,5.695413e-07,5.648435354338916e-07,5.357709132339208e-07,2.8759975426359986e-08,2.4062210860251583e-08,8.636431592513162e-09,3.9386670264047585e-09,1.0717443133144054e-09,4.697764566108406e-09
cold,441.5825,5.67585e-07,5.636792458961798e-07,5.34645829846569e-07,2.7794519028150476e-08,2.3888764924330362e-08,7.991785652219923e-09,4.086031548399808e-09,1.0586195768806177e-09,3.905754103820183e-09
cold,441.6311,5.691858e-07,5.62536128986309e-07,5.335331968092725e-07,3.038774937438755e-08,2.373807836069651e-08,1.0866126579888e-08,4.216455566196959e-09,1.0483982501430035e-09,6.649671013691064e-09
cold,441.6797,5.641584e-07,5.614219649067826e-07,5.324361003573526e-07,2.6349328253207597e-08,2.3612893159990204e-08,7.068938270853213e-09,4.332503177635821e-09,1.040468211804056e-09,2.736435093217374e-09
cold,441.7283,5.578201e-07,5.603454715030591e-07,5.31357217932694e-07,2.098981743232824e-08,2.3515188935387248e-08,1.9134242726121623e-09,4.438795775671172e-09,1.0342688593066726e-09,-2.5253715030590086e-09
cold,441.7769,5.644162e-07,5.593161777689543e-07,5.302987334350889e-07,2.8546131233935586e-08,2.3446109002889933e-08,9.642048104212068e-09,4.5420258731664175e-09,1.0293094578090292e-09,5.10002223104564e-09
cold,441.8255,5.613645e-07,5.583442271728406e-07,5.292622680530052e-07,2.6426191703278912e-08,2.340591887611956e-08,7.671129730936412e-09,4.650856903777061e-09,1.0251833399388223e-09,3.020272827159401e-09
cold,441.8741,5.424782e-07,5.574400941891308e-07,5.282488288571684e-07,8.432127742772396e-09,2.339402193190315e-08,-1.0186229200741736e-08,4.77566498838902e-09,1.0215784116702262e-09,-1.496189418913082e-08
cold,441.9227,5.520879e-07,5.566142105765971e-07,5.272587767796402e-07,1.8882715011541714e-08,2.340902558813879e-08,4.018153887566699e-10,4.928125965353744e-09,1.0182822434643405e-09,-4.526310576597095e-09
cold,441.9713,5.608797e-07,5.558764965782211e-07,5.262918149891645e-07,2.8452058436670158e-08,2.344885501489134e-08,1.0123848778074254e-08,5.120645356295434e-09,1.0151812178698098e-09,5.003203421778816e-09
cold,442.0199,5.578471e-07,5.55235783312816e-07,5.253469980297195e-07,2.612222701533397e-08,2.3510910328149986e-08,7.976937430252499e-09,5.3656207430685166e-09,1.0122542118780123e-09,2.611316687184017e-09
cold,442.0685,5.545415e-07,5.54699182199884e-07,5.244227614338118e-07,2.3434577419546753e-08,2.359225961943077e-08,5.51691829447959e-09,5.674600494363611e-09,1.0095606522777963e-09,-1.5768219988392515e-10
cold,442.1171,5.646794e-07,5.542713750817129e-07,5.23516970875744e-07,3.4097869605930584e-08,2.3689844687643435e-08,1.646535972779038e-08,6.0573348095032325e-09,1.0072247088222498e-09,1.0408024918287083e-08
cold,442.1656,5.56319e-07,5.539538985979022e-07,5.226269893132901e-07,2.616578552957925e-08,2.38006841274815e-08,8.885909811704363e-09,6.520808409606613e-09,1.0054167475239869e-09,2.3651014020977673e-09
cold,442.2142,5.497599e-07,5.537444659886853e-07,5.217497599983984e-07,1.9937484973686406e-08,2.3922050962371617e-08,3.083755327518525e-09,7.068321316203737e-09,1.004333711711513e-09,-3.984565988685234e-09
cold,442.2628,5.670736e-07,5.536363324208609e-07,5.208819027366151e-07,3.748886329090679e-08,2.4051595711767707e-08,2.113592131034174e-08,7.698653731202661e-09,1.004180241275439e-09,1.3437267579139116e-08
cold,442.3114,5.580836e-07,5.53617893125848e-07,5.200198203567238e-07,2.8653129734141217e-08,2.4187422859989285e-08,1.2871205191961071e-08,8.405498317809139e-09,1.0051515913258068e-09,4.465706874152005e-09
cold,442.36,5.618088e-07,5.53672495464684e-07,5.19159812029794e-07,3.2464402629459844e-08,2.4328098094143807e-08,1.731347018214935e-08,9.177165646833313e-09,1.0074196939128779e-09,8.136304535315987e-09
cold,442.4086,5.564607e-07,5.537785096820069e-07,5.18298189860629e-07,2.7154779273578413e-08,2.4472588955585237e-08,1.267879862343386e-08,9.996608305440684e-09,1.0111225603520187e-09,2.6821903179931866e-09
cold,442.4571,5.510456e-07,5.5390987196093e-07,5.174313950713069e-07,2.1755906153748017e-08,2.462017811467801e-08,7.977669261383076e-09,1.0841941222313068e-08,1.0163575526320358e-09,-2.864271960929969e-09
cold,442.5057,5.530474e-07,5.540369445633084e-07,5.165561101093832e-07,2.3780796955733857e-08,2.477034151904223e-08,1.0697770630131378e-08,1.168731519343975e-08,1.0231777414432414e-09,-9.895445633084068e-10
cold,442.5543,5.549159e-07,5.541277813863909e-07,5.156693631419644e-07,2.5710749198314752e-08,2.4922630584705595e-08,1.3292314988088343e-08,1.2504196374479184e-08,1.0315912852416825e-09,7.88118613609141e-10
cold,442.6029,5.523212e-07,5.541497353279656e-07,5.147686216372125e-07,2.3248044521839815e-08,2.5076579849805278e-08,1.1434435392391429e-08,1.3262970720356892e-08,1.0415631205908041e-09,-1.8285353279655357e-09
cold,442.6515,5.603919e-07,5.54071193273413e-07,5.138518720792984e-07,3.155234444259679e-08,2.523163771600985e-08,2.02553726826211e-08,1.3934665956034156e-08,1.053017522070681e-09,6.320706726586966e-09
cold,442.7,5.667721e-07,5.538634908650662e-07,5.129176833005363e-07,3.829576932225953e-08,2.538716018732564e-08,2.740141356439423e-08,1.449280442946034e-08,1.0658429477439032e-09,1.2908609134933842e-08
cold,442.7486,5.644214e-07,5.535026532587691e-07,5.119652514315686e-07,3.646117820109713e-08,2.55424314598662e-08,2.583382028341705e-08,1.4915073542186122e-08,1.0798968251481383e-09,1.0918746741230907e-08
cold,442.7972,5.477918e-07,5.529708897842628e-07,5.109944250507081e-07,2.0517629811806842e-08,2.569671959606974e-08,1.0005643924383644e-08,1.518473370864654e-08,1.095011428838447e-09,-5.1790897842628575e-09
cold,442.8457,5.582785e-07,5.52257710925494e-07,5.100057097385794e-07,3.1870140366380473e-08,2.5849351291874644e-08,2.1312438187030576e-08,1.5291649112524743e-08,1.1110007825152717e-09,6.020789074505918e-09
cold,442.8943,5.482467e-07,5.51360508170572e-07,5.090002518942878e-07,2.28859610271824e-08,2.5999769197754397e-08,1.2119012057419379e-08,1.5232820227991375e-08,1.1276668505384002e-09,-3.1138081705720297e-09
cold,442.9429,5.438898e-07,5.502846341246726e-07,5.07979802323972e-07,1.975275679189661e-08,2.6147590916569136e-08,8.617598495397128e-09,1.5012432620069653e-08,1.1448082640617674e-09,-6.3948341246725084e-09
cold,442.9914,5.469922e-07,5.490429358943938e-07,5.06946660751099e-07,2.4241888711113816e-08,2.6292624605507625e-08,1.2590686912494018e-08,1.4641422806887828e-08,1.1622277308993797e-09,-2.050735894393803e-09
cold,443.04,5.516966e-07,5.476547954586153e-07,5.059036030000786e-07,3.047666997542992e-08,2.6434865434045237e-08,1.8178391189726812e-08,1.4136586648342129e-08,1.1797403761493106e-09,4.041804541384716e-09
cold,443.0886,5.454795e-07,5.461448732467738e-07,5.048537931517105e-07,2.5909082040874287e-08,2.6574455287648124e-08,1.2854072034001534e-08,1.3519445280775371e-08,1.197179526639804e-09,-6.653732467738537e-10
cold,443.1371,5.448434e-07,5.445415438267847e-07,5.038006834433478e-07,2.7013503685328346e-08,2.6711647512112895e-08,1.3116666099751328e-08,1.281480992653588e-08,1.2144029447880358e-09,3.018561732153579e-10
cold,443.1857,5.346796e-07,5.428752842256791e-07,5.027479050735152e-07,1.865108707691274e-08,2.6846771302591686e-08,3.853627632801999e-09,1.2049311858480946e-08,1.2312959910912425e-09,-8.195684225679006e-09
cold,443.2342,5.419718e-07,5.41177128643317e-07,5.016991533578238e-07,2.777487631090982e-08,2.6980204954226783e-08,1.2044671115323993e-08,1.1249999758640954e-08,1.247770572625485e-09,7.946713566830322e-10
cold,443.2828,5.417008e-07,5.39477179413789e-07,5.00658070861333e-07,2.933603094673267e-08,2.7112410360521707e-08,1.2666553997920379e-08,1.0442933411709418e-08,1.2637647802249112e-09,2.223620586210941e-09
cold,443.3313,5.298424e-07,5.378034535832598e-07,4.996281321963845e-07,1.9282927623586014e-08,2.7243981206845846e-08,1.6910494829829287e-09,9.652103066242758e-09,1.2792371137866184e-09,-7.961053583259828e-09
cold,443.3799,5.312376e-07,5.36181007058171e-07,4.986125341223617e-07,2.2432323854563453e-08,2.737573091273447e-08,3.955175153636107e-09,8.898582211807126e-09,1.2941598112677682e-09,-4.9434070581710074e-09
cold,443.4284,5.322848e-07,5.346313213139901e-07,4.976140944164668e-07,2.516228911276692e-08,2.750881042675692e-08,5.853382457040382e-09,8.199903771030384e-09,1.3085126997358993e-09,-2.3465213139900816e-09
cold,443.477,5.288315e-07,5.331720209733086e-07,4.966351627077462e-07,2.3304301785700554e-08,2.7644822759009078e-08,3.2292374617366365e-09,7.569758435045163e-09,1.3222770715081106e-09,-4.340520973308544e-09
cold,443.5255,5.28065e-07,5.318168714956513e-07,4.956775460889603e-07,2.403403560144234e-08,2.778590709709369e-08,3.2661163421307438e-09,7.0179878377821e-09,1.335430471815224e-09,-3.7518714956513625e-09
cold,443.5741,5.260984e-07,5.305759112553313e-07,4.947424518544248e-07,2.3457284861489034e-08,2.7934796116820295e-08,2.0732063160517766e-09,6.5507175713830386e-09,1.3479457127031638e-09,-4.477511255331274e-09
cold,443.6226,5.30069e-07,5.294557391740655e-07,4.938304491713476e-07,2.870805889384783e-08,2.809479806791325e-08,6.783961265025522e-09,6.170700439090941e-09,1.3597914957136468e-09,6.132608259344919e-10
cold,443.6712,5.268254e-07,5.284598404004481e-07,4.92941450894542e-07,2.6635281128081563e-08,2.8269721528529615e-08,4.243291022377688e-09,5.87773142282574e-09,1.3709365545507622e-09,-1.6344404004480686e-09
cold,443.7197,5.252696e-07,5.275888839439353e-07,4.920747160985462e-07,2.6144429022121573e-08,2.846371296605688e-08,3.3498159627059743e-09,5.669099906641283e-09,1.3813549726909118e-09,-2.3192839439352403e-09
cold,443.7683,5.283895e-07,5.268409736343153e-07,4.912288732472231e-07,3.0229580325179706e-08,2.8681053959494965e-08,7.08853928628136e-09,5.540012920596619e-09,1.3910335070006251e-09,1.5485263656847274e-09
cold,443.8168,5.294877e-07,5.262118191050459e-07,4.904019632694717e-07,3.22018039117651e-08,2.8925923016810966e-08,8.759834317524005e-09,5.4839534225698725e-09,1.3999793961933686e-09,3.275880894954151e-09
cold,443.8654,5.259449e-07,5.256948632007094e-07,4.895915011813288e-07,2.94521522180848e-08,2.9202115418794162e-08,5.743057776480207e-09,5.493020977189573e-09,1.408225623396885e-09,2.5003679929061395e-10
cold,443.9139,5.259204e-07,5.252813680935166e-07,4.887945543093084e-07,3.015181902072005e-08,2.951278711423674e-08,6.197222455547068e-09,5.558190549063758e-09,1.4158361209077592e-09,6.390319064834005e-10
cold,443.9624,5.231029e-07,5.249605629373654e-07,4.880078346457933e-07,2.8002571612100685e-08,2.986023454946626e-08,3.811922234825058e-09,5.669585172190633e-09,1.4229085699152575e-09,-1.8576629373654978e-09
cold,444.011,5.17898e-07,5.247198381138719e-07,4.872278024212025e-07,2.3423857532685954e-08,3.024569564655793e-08,-1.005072722473051e-09,5.816765391398921e-09,1.4295746547125866e-09,-6.821838113871934e-09
cold,444.0595,5.16719e-07,5.245450699184603e-07,4.864507776235937e-07,2.284314126445563e-08,3.066921118291601e-08,-1.8369869433002475e-09,5.9890829751601325e-09,1.4359981367904602e-09,-7.826069918460343e-09
cold,444.108,5.257972e-07,5.244210358895656e-07,4.856730559454897e-07,3.250567966196673e-08,3.1129515551532344e-08,7.552258204021302e-09,6.176094093586912e-09,1.44237029895668e-09,1.3761641104343933e-09
cold,444.1566,5.221832e-07,5.243319589213292e-07,4.848910254979712e-07,2.947523263152408e-08,3.162399155285316e-08,4.219279865638985e-09,6.368038786968068e-09,1.4489030835367334e-09,-2.148758921329169e-09
cold,444.2051,5.243357e-07,5.242620154424763e-07,4.841012806078556e-07,3.222228580344426e-08,3.2148601245920585e-08,6.629999496006635e-09,6.556314938482958e-09,1.4558186502172036e-09,7.368455752369974e-11
cold,444.2536,5.257124e-07,5.241959023348067e-07,4.833007291058617e-07,3.421440470909824e-08,3.2697907043904966e-08,8.25042721894533e-09,6.73392955375206e-09,1.4633366312879226e-09,1.5164976651933184e-09
cold,444.3021,5.239534e-07,5.241192652169556e-07,4.824866897191157e-07,3.309922480702765e-08,3.326509002398332e-08,6.7299623543184835e-09,6.895827571274151e-09,1.4716579025825416e-09,-1.658652169555942e-10
cold,444.3507,5.23269e-07,5.24018901834331e-07,4.816569764937247e-07,3.309205194703928e-08,3.3841953781370173e-08,6.289124882475675e-09,7.039026716806575e-09,1.4809448424295264e-09,-7.499018343309619e-10
cold,444.3992,5.20565e-07,5.23882957216487e-07,4.808099675825485e-07,3.110115335156688e-08,3.441911056805382e-08,3.844619882444139e-09,7.162577098931077e-09,1.4913019669536019e-09,-3.3179572164869635e-09
cold,444.4477,5.36327e-07,5.237007316685836e-07,4.799446562268241e-07,4.761233508070748e-08,3.498606674929107e-08,1.9893523304802976e-08,7.267254973386569e-09,1.502753719081784e-09,1.2626268331416347e-08
cold,444.4962,5.193806e-07,5.234625430812968e-07,4.790606823223672e-07,3.1449587943811555e-08,3.553153102510826e-08,3.2731596426176655e-09,7.355102723914372e-09,1.5152270099069172e-09,-4.081943081296768e-09
cold,444.5448,5.30827e-07,5.231594877740795e-07,4.781583435739355e-07,4.371127605263914e-08,3.6043763826718684e-08,1.5096355382347234e-08,7.428843156426773e-09,1.5285372169985621e-09,7.667512225920458e-09
cold,444.5933,5.185524e-07,5.227832220244623e-07,4.772385858856579e-07,3.228016899563971e-08,3.651099102010201e-08,3.2604420322156997e-09,7.491264056677999e-09,1.5423810620243467e-09,-4.230822024462308e-09
cold,444.6418,5.206248e-07,5.223259723648519e-07,4.763029732908643e-07,3.522079182621566e-08,3.6921964191067465e-08,5.843522700183516e-09,7.544695065035321e-09,1.5563398178847011e-09,-1.7011723648518568e-09
cold,444.6903,5.219152e-07,5.21780670830474e-07,4.753536383705035e-07,3.7401032958552354e-08,3.726650378902639e-08,7.72516639736333e-09,7.590637227837362e-09,1.5698914431068087e-09,1.3452916952602734e-10
cold,444.7388,5.257034e-07,5.211413368661884e-07,4.7439321472523677e-07,4.209813497196601e-08,3.753607183815444e-08,1.2191680436936948e-08,7.629617303125373e-09,1.582432999671786e-09,4.562063133811567e-09
cold,444.7873,5.206953e-07,5.204036050836503e-07,4.7342475363278083e-07,3.80159638850875e-08,3.772426896873771e-08,7.952966215774802e-09,7.661271299425016e-09,1.5933111827066959e-09,2.9169491634974486e-10
cold,444.8359,5.187857e-07,5.195653587253824e-07,4.7245162752127953e-07,3.704758172528492e-08,3.782724045066726e-08,6.90497304104485e-09,7.684631766427188e-09,1.6018589870083687e-09,-7.796587253823545e-10
cold,444.8844,5.19573e-07,5.186273088192494e-07,4.7147742330565047e-07,3.8789596940855235e-08,3.784390576010464e-08,8.644236795544075e-09,7.698545614793482e-09,1.607434138700779e-09,9.456911807505888e-10
cold,444.9329,5.171678e-07,5.175934558416099e-07,4.7050582895383364e-07,3.735037515978624e-08,3.77760310013962e-08,7.276482630158347e-09,7.70213847176831e-09,1.6094574146117933e-09,-4.2565584160995035e-10
cold,444.9814,5.185269e-07,5.164712695880842e-07,4.6954051686357235e-07,3.9683710371148007e-08,3.762807995923218e-08,9.750857075519621e-09,7.695226663603792e-09,1.6074461016758241e-09,2.0556304119157584e-09
cold,445.0299,5.147734e-07,5.15271566821871e-07,4.685850277310385e-07,3.690873347109974e-08,3.740690029297083e-08,7.180431535537756e-09,7.678598357408839e-09,1.6010404404528876e-09,-4.981668218710416e-10
cold,445.0784,5.133893e-07,5.140080370859406e-07,4.676426585770836e-07,3.650251116811051e-08,3.712124825405116e-08,7.035372576666591e-09,7.654109662607238e-09,1.5900205921986173e-09,-6.187370859406371e-10
cold,445.1269,5.194693e-07,5.126964616310347e-07,4.6671635846566373e-07,4.355404786895938e-08,3.67812094999941e-08,1.4397417855727102e-08,7.624579486761822e-09,1.5743141786150276e-09,6.7728383689652474e-09
cold,445.1754,5.151485e-07,5.113536957473319e-07,4.658086352061717e-07,4.019237346199903e-08,3.6397569209330936e-08,1.1388302435831273e-08,7.593498183163176e-09,1.5539931486660845e-09,3.794804252668094e-09
cold,445.2239,5.078081e-07,5.099965169582554e-07,4.6492147598469646e-07,3.37927647462109e-08,3.59811817044664e-08,5.376180804944581e-09,7.564597763200077e-09,1.5292615058925473e-09,-2.1884169582554338e-09
cold,445.2724,5.113829e-07,5.086405036391776e-07,4.6405628442955074e-07,3.8284827135812584e-08,3.554243077499017e-08,1.0283747660799317e-08,7.541351299976897e-09,1.5004371346597823e-09,2.742396360822423e-09
cold,445.3209,5.140523e-07,5.072989773104096e-07,4.632138360976457e-07,4.184406770835206e-08,3.509074501876172e-08,1.4279792859441152e-08,7.526470169850809e-09,1.4679260241513732e-09,6.7533226895903386e-09
cold,445.3694,5.008119e-07,5.059821832419282e-07,4.6239425378682364e-07,2.9463976643534536e-08,3.463425988546282e-08,2.3511915717615764e-09,7.521474813689861e-09,1.432194755951982e-09,-5.170283241928234e-09
cold,445.4179,5.083879e-07,5.046967803989918e-07,4.615970034534338e-07,3.7870755447239584e-08,3.417963584623137e-08,1.121751620061573e-08,7.526396599607516e-09,1.3937444997191136e-09,3.691119601008242e-09
cold,445.4664,4.965469e-07,5.034456181020886e-07,4.6082091086401875e-07,2.6833253402972263e-08,3.373197150506081e-08,6.409326852864577e-10,7.539650787375007e-09,1.3530849456339897e-09,-6.898718102088537e-09
cold,445.5149,4.956733e-07,5.022278308638885e-07,4.600641984554852e-07,2.674028526329011e-08,3.329481612717854e-08,1.0035749370032617e-09,7.558105800891687e-09,1.3107104803330206e-09,-6.554530863888463e-09
cold,445.5634,4.96341e-07,5.010393003122242e-07,4.593245412402373e-07,2.8172029117382198e-08,3.287032942960648e-08,2.87904171049504e-09,7.577342022719325e-09,1.2670876196611564e-09,-4.698300312224189e-09
cold,445.6119,4.97048e-07,4.99873327993525e-07,4.585991399915809e-07,2.9634135116504908e-08,3.245946311002985e-08,4.7667518995841375e-09,7.592079893109081e-09,1.2226449988051241e-09,-2.825327993524935e-09
cold,445.6603,4.926562e-07,4.987214493865388e-07,4.5788480939923886e-07,2.59968925629253e-08,3.2062141949464094e-08,1.5314832585541741e-09,7.596732645092971e-09,1.1777653927428845e-09,-6.065249386538799e-09
cold,445.7088,4.912223e-07,4.975744011617579e-07,4.571780784122754e-07,2.5325417729802202e-08,3.167751889156006e-08,1.2339142508548114e-09,7.586015412612667e-09,1.1327884453096869e-09,-6.3521011617579336e-09
cold,445.7573,4.880117e-07,4.96423071211196e-07,4.5647529960202117e-07,2.289284353081316e-08,3.130421474200911e-08,-8.558300740991204e-10,7.555541137096833e-09,1.0880157300688435e-09,-8.41137121119597e-09
cold,445.8058,4.927066e-07,4.952593225938553e-07,4.5577276409286507e-07,2.8387800805858125e-08,3.0940523399713474e-08,4.949598240901781e-09,7.502320834757126e-09,1.0437142665196476e-09,-2.552722593855336e-09
cold,445.8543,4.867926e-07,4.94076662807418e-07,4.550668184330284e-07,2.330056211592994e-08,3.058462492334789e-08,1.4103429564023912e-10,7.425097103058187e-09,1.0001223479834844e-09,-7.2840628074179715e-09
cold,445.9028,4.94167e-07,4.928707105062844e-07,4.543539797161946e-07,3.1531098052941694e-08,3.023480855922617e-08,8.6207547466557e-09,7.324465252940177e-09,9.57456977923531e-10,1.2962894937155765e-09
cold,445.9512,4.88241e-07,4.916393480183906e-07,4.5363104532008607e-07,2.649129384163599e-08,2.9889641860026525e-08,3.8043983866211015e-09,7.202746405011638e-09,9.159144332662971e-10,-3.398348018390548e-09
cold,445.9997,4.808614e-07,4.903826649388544e-07,4.5289519379799643e-07,2.0026891506809815e-08,2.954815644566423e-08,-2.4576229370813274e-09,7.063642001773086e-09,8.756726934206485e-10,-9.521264938854417e-09
cold,446.0482,4.896441e-07,4.89102678011017e-07,4.5214407373855304e-07,2.9751424830785468e-08,2.9210002841802534e-08,7.453132364206058e-09,6.911710375223124e-09,8.368910554384167e-10,5.414219889830132e-10
cold,446.0967,4.817981e-07,4.878028968392508e-07,4.513758777887761e-07,2.2870767046537276e-08,2.8875563885788082e-08,7.469508881884127e-10,6.75174772743922e-09,7.997074372473525e-10,-6.004796839250787e-09
cold,446.1451,4.841839e-07,4.864878829857883e-07,4.505893995038357e-07,2.6242073817579274e-08,2.8546056803367566e-08,4.284204891887282e-09,6.588187877675576e-09,7.642388009094683e-10,-2.3039829857882792e-09
cold,446.1936,4.831661e-07,4.851627752609953e-07,4.497840712289952e-07,2.6226864168654524e-08,2.8223539429649684e-08,4.4279123073510765e-09,6.424587568346238e-09,7.305770340040938e-10,-1.9966752609952564e-09
cold,446.2421,4.81301e-07,4.838329732248886e-07,4.489599818179662e-07,2.53789167620051e-08,2.7910889986893726e-08,3.7313389113603986e-09,6.263312136249022e-09,6.987892837796335e-10,-2.5319732248886442e-09
cold,446.2906,4.846887e-07,4.825039375245525e-07,4.481178736283806e-07,2.9796467954841737e-08,2.7611705479394246e-08,8.290203682755588e-09,6.105441207308098e-09,6.689172094695824e-10,2.184762475447481e-09
cold,446.339,4.762594e-07,4.811811949280255e-07,4.472591188892194e-07,2.2408377378188606e-08,2.733017230621411e-08,1.029128862333135e-09,5.950923790358637e-09,6.409799422333539e-10,-4.921794928025513e-09
cold,446.3875,4.789236e-07,4.798704215881646e-07,4.463856761861814e-07,2.612404150963563e-08,2.7070863097800112e-08,4.852085955420107e-09,5.798907543584589e-09,6.149747605984119e-10,-9.468215881645124e-10
cold,446.436,4.760679e-07,4.78577637053997e-07,4.455000284385665e-07,2.4328792463128835e-08,2.6838529517125878e-08,3.138461749063303e-09,5.648198803060345e-09,5.908802952443085e-10,-2.509737053997013e-09
cold,446.4844,4.719743e-07,4.77309402450248e-07,4.4460510432548536e-07,2.130279436418293e-08,2.6637896814430947e-08,1.6263876057847142e-10,5.497741210826491e-09,5.686600995051888e-10,-5.335102450247974e-09
cold,446.5329,4.710464e-07,4.760729272944456e-07,4.437041856416445e-07,2.1446933866603553e-08,2.647346116104916e-08,3.204885437570644e-10,5.347015838202671e-09,5.482646535493071e-10,-5.0265272944456335e-09
cold,446.5814,4.683958e-07,4.7487610126725697e-07,4.4280080350709684e-07,1.9869055834617703e-08,2.6349357101874652e-08,-1.2839965982173785e-09,5.196304669039572e-09,5.296359892458916e-10,-6.4803012672569695e-09
cold,446.6298,4.660756e-07,4.7372731645031506e-07,4.4189862670718627e-07,1.8617524496644536e-08,2.626924094695966e-08,-2.604976213107532e-09,5.046740237207592e-09,5.127085589615597e-10,-7.651716450315084e-09
cold,446.6783,4.650675e-07,4.726351922527423e-07,4.41001345687328e-07,1.866856843427306e-08,2.6236260687015385e-08,-2.667518894712438e-09,4.9001733580298854e-09,4.974125203690508e-10,-7.567692252742296e-09
cold,446.7267,4.734424e-07,4.7160816475969944e-07,4.40112555864427e-07,2.8087300970332458e-08,2.6253065730031923e-08,6.593103318717095e-09,4.758868078416561e-09,4.836750868239425e-10,1.8342352403005676e-09
cold,446.7752,4.67152e-07,4.7065404944725687e-07,4.3923564393830877e-07,2.2819816898525833e-08,2.6321866345782675e-08,1.1230663093014102e-09,4.62511575655825e-09,4.714234066071468e-10,-3.502049447256868e-09
cold,446.8236,4.661821e-07,4.697796010608913e-07,4.3837368079183497e-07,2.2847017483288387e-08,2.6444518544179687e-08,9.033152937588341e-10,4.500816354650132e-09,4.60585370226514e-10,-3.597501060891286e-09
cold,446.8721,4.665e-07,4.6899016534638415e-07,4.3752932436040496e-07,2.413244731099186e-08,2.6622612657376015e-08,1.8969715328831024e-09,4.387136879267259e-09,4.510914493359408e-10,-2.490165346384152e-09
cold,446.9205,4.685852e-07,4.682894566523342e-07,4.367047355368453e-07,2.7153294297181502e-08,2.6857550949515735e-08,4.5800376153399725e-09,4.284294267674204e-09,4.4287589829896285e-10,2.9574334766577064e-10
cold,446.969,4.625986e-07,4.676794745613521e-07,4.359015097662234e-07,2.2069716858083273e-08,2.7150591419435388e-08,-8.893782936924322e-10,4.191496267659682e-09,4.358771080335986e-10,-5.080874561352117e-09
cold,447.0174,4.606872e-07,4.67160541903079e-07,4.351206264898488e-07,2.102947970462774e-08,2.750282160770677e-08,-2.36628614090915e-09,4.1070557621698794e-09,4.3003804335360894e-10,-6.473341903079027e-09
cold,447.0659,4.618174e-07,4.6673145383781233e-07,4.3436241803430813e-07,2.300104819932763e-08,2.791510203713998e-08,-8.854250128860156e-10,4.028628824926338e-09,4.2530494143790595e-10,-4.914053837812352e-09
cold,447.1143,4.683984e-07,4.6638966593488687e-07,4.336265589275752e-07,3.039667157221336e-08,2.8387937507100238e-08,5.962277849714458e-09,3.953543784601334e-09,4.2162571561010863e-10,2.008734065113133e-09
cold,447.1628,4.65979e-07,4.6613145166620986e-07,4.3291207597944255e-07,2.876882016519294e-08,2.892127183140281e-08,3.726704404779882e-09,3.879156070989748e-09,4.189477843747758e-10,-1.524516662098444e-10
cold,447.2112,4.650843e-07,4.6595202197867043e-07,4.3221737880807775e-07,2.8646546675658825e-08,2.951426865432923e-08,2.935437495787452e-09,3.803159474457857e-09,4.172150418055803e-10,-8.677219786704156e-10
cold,447.2597,4.673676e-07,4.658455876442111e-07,4.315403098491075e-07,3.1687115756937525e-08,3.0165103401148605e-08,5.245821759520162e-09,3.7238094037312393e-09,4.163649902237411e-10,1.5220123557889062e-09
cold,447.3081,4.640721e-07,4.658052498005408e-07,4.308782122686513e-07,2.9137518133125334e-08,3.087066793366612e-08,1.906893363118049e-09,3.6400431636588347e-09,4.1632643456453737e-10,-1.733149800540782e-09
cold,447.3566,4.701631e-07,4.6582285262224543e-07,4.3022801363657284e-07,3.59665922358661e-08,3.162634485811158e-08,7.891723620079333e-09,3.551476242324809e-09,4.170178852362109e-10,4.34024737775456e-09
cold,447.405,4.645514e-07,4.6588885103714913e-07,4.2958632271873183e-07,3.108843888958959e-08,3.24258899267387e-08,2.1208400117869183e-09,3.458291048936028e-09,4.183473427425897e-10,-1.3374510371491202e-09
cold,447.4534,4.655758e-07,4.659921075045332e-07,4.2894953633290893e-07,3.2844979544071084e-08,3.3261287048604304e-08,2.94476287196985e-09,3.3610703765030666e-09,4.202137465168849e-10,-4.1630750453321343e-10
cold,447.5019,4.706535e-07,4.6611975949346373e-07,4.283139528954059e-07,3.865643179800116e-08,3.412269129146488e-08,7.794345939408684e-09,3.2606054328724054e-09,4.2250987372055263e-10,4.533740506536253e-09
cold,447.5503,4.69166e-07,4.6625725674655816e-07,4.276758890741282e-07,3.7907270216148604e-08,3.4998526962706767e-08,6.06645707244197e-09,3.1577138190001367e-09,4.251268907230639e-10,2.9087432534418504e-09
cold,447.5987,4.642896e-07,4.663885130498375e-07,4.2703179586589646e-07,3.377673183011466e-08,3.587564487995213e-08,9.541993361763558e-10,3.05311238601383e-09,4.2795991797507385e-10,-2.098913049837486e-09
cold,447.6472,4.705073e-07,4.6649617570539903e-07,4.263783704339101e-07,4.075064975448685e-08,3.6739525459885905e-08,6.9584901715732e-09,2.9473658769722578e-09,4.309139346307982e-10,4.011124294600966e-09
cold,447.6956,4.657302e-07,4.665621428375907e-07,4.257126601751192e-07,3.674273468924539e-08,3.757467752683608e-08,2.0089524055087116e-09,2.8408952430994063e-09,4.339098925359807e-10,-8.319428375906923e-10
cold,447.744,4.71183e-07,4.665681490931779e-07,4.250321557325316e-07,4.2979901075782135e-08,3.8365050168960053e-08,7.3489042420314435e-09,2.7340533352093596e-09,4.368898564768888e-10,4.614850906822095e-09
cold,447.7924,4.716714e-07,4.6649646173909604e-07,4.243348700164416e-07,4.4269478431474664e-08,3.909454017057072e-08,7.802168893065065e-09,2.6272306321611234e-09,4.3982091992259053e-10,5.1749382609039405e-09
cold,447.8409,4.644818e-07,4.663306376935591e-07,4.2361940074021227e-07,3.7898742103760786e-08,3.9747579797319877e-08,6.721219505369289e-10,2.52095964409602e-09,4.426975119309275e-10,-1.848837693559097e-09
cold,447.8893,4.648968e-07,4.6605621201413465e-07,4.2288497449661333e-07,3.9150284308574236e-08,4.0309696322708856e-08,1.256587652469433e-09,2.415999666604058e-09,4.4554152820841834e-10,-1.159412014134627e-09
cold,447.9377,4.676587e-07,4.65661389035122e-07,4.221314709834108e-07,4.276547109060948e-08,4.076816012573155e-08,4.310668072094182e-09,2.3133571072162524e-09,4.484008187634681e-10,1.9973109648779686e-09
cold,447.9861,4.638961e-07,4.651375797812756e-07,4.2135942661350585e-07,3.987107976721743e-08,4.1112559548493075e-08,9.727681594226091e-10,2.214247940698256e-09,4.513456785784444e-10,-1.241479781275604e-09
cold,448.0346,4.630319e-07,4.6447978308180527e-07,4.2057001739566626e-07,3.9887415285772295e-08,4.133529836757761e-08,6.721206983791079e-10,2.1200037801844286e-09,4.544635383769885e-10,-1.4478830818052773e-09
cold,448.083,4.659542e-07,4.636868280608e-07,4.197650216262342e-07,4.36994055247179e-08,4.143203358551789e-08,4.299292059395437e-09,2.0319201201954287e-09,4.5785272885245455e-10,2.267371939200004e-09
cold,448.1314,4.578766e-07,4.627614204391873e-07,4.189467635694793e-07,3.6517129770568577e-08,4.1401950209755804e-08,-2.9337288253373673e-09,1.951091613849864e-09,4.616150461023007e-10,-4.884820439187261e-09
cold,448.1798,4.668852e-07,4.61710003411335e-07,4.1811803990437117e-07,4.642305878234499e-08,4.1247862193679975e-08,7.053449900805654e-09,1.8782533121406395e-09,4.658480011432404e-10,5.1751965886650165e-09
cold,448.2282,4.607793e-07,4.605424769345033e-07,4.172820312595439e-07,4.121297221183021e-08,4.097614914633352e-08,2.0504826909045157e-09,1.8136596254078174e-09,4.70636903218028e-10,2.3682306549668755e-10
cold,448.2766,4.562917e-07,4.592717282243441e-07,4.1644220162892295e-07,3.761642769505958e-08,4.059645591940372e-08,-1.2230052603396349e-09,1.7570229640045087e-09,4.760477120129453e-10,-2.980028224344127e-09
cold,448.325,4.582729e-07,4.5791310499278295e-07,4.156021888430459e-07,4.048106310173741e-08,4.0121268094520306e-08,2.0673228426214256e-09,1.7075278354043217e-09,4.821202198124173e-10,3.597950072170735e-10
cold,448.3735,4.513055e-07,4.56483714520297e-07,4.147656895534415e-07,3.43870343903112e-08,3.956524891060819e-08,-3.514302002707638e-09,1.6639125175893566e-09,4.888635386579433e-10,-5.178214520297006e-09
cold,448.4219,4.561381e-07,4.550017019983361e-07,4.13936342360632e-07,4.0080893475403054e-08,3.8944495473739085e-08,2.7610090210518924e-09,1.6246110193879207e-09,4.962531445770613e-10,1.1363980016639223e-09
cold,448.4703,4.514546e-07,4.534855375361171e-07,4.131176127749194e-07,3.624481965384072e-08,3.827575718995783e-08,-4.4299978799587157e-10,1.5879377481212347e-09,5.042298231185849e-10,-2.0309375361170995e-09
cold,448.5187,4.476757e-07,4.5195320190191966e-07,4.1231268364126806e-07,3.329804152868254e-08,3.757554343060217e-08,-2.725229641105106e-09,1.5522722608145295e-09,5.127025692349104e-10,-4.277501901919647e-09
cold,448.5671,4.547101e-07,4.504215316584758e-07,4.115243544871112e-07,4.114795832889749e-08,3.685938998737331e-08,5.804802607296902e-09,1.5162342657727258e-09,5.215529182185666e-10,4.288568341524201e-09
cold,448.6155,4.508985e-07,4.4890561440484584e-07,4.10754952970255e-07,3.8134091672115656e-08,3.614120607696151e-08,3.4716987690436022e-09,1.4788131738894585e-09,5.306421837398731e-10,1.992885595154164e-09
cold,448.6639,4.410226e-07,4.4741830125612915e-07,4.1000626122209785e-07,2.9037077984526047e-08,3.543277924065516e-08,-4.956261198684219e-09,1.439440057444893e-09,5.398207359312272e-10,-6.395701256129132e-09
cold,448.7123,4.431907e-07,4.4596985990780225e-07,4.092794594112072e-07,3.196430661438059e-08,3.474346652218285e-08,-1.381164631903728e-09,1.3979952758985316e-09,5.489386985136858e-10,-2.779159907802263e-09
cold,448.7607,4.447457e-07,4.4456774445595703e-07,4.0857508830871274e-07,3.4258001075248526e-08,3.408004553120558e-08,1.5327084446933006e-09,1.3547529006503517e-09,5.578577153883411e-10,1.7795554404294787e-10
cold,448.8091,4.424189e-07,4.432166264662431e-07,4.078930320371752e-07,3.2649123604846825e-08,3.344685007108993e-08,5.125567977033599e-10,1.3102832639464642e-09,5.664610940314986e-10,-7.977264662431087e-10
cold,448.8575,4.465115e-07,4.419185108988233e-07,4.07232521547472e-07,3.7438992402420985e-08,3.284600330124434e-08,5.85831154518264e-09,1.2653224440060008e-09,5.746636061010127e-10,4.592989101176663e-09
cold,448.9059,4.458045e-07,4.406729265322316e-07,4.065921587139536e-07,3.740929166531573e-08,3.2277718197547276e-08,6.352202931947485e-09,1.2206294641790282e-09,5.824201565516428e-10,5.131573467768422e-09
cold,448.9543,4.354143e-07,4.3947731308846233e-07,4.0596996028728434e-07,2.7677747319431954e-08,3.1740760407894283e-08,-2.8861516179146795e-09,1.1768614705476526e-09,5.897309227360593e-10,-4.063013088462343e-09
cold,449.0027,4.337764e-07,4.38327454414376e-07,4.053634203175594e-07,2.668185882329642e-08,3.1232913237672443e-08,-3.4165777864131328e-09,1.1344766279628906e-09,5.966442311812259e-10,-4.551054414376018e-09
cold,449.0511,4.339664e-07,4.37217914427457e-07,4.0476958907726146e-07,2.7499879471040507e-08,3.075139389849749e-08,-2.1578402104383515e-09,1.0936742170186353e-09,6.0325723467939e-10,-3.2515144274569955e-09
cold,449.0994,4.388739e-07,4.3614251827622614e-07,4.0418516599278525e-07,3.3024638205956554e-08,3.029325648218266e-08,3.785763942322829e-09,1.0543822185489318e-09,6.097135827093093e-10,2.731381723773883e-09
cold,449.1478,4.308471e-07,4.3509485546131823e-07,4.036066036510711e-07,2.560800720040213e-08,2.985576266172042e-08,-3.2314644971938015e-09,1.0162909641244836e-09,6.161981844022526e-10,-4.247755461318241e-09
cold,449.1962,4.343022e-07,4.340686978938324e-07,4.0303021959828915e-07,2.9670131638205275e-08,2.943662953203767e-08,1.2124204376774809e-09,9.789183315098767e-10,6.229304319957141e-10,2.3350210616758016e-10
cold,449.2446,4.316094e-07,4.330584184945934e-07,4.02452312401555e-07,2.758523008534187e-08,2.9034248579935292e-08,-5.07315710071707e-10,9.41702784521712e-10,6.301547285814055e-10,-1.4490184945934313e-09
cold,449.293,4.323921e-07,4.3205933861524217e-07,4.018692783100928e-07,2.898058706216641e-08,2.8647825677408555e-08,1.2368665809694629e-09,9.041051962116092e-10,6.381294315292201e-10,3.327613847578477e-10
cold,449.3414,4.308689e-07,4.3106798811489416e-07,4.0127772483333627e-07,2.8078356191051318e-08,2.8277444305945476e-08,6.66616269097522e-10,8.657043839916816e-10,6.47114591620755e-10,-1.99088114894132e-10
cold,449.3898,4.32785e-07,4.3008231568142517e-07,4.006745776507817e-07,3.062678681700084e-08,2.792410249842597e-08,3.528961840597494e-09,8.262775220226217e-10,6.573580101948753e-10,2.7026843185748483e-09
cold,449.4381,4.312219e-07,4.291017504564488e-07,4.000571774788916e-07,2.9709793570347663e-08,2.7589644026796473e-08,2.9059963489003703e-09,7.858468053491814e-10,6.690821454115623e-10,2.1201495435511864e-09
cold,449.4865,4.291834e-07,4.2812719374498966e-07,3.994233638373662e-07,2.833287057946474e-08,2.727666432445442e-08,1.8009011324791316e-09,7.446948774688142e-10,6.82470705700208e-10,1.056206255010319e-09
cold,449.5349,4.263178e-07,4.27160895891926e-07,3.9877154307062836e-07,2.6145256339172138e-08,2.6988352231098143e-08,-1.3975245837347119e-10,7.033434335525342e-10,6.976571566469702e-10,-8.430958919260146e-10
cold,449.5833,4.241179e-07,4.2620622519103687e-07,3.9810073847736715e-07,2.4639946399388625e-08,2.6728271590425454e-08,-1.4258261167016482e-09,6.624990743351823e-10,7.147160489090532e-10,-2.088325191036846e-09
cold,449.6316,4.223403e-07,4.252673815790052e-07,3.974106209657601e-07,2.35730435549873e-08,2.6500125133992558e-08,-2.3041026336348395e-09,6.229789453704204e-10,7.336565338821505e-10,-2.9270815790052394e-09
cold,449.68,4.205881e-07,4.243490152102853e-07,3.9670151926671395e-07,2.254654027534173e-08,2.6307455485627002e-08,-3.1752967155477668e-09,5.856184947375061e-10,7.54421963206814e-10,-3.760915210285259e-09
cold,449.7284,4.20911e-07,4.234558342596869e-07,3.959744093827374e-07,2.360851693961799e-08,2.6153351199304866e-08,-1.9936540532799805e-09,5.511802064068959e-10,7.768934712376975e-10,-2.5448342596868887e-09
cold,449.7768,4.201916e-07,4.22592221823492e-07,3.952308836054985e-07,2.36395455112983e-08,2.6040167334790296e-08,-1.8803479004075397e-09,5.202739230844586e-10,8.008969601187595e-10,-2.4006218234919936e-09
cold,449.8251,4.2153e-07,4.2176186735307386e-07,3.9447310008005433e-07,2.5737390860110345e-08,2.5969258213184192e-08,2.614247154327248e-10,4.932920685065708e-10,8.262169913287632e-10,-2.318673530738709e-10
cold,449.8735,4.203344e-07,4.209674750338219e-07,3.9370371450780145e-07,2.5307700559026112e-08,2.5940775592848063e-08,-1.6270207148472404e-10,4.703729623372277e-10,8.526119708351823e-10,-6.330750338219302e-10
cold,449.9219,4.198999e-07,4.202105604271194e-07,3.929257961439988e-07,2.5642880038626117e-08,2.595354046574548e-08,1.4073102835082936e-10,4.5139145547019505e-10,8.798323619049223e-10,-3.10660427119374e-10
cold,449.9702,4.206528e-07,4.1949134096543783e-07,3.921427307414733e-07,2.7166454090605165e-08,2.6004995056042984e-08,1.5974356647427458e-09,4.3597663018056583e-10,9.076385377409779e-10,1.161459034562164e-09
cold,450.0186,4.239537e-07,4.1880874577388543e-07,3.9135811350417054e-07,3.123621457258394e-08,2.6091260346469373e-08,5.568507813313115e-09,4.2355358719854603e-10,9.358183360469978e-10,5.144954226114574e-09
cold,450.0669,4.151761e-07,4.181605058484993e-07,3.9057563542956237e-07,2.3222862614736462e-08,2.6207268463235785e-08,-2.571002405236845e-09,4.1340344326247443e-10,9.641985124386734e-10,-2.9844058484993024e-09
cold,450.1153,4.187419e-07,4.1754335171018355e-07,3.897989666276076e-07,2.754554541189785e-08,2.6346997122081363e-08,1.6032815987178055e-09,4.047333089013212e-10,9.926546515932554e-10,1.1985482898164633e-09
cold,450.1637,4.166539e-07,4.169532571250724e-07,3.890316402994019e-07,2.620439713121994e-08,2.6503754256292405e-08,9.739210626865764e-11,3.967492313411231e-10,1.021113338036984e-09,-2.9935712507242794e-10
cold,450.212,4.162268e-07,4.1638571494228673e-07,3.8827694103782685e-07,2.651158726727222e-08,2.667050220955895e-08,2.298106314462258e-10,3.887255737329548e-10,1.0495461211679634e-09,-1.5891494228672623e-10
cold,450.2604,4.179878e-07,4.158360288130211e-07,3.87537800976083e-07,2.899197654170742e-08,2.6840205354728564e-08,2.53183333217147e-09,3.800621451926129e-10,1.0779603370169288e-09,2.1517711869788916e-09
cold,450.3087,4.153119e-07,4.152995702382792e-07,3.8681670706226506e-07,2.7018484572864952e-08,2.700615481114417e-08,3.8265631911086206e-10,3.703265573900798e-10,1.106381807479871e-09,1.2329761720784101e-11
cold,450.3571,4.18445e-07,4.14771995032408e-07,3.8611562238693425e-07,3.083526518543766e-08,2.7162260217845626e-08,4.032282652409998e-09,3.592776848179655e-10,1.1348347428101426e-09,3.6730049675920173e-09
cold,450.4054,4.135727e-07,4.1424939594189404e-07,3.854359240470516e-07,2.6626586678406387e-08,2.7303282620300455e-08,-3.2982623753317917e-10,3.468697043608902e-10,1.1633195701811218e-09,-6.766959418940253e-10
cold,450.4538,4.175776e-07,4.13728395114905e-07,3.8477835950764544e-07,3.1274210277198547e-08,2.7425005392103563e-08,4.182442317567871e-09,3.3323743247288545e-10,1.1917927826831138e-09,3.849204885095004e-09
cold,450.5021,4.172307e-07,4.1320615819867906e-07,3.841430228386973e-07,3.1548862072770654e-08,2.7524320271449716e-08,4.343208977097448e-09,3.1866717577650864e-10,1.2201479127555417e-09,4.024541801320922e-09
cold,450.5505,4.168776e-07,4.126803706726866e-07,3.8352935157734615e-07,3.1796487681958265e-08,2.759925835464489e-08,4.500783992784e-09,3.0355466547062684e-10,1.2482060752249298e-09,4.197229327313388e-09
cold,450.5988,4.143496e-07,4.1214916377784394e-07,3.8293614431446014e-07,2.9849385746107276e-08,2.7648949523951237e-08,2.488793460463849e-09,2.8835723830780683e-10,1.275712701124771e-09,2.2004362221560426e-09
cold,450.6472,4.155104e-07,4.1161101596809936e-07,3.8236159845043917e-07,3.1572913874472344e-08,2.7673529842571723e-08,4.172929608629821e-09,2.735455767292022e-10,1.3023420983592897e-09,3.8993840319006545e-09
cold,450.6955,4.145713e-07,4.1106465831651693e-07,3.818033669284564e-07,3.1180661734844917e-08,2.767402005136185e-08,3.766199810026259e-09,2.595581265431975e-10,1.3277132101554886e-09,3.506641683483062e-09
cold,450.7439,4.156037e-07,4.105089873753601e-07,3.812586321543046e-07,3.274689072925494e-08,2.7652178104615007e-08,5.341476024732807e-09,2.467634000928732e-10,1.351413716347607e-09,5.094712624639942e-09
cold,450.7922,4.108926e-07,4.099430058750166e-07,3.807241947695075e-07,2.8559943060399627e-08,2.761034893541624e-08,1.185029489040176e-09,2.354353640567895e-10,1.373026806036068e-09,9.495941249833922e-10
cold,450.8405,4.069669e-07,4.093658028508923e-07,3.8019657447549623e-07,2.5152421337389493e-08,2.75513241882818e-08,-2.1731621972346536e-09,2.257406536576533e-10,1.3921635334566053e-09,-2.398902850892303e-09
cold,450.8889,4.080384e-07,4.0877656688464107e-07,3.7967211972625237e-07,2.674004459071251e-08,2.7478211475353607e-08,-5.204290465319817e-10,2.1773783810911528e-10,1.4084978449260046e-09,-7.381668846410609e-10
cold,450.9372,4.101447e-07,4.0817464960198664e-07,3.7914712282687737e-07,2.9364391717067117e-08,2.7394341319053776e-08,2.1814415276048517e-09,2.113911295915115e-10,1.4217943264639935e-09,1.9700503980133504e-09
cold,450.9856,4.097343e-07,4.0755964809270296e-07,3.786179368049051e-07,2.9477836710192857e-08,2.7303184802895826e-08,2.381243420146849e-09,2.0659151284981732e-10,1.431934972052231e-09,2.1746519072970213e-09
cold,451.0339,4.066851e-07,4.0693151260365077e-07,3.780810903652158e-07,2.6961887206507338e-08,2.720829981015812e-08,-4.32282774708335e-11,2.031843261799478e-10,1.4389381020969068e-09,-2.464126036507618e-10
cold,451.0822,4.035546e-07,4.0629066302514157e-07,3.7753339729990573e-07,2.437723501793736e-08,2.7113298043078956e-08,-2.53506351038127e-09,2.0099951476032335e-10,1.4429681673965534e-09,-2.7360630251415747e-09
cold,451.1306,4.093394e-07,4.056380711618365e-07,3.769720568994942e-07,3.072312458401834e-08,2.7021795745854858e-08,3.901207799381199e-09,1.9987896121771844e-10,1.4443395552697099e-09,3.7013288381634666e-09
cold,451.1789,4.03273e-07,4.049753324406221e-07,3.763947421959075e-07,2.523504769697604e-08,2.6937380137598147e-08,-1.5026327065361867e-09,1.996997340859206e-10,1.443510373030543e-09,-1.702332440622103e-09
cold,451.2272,4.019889e-07,4.0430467736641747e-07,3.7579967325177477e-07,2.4547767215473093e-08,2.6863544581890573e-08,-2.1153879847406757e-09,2.0038938167680535e-10,1.4410701510753223e-09,-2.3157773664174705e-09
cold,451.2755,4.041296e-07,4.0362891797116e-07,3.751856731825966e-07,2.7304272925338643e-08,2.6803590896498707e-08,7.026149379120013e-10,2.0193290907206577e-10,1.437720982992686e-09,5.0068202883996e-10
cold,451.3239,4.045794e-07,4.029513456804575e-07,3.7455220514340133e-07,2.8388569589214682e-08,2.6760515269672227e-08,1.8324259768769431e-09,2.0437165733448742e-10,1.434253610049484e-09,1.6280543195424684e-09
cold,451.3722,3.989003e-07,4.022755684935311e-07,3.738993891123734e-07,2.336159558219491e-08,2.673686407572601e-08,-3.1674733137169655e-09,2.0779517981413485e-10,1.4315201256175433e-09,-3.3752684935311134e-09
cold,451.4205,4.010224e-07,4.016053049956774e-07,3.7322799794166384e-07,2.6151669374718603e-08,2.6734574370395958e-08,-3.7057603070791655e-10,2.1232896496943895e-10,1.4304037186481391e-09,-5.829049956774044e-10
cold,451.4688,4.032661e-07,4.0094416297342265e-07,3.7253943280004393e-07,2.907675944692412e-08,2.6754822420346744e-08,2.5400574671677275e-09,2.1812044059035155e-10,1.4317873124416164e-09,2.321937026577375e-09
cold,451.5172,4.005068e-07,4.0029542359818126e-07,3.7183567878257397e-07,2.7009273575590004e-08,2.6797897173771237e-08,4.367021726675341e-10,2.2532577084876567e-10,1.4365218709872791e-09,2.113764018187603e-10
cold,451.5655,4.019259e-07,3.9966185727429847e-07,3.711192420885053e-07,2.912716257704696e-08,2.6863119851345412e-08,2.498142846757545e-09,2.341001210559966e-10,1.4453952133917244e-09,2.2640427257015323e-09
cold,451.6138,4.055236e-07,3.990456047593269e-07,3.703930707504486e-07,3.3426832151367876e-08,2.6948836910694795e-08,6.7225882272470724e-09,2.4459298657399085e-10,1.4591041116095427e-09,6.477995240673052e-09
cold,451.6621,3.993505e-07,3.984481147477855e-07,3.696604614170579e-07,2.7954863830141774e-08,2.7052478577927205e-08,1.1593320024960446e-09,2.5694675028147485e-10,1.4782280025188514e-09,9.023852522145262e-10
cold,451.7104,3.981132e-07,3.97870159043254e-07,3.689249551317141e-07,2.7413738490422282e-08,2.7170697533676253e-08,5.143400197059135e-10,2.712990629598845e-10,1.5032073149037509e-09,2.4304095674602507e-10
cold,451.7587,3.995833e-07,3.973119359798932e-07,3.681902253970393e-07,2.957095483885879e-08,2.7299590818752017e-08,2.559152593204545e-09,2.8778857309777194e-10,1.5343311910041238e-09,2.2713640201067667e-09
cold,451.807,3.97351e-07,3.967731813060585e-07,3.674599620585822e-07,2.801275716940606e-08,2.7434938475464548e-08,8.84374127940515e-10,3.065554339990012e-10,1.5717253380127745e-09,5.778186939415311e-10
cold,451.8554,3.96953e-07,3.962533392578131e-07,3.6673775467298125e-07,2.8272149123064055e-08,2.7572488380877143e-08,1.0274021814166156e-09,3.2774143922970475e-10,1.615354764725008e-09,6.996607421868753e-10
cold,451.9037,3.980872e-07,3.9575170792242357e-07,3.6602697904218785e-07,3.0043707943193206e-08,2.7708215865616762e-08,2.686973971645451e-09,3.5148189406900845e-10,1.6650311205499467e-09,2.3354920775764244e-09
cold,451.952,4.021334e-07,3.952675320106042e-07,3.6533069049539327e-07,3.470439640246855e-08,2.783852841307269e-08,7.243755975828969e-09,3.778879864331084e-10,1.720425115705083e-09,6.865867989395837e-09
cold,452.0003,3.971113e-07,3.948000836434515e-07,3.646515272873024e-07,3.0271649537739825e-08,2.7960433181191358e-08,2.718242892218991e-09,4.070265356705226e-10,1.7810966392872035e-09,2.311216356548503e-09
cold,452.0486,3.950533e-07,3.943486209576329e-07,3.639916271620713e-07,2.8776267794263663e-08,2.8071588751896558e-08,1.1435664632280326e-09,4.3888742086092643e-10,1.8465176228041269e-09,7.046790423670848e-10
cold,452.0969,3.964518e-07,3.9391230924128e-07,3.6335255971663604e-07,3.070978485015411e-08,2.8170294091434114e-08,3.0128419587639194e-09,4.733512000439233e-10,1.9161042331659056e-09,2.539490758719993e-09
cold,452.1452,3.955695e-07,3.9349010840963867e-07,3.627352766984427e-07,3.033480721815115e-08,2.8255415627789825e-08,2.5895529107036478e-09,5.101613203423182e-10,1.9892547630637852e-09,2.0793915903613084e-09
cold,452.1935,3.957967e-07,3.93080610909523e-07,3.621400818064702e-07,3.1042342619427754e-08,2.8326253528950727e-08,3.2649886638984213e-09,5.488995734213988e-10,2.0653760006806382e-09,2.7160890904770034e-09
cold,452.2418,3.944937e-07,3.9268189882405553e-07,3.6156662094880443e-07,3.0194200888141696e-08,2.8382399712197257e-08,2.4007754189700645e-09,5.889742430256283e-10,2.143903920028233e-09,1.8118011759444755e-09
cold,452.2901,3.972134e-07,3.9229145771566975e-07,3.6101389326429023e-07,3.3345558235374956e-08,2.8423615951044715e-08,5.551570028257209e-09,6.296277439269682e-10,2.224320756407838e-09,4.921942284330244e-09
cold,452.3384,3.962116e-07,3.9190615096078484e-07,3.604802825603526e-07,3.275519945818368e-08,2.8449750418968512e-08,4.975410127051966e-09,6.699610878367977e-10,2.3061568936269076e-09,4.3054490392151625e-09
cold,452.3867,3.945664e-07,3.9152226885609013e-07,3.5996360817462893e-07,3.150484250626752e-08,2.846071136235772e-08,3.753105189871684e-09,7.089740459618797e-10,2.3889752731416224e-09,3.0441311439098483e-09
cold,452.435,3.912632e-07,3.911356779478097e-07,3.5946119365491836e-07,2.858402805760271e-08,2.845650600541237e-08,8.731468523126136e-10,7.456248001222776e-10,2.472353487356657e-09,1.27522052190305e-10
cold,452.4833,3.923262e-07,3.907420245211184e-07,3.589699510895111e-07,3.0021503809945794e-08,2.8437328331064148e-08,2.3630709481264637e-09,7.788954692448163e-10,2.55584963129833e-09,1.5841754788816133e-09
cold,452.5316,3.905909e-07,3.903369781911323e-07,3.584864784259389e-07,2.865759554769514e-08,2.840367373882746e-08,1.0617820855604092e-09,8.078602766927236e-10,2.6389657496732226e-09,2.5392180886770874e-10
cold,452.5798,3.895624e-07,3.8991648118856746e-07,3.580071667061985e-07,2.800237022466438e-08,2.8356451413231817e-08,4.776673531617209e-10,8.317485417291587e-10,2.72111452740801e-09,-3.5408118856743465e-10
cold,452.6281,3.910218e-07,3.8947695455969426e-07,3.575283138334783e-07,2.984190859873801e-08,2.8297063158432297e-08,2.3948370215746706e-09,8.499915812689552e-10,2.801585986514698e-09,1.544845440305724e-09
cold,452.6764,3.891892e-07,3.8901544443550735e-07,3.570462412792471e-07,2.840116752412335e-08,2.8227411959630662e-08,1.0360092487038648e-09,8.62253684211177e-10,2.879537512418432e-09,1.7375556449266368e-10
cold,452.7247,3.923281e-07,3.885296751172511e-07,3.5655741004674604e-07,3.194825662761189e-08,2.8149831744863012e-08,4.66686396906649e-09,8.684390863176063e-10,2.9539942393244556e-09,3.798424882748907e-09
cold,452.773,3.916214e-07,3.880180081889303e-07,3.5605853223040095e-07,3.167031884418383e-08,2.8066927033114104e-08,4.472069156416175e-09,8.686773453464471e-10,3.023871580068775e-09,3.6033918110697e-09
cold,452.8213,3.897562e-07,3.8747931918650696e-07,3.5554667464968606e-07,3.025821502027953e-08,2.7981334206786512e-08,3.1401715800786276e-09,8.632907665856106e-10,3.0880195634487777e-09,2.276880813493039e-09
cold,452.8696,3.880334e-07,3.869128181760143e-07,3.550193512861523e-07,2.9016022170701792e-08,2.789544034671609e-08,1.9733306665839795e-09,8.52748842598274e-10,3.1452777005476587e-09,1.1205818239856996e-09
cold,452.9178,3.875697e-07,3.863178470845545e-07,3.544746016057647e-07,2.9062932202898638e-08,2.7811079287453146e-08,2.0894696429064975e-09,8.376167274610035e-10,3.194549463875642e-09,1.2518529154455048e-09
cold,452.9661,3.885369e-07,3.856936994872179e-07,3.5391105229424154e-07,3.0572466112638223e-08,2.772926559985612e-08,3.661706276249455e-09,8.185057634673525e-10,3.2348758296528726e-09,2.843200512782105e-09
cold,453.0144,3.846197e-07,3.8503949796958367e-07,3.533279604566648e-07,2.7230201194916794e-08,2.7649999164500498e-08,3.7623337312865513e-10,7.96031342712356e-10,3.265507005706017e-09,-4.1979796958369033e-10
cold,453.0627,3.855946e-07,3.8435416063988244e-07,3.5272523691773255e-07,2.8812613949728228e-08,2.7572174589610654e-08,2.0112225840844416e-09,7.707832239668669e-10,3.2859659085723873e-09,1.2404393601175737e-09
cold,453.1109,3.842983e-07,3.836364746056912e-07,3.521034488871587e-07,2.8155446562784006e-08,2.7493621168475266e-08,1.4051361421151899e-09,7.433107478064525e-10,3.296093802250827e-09,6.618253943087759e-10
cold,453.1592,3.819482e-07,3.8288527943583655e-07,3.514638019060869e-07,2.647419454871317e-08,2.7411273984549716e-08,-2.229566228937628e-10,7.141228129427885e-10,3.2960807322571387e-09,-9.37079435836567e-10
cold,453.2075,3.805109e-07,3.820997235511307e-07,3.5080810164439355e-07,2.5732629174683046e-08,2.732145272581373e-08,-9.051284279277269e-10,6.836951232029567e-10,3.2864740577204487e-09,-1.5888235511306908e-09
cold,453.2558,3.821468e-07,3.812795967515231e-07,3.501386967547805e-07,2.8087445073495413e-08,2.7220241825018487e-08,1.5196920681683091e-09,6.524888196913793e-10,3.2681693520327328e-09,8.672032484769023e-10
cold,453.304,3.795245e-07,3.804256742008875e-07,3.494584045875165e-07,2.6202741282339838e-08,2.71039154832273e-08,-2.802039377617846e-10,6.209702631256739e-10,3.242383867018039e-09,-9.011742008875071e-10
cold,453.3523,3.761698e-07,3.795400268025299e-07,3.487704221107032e-07,2.359913467763434e-08,2.6969361480164254e-08,-2.780601186930254e-09,5.896256155996569e-10,3.2106175960627976e-09,-3.3702268025299245e-09
cold,453.4006,3.76661e-07,3.786262686761639e-07,3.480782248479428e-07,2.484920020160867e-08,2.681446887777258e-08,-1.4062971542467625e-09,5.589715219171511e-10,3.1746034285313664e-09,-1.9652686761639e-09
cold,453.4488,3.828755e-07,3.7768969119241145e-07,3.473854570235239e-07,3.1824238176893306e-08,2.663842936930478e-08,5.715363620748001e-09,5.295548131594796e-10,3.1362499864233305e-09,5.185808807588525e-09
cold,453.4971,3.780801e-07,3.7673729143586366e-07,3.4669581638278543e-07,2.7784755093683205e-08,2.6441946529546892e-08,1.8447542815687752e-09,5.019457174324609e-10,3.097582806098903e-09,1.3428085641363365e-09
cold,453.5453,3.780002e-07,3.757776356182692e-07,3.460129373234011e-07,2.844986535658309e-08,2.6227300974852297e-08,2.699283155422063e-09,4.767187736912703e-10,3.060678546324524e-09,2.2225643817308158e-09
cold,453.5936,3.776304e-07,3.7482061887986726e-07,3.4534027602664193e-07,2.880809235043634e-08,2.5998311230303595e-08,3.2642112936954426e-09,4.54430173562698e-10,3.0276014493590494e-09,2.8097811201327338e-09
cold,453.6419,3.726066e-07,3.738770953835823e-07,3.446810012145457e-07,2.4489669993304824e-08,2.5760165376887184e-08,-8.34904895571548e-10,4.3559048801081245e-10,3.0003383041386608e-09,-1.2704953835823176e-09
cold,453.6901,3.71726e-07,3.729584524730264e-07,3.4403789398133604e-07,2.428673149897748e-08,2.551918397200388e-08,-8.118143302832605e-10,4.206381427431421e-10,2.980736376943361e-09,-1.2324524730264155e-09
cold,453.7384,3.746803e-07,3.720761101396284e-07,3.4341325986099347e-07,2.78866826222053e-08,2.5282492761833744e-08,3.014104112340355e-09,4.0991425196879527e-10,2.970443264832404e-09,2.604189860371584e-09
cold,453.7866,3.708801e-07,3.712409958365406e-07,3.428088559066433e-07,2.4696752494251745e-08,2.5057648330792328e-08,4.274506125507742e-11,4.036408977956597e-10,2.9708507013093266e-09,-3.608958365405933e-10
cold,453.8349,3.676077e-07,3.704630742047818e-07,3.422258350835563e-07,2.1996907970813497e-08,2.4852282175595254e-08,-2.4534669258004123e-09,4.01907278981346e-10,2.9830496666488592e-09,-2.8553742047817706e-09
cold,453.8831,3.660315e-07,3.697508760756178e-07,3.4166470973104786e-07,2.0954340560891635e-08,2.4673716636509412e-08,-3.3147173718190677e-09,4.046587037987103e-10,3.007791004261801e-09,-3.7193760756178034e-09
cold,453.9314,3.711504e-07,3.6911109595067214e-07,3.411253352466279e-07,2.6567909697283264e-08,2.4528605647955377e-08,2.450996586859027e-09,4.1169253753114287e-10,3.045462518557715e-09,2.039304049327864e-09
cold,453.9796,3.659364e-07,3.6854826485309453e-07,3.4060691450742796e-07,2.1810747619464392e-08,2.4422612472558896e-08,-2.1892059967218304e-09,4.2265885637267286e-10,3.0960790167349855e-09,-2.611864853094507e-09
cold,454.0279,3.677797e-07,3.680645096717393e-07,3.4010802288933723e-07,2.407531882197444e-08,2.4360128493713706e-08,1.5225722794119452e-10,4.370668996804607e-10,3.1592913890078894e-09,-2.848096717392944e-10
cold,454.0761,3.672954e-07,3.676594004200436e-07,3.3962665309409865e-07,2.3980035165417417e-08,2.4344035585460955e-08,9.029676532209209e-11,4.542971853656294e-10,3.2344145551183265e-09,-3.6400042004357483e-10
cold,454.1244,3.684191e-07,3.6732989705643944e-07,3.3916027836935986e-07,2.546473489056605e-08,2.4375531947005558e-08,1.562821779686388e-09,4.73618836125898e-10,3.3204679039481392e-09,1.0892029435605396e-09
cold,454.1726,3.656897e-07,3.6707040891766296e-07,3.387059321260851e-07,2.307331187349703e-08,2.4454020791160015e-08,-8.864931854431437e-10,4.942157322198438e-10,3.4162402681980254e-09,-1.3807089176629522e-09
cold,454.2209,3.659562e-07,3.668729573723492e-07,3.382603014401378e-07,2.3660319552349593e-08,2.457707692469876e-08,-4.0153883767453437e-10,5.152185346746316e-10,3.5203604728380094e-09,-9.16757372349198e-10
cold,454.2691,3.665451e-07,3.6672745721188237e-07,3.3781983148657735e-07,2.4558146873189087e-08,2.4740504085071394e-08,3.5338685676189874e-10,5.35744068644203e-10,3.6313775715894102e-09,-1.8235721188234622e-10
cold,454.3173,3.672416e-07,3.6662210707520165e-07,3.3738083761011544e-07,2.555797858243891e-08,2.493848565764059e-08,1.1744334435837398e-09,5.549405187854242e-10,3.747843288660225e-09,6.194929247983259e-10
cold,454.3656,3.650572e-07,3.665438480508944e-07,3.3693962149413133e-07,2.3677168024108928e-08,2.5163816075003296e-08,-9.146144165079953e-10,5.720336343863736e-10,3.8683768473733935e-09,-1.4866480508943574e-09
cold,454.4138,3.659792e-07,3.664789292870942e-07,3.364925877612767e-07,2.4908510383784935e-08,2.540823967087913e-08,8.6645047150455e-11,5.86374334244651e-10,3.99172752069371e-09,-4.997292870942016e-10
cold,454.4621,3.636462e-07,3.664134817834041e-07,3.36036357325072e-07,2.2895560218494188e-08,2.5662842001898315e-08,-2.169802256943764e-09,5.974795264603621e-10,4.1168029299734385e-09,-2.767281783404098e-09
cold,454.5103,3.686599e-07,3.663341005042473e-07,3.355678739144567e-07,2.824429132471269e-08,2.5918491828959992e-08,2.930863152548762e-09,6.050636567960625e-10,4.242671104034531e-09,2.3257994957526635e-09
cold,454.5585,3.663029e-07,3.6622839295691176e-07,3.3508450040875706e-07,2.6240808644240953e-08,2.616630160115274e-08,6.835646146363636e-10,6.090575715481507e-10,4.36853337545381e-09,7.450704308821268e-11
cold,454.6068,3.645038e-07,3.660854135951336e-07,3.3458410194217685e-07,2.481643195353159e-08,2.639804554866522e-08,-9.72002502593621e-10,6.096110925400083e-10,4.493655011751523e-09,-1.5816135951336268e-09
cold,454.655,3.659163e-07,3.6589603089232344e-07,3.340651131545485e-07,2.6626821783502985e-08,2.660655267582642e-08,6.273492348428211e-10,6.070801271662534e-10,4.61728493478227e-09,2.0269107676567883e-11
cold,454.7032,3.655492e-07,3.6565314056490555e-07,3.3352658746551766e-07,2.6682062384667427e-08,2.6786002949572976e-08,4.980574367747864e-10,6.019980016803326e-10,4.738552148134599e-09,-1.0394056490554868e-10
cold,454.7514,3.64269e-07,3.6535173159624725e-07,3.3296822681678044e-07,2.58493843627896e-08,2.6932115959036894e-08,-4.876969043768857e-10,5.950346918704087e-10,4.856354128559525e-09,-1.0827315962472579e-09
cold,454.7997,3.611941e-07,3.6498885763857695e-07,3.3239039094353595e-07,2.3247493867006313e-08,2.7042251505583248e-08,-3.2078101502604225e-09,5.869474883165128e-10,4.9692677011412535e-09,-3.7947576385769285e-09
cold,454.8479,3.650122e-07,3.6456350521695927e-07,3.3179408588249015e-07,2.7564096830297183e-08,2.7115402047256442e-08,1.0272219390492407e-09,5.785271560085051e-10,5.075490131204191e-09,4.4869478304072774e-10
cold,454.8961,3.634633e-07,3.64076369590375e-07,3.3118093207916854e-07,2.6539015552825468e-08,2.715208514320045e-08,-4.2523488786714235e-11,5.705461015882705e-10,5.172806266417721e-09,-6.130695903749952e-10
cold,454.9443,3.614171e-07,3.6352961742383794e-07,3.3055311310125524e-07,2.5041660980035994e-08,2.7154178403873932e-08,-1.548806809113301e-09,5.637106147246362e-10,5.258615303984134e-09,-2.1125174238379577e-09
cold,454.9926,3.626641e-07,3.629266522211372e-07,3.2991330657686517e-07,2.6862155773613556e-08,2.7124707994750767e-08,2.960679954867636e-10,5.586202166239749e-10,5.330017432897278e-09,-2.62552221137191e-10
cold,455.0408,3.610522e-07,3.6227187485881983e-07,3.2926459953774176e-07,2.584792883446848e-08,2.706760369328831e-08,-6.639370023068826e-10,5.557378565129476e-10,5.383933771276812e-09,-1.2196748588198233e-09
cold,455.089,3.60569e-07,3.615704840691848e-07,3.286103908396414e-07,2.5985967863826955e-08,2.6987451933011784e-08,-4.46114200545095e-10,5.553698686397338e-10,5.417271427891901e-09,-1.0014840691848097e-09
cold,455.1372,3.606457e-07,3.608283050959283e-07,3.2795428374008894e-07,2.670664745607585e-08,2.688925255200418e-08,3.750508429308042e-10,5.576559388591375e-10,5.427112864976053e-09,-1.8260509592829995e-10
cold,455.1854,3.605107e-07,3.600516361218337e-07,3.272999720243761e-07,2.723724794813987e-08,2.6778184069973503e-08,1.0216323991768654e-09,5.625685210104968e-10,5.410911506473546e-09,4.590638781663128e-10
cold,455.2336,3.573204e-07,3.5924708577972337e-07,3.266511232743316e-07,2.4732685553265254e-08,2.6659371332988623e-08,-1.356764316545908e-09,5.699214631774594e-10,5.366669709225701e-09,-1.9266857797233783e-09
cold,455.2819,3.536398e-07,3.58421432140385e-07,3.260112629645829e-07,2.1756055055918436e-08,2.6537687196303434e-08,-4.202247340524618e-09,5.793847998603804e-10,5.29309717963831e-09,-4.781632140385028e-09
cold,455.3301,3.547282e-07,3.5758142850726505e-07,3.2538366304490674e-07,2.3564312244960488e-08,2.6417540752225573e-08,-2.2627206379635324e-09,5.905078693015547e-10,5.189716840831186e-09,-2.8532285072650686e-09
cold,455.3783,3.554943e-07,3.567336059116513e-07,3.247712385256617e-07,2.506338256227045e-08,2.630268847392176e-08,-6.365585539363988e-10,6.027473577149131e-10,5.056931554352904e-09,-1.2393059116512875e-09
cold,455.4265,3.578622e-07,3.55884059720347e-07,3.2417645533066937e-07,2.8174208553987796e-08,2.6196068274334765e-08,2.5936404477767952e-09,6.15500168123766e-10,4.896035947219075e-09,1.9781402796530076e-09
cold,455.4747,3.53591e-07,3.5503821155315995e-07,3.2360125232624485e-07,2.465243262822547e-08,2.6099644181385426e-08,-8.190707334755725e-10,6.281408196843841e-10,4.709174225845301e-09,-1.4472115531599458e-09
cold,455.5229,3.516774e-07,3.542005934516796e-07,3.2304697998759767e-07,2.349110717379481e-08,2.601430062547442e-08,-1.883133646250107e-09,6.400598054295053e-10,4.499253033178021e-09,-2.5231934516796185e-09
cold,455.5711,3.526775e-07,3.5337466031460615e-07,3.225143576386466e-07,2.5242620252351974e-08,2.5939780566958137e-08,-4.645878459129929e-11,6.507015300148593e-10,4.269820578986542e-09,-6.971603146061627e-10
cold,455.6193,3.521953e-07,3.525626394181869e-07,3.2200345061501243e-07,2.55073471731876e-08,2.587468659137453e-08,2.922592915569329e-10,6.59598709743862e-10,4.024903502056084e-09,-3.673394181869206e-10
cold,455.6675,3.539231e-07,3.517654747166613e-07,3.215136680710555e-07,2.7974180368251406e-08,2.581655508491269e-08,2.8240251192495176e-09,6.663998359108045e-10,3.768851724782289e-09,2.1576252833386897e-09
cold,455.7157,3.480159e-07,3.5098281023494054e-07,3.210437815001828e-07,2.279508797171996e-08,2.5761998206660507e-08,-2.296022310493347e-09,6.708879244471979e-10,3.5061426036500693e-09,-2.9669102349405166e-09
cold,455.7639,3.519518e-07,3.502130707297818e-07,3.205919633838141e-07,2.7445646548350905e-08,2.5706917278132734e-08,2.4117175761208323e-09,6.72988305902663e-10,3.2412017619323277e-09,1.7387292702181839e-09
cold,455.8121,3.513651e-07,3.494536476602661e-07,3.2015584474902074e-07,2.755823399307414e-08,2.564678165334021e-08,2.5842161427752792e-09,6.72763803041352e-10,2.978257454863785e-09,1.911452339733925e-09
cold,455.8603,3.469257e-07,3.487010905910043e-07,3.1973258981798214e-07,2.3801547010629117e-08,2.5576937601633362e-08,-1.1049907926192553e-09,6.703997983849911e-10,2.721163373003789e-09,-1.7753905910042816e-09
cold,455.9085,3.485261e-07,3.4795141280780884e-07,3.1931898539288607e-07,2.6067637128797476e-08,2.549294993660634e-08,1.2408663598728247e-09,6.66179167681689e-10,2.473298310634759e-09,5.7468719219116e-10
cold,455.9567,3.464118e-07,3.472004103323411e-07,3.189115421547656e-07,2.4602326330218748e-08,2.5390936662559834e-08,-1.281588943775034e-10,6.604514379635832e-10,2.237480077052104e-09,-7.886103323410889e-10
cold,456.0049,3.480211e-07,3.4644399794486617e-07,3.185066046786873e-07,2.68449818472323e-08,2.526787979209849e-08,2.2307012403492343e-09,6.535991852154207e-10,2.015914288864989e-09,1.5771020551338122e-09
cold,456.0531,3.433682e-07,3.4567854036204343e-07,3.181004666925712e-07,2.2811549396410097e-08,2.5121889758453513e-08,-1.6643350868794366e-09,6.46005275163979e-10,1.8101786358547322e-09,-2.310340362043416e-09
cold,456.1012,3.410779e-07,3.4490113143223154e-07,3.1768948794139996e-07,2.1129160224595277e-08,2.4952391656826865e-08,-3.185207801986218e-09,6.3802363024537e-10,1.6212282037593546e-09,-3.823231432231554e-09
cold,456.1494,3.425252e-07,3.441099004441922e-07,3.1727020896790057e-07,2.3175568402469617e-08,2.476026884666181e-08,-9.547425337448098e-10,6.29957910447381e-10,1.449464719182428e-09,-1.5847004441922246e-09
cold,456.1976,3.437518e-07,3.4330418552104543e-07,3.1683946018655045e-07,2.499550305041671e-08,2.454788857146214e-08,1.0696606997495413e-09,6.22046220794974e-10,1.2947905422378569e-09,4.47614478954576e-10
cold,456.2458,3.410529e-07,3.424846725749923e-07,3.1639446180789566e-07,2.288729271964721e-08,2.4319065294639556e-08,-8.173184231362539e-10,6.144541518560912e-10,1.1566913206010389e-09,-1.4317725749923311e-09
cold,456.294,3.38627e-07,3.416534758180195e-07,3.159329114589851e-07,2.1052476228259595e-08,2.4078952046279112e-08,-2.4192008903086423e-09,6.072749277108738e-10,1.0343373850444186e-09,-3.026475818019547e-09
cold,456.3422,3.405761e-07,3.408140965190704e-07,3.1545305673410996e-07,2.3595847125394505e-08,2.383384364446493e-08,3.6253719140127494e-10,6.005337104716955e-10,9.26662430023826e-10,-2.379965190704099e-10
cold,456.3903,3.382064e-07,3.399713393363147e-07,3.149537503857215e-07,2.1825998864419406e-08,2.359093820073404e-08,-1.1707433151763524e-09,5.941960211382804e-10,8.324547287208718e-10,-1.76493933631465e-09
cold,456.4385,3.387973e-07,3.3913114434991277e-07,3.144344864133815e-07,2.302420652286664e-08,2.3358050872779416e-08,2.5433309405115407e-10,5.8817744396393e-10,7.504296197878931e-10,-3.338443499127762e-10
cold,456.4867,3.385995e-07,3.3830035559764746e-07,3.138954159115661e-07,2.3442439320060544e-08,2.3143294917707975e-08,8.814979702403309e-10,5.823535678877627e-10,6.792912004856495e-10,2.9914440235254925e-10
cold,456.5349,3.413919e-07,3.3748646006040087e-07,3.133373421760735e-07,2.6860205018255287e-08,2.2954765078656115e-08,4.482009851549227e-09,5.765699119500573e-10,6.177828937211878e-10,3.905439939599155e-09
cold,456.583,3.385757e-07,3.3669727020626257e-07,3.1276169522350786e-07,2.467863485393188e-08,2.280020506019439e-08,2.4490803045080136e-09,5.706505107705281e-10,5.647194117897694e-10,1.8784297937374553e-09
cold,456.6312,3.332662e-07,3.3594059533444605e-07,3.121704865281511e-07,2.0012300260058524e-08,2.268669559450458e-08,-2.109989161943144e-09,5.644061725029152e-10,5.190070392874734e-10,-2.674395334446054e-09
cold,456.6794,3.370581e-07,3.352239394014093e-07,3.1156624540499156e-07,2.4454550865263623e-08,2.262039026667288e-08,2.391803795499932e-09,5.576431969091891e-10,4.796605328356531e-10,1.8341605985907324e-09
cold,456.7276,3.33353e-07,3.345541689767699e-07,3.1095193904703453e-07,2.140509161354833e-08,2.2606260590318226e-08,-6.509983337288964e-10,5.501706430410013e-10,4.457986963761406e-10,-1.2011689767698993e-09
cold,456.7757,3.313264e-07,3.3393724944338253e-07,3.1033087874098067e-07,2.0037063445979582e-08,2.264791288936209e-08,-2.069039388660058e-09,5.418100547224491e-10,4.1664775831729807e-10,-2.610849443382524e-09
cold,456.8239,3.330633e-07,3.333780018129111e-07,3.097066152216571e-07,2.2432749732322447e-08,2.2747451545233546e-08,2.1770179707608852e-10,5.3240360998719e-10,3.915314360332903e-10,-3.147018129111122e-10
cold,456.8721,3.346277e-07,3.3287990446227265e-07,3.090828264684223e-07,2.4653188766371376e-08,2.2905393228643996e-08,2.269618556475785e-09,5.218230187484044e-10,3.6986174645795067e-10,1.7477955377273466e-09
cold,456.9202,3.333514e-07,3.324449479395422e-07,3.084632014853483e-07,2.4027088157881643e-08,2.3120636097423816e-08,1.4164305957233034e-09,5.099785352654762e-10,3.5113182150459557e-10,9.064520604577907e-10
cold,456.9684,3.330147e-07,3.320735641390554e-07,3.078513237337554e-07,2.43316487695539e-08,2.3390512908609315e-08,1.4379602651368203e-09,4.968244041922351e-10,3.3490309249844555e-10,9.411358609446114e-10
cold,457.0166,3.336273e-07,3.31764581259245e-07,3.0725055789664834e-07,2.5573577405764184e-08,2.37108586650092e-08,2.3450840418754055e-09,4.823653011204227e-10,3.2079939646706614e-10,1.8627187407549865e-09
cold,457.0647,3.307623e-07,3.3151524907777067e-07,3.0666394354943086e-07,2.3323198000689918e-08,2.4076147078460557e-08,-2.862899078390664e-10,4.666591699315729e-10,3.084992799476455e-10,-7.529490777706548e-10
cold,457.1129,3.314996e-07,3.3132134886865224e-07,3.060940990932707e-07,2.465795570294995e-08,2.447970457160217e-08,6.280673677721755e-10,4.498162364243987e-10,2.977289673549488e-10,1.782511313477586e-10
cold,457.161,3.348866e-07,3.311773210508617e-07,3.055431389835396e-07,2.8623205314904807e-08,2.4913926365766512e-08,4.1412760684120346e-09,4.319971192737403e-10,2.882585822818562e-10,3.7092789491383217e-09
cold,457.2092,3.34643e-07,3.3107643701910484e-07,3.050126068660815e-07,2.8937086501568082e-08,2.5370523520672902e-08,3.979971121233381e-09,4.134081403382016e-10,2.7989849201225925e-10,3.5665629808951697e-09
cold,457.2573,3.348929e-07,3.3101104144302445e-07,3.045034267319193e-07,2.9722684923975368e-08,2.5840826366999845e-08,4.2761512716782275e-09,3.9429271470270735e-10,2.724956294025965e-10,3.881858556975536e-09
cold,457.3055,3.335218e-07,3.3097280197837536e-07,3.0401587363224244e-07,2.8865074614878363e-08,2.6316076593253733e-08,2.9239193239725405e-09,3.74921302347911e-10,2.6593045053129254e-10,2.548998021624643e-09
cold,457.3536,3.337488e-07,3.3095294257469466e-07,3.035495648780812e-07,2.9583540411077204e-08,2.678768298577186e-08,3.1514381808367666e-09,3.5558075553142175e-10,2.601139553102021e-10,2.795857425305359e-09
cold,457.4018,3.335648e-07,3.309425248273442e-07,3.031034720024574e-07,2.986978455178554e-08,2.7247509379129726e-08,2.9588353695219818e-09,3.365601968661736e-10,2.5498324889089285e-10,2.622275172655808e-09
cold,457.4499,3.329557e-07,3.30932674254706e-07,3.026759531074174e-07,2.9711112078385762e-08,2.768808633309176e-08,2.341163784955603e-09,3.1813803966159933e-10,2.5049677453526617e-10,2.023025745293996e-09
cold,457.4981,3.344521e-07,3.309147908097877e-07,3.0226480457488345e-07,3.164009818588295e-08,2.8102788995670622e-08,3.837878048995101e-09,3.005688587827753e-10,2.466283804508219e-10,3.5373091902122826e-09
cold,457.5462,3.314701e-07,3.308807387970454e-07,3.018673305090298e-07,2.9075338229960842e-08,2.8485977027006283e-08,8.734321902108661e-10,2.8407098725630865e-10,2.433602737530339e-10,5.89361202954592e-10
cold,457.5944,3.345016e-07,3.308229688715984e-07,3.0148042771817545e-07,3.251167873002587e-08,2.8833047601624278e-08,3.9474490017109e-09,2.688178733093045e-10,2.406756784893776e-10,3.6786311284016195e-09
cold,457.6425,3.357995e-07,3.3073465616122796e-07,3.011006835536687e-07,3.420533519931275e-08,2.914049136054065e-08,5.319774257447397e-09,2.5493041867529623e-10,2.38550828343286e-10,5.064843838772059e-09
cold,457.6907,3.339446e-07,3.306097814083299e-07,3.0072448351739686e-07,3.2740694283251395e-08,2.9405875691581274e-08,3.5772930994921693e-09,2.42474507822052e-10,2.3694769152967915e-10,3.334818591670114e-09
cold,457.7388,3.321906e-07,3.3044319900773383e-07,3.003481252412011e-07,3.137520465080145e-08,2.9627803658535286e-08,1.9788632812913634e-09,2.3146228902519255e-10,2.358078189722665e-10,1.7474009922661867e-09
cold,457.787,3.340021e-07,3.3023069733942336e-07,2.9996793524033907e-07,3.357725967272366e-08,2.980585701214705e-08,3.993259739349127e-09,2.2185707877251421e-10,2.350480081647379e-10,3.771402660576634e-09
cold,457.8351,3.317732e-07,3.299690239394283e-07,2.9958038475557494e-07,3.174467373843481e-08,2.9940497677863056e-08,2.017758921056031e-09,2.1358286048427614e-10,2.345586455060149e-10,1.8041760605717337e-09
cold,457.8832,3.307051e-07,3.296559151569309e-07,2.9918220102724476e-07,3.1082158923607906e-08,3.00329740805388e-08,1.2557200024047115e-09,2.0653515933560333e-10,2.342048898117379e-10,1.0491848430690753e-09
cold,457.9314,3.296794e-07,3.292900876305323e-07,2.98770470488836e-07,3.047450407512575e-08,3.0085191705658045e-08,5.899067118203273e-10,2.0059434235261923e-10,2.3383109368564116e-10,3.8931236946773594e-10
cold,457.9795,3.303784e-07,3.2887120059072387e-07,2.9834273062269237e-07,3.160676261480227e-08,3.009956320552614e-08,1.7028380728506238e-09,1.9563866357449063e-10,2.3326809893086635e-10,1.5071994092761247e-09
cold,458.0276,3.309907e-07,3.283997919679701e-07,2.9789704757833813e-07,3.2669753114589924e-08,3.007884508255999e-08,2.7824643314671405e-09,1.9155629943720737e-10,2.3234300763477272e-10,2.5909080320298994e-09
cold,458.0758,3.310559e-07,3.2787717383611195e-07,2.9743207710333744e-07,3.3204678065117426e-08,3.002595190122938e-08,3.3669806580162943e-09,1.8825449412824517e-10,2.3089033741686902e-10,3.1787261638880542e-09
cold,458.1239,3.28194e-07,3.273053112497699e-07,2.969471068633526e-07,3.083246430564923e-08,2.994377555541916e-08,1.0743538647169937e-09,1.8566511448692238e-10,2.2876371651123695e-10,8.886887502300602e-10
cold,458.172,3.280143e-07,3.266866872823436e-07,2.96442078815535e-07,3.116262782111234e-08,2.98350151034559e-08,1.5113592021213955e-09,1.8374648446495708e-10,2.2584687888771645e-10,1.3276127176564392e-09
cold,458.2201,3.287044e-07,3.260241658257145e-07,2.9591759092901246e-07,3.2382266439192814e-08,2.97020322649073e-08,2.8627143204236026e-09,1.8248014613809198e-10,2.2206248565664007e-10,2.6802341742855224e-09
cold,458.2683,3.275777e-07,3.253208882717176e-07,2.9537487819816525e-07,3.180357909605943e-08,2.9546767367777032e-08,2.4386761031285e-09,1.8186437484610036e-10,2.1737833092918822e-10,2.2568117282824164e-09
cold,458.3164,3.279058e-07,3.245802166559715e-07,2.9481577354802233e-07,3.2696311799640045e-08,2.937072845561155e-08,3.507487763097785e-09,1.8190441906929115e-10,2.1181023326830967e-10,3.325583344028502e-09
cold,458.3645,3.257175e-07,3.238057161355821e-07,2.9424264986583157e-07,3.1086828177479565e-08,2.917504431306163e-08,2.0943849948517097e-09,1.8260113043377684e-10,2.054208262551192e-10,1.9117838644179324e-09
cold,458.4126,3.227019e-07,3.230011996803637e-07,2.936583449886265e-07,2.8661300387348214e-08,2.8960600067711882e-08,-1.1536005232005087e-10,1.8393962804361863e-10,1.9831499598170243e-10,-2.992996803636714e-10
cold,458.4608,3.216179e-07,3.2217083299459946e-07,2.930660720146196e-07,2.81753157281572e-08,2.8728248722756648e-08,-3.6705351504284995e-10,1.8587947955659766e-10,1.906327776666125e-10,-5.529329945994637e-10
cold,458.5089,3.196682e-07,3.2131924539258615e-07,2.924693177695185e-07,2.6827994775291393e-08,2.8479040167877542e-08,-1.462697332810654e-09,1.88348059775497e-10,1.825393954145933e-10,-1.6510453925861628e-09
cold,458.557,3.223638e-07,3.2045165457792275e-07,2.9187173263276105e-07,3.0126614828594124e-08,2.8214469406516834e-08,2.103383428008245e-09,1.9123800593095911e-10,1.7421453271389282e-10,1.912145422077253e-09
cold,458.6051,3.198401e-07,3.195739756264021e-07,2.9127701520139545e-07,2.820283378211911e-08,2.793670940852124e-08,4.605334888727351e-10,1.9440911527487e-10,1.6584190121055523e-10,2.661243735978677e-10
cold,458.6532,3.198319e-07,3.18692855288689e-07,2.906887954322895e-07,2.8787810676194828e-08,2.7648765964883804e-08,1.336739534465508e-09,1.976948231544831e-10,1.5759906836118023e-10,1.1390447113110005e-09
cold,458.7013,3.175996e-07,3.1781560935528376e-07,2.9011051995137944e-07,2.713851904626173e-08,2.7354528401545505e-08,-1.509690614448611e-11,2.009124491392888e-10,1.496485532195462e-10,-2.1600935528374744e-10
cold,458.7495,3.19177e-07,3.1695011792456716e-07,2.8954534315027147e-07,2.9285649298102634e-08,2.705876722266982e-08,2.4307572268325967e-09,2.0387515139978293e-10,1.4213240022610596e-10,2.226882075432843e-09
cold,458.7976,3.188024e-07,3.1610456311469764e-07,2.889960275078215e-07,2.9464799858935747e-08,2.676696297363341e-08,2.904242062619222e-09,2.0640517731688084e-10,1.3516745592587863e-10,2.6978368853023485e-09
cold,458.8457,3.172251e-07,3.15287106078281e-07,2.8846485628312565e-07,2.842305428722917e-08,2.648506036551012e-08,2.1463399182937898e-09,2.083459965747384e-10,1.288434330704545e-10,1.9379939217190202e-09
cold,458.8938,3.181246e-07,3.1450551861535744e-07,2.8795356133584203e-07,2.983824337739216e-08,2.621916199274961e-08,3.82865331567557e-09,2.0957193103301608e-10,1.2322335573278213e-10,3.6190813846425618e-09
cold,458.9419,3.140681e-07,3.137667512425275e-07,2.874632683522544e-07,2.6276492104979296e-08,2.5975143347506823e-08,5.113437844995129e-10,2.099950270270369e-10,1.1834451573929007e-10,3.0134875747248993e-10
cold,458.99,3.110951e-07,3.130765478372256e-07,2.8699446120606373e-07,2.377684956141134e-08,2.5758297398636946e-08,-1.7718798974718687e-09,2.0956793975373885e-10,1.1422129277119442e-10,-1.981447837225606e-09
cold,459.0381,3.138477e-07,3.1243909518099396e-07,2.8654696657888914e-07,2.6981601838946286e-08,2.5572997019940286e-08,1.6168883689908398e-09,2.0828354998483982e-10,1.1084803217970314e-10,1.4086048190060323e-09
cold,459.0862,3.135763e-07,3.1185678839595655e-07,2.8611995932594493e-07,2.7141966392831168e-08,2.5422454788787686e-08,1.9256832924253782e-09,2.06171688381897e-10,1.0820259284203486e-10,1.7195116040434587e-09
cold,459.1343,3.123699e-07,3.1133009118333084e-07,2.8571198841752085e-07,2.634836856481743e-08,2.5308559748148293e-08,1.2431025280369836e-09,2.032937113678447e-10,1.0624930629387501e-10,1.0398088166691518e-09
cold,459.1824,3.075779e-07,3.108575470648333e-07,2.853210226374028e-07,2.1952199327817944e-08,2.5231846392651233e-08,-3.0799110273515838e-09,1.9973603748170409e-10,1.0494199729755082e-10,-3.2796470648332817e-09
cold,459.2305,3.111331e-07,3.104359231946913e-07,2.8494451459572317e-07,2.5888755514954874e-08,2.5191578709646227e-08,8.927800376470406e-10,1.9560323233839492e-10,1.0422665698353488e-10,6.971768053086596e-10
cold,459.2786,3.099739e-07,3.10060469697788e-07,2.8457948103562244e-07,2.5099363939799283e-08,2.5185933637587266e-08,1.0444155155147958e-10,1.9101124933946235e-10,1.0404377523879678e-10,-8.656969778800939e-11
cold,459.3267,3.094473e-07,3.097252769219568e-07,2.8422259689877457e-07,2.493429100676614e-08,2.5212267928722916e-08,-9.189540706827637e-11,1.8608151488849773e-10,1.0433057957080195e-10,-2.7797692195678656e-10
cold,459.3748,3.090571e-07,3.0942368515544463e-07,2.838703001805193e-07,2.4900841609681767e-08,2.526742676512637e-08,-1.856500679049407e-10,1.8093508753966446e-10,1.050231222593069e-10,-3.6658515544462374e-10
cold,459.4229,3.099615e-07,3.0914871103047833e-07,2.8351890426476083e-07,2.616084961396639e-08,2.5348060644444768e-08,9.884767116053672e-10,1.7568774208374546e-10,1.0605837918900609e-10,8.127889695216611e-10
cold,459.471,3.102718e-07,3.0889345265857927e-07,2.8316471419268777e-07,2.6829264084717687e-08,2.5450916743296942e-08,1.548792690608315e-09,1.7044534918757064e-10,1.0737637340700258e-10,1.3783473414207324e-09
cold,459.5191,3.102104e-07,3.086514364670931e-07,2.828041431951942e-07,2.7132035014327346e-08,2.5573071481420493e-08,1.7242630747647434e-09,1.6529954185788752e-10,1.0892224862053916e-10,1.5589635329068801e-09
cold,459.5671,3.072829e-07,3.0841687252603296e-07,2.824338258105593e-07,2.4578101795569534e-08,2.5712074321602465e-08,-9.73648194114507e-10,1.603243319184227e-10,1.1064806195277683e-10,-1.1339725260329438e-09
cold,459.6152,3.089634e-07,3.081848231686788e-07,2.8205072401672985e-07,2.6644588775591362e-08,2.5866011944270207e-08,9.341496879249399e-10,1.5557285660378423e-10,1.1251435107496674e-10,7.785768313211813e-10
cold,459.6633,3.08222e-07,3.079512650875361e-07,2.8165222302805193e-07,2.630421045599513e-08,2.6033475543531187e-08,4.2181038549528656e-10,1.5107547303134405e-10,1.14491042921602e-10,2.707349124639172e-10
cold,459.7114,3.057451e-07,3.0771304729719356e-07,2.8123621373254704e-07,2.424548939157595e-08,2.6213436688769508e-08,-1.8211078325331837e-09,1.4683946466037422e-10,1.1655741121665656e-10,-1.9679472971935544e-09
cold,459.7595,3.065679e-07,3.0746779073450797e-07,2.808011591675316e-07,2.550518975159653e-08,2.6405080486104535e-08,-7.57040923922814e-10,1.4284981058519185e-10,1.1870127028662375e-10,-8.998907345079946e-10
cold,459.8076,3.076738e-07,3.072137175460875e-07,2.803461429352206e-07,2.7067668110391526e-08,2.6607585656478988e-08,5.99154483595621e-10,1.3907202968308225e-10,1.209169247048222e-10,4.600824539125406e-10
cold,459.8556,3.094417e-07,3.0694945961549456e-07,2.7987089803003564e-07,2.931214337813074e-08,2.6819902993625247e-08,2.627696800411011e-09,1.3545641590551495e-10,1.2320217592814247e-10,2.492240384505462e-09
cold,459.9037,3.080045e-07,3.066738590817258e-07,2.7937581516766114e-07,2.8371186860465285e-08,2.704054594219109e-08,1.4625844179366914e-09,1.3194349966249893e-10,1.2555447221110088e-10,1.3306409182742066e-09
cold,459.9518,3.070359e-07,3.063858004708382e-07,2.7886193035293307e-07,2.7917532862994994e-08,2.7267433333833195e-08,7.785696142156861e-10,1.2847008505388796e-10,1.2796669901805201e-10,6.500995291617954e-10
cold,459.9999,3.078594e-07,3.0608406112467913e-07,2.7833089207899094e-07,2.9273109500216123e-08,2.74977706248953e-08,1.900314552511397e-09,1.2497567719057564e-10,1.304227436023432e-10,1.775338875320866e-09
cold,460.048,3.09666e-07,3.05767244570381e-07,2.7778490919307995e-07,3.162678887515323e-08,2.7728033445534217e-08,4.020163433974797e-09,1.2140800435578331e-10,1.3289392741104064e-10,3.898755429618987e-09
cold,460.096,3.04865e-07,3.054337627608366e-07,2.772266810746617e-07,2.7385254793474106e-08,2.7954017554310628e-08,-4.510350250807512e-10,1.1772773575577296e-10,1.353363961084703e-10,-5.687627608365653e-10
cold,460.1441,3.05752e-07,3.0508186887154563e-07,2.7665931232982164e-07,2.884108567229979e-08,2.8170954543845435e-08,7.840431432147817e-10,1.1391201476042561e-10,1.3768998311813343e-10,6.701311284543637e-10
cold,460.1922,3.089234e-07,3.047097748053691e-07,2.7608621469471404e-07,3.2587349981739305e-08,2.8373724787108428e-08,4.32358123538301e-09,1.0995604075213288e-10,1.398792827944892e-10,4.21362519463089e-09
cold,460.2402,3.04146e-07,3.0431579122031983e-07,2.755109992445458e-07,2.8387310873310686e-08,2.8557102093630517e-08,-6.391784914964929e-11,1.0587337117017895e-10,1.4181651097330506e-10,-1.6979122031985104e-10
cold,460.2883,3.054344e-07,3.038985064886591e-07,2.7493736231061245e-07,3.025193665233087e-08,2.8716043140990038e-08,1.637588159628e-09,1.0169464828716793e-10,1.4340638876946474e-10,1.5358935113408501e-09
cold,460.3364,3.041543e-07,3.0345696450571064e-07,2.74368968706511e-07,2.9543313734437777e-08,2.8845978240148404e-08,7.948006148108715e-10,9.746512052149922e-11,1.4455243852976744e-10,6.973354942893789e-10
cold,460.3844,3.031145e-07,3.0299083423553694e-07,2.738093359495918e-07,2.906675877834361e-08,2.8943093013880564e-08,2.1690678685500616e-10,9.324102239195788e-11,1.4516424967257935e-10,1.23665764463048e-10
cold,460.4325,3.051574e-07,3.025005273683924e-07,2.7326172313229734e-07,3.1661426477794786e-08,2.900455384618716e-08,2.7459582409463404e-09,8.908560933871203e-11,1.451647805691561e-10,2.656872631607621e-09
cold,460.4806,3.032874e-07,3.0198727104734805e-07,2.7272902795125553e-07,3.032881067611187e-08,2.9028681723459938e-08,1.3851932092446839e-09,8.506425659275375e-11,1.4449711603982136e-10,1.3001289526519533e-09
cold,460.5286,3.047303e-07,3.014530996913391e-07,2.722136951444931e-07,3.229223547950638e-08,2.9015035170845483e-08,3.3584399488507283e-09,8.123964018983044e-11,1.4312973581067064e-10,3.2772003086608915e-09
cold,460.5767,3.049688e-07,3.00900771229522e-07,2.717176392270228e-07,3.3032433568768466e-08,2.8964404798290443e-08,4.145696030394287e-09,7.766725991626567e-11,1.4105994429247333e-10,4.068028770478006e-09
cold,460.6247,3.028846e-07,3.0033360672862637e-07,2.7124218396372223e-07,3.1429710225481015e-08,2.887871695410743e-08,2.6253842297602135e-09,7.439095838662985e-11,1.383148524100884e-10,2.5509932713736153e-09
cold,460.6728,3.016617e-07,2.9975526956940527e-07,2.707880204900924e-07,3.066728980196439e-08,2.8760859371369668e-08,1.9778699755743734e-09,7.143954497964795e-11,1.349501629635818e-10,1.9064304305947198e-09
cold,460.7208,3.008995e-07,2.991694951602702e-07,2.7035518540285024e-07,3.0344443519643426e-08,2.8614438679913613e-08,1.7988292548531988e-09,6.882441512338637e-11,1.310466623829376e-10,1.7300048397297937e-09
cold,460.7689,2.980418e-07,2.9857981023828e-07,2.699430595119435e-07,2.7905496801070673e-08,2.8443507039350664e-08,-4.714717116225969e-10,6.653852665739453e-11,1.2670516032845123e-10,-5.380102382800141e-10
cold,460.817,2.978108e-07,2.979892485630983e-07,2.69550387293382e-07,2.8073815774781544e-08,2.8252264337879833e-08,-1.1389164832388022e-10,6.455691477441012e-11,1.2204001706206153e-10,-1.7844856309831886e-10
cold,460.865,3.007866e-07,2.974001292873786e-07,2.6917531642883937e-07,3.143127197777547e-08,2.8044801265154056e-08,3.449309596133228e-09,6.283888351181265e-11,1.1717270987331876e-10,3.386470712621404e-09
cold,460.9131,2.964329e-07,2.968138681705858e-07,2.6881545618392656e-07,2.744388743653011e-08,2.7824855607115874e-08,-3.19636683138248e-10,6.133148744751516e-11,1.122248920958346e-10,-3.8096817058578997e-10
cold,460.9611,2.93856e-07,2.96230885378194e-07,2.684679527823752e-07,2.52207606334618e-08,2.759564601165577e-08,-2.3149112071503206e-09,5.997417104364944e-11,1.0731241311935509e-10,-2.37488537819399e-09
cold,461.0091,2.937313e-07,2.956506121135776e-07,2.681295793968846e-07,2.5440475812601658e-08,2.7359787926179272e-08,-1.8606079150726618e-09,5.870419850495146e-11,1.025405920087742e-10,-1.919312113577641e-09
cold,461.0572,2.935257e-07,2.950715641410008e-07,2.677968379159929e-07,2.5573400043305137e-08,2.7119264184305933e-08,-1.4884022176622407e-09,5.746192333855664e-11,9.800011736340514e-11,-1.5458641410007993e-09
cold,461.1052,2.958932e-07,2.944915158228357e-07,2.674660692746175e-07,2.8277170353990723e-08,2.687548617682641e-08,1.457879892105377e-09,5.619571494106279e-11,9.376465645071104e-11,1.4016841771643195e-09
cold,461.1533,2.945454e-07,2.939077315836652e-07,2.671335688655886e-07,2.7267075977172336e-08,2.662940756083756e-08,6.925341867567908e-10,5.4865770422014806e-11,8.988938681704883e-11,6.376684163347945e-10
cold,461.2013,2.902163e-07,2.933172442755539e-07,2.6679570338911286e-07,2.3280739433322245e-08,2.6381683708876188e-08,-3.047497738033929e-09,5.3446537520012855e-11,8.641064004484651e-11,-3.100944275553904e-09
cold,461.2494,2.930022e-07,2.9271714137706275e-07,2.664490254517174e-07,2.6417900911894465e-08,2.6132842288957216e-08,3.369861065982201e-10,5.1927483660971105e-11,8.334615272716234e-11,2.8505862293722974e-10
cold,461.2974,2.93489e-07,2.92104866836944e-07,2.660903822972607e-07,2.726760901710401e-08,2.588347585404801e-08,1.4344455941939676e-09,5.031243113796469e-11,8.069625449732191e-11,1.384133163056e-09
cold,461.3454,2.899759e-07,2.9147846236306505e-07,2.657170152378265e-07,2.413182225754438e-08,2.5634384620609463e-08,-1.4539449744122398e-09,4.8617388652843665e-11,7.844511597624169e-11,-1.5025623630650388e-09
cold,461.3935,2.904008e-07,2.9083677405327205e-07,2.6532664664587984e-07,2.495072325873331e-08,2.538669731200537e-08,-3.891065401466885e-10,4.686751312537196e-11,7.656258226145601e-11,-4.3597405327204913e-10
cold,461.4415,2.90062e-07,2.901796124848357e-07,2.649175517617052e-07,2.502434813260282e-08,2.5141960617438577e-08,-7.2518787185158e-11,4.509369765059773e-11,7.500640804135419e-11,-1.1761248483572666e-10
cold,461.4895,2.882804e-07,2.89507817765797e-07,2.6448861304946514e-07,2.3674733437181368e-08,2.490215120297836e-08,-1.184088803876755e-09,4.3328961920236766e-11,7.372455143328097e-11,-1.2274177657970007e-09
cold,461.5376,2.888919e-07,2.8882328292587695e-07,2.6403935538608457e-07,2.4738281296738e-08,2.4669664222614986e-08,1.1022248309019368e-10,4.160540896717806e-11,7.265790821022753e-11,6.861707412304505e-11
cold,461.5856,2.870261e-07,2.8812891439910695e-07,2.635699609721937e-07,2.3344443925912916e-08,2.444725832501986e-08,-1.0628625458481946e-09,3.9951853258747355e-11,7.174324863462668e-11,-1.102814399106963e-09
cold,461.6336,2.870997e-07,2.874285414755199e-07,2.6308126349445387e-07,2.3909127968919122e-08,2.423796944443899e-08,-2.904492041388864e-10,3.839227138098316e-11,7.091626524603086e-11,-3.288414755198842e-10
cold,461.6817,2.838894e-07,2.8672681568346084e-07,2.6257472172353663e-07,2.1207618237016502e-08,2.404503392047737e-08,-2.8004704096154813e-09,3.694527384538313e-11,7.011476560147395e-11,-2.837415683460864e-09
cold,461.7297,2.828171e-07,2.86029066774057e-07,2.620523733811586e-07,2.065982084806975e-08,2.387178762212675e-08,-3.1763426372639024e-09,3.562413679309825e-11,6.928163397854847e-11,-3.2119667740570073e-09
cold,461.7777,2.834621e-07,2.853411731956867e-07,2.61516770732398e-07,2.184252415620658e-08,2.3721597351893227e-08,-1.8446356763166567e-09,3.443751936998999e-11,6.83675920254579e-11,-1.8790731956866733e-09
cold,461.8257,2.834455e-07,2.8466943405958753e-07,2.6097089993637403e-07,2.237387616091897e-08,2.3597810220506502e-08,-1.1905436115291944e-09,3.339044805833409e-11,6.733345464866488e-11,-1.223934059587534e-09
cold,461.8738,2.815661e-07,2.8402044507892616e-07,2.604180867010548e-07,2.1049376261419947e-08,2.3503721340346064e-08,-2.4218597653786418e-09,3.248531354747662e-11,6.615172397778648e-11,-2.45434507892617e-09
cold,461.9218,2.8129e-07,2.834009943436515e-07,2.598618912202765e-07,2.1331578442810567e-08,2.3442572786462084e-08,-2.0792715349643426e-09,3.1722808687173644e-11,6.480752822573665e-11,-2.1109943436515e-09
cold,461.9698,2.813941e-07,2.828179482580967e-07,2.5930599570937753e-07,2.1993703249474714e-08,2.3417551507571415e-08,-1.3927458118997273e-09,3.1102446196975716e-11,6.329859495080714e-11,-1.423848258096714e-09
cold,462.0178,2.809548e-07,2.8227813705030854e-07,2.5875408808947655e-07,2.210845455698071e-08,2.3431791607289245e-08,-1.2927142527880944e-09,3.062279752044346e-11,6.163455602228342e-11,-1.3233370503085652e-09
cold,462.0658,2.793816e-07,2.8178822731398724e-07,2.5820974549200116e-07,2.1081737753224143e-08,2.3488365067211362e-08,-2.376345954784781e-09,3.0281359202437366e-11,5.983539557226772e-11,-2.406627313987252e-09
cold,462.1138,2.798883e-07,2.813545500173491e-07,2.576763212607416e-07,2.2123975058012425e-08,2.359022507536154e-08,-1.4361758691798048e-09,3.0074148169311686e-11,5.7929533076673415e-11,-1.4662500173491157e-09
cold,462.1619,2.790271e-07,2.8098290873484066e-07,2.57156839018306e-07,2.1784314562658367e-08,2.3740123297499047e-08,-1.9258135918295337e-09,2.9995143011146324e-11,5.5951276024458914e-11,-1.9558087348406668e-09
cold,462.2099,2.786755e-07,2.80678331236586e-07,2.5665389714085873e-07,2.1937628946307937e-08,2.3940460182894e-08,-1.972795542397185e-09,3.0035694188878346e-11,5.393821864442341e-11,-2.0028312365860336e-09
cold,462.2579,2.777399e-07,2.804447778250107e-07,2.561695866564747e-07,2.14882003974265e-08,2.4193078222437187e-08,-2.6746937278120612e-09,3.018409719862404e-11,5.1928848900165714e-11,-2.7048778250106735e-09
cold,462.3059,2.761524e-07,2.8028484909863416e-07,2.5570542515871955e-07,2.0366589447000857e-08,2.449903854563501e-08,-4.102023714547803e-09,3.042538408635086e-11,4.9960010193238135e-11,-4.132449098634142e-09
cold,462.3539,2.772676e-07,2.8019946315692285e-07,2.552623088215277e-07,2.192648459500804e-08,2.485834775193083e-08,-2.9011216895869555e-09,3.074146733583288e-11,4.8065116128456044e-11,-2.931863156922828e-09
cold,462.4019,2.7961e-07,2.80187547222084e-07,2.5484048403006817e-07,2.46921315686721e-08,2.5269678790756132e-08,-5.464355965784736e-10,3.1111625505557136e-11,4.6272775754175976e-11,-5.7754722208401e-10
cold,462.4499,2.78652e-07,2.802458141642632e-07,2.5443953952309596e-07,2.4136341279233763e-08,2.5730155443496908e-08,-1.562300781643854e-09,3.151338261929124e-11,4.460581505102702e-11,-1.5938141642631617e-09
cold,462.4979,2.797498e-07,2.803686138923055e-07,2.540584192948195e-07,2.5616376113832612e-08,2.6235190006138078e-08,-5.868902087976931e-10,3.192368350777281e-11,4.3080907840166665e-11,-6.188138923054789e-10
cold,462.5459,2.811205e-07,2.805478704138137e-07,2.536954558490278e-07,2.7351015143586225e-08,2.677838555739998e-08,6.049498482111483e-10,3.2320262024901e-11,4.170874536103043e-11,5.726295861862581e-10
cold,462.5939,2.802494e-07,2.80773217147849e-07,2.533484227557827e-07,2.682779970818146e-08,2.7351616856030474e-08,-4.91133988248828e-10,3.2683159600184286e-11,4.049437643562866e-11,-5.238171478490019e-10
cold,462.6419,2.755783e-07,2.810322284470176e-07,2.53014604851679e-07,2.2491261033045048e-08,2.7945189480062643e-08,-5.4209322613880884e-09,3.299618562950612e-11,3.943792964645795e-11,-5.4539284470176085e-09
cold,462.6899,2.813199e-07,2.813108354993416e-07,2.526908838677436e-07,2.855723248473649e-08,2.854816798407812e-08,4.231274544264271e-11,3.324824478427194e-11,3.8535402735663293e-11,9.064500658362309e-12
cold,462.7379,2.825311e-07,2.815938045309068e-07,2.5237383678205665e-07,3.0086049298130234e-08,2.9148753829037093e-08,9.707298550386152e-10,3.34343859454708e-11,3.777953386762224e-11,9.372954690931875e-10
cold,462.7859,2.847189e-07,2.818653546861371e-07,2.520598437925121e-07,3.258833912712577e-08,2.9734793813262857e-08,2.887101815478178e-09,3.355650161526493e-11,3.716057874685276e-11,2.853545313862921e-09
cold,462.8339,2.841112e-07,2.8210983288031605e-07,2.517452025014657e-07,3.229570693823922e-08,3.029433981855527e-08,2.034990724244002e-09,3.362360456005578e-11,3.666695573500191e-11,2.0013671196839294e-09
cold,462.8819,2.812408e-07,2.8231229119590987e-07,2.51426244707938e-07,2.9744617796408024e-08,3.081610899231791e-08,-1.0378396033659576e-09,3.3651592543927026e-11,3.628590311000401e-11,-1.0714911959098842e-09
cold,462.9299,2.829142e-07,2.8245908701966564e-07,2.5109945212072765e-07,3.174508141870706e-08,3.1289968438372665e-08,4.887755323743849e-10,3.3662552039987297e-11,3.6003908525354465e-11,4.551129803343825e-10
cold,462.9779,2.840851e-07,2.825383781790119e-07,2.5076156733985235e-07,3.325404199851974e-08,3.170732017753166e-08,1.5804053893365816e-09,3.368356834850429e-11,3.5807093279437217e-11,1.546721820988088e-09
cold,463.0259,2.830203e-07,2.82540479788108e-07,2.50409696603098e-07,3.254117674771942e-08,3.2061356535827424e-08,5.135653180721784e-10,3.374510618017687e-11,3.568154300241009e-11,4.798202118919594e-10
cold,463.0738,2.841385e-07,2.8245809064523175e-07,2.5004140105439215e-07,3.402760628169335e-08,3.234719692692509e-08,1.7142883996446471e-09,3.387904487638282e-11,3.561361903811567e-11,1.6804093547682626e-09
cold,463.1218,2.822282e-07,2.822864034800058e-07,2.4965477365304045e-07,3.250371959559316e-08,3.256192307559897e-08,-2.408698921059228e-11,3.411649079522297e-11,3.5590260571132016e-11,-5.820348000579715e-11
cold,463.1698,2.827223e-07,2.8202307314714943e-07,2.492484992961215e-07,3.3403715887565364e-08,3.2704489034714785e-08,7.337123591652425e-10,3.448550631466399e-11,3.559930999850572e-11,6.992268528505791e-10
cold,463.2178,2.816428e-07,2.8166812405222644e-07,2.488218962562258e-07,3.27502649577433e-08,3.27755890099697e-08,9.6848964658661e-12,3.500894869225962e-11,3.5629837338688934e-11,-2.5324052226422917e-11
cold,463.2658,2.81049e-07,2.8122377391238e-07,2.483749376265222e-07,3.260268723879364e-08,3.277746115117363e-08,-1.3907124455234648e-10,3.5702667827642953e-11,3.567246685650885e-11,-1.747739123799877e-10
cold,463.3138,2.799668e-07,2.806942172212306e-07,2.4790825209622015e-07,3.1986254139360234e-08,3.2713671360590835e-08,-6.908431174051149e-10,3.657410382548525e-11,3.571966059413887e-11,-7.274172212305875e-10
cold,463.3617,2.814915e-07,2.800853918523063e-07,2.474231040319497e-07,3.3995008406335314e-08,3.258890025864162e-08,1.4437297702081699e-09,3.7621622514475407e-11,3.576593920047079e-11,1.4061081476937212e-09
cold,463.4097,2.802757e-07,2.7940474100406244e-07,2.4692135349380727e-07,3.32797038839567e-08,3.240874488801916e-08,9.097936100726047e-10,3.883461413506458e-11,3.5808008100936343e-11,8.709589959375425e-10
cold,463.4577,2.756807e-07,2.7866095969464703e-07,2.464053974481936e-07,2.919926337769208e-08,3.2179523072339126e-08,-2.9400652829374323e-09,4.019441170961491e-11,3.5844762404710786e-11,-2.980259694647039e-09
cold,463.5057,2.752523e-07,2.778637466745736e-07,2.4587809403311157e-07,2.929665282848977e-08,3.190809950306336e-08,-2.5697706988905396e-09,4.167597568305375e-11,3.587716271560796e-11,-2.6114466745735974e-09
cold,463.5536,2.734088e-07,2.77023540325823e-07,2.453426722665511e-07,2.7986969515203755e-08,3.160170984102675e-08,-3.571490087774934e-09,4.325023804806183e-11,3.590798019707235e-11,-3.614740325822982e-09
cold,463.6016,2.754729e-07,2.7615123540036963e-07,2.4480263004809356e-07,3.0589441596260626e-08,3.126777699663025e-08,-6.33448471967996e-10,4.488692840162777e-11,3.5941427244184276e-11,-6.783354003696295e-10
cold,463.6496,2.720665e-07,2.7525790961854155e-07,2.442616236733999e-07,2.7722336196692015e-08,3.0913745815233606e-08,-3.144852179570378e-09,4.6557438971211536e-11,3.5982690936875997e-11,-3.191409618541568e-09
cold,463.6975,2.724503e-07,2.7435449731058885e-07,2.437233523491496e-07,2.8642672460827956e-08,3.0546869771416804e-08,-1.8559595296324407e-09,4.8237780956403586e-11,3.603740906599817e-11,-1.9041973105888384e-09
cold,463.7455,2.728588e-07,2.7345149036422836e-07,2.431914413538155e-07,2.958133655740055e-08,3.017402692162889e-08,-5.427793876176748e-10,4.991097661066353e-11,3.611111217330849e-11,-5.926903642283474e-10
cold,463.7935,2.71097e-07,2.725586184200982e-07,2.426693275323987e-07,2.833989486506022e-08,2.9801513285158408e-08,-1.4100494992806853e-09,5.156892081750058e-11,3.620868172360774e-11,-1.4616184200981737e-09
cold,463.8414,2.724021e-07,2.7168458671897085e-07,2.4216015073958386e-07,3.015240218455913e-08,2.9434888903529985e-08,7.707265213068636e-10,5.321324027771819e-11,3.633383557930449e-11,7.175132810291741e-10
cold,463.8894,2.720729e-07,2.7083680601071763e-07,2.4166665465799733e-07,3.0314901235114054e-08,2.9078807245831642e-08,1.2909493888829856e-09,5.485539960057826e-11,3.648870728806152e-11,1.2360939892823817e-09
cold,463.9374,2.681507e-07,2.700211878296682e-07,2.41191100122326e-07,2.686641059758033e-08,2.8736898427248526e-08,-1.8139720671730048e-09,5.651576249519064e-11,3.6673517598480375e-11,-1.870487829668212e-09
cold,463.9853,2.686979e-07,2.692420334572188e-07,2.407351936852933e-07,2.78675983586789e-08,2.841173181589767e-08,-4.859118657035386e-10,5.82215915152329e-11,3.688636451262972e-11,-5.441334572187904e-10
cold,464.0333,2.682621e-07,2.685019163551606e-07,2.4030003368036695e-07,2.786493850359512e-08,2.810475485875576e-08,-1.798117285344755e-10,6.000462662616838e-11,3.7123189411757755e-11,-2.3981635516062534e-10
cold,464.0812,2.650017e-07,2.67801701140263e-07,2.398860754837742e-07,2.5016348862689662e-08,2.7816350002952672e-08,-2.738103355525044e-09,6.189778473796851e-11,3.73778687981625e-11,-2.8000011402630467e-09
cold,464.1292,2.679601e-07,2.671406031866517e-07,2.3949311707235854e-07,2.836540879594479e-08,2.754591198259648e-08,8.834284749387051e-10,6.393166159039674e-11,3.7642470106303775e-11,8.194968133483014e-10
cold,464.1772,2.673994e-07,2.665163103786612e-07,2.3912030533315614e-07,2.8175056040521335e-08,2.7291966419182556e-08,9.492205979620866e-10,6.613097662330461e-11,3.7907649699209976e-11,8.830896213388221e-10
cold,464.2251,2.635094e-07,2.659251566597054e-07,2.3876616292552486e-07,2.4636562609787056e-08,2.705231926949248e-08,-2.3472453683289913e-09,6.851129137643455e-11,3.816317331167237e-11,-2.4157566597054186e-09
cold,464.2731,2.62934e-07,2.6536233160539374e-07,2.3842863484790006e-07,2.439589028889124e-08,2.6824221894284968e-08,-2.3572552662553716e-09,7.107633913835654e-11,3.83985240703492e-11,-2.4283316053937537e-09
cold,464.321,2.633475e-07,2.648221368889297e-07,2.3810515323925912e-07,2.5129927248107462e-08,2.6604564137037148e-08,-1.4008209046812082e-09,7.381598424847778e-11,3.860352838497518e-11,-1.474636888929693e-09
cold,464.369,2.639663e-07,2.6429825000622067e-07,2.3779271836978123e-07,2.6058107407647657e-08,2.63900574138683e-08,-2.5524476138524023e-10,7.670524483540451e-11,3.87689777357257e-11,-3.3195000622064623e-10
cold,464.4169,2.599786e-07,2.6378399141023396e-07,2.3748799326416498e-07,2.237201509111673e-08,2.6177406501350722e-08,-3.725686960311516e-09,7.970444992247581e-11,3.888719479580522e-11,-3.80539141023398e-09
cold,464.4649,2.609368e-07,2.6327257427688164e-07,2.3718740897073908e-07,2.36276777647786e-08,2.5963452041660297e-08,-2.2530135121586217e-09,8.27607647230726e-11,3.895249975924267e-11,-2.335774276881653e-09
cold,464.5128,2.58166e-07,2.627573468735444e-07,2.3688727715345825e-07,2.115395056917567e-08,2.5745297442720082e-08,-4.505536137579302e-09,8.581073596510992e-11,3.89615414009394e-11,-4.591346873544419e-09
cold,464.5607,2.602395e-07,2.6223200113046864e-07,2.3658390645272445e-07,2.3527896069800138e-08,2.552039720026877e-08,-1.9037171310731845e-09,8.878399939544937e-11,3.891347807995144e-11,-1.9925011304686435e-09
cold,464.6087,2.593593e-07,2.6169075157500263e-07,2.3627371894200456e-07,2.2955163196545027e-08,2.528661477154761e-08,-2.23984373243224e-09,9.160784257034418e-11,3.8810018880079605e-11,-2.3314515750026163e-09
cold,464.6566,2.607409e-07,2.611284816956967e-07,2.359533630041963e-07,2.465466935009752e-08,2.5042251045794185e-08,-2.933693679073444e-10,9.421232778932143e-11,3.865531791687947e-11,-3.8758169569667283e-10
cold,464.7046,2.574497e-07,2.6054085448848465e-07,2.356198190647025e-07,2.1694889420575318e-08,2.4786043909059967e-08,-2.994618731689472e-09,9.653575679517715e-11,3.845575792698088e-11,-3.0911544884846555e-09
cold,464.7525,2.535725e-07,2.5992440650512864e-07,2.3527049484366293e-07,1.81652556328519e-08,2.451716213798053e-08,-6.253376625321366e-09,9.852987980726492e-11,3.821964367788895e-11,-6.35190650512866e-09
cold,464.8004,2.559058e-07,2.5927662578229254e-07,2.3490330712062527e-07,2.0864371261413085e-08,2.423519704370563e-08,-3.2706610108006936e-09,1.00164771491853e-10,3.795684646976813e-11,-3.3708257822925628e-09
cold,464.8484,2.558247e-07,2.58595977603683e-07,2.3451674743068602e-07,2.116884110708192e-08,2.3940118710764844e-08,-2.6698445143001613e-09,1.0143308938276152e-10,3.7678372849329766e-11,-2.7712776036829667e-09
cold,464.8963,2.538501e-07,2.5788196166251825e-07,2.3410992961834681e-07,1.9600421294681345e-08,2.3632282957199578e-08,-3.929508535126595e-09,1.0235312739163537e-10,3.739595958020026e-11,-4.031861662518246e-09
cold,464.9442,2.563887e-07,2.5713514942448867e-07,2.336826177480091e-07,2.2565989919410005e-08,2.3312439343898703e-08,-6.434787544567473e-10,1.0297067003194962e-10,3.712166254891191e-11,-7.464494244886951e-10
cold,464.9922,2.578449e-07,2.5635719089972604e-07,2.3323523349008882e-07,2.446943943013869e-08,2.2981730329864693e-08,1.5910687424801362e-09,1.0335964220613959e-10,3.686743756637275e-11,1.4877091002739802e-09
cold,465.0401,2.510574e-07,2.5555081635126846e-07,2.3276884274960266e-07,1.8148291400558547e-08,2.264170775182697e-08,-4.389795262906208e-09,1.036210883622172e-10,3.664476147660263e-11,-4.4934163512684406e-09
cold,465.088,2.504581e-07,2.5471983785596897e-07,2.3228512195930497e-07,1.8032633091974787e-08,2.229437094794375e-08,-4.1578571965656295e-09,1.0388065940333246e-10,3.6464289316932045e-11,-4.261737855968947e-09
cold,465.136,2.499683e-07,2.5386909556391137e-07,2.3178630510136168e-07,1.8041374863811574e-08,2.194217042772293e-08,-3.796511068728664e-09,1.0428449518268993e-10,3.633553964402804e-11,-3.900795563911391e-09
cold,465.1839,2.515569e-07,2.5300436166505643e-07,2.312751131298653e-07,2.0140526627726862e-08,2.15879882927833e-08,-1.342468043010907e-09,1.0499362204553264e-10,3.626662036231704e-11,-1.4474616650564461e-09
cold,465.2318,2.510542e-07,2.5213225705297794e-07,2.307546680220302e-07,2.0157090929781395e-08,2.123514798275933e-08,-9.718800491437318e-10,1.0617700383420657e-10,3.626404435419026e-11,-1.0780570529779401e-09
cold,465.2797,2.513675e-07,2.512600893659275e-07,2.302283941711126e-07,2.099476968097347e-08,2.0887359046900958e-08,2.154142071117402e-10,1.0800357303922882e-10,3.633257487467117e-11,1.0741063407249994e-10
cold,465.3277,2.474669e-07,2.503956559074215e-07,2.2969991023367147e-07,1.7619880692193422e-08,2.054863659961488e-08,-2.818121996287228e-09,1.1063391113422899e-10,3.6475163000884236e-11,-2.9287559074214968e-09
cold,465.3756,2.466029e-07,2.495470340755277e-07,2.291729148451021e-07,1.7279080238850196e-08,2.02232143143779e-08,-2.8299221059759096e-09,1.1421196955179428e-10,3.669294649590079e-11,-2.944134075527717e-09
cold,465.4235,2.459339e-07,2.487223464065093e-07,2.2865106981092712e-07,1.712698690498927e-08,1.9915433311498562e-08,-2.669588452185549e-09,1.1885795432374243e-10,3.6985329759842616e-11,-2.7884464065092843e-09
cold,465.4714,2.447751e-07,2.479295179892821e-07,2.2813788446101018e-07,1.6475202577193967e-08,1.9629620566476066e-08,-3.029755139587826e-09,1.2466284969427207e-10,3.735011210160047e-11,-3.154417989282079e-09
cold,465.5193,2.431747e-07,2.4717604586089117e-07,2.2763660481714834e-07,1.536862583393034e-08,1.9369971694821522e-08,-3.8696601896492e-09,1.3168567124198404e-10,3.778367767932926e-11,-4.001345860891192e-09
cold,465.5672,2.425596e-07,2.464687773902583e-07,2.271501110725613e-07,1.523125382608946e-08,1.914043121634775e-08,-3.769223511647089e-09,1.3995387861119925e-10,3.8281222738064364e-11,-3.909177390258273e-09
cold,465.6152,2.423186e-07,2.458137362244514e-07,2.2668082661942272e-07,1.5449469495664082e-08,1.894460572011547e-08,-3.3456693288172134e-09,1.4946689563417422e-10,3.883698927905418e-11,-3.495136224451379e-09
cold,465.6631,2.416188e-07,2.4521596956372564e-07,2.2623064149605725e-07,1.5188511040894047e-08,1.878568060461967e-08,-3.4369666173868854e-09,1.602029463387382e-10,3.9444516709976265e-11,-3.5971695637256322e-09
cold,465.711,2.414539e-07,2.4467943902653857e-07,2.2580085267025512e-07,1.5440821783281196e-08,1.86663608098198e-08,-3.053410382489886e-09,1.721286440487181e-10,4.0096902414966804e-11,-3.225539026538575e-09
cold,465.7589,2.4124e-07,2.4420695009321776e-07,2.2539212304371276e-07,1.562187920270883e-08,1.8588829295926597e-08,-2.78173941889498e-09,1.852106743227853e-10,4.078707925564715e-11,-2.966950093217756e-09
cold,465.8068,2.396921e-07,2.438001282093802e-07,2.2500446047165825e-07,1.4446704352527885e-08,1.8554732561908102e-08,-3.908601075473359e-09,1.9942713390685746e-10,4.150804190701455e-11,-4.108028209380187e-09
cold,465.8547,2.428355e-07,2.434594199472435e-07,2.2463721745992449e-07,1.794125121393762e-08,1.8565171161181125e-08,-4.091416997949794e-10,2.147782474485285e-10,4.2253078689362864e-11,-6.239199472434996e-10
cold,465.9026,2.384101e-07,2.4318411547622107e-07,2.242891115490325e-07,1.3846677469089992e-08,1.8620692945311063e-08,-4.542720487629742e-09,2.3129498859132776e-10,4.3015993286173684e-11,-4.7740154762210756e-09
cold,465.9505,2.401274e-07,2.4297239261494614e-07,2.2395826574184438e-07,1.5876298151878402e-08,1.872129076682454e-08,-2.5959478207252274e-09,2.490447942209136e-10,4.3791312056323315e-11,-2.8449926149461256e-09
cold,465.9984,2.402533e-07,2.428213797512846e-07,2.2364226769865255e-07,1.629832363996533e-08,1.8866403391249906e-08,-2.2999455650719313e-09,2.681341862126456e-10,4.4574475169474605e-11,-2.5680797512845768e-09
cold,466.0463,2.415159e-07,2.4272722005978335e-07,2.233382458311632e-07,1.7843585880010932e-08,1.905490593979425e-08,-9.226136830928405e-10,2.887063766904763e-10,4.53619121353906e-11,-1.21132005978334e-09
cold,466.0942,2.399326e-07,2.4268514229333144e-07,2.230429598934031e-07,1.653255318695164e-08,1.928509548028304e-08,-2.4416064240861957e-09,3.109358692452084e-10,4.6151050400055495e-11,-2.7525422933314316e-09
cold,466.1421,2.419668e-07,2.426895320841876e-07,2.227529032099721e-07,1.8831936624337625e-08,1.9554668708525265e-08,-3.877121230923308e-10,3.350199610953098e-10,4.694020459493654e-11,-7.227320841876434e-10
cold,466.19,2.427076e-07,2.4273402673467926e-07,2.224644133147208e-07,1.9834288897076825e-08,1.9860715631756066e-08,3.34742695585041e-10,3.611694302642826e-10,4.7728357938095026e-11,-2.6426734679254425e-11
cold,466.2379,2.377852e-07,2.4281159716373164e-07,2.2217378750745017e-07,1.5173301372256673e-08,2.0199698535988313e-08,-4.636800785362526e-09,3.895963783691116e-10,4.8514741924037005e-11,-5.026397163731646e-09
cold,466.2858,2.40218e-07,2.429146537977013e-07,2.2187739968099015e-07,1.7870799458216234e-08,2.056745325591752e-08,-2.276151230850851e-09,4.2050256685043177e-10,4.9298293943208944e-11,-2.696653797701298e-09
cold,466.3337,2.419227e-07,2.430351514863593e-07,2.215718147309107e-07,1.9846741671009273e-08,2.0959193157368588e-08,-6.583848761136645e-10,4.5406661024564815e-10,5.007698783438324e-11,-1.1124514863593155e-09
cold,466.3816,2.416493e-07,2.431647321164938e-07,2.212538969364288e-07,1.9854122752397188e-08,2.1369554868890956e-08,-1.0249989399553007e-09,4.904331765384666e-10,5.0847134635544414e-11,-1.515432116493794e-09
cold,466.4295,2.4162e-07,2.432948365868519e-07,2.2092090889137563e-07,2.011779029642862e-08,2.17926268832805e-08,-1.1451384094962873e-09,5.296981773555924e-10,5.160263484016173e-11,-1.6748365868519089e-09
cold,466.4774,2.441939e-07,2.4341689161654664e-07,2.2057059786238565e-07,2.2999068628793282e-08,2.2222060245339958e-08,1.3489074635665781e-09,5.718990801132525e-10,5.233442870778335e-11,7.770083834533341e-10
cold,466.5253,2.451756e-07,2.4352249047908796e-07,2.2020126684833885e-07,2.4304299866148522e-08,2.2651190345236464e-08,2.2701126867523693e-09,6.170031658403129e-10,5.303011967231905e-11,1.6531095209120475e-09
cold,466.5731,2.438442e-07,2.4360354660978006e-07,2.19811828098005e-07,2.331380553054817e-08,2.3073152140328236e-08,9.055459533181771e-10,6.648925630982427e-10,5.367380834857258e-11,2.4065339021992e-10
cold,466.621,2.435922e-07,2.4365257564900354e-07,2.1940183739656099e-07,2.3420754614332697e-08,2.3481130263336196e-08,6.549859049859788e-10,7.153615539894768e-10,5.42464351168446e-11,-6.03756490035253e-11
cold,466.6689,2.418909e-07,2.4366284474217254e-07,2.1897150803869834e-07,2.20965636474036e-08,2.3868508389576157e-08,-1.0038427084201905e-09,7.681020337523663e-10,5.472628014569451e-11,-1.771944742172551e-09
cold,466.7168,2.420143e-07,2.436286355969635e-07,2.1852170404724757e-07,2.2614801081525955e-08,2.4229136678489423e-08,-7.916306570196667e-10,8.227049399438015e-10,5.508993128269082e-11,-1.614335596963491e-09
cold,466.7647,2.432022e-07,2.4354545579899343e-07,2.1805391285138053e-07,2.421431251509251e-08,2.455756831408591e-08,5.354053575901337e-10,8.786611565835346e-10,5.531347694341312e-11,-3.4325579899343764e-10
cold,466.8125,2.432332e-07,2.434102024212695e-07,2.175701982868244e-07,2.4672261775010534e-08,2.4849264196279985e-08,7.583636981011715e-10,9.353661193706245e-10,5.5373818794442e-11,-1.770024212694767e-10
cold,466.8604,2.422376e-07,2.4322134440581934e-07,2.1707313540167654e-07,2.4117078093007217e-08,2.5100822498826567e-08,8.391985065715634e-12,9.921363908850666e-10,5.525011443119609e-11,-9.837444058193367e-10
cold,466.9083,2.436424e-07,2.4297900340753276e-07,2.165657291257287e-07,2.5973518532788912e-08,2.5310121940321687e-08,1.7116238587609469e-09,1.0482272662937214e-09,5.4925075188669556e-11,6.633965924672448e-10
cold,466.9562,2.450693e-07,2.426849901669466e-07,2.1605131937057133e-07,2.7860737312003077e-08,2.5476427478949694e-08,3.487167014665747e-09,1.102857181612365e-09,5.4386135813251974e-11,2.384309833053422e-09
cold,467.004,2.466325e-07,2.4234274694469145e-07,2.1553347555607335e-07,2.9890163852389505e-08,2.560041079708096e-08,5.444987322364192e-09,1.155234267055648e-09,5.362632448148872e-11,4.28975305530855e-09
cold,467.0519,2.438674e-07,2.4195721616256266e-07,2.1501588389259736e-07,2.759428492888231e-08,2.568410109144496e-08,3.114770202992787e-09,1.2045863655554414e-09,5.2644812964909976e-11,1.9101838374373583e-09
cold,467.0998,2.401625e-07,2.415346035879846e-07,2.145022309769813e-07,2.435863618130846e-08,2.5730739769293e-08,-1.219179296296208e-10,1.2501856583549194e-09,5.144718335533403e-11,-1.372103587984567e-09
cold,467.1477,2.440522e-07,2.4108208184928597e-07,2.1399608737667762e-07,2.8714690341874875e-08,2.57445721911608e-08,4.261495173557428e-09,1.2913770228433512e-09,5.00452586041442e-11,2.9701181507140388e-09
cold,467.1955,2.431815e-07,2.4060741675293847e-07,2.1350079487681412e-07,2.8304648918313375e-08,2.5730565671251834e-08,3.901682802208945e-09,1.3275995551474042e-09,4.8456649725136495e-11,2.5740832470615547e-09
cold,467.2434,2.399031e-07,2.40118550200954e-07,2.1301936094931722e-07,2.547863299301762e-08,2.5694083193971635e-08,1.1429517238796076e-09,1.3584019248336215e-09,4.670413283153693e-11,-2.1545020095401074e-10
cold,467.2913,2.376365e-07,2.396231695412538e-07,2.1255436377526864e-07,2.3653864028833194e-08,2.5640533570086993e-08,-6.032119701627618e-10,1.3834575710910374e-09,4.4814624807151105e-11,-1.9866695412538087e-09
cold,467.3391,2.41392e-07,2.3912828565091726e-07,2.1210787081854457e-07,2.783873826905122e-08,2.5575023919968453e-08,3.6662871227899823e-09,1.402572773707217e-09,4.2818138697020136e-11,2.2637143490827597e-09
cold,467.387,2.398276e-07,2.3863985071324034e-07,2.116813735210283e-07,2.6689788072944996e-08,2.5502038786185374e-08,2.6034411103897295e-09,1.4156918236301063e-09,4.07465823965777e-11,1.1877492867596292e-09
cold,467.4348,2.384251e-07,2.3816244374296746e-07,2.1127574018079693e-07,2.568782677414454e-08,2.542517051711196e-08,1.685556833416906e-09,1.4229005763843253e-09,3.8632468674224005e-11,2.6265625703254817e-10
cold,467.4827,2.427011e-07,2.3769905082456771e-07,2.1089118850072204e-07,3.0348976545332055e-08,2.5346927369899773e-08,6.426476302978382e-09,1.4244271275460985e-09,3.650782639979123e-11,5.002049175432276e-09
cold,467.5306,2.350603e-07,2.372509452884807e-07,2.105272786740101e-07,2.3077975437182773e-08,2.52686207256635e-08,-7.700023301358163e-10,1.4206429583449102e-09,3.4402930462204664e-11,-2.1906452884807132e-09
cold,467.5784,2.357263e-07,2.3681768973139718e-07,2.1018292722494386e-07,2.4098964390678563e-08,2.5190354122075738e-08,3.2067329749053596e-10,1.4120630288877116e-09,3.234535548987094e-11,-1.0913897313971752e-09
cold,467.6263,2.362916e-07,2.3639725358658534e-07,2.0985644116792998e-07,2.5005454409999638e-08,2.511110799658499e-08,1.2936916755166856e-09,1.399345262102034e-09,3.035915996832697e-11,-1.0565358658535046e-10
cold,467.6741,2.381998e-07,2.35986237512296e-07,2.0954557140659384e-07,2.7242475074900515e-08,2.502891258719652e-08,3.5968517690256642e-09,1.383289281321667e-09,2.8464237183983064e-11,2.2135624877039903e-09
cold,467.722,2.363719e-07,2.3558019870972938e-07,2.0924758368733411e-07,2.573280597510103e-08,2.494110468483042e-08,2.156535538533656e-09,1.3648342482630448e-09,2.6676089301817112e-11,7.917012902706194e-10
cold,467.7698,2.350994e-07,2.3517403427261658e-07,2.089593448676294e-07,2.4769997445246087e-08,2.484463171786266e-08,1.2704177908197626e-09,1.3450520634363354e-09,2.5005623688190155e-11,-7.463427261657615e-11
cold,467.8177,2.348305e-07,2.347624072452673e-07,2.0867742177596424e-07,2.4804482642732938e-08,2.4736389888000224e-08,1.3932290297192476e-09,1.3251362749865346e-09,2.34593063162961e-11,6.809275473270722e-11
cold,467.8655,2.344661e-07,2.3434018524848143e-07,2.0839818954277936e-07,2.473948552796994e-08,2.4613570776451362e-08,1.4323000755153287e-09,1.3063853239967534e-09,2.203960525395095e-11,1.259147515185637e-10
cold,467.9134,2.352054e-07,2.339028326546304e-07,2.0811794598288758e-07,2.57765337763868e-08,2.44739664310172e-08,2.592742175787374e-09,1.290174830417773e-09,2.0745410307837843e-11,1.3025673453695972e-09
cold,467.9612,2.316474e-07,2.3344675117470712e-07,2.078330284187795e-07,2.2516877926908372e-08,2.4316229101615496e-08,-5.21430220355244e-10,1.2779209543518788e-09,1.9572699960246447e-11,-1.7993511747071143e-09
cold,468.0091,2.343185e-07,2.329695209361062e-07,2.0753992925719266e-07,2.5489023069731238e-08,2.414004400583742e-08,2.6200115182550605e-09,1.2710324543612451e-09,1.8515218714867153e-11,1.3489790638938104e-09
cold,468.0569,2.321563e-07,2.324700356256505e-07,2.0723540667067294e-07,2.3632477128730836e-08,2.3946212754381336e-08,9.571154223475187e-10,1.2708510479980192e-09,1.75651525982037e-11,-3.1373562565048744e-10
cold,468.1047,2.335349e-07,2.31948507392716e-07,2.069165868903725e-07,2.5323015044541e-08,2.3736622437256997e-08,2.8649769224804137e-09,1.2785843151964137e-09,1.671374989006622e-11,1.5863926072839948e-09
cold,468.1526,2.340129e-07,2.3140637662084692e-07,2.0658105488112507e-07,2.612066269872976e-08,2.351413931957669e-08,3.901753888462654e-09,1.2952305093095816e-09,1.595191083557545e-11,2.6065233791530783e-09
cold,468.2004,2.297114e-07,2.30846096810046e-07,2.0622693053656487e-07,2.2147692171179498e-08,2.3282388981225453e-08,1.8680987621925312e-10,1.3215066862652074e-09,1.527060599043919e-11,-1.134696810045982e-09
cold,468.2483,2.271027e-07,2.302708565665468e-07,2.058529279891258e-07,1.987732920679991e-08,2.3045485773346704e-08,-1.8103749605118581e-09,1.3577816060349374e-09,1.4661198039337994e-11,-3.1681565665468036e-09
cold,468.2961,2.312589e-07,2.2968428256417063e-07,2.0545839616275137e-07,2.4382365376989424e-08,2.2807747941160066e-08,2.9786401569892196e-09,1.4040227211598621e-09,1.4115739099345529e-11,1.5746174358293676e-09
cold,468.3439,2.303645e-07,2.290900928917476e-07,2.0504333928823436e-07,2.384775899277924e-08,2.2573351884526847e-08,2.7341818273882163e-09,1.4597747191358224e-09,1.3626999850573953e-11,1.2744071082524082e-09
cold,468.3918,2.277773e-07,2.284918441288604e-07,2.0460841673360327e-07,2.16315376919077e-08,2.234608182076808e-08,8.096128462912846e-10,1.5241569751516618e-09,1.3188599337365675e-11,-7.145441288603965e-10
cold,468.4396,2.258726e-07,2.2789269979674495e-07,2.0415492215490864e-07,2.0108972172751787e-08,2.2129071969496715e-08,-4.241890618399912e-10,1.5959107349049367e-09,1.2794937434651346e-11,-2.020099796744948e-09
cold,468.4874,2.225702e-07,2.272953005443144e-07,2.0368474262553283e-07,1.71995375866841e-08,2.1924638130998516e-08,-3.0516218838358453e-09,1.673478660478571e-09,1.2441127304499813e-11,-4.725100544314413e-09
cold,468.5353,2.259487e-07,2.2670174067863117e-07,2.0320029903414066e-07,2.098115829102496e-08,2.1734198969656132e-08,1.0020790662717618e-09,1.7551197449029294e-09,1.2122929931456838e-11,-7.530406786311702e-10
cold,468.5831,2.268549e-07,2.261136140020818e-07,2.0270446963265936e-07,2.229953316464225e-08,2.1558247166724046e-08,2.5803465797554545e-09,1.8390605818372506e-09,1.1836620861155404e-11,7.412859979182031e-10
cold,468.6309,2.285451e-07,2.2553215344004186e-07,2.0220049914756035e-07,2.4409362309171976e-08,2.1396415749213832e-08,4.936606196608133e-09,1.9236596366499876e-09,1.1578906617700973e-11,3.0129465599581467e-09
cold,468.6787,2.290636e-07,2.24958412942424e-07,2.0169189632342126e-07,2.5352780347894118e-08,2.1247593290318126e-08,6.112763556649837e-09,2.0075764990738455e-09,1.1346829610778277e-11,4.105187057575992e-09
cold,468.7266,2.267094e-07,2.243934744263163e-07,2.0118232313289154e-07,2.342601369548625e-08,2.1110088121802554e-08,4.405851043891254e-09,2.0899254702075557e-09,1.1137701414643466e-11,2.3159255736836873e-09
cold,468.7744,2.250796e-07,2.238386402034677e-07,2.0067547915024234e-07,2.222277245108576e-08,2.0981812654553463e-08,3.4113591525845236e-09,2.1703993560522263e-09,1.0949042619671665e-11,1.2409597965323015e-09
cold,468.8222,2.205323e-07,2.2329559031416908e-07,2.0017498473834607e-07,1.809719684291995e-08,2.0860487157089032e-08,-5.139504496754925e-10,2.249339864493591e-09,1.0778554240395378e-11,-2.7632903141690757e-09
cold,468.87,2.245414e-07,2.22766473905843e-07,1.9968426673638746e-07,2.2518757826962214e-08,2.0743831732805204e-08,4.102677440761168e-09,2.3277513466041564e-09,1.0624090046172894e-11,1.7749260941570002e-09
cold,468.9178,2.233469e-07,2.2225392516241467e-07,1.9920645025666785e-07,2.1722719044680665e-08,2.0629744207095335e-08,3.5002218961280547e-09,2.4072470585427237e-09,1.0483640108767071e-11,1.092974837585334e-09
cold,468.9656,2.24143e-07,2.2176099566161943e-07,1.987442600060297e-07,2.289845487756692e-08,2.051645053918633e-08,4.871934139871538e-09,2.489929801490948e-09,1.0355314912439252e-11,2.3820043383805724e-09
cold,469.0135,2.213922e-07,2.2129101118079614e-07,1.9829993424677052e-07,2.0503821669981927e-08,2.0402632850778073e-08,2.679395562362793e-09,2.5782067431589385e-09,1.023734008861209e-11,1.0118881920386746e-10
cold,469.0613,2.214716e-07,2.2084736152782353e-07,1.978751541129448e-07,2.0911765124959776e-08,2.028752665278332e-08,3.298791184188305e-09,2.674552712011848e-09,1.0128050083577134e-11,6.24238472176461e-10
cold,469.1091,2.231478e-07,2.2043323991159067e-07,1.9747099051324222e-07,2.2885529231310096e-08,2.0170969142900764e-08,5.49581447570736e-09,2.7812543872980274e-09,1.0025868149654629e-11,2.7145600884093288e-09
cold,469.1569,2.228041e-07,2.2005135779134489e-07,1.9708787029649843e-07,2.2806173564943075e-08,2.0053431356287948e-08,5.65286904112824e-09,2.900126832473113e-09,9.929306085382778e-12,2.7527422086551204e-09
cold,469.2047,2.19552e-07,2.1970365777175725e-07,1.9672556274785207e-07,1.9784342125680853e-08,1.9935999897438088e-08,2.880600397875373e-09,3.0322581696326064e-09,9.836956834482119e-12,-1.516577717572485e-10
cold,469.2525,2.218512e-07,2.1939104988050115e-07,1.9638318684180792e-07,2.2280470446377856e-08,1.982032032687899e-08,5.637945338861698e-09,3.1777952193628295e-09,9.74749245139723e-12,2.4601501194988507e-09
cold,469.3003,2.206092e-07,2.191131961059956e-07,1.9605923902325748e-07,2.120452595222418e-08,1.9708522058219755e-08,4.831779231363862e-09,3.335775337359438e-09,9.659687158910156e-12,1.4960038940044049e-09
cold,469.3481,2.194445e-07,2.188683611055761e-07,1.9575164063952606e-07,2.0179233380895053e-08,1.9603094486471152e-08,4.080192435171229e-09,3.504053540747329e-09,9.572438831572286e-12,5.761388944239003e-10
cold,469.3959,2.205653e-07,2.1865334952312642e-07,1.9545780352621332e-07,2.1418689979179366e-08,1.9506739502305788e-08,5.591272165383756e-09,3.679321688510178e-09,9.484806097140081e-12,1.9119504768735686e-09
cold,469.4437,2.20862e-07,2.1846354572589724e-07,1.951747116765551e-07,2.1820650775063646e-08,1.942219650096088e-08,6.2556957758593084e-09,3.857241501756542e-09,9.396046624701932e-12,2.398454274102772e-09
cold,469.4915,2.173765e-07,2.18293039332403e-07,1.9489901641634622e-07,1.8435529515397558e-08,1.9352068847800586e-08,3.1161090643968523e-09,4.0326483967998814e-09,9.305671456322938e-12,-9.165393324030217e-10
cold,469.5393,2.162449e-07,2.181348500019996e-07,1.946271420801456e-07,1.740869100554615e-08,1.9298641007545764e-08,2.3099034240530634e-09,4.199853426052676e-09,9.213488255580254e-12,-1.8899500019996095e-09
cold,469.5871,2.179769e-07,2.179812408422786e-07,1.9435539885300737e-07,1.9259362488143483e-08,1.9263703330422094e-08,4.348678190057717e-09,4.3530190323363286e-09,9.119626512812067e-12,-4.340842278598065e-12
cold,469.6349,2.213031e-07,2.1782407441507958e-07,1.940800992157938e-07,2.2727439126605753e-08,1.9248413541685323e-08,7.96556268429697e-09,4.4865370993765395e-09,9.024558223905186e-12,3.479025584920414e-09
cold,469.6827,2.177579e-07,2.1765519947521077e-07,1.9379767431837518e-07,1.9355889418811933e-08,1.9253188894022696e-08,4.698107692935083e-09,4.5954071681458486e-09,8.929094667043492e-12,1.0270052478922304e-10
cold,469.7305,2.184003e-07,2.17466844215877e-07,1.9350478660730005e-07,2.0211098249087528e-08,1.9277642464964533e-08,5.609036575982909e-09,4.675580791859915e-09,8.834351752506674e-12,9.334557841229982e-10
cold,469.7783,2.186454e-07,2.1725197199604144e-07,1.9319843515274865e-07,2.0713999181849966e-08,1.9320571177891395e-08,6.117651973152894e-09,4.724223969194321e-09,8.741696207069117e-12,1.3934280039585642e-09
cold,469.8261,2.165781e-07,2.170045747393713e-07,1.9287605035003476e-07,1.8953515370882223e-08,1.937999011025353e-08,4.313406862531421e-09,4.739881601902728e-09,8.652677180274778e-12,-4.2647473937130644e-10
cold,469.8739,2.157745e-07,2.1671990187378956e-07,1.9253557500632603e-07,1.8507814607839657e-08,1.945321648162924e-08,3.7771395786609665e-09,4.722541452450548e-09,8.568933383759786e-12,-9.45401873789565e-10
cold,469.9217,2.161839e-07,2.163945991508864e-07,1.921755292530098e-07,1.9326289513004207e-08,1.9536988663890595e-08,4.4628899804643296e-09,4.6735891313507175e-09,8.492102635289045e-12,-2.1069915088639376e-10
cold,469.9695,2.13873e-07,2.1602676514428672e-07,1.917950572346927e-07,1.7473850566231202e-08,1.962761571051792e-08,2.4419033218389647e-09,4.595668466125685e-09,8.423732950394462e-12,-2.1537651442867175e-09
cold,470.0173,2.170297e-07,2.1561593742139571e-07,1.9139395410105658e-07,2.1134910185978804e-08,1.972114760737453e-08,5.906233088236674e-09,4.4924705096323975e-09,8.365203332218015e-12,1.4137625786042876e-09
cold,470.065,2.14398e-07,2.1516301890967203e-07,1.9097267244954942e-07,1.904852777071755e-08,1.981354668038955e-08,3.6034632007467204e-09,4.36848211041872e-09,8.317669314328748e-12,-7.650189096720194e-10
cold,470.1128,2.162951e-07,2.1467016458531238e-07,1.9053230801554277e-07,2.1525804111298747e-08,1.990086869661113e-08,5.853641264321289e-09,4.228705849633671e-09,8.282023524810587e-12,1.6249354146876296e-09
cold,470.1606,2.168699e-07,2.1414064254948301e-07,1.9007456506165793e-07,2.2708688369352047e-08,1.997943091883508e-08,6.807645135497369e-09,4.078387684980401e-09,8.258884009610757e-12,2.7292574505169756e-09
cold,470.2084,2.145341e-07,2.1357868890463586e-07,1.8960170255877573e-07,2.1001371733771735e-08,2.004596063840758e-08,4.878188199112246e-09,3.922777103748094e-09,8.248603704442993e-12,9.55411095364137e-10
cold,470.2562,2.140071e-07,2.1298935162531655e-07,1.8911646285757146e-07,2.111548113552818e-08,2.0097732760844714e-08,4.784653089960366e-09,3.766904715276901e-09,8.251291623474565e-12,1.0177483746834645e-09
cold,470.3039,2.166878e-07,2.1237834020072975e-07,1.8862198510211758e-07,2.4442136020612386e-08,2.013267622134215e-08,7.924871834017057e-09,3.615412034746823e-09,8.266842523202216e-12,4.309459799270255e-09
cold,470.3517,2.120125e-07,2.117518680332789e-07,1.8812170611872725e-07,2.0410083500809546e-08,2.0149451534088464e-08,3.733047381160061e-09,3.472415414438979e-09,8.2949660242119e-12,2.606319667211012e-10
cold,470.3995,2.093787e-07,2.1111648983915003e-07,1.8761925190856398e-07,1.840970821834418e-08,2.0147498057494203e-08,1.6036148290611697e-09,3.341404668211193e-09,8.335204880666634e-12,-1.7377898391500229e-09
cold,470.4473,2.107477e-07,2.1047892469006327e-07,1.8711832316914637e-07,2.039581766637927e-08,2.012704235644252e-08,3.493947532916064e-09,3.2251722229793155e-09,8.386941495057843e-12,2.6877530993673223e-10
cold,470.495,2.113637e-07,2.0984586107620238e-07,1.8662257845835512e-07,2.160691141592129e-08,2.0089072492123646e-08,4.643599660615385e-09,3.1257607368177433e-09,8.449388905859644e-12,1.5178389237976329e-09
cold,470.5428,2.076494e-07,2.0922375437437372e-07,1.8613551868897109e-07,1.8460921814677014e-08,2.0035276189050715e-08,1.4700835540855628e-09,3.0444379284592656e-09,8.521567892636487e-12,-1.5743543743737116e-09
cold,470.5906,2.082006e-07,2.0861860891803896e-07,1.8566037659976838e-07,1.9549940322917203e-08,1.9967949240956158e-08,2.5636718805881145e-09,2.981680798627071e-09,8.60227868734445e-12,-4.1800891803895167e-10
cold,470.6383,2.108474e-07,2.080357605859404e-07,1.8520001469210304e-07,2.2701516124115614e-08,1.9889876710056005e-08,5.748818520291158e-09,2.937179106231551e-09,8.690077549797165e-12,2.811639414059615e-09
cold,470.6861,2.100515e-07,2.0747967087822467e-07,1.84756834853712e-07,2.2376024176554762e-08,1.9804195054779423e-08,5.4816868210817486e-09,2.909857699306409e-09,8.783270426816538e-12,2.571829121775326e-09
cold,470.7339,2.091561e-07,2.069537604982627e-07,1.843327025225249e-07,2.191659195714125e-08,1.9714252455403937e-08,5.1002650973169134e-09,2.8979255955795977e-09,8.879924754251441e-12,2.2023395017372872e-09
cold,470.7816,2.087342e-07,2.0646028476866364e-07,1.839288877843197e-07,2.1897385904293342e-08,1.9623470672956967e-08,5.172863628568074e-09,2.898948397231699e-09,8.97791415526203e-12,2.273915231336365e-09
cold,470.8294,2.078933e-07,2.0600026600118704e-07,1.8354602526352628e-07,2.142825065196e-08,1.9535216653147038e-08,4.802983085723223e-09,2.90994908691026e-09,9.074997603454148e-12,1.893033998812956e-09
cold,470.8772,2.077079e-07,2.055734934747572e-07,1.831840940732561e-07,2.1587097187837157e-08,1.9452690662594348e-08,5.061946334733152e-09,2.9275398094903428e-09,9.168929416399444e-12,2.1344065252428027e-09
cold,470.9249,2.063376e-07,2.0517858965620906e-07,1.8284241845745412e-07,2.053784029691618e-08,1.9378829953125246e-08,4.10709399215021e-09,2.9480836483592744e-09,9.257597270426737e-12,1.1590103437909538e-09
cold,470.9727,2.063949e-07,2.04813150339245e-07,1.8251968910490117e-07,2.0897995484042233e-08,1.931624582328724e-08,4.54962591949392e-09,2.967876258738924e-09,9.33915231766327e-12,1.5817496607550066e-09
cold,471.0204,2.066965e-07,2.044739267485927e-07,1.8221400446227398e-07,2.148973755288918e-08,1.9267164301481865e-08,5.205919086696407e-09,2.983345835289091e-09,9.412149547749102e-12,2.222573251407312e-09
cold,471.0682,2.049575e-07,2.0415704664682604e-07,1.8192293074218e-07,2.0033837566562098e-08,1.9233384213388144e-08,3.791709386158163e-09,2.9912560329842097e-09,9.475658273679779e-12,8.004533531739436e-10
cold,471.1159,2.093943e-07,2.0385825497082043e-07,1.8164357873196446e-07,2.4752294709992625e-08,1.921624968081304e-08,8.524942258200196e-09,2.9888972290206125e-09,9.529329022304085e-12,5.536045029179579e-09
cold,471.1637,2.028859e-07,2.035731419553478e-07,1.8137269497875387e-07,1.8529374810713928e-08,1.9216616766061715e-08,2.2870148315494534e-09,2.9742567868972393e-09,9.573423634960095e-12,-6.872419553478004e-10
cold,471.2114,2.044479e-07,2.0329735245174835e-07,1.8110676447240486e-07,2.038537929877692e-08,1.923483175052525e-08,4.096694993697571e-09,2.9461474454459e-09,9.608783372342409e-12,1.1505475482516632e-09
cold,471.2592,2.015669e-07,2.0302675298977733e-07,1.808421215850838e-07,1.7810854970476574e-08,1.92707079602539e-08,1.444433702671228e-09,2.9042866924485523e-09,9.636751991077084e-12,-1.4598529897773287e-09
cold,471.3069,2.025934e-07,2.0275755191002462e-07,1.8057506576557745e-07,1.9159356120146714e-08,1.9323508030171334e-08,2.6851671524067383e-09,2.8493190624313566e-09,9.659051844477614e-12,-1.6415191002463605e-10
cold,471.3547,1.997873e-07,2.0248636857489544e-07,1.8030197833634542e-07,1.6692867884217138e-08,1.9391936459112582e-08,8.370757037757904e-11,2.7827761452730216e-09,9.677634164405073e-12,-2.6990685748954475e-09
cold,471.4024,2.017324e-07,2.022102574256225e-07,1.8001943670651866e-07,1.8996296683040723e-08,1.9474154108663252e-08,2.2291146698648357e-09,2.706972095487363e-09,9.69451495323024e-12,-4.77857425622512e-10
cold,471.4502,1.999562e-07,2.0192669545559667e-07,1.7972432239561423e-07,1.75973085584748e-08,1.9567804014071474e-08,6.543619774490481e-10,2.624857433045723e-09,9.711612865244498e-12,-1.9704954555966614e-09
cold,471.4979,2.004156e-07,2.016335457070765e-07,1.7941391945810694e-07,1.845212203846399e-08,1.9670067745540508e-08,1.3218821877207973e-09,2.5398278947973173e-09,9.730608631752768e-12,-1.2179457070765192e-09
cold,471.5457,2.004525e-07,2.013290134909648e-07,1.79086000202005e-07,1.890125160419012e-08,1.977776509515491e-08,1.5789818618592376e-09,2.4554953528240254e-09,9.752840980855715e-12,-8.765134909648027e-10
cold,471.5934,2.026946e-07,2.010116008451973e-07,1.7873889549564875e-07,2.157045633779532e-08,1.9887457182992625e-08,4.058468081306321e-09,2.375468926503626e-09,9.779240052300829e-12,1.682999154802708e-09
cold,471.6411,1.995257e-07,2.0068007849108785e-07,1.7837154744344203e-07,1.884122039342117e-08,1.9995598884509004e-08,1.1487433580378986e-09,2.3031218491257346e-09,9.810314011076066e-12,-1.154378491087845e-09
cold,471.6889,2.039659e-07,2.0033347286817054e-07,1.7798354276775992e-07,2.373112694337036e-08,2.0098699811540904e-08,5.873811241792575e-09,2.241384109963116e-09,9.846178906598809e-12,3.632427131829458e-09
cold,471.7366,1.992488e-07,1.9997107365023706e-07,1.7757512584330696e-07,1.9471215067497606e-08,2.0193488717734672e-08,1.4702988104152017e-09,2.192572460652269e-09,9.88662854315565e-12,-7.222736502370536e-10
cold,471.7843,2.010954e-07,1.9959246320810667e-07,1.771471909724844e-07,2.1780025381596272e-08,2.0277088589702924e-08,3.6611892011555577e-09,2.1582524092622093e-09,9.93123665713883e-12,1.5029367918933421e-09
cold,471.8321,2.008728e-07,1.9919756031780014e-07,1.7670125414560106e-07,2.2022404177885962e-08,2.0347164495686115e-08,3.8144018845311015e-09,2.1391622023312578e-09,9.979474181712986e-12,1.6752396821998462e-09
cold,471.8798,1.994133e-07,1.9878667624553252e-07,1.762394051773409e-07,2.1028674437020635e-08,2.040205068255317e-08,2.7618133116478646e-09,2.1351895571803978e-09,1.0030828458059805e-11,6.266237544674714e-10
cold,471.9275,2.012101e-07,1.98360576521705e-07,1.757642417303391e-07,2.3290360272636845e-08,2.0440836794341815e-08,4.994936566168044e-09,2.145413087873012e-09,1.0084909151048066e-11,2.8495234782950133e-09
cold,471.9753,2.026025e-07,1.9792054452419402e-07,1.7527878730846877e-07,2.5145369166376018e-08,2.0463413690570042e-08,6.850157471956775e-09,2.1682019961507992e-09,1.0141529004415617e-11,4.681955475805972e-09
cold,472.023,1.990963e-07,1.9746843412653337e-07,1.7478639580844773e-07,2.209833396227482e-08,2.0470468088808203e-08,3.829235360051666e-09,2.2013694865850496e-09,1.020074269240212e-11,1.6278658734666284e-09
cold,472.0707,2.015061e-07,1.9700671309905156e-07,1.7429064564267573e-07,2.496282183767025e-08,2.04634349367218e-08,6.741756571609835e-09,2.242369670661385e-09,1.0262848992638532e-11,4.499386900948437e-09
cold,472.1184,1.999965e-07,1.965384795906642e-07,1.7379522677540144e-07,2.3902425455640275e-08,2.0444405046304493e-08,5.7465398324442444e-09,2.2885194231084618e-09,1.0328345849820508e-11,3.458020409335789e-09
cold,472.1662,1.978127e-07,1.9606744442428606e-07,1.7330382423801922e-07,2.2161256867362672e-08,2.0416001291648723e-08,4.082476628485754e-09,2.337221052771804e-09,1.0397841846304765e-11,1.7452555757139397e-09
cold,472.2139,1.988648e-07,1.9559787462816903e-07,1.7282000180043188e-07,2.3648155623865078e-08,2.0381230252034124e-08,5.653096002405552e-09,2.3861706305745985e-09,1.0471945128431452e-11,3.2669253718309646e-09
cold,472.2616,1.945078e-07,1.9513448627659508e-07,1.7234708947049084e-07,1.971663886612639e-08,2.034332514272147e-08,1.8068342571568975e-09,2.4335205337519773e-09,1.055112963080804e-11,-6.266862765950839e-10
cold,472.3093,1.926278e-07,1.9468228861280267e-07,1.7188807837268846e-07,1.8251102849998173e-08,2.0305591462800838e-08,4.234945609773166e-10,2.477983173779981e-09,1.0635603533383526e-11,-2.054488612802658e-09
cold,472.357,1.996017e-07,1.942463839521253e-07,1.7144552632434455e-07,2.5626583649494826e-08,2.027126760162011e-08,7.874180877190923e-09,2.518864829316203e-09,1.0725196844447348e-11,5.355316047874718e-09
cold,472.4048,1.954294e-07,1.938317341903533e-07,1.710214770898533e-07,2.184108091125775e-08,2.024341510161104e-08,4.153688534120982e-09,2.5560227244742705e-09,1.0819274414682053e-11,1.5976658096467009e-09
cold,472.4525,1.952521e-07,1.9344291527657222e-07,1.7061739586179988e-07,2.2034024410640264e-08,2.022483968721249e-08,4.398947744884385e-09,2.5897630214566123e-09,1.0916706103240541e-11,1.8091847234277774e-09
cold,472.5002,1.956203e-07,1.9308387971486695e-07,1.70234123005537e-07,2.275447351679438e-08,2.021805323166132e-08,5.157107881703318e-09,2.620687596570258e-09,1.101588109836011e-11,2.5364202851330534e-09
cold,472.5479,1.987274e-07,1.9275775769825413e-07,1.6987184752731488e-07,2.6194918597110702e-08,2.022527629536482e-08,8.619161393564777e-09,2.6495190918188937e-09,1.1114783755526217e-11,5.9696423017458705e-09
cold,472.5956,1.906754e-07,1.9246671002273884e-07,1.6953010110346344e-07,1.8457161932284345e-08,2.024847195502319e-08,8.856158322405609e-10,2.676925854979408e-09,1.1211109272816071e-11,-1.7913100227388432e-09
cold,472.6433,1.917854e-07,1.922118600804516e-07,1.6920777285910246e-07,1.986294962166695e-08,2.0289409702118572e-08,2.276915013348459e-09,2.703375093800081e-09,1.1302425430502166e-11,-4.264600804516205e-10
cold,472.691,1.904806e-07,1.9199330605587833e-07,1.689031444298757e-07,1.883703755094043e-08,2.034974360681876e-08,1.216325605460921e-09,2.729031661339248e-09,1.1386357844614411e-11,-1.5127060558783274e-09
cold,472.7387,1.925162e-07,1.9181020322144723e-07,1.6861394419995667e-07,2.1137087520238528e-08,2.0431090741685744e-08,3.4597042962041303e-09,2.753707517651348e-09,1.1460762153472828e-11,7.059967785527871e-10
cold,472.7864,1.933936e-07,1.9166090847035133e-07,1.6833741900425837e-07,2.2267787018684507e-08,2.0535095489035857e-08,4.509561614827111e-09,2.7768700851784605e-09,1.1523891878646835e-11,1.7326915296486668e-09
cold,472.8341,1.88784e-07,1.9154316872758067e-07,1.6807042103150535e-07,1.7904306272913047e-08,2.06634750004937e-08,3.852943844639543e-11,2.79769816602705e-09,1.1574529554557406e-11,-2.759168727580661e-09
cold,472.8819,1.918651e-07,1.9145431183604956e-07,1.6780950718500095e-07,2.122880998973804e-08,2.0818021825787602e-08,3.2259589207060516e-09,2.8151707567556136e-09,1.1612068505405424e-11,4.1078816395044137e-10
cold,472.9296,1.936119e-07,1.9139142515555546e-07,1.6755104776468298e-07,2.3221043102939723e-08,2.100056825849518e-08,5.0486474351831955e-09,2.8281725907386536e-09,1.1636541638659569e-11,2.2204748444445485e-09
cold,472.9773,1.903633e-07,1.9135149931374708e-07,1.6729134103982808e-07,2.0224710040731387e-08,2.1212909354478474e-08,1.8474010060317203e-09,2.835600319778808e-09,1.1648599661719176e-11,-9.88199313747081e-10
cold,473.0249,1.932681e-07,1.9133150092758744e-07,1.6702673009582103e-07,2.3393266306955815e-08,2.1456667234543262e-08,4.773053230063201e-09,2.8364541576506507e-09,1.1649439572505319e-11,1.936599072412556e-09
cold,473.0726,1.914188e-07,1.913284133096132e-07,1.667537182666219e-07,2.182353189904203e-08,2.1733145208655218e-08,2.9202958240583536e-09,2.8299091336715415e-09,1.164070066451779e-11,9.038669038679676e-11
cold,473.1203,1.883266e-07,1.9133920308695035e-07,1.6646907950921085e-07,1.9030534340569347e-08,2.2043137427519712e-08,-1.9724127388340753e-10,2.8153618130669575e-09,1.162433715283264e-11,-3.0126030869503584e-09
cold,473.168,1.944341e-07,1.9136075441883902e-07,1.6616996023594502e-07,2.546008270459408e-08,2.2386737123433108e-08,5.865800156262405e-09,2.792454575101433e-09,1.1602484359458251e-11,3.0733455811609762e-09
cold,473.2157,1.909022e-07,1.913897878201919e-07,1.658539693904075e-07,2.2275569894935204e-08,2.2763157715127074e-08,2.2734955629856056e-09,2.761083383177475e-09,1.157733147983129e-11,-4.875878201918842e-10
cold,473.2634,1.921026e-07,1.9142274947359046e-07,1.6551925392342524e-07,2.385039775424084e-08,2.317054722783131e-08,3.4012478357924936e-09,2.721397309382963e-09,1.1551012950939934e-11,6.798505264095249e-10
cold,473.3111,1.908939e-07,1.9145576122408915e-07,1.6516455728679526e-07,2.304402769030126e-08,2.3605888914390397e-08,2.111928277779756e-09,2.6737895018688926e-09,1.1525521034588673e-11,-5.618612240891579e-10
cold,473.3588,1.902135e-07,1.9148457582611427e-07,1.6478925909831265e-07,2.2793849233457676e-08,2.4064925059571963e-08,1.3478131953930737e-09,2.6188890215073634e-09,1.1502646722306628e-11,-1.2710758261142702e-09
cold,473.4065,1.932526e-07,1.9150459282964404e-07,1.6439339472604282e-07,2.6290172246111638e-08,2.454216507575568e-08,4.305556252399397e-09,2.55754908204344e-09,1.1483945802102197e-11,1.7480071703559503e-09
cold,473.4542,1.921994e-07,1.9151094004023197e-07,1.639776541736427e-07,2.571944522873676e-08,2.5030985268968728e-08,3.1792898314828196e-09,2.490829871714786e-09,1.147072590575225e-11,6.884599597680397e-10
cold,473.5019,1.931899e-07,1.914985762250936e-07,1.6354336030191728e-07,2.7215096977985796e-08,2.552377320307939e-08,4.111302443837638e-09,2.4199786689312295e-09,1.1464051165698874e-11,1.6913237749064164e-09
cold,473.5495,1.895813e-07,1.9146249547155403e-07,1.6309242707406552e-07,2.4131016695345236e-08,2.601221216689925e-08,4.6519600314940165e-10,2.3463914747034147e-09,1.146475588584842e-11,-1.881195471554023e-09
cold,473.5972,1.926089e-07,1.9139794896275072e-07,1.6262729914264116e-07,2.7698562458477912e-08,2.6487611421228625e-08,3.4825159711861527e-09,2.2715649339368654e-09,1.1473464944077326e-11,1.210951037249284e-09
cold,473.6449,1.884457e-07,1.913006753944313e-07,1.6215087468521424e-07,2.4086295454907236e-08,2.6941270849338554e-08,-6.579361498105561e-10,2.19703924462076e-09,1.1490615257757567e-11,-2.8549753944313177e-09
cold,473.6926,1.951238e-07,1.9116717426717106e-07,1.616664139244927e-07,3.1321543747001556e-08,2.7364918014172583e-08,6.080951584381091e-09,2.1243258515521157e-09,1.1516476953639307e-11,3.956625732828954e-09
cold,473.7403,1.882244e-07,1.9099497020520246e-07,1.611774362205419e-07,2.4980583819627246e-08,2.7751154024829703e-08,-7.157414226357394e-10,2.054828782566718e-09,1.155117726414916e-11,-2.7705702052024606e-09
cold,473.7879,1.946723e-07,1.9078279660226102e-07,1.6068760898347243e-07,3.1983318428199525e-08,2.8093815030460553e-08,5.879281263911365e-09,1.9897778661723904e-09,1.1594722155633773e-11,3.889503397738972e-09
cold,473.8356,1.896411e-07,1.9053075168696293e-07,1.602006319131615e-07,2.749865625622657e-08,2.8388307943189515e-08,1.0405131220631878e-09,1.9301648090261342e-09,1.164702158577971e-11,-8.896516869629452e-10
cold,473.8833,1.929613e-07,1.9024040369324842e-07,1.597201202200768e-07,3.135278556808981e-08,2.8631889261338244e-08,4.597582588920017e-09,1.8766862821684536e-09,1.1707929664929837e-11,2.720896306751587e-09
cold,473.931,1.935247e-07,1.8991473968692172e-07,1.5924949051343606e-07,3.243371118683508e-08,2.8823750873756777e-08,5.4396813324703334e-09,1.8297210193920278e-09,1.1777280336840814e-11,3.609960313078284e-09
cold,473.9786,1.910636e-07,1.8955805835760644e-07,1.587918529587391e-07,3.047057783484223e-08,2.8965036192448695e-08,3.294855903182934e-09,1.7893142607893992e-09,1.185494562926002e-11,1.505541642393562e-09
cold,474.0263,1.868113e-07,1.8917574758348403e-07,1.583499131088089e-07,2.6694260034614237e-08,2.9058707618098264e-08,-6.092616246204516e-10,1.7551859588635765e-09,1.1940897713304689e-11,-2.364447583484033e-09
cold,474.074,1.893636e-07,1.8877395315165911e-07,1.57925886507128e-07,2.969891719172202e-08,2.9109270343381115e-08,2.316407878958866e-09,1.7267610306179626e-09,1.203527053201082e-11,5.896468483408922e-10
cold,474.1216,1.919402e-07,1.8835919650734867e-07,1.5752142875908791e-07,3.270342828891932e-08,2.9122424796268013e-08,5.28420800403413e-09,1.7032045113828234e-09,1.21384406099232e-11,3.5810034926513244e-09
cold,474.1693,1.938317e-07,1.8793792909426842e-07,1.5713758327851003e-07,3.499838894047058e-08,2.910461803473898e-08,7.57724760919108e-09,1.6834767034594799e-09,1.2251077559920897e-11,5.8937709057315885e-09
cold,474.217,1.888143e-07,1.8751608663173392e-07,1.5677474835886447e-07,3.036078703376613e-08,2.9062573665500065e-08,2.964603787721622e-09,1.6663904194555519e-09,1.2374187913829517e-11,1.2982133682660707e-09
cold,474.2646,1.853023e-07,1.8709866413442455e-07,1.5643266460861007e-07,2.7206454909735906e-08,2.9002819044160443e-08,-1.4569279436692133e-10,1.6506713400576156e-09,1.250914159642424e-11,-1.7963641344245475e-09
cold,474.3123,1.873293e-07,1.8668935957181322e-07,1.5611042314727016e-07,2.957119641885209e-08,2.893125599066531e-08,2.2749632154359814e-09,1.6350227872492055e-09,1.2657646628541888e-11,6.399404281867802e-10
cold,474.3599,1.833077e-07,1.862903183760483e-07,1.5580649430352876e-07,2.587019475545595e-08,2.8852813131504228e-08,-1.3644291150981879e-09,1.6181892609500916e-09,1.2821680065217926e-11,-2.9826183760482824e-09
cold,474.4076,1.863323e-07,1.859019907938074e-07,1.5551877590946606e-07,2.9201503560691202e-08,2.8771194354498564e-08,2.0293263539344897e-09,1.5990171477418534e-09,1.3003382100898117e-11,4.3030920619261537e-10
cold,474.4552,1.850334e-07,1.8552312576286055e-07,1.5524465966648694e-07,2.819902274775614e-08,2.868874851061667e-08,1.0867869285774143e-09,1.576512691437946e-09,1.3204894318980452e-11,-4.897257628605385e-10
cold,474.5029,1.865092e-07,1.8515090183949663e-07,1.549811134880451e-07,2.9964762870587287e-08,2.8606464710083923e-08,2.9081936559077223e-09,1.5498954954043572e-09,1.3428145963251598e-11,1.3582981605033736e-09
cold,474.5506,1.908682e-07,1.8478116820349293e-07,1.5472477721994615e-07,3.461110546993304e-08,2.852407367342598e-08,7.605674485865656e-09,1.5186426893585938e-09,1.3674620762218238e-11,6.0870317965070615e-09
cold,474.5982,1.8532e-07,1.844087730623934e-07,1.5447206871673796e-07,2.9351466436832393e-08,2.8440239499225763e-08,2.393746661271131e-09,1.4825197236645009e-09,1.3945122765152323e-11,9.112269376066038e-10
cold,474.6459,1.872165e-07,1.8402796613103935e-07,1.5421929692579777e-07,3.154136258744448e-08,2.8352828718483836e-08,4.6301348405210825e-09,1.4416009715604384e-09,1.423951519730833e-11,3.1885338689606348e-09
cold,474.6935,1.811745e-07,1.8363281432563038e-07,1.539627784095225e-07,2.580089447917668e-08,2.8259208804807073e-08,-1.0620437239979411e-09,1.3962706016324548e-09,1.45565096683402e-11,-2.4583143256303903e-09
cold,474.7412,1.852927e-07,1.8321758192175272e-07,1.53698953627501e-07,3.023165577514006e-08,2.815653769689278e-08,3.4223151165599494e-09,1.3471970383126697e-09,1.4893559046258547e-11,2.075118078247264e-09
cold,474.7888,1.818066e-07,1.8277710000375968e-07,1.5342449930812435e-07,2.7071555433928864e-08,2.8042055437688534e-08,3.247985041221304e-10,1.2952985078817985e-09,1.524675006500331e-11,-9.705000037596636e-10
cold,474.8365,1.831822e-07,1.823070277938993e-07,1.5313643336252972e-07,2.8788477634296248e-08,2.7913305428195558e-08,2.116850332754938e-09,1.2416781266542483e-09,1.5610876519770557e-11,8.751722061006935e-10
cold,474.8841,1.797445e-07,1.8180404469384543e-07,1.5283220902918152e-07,2.570876349008276e-08,2.7768308183928182e-08,-8.719968046453257e-10,1.1875478892000977e-09,1.5979591535626853e-11,-2.0595446938454176e-09
cold,474.9317,1.762804e-07,1.8126597035680196e-07,1.5250979527733717e-07,2.2620111864456507e-08,2.7605682221258456e-08,-3.851423136446686e-09,1.1341472203552617e-09,1.634563785106075e-11,-4.985570356801953e-09
cold,474.9794,1.815943e-07,1.806917624608499e-07,1.52167740931394e-07,2.8327210812783375e-08,2.7424673273633253e-08,1.98518453966675e-09,1.0826470005166306e-09,1.6701255306019147e-11,9.02537539150109e-10
cold,475.027,1.776384e-07,1.8008150548760435e-07,1.5180522049197906e-07,2.478206738749557e-08,2.7225172875099936e-08,-1.4090319269539828e-09,1.0340735606503847e-09,1.7038559874975556e-11,-2.443105487604364e-09
cold,475.0747,1.749896e-07,1.7943633184018858e-07,1.514220602074011e-07,2.2560950231548635e-08,2.7007682071737206e-08,-3.45749228077473e-09,9.892395594138405e-10,1.735000163644193e-11,-4.446731840188567e-09
cold,475.1223,1.772631e-07,1.787582999439982e-07,1.510187435724962e-07,2.527803544172378e-08,2.6773235385721972e-08,-5.465077951742483e-10,9.48692148823946e-10,1.762883695608047e-11,-1.4951999439981904e-09
cold,475.1699,1.743036e-07,1.780502980674831e-07,1.5059639608129278e-07,2.277664112490807e-08,2.6523339192391134e-08,-2.8340047750452503e-09,9.126932924378139e-10,1.7869501361348097e-11,-3.746698067483092e-09
cold,475.2176,1.707717e-07,1.7731594816030672e-07,1.5015674971478945e-07,1.9715657972805246e-08,2.6259906133111977e-08,-5.663023760059068e-09,8.812244002476632e-10,1.806791215763594e-11,-6.544248160306711e-09
cold,475.2652,1.749469e-07,1.7655949496893984e-07,1.4970208828482102e-07,2.437257634443301e-08,2.5985171313372858e-08,-7.58581272456071e-10,8.540136964837766e-10,1.822167426217616e-11,-1.612594968939847e-09
cold,475.3128,1.758122e-07,1.757857126412091e-07,1.49235175359276e-07,2.572810812477363e-08,2.570162076598274e-08,8.570737294813996e-10,8.305863706905099e-10,1.8330145259850918e-11,2.6487358790897075e-11
cold,475.3605,1.71277e-07,1.7499982847179571e-07,1.4875916704377033e-07,2.168910847117155e-08,2.5411936942967256e-08,-2.9124983563470254e-09,8.103301154486779e-10,1.8394369609441752e-11,-3.7228284717957083e-09
cold,475.4081,1.79834e-07,1.7420739998733375e-07,1.4827751237289392e-07,3.0745506849795265e-08,2.5118906837129012e-08,6.4191638726184726e-09,7.925638599522182e-10,1.8416917358594693e-11,5.626600012666246e-09
cold,475.4557,1.697852e-07,1.734142008475057e-07,1.4779384445526589e-07,2.1196347314327245e-08,2.4825348161832938e-08,-2.8523942465803746e-09,7.766066009253162e-10,1.8401629481551662e-11,-3.6290008475057097e-09
cold,475.5033,1.666913e-07,1.7262607528869308e-07,1.473118658084948e-07,1.8599244599455813e-08,2.4534019888148922e-08,-5.172939007927087e-09,7.618362807660229e-10,1.8353311283344627e-11,-5.934775288693086e-09
cold,475.551,1.652763e-07,1.7184876063242605e-07,1.4683523150354314e-07,1.7675058092991022e-08,2.4247518725417063e-08,-5.82472764041758e-09,7.477329920084617e-10,1.8277411457383673e-11,-6.572460632426048e-09
cold,475.5986,1.756363e-07,1.7108772095407437e-07,1.463674338071408e-07,2.851678114651085e-08,2.3968202100585224e-08,5.282484373600021e-09,7.339053276743956e-10,1.8179718673951987e-11,4.548579045925628e-09
cold,475.6462,1.642753e-07,1.7034793520553274e-07,1.4591169196360867e-07,1.7625446151207154e-08,2.369808135673989e-08,-5.35253941089339e-09,7.200957946393491e-10,1.8066090544844512e-11,-6.0726352055327335e-09
cold,475.6938,1.711063e-07,1.696337194128159e-07,1.4547085059521903e-07,2.491133677989155e-08,2.343875619270742e-08,2.1787509699613555e-09,7.061703827772281e-10,1.794224211219906e-11,1.4725805871841116e-09
cold,475.7415,1.639752e-07,1.6894856394302665e-07,1.450472899281728e-07,1.8218002188363086e-08,2.319136613138972e-08,-4.281269650025832e-09,6.920942930008002e-10,1.7813590463316507e-11,-4.973363943026656e-09
cold,475.7891,1.619186e-07,1.6829499805230559e-07,1.446428506779846e-07,1.658016518752732e-08,2.2956563239832917e-08,-5.698499069337991e-09,6.778989829676033e-10,1.7685151520470457e-11,-6.3763980523055995e-09
