config,wavelength_nm,alpha_noise_60s_cm-1
ANs,400.0076,3.41884394650026e-08
ANs,400.0572,3.468524452709972e-08
ANs,400.1068,3.424294899054403e-08
ANs,400.1563,3.4240868162949736e-08
ANs,400.2059,3.417486939362607e-08
ANs,400.2555,3.399451832907386e-08
ANs,400.3051,3.288455098754123e-08
ANs,400.3547,3.564985456094987e-08
ANs,400.4042,3.810931115300361e-08
ANs,400.4538,3.7131604851751375e-08
ANs,400.5034,3.71332608867999e-08
ANs,400.553,3.6941392417921026e-08
ANs,400.6025,3.687642868603311e-08
ANs,400.6521,3.64112313838068e-08
ANs,400.7017,3.659844081891299e-08
ANs,400.7513,3.671338644706735e-08
ANs,400.8008,3.61548768567263e-08
ANs,400.8504,3.636129419961536e-08
ANs,400.9,3.576884959510362e-08
ANs,400.9495,3.509914790501122e-08
ANs,400.9991,3.460004949062156e-08
ANs,401.0487,3.466845569769478e-08
ANs,401.0982,3.405308974178293e-08
ANs,401.1478,3.353253121025132e-08
ANs,401.1973,3.363719502041598e-08
ANs,401.2469,3.321919434667349e-08
ANs,401.2964,3.297113251431648e-08
ANs,401.346,3.252838850228613e-08
ANs,401.3955,3.263287654641647e-08
ANs,401.4451,3.223830629489656e-08
ANs,401.4947,3.17571215937246e-08
ANs,401.5442,3.1558979811366846e-08
ANs,401.5937,3.076834996126881e-08
ANs,401.6433,3.113867955988229e-08
ANs,401.6928,3.1200369981143816e-08
ANs,401.7424,3.131266544140357e-08
ANs,401.7919,3.133069257406693e-08
ANs,401.8415,3.125640991907651e-08
ANs,401.891,3.138967603769771e-08
ANs,401.9405,3.0329619865643434e-08
ANs,401.9901,3.0349447250366504e-08
ANs,402.0396,3.008529538162377e-08
ANs,402.0892,3.0311678120186845e-08
ANs,402.1387,2.9714602532297752e-08
ANs,402.1882,2.9755227935762967e-08
ANs,402.2378,2.9934665665709556e-08
ANs,402.2873,2.955321839912228e-08
ANs,402.3368,2.996886200314395e-08
ANs,402.3863,2.9963165254974934e-08
ANs,402.4359,2.985881470058006e-08
ANs,402.4854,2.960650588857688e-08
ANs,402.5349,2.8891637909315285e-08
ANs,402.5844,2.844903716040666e-08
ANs,402.634,2.86527457531134e-08
ANs,402.6835,2.9081147951157402e-08
ANs,402.733,2.8542135498320595e-08
ANs,402.7825,2.839882157577439e-08
ANs,402.832,2.8080845100705413e-08
ANs,402.8815,2.8111499249659477e-08
ANs,402.9311,2.826213292092848e-08
ANs,402.9806,2.803862704735605e-08
ANs,403.0301,2.84147450400828e-08
ANs,403.0796,2.8353813016940567e-08
ANs,403.1291,2.789840823517204e-08
ANs,403.1786,2.750193500127101e-08
ANs,403.2281,2.7384736663940954e-08
ANs,403.2776,2.7332976814382216e-08
ANs,403.3271,2.7097634992346305e-08
ANs,403.3766,2.6657943929933866e-08
ANs,403.4261,2.6409691590844372e-08
ANs,403.4756,2.677704785552809e-08
ANs,403.5251,2.692035856749789e-08
ANs,403.5746,2.6663692666829683e-08
ANs,403.6241,2.686128993525124e-08
ANs,403.6736,2.6344419133792572e-08
ANs,403.7231,2.645055300758445e-08
ANs,403.7726,2.6718127464267707e-08
ANs,403.8221,2.6907490879687164e-08
ANs,403.8716,2.669708572460903e-08
ANs,403.921,2.6944810263051766e-08
ANs,403.9705,2.6769377362219493e-08
ANs,404.02,2.661091782671307e-08
ANs,404.0695,2.7057876936009593e-08
ANs,404.119,2.6790961119233445e-08
ANs,404.1685,2.669047684032875e-08
ANs,404.2179,2.6724575006593304e-08
ANs,404.2674,2.6661096960319588e-08
ANs,404.3169,2.6966847304487364e-08
ANs,404.3664,2.699539323926706e-08
ANs,404.4158,2.6793613780898706e-08
ANs,404.4653,2.6425712733890996e-08
ANs,404.5148,2.5850765948820895e-08
ANs,404.5643,2.5772142677879935e-08
ANs,404.6137,2.5669882770698755e-08
ANs,404.6632,2.542001411065802e-08
ANs,404.7127,2.587319065785078e-08
ANs,404.7621,2.618097524330748e-08
ANs,404.8116,2.611772404531065e-08
ANs,404.8611,2.5902000145874002e-08
ANs,404.9105,2.575738793493129e-08
ANs,404.96,2.5324467589607414e-08
ANs,405.0094,2.450686354117971e-08
ANs,405.0589,2.4081383540500113e-08
ANs,405.1084,2.3684457164557192e-08
ANs,405.1578,2.3994707656233684e-08
ANs,405.2073,2.409456932931816e-08
ANs,405.2567,2.3896253057586004e-08
ANs,405.3062,2.3486689202644378e-08
ANs,405.3556,2.3382988961291635e-08
ANs,405.4051,2.3150362305766088e-08
ANs,405.4545,2.2685665609101953e-08
ANs,405.504,2.2399457474619415e-08
ANs,405.5534,2.2243063856340072e-08
ANs,405.6029,2.2471095083188516e-08
ANs,405.6523,2.236330038526424e-08
ANs,405.7017,2.224206617853443e-08
ANs,405.7512,2.2542761960156168e-08
ANs,405.8006,2.2515528292026864e-08
ANs,405.8501,2.2750151061936565e-08
ANs,405.8995,2.229947515227599e-08
ANs,405.9489,2.2104456059003654e-08
ANs,405.9984,2.213201711058153e-08
ANs,406.0478,2.2245240150589172e-08
ANs,406.0972,2.2281552920912087e-08
ANs,406.1467,2.2497530263301167e-08
ANs,406.1961,2.239841443799179e-08
ANs,406.2455,2.207318237551626e-08
ANs,406.2949,2.1771815751252492e-08
ANs,406.3444,2.1432112563897284e-08
ANs,406.3938,2.1418928120770154e-08
ANs,406.4432,2.1162217358248688e-08
ANs,406.4926,2.0900292853454065e-08
ANs,406.542,2.0500286541236616e-08
ANs,406.5915,2.02564502834235e-08
ANs,406.6409,2.0321346416517058e-08
ANs,406.6903,2.0042800452744244e-08
ANs,406.7397,1.984746674310712e-08
ANs,406.7891,1.9423105141525502e-08
ANs,406.8385,1.9229672028720917e-08
ANs,406.8879,1.916044223691263e-08
ANs,406.9374,1.8960904651876122e-08
ANs,406.9868,1.9037770539380566e-08
ANs,407.0362,1.9765524755455236e-08
ANs,407.0856,1.9837592709879296e-08
ANs,407.135,1.9829391214557794e-08
ANs,407.1844,2.0109426979853052e-08
ANs,407.2338,1.99114417833042e-08
ANs,407.2832,2.0109379328250374e-08
ANs,407.3326,2.0253758581371793e-08
ANs,407.382,2.022958986604229e-08
ANs,407.4314,2.0430238925661287e-08
ANs,407.4808,2.0520343570002078e-08
ANs,407.5302,2.0423342705437963e-08
ANs,407.5796,2.0340958887697265e-08
ANs,407.629,2.023165369010807e-08
ANs,407.6783,2.024144841483042e-08
ANs,407.7277,2.0509801789519595e-08
ANs,407.7771,1.9575623365832278e-08
ANs,407.8265,1.9176879961095917e-08
ANs,407.8759,1.9177070704044187e-08
ANs,407.9253,1.8794292603560113e-08
ANs,407.9747,1.8908188952197934e-08
ANs,408.024,1.8698300229689113e-08
ANs,408.0734,1.8088553355910877e-08
ANs,408.1228,1.803398877052943e-08
ANs,408.1722,1.787750696580525e-08
ANs,408.2215,1.7953789231069167e-08
ANs,408.2709,1.8221433108093905e-08
ANs,408.3203,1.806049331767827e-08
ANs,408.3697,1.7860229357475584e-08
ANs,408.419,1.770615899832096e-08
ANs,408.4684,1.7453640627988113e-08
ANs,408.5178,1.736576554038297e-08
ANs,408.5671,1.7671694661539964e-08
ANs,408.6165,1.7377462725962888e-08
ANs,408.6659,1.757380098099192e-08
ANs,408.7152,1.7360678873906155e-08
ANs,408.7646,1.7506608029914256e-08
ANs,408.814,1.7506231361024562e-08
ANs,408.8633,1.7183195038758883e-08
ANs,408.9127,1.7237459476208062e-08
ANs,408.962,1.694818408667999e-08
ANs,409.0114,1.6377442739557132e-08
ANs,409.0607,1.647527155961959e-08
ANs,409.1101,1.6287224643514797e-08
ANs,409.1594,1.6255143342634087e-08
ANs,409.2088,1.5786797507787377e-08
ANs,409.2581,1.5857033159589016e-08
ANs,409.3075,1.5959859246809847e-08
ANs,409.3568,1.5853553917045707e-08
ANs,409.4062,1.6401320233250906e-08
ANs,409.4555,1.785950203600843e-08
ANs,409.5049,1.8295212680605062e-08
ANs,409.5542,1.8444466781505396e-08
ANs,409.6036,1.853496504570152e-08
ANs,409.6529,1.820313875004688e-08
ANs,409.7022,1.819942756937469e-08
ANs,409.7516,1.8262692230787944e-08
ANs,409.8009,1.8200573965178388e-08
ANs,409.8502,1.840594323732415e-08
ANs,409.8996,1.8495085119081356e-08
ANs,409.9489,1.862447275883136e-08
ANs,409.9982,1.8570611024987475e-08
ANs,410.0476,1.8031917551239006e-08
ANs,410.0969,1.818628353608537e-08
ANs,410.1462,1.729517914452484e-08
ANs,410.1955,1.594186741085425e-08
ANs,410.2449,1.5219803692557077e-08
ANs,410.2942,1.4927395236240945e-08
ANs,410.3435,1.4872959829129489e-08
ANs,410.3928,1.4842200123174667e-08
ANs,410.4421,1.4723522287837801e-08
ANs,410.4915,1.4631242424205298e-08
ANs,410.5408,1.4446515747436383e-08
ANs,410.5901,1.4231116119176258e-08
ANs,410.6394,1.3964799248959854e-08
ANs,410.6887,1.391910605850369e-08
ANs,410.738,1.3801886777478706e-08
ANs,410.7873,1.3701961196461904e-08
ANs,410.8366,1.3436251898676918e-08
ANs,410.8859,1.3412063682679419e-08
ANs,410.9352,1.347842775952326e-08
ANs,410.9846,1.3348690687725488e-08
ANs,411.0339,1.3479825182665027e-08
ANs,411.0832,1.3458072393259031e-08
ANs,411.1325,1.3534960443622095e-08
ANs,411.1818,1.3438986387216861e-08
ANs,411.2311,1.3641721864796152e-08
ANs,411.2803,1.357138820808928e-08
ANs,411.3296,1.3433319898764693e-08
ANs,411.3789,1.3447364933158994e-08
ANs,411.4282,1.3423989328131762e-08
ANs,411.4775,1.331807790419715e-08
ANs,411.5268,1.3431012996892683e-08
ANs,411.5761,1.3589025918065512e-08
ANs,411.6254,1.3491017405569541e-08
ANs,411.6747,1.3298508987670315e-08
ANs,411.724,1.3277801505860662e-08
ANs,411.7732,1.3198817243533807e-08
ANs,411.8225,1.3131987677375875e-08
ANs,411.8718,1.309778217981145e-08
ANs,411.9211,1.2987234793942359e-08
ANs,411.9704,1.2771286297747127e-08
ANs,412.0196,1.2681975677438971e-08
ANs,412.0689,1.2611147351397362e-08
ANs,412.1182,1.2511609873518831e-08
ANs,412.1675,1.2468597186719183e-08
ANs,412.2167,1.2391218407063267e-08
ANs,412.266,1.2467845659668903e-08
ANs,412.3153,1.2439125313055885e-08
ANs,412.3645,1.2331947543863565e-08
ANs,412.4138,1.2309980006153105e-08
ANs,412.4631,1.2230942390056275e-08
ANs,412.5123,1.2171562128438943e-08
ANs,412.5616,1.2027313425699208e-08
ANs,412.6109,1.1832147664122605e-08
ANs,412.6601,1.1696000119067709e-08
ANs,412.7094,1.15597602348383e-08
ANs,412.7586,1.1676561642357886e-08
ANs,412.8079,1.1651007744754215e-08
ANs,412.8572,1.172644168848703e-08
ANs,412.9064,1.176673315136296e-08
ANs,412.9557,1.1906651423934564e-08
ANs,413.0049,1.1767246136166568e-08
ANs,413.0542,1.1614529586239408e-08
ANs,413.1034,1.1739295249608863e-08
ANs,413.1527,1.1621290329443044e-08
ANs,413.2019,1.1621580090701108e-08
ANs,413.2512,1.1704779491421406e-08
ANs,413.3004,1.1793401451855361e-08
ANs,413.3496,1.1787628842039772e-08
ANs,413.3989,1.1934326842554419e-08
ANs,413.4481,1.2104949888228549e-08
ANs,413.4974,1.1853964541427227e-08
ANs,413.5466,1.1831375535962712e-08
ANs,413.5958,1.1722288177156691e-08
ANs,413.6451,1.1577830713697133e-08
ANs,413.6943,1.1527975741854566e-08
ANs,413.7435,1.1532435677818707e-08
ANs,413.7928,1.2313703355312615e-08
ANs,413.842,1.2277900276532025e-08
ANs,413.8912,1.2182774751963623e-08
ANs,413.9405,1.208723698260034e-08
ANs,413.9897,1.1942531193748846e-08
ANs,414.0389,1.1773209227819093e-08
ANs,414.0881,1.1755258881857418e-08
ANs,414.1373,1.170245253479086e-08
ANs,414.1866,1.1647257433999961e-08
ANs,414.2358,1.1818192375729325e-08
ANs,414.285,1.178631761010664e-08
ANs,414.3342,1.178360463682788e-08
ANs,414.3834,1.175545223789575e-08
ANs,414.4327,1.1645420679725207e-08
ANs,414.4819,1.1597027292840735e-08
ANs,414.5311,1.0631053461867806e-08
ANs,414.5803,1.0487707412243529e-08
ANs,414.6295,1.061898992244261e-08
ANs,414.6787,1.0645005892622261e-08
ANs,414.7279,1.0598265616406016e-08
ANs,414.7771,1.0740965326915205e-08
ANs,414.8263,1.0700044223737762e-08
ANs,414.8755,1.056587469748023e-08
ANs,414.9247,1.057184010974089e-08
ANs,414.9739,1.061068630253793e-08
ANs,415.0231,1.0600883230229674e-08
ANs,415.0723,1.0521727376497717e-08
ANs,415.1215,1.0446075449766248e-08
ANs,415.1707,1.036855909385923e-08
ANs,415.2199,1.0349194948926683e-08
ANs,415.2691,1.0487030039857977e-08
ANs,415.3183,1.0434516967126418e-08
ANs,415.3675,1.0282566302923303e-08
ANs,415.4167,1.0325968108097138e-08
ANs,415.4659,1.0224052824115082e-08
ANs,415.515,1.0110370906730203e-08
ANs,415.5642,1.01701107682845e-08
ANs,415.6134,1.0201386585381393e-08
ANs,415.6626,1.0042555511750382e-08
ANs,415.7118,9.891552019737843e-09
ANs,415.761,9.966050894779626e-09
ANs,415.8101,1.0143598577365514e-08
ANs,415.8593,1.0228242461175362e-08
ANs,415.9085,1.01755116971459e-08
ANs,415.9577,1.0090367135628078e-08
ANs,416.0068,9.906997638800566e-09
ANs,416.056,9.90788478494993e-09
ANs,416.1052,9.871243603838129e-09
ANs,416.1543,9.719610909010843e-09
ANs,416.2035,9.639530488874646e-09
ANs,416.2527,9.418488230965196e-09
ANs,416.3018,9.237241097111605e-09
ANs,416.351,9.246055414128318e-09
ANs,416.4002,9.229677859477936e-09
ANs,416.4493,9.05299746408983e-09
ANs,416.4985,8.936216232562576e-09
ANs,416.5477,8.779491738380476e-09
ANs,416.5968,8.688587435147387e-09
ANs,416.646,8.632585051280217e-09
ANs,416.6951,8.591336916224481e-09
ANs,416.7443,8.522317650800055e-09
ANs,416.7934,8.256988476902633e-09
ANs,416.8426,8.104876631900896e-09
ANs,416.8917,8.145096300384146e-09
ANs,416.9409,8.232452842534665e-09
ANs,416.99,8.366599910040856e-09
ANs,417.0392,8.353041374955317e-09
ANs,417.0883,8.369852562739883e-09
ANs,417.1375,8.3916033128139e-09
ANs,417.1866,8.525035232538426e-09
ANs,417.2357,8.413567909127867e-09
ANs,417.2849,8.408597644880557e-09
ANs,417.334,8.353301718095424e-09
ANs,417.3832,8.41447411478439e-09
ANs,417.4323,8.456029308369861e-09
ANs,417.4814,8.453212655127427e-09
ANs,417.5306,8.660425343315719e-09
ANs,417.5797,8.64980787254863e-09
ANs,417.6288,8.653062769073332e-09
ANs,417.678,8.545789177028958e-09
ANs,417.7271,8.507273011663064e-09
ANs,417.7762,8.473001180149377e-09
ANs,417.8253,8.421456425827662e-09
ANs,417.8745,8.293421212350355e-09
ANs,417.9236,8.217290838854902e-09
ANs,417.9727,8.277017061406736e-09
ANs,418.0218,8.145772209841225e-09
ANs,418.071,7.999279841720705e-09
ANs,418.1201,7.964834788626066e-09
ANs,418.1692,7.897511205768996e-09
ANs,418.2183,7.980160481771776e-09
ANs,418.2674,7.917997465519755e-09
ANs,418.3165,8.06743045710316e-09
ANs,418.3656,7.983197291642684e-09
ANs,418.4148,7.935012166981865e-09
ANs,418.4639,7.825631524011635e-09
ANs,418.513,7.89017515561426e-09
ANs,418.5621,7.778654648116317e-09
ANs,418.6112,7.663820928338578e-09
ANs,418.6603,7.724507608721134e-09
ANs,418.7094,7.616787856083194e-09
ANs,418.7585,7.688887465771479e-09
ANs,418.8076,7.811538368646853e-09
ANs,418.8567,7.770918748364312e-09
ANs,418.9058,7.746066528484851e-09
ANs,418.9549,7.613419132043792e-09
ANs,419.004,7.64677734768538e-09
ANs,419.0531,7.629702769727774e-09
ANs,419.1022,7.591299802731143e-09
ANs,419.1513,7.648342074321698e-09
ANs,419.2003,7.670264728012033e-09
ANs,419.2494,7.562023758042095e-09
ANs,419.2985,7.55794266759105e-09
ANs,419.3476,7.620314772218483e-09
ANs,419.3967,7.452871619382383e-09
ANs,419.4458,7.475705926900336e-09
ANs,419.4949,7.462820077710076e-09
ANs,419.5439,7.492263648350882e-09
ANs,419.593,7.404060054747094e-09
ANs,419.6421,7.468845000542557e-09
ANs,419.6912,7.477747663460337e-09
ANs,419.7403,7.364213029248511e-09
ANs,419.7893,7.118169331632386e-09
ANs,419.8384,7.0608091631677276e-09
ANs,419.8875,6.970491288189704e-09
ANs,419.9365,7.083438799214254e-09
ANs,419.9856,6.946051456544573e-09
ANs,420.0347,6.902629444201389e-09
ANs,420.0837,6.981488859081639e-09
ANs,420.1328,6.956910374869384e-09
ANs,420.1819,6.977055888954658e-09
ANs,420.2309,6.846584767408263e-09
ANs,420.28,6.799403722974847e-09
ANs,420.3291,6.82332058825289e-09
ANs,420.3781,6.7180184234660984e-09
ANs,420.4272,6.695833457817517e-09
ANs,420.4762,6.669208256972787e-09
ANs,420.5253,6.780104296226655e-09
ANs,420.5743,6.744673938712342e-09
ANs,420.6234,6.737039389719654e-09
ANs,420.6725,6.594487869512186e-09
ANs,420.7215,6.7479802775642535e-09
ANs,420.7705,6.764418940810085e-09
ANs,420.8196,6.6613657302558465e-09
ANs,420.8686,6.6655963684847135e-09
ANs,420.9177,6.593506797533145e-09
ANs,420.9667,6.566101084452111e-09
ANs,421.0158,6.519205562901125e-09
ANs,421.0648,6.521592642001122e-09
ANs,421.1139,6.465921002229975e-09
ANs,421.1629,6.5028824884710504e-09
ANs,421.2119,6.514116708503392e-09
ANs,421.261,6.575598847075508e-09
ANs,421.31,6.535576688431713e-09
ANs,421.359,6.58023733477094e-09
ANs,421.4081,6.486231649381313e-09
ANs,421.4571,6.327838862822e-09
ANs,421.5061,6.3149862734124534e-09
ANs,421.5552,6.234689007894249e-09
ANs,421.6042,6.2339134732704025e-09
ANs,421.6532,6.098423896912247e-09
ANs,421.7022,6.091407388877971e-09
ANs,421.7513,6.014410099501888e-09
ANs,421.8003,5.915123905316793e-09
ANs,421.8493,5.877859577042104e-09
ANs,421.8983,5.7368574165130525e-09
ANs,421.9473,5.633541519297347e-09
ANs,421.9964,5.576023437710833e-09
ANs,422.0454,5.532887138517697e-09
ANs,422.0944,5.483293774677789e-09
ANs,422.1434,5.628921606079443e-09
ANs,422.1924,5.710767742657734e-09
ANs,422.2414,5.623505924652855e-09
ANs,422.2904,5.621991459161408e-09
ANs,422.3394,5.581449104038928e-09
ANs,422.3884,5.623819268269787e-09
ANs,422.4374,5.50298326711538e-09
ANs,422.4865,5.505176889652971e-09
ANs,422.5355,5.583615875742116e-09
ANs,422.5845,5.581579755071911e-09
ANs,422.6335,5.62292704659576e-09
ANs,422.6825,5.687421365951688e-09
ANs,422.7315,5.642022623157754e-09
ANs,422.7804,5.632187743775456e-09
ANs,422.8294,5.655223791525668e-09
ANs,422.8784,5.4751767512157755e-09
ANs,422.9274,5.36936901795842e-09
ANs,422.9764,5.432133482466389e-09
ANs,423.0254,5.549083773311782e-09
ANs,423.0744,5.594139825389922e-09
ANs,423.1234,5.7429008799526454e-09
ANs,423.1724,5.7930376989372e-09
ANs,423.2214,5.796613689924901e-09
ANs,423.2703,5.776907486755748e-09
ANs,423.3193,5.802054476540932e-09
ANs,423.3683,5.821211208295253e-09
ANs,423.4173,5.764478090598313e-09
ANs,423.4663,5.803350062626044e-09
ANs,423.5152,5.86695938428249e-09
ANs,423.5642,5.7372015178527456e-09
ANs,423.6132,5.7199206133719135e-09
ANs,423.6622,5.7226567313300314e-09
ANs,423.7111,5.67975883258916e-09
ANs,423.7601,5.587368520375619e-09
ANs,423.8091,5.56783116436871e-09
ANs,423.858,5.374784444423556e-09
ANs,423.907,5.3950611682735606e-09
ANs,423.956,5.32149991681919e-09
ANs,424.0049,5.289058635740341e-09
ANs,424.0539,5.272723064451391e-09
ANs,424.1029,5.238143632184068e-09
ANs,424.1518,5.18535860684817e-09
ANs,424.2008,5.156741434596514e-09
ANs,424.2497,5.1926804129487974e-09
ANs,424.2987,5.247802130893051e-09
ANs,424.3477,5.292076715495684e-09
ANs,424.3966,5.288650827646575e-09
ANs,424.4456,5.2705942304451776e-09
ANs,424.4945,5.246891661592824e-09
ANs,424.5435,5.162426326240081e-09
ANs,424.5924,5.212361055089234e-09
ANs,424.6414,5.161979980141964e-09
ANs,424.6903,5.168208463434679e-09
ANs,424.7393,5.0979264905721115e-09
ANs,424.7882,5.060503327096937e-09
ANs,424.8371,5.1280181475183346e-09
ANs,424.8861,5.640657711285004e-09
ANs,424.935,5.73338342340604e-09
ANs,424.984,5.694341207771461e-09
ANs,425.0329,5.642408751898255e-09
ANs,425.0818,5.690041479096551e-09
ANs,425.1308,5.7408258173226714e-09
ANs,425.1797,5.7627612016815995e-09
ANs,425.2286,5.709206800643796e-09
ANs,425.2776,5.738902997314131e-09
ANs,425.3265,5.686768507699545e-09
ANs,425.3754,5.7301523201312604e-09
ANs,425.4243,5.712225524415649e-09
ANs,425.4733,5.737566625545899e-09
ANs,425.5222,5.684523198872098e-09
ANs,425.5711,5.624050384713544e-09
ANs,425.62,5.112285783125426e-09
ANs,425.669,4.982624195691623e-09
ANs,425.7179,4.9793803906991026e-09
ANs,425.7668,5.0545917020078595e-09
ANs,425.8157,5.042484155481994e-09
ANs,425.8646,5.001561098161636e-09
ANs,425.9135,4.987916856163101e-09
ANs,425.9625,5.089261432236072e-09
ANs,426.0114,5.167675537885214e-09
ANs,426.0603,5.167207320063712e-09
ANs,426.1092,5.1811593231260985e-09
ANs,426.1581,5.17292151988165e-09
ANs,426.207,5.149611159005167e-09
ANs,426.2559,5.20143303424782e-09
ANs,426.3048,5.155089386870297e-09
ANs,426.3537,5.184359530835257e-09
ANs,426.4026,5.209194416028316e-09
ANs,426.4515,5.264226466104499e-09
ANs,426.5004,5.4716183983172475e-09
ANs,426.5493,5.6249059286576075e-09
ANs,426.5982,5.540784553129432e-09
ANs,426.6471,5.583786765509172e-09
ANs,426.696,5.524083113698165e-09
ANs,426.7449,5.394475201797676e-09
ANs,426.7938,5.375455608642065e-09
ANs,426.8427,5.271888580543073e-09
ANs,426.8916,5.200028479446361e-09
ANs,426.9404,5.206507308926232e-09
ANs,426.9893,5.104149026042839e-09
ANs,427.0382,5.118203180368871e-09
ANs,427.0871,5.062668694929175e-09
ANs,427.136,4.848645894376966e-09
ANs,427.1849,4.6253171184041005e-09
ANs,427.2337,4.289780849560281e-09
ANs,427.2826,3.963792018373523e-09
ANs,427.3315,3.922089239089235e-09
ANs,427.3804,3.704004896214295e-09
ANs,427.4293,3.551901583710052e-09
ANs,427.4781,3.4316975364487447e-09
ANs,427.527,3.2763970058453647e-09
ANs,427.5759,3.173506358045623e-09
ANs,427.6247,3.084611566471206e-09
ANs,427.6736,2.8462088357566686e-09
ANs,427.7225,2.7452675035530216e-09
ANs,427.7713,2.539737275217956e-09
ANs,427.8202,2.3813769647576815e-09
ANs,427.8691,2.2934589218877488e-09
ANs,427.9179,2.1835496713810148e-09
ANs,427.9668,2.0259685721742288e-09
ANs,428.0156,1.9264104555007634e-09
ANs,428.0645,1.8089809468601855e-09
ANs,428.1134,1.7371426883639555e-09
ANs,428.1622,1.6418900752103895e-09
ANs,428.2111,1.5602595079663548e-09
ANs,428.2599,1.4954376121028539e-09
ANs,428.3088,1.452121667173724e-09
ANs,428.3576,1.3847510206424732e-09
ANs,428.4065,1.3686896007033316e-09
ANs,428.4553,1.329914103341397e-09
ANs,428.5042,1.2958884093430572e-09
ANs,428.553,1.2746106024837012e-09
ANs,428.6019,1.263744912707962e-09
ANs,428.6507,1.2498624978763648e-09
ANs,428.6995,1.2507854540597325e-09
ANs,428.7484,1.223674439166456e-09
ANs,428.7972,1.2131042665843683e-09
ANs,428.8461,1.1784822448891605e-09
ANs,428.8949,1.1678637067202315e-09
ANs,428.9437,1.1525202262401112e-09
ANs,428.9926,1.1707674188869052e-09
ANs,429.0414,1.1396075802035335e-09
ANs,429.0902,1.1285393143103717e-09
ANs,429.1391,1.1162062895013532e-09
ANs,429.1879,1.1081784463804863e-09
ANs,429.2367,1.1005718919709493e-09
ANs,429.2855,1.1009469329561665e-09
ANs,429.3344,1.1007029297808074e-09
ANs,429.3832,1.0901360567804875e-09
ANs,429.432,1.1006463434095967e-09
ANs,429.4808,1.1033385924529127e-09
ANs,429.5296,1.084099208311295e-09
ANs,429.5785,1.091456326328761e-09
ANs,429.6273,1.0811794244042075e-09
ANs,429.6761,1.0968312796487894e-09
ANs,429.7249,1.0803711683262264e-09
ANs,429.7737,1.0878929359565709e-09
ANs,429.8225,1.090618951905233e-09
ANs,429.8713,1.0949582613081607e-09
ANs,429.9202,1.0859366730676468e-09
ANs,429.969,1.088400018990672e-09
ANs,430.0178,1.0608129946329022e-09
ANs,430.0666,1.0818389837590605e-09
ANs,430.1154,1.0939069367074758e-09
ANs,430.1642,1.0666286644176485e-09
ANs,430.213,1.0516284088983288e-09
ANs,430.2618,1.0487607752658642e-09
ANs,430.3106,1.0475569768547589e-09
ANs,430.3594,1.069377566747772e-09
ANs,430.4082,1.0630758497237805e-09
ANs,430.457,1.061863377412411e-09
ANs,430.5058,1.055764834506286e-09
ANs,430.5546,1.0706358006347917e-09
ANs,430.6033,1.0599768513930014e-09
ANs,430.6521,1.0534288540618553e-09
ANs,430.7009,1.050825097404714e-09
ANs,430.7497,1.0585217565085781e-09
ANs,430.7985,1.0334417784317538e-09
ANs,430.8473,1.026498594297504e-09
ANs,430.8961,1.0358185563499994e-09
ANs,430.9448,1.061025058774616e-09
ANs,430.9936,1.075572965264394e-09
ANs,431.0424,1.0707104064185965e-09
ANs,431.0912,1.0756563273267468e-09
ANs,431.14,1.0717089909009098e-09
ANs,431.1887,1.0659247483849698e-09
ANs,431.2375,1.0788807655526856e-09
ANs,431.2863,1.0624056194925377e-09
ANs,431.3351,1.0859063954098868e-09
ANs,431.3838,1.090712216823823e-09
ANs,431.4326,1.0947370752359915e-09
ANs,431.4814,1.1079799621667055e-09
ANs,431.5301,1.1112856349287118e-09
ANs,431.5789,1.1097330440742446e-09
ANs,431.6277,1.1015931424149228e-09
ANs,431.6764,1.08150073727372e-09
ANs,431.7252,1.0567553158743641e-09
ANs,431.7739,1.0493291915702986e-09
ANs,431.8227,1.0428702388020894e-09
ANs,431.8715,1.0560716859893411e-09
ANs,431.9202,1.0551112875110039e-09
ANs,431.969,1.044266018195374e-09
ANs,432.0177,1.032090105625638e-09
ANs,432.0665,1.0166384070359716e-09
ANs,432.1152,1.0176665938825465e-09
ANs,432.164,1.0154259420088627e-09
ANs,432.2127,1.013486766292251e-09
ANs,432.2615,9.91204357642964e-10
ANs,432.3102,9.914304292360995e-10
ANs,432.359,9.85610229100679e-10
ANs,432.4077,9.741071056853407e-10
ANs,432.4565,9.945390201904264e-10
ANs,432.5052,9.939409328597815e-10
ANs,432.5539,9.783273476166607e-10
ANs,432.6027,9.513800400033201e-10
ANs,432.6514,9.368952530077655e-10
ANs,432.7001,9.44019630917484e-10
ANs,432.7489,9.550994156921412e-10
ANs,432.7976,9.604386963046395e-10
ANs,432.8463,9.572303387058837e-10
ANs,432.8951,9.71563184384032e-10
ANs,432.9438,9.40886759369445e-10
ANs,432.9925,9.573954860439663e-10
ANs,433.0413,9.65873156684495e-10
ANs,433.09,9.63060767005132e-10
ANs,433.1387,9.683710741178116e-10
ANs,433.1874,9.459892742759435e-10
ANs,433.2362,9.425353841325036e-10
ANs,433.2849,9.409981085546924e-10
ANs,433.3336,9.4991488266115e-10
ANs,433.3823,9.495600102794332e-10
ANs,433.431,9.457967177818948e-10
ANs,433.4798,9.28934348685707e-10
ANs,433.5285,9.121152955414377e-10
ANs,433.5772,9.132632189621124e-10
ANs,433.6259,8.95786426102923e-10
ANs,433.6746,9.172209631927245e-10
ANs,433.7233,9.003576146883052e-10
ANs,433.772,8.924827008520426e-10
ANs,433.8207,9.071700632278718e-10
ANs,433.8694,9.111656122427414e-10
ANs,433.9181,9.113725528442539e-10
ANs,433.9668,9.243178275289433e-10
ANs,434.0155,9.199463897037536e-10
ANs,434.0642,9.064754167074631e-10
ANs,434.1129,9.14610207861562e-10
ANs,434.1616,9.15593453959085e-10
ANs,434.2103,9.20049719989744e-10
ANs,434.259,9.245433792683758e-10
ANs,434.3077,9.178293765726727e-10
ANs,434.3564,9.128488261906141e-10
ANs,434.4051,9.071167884498925e-10
ANs,434.4538,9.33731323466407e-10
ANs,434.5025,9.24735984561809e-10
ANs,434.5512,9.004927800780841e-10
ANs,434.5999,8.864395190383407e-10
ANs,434.6485,8.857395047513296e-10
ANs,434.6972,8.745785759655515e-10
ANs,434.7459,8.708815645683634e-10
ANs,434.7946,8.830478260844423e-10
ANs,434.8433,8.773782865440516e-10
ANs,434.8919,8.686180674574988e-10
ANs,434.9406,8.62919272777826e-10
ANs,434.9893,8.610670649341841e-10
ANs,435.038,8.670661251836686e-10
ANs,435.0866,8.88094199715741e-10
ANs,435.1353,8.839252762099561e-10
ANs,435.184,8.736081191895299e-10
ANs,435.2327,8.840455320736966e-10
ANs,435.2813,8.889212977701447e-10
ANs,435.33,9.075360891671956e-10
ANs,435.3787,9.157617954102034e-10
ANs,435.4273,9.216255512408262e-10
ANs,435.476,9.080151594534782e-10
ANs,435.5246,9.05811369282676e-10
ANs,435.5733,9.127996322664562e-10
ANs,435.622,9.061222715644295e-10
ANs,435.6706,9.083263660711974e-10
ANs,435.7193,9.073439427822589e-10
ANs,435.7679,8.897131851980292e-10
ANs,435.8166,8.580899417654437e-10
ANs,435.8652,8.556959811226022e-10
ANs,435.9139,8.439231483565314e-10
ANs,435.9625,8.454833676683266e-10
ANs,436.0112,8.4380398886218e-10
ANs,436.0598,8.338397703928805e-10
ANs,436.1085,8.498753040469485e-10
ANs,436.1571,8.464345706112473e-10
ANs,436.2058,8.581985358789675e-10
ANs,436.2544,8.595463330200518e-10
ANs,436.3031,8.527587860657668e-10
ANs,436.3517,8.524479041047518e-10
ANs,436.4003,8.599176208035714e-10
ANs,436.449,8.550897421263064e-10
ANs,436.4976,8.6393995371829e-10
ANs,436.5462,8.686386544824212e-10
ANs,436.5949,8.647045860246944e-10
ANs,436.6435,8.528201790809439e-10
ANs,436.6921,8.349990522441319e-10
ANs,436.7408,8.287934097867741e-10
ANs,436.7894,8.161775134321764e-10
ANs,436.838,8.075933098001549e-10
ANs,436.8866,8.004241365598965e-10
ANs,436.9353,8.046176897143398e-10
ANs,436.9839,8.026322793355373e-10
ANs,437.0325,8.121752639378861e-10
ANs,437.0811,8.030546820615042e-10
ANs,437.1298,8.027884157883161e-10
ANs,437.1784,8.174567630607421e-10
ANs,437.227,8.194424611918044e-10
ANs,437.2756,8.125336745407237e-10
ANs,437.3242,8.106064767453149e-10
ANs,437.3728,8.23639842873771e-10
ANs,437.4214,8.345983521427904e-10
ANs,437.4701,8.522949251018334e-10
ANs,437.5187,8.626534667668302e-10
ANs,437.5673,8.491140525023446e-10
ANs,437.6159,8.60659803390378e-10
ANs,437.6645,8.566984975024504e-10
ANs,437.7131,8.461121808965891e-10
ANs,437.7617,8.44844563255852e-10
ANs,437.8103,8.61820809155924e-10
ANs,437.8589,8.407460285306621e-10
ANs,437.9075,8.345141436584782e-10
ANs,437.9561,8.381604052383538e-10
ANs,438.0047,8.386452133229834e-10
ANs,438.0533,8.458591340859351e-10
ANs,438.1019,8.516703796226117e-10
ANs,438.1505,8.445218141152783e-10
ANs,438.1991,8.348523702588109e-10
ANs,438.2476,8.312439466791799e-10
ANs,438.2962,8.163227168571901e-10
ANs,438.3448,7.842627942159052e-10
ANs,438.3934,7.702778634538429e-10
ANs,438.442,7.454177075300651e-10
ANs,438.4906,7.121705370877765e-10
ANs,438.5392,6.884224593116326e-10
ANs,438.5877,6.941492571147975e-10
ANs,438.6363,6.853669004046562e-10
ANs,438.6849,6.421540678607136e-10
ANs,438.7335,6.388813051526048e-10
ANs,438.782,6.393205111944169e-10
ANs,438.8306,6.269868047963227e-10
ANs,438.8792,6.32633420878056e-10
ANs,438.9278,6.287107916825663e-10
ANs,438.9763,6.278421502940038e-10
ANs,439.0249,6.552223819380596e-10
ANs,439.0735,6.794153009383968e-10
ANs,439.122,6.946275630851351e-10
ANs,439.1706,7.283291028208435e-10
ANs,439.2192,7.489015523017425e-10
ANs,439.2677,7.74095144443449e-10
ANs,439.3163,7.815711644355645e-10
ANs,439.3649,7.800080191957039e-10
ANs,439.4134,8.101722672678677e-10
ANs,439.462,8.200068938968158e-10
ANs,439.5105,8.286288276846315e-10
ANs,439.5591,8.337241939944627e-10
ANs,439.6076,8.215429339260199e-10
ANs,439.6562,8.235384121013655e-10
ANs,439.7047,8.262822470517048e-10
ANs,439.7533,8.150737024173511e-10
ANs,439.8018,7.965464867830437e-10
ANs,439.8504,7.932385338532621e-10
ANs,439.8989,7.741477850246865e-10
ANs,439.9475,7.775644778225366e-10
ANs,439.996,7.679852714292036e-10
ANs,440.0446,7.482825667140333e-10
ANs,440.0931,7.56410083127887e-10
ANs,440.1416,7.52869590958855e-10
ANs,440.1902,7.475396771990711e-10
ANs,440.2387,7.178745055965899e-10
ANs,440.2873,7.249283046950197e-10
ANs,440.3358,7.385946888849845e-10
ANs,440.3843,7.428154513539037e-10
ANs,440.4329,7.237316705417597e-10
ANs,440.4814,7.104425079362535e-10
ANs,440.5299,7.101367603415882e-10
ANs,440.5784,7.151237290171557e-10
ANs,440.627,7.30214130969979e-10
ANs,440.6755,7.354796126547657e-10
ANs,440.724,7.301594407039458e-10
ANs,440.7725,7.470865079951699e-10
ANs,440.8211,7.357884625426093e-10
ANs,440.8696,7.298626925503031e-10
ANs,440.9181,7.295368835393468e-10
ANs,440.9666,7.318823950711485e-10
ANs,441.0151,7.205408590473835e-10
ANs,441.0637,7.126103875375101e-10
ANs,441.1122,7.005831774497731e-10
ANs,441.1607,7.100288760303735e-10
ANs,441.2092,7.233484305626278e-10
ANs,441.2577,7.294790294437098e-10
ANs,441.3062,7.188639195224062e-10
ANs,441.3547,7.120628072468073e-10
ANs,441.4032,7.002973934989376e-10
ANs,441.4517,6.990941061644193e-10
ANs,441.5002,6.850118399039992e-10
ANs,441.5487,6.819836379076131e-10
ANs,441.5972,6.945224278343475e-10
ANs,441.6457,6.991615669229624e-10
ANs,441.6942,7.143596140276551e-10
ANs,441.7427,7.136262606587938e-10
ANs,441.7912,7.066964492473191e-10
ANs,441.8397,7.217112635881524e-10
ANs,441.8882,7.318331871958784e-10
ANs,441.9367,7.323689683208971e-10
ANs,441.9852,7.376711300550278e-10
ANs,442.0337,7.449587286056131e-10
ANs,442.0822,7.471131572517883e-10
ANs,442.1307,7.422221073104312e-10
ANs,442.1792,7.273241169561186e-10
ANs,442.2276,7.156838741800816e-10
ANs,442.2761,7.104635347976281e-10
ANs,442.3246,6.920342764427386e-10
ANs,442.3731,6.862107956739152e-10
ANs,442.4216,6.825826924329594e-10
ANs,442.47,6.81054320709695e-10
ANs,442.5185,6.882369173170195e-10
ANs,442.567,6.868860139433496e-10
ANs,442.6155,6.856788547965491e-10
ANs,442.6639,6.838876177582495e-10
ANs,442.7124,6.997478987854656e-10
ANs,442.7609,7.071121692155819e-10
ANs,442.8094,7.169432946738342e-10
ANs,442.8578,7.223586890129779e-10
ANs,442.9063,7.315555587084703e-10
ANs,442.9548,7.565139098926754e-10
ANs,443.0032,7.626332176024482e-10
ANs,443.0517,7.753657170012194e-10
ANs,443.1001,7.709128673287918e-10
ANs,443.1486,7.746421082147248e-10
ANs,443.1971,7.743277254446195e-10
ANs,443.2455,7.595151518620475e-10
ANs,443.294,7.505423621638548e-10
ANs,443.3424,7.467119258346432e-10
ANs,443.3909,7.417330819897408e-10
ANs,443.4393,7.170503983226006e-10
ANs,443.4878,6.973282448936577e-10
ANs,443.5362,6.863986834148322e-10
ANs,443.5847,6.805826698126862e-10
ANs,443.6331,6.920032177123516e-10
ANs,443.6816,6.785708604432317e-10
ANs,443.73,6.818820674731763e-10
ANs,443.7785,6.772844544807967e-10
ANs,443.8269,6.836346237465054e-10
ANs,443.8754,6.74290639518063e-10
ANs,443.9238,6.765974802318003e-10
ANs,443.9722,6.711874010234853e-10
ANs,444.0207,6.703904391862969e-10
ANs,444.0691,6.554483197407022e-10
ANs,444.1175,6.585014692253459e-10
ANs,444.166,6.545326435794555e-10
ANs,444.2144,6.471183836757097e-10
ANs,444.2628,6.423859693473777e-10
ANs,444.3113,6.344641111403919e-10
ANs,444.3597,6.12285365476544e-10
ANs,444.4081,6.143069030034359e-10
ANs,444.4566,6.196533252680396e-10
ANs,444.505,6.255868395354827e-10
ANs,444.5534,6.316591927427502e-10
ANs,444.6018,6.422901910510472e-10
ANs,444.6502,6.486071374905235e-10
ANs,444.6987,6.728493400710882e-10
ANs,444.7471,6.667217692392319e-10
ANs,444.7955,6.767002045289699e-10
ANs,444.8439,6.699735079004769e-10
ANs,444.8923,6.764947243866309e-10
ANs,444.9407,6.749399975412211e-10
ANs,444.9891,6.869053168071764e-10
ANs,445.0376,7.033521921802742e-10
ANs,445.086,7.090479319598874e-10
ANs,445.1344,7.10005542715103e-10
ANs,445.1828,6.907775715178952e-10
ANs,445.2312,6.675214917982859e-10
ANs,445.2796,6.45182080782893e-10
ANs,445.328,6.426039201589035e-10
ANs,445.3764,6.269563152509589e-10
ANs,445.4248,6.198365315889496e-10
ANs,445.4732,6.154839959650656e-10
ANs,445.5216,6.066655788208982e-10
ANs,445.57,6.125211472133244e-10
ANs,445.6184,6.187857148747947e-10
ANs,445.6668,6.269166362668295e-10
ANs,445.7152,6.068589776654153e-10
ANs,445.7636,6.115614644511535e-10
ANs,445.8119,6.123252170136793e-10
ANs,445.8603,6.066613889011042e-10
ANs,445.9087,6.16077192668463e-10
ANs,445.9571,6.411133417096307e-10
ANs,446.0055,6.565021499088949e-10
ANs,446.0539,6.490480670806405e-10
ANs,446.1023,6.537813375871056e-10
ANs,446.1506,6.509192519927268e-10
ANs,446.199,6.570551911252629e-10
ANs,446.2474,6.632530138019076e-10
ANs,446.2958,6.634743162060601e-10
ANs,446.3442,6.591155070920829e-10
ANs,446.3925,6.65173050468854e-10
ANs,446.4409,6.761880912543152e-10
ANs,446.4893,6.705195032723005e-10
ANs,446.5376,6.707730224641434e-10
ANs,446.586,6.695576762329438e-10
ANs,446.6344,6.724900540181036e-10
ANs,446.6827,6.645748856152093e-10
ANs,446.7311,6.594094982765689e-10
ANs,446.7795,6.611064091219657e-10
ANs,446.8278,6.636930269968076e-10
ANs,446.8762,6.546077908935077e-10
ANs,446.9246,6.634823285183398e-10
ANs,446.9729,6.727994771507847e-10
ANs,447.0213,6.767177201795947e-10
ANs,447.0696,6.716030293106022e-10
ANs,447.118,6.578102463530111e-10
ANs,447.1663,6.532326341665292e-10
ANs,447.2147,6.481806887044694e-10
ANs,447.263,6.583837659014732e-10
ANs,447.3114,6.691840842480471e-10
ANs,447.3597,6.634963846373001e-10
ANs,447.4081,6.571832285874051e-10
ANs,447.4564,6.532969496910173e-10
ANs,447.5048,6.395018051107086e-10
ANs,447.5531,6.274877805713179e-10
ANs,447.6015,6.163330646256268e-10
ANs,447.6498,6.00737749607339e-10
ANs,447.6981,5.873346419547148e-10
ANs,447.7465,5.814925895040829e-10
ANs,447.7948,5.86575006759458e-10
ANs,447.8432,6.035010962893264e-10
ANs,447.8915,6.107974562988135e-10
ANs,447.9398,6.134495484573074e-10
ANs,447.9882,6.054592002779719e-10
ANs,448.0365,6.080588603854116e-10
ANs,448.0848,6.23595300915516e-10
ANs,448.1331,6.390649050922287e-10
ANs,448.1815,6.464016324577515e-10
ANs,448.2298,6.572049765031409e-10
ANs,448.2781,6.658522559888043e-10
ANs,448.3264,6.864017594508673e-10
ANs,448.3748,6.859805119520026e-10
ANs,448.4231,6.690354748957995e-10
ANs,448.4714,6.528854215189568e-10
ANs,448.5197,6.311710938204333e-10
ANs,448.568,6.139534298756403e-10
ANs,448.6164,6.128773855278307e-10
ANs,448.6647,6.070674930998222e-10
ANs,448.713,5.947459682177232e-10
ANs,448.7613,5.791402927992009e-10
ANs,448.8096,5.623485639908251e-10
ANs,448.8579,5.535007651064511e-10
ANs,448.9062,5.4587095288123e-10
ANs,448.9545,5.432131752733014e-10
ANs,449.0028,5.422330664311682e-10
ANs,449.0511,5.452498116867252e-10
ANs,449.0994,5.580016078472087e-10
ANs,449.1477,5.893086906802475e-10
ANs,449.196,5.992375339632544e-10
ANs,449.2443,6.255034640899491e-10
ANs,449.2926,6.214637422813427e-10
ANs,449.3409,6.110880319285694e-10
ANs,449.3892,6.093121696498069e-10
ANs,449.4375,6.258156593325941e-10
ANs,449.4858,6.352545566266396e-10
ANs,449.5341,6.480044627541307e-10
ANs,449.5824,6.492834243749764e-10
ANs,449.6307,6.576975582503274e-10
ANs,449.679,6.629459481930642e-10
ANs,449.7273,6.608880992381809e-10
ANs,449.7755,6.633049627947628e-10
ANs,449.8238,6.588145495724397e-10
ANs,449.8721,6.46406789781949e-10
ANs,449.9204,6.482890634288755e-10
ANs,449.9687,6.417244726336558e-10
ANs,450.0169,6.603765874817462e-10
ANs,450.0652,6.717754676422997e-10
ANs,450.1135,6.77308964999601e-10
ANs,450.1618,6.831103920847131e-10
ANs,450.21,6.890202295672595e-10
ANs,450.2583,6.903504332114204e-10
ANs,450.3066,7.011235086553483e-10
ANs,450.3549,6.979205315002734e-10
ANs,450.4031,7.085196811708835e-10
ANs,450.4514,7.110618847840476e-10
ANs,450.4997,7.051991029934161e-10
ANs,450.5479,7.102149202212618e-10
ANs,450.5962,7.145083696910596e-10
ANs,450.6444,7.04988979732315e-10
ANs,450.6927,7.057157003641981e-10
ANs,450.741,6.932087798590524e-10
ANs,450.7892,6.918913407622012e-10
ANs,450.8375,6.982945231056425e-10
ANs,450.8857,6.978806297178466e-10
ANs,450.934,6.973294309895426e-10
ANs,450.9822,6.956885895685231e-10
ANs,451.0305,6.853551647927419e-10
ANs,451.0787,6.853236616516826e-10
ANs,451.127,6.699786372068142e-10
ANs,451.1752,6.843027369645632e-10
ANs,451.2235,6.889066589551095e-10
ANs,451.2717,6.82685503473544e-10
ANs,451.32,6.880161033691787e-10
ANs,451.3682,6.947417038395422e-10
ANs,451.4165,6.947710740933152e-10
ANs,451.4647,6.960427570062209e-10
ANs,451.5129,6.959330830778219e-10
ANs,451.5612,6.934131843597123e-10
ANs,451.6094,6.883927274608684e-10
ANs,451.6576,6.921346515281314e-10
ANs,451.7059,6.808185534824819e-10
ANs,451.7541,6.864910664213748e-10
ANs,451.8023,6.970815807991309e-10
ANs,451.8506,7.038606412204407e-10
ANs,451.8988,6.913026718266101e-10
ANs,451.947,6.860129630186239e-10
ANs,451.9952,6.821395829994874e-10
ANs,452.0435,6.713200945756306e-10
ANs,452.0917,6.806483001869656e-10
ANs,452.1399,6.852647103366149e-10
ANs,452.1881,6.948643724023892e-10
ANs,452.2364,7.018658733488544e-10
ANs,452.2846,7.069174471409048e-10
ANs,452.3328,7.097525268810712e-10
ANs,452.381,7.163958932642747e-10
ANs,452.4292,7.263862062779373e-10
ANs,452.4774,7.14200464844777e-10
ANs,452.5256,7.048532953886079e-10
ANs,452.5739,6.948442026606508e-10
ANs,452.6221,7.045540847230572e-10
ANs,452.6703,7.052342634799964e-10
ANs,452.7185,7.111842266121125e-10
ANs,452.7667,7.238576490690399e-10
ANs,452.8149,7.281943249227083e-10
ANs,452.8631,7.215137509088543e-10
ANs,452.9113,7.212576173231385e-10
ANs,452.9595,7.25218301671552e-10
ANs,453.0077,7.258695756406929e-10
ANs,453.0559,7.222059945833092e-10
ANs,453.1041,7.171223341162993e-10
ANs,453.1523,7.153301361846362e-10
ANs,453.2005,7.33833916637223e-10
ANs,453.2487,7.398678064307734e-10
ANs,453.2969,7.426364400575465e-10
ANs,453.345,7.418429147091544e-10
ANs,453.3932,7.445791073607559e-10
ANs,453.4414,7.45650539557161e-10
ANs,453.4896,7.334110145792211e-10
ANs,453.5378,7.287713589380074e-10
ANs,453.586,7.301525419059006e-10
ANs,453.6342,7.338269890336726e-10
ANs,453.6823,7.321971091756527e-10
ANs,453.7305,7.217596134661551e-10
ANs,453.7787,7.373793665641156e-10
ANs,453.8269,7.386913534175746e-10
ANs,453.875,7.545843478922141e-10
ANs,453.9232,7.486797232509219e-10
ANs,453.9714,7.474301297690866e-10
ANs,454.0196,7.611678874567872e-10
ANs,454.0677,7.642646617405296e-10
ANs,454.1159,7.651675348445007e-10
ANs,454.1641,7.770824866356302e-10
ANs,454.2122,7.80575423995973e-10
ANs,454.2604,7.860968253857284e-10
ANs,454.3086,7.977223943464353e-10
ANs,454.3567,8.035801938586955e-10
ANs,454.4049,8.076854712300337e-10
ANs,454.4531,8.090486810725121e-10
ANs,454.5012,8.252097971115363e-10
ANs,454.5494,8.294367384536849e-10
ANs,454.5975,8.228952983022039e-10
ANs,454.6457,8.349578951631685e-10
ANs,454.6938,8.309073693302012e-10
ANs,454.742,8.333165334638035e-10
ANs,454.7901,8.338464837328131e-10
ANs,454.8383,8.440245841984553e-10
ANs,454.8864,8.639714677443737e-10
ANs,454.9346,8.75687991233917e-10
ANs,454.9827,8.874429323775381e-10
ANs,455.0309,8.841070506771882e-10
ANs,455.079,8.777657248153098e-10
ANs,455.1272,8.6769214039274e-10
ANs,455.1753,8.80405851847972e-10
ANs,455.2234,8.584765662392683e-10
ANs,455.2716,8.707730701309576e-10
ANs,455.3197,8.73498962718355e-10
ANs,455.3679,8.605277973426308e-10
ANs,455.416,8.670651463307034e-10
ANs,455.4641,8.744253196227063e-10
ANs,455.5123,8.738733272943099e-10
ANs,455.5604,8.707425317362154e-10
ANs,455.6085,8.51008625015126e-10
ANs,455.6566,8.45796874332588e-10
ANs,455.7048,8.435288620227795e-10
ANs,455.7529,8.444420221858606e-10
ANs,455.801,8.525691252769609e-10
ANs,455.8491,8.508173255730755e-10
ANs,455.8973,8.573470775326337e-10
ANs,455.9454,8.595449051746575e-10
ANs,455.9935,8.435591667661075e-10
ANs,456.0416,8.437486075907434e-10
ANs,456.0897,8.576645283884381e-10
ANs,456.1379,8.584728425284408e-10
ANs,456.186,8.60388877186237e-10
ANs,456.2341,8.584216002168147e-10
ANs,456.2822,8.564759844659923e-10
ANs,456.3303,8.628009956024585e-10
ANs,456.3784,8.81409750085929e-10
ANs,456.4265,8.891101416651973e-10
ANs,456.4746,9.001398866372142e-10
ANs,456.5227,8.920537101642707e-10
ANs,456.5708,9.176876313925499e-10
ANs,456.6189,9.057896704040671e-10
ANs,456.667,9.110836443952324e-10
ANs,456.7151,9.283800343359737e-10
ANs,456.7632,9.399163290056567e-10
ANs,456.8113,9.419772952190256e-10
ANs,456.8594,9.56834563413082e-10
ANs,456.9075,9.56156622049319e-10
ANs,456.9556,9.551250101033065e-10
ANs,457.0037,9.66650464356799e-10
ANs,457.0518,9.581511435277174e-10
ANs,457.0999,9.455449144708649e-10
ANs,457.148,9.362412660258076e-10
ANs,457.1961,9.201352081589238e-10
ANs,457.2441,9.36539994631172e-10
ANs,457.2922,9.13483861120499e-10
ANs,457.3403,9.229389638457946e-10
ANs,457.3884,9.183534234991538e-10
ANs,457.4365,9.066799763692797e-10
ANs,457.4846,8.96784198430657e-10
ANs,457.5326,9.003093616906744e-10
ANs,457.5807,9.030889544329731e-10
ANs,457.6288,9.037526833937635e-10
ANs,457.6769,9.015182065065472e-10
ANs,457.7249,9.033120694103836e-10
ANs,457.773,9.152458527334966e-10
ANs,457.8211,9.270133327682209e-10
ANs,457.8691,9.486650526064877e-10
ANs,457.9172,9.638165100174718e-10
ANs,457.9653,9.589724651596388e-10
ANs,458.0133,9.698602566573722e-10
ANs,458.0614,9.715945570650083e-10
ANs,458.1095,9.911400571255542e-10
ANs,458.1575,9.903428690462499e-10
ANs,458.2056,1.0147604765479613e-09
ANs,458.2537,1.0028662972099747e-09
ANs,458.3017,9.940805476144526e-10
ANs,458.3498,9.91322953718883e-10
ANs,458.3978,1.009534484389333e-09
ANs,458.4459,1.0043329166026468e-09
ANs,458.4939,1.0003619941512175e-09
ANs,458.542,1.013841026670019e-09
ANs,458.59,1.0009807815924155e-09
ANs,458.6381,1.0080917621323957e-09
ANs,458.6861,1.0121170744879085e-09
ANs,458.7342,1.0170438446553956e-09
ANs,458.7822,1.0376277107734997e-09
ANs,458.8303,1.025147106555144e-09
ANs,458.8783,1.040661564303884e-09
ANs,458.9263,1.0162807336977373e-09
ANs,458.9744,1.0175339991919822e-09
ANs,459.0224,1.0195559907657214e-09
ANs,459.0705,1.0358937732936163e-09
ANs,459.1185,1.037070250507596e-09
ANs,459.1665,1.0420348287811464e-09
ANs,459.2146,1.0439814620474125e-09
ANs,459.2626,1.0317050638609092e-09
ANs,459.3106,1.0272954802608918e-09
ANs,459.3587,1.0200914517657252e-09
ANs,459.4067,1.0215727433285696e-09
ANs,459.4547,1.0314874985543788e-09
ANs,459.5027,1.0169821764484026e-09
ANs,459.5508,1.0273163823511436e-09
ANs,459.5988,1.0045922476587106e-09
ANs,459.6468,1.0159030073013739e-09
ANs,459.6948,1.0181838041579094e-09
ANs,459.7428,1.0215842274842083e-09
ANs,459.7909,1.008643281933134e-09
ANs,459.8389,1.0043372405929696e-09
ANs,459.8869,9.940896491005297e-10
ANs,459.9349,9.938335542589414e-10
ANs,459.9829,1.0025844117938519e-09
ANs,460.0309,1.000039770486828e-09
ANs,460.0789,1.0080528220737414e-09
ANs,460.127,1.0255322077896847e-09
ANs,460.175,1.030317372448833e-09
ANs,460.223,1.030046195353961e-09
ANs,460.271,1.036573757378975e-09
ANs,460.319,1.052621919921943e-09
ANs,460.367,1.052771747734831e-09
ANs,460.415,1.0696284856049901e-09
ANs,460.463,1.073061361610142e-09
ANs,460.511,1.1070555562835705e-09
ANs,460.559,1.113295873440364e-09
ANs,460.607,1.1391955847804535e-09
ANs,460.655,1.1526091550193863e-09
ANs,460.703,1.1519327479861775e-09
ANs,460.7509,1.1576404974371053e-09
ANs,460.7989,1.1490785255387155e-09
ANs,460.8469,1.1341052548677493e-09
ANs,460.8949,1.1335890467888167e-09
ANs,460.9429,1.1422447303576919e-09
ANs,460.9909,1.1535467705639954e-09
ANs,461.0389,1.166582246717936e-09
ANs,461.0869,1.1707906156717916e-09
ANs,461.1348,1.1682560737700518e-09
ANs,461.1828,1.1639883498058166e-09
ANs,461.2308,1.138316108611469e-09
ANs,461.2788,1.1382949574148407e-09
ANs,461.3268,1.1251861610043333e-09
ANs,461.3747,1.1168540046687926e-09
ANs,461.4227,1.1171309778341747e-09
ANs,461.4707,1.1210350436592354e-09
ANs,461.5186,1.1201935199835126e-09
ANs,461.5666,1.1260663500061653e-09
ANs,461.6146,1.1453122380409361e-09
ANs,461.6626,1.1427652707734333e-09
ANs,461.7105,1.1260077711755377e-09
ANs,461.7585,1.1207129204428114e-09
ANs,461.8065,1.1142004859874495e-09
ANs,461.8544,1.1013924071095092e-09
ANs,461.9024,1.1113995432339053e-09
ANs,461.9503,1.1187749539466423e-09
ANs,461.9983,1.110555294427819e-09
ANs,462.0463,1.126390475915081e-09
ANs,462.0942,1.1248686606982441e-09
ANs,462.1422,1.1136850162597507e-09
ANs,462.1901,1.12159521371882e-09
ANs,462.2381,1.1552223617965838e-09
ANs,462.286,1.1507887677142839e-09
ANs,462.334,1.1406820280915012e-09
ANs,462.3819,1.1275579719735934e-09
ANs,462.4299,1.1294774391584042e-09
ANs,462.4778,1.1384998918220418e-09
ANs,462.5258,1.1401899073556897e-09
ANs,462.5737,1.1511178627295457e-09
ANs,462.6216,1.1369515263622051e-09
ANs,462.6696,1.1438696371769622e-09
ANs,462.7175,1.1574011113084783e-09
ANs,462.7655,1.1577594761860742e-09
ANs,462.8134,1.1715883019472696e-09
ANs,462.8613,1.188329367090067e-09
ANs,462.9093,1.1962832108137314e-09
ANs,462.9572,1.1767894357371295e-09
ANs,463.0051,1.180350850865616e-09
ANs,463.0531,1.17349280170367e-09
ANs,463.101,1.1926167888821871e-09
ANs,463.1489,1.1866730362959205e-09
ANs,463.1968,1.1852965176501158e-09
ANs,463.2448,1.1870348650716887e-09
ANs,463.2927,1.1946668175667945e-09
ANs,463.3406,1.2084893493321387e-09
ANs,463.3885,1.1936799550657816e-09
ANs,463.4365,1.2083407707618345e-09
ANs,463.4844,1.2145936965965887e-09
ANs,463.5323,1.2199884801451444e-09
ANs,463.5802,1.207372432671431e-09
ANs,463.6281,1.1971207782857445e-09
ANs,463.676,1.173160070349341e-09
ANs,463.724,1.1619458034061805e-09
ANs,463.7719,1.1687361947633481e-09
ANs,463.8198,1.1866156652516809e-09
ANs,463.8677,1.2024121163831636e-09
ANs,463.9156,1.195829394711022e-09
ANs,463.9635,1.2079136203668112e-09
ANs,464.0114,1.194565512241447e-09
ANs,464.0593,1.2087065377659659e-09
ANs,464.1072,1.218833663640283e-09
ANs,464.1551,1.2059350497749804e-09
ANs,464.203,1.200387565895492e-09
ANs,464.2509,1.1976207252558807e-09
ANs,464.2988,1.2123575852213087e-09
ANs,464.3467,1.2192665637071959e-09
ANs,464.3946,1.2496234737879068e-09
ANs,464.4425,1.2646065083806804e-09
ANs,464.4904,1.2453507746261351e-09
ANs,464.5383,1.2158448733178007e-09
ANs,464.5862,1.2215291605912834e-09
ANs,464.6341,1.219396095084574e-09
ANs,464.6819,1.203115063260476e-09
ANs,464.7298,1.2101450296497362e-09
ANs,464.7777,1.1881414686230405e-09
ANs,464.8256,1.1730532081203589e-09
ANs,464.8735,1.1706133292719656e-09
ANs,464.9214,1.168004388359433e-09
ANs,464.9692,1.1539372425510913e-09
ANs,465.0171,1.1546453387677007e-09
ANs,465.065,1.1415333552648037e-09
ANs,465.1129,1.1325595274110629e-09
ANs,465.1607,1.1336044377539214e-09
ANs,465.2086,1.1364191017772027e-09
ANs,465.2565,1.133077283811063e-09
ANs,465.3044,1.1091065266870593e-09
ANs,465.3522,1.1128080506053883e-09
ANs,465.4001,1.1359814226745017e-09
ANs,465.448,1.1476906519849975e-09
ANs,465.4958,1.1549586110171308e-09
ANs,465.5437,1.155556776216637e-09
ANs,465.5916,1.1460532607779888e-09
ANs,465.6394,1.1314791906825353e-09
ANs,465.6873,1.1465984398132243e-09
ANs,465.7351,1.1265902309040728e-09
ANs,465.783,1.127188546319583e-09
ANs,465.8308,1.1454348288177067e-09
ANs,465.8787,1.1471218204642246e-09
ANs,465.9266,1.1513902430342554e-09
ANs,465.9744,1.1529151920069621e-09
ANs,466.0223,1.1616787124263361e-09
ANs,466.0701,1.1720732734827308e-09
ANs,466.118,1.1588127665807652e-09
ANs,466.1658,1.1674428833749154e-09
ANs,466.2137,1.1800475685459796e-09
ANs,466.2615,1.1793775818665205e-09
ANs,466.3093,1.1778143071214961e-09
ANs,466.3572,1.1905232100341071e-09
ANs,466.405,1.1800659890943003e-09
ANs,466.4529,1.200978683013379e-09
ANs,466.5007,1.2328724478344863e-09
ANs,466.5485,1.2223937625695327e-09
ANs,466.5964,1.2121221350828625e-09
ANs,466.6442,1.2188925419166797e-09
ANs,466.692,1.2294305552003473e-09
ANs,466.7399,1.2423128873445915e-09
ANs,466.7877,1.223308256140311e-09
ANs,466.8355,1.2375701636154023e-09
ANs,466.8834,1.2354529311360595e-09
ANs,466.9312,1.2351604520386334e-09
ANs,466.979,1.2621170746560518e-09
ANs,467.0268,1.2767268555410282e-09
ANs,467.0747,1.2831570867533066e-09
ANs,467.1225,1.294247257645559e-09
ANs,467.1703,1.2846164260314348e-09
ANs,467.2181,1.2623071261815893e-09
ANs,467.2659,1.2791520014639886e-09
ANs,467.3138,1.2928439773663428e-09
ANs,467.3616,1.3055206977891219e-09
ANs,467.4094,1.3260432648740666e-09
ANs,467.4572,1.3399107627817406e-09
ANs,467.505,1.3811369887646898e-09
ANs,467.5528,1.3731584589644677e-09
ANs,467.6006,1.3761246362985245e-09
ANs,467.6484,1.394300594410117e-09
ANs,467.6962,1.3938093114053836e-09
ANs,467.744,1.429042514196259e-09
ANs,467.7919,1.445059269506154e-09
ANs,467.8397,1.4717782869250565e-09
ANs,467.8875,1.5299783066038229e-09
ANs,467.9353,1.5978880870348403e-09
ANs,467.9831,1.6335021586757532e-09
ANs,468.0308,1.66744490215646e-09
ANs,468.0786,1.7168774797722117e-09
ANs,468.1264,1.7651149816155842e-09
ANs,468.1742,1.8026714724263371e-09
ANs,468.222,1.8200673062395231e-09
ANs,468.2698,1.869157611699949e-09
ANs,468.3176,1.923421538408872e-09
ANs,468.3654,2.013359674536857e-09
ANs,468.4132,2.0335180207847377e-09
ANs,468.461,2.027163524307359e-09
ANs,468.5088,2.0732657153501967e-09
ANs,468.5565,2.080641965557744e-09
ANs,468.6043,2.0840240996365874e-09
ANs,468.6521,2.08659679807699e-09
ANs,468.6999,2.0540364600592133e-09
ANs,468.7477,2.041528882768703e-09
ANs,468.7954,2.0457996040879394e-09
ANs,468.8432,2.00349570720841e-09
ANs,468.891,1.9882764324108436e-09
ANs,468.9388,1.977996582363498e-09
ANs,468.9865,1.958658468673435e-09
ANs,469.0343,1.929584427286596e-09
ANs,469.0821,1.8447504577803657e-09
ANs,469.1298,1.8685851095018648e-09
ANs,469.1776,1.9015503458395227e-09
ANs,469.2254,1.9042071557805022e-09
ANs,469.2731,1.9071984887776937e-09
ANs,469.3209,1.8896966725742986e-09
ANs,469.3687,1.866844887711354e-09
ANs,469.4164,1.88440900692124e-09
ANs,469.4642,1.914777314852163e-09
ANs,469.5119,1.8816282432556847e-09
ANs,469.5597,1.879011963993691e-09
ANs,469.6074,1.862844680229805e-09
ANs,469.6552,1.8605732642359863e-09
ANs,469.7029,1.873685087099404e-09
ANs,469.7507,1.8699755982159063e-09
ANs,469.7984,1.8704193559814345e-09
ANs,469.8462,1.8630436869154227e-09
ANs,469.8939,1.836876845754788e-09
ANs,469.9417,1.7893029922753465e-09
ANs,469.9894,1.7651999609390372e-09
ANs,470.0372,1.761310129430274e-09
ANs,470.0849,1.7477904845181917e-09
ANs,470.1327,1.7362915314955374e-09
ANs,470.1804,1.7109564736404685e-09
ANs,470.2281,1.7215840400096523e-09
ANs,470.2759,1.7255267440862436e-09
ANs,470.3236,1.7372176576549221e-09
ANs,470.3713,1.7312246802281618e-09
ANs,470.4191,1.7055576067421898e-09
ANs,470.4668,1.6886057491070371e-09
ANs,470.5145,1.6638549009381474e-09
ANs,470.5623,1.6459619741415683e-09
ANs,470.61,1.6384432557589714e-09
ANs,470.6577,1.6605253828034184e-09
ANs,470.7054,1.6638312783289262e-09
ANs,470.7532,1.662732969270485e-09
ANs,470.8009,1.6458786045455633e-09
ANs,470.8486,1.6489417936781202e-09
ANs,470.8963,1.6177206556729743e-09
ANs,470.9441,1.596800356626805e-09
ANs,470.9918,1.5889138468439323e-09
ANs,471.0395,1.5744681686870695e-09
ANs,471.0872,1.5568918369513385e-09
ANs,471.1349,1.553792272139659e-09
ANs,471.1826,1.5604724113963968e-09
ANs,471.2303,1.5848712195920798e-09
ANs,471.2781,1.5804750783169578e-09
ANs,471.3258,1.5913149743668399e-09
ANs,471.3735,1.558831922742314e-09
ANs,471.4212,1.5459021002555215e-09
ANs,471.4689,1.5148707338310815e-09
ANs,471.5166,1.5187492769901994e-09
ANs,471.5643,1.5078600291137077e-09
ANs,471.612,1.5281908113576046e-09
ANs,471.6597,1.519316864464781e-09
ANs,471.7074,1.5168822438286794e-09
ANs,471.7551,1.4989409819135872e-09
ANs,471.8028,1.502891202707855e-09
ANs,471.8505,1.4836147545480339e-09
ANs,471.8982,1.467764288331011e-09
ANs,471.9459,1.4609664200742965e-09
ANs,471.9936,1.439162044386292e-09
ANs,472.0412,1.3988275903669444e-09
ANs,472.0889,1.3914803922404914e-09
ANs,472.1366,1.3880852445546957e-09
ANs,472.1843,1.395507805456716e-09
ANs,472.232,1.3810284283991358e-09
ANs,472.2797,1.374759997607282e-09
ANs,472.3274,1.3548390459611961e-09
ANs,472.375,1.3519409559615422e-09
ANs,472.4227,1.3250713029582833e-09
ANs,472.4704,1.330633769927209e-09
ANs,472.5181,1.3364873578901686e-09
ANs,472.5657,1.3499217839839238e-09
ANs,472.6134,1.3338009109922185e-09
ANs,472.6611,1.3110843014767458e-09
ANs,472.7088,1.2948980561947843e-09
ANs,472.7564,1.292450826191268e-09
ANs,472.8041,1.2864642520077845e-09
ANs,472.8518,1.2916140701752872e-09
ANs,472.8994,1.2657546335715943e-09
ANs,472.9471,1.271131830107176e-09
ANs,472.9948,1.2554783911713535e-09
ANs,473.0424,1.2639865048671297e-09
ANs,473.0901,1.2304180146759114e-09
ANs,473.1377,1.2364140976815601e-09
ANs,473.1854,1.2042265899484298e-09
ANs,473.2331,1.1693921739530624e-09
ANs,473.2807,1.1382887674044548e-09
ANs,473.3284,1.1245377801971733e-09
ANs,473.376,1.1222747913404825e-09
ANs,473.4237,1.1297650135628222e-09
ANs,473.4713,1.1434262598055436e-09
ANs,473.519,1.1293352663813592e-09
ANs,473.5666,1.1168078462150175e-09
ANs,473.6143,1.1032029800956007e-09
ANs,473.6619,1.0706489417078294e-09
ANs,473.7096,1.0767513021399448e-09
ANs,473.7572,1.0581212821954703e-09
ANs,473.8049,1.0597730406316683e-09
ANs,473.8525,1.0352161909608607e-09
ANs,473.9001,1.0393503655704965e-09
ANs,473.9478,1.0467452037137482e-09
ANs,473.9954,1.0334814660197783e-09
ANs,474.043,1.0354012764728192e-09
ANs,474.0907,1.0290044318692854e-09
ANs,474.1383,1.0211856142384157e-09
ANs,474.1859,9.86693512221411e-10
ANs,474.2336,9.722717608942546e-10
ANs,474.2812,9.595672467677307e-10
ANs,474.3288,9.63634485147376e-10
ANs,474.3765,9.633483713050366e-10
ANs,474.4241,9.462578677659585e-10
ANs,474.4717,9.39541837358298e-10
ANs,474.5193,9.485923984639439e-10
ANs,474.567,9.624821717001375e-10
ANs,474.6146,9.483929547329517e-10
ANs,474.6622,9.238119256525968e-10
ANs,474.7098,9.436780271483733e-10
ANs,474.7574,9.400380042628006e-10
ANs,474.805,9.274284700275427e-10
ANs,474.8527,9.120279161739254e-10
ANs,474.9003,1.0121176123120212e-09
ANs,474.9479,9.961512318180899e-10
ANs,474.9955,9.795473274426318e-10
ANs,475.0431,9.733578760881249e-10
ANs,475.0907,9.764998322614086e-10
ANs,475.1383,9.669923504327777e-10
ANs,475.1859,9.497084660426623e-10
ANs,475.2335,9.399311282363328e-10
ANs,475.2811,9.232104248890305e-10
ANs,475.3287,9.304546662614507e-10
ANs,475.3763,9.338390205417112e-10
ANs,475.4239,9.113422045611743e-10
ANs,475.4715,8.922540140596523e-10
ANs,475.5191,8.883861220567729e-10
ANs,475.5667,9.004426618779327e-10
ANs,475.6143,7.842187269909668e-10
ANs,475.6619,7.953179613893353e-10
ANs,475.7095,7.94023533953467e-10
ANs,475.7571,7.989216871279788e-10
ANs,475.8047,7.987443396218996e-10
ANs,475.8522,7.919758707848706e-10
ANs,475.8998,8.145858990239416e-10
ANs,475.9474,7.985621010080177e-10
ANs,475.995,8.13427599814633e-10
ANs,476.0426,8.194755984738837e-10
ANs,476.0902,8.105018481863617e-10
ANs,476.1377,8.177076856896084e-10
ANs,476.1853,8.396671750552978e-10
ANs,476.2329,8.27600837761146e-10
ANs,476.2805,8.108254837296312e-10
ANs,476.328,8.211639380768959e-10
ANs,476.3756,8.254501827659261e-10
ANs,476.4232,8.116856774056901e-10
ANs,476.4708,8.006593792033313e-10
ANs,476.5183,7.925070573497771e-10
ANs,476.5659,8.039245960122975e-10
ANs,476.6135,7.901656030742357e-10
ANs,476.661,7.960430021860457e-10
ANs,476.7086,8.002043313749522e-10
ANs,476.7562,7.869438884731954e-10
ANs,476.8037,7.972689690831853e-10
ANs,476.8513,7.993376040028323e-10
ANs,476.8988,8.771862435243907e-10
ANs,476.9464,9.482421035284546e-10
ANs,476.9939,9.545229478882239e-10
ANs,477.0415,9.55579521856342e-10
ANs,477.0891,9.498587081582949e-10
ANs,477.1366,9.73233475189417e-10
ANs,477.1842,9.702199011119571e-10
ANs,477.2317,9.47031295675549e-10
ANs,477.2793,9.406598057103045e-10
ANs,477.3268,9.273772756288493e-10
ANs,477.3744,9.354841184637774e-10
ANs,477.4219,9.182230017971586e-10
ANs,477.4694,9.114754289885086e-10
ANs,477.517,9.053874725039275e-10
ANs,477.5645,8.945320657412772e-10
ANs,477.6121,8.242657925329661e-10
ANs,477.6596,7.596848691420458e-10
ANs,477.7071,7.440829608960443e-10
ANs,477.7547,7.374737348849516e-10
ANs,477.8022,7.397820809427108e-10
ANs,477.8497,7.313125717911238e-10
ANs,477.8973,7.366682139532502e-10
ANs,477.9448,8.097355687190039e-10
ANs,477.9923,8.090988355764761e-10
ANs,478.0399,8.105617033322135e-10
ANs,478.0874,7.897307582755088e-10
ANs,478.1349,8.022735374130312e-10
ANs,478.1824,8.077097547166629e-10
ANs,478.23,8.055533463524647e-10
ANs,478.2775,8.060051433233056e-10
ANs,478.325,7.786048171139019e-10
ANs,478.3725,7.68431666433449e-10
ANs,478.42,7.736561462080138e-10
ANs,478.4676,7.751987521965038e-10
ANs,478.5151,7.621168170715653e-10
ANs,478.5626,7.614382100836081e-10
ANs,478.6101,7.48747520293872e-10
ANs,478.6576,6.887813300548579e-10
ANs,478.7051,6.745112968524903e-10
ANs,478.7526,6.719176411452981e-10
ANs,478.8001,6.717234125903924e-10
ANs,478.8476,6.636856554490142e-10
ANs,478.8951,6.599065008502135e-10
ANs,478.9426,6.584787597449287e-10
ANs,478.9902,6.608335600548674e-10
ANs,479.0377,6.739413697471322e-10
ANs,479.0852,6.778857760473179e-10
ANs,479.1327,6.738652384019875e-10
ANs,479.1801,6.730329642631817e-10
ANs,479.2276,6.79045150703544e-10
ANs,479.2751,6.673097332861114e-10
ANs,479.3226,6.882848211978e-10
ANs,479.3701,6.807866867473406e-10
ANs,479.4176,6.752184984591685e-10
ANs,479.4651,6.770121403811555e-10
ANs,479.5126,6.77266494603756e-10
ANs,479.5601,6.660786500120241e-10
ANs,479.6076,6.621425896310809e-10
ANs,479.655,6.465134253886418e-10
ANs,479.7025,6.39559033988842e-10
ANs,479.75,6.268424520626459e-10
ANs,479.7975,6.086093341554997e-10
ANs,479.845,6.026877546255431e-10
ANs,479.8925,5.930527761508835e-10
ANs,479.9399,5.911181132338575e-10
ANs,479.9874,5.875251615462304e-10
ANs,480.0349,5.720604279446157e-10
ANs,480.0824,5.65510702572845e-10
ANs,480.1298,5.755845889639305e-10
ANs,480.1773,5.681799592143974e-10
ANs,480.2248,5.565741955779255e-10
ANs,480.2722,5.505678371576847e-10
ANs,480.3197,5.487633793983771e-10
ANs,480.3672,5.486995235990179e-10
ANs,480.4146,5.494449770148935e-10
ANs,480.4621,5.353816487072066e-10
ANs,480.5095,5.465748747619705e-10
ANs,480.557,5.574973892310359e-10
ANs,480.6045,5.50466376618036e-10
ANs,480.6519,5.408439068783639e-10
ANs,480.6994,5.450634466412125e-10
ANs,480.7468,5.349614621964224e-10
ANs,480.7943,5.39296754582153e-10
ANs,480.8417,5.324629212659754e-10
ANs,480.8892,5.270801745963716e-10
ANs,480.9366,5.558822659294246e-10
ANs,480.9841,5.588100958321379e-10
ANs,481.0315,5.49991942820451e-10
ANs,481.079,5.460790551014864e-10
ANs,481.1264,5.392563187732571e-10
ANs,481.1739,5.353322027279853e-10
ANs,481.2213,5.368822331300113e-10
ANs,481.2688,5.341948966860997e-10
ANs,481.3162,5.390497403730625e-10
ANs,481.3636,5.353336945719674e-10
ANs,481.4111,5.263523224266709e-10
ANs,481.4585,5.220719451000788e-10
ANs,481.5059,5.20683173644908e-10
ANs,481.5534,5.16702060139364e-10
ANs,481.6008,5.317763192061102e-10
ANs,481.6482,5.033117656919916e-10
ANs,481.6957,4.952854560198625e-10
ANs,481.7431,4.896634908184824e-10
ANs,481.7905,4.940318390887548e-10
ANs,481.8379,4.881133666561463e-10
ANs,481.8854,4.92610951430967e-10
ANs,481.9328,4.820702146235558e-10
ANs,481.9802,4.629813931352791e-10
ANs,482.0276,4.588972181688731e-10
ANs,482.075,4.844373246062709e-10
ANs,482.1225,4.829841224110315e-10
ANs,482.1699,4.879362198339902e-10
ANs,482.2173,4.795731779516654e-10
ANs,482.2647,4.72024879148657e-10
ANs,482.3121,4.5259249919620596e-10
ANs,482.3595,4.516331651576567e-10
ANs,482.4069,4.380485418887652e-10
ANs,482.4544,4.3237498964094646e-10
ANs,482.5018,4.5682440705304766e-10
ANs,482.5492,4.634228284090198e-10
ANs,482.5966,4.526461973292469e-10
ANs,482.644,4.516103031736363e-10
ANs,482.6914,4.510157676895435e-10
ANs,482.7388,4.425043896346606e-10
ANs,482.7862,4.0679347437422615e-10
ANs,482.8336,3.9947490882702276e-10
ANs,482.881,3.868618897385254e-10
ANs,482.9284,3.8450827095846586e-10
ANs,482.9758,3.8036892330223415e-10
ANs,483.0232,3.7780568086717407e-10
ANs,483.0706,3.741683613438957e-10
ANs,483.1179,3.8126858300082313e-10
ANs,483.1653,3.825731412509279e-10
ANs,483.2127,3.501568185069076e-10
ANs,483.2601,3.3849408925570124e-10
ANs,483.3075,3.4013453007542885e-10
ANs,483.3549,3.335542076194505e-10
ANs,483.4023,3.3121487216922684e-10
ANs,483.4496,3.2722318980248553e-10
ANs,483.497,3.288112883168376e-10
ANs,483.5444,3.289867063315158e-10
ANs,483.5918,3.2760163929499965e-10
ANs,483.6392,3.2138320614193875e-10
ANs,483.6865,3.178874514718406e-10
ANs,483.7339,3.134389214200892e-10
ANs,483.7813,3.118926212540921e-10
ANs,483.8286,3.0739302317184947e-10
ANs,483.876,3.051148388562396e-10
ANs,483.9234,3.039527418994605e-10
ANs,483.9708,2.986760439683071e-10
ANs,484.0181,2.946823867388895e-10
ANs,484.0655,2.942703142309623e-10
ANs,484.1129,2.9376294702021227e-10
ANs,484.1602,2.985923158612272e-10
ANs,484.2076,2.9335715645049476e-10
ANs,484.2549,2.9379431697215426e-10
ANs,484.3023,2.94732762188026e-10
ANs,484.3497,2.9621293471743794e-10
ANs,484.397,2.97157722014599e-10
ANs,484.4444,2.9799315402285285e-10
ANs,484.4917,2.9840261929111036e-10
ANs,484.5391,2.971275178397199e-10
ANs,484.5864,2.9892643052434404e-10
ANs,484.6338,2.9500234255280474e-10
ANs,484.6811,2.999622012740562e-10
ANs,484.7285,3.028669889902298e-10
ANs,484.7758,3.009476786468224e-10
ANs,484.8232,2.9920530420764267e-10
ANs,484.8705,2.958379925824407e-10
ANs,484.9178,3.0278325518931076e-10
ANs,484.9652,2.9969746490011307e-10
ANs,485.0125,3.0407968141188054e-10
ANs,485.0599,3.045885478457187e-10
ANs,485.1072,3.022320365899057e-10
ANs,485.1545,2.994264120843822e-10
ANs,485.2019,2.9279480423174053e-10
ANs,485.2492,2.9050527061745076e-10
ANs,485.2965,2.861893537281913e-10
ANs,485.3439,2.8630284784269855e-10
ANs,485.3912,2.8308848852618174e-10
ANs,485.4385,2.800671443920426e-10
ANs,485.4858,2.75785535560604e-10
ANs,485.5332,2.7721320199904956e-10
ANs,485.5805,2.771031465267729e-10
ANs,485.6278,2.737911609013445e-10
ANs,485.6751,2.796689502327391e-10
ANs,485.7225,2.7730437156364447e-10
ANs,485.7698,2.7936612046676517e-10
ANs,485.8171,2.7441777371935136e-10
ANs,485.8644,2.8031539022005756e-10
ANs,485.9117,2.8479268109158016e-10
ANs,485.959,2.8590284032725757e-10
ANs,486.0064,2.840368434830864e-10
ANs,486.0537,2.8350704361163706e-10
ANs,486.101,2.8410445304461294e-10
ANs,486.1483,2.867622889009352e-10
ANs,486.1956,2.911270950237877e-10
ANs,486.2429,2.877478965158264e-10
ANs,486.2902,2.88060594603922e-10
ANs,486.3375,2.89620419153838e-10
ANs,486.3848,2.8417533755811007e-10
ANs,486.4321,2.8212866770777965e-10
ANs,486.4794,2.80525979607981e-10
ANs,486.5267,2.8667362909414e-10
ANs,486.574,2.861347917929309e-10
ANs,486.6213,2.933697467440345e-10
ANs,486.6686,2.892849080812222e-10
ANs,486.7159,2.9027958939155023e-10
ANs,486.7632,2.9414061182587243e-10
ANs,486.8105,2.9119471606156164e-10
ANs,486.8578,2.887349036798591e-10
ANs,486.905,2.952717197987731e-10
ANs,486.9523,2.980417808685696e-10
ANs,486.9996,2.94618055192318e-10
ANs,487.0469,2.946993710518794e-10
ANs,487.0942,2.9404516108734477e-10
ANs,487.1415,2.938092216570171e-10
ANs,487.1887,2.925070048886223e-10
ANs,487.236,2.868576020928882e-10
ANs,487.2833,2.8405105491658345e-10
ANs,487.3306,2.766407928240832e-10
ANs,487.3779,2.7987090827272105e-10
ANs,487.4251,2.8351510357353425e-10
ANs,487.4724,2.835105003971354e-10
ANs,487.5197,2.80869623729387e-10
ANs,487.5669,2.8034550309696016e-10
ANs,487.6142,2.726306064816e-10
ANs,487.6615,2.678454719644053e-10
ANs,487.7087,2.722151003789591e-10
ANs,487.756,2.7174265993027663e-10
ANs,487.8033,2.7263377850795136e-10
ANs,487.8505,2.7333262439740325e-10
ANs,487.8978,2.7408974043444975e-10
ANs,487.9451,2.757876628163562e-10
ANs,487.9923,2.740622787184024e-10
ANs,488.0396,2.7391761607026547e-10
ANs,488.0868,2.743327642207228e-10
ANs,488.1341,2.6975494947719187e-10
ANs,488.1813,2.695938134259222e-10
ANs,488.2286,2.72173393504719e-10
ANs,488.2758,2.735488442729488e-10
ANs,488.3231,2.726602562318274e-10
ANs,488.3703,2.708578907004582e-10
ANs,488.4176,2.6932282413314913e-10
ANs,488.4648,2.659699235657177e-10
ANs,488.5121,2.6674787020660243e-10
ANs,488.5593,2.640261001781083e-10
ANs,488.6066,2.6146650957344084e-10
ANs,488.6538,2.6608686265445286e-10
ANs,488.701,2.659501758621681e-10
ANs,488.7483,2.709106103709903e-10
ANs,488.7955,2.672691091060621e-10
ANs,488.8428,2.694820311459966e-10
ANs,488.89,2.6877255619728433e-10
ANs,488.9372,2.67007160261976e-10
ANs,488.9845,2.6581570846917084e-10
ANs,489.0317,2.6411494818599385e-10
ANs,489.0789,2.8737149789123964e-10
ANs,489.1261,3.157397629989259e-10
ANs,489.1734,3.194316653889889e-10
ANs,489.2206,3.199925776896647e-10
ANs,489.2678,3.2153356939057536e-10
ANs,489.315,3.229906448058719e-10
ANs,489.3623,3.2403707401113877e-10
ANs,489.4095,3.2127635854425453e-10
ANs,489.4567,3.149264134170508e-10
ANs,489.5039,3.163503043480955e-10
ANs,489.5511,3.1342036414938346e-10
ANs,489.5983,3.0966483095472246e-10
ANs,489.6456,3.127536564045497e-10
ANs,489.6928,3.1524571992671793e-10
ANs,489.74,3.217126788034786e-10
ANs,489.7872,3.028755237184379e-10
ANs,489.8344,2.74403370895747e-10
ANs,489.8816,2.7234379024930065e-10
ANs,489.9288,2.7075666628188374e-10
ANs,489.976,2.6998661184242985e-10
ANs,490.0232,2.6923701536114285e-10
ANs,490.0704,2.670840142727608e-10
ANs,490.1176,2.644875389293675e-10
ANs,490.1648,2.642318968708099e-10
ANs,490.212,2.628597650758268e-10
ANs,490.2592,2.6798419152558594e-10
ANs,490.3064,2.741731869944607e-10
ANs,490.3536,2.761807383707795e-10
ANs,490.4008,2.7706724545774245e-10
ANs,490.448,2.7506201580702223e-10
ANs,490.4952,2.7428503893070845e-10
ANs,490.5424,2.7508368021047e-10
ANs,490.5896,2.7387816370353086e-10
ANs,490.6368,2.747839660196411e-10
ANs,490.6839,2.7706071900295214e-10
ANs,490.7311,2.767120035404951e-10
ANs,490.7783,2.787327644275154e-10
ANs,490.8255,2.843196423633674e-10
ANs,490.8727,2.867496277569991e-10
ANs,490.9199,2.913098219008413e-10
ANs,490.967,2.9215805520533107e-10
ANs,491.0142,2.888486692458016e-10
ANs,491.0614,2.866123253428221e-10
ANs,491.1086,2.79222425817446e-10
ANs,491.1557,2.7924223127075256e-10
ANs,491.2029,2.767314887548067e-10
ANs,491.2501,2.7200604844939753e-10
ANs,491.2972,2.7551752893606717e-10
ANs,491.3444,2.75007110287266e-10
ANs,491.3916,2.754801337191565e-10
ANs,491.4387,2.829464050714697e-10
ANs,491.4859,2.7927662984677397e-10
ANs,491.5331,2.776769407037008e-10
ANs,491.5802,2.7522294663142743e-10
ANs,491.6274,2.7704263252558583e-10
ANs,491.6745,2.6716870949275104e-10
ANs,491.7217,2.664169173320586e-10
ANs,491.7689,2.661893009871069e-10
ANs,491.816,2.709776424000904e-10
ANs,491.8632,2.679643692030084e-10
ANs,491.9103,2.6922112371707826e-10
ANs,491.9575,2.7349106642102034e-10
ANs,492.0046,2.7449035603481585e-10
ANs,492.0518,2.728091314934707e-10
ANs,492.0989,2.7443650775184614e-10
ANs,492.1461,2.6699756185669115e-10
ANs,492.1932,2.633973797310168e-10
ANs,492.2403,2.617770364063912e-10
ANs,492.2875,2.622037430330928e-10
ANs,492.3346,2.583140591635532e-10
ANs,492.3818,2.6678414309903694e-10
ANs,492.4289,2.6961901579244337e-10
ANs,492.476,2.7158066111687493e-10
ANs,492.5232,2.740323085450677e-10
ANs,492.5703,2.771681118046831e-10
ANs,492.6174,2.753487337362672e-10
ANs,492.6646,2.7334922686392744e-10
ANs,492.7117,2.731802774992811e-10
ANs,492.7588,2.7410524310073904e-10
ANs,492.806,2.704968088703294e-10
ANs,492.8531,2.732733452937316e-10
ANs,492.9002,2.748927154860122e-10
ANs,492.9473,2.7885877493748575e-10
ANs,492.9945,2.7573923522064513e-10
ANs,493.0416,2.7678406982393723e-10
ANs,493.0887,2.7803709326433487e-10
ANs,493.1358,2.790134922417684e-10
ANs,493.1829,2.780089394626052e-10
ANs,493.2301,2.762698371306542e-10
ANs,493.2772,2.7473172844895285e-10
ANs,493.3243,2.7562254448508497e-10
ANs,493.3714,2.755211736741116e-10
ANs,493.4185,2.7110199809160757e-10
ANs,493.4656,2.706444534231717e-10
ANs,493.5127,2.686767237365444e-10
ANs,493.5598,2.671845472679307e-10
ANs,493.6069,2.7131322480037905e-10
ANs,493.654,2.698270776231629e-10
ANs,493.7011,2.741580414832148e-10
ANs,493.7483,2.771644632673925e-10
ANs,493.7954,2.7909233023356567e-10
ANs,493.8425,2.7318179999296533e-10
ANs,493.8896,2.732025482763297e-10
ANs,493.9366,2.728498225510816e-10
ANs,493.9837,2.709188065366124e-10
ANs,494.0308,2.7155047033348203e-10
ANs,494.0779,2.74493406730912e-10
ANs,494.125,2.7485260709955754e-10
ANs,494.1721,2.7427447278205075e-10
ANs,494.2192,2.7578747151674064e-10
ANs,494.2663,2.708435763769683e-10
ANs,494.3134,2.734836396770183e-10
ANs,494.3605,2.731506405453e-10
ANs,494.4075,2.712475868971636e-10
ANs,494.4546,2.6672093970911225e-10
ANs,494.5017,2.6425715201893446e-10
ANs,494.5488,2.695222224330863e-10
ANs,494.5959,2.6683575475741847e-10
ANs,494.6429,2.661255484532835e-10
ANs,494.69,2.647039262675532e-10
ANs,494.7371,2.645559588507357e-10
ANs,494.7842,2.6261106000789865e-10
ANs,494.8312,2.6517724265475074e-10
ANs,494.8783,2.640626430440788e-10
ANs,494.9254,2.6699424488490657e-10
ANs,494.9725,2.732991187437031e-10
ANs,495.0195,2.674191276496599e-10
ANs,495.0666,2.675488240443023e-10
ANs,495.1137,2.687920787336184e-10
ANs,495.1607,2.6857830084317957e-10
ANs,495.2078,2.636698098483638e-10
ANs,495.2548,2.634155365082743e-10
ANs,495.3019,2.6549367996161803e-10
ANs,495.349,2.638409358991055e-10
ANs,495.396,2.6636487554581e-10
ANs,495.4431,2.6854463335120136e-10
ANs,495.4901,2.6902713460713e-10
ANs,495.5372,2.675589652248544e-10
ANs,495.5842,2.7008512425697684e-10
ANs,495.6313,2.685976143479875e-10
ANs,495.6783,2.6578840738243024e-10
ANs,495.7254,2.6297134308959987e-10
ANs,495.7724,2.623746547592743e-10
ANs,495.8195,2.6203526380360133e-10
ANs,495.8665,2.6377851416761357e-10
ANs,495.9136,2.6503758697468774e-10
ANs,495.9606,2.6249555136370966e-10
ANs,496.0076,2.631448913867753e-10
ANs,496.0547,2.653466090128529e-10
ANs,496.1017,2.6512829780641387e-10
ANs,496.1488,2.6344647048092487e-10
ANs,496.1958,2.644960751413806e-10
ANs,496.2428,2.6261955962623583e-10
ANs,496.2899,2.6226848640457976e-10
ANs,496.3369,2.6208430599889497e-10
ANs,496.3839,2.614400596223753e-10
ANs,496.431,2.634040753228558e-10
ANs,496.478,2.6587972092168523e-10
ANs,496.525,2.6381592451693357e-10
ANs,496.572,2.644224168176095e-10
ANs,496.6191,2.6809296353686817e-10
ANs,496.6661,2.6628428916613093e-10
ANs,496.7131,2.655407602077041e-10
ANs,496.7601,2.6285192612291435e-10
ANs,496.8071,2.647234015414796e-10
ANs,496.8542,2.6287268164693324e-10
ANs,496.9012,2.623561668440857e-10
ANs,496.9482,2.6826263518594024e-10
ANs,496.9952,2.678818424040642e-10
ANs,497.0422,2.689748627437115e-10
ANs,497.0892,2.6722462801406873e-10
ANs,497.1362,2.6908639211342444e-10
ANs,497.1832,2.64776874027215e-10
ANs,497.2303,2.6530503248116725e-10
ANs,497.2773,2.6486302252761824e-10
ANs,497.3243,2.6200369830779626e-10
ANs,497.3713,2.644138922840003e-10
ANs,497.4183,2.6492541906134646e-10
ANs,497.4653,2.687908743820768e-10
ANs,497.5123,2.66440768507663e-10
ANs,497.5593,2.67101988909956e-10
ANs,497.6063,2.627556307977807e-10
ANs,497.6533,2.573712959166008e-10
ANs,497.7003,2.535600319312333e-10
ANs,497.7473,2.480755730246984e-10
ANs,497.7942,2.542265288895431e-10
ANs,497.8412,2.524919727624886e-10
ANs,497.8882,2.548933291342318e-10
ANs,497.9352,2.5703789701891787e-10
ANs,497.9822,2.5310359920873805e-10
ANs,498.0292,2.562873105841601e-10
ANs,498.0762,2.5614190512580436e-10
ANs,498.1232,2.5523869401620294e-10
ANs,498.1701,2.537876632042602e-10
ANs,498.2171,2.5478738022020687e-10
ANs,498.2641,2.592571298287042e-10
ANs,498.3111,2.577342736947132e-10
ANs,498.358,2.592185771385603e-10
ANs,498.405,2.659200180081657e-10
ANs,498.452,2.714015675801656e-10
ANs,498.499,2.5000938096260086e-10
ANs,498.5459,2.3464764524378503e-10
ANs,498.5929,2.3711816063280374e-10
ANs,498.6399,2.390200596241387e-10
ANs,498.6868,2.4267323667794346e-10
ANs,498.7338,2.3500680379775815e-10
ANs,498.7808,2.3813557152831046e-10
ANs,498.8277,2.382018602095265e-10
PNs,400.0416,6.879748228629558e-08
PNs,400.0911,6.74747550536132e-08
PNs,400.1407,6.637894068066888e-08
PNs,400.1903,6.509933403087374e-08
PNs,400.2399,6.431681160332003e-08
PNs,400.2894,6.345092030122299e-08
PNs,400.339,6.239624414441641e-08
PNs,400.3886,6.686040416441596e-08
PNs,400.4381,7.132268934498618e-08
PNs,400.4877,6.879390259888522e-08
PNs,400.5373,6.770461680947583e-08
PNs,400.5868,6.756107428159459e-08
PNs,400.6364,6.700473786611137e-08
PNs,400.686,6.586667742302948e-08
PNs,400.7355,6.413313237618901e-08
PNs,400.7851,6.337339105322712e-08
PNs,400.8346,6.21790095838434e-08
PNs,400.8842,6.175981630987923e-08
PNs,400.9337,6.125255978717959e-08
PNs,400.9833,6.185933222109582e-08
PNs,401.0328,6.619210432793338e-08
PNs,401.0824,7.12135887834746e-08
PNs,401.1319,7.370399174693277e-08
PNs,401.1815,7.41033831744956e-08
PNs,401.231,7.491067599050021e-08
PNs,401.2806,7.556556461286584e-08
PNs,401.3301,7.433771554233439e-08
PNs,401.3797,7.325102434861844e-08
PNs,401.4292,7.299466130596578e-08
PNs,401.4787,7.235246107537699e-08
PNs,401.5283,7.262641454848798e-08
PNs,401.5778,7.259282900685178e-08
PNs,401.6274,7.275755792427054e-08
PNs,401.6769,7.256650233424329e-08
PNs,401.7264,7.312462985221177e-08
PNs,401.776,6.713582724807808e-08
PNs,401.8255,6.085623596849928e-08
PNs,401.875,5.736306273280801e-08
PNs,401.9245,5.56979607269428e-08
PNs,401.9741,5.4569779710791804e-08
PNs,402.0236,5.2658897724081045e-08
PNs,402.0731,5.218277809118245e-08
PNs,402.1226,5.201213175085661e-08
PNs,402.1722,5.131334874951295e-08
PNs,402.2217,5.043406294930889e-08
PNs,402.2712,4.9925870318610184e-08
PNs,402.3207,5.222068058154643e-08
PNs,402.3702,5.1663051072508387e-08
PNs,402.4198,5.1286931506672017e-08
PNs,402.4693,5.069468156475846e-08
PNs,402.5188,5.251175456660327e-08
PNs,402.5683,5.159678906502518e-08
PNs,402.6178,5.071359531124751e-08
PNs,402.6673,5.123368694542149e-08
PNs,402.7168,5.172601072907388e-08
PNs,402.7663,5.152196282148415e-08
PNs,402.8158,5.285812266122802e-08
PNs,402.8653,5.287481749381503e-08
PNs,402.9149,5.299883529215096e-08
PNs,402.9644,5.388066192588772e-08
PNs,403.0139,5.460664007752821e-08
PNs,403.0634,5.146981166076163e-08
PNs,403.1128,5.08978899803416e-08
PNs,403.1623,5.1131520359605816e-08
PNs,403.2118,4.975835880126958e-08
PNs,403.2613,4.822443557798161e-08
PNs,403.3108,4.804082451870091e-08
PNs,403.3603,4.887093007515054e-08
PNs,403.4098,4.76463356149231e-08
PNs,403.4593,4.7551473064735316e-08
PNs,403.5088,4.7335902690203814e-08
PNs,403.5583,4.6444851803955676e-08
PNs,403.6078,4.648300640238838e-08
PNs,403.6572,4.7313054632021686e-08
PNs,403.7067,4.7015153500711463e-08
PNs,403.7562,4.6089689473292485e-08
PNs,403.8057,4.7091930624809605e-08
PNs,403.8552,4.7322722636272744e-08
PNs,403.9046,4.6422613611347436e-08
PNs,403.9541,4.619168859159889e-08
PNs,404.0036,4.536858240036329e-08
PNs,404.0531,4.592921767245149e-08
PNs,404.1025,4.564354158248392e-08
PNs,404.152,4.594911896823069e-08
PNs,404.2015,4.5009282122973064e-08
PNs,404.251,4.555240021210831e-08
PNs,404.3004,4.53194190427828e-08
PNs,404.3499,4.417559946123143e-08
PNs,404.3994,4.273399013953477e-08
PNs,404.4488,4.2705509976805956e-08
PNs,404.4983,4.247447297685932e-08
PNs,404.5477,4.144528490347793e-08
PNs,404.5972,4.134488762981284e-08
PNs,404.6467,4.1705756223750904e-08
PNs,404.6961,4.1324046356097834e-08
PNs,404.7456,4.175314639174388e-08
PNs,404.795,4.1637413968633355e-08
PNs,404.8445,4.1329651326759726e-08
PNs,404.8939,4.083335110609954e-08
PNs,404.9434,4.073304160875112e-08
PNs,404.9928,4.001930930884252e-08
PNs,405.0423,3.960832197009448e-08
PNs,405.0917,3.9257273469192735e-08
PNs,405.1412,3.9579412073716224e-08
PNs,405.1906,3.9765784133873456e-08
PNs,405.2401,3.9625598417410945e-08
PNs,405.2895,3.973396325103616e-08
PNs,405.3389,3.9215929034711495e-08
PNs,405.3884,3.880005790221552e-08
PNs,405.4378,3.888388160382536e-08
PNs,405.4873,3.843070547262357e-08
PNs,405.5367,3.743745589923658e-08
PNs,405.5861,3.759727014096497e-08
PNs,405.6356,3.766959104222446e-08
PNs,405.685,3.778988615428831e-08
PNs,405.7344,3.764831756871145e-08
PNs,405.7839,3.755142516723401e-08
PNs,405.8333,3.795955018690153e-08
PNs,405.8827,3.7644341770518075e-08
PNs,405.9321,3.699372731373038e-08
PNs,405.9816,3.6851846808363414e-08
PNs,406.031,3.669990692932016e-08
PNs,406.0804,3.69107521101558e-08
PNs,406.1298,3.698165018125589e-08
PNs,406.1792,3.646071682182778e-08
PNs,406.2287,3.6474895699230996e-08
PNs,406.2781,3.6572036216835574e-08
PNs,406.3275,3.649403813079687e-08
PNs,406.3769,3.636657455343923e-08
PNs,406.4263,3.576109228636357e-08
PNs,406.4757,3.606339389889299e-08
PNs,406.5251,3.589393865205187e-08
PNs,406.5745,3.5884877658198285e-08
PNs,406.624,3.5782011338853985e-08
PNs,406.6734,3.52967284887487e-08
PNs,406.7228,3.5063536748813885e-08
PNs,406.7722,3.4395081088544775e-08
PNs,406.8216,3.502884762631666e-08
PNs,406.871,3.436766845863756e-08
PNs,406.9204,3.430063694381212e-08
PNs,406.9698,3.491381204537214e-08
PNs,407.0192,3.483664415277116e-08
PNs,407.0686,3.385199711184997e-08
PNs,407.118,3.3923907429644605e-08
PNs,407.1674,3.381457528631711e-08
PNs,407.2168,3.35843802249075e-08
PNs,407.2661,3.298608312674989e-08
PNs,407.3155,3.283957092903682e-08
PNs,407.3649,3.2219584288262014e-08
PNs,407.4143,3.215273919766995e-08
PNs,407.4637,3.1792575665926383e-08
PNs,407.5131,3.207326936313974e-08
PNs,407.5625,3.122705673613531e-08
PNs,407.6118,3.166768619526301e-08
PNs,407.6612,3.132621798202945e-08
PNs,407.7106,3.029786128619069e-08
PNs,407.76,3.0187898732966805e-08
PNs,407.8094,3.0607541513843446e-08
PNs,407.8587,3.0384507804650207e-08
PNs,407.9081,3.0679944620675776e-08
PNs,407.9575,3.030462332143346e-08
PNs,408.0069,3.074581938945862e-08
PNs,408.0562,3.038295977644648e-08
PNs,408.1056,3.044341692248517e-08
PNs,408.155,3.046422092549869e-08
PNs,408.2043,3.040594644970787e-08
PNs,408.2537,3.0218077898602154e-08
PNs,408.3031,2.9859329388310494e-08
PNs,408.3524,2.9382095417036293e-08
PNs,408.4018,2.9702479719041932e-08
PNs,408.4512,3.01579630526849e-08
PNs,408.5005,3.015144050575145e-08
PNs,408.5499,3.014666357084257e-08
PNs,408.5992,2.976975568304804e-08
PNs,408.6486,2.9535940222439707e-08
PNs,408.6979,3.013682429318287e-08
PNs,408.7473,2.9720096596114748e-08
PNs,408.7966,2.9289336554442832e-08
PNs,408.846,2.9251367067784797e-08
PNs,408.8953,2.8714657715694387e-08
PNs,408.9447,2.8762293241491503e-08
PNs,408.994,2.856241714465405e-08
PNs,409.0434,2.861120276520524e-08
PNs,409.0927,2.8597672191003194e-08
PNs,409.1421,2.8430335321866688e-08
PNs,409.1914,2.7322147134771887e-08
PNs,409.2408,2.7075713088145804e-08
PNs,409.2901,2.66649285335157e-08
PNs,409.3394,2.720924687611565e-08
PNs,409.3888,2.7094497565985494e-08
PNs,409.4381,2.5896202844203163e-08
PNs,409.4874,2.5703323394160154e-08
PNs,409.5368,2.6073778282395677e-08
PNs,409.5861,2.6255965518444544e-08
PNs,409.6354,2.5826796625570937e-08
PNs,409.6848,2.6332366422144573e-08
PNs,409.7341,2.634715445276075e-08
PNs,409.7834,2.6278627028569383e-08
PNs,409.8327,2.6256616710779096e-08
PNs,409.8821,2.661375085116709e-08
PNs,409.9314,2.688385699862131e-08
PNs,409.9807,2.648791495932229e-08
PNs,410.03,2.600979460935624e-08
PNs,410.0793,2.550474075143947e-08
PNs,410.1287,2.4930089147964904e-08
PNs,410.178,2.547633602642166e-08
PNs,410.2273,2.5425333518950734e-08
PNs,410.2766,2.5040434332955738e-08
PNs,410.3259,2.5205123666158295e-08
PNs,410.3752,2.5489176881851587e-08
PNs,410.4245,2.4867899906492088e-08
PNs,410.4739,2.493044849721538e-08
PNs,410.5232,2.4578144673840448e-08
PNs,410.5725,2.471055740456331e-08
PNs,410.6218,2.386297289830199e-08
PNs,410.6711,2.392726745413101e-08
PNs,410.7204,2.4050215576574135e-08
PNs,410.7697,2.439024539183995e-08
PNs,410.819,2.396407190441914e-08
PNs,410.8683,2.4342165270272904e-08
PNs,410.9176,2.4042615270157997e-08
PNs,410.9669,2.3982203742684207e-08
PNs,411.0162,2.4353788646945146e-08
PNs,411.0655,2.355258232221437e-08
PNs,411.1148,2.3128861874693334e-08
PNs,411.164,2.3032400153071648e-08
PNs,411.2133,2.2785924237781334e-08
PNs,411.2626,2.2605560037130506e-08
PNs,411.3119,2.246510699194033e-08
PNs,411.3612,2.264541095537216e-08
PNs,411.4105,2.24643253564202e-08
PNs,411.4598,2.216392080042831e-08
PNs,411.509,2.1703276570900522e-08
PNs,411.5583,2.190609292548973e-08
PNs,411.6076,2.15081006842511e-08
PNs,411.6569,2.117219095302819e-08
PNs,411.7062,2.10317889721465e-08
PNs,411.7554,2.1025418634977692e-08
PNs,411.8047,2.127316653949559e-08
PNs,411.854,2.167720203596252e-08
PNs,411.9033,2.1688171171134342e-08
PNs,411.9525,2.1822262054009017e-08
PNs,412.0018,2.17683753291772e-08
PNs,412.0511,2.1828254983162974e-08
PNs,412.1003,2.159715704621094e-08
PNs,412.1496,2.1425188856546416e-08
PNs,412.1989,2.1680375754297252e-08
PNs,412.2481,2.1482155501328712e-08
PNs,412.2974,2.116069300543092e-08
PNs,412.3466,2.1317031879639327e-08
PNs,412.3959,2.127967126832776e-08
PNs,412.4452,2.1469333760714793e-08
PNs,412.4944,2.0879408335257972e-08
PNs,412.5437,2.0395652439781443e-08
PNs,412.5929,2.008978015394286e-08
PNs,412.6422,1.954061477627409e-08
PNs,412.6914,1.8976531576613594e-08
PNs,412.7407,1.8916125751332004e-08
PNs,412.7899,1.8345861003189532e-08
PNs,412.8392,1.8506240482724537e-08
PNs,412.8884,1.8422358345332728e-08
PNs,412.9377,1.8157665960360885e-08
PNs,412.9869,1.847592976190366e-08
PNs,413.0362,1.8616301287888347e-08
PNs,413.0854,1.839676529640003e-08
PNs,413.1346,1.8364500813550673e-08
PNs,413.1839,1.810653690394803e-08
PNs,413.2331,1.8207433211960752e-08
PNs,413.2823,1.8334355184476908e-08
PNs,413.3316,1.8664918485030245e-08
PNs,413.3808,1.8635540384877098e-08
PNs,413.43,1.8650910542944914e-08
PNs,413.4793,1.898423373772451e-08
PNs,413.5285,1.9155393295219405e-08
PNs,413.5777,1.895360623367048e-08
PNs,413.627,1.89904696806551e-08
PNs,413.6762,1.90203433466042e-08
PNs,413.7254,1.89831429358469e-08
PNs,413.7746,1.892363393526537e-08
PNs,413.8239,1.8630362070282292e-08
PNs,413.8731,1.867365093746296e-08
PNs,413.9223,1.8852628150042997e-08
PNs,413.9715,1.8521548200305908e-08
PNs,414.0207,1.8491048106112104e-08
PNs,414.07,1.8387429338641713e-08
PNs,414.1192,1.862989739095128e-08
PNs,414.1684,1.8469569604515312e-08
PNs,414.2176,1.8197811508133323e-08
PNs,414.2668,1.8069507604201264e-08
PNs,414.316,1.7977340380008675e-08
PNs,414.3652,1.7864236521421038e-08
PNs,414.4144,1.755796596917937e-08
PNs,414.4636,1.715357827685107e-08
PNs,414.5128,1.677033633224737e-08
PNs,414.562,1.7096615869649055e-08
PNs,414.6112,1.705853308770556e-08
PNs,414.6605,1.7018456960448098e-08
PNs,414.7097,1.68294452192262e-08
PNs,414.7588,1.660604028826322e-08
PNs,414.808,1.627219545376331e-08
PNs,414.8572,1.6121644763580538e-08
PNs,414.9064,1.6276827797572766e-08
PNs,414.9556,1.6229864366633864e-08
PNs,415.0048,1.630021029221572e-08
PNs,415.054,1.61144964922911e-08
PNs,415.1032,1.619601595591938e-08
PNs,415.1524,1.615923987265996e-08
PNs,415.2016,1.605073564752562e-08
PNs,415.2508,1.603581839951106e-08
PNs,415.2999,1.6042600479358443e-08
PNs,415.3491,1.5924505240329247e-08
PNs,415.3983,1.563304029598277e-08
PNs,415.4475,1.5905093479232493e-08
PNs,415.4967,1.5851425253185927e-08
PNs,415.5458,1.5805881057153592e-08
PNs,415.595,1.5516941194971252e-08
PNs,415.6442,1.527191817807637e-08
PNs,415.6934,1.5026382017467643e-08
PNs,415.7425,1.4787267533714624e-08
PNs,415.7917,1.5043095078706376e-08
PNs,415.8409,1.4830394216861327e-08
PNs,415.8901,1.4775984802840121e-08
PNs,415.9392,1.458209529312516e-08
PNs,415.9884,1.4656401121502397e-08
PNs,416.0376,1.4336979991800941e-08
PNs,416.0867,1.4062598735429892e-08
PNs,416.1359,1.3998852623031206e-08
PNs,416.185,1.3695426039019722e-08
PNs,416.2342,1.3783585385349931e-08
PNs,416.2834,1.349429284511912e-08
PNs,416.3325,1.3494465145059121e-08
PNs,416.3817,1.3267587898690854e-08
PNs,416.4308,1.3397068442588254e-08
PNs,416.48,1.3543284716186976e-08
PNs,416.5291,1.3401165228992522e-08
PNs,416.5783,1.358342831182217e-08
PNs,416.6274,1.3683688152244213e-08
PNs,416.6766,1.3813526590285986e-08
PNs,416.7257,1.37099642323966e-08
PNs,416.7749,1.3730971643480496e-08
PNs,416.824,1.3701991541418458e-08
PNs,416.8732,1.3698702888921418e-08
PNs,416.9223,1.3975065774497658e-08
PNs,416.9715,1.388319355413259e-08
PNs,417.0206,1.3946721969528597e-08
PNs,417.0697,1.3705091191477405e-08
PNs,417.1189,1.3972219313490963e-08
PNs,417.168,1.3676374653225798e-08
PNs,417.2171,1.3391483130403661e-08
PNs,417.2663,1.312505964321872e-08
PNs,417.3154,1.3033311168142105e-08
PNs,417.3645,1.2962800887106174e-08
PNs,417.4137,1.2918319894628228e-08
PNs,417.4628,1.2736986880331295e-08
PNs,417.5119,1.2499053826650339e-08
PNs,417.561,1.2508281697686234e-08
PNs,417.6102,1.2239267078479747e-08
PNs,417.6593,1.1846347846077147e-08
PNs,417.7084,1.1689928880659526e-08
PNs,417.7575,1.1535045044229665e-08
PNs,417.8067,1.146921959418543e-08
PNs,417.8558,1.124867430448228e-08
PNs,417.9049,1.1338479028750926e-08
PNs,417.954,1.1343822292232496e-08
PNs,418.0031,1.1404601366552837e-08
PNs,418.0522,1.1148628806785983e-08
PNs,418.1013,1.1016116600014191e-08
PNs,418.1505,1.0882548132382475e-08
PNs,418.1996,1.1000001433574265e-08
PNs,418.2487,1.0995017186127303e-08
PNs,418.2978,1.0803345788787235e-08
PNs,418.3469,1.0637783729478829e-08
PNs,418.396,1.0610635090159121e-08
PNs,418.4451,1.0719035947063116e-08
PNs,418.4942,1.0809570191309982e-08
PNs,418.5433,1.0989469514135849e-08
PNs,418.5924,1.0872093292694294e-08
PNs,418.6415,1.067501770809691e-08
PNs,418.6906,1.058581607606819e-08
PNs,418.7397,1.0397023842998231e-08
PNs,418.7888,1.0527978843975322e-08
PNs,418.8379,1.0487657283009005e-08
PNs,418.887,1.0526704484305079e-08
PNs,418.9361,1.0236018747923421e-08
PNs,418.9851,1.0140116944583504e-08
PNs,419.0342,1.0105624615510575e-08
PNs,419.0833,1.0225939125952238e-08
PNs,419.1324,1.0144595597750735e-08
PNs,419.1815,1.0055566868426577e-08
PNs,419.2306,9.933890828891809e-09
PNs,419.2796,9.933152903541448e-09
PNs,419.3287,9.933555084233445e-09
PNs,419.3778,1.0013309957780145e-08
PNs,419.4269,9.948941953828529e-09
PNs,419.476,9.979767732506768e-09
PNs,419.525,9.812684915180614e-09
PNs,419.5741,9.758425874308191e-09
PNs,419.6232,9.578930853557581e-09
PNs,419.6723,9.738442524973686e-09
PNs,419.7213,9.676780778573348e-09
PNs,419.7704,9.606401436134585e-09
PNs,419.8195,9.59260973332972e-09
PNs,419.8685,9.640339665514766e-09
PNs,419.9176,9.54456642445708e-09
PNs,419.9667,9.540386032486564e-09
PNs,420.0157,9.451794903268642e-09
PNs,420.0648,9.435653696028452e-09
PNs,420.1138,9.389510041335826e-09
PNs,420.1629,9.388473803931078e-09
PNs,420.212,9.242706001846013e-09
PNs,420.261,9.328664051946538e-09
PNs,420.3101,9.156872610152242e-09
PNs,420.3591,9.200947460480257e-09
PNs,420.4082,9.196654224743542e-09
PNs,420.4572,9.312095687313645e-09
PNs,420.5063,9.391293659189776e-09
PNs,420.5553,9.39987613163827e-09
PNs,420.6044,9.346919692676394e-09
PNs,420.6534,9.320724578621296e-09
PNs,420.7025,9.165434831518067e-09
PNs,420.7515,8.991434758731723e-09
PNs,420.8005,8.933991885340794e-09
PNs,420.8496,8.914886387835342e-09
PNs,420.8986,8.734551452407215e-09
PNs,420.9477,8.786413741167793e-09
PNs,420.9967,8.420567480217177e-09
PNs,421.0457,8.644786825278544e-09
PNs,421.0948,8.599066777942451e-09
PNs,421.1438,8.391251005616733e-09
PNs,421.1928,8.18627733671502e-09
PNs,421.2419,8.071751999443021e-09
PNs,421.2909,7.889346510436857e-09
PNs,421.3399,7.763326449367381e-09
PNs,421.3889,7.465155660413804e-09
PNs,421.438,7.505269221121463e-09
PNs,421.487,7.615044290335685e-09
PNs,421.536,7.45240512051929e-09
PNs,421.585,7.3981421618359555e-09
PNs,421.6341,7.347944360650874e-09
PNs,421.6831,7.45406863678208e-09
PNs,421.7321,7.742016034057793e-09
PNs,421.7811,7.688846552604904e-09
PNs,421.8301,7.732816227782601e-09
PNs,421.8791,7.760275846844752e-09
PNs,421.9282,7.669487452877023e-09
PNs,421.9772,7.76726871540328e-09
PNs,422.0262,7.867040380417144e-09
PNs,422.0752,7.850714242642509e-09
PNs,422.1242,7.944799686872362e-09
PNs,422.1732,7.850423617770642e-09
PNs,422.2222,7.905182242609033e-09
PNs,422.2712,8.048815632367882e-09
PNs,422.3202,7.973947345597364e-09
PNs,422.3692,8.029706000653275e-09
PNs,422.4182,7.952276213380738e-09
PNs,422.4672,7.773864113907949e-09
PNs,422.5162,7.687564814653218e-09
PNs,422.5652,7.544362709612948e-09
PNs,422.6142,7.56229690230866e-09
PNs,422.6632,7.668541513033238e-09
PNs,422.7122,7.55995945079107e-09
PNs,422.7612,7.721403974188722e-09
PNs,422.8102,7.705604076961797e-09
PNs,422.8592,7.799903746408375e-09
PNs,422.9081,7.774164125114183e-09
PNs,422.9571,7.526541913407223e-09
PNs,423.0061,7.465765120592819e-09
PNs,423.0551,7.334336355934272e-09
PNs,423.1041,7.250867968772271e-09
PNs,423.1531,7.189313199793447e-09
PNs,423.202,7.141032748604606e-09
PNs,423.251,7.114556727921657e-09
PNs,423.3,7.115209324405204e-09
PNs,423.349,7.0960575474883765e-09
PNs,423.3979,6.929588575875363e-09
PNs,423.4469,6.808602045953908e-09
PNs,423.4959,6.572086032477183e-09
PNs,423.5449,6.515635644082967e-09
PNs,423.5938,6.385834025143055e-09
PNs,423.6428,6.368835617368151e-09
PNs,423.6918,6.411784705437234e-09
PNs,423.7407,6.3878547260059495e-09
PNs,423.7897,6.494931000311275e-09
PNs,423.8387,6.510594661648163e-09
PNs,423.8876,6.498611973368293e-09
PNs,423.9366,6.4133373360274745e-09
PNs,423.9855,6.293401034428213e-09
PNs,424.0345,6.3769530334840045e-09
PNs,424.0835,6.283360510996013e-09
PNs,424.1324,6.383663842637518e-09
PNs,424.1814,6.566921445967868e-09
PNs,424.2303,6.48159520202536e-09
PNs,424.2793,6.5265193522532906e-09
PNs,424.3282,6.648985252177213e-09
PNs,424.3772,6.6348491775167895e-09
PNs,424.4261,6.634820583061892e-09
PNs,424.4751,6.633908221296226e-09
PNs,424.524,6.5630873820665336e-09
PNs,424.573,6.511351677939254e-09
PNs,424.6219,6.400615175927785e-09
PNs,424.6708,6.425421690728538e-09
PNs,424.7198,6.455521916751886e-09
PNs,424.7687,6.3425038473080945e-09
PNs,424.8177,6.3724850480422255e-09
PNs,424.8666,6.342660361412982e-09
PNs,424.9155,6.207271254908562e-09
PNs,424.9645,6.092879129277581e-09
PNs,425.0134,6.099353889425247e-09
PNs,425.0623,6.075214844812976e-09
PNs,425.1113,6.040893290840017e-09
PNs,425.1602,5.950207191418625e-09
PNs,425.2091,5.8902800598582096e-09
PNs,425.258,5.920370473794038e-09
PNs,425.307,6.016622518466694e-09
PNs,425.3559,6.051599498439325e-09
PNs,425.4048,5.9265748382279535e-09
PNs,425.4537,5.9052540560564325e-09
PNs,425.5027,5.9922221832785155e-09
PNs,425.5516,5.905230416149454e-09
PNs,425.6005,5.796008010996769e-09
PNs,425.6494,5.69183023106639e-09
PNs,425.6983,5.722633319767768e-09
PNs,425.7472,5.6425664062375295e-09
PNs,425.7962,5.6074173654272e-09
PNs,425.8451,5.5738579918761726e-09
PNs,425.894,5.604411896796354e-09
PNs,425.9429,5.6314299919408346e-09
PNs,425.9918,5.445826282734376e-09
PNs,426.0407,5.426948358818556e-09
PNs,426.0896,5.38330678869524e-09
PNs,426.1385,5.503569583199894e-09
PNs,426.1874,5.411172826592407e-09
PNs,426.2363,5.423205376581237e-09
PNs,426.2852,5.487511724662539e-09
PNs,426.3341,5.4514913729558905e-09
PNs,426.383,5.535099323580563e-09
PNs,426.4319,5.476495815944093e-09
PNs,426.4808,5.487057874573214e-09
PNs,426.5297,5.3876662094610275e-09
PNs,426.5786,5.385894184580861e-09
PNs,426.6275,5.32593711058694e-09
PNs,426.6764,5.260221963072876e-09
PNs,426.7252,5.3596777661564036e-09
PNs,426.7741,5.243752882406078e-09
PNs,426.823,5.209162742192723e-09
PNs,426.8719,5.133293391225895e-09
PNs,426.9208,5.139820567655475e-09
PNs,426.9697,4.984425905444069e-09
PNs,427.0185,4.865927088371884e-09
PNs,427.0674,4.858449196218133e-09
PNs,427.1163,4.766873980398487e-09
PNs,427.1652,4.800287705872452e-09
PNs,427.2141,4.720905984805929e-09
PNs,427.2629,4.673446069062643e-09
PNs,427.3118,4.565136837819365e-09
PNs,427.3607,4.550042662180265e-09
PNs,427.4095,4.567384534712459e-09
PNs,427.4584,4.521631406412226e-09
PNs,427.5073,4.512053864111987e-09
PNs,427.5562,4.47704769161841e-09
PNs,427.605,4.508923440306308e-09
PNs,427.6539,4.55402703712989e-09
PNs,427.7027,4.59867476588062e-09
PNs,427.7516,4.601958484008474e-09
PNs,427.8005,4.621949438673901e-09
PNs,427.8493,4.624851826529074e-09
PNs,427.8982,4.617353107656698e-09
PNs,427.947,4.6018006825250814e-09
PNs,427.9959,4.647289758831428e-09
PNs,428.0448,4.7396995568364144e-09
PNs,428.0936,4.692941707884726e-09
PNs,428.1425,4.6349294996860515e-09
PNs,428.1913,4.6472499316867395e-09
PNs,428.2402,4.65239783010138e-09
PNs,428.289,4.7590109084832045e-09
PNs,428.3378,4.724889690369866e-09
PNs,428.3867,4.712388905334294e-09
PNs,428.4355,4.675625855268359e-09
PNs,428.4844,4.683860693617078e-09
PNs,428.5332,5.052680327737493e-09
PNs,428.5821,5.112396810922688e-09
PNs,428.6309,5.088150146100464e-09
PNs,428.6797,5.118224965015681e-09
PNs,428.7286,5.1246968909296765e-09
PNs,428.7774,5.1160038208373626e-09
PNs,428.8262,5.193037121648162e-09
PNs,428.8751,5.186777278598716e-09
PNs,428.9239,5.257810410391589e-09
PNs,428.9727,5.323942488250071e-09
PNs,429.0216,5.229927626280714e-09
PNs,429.0704,5.068588166766185e-09
PNs,429.1192,5.05340982280144e-09
PNs,429.168,5.078045159782015e-09
PNs,429.2169,5.0734559976174485e-09
PNs,429.2657,4.65662776328716e-09
PNs,429.3145,4.561247594137558e-09
PNs,429.3633,4.521439431443892e-09
PNs,429.4121,4.484402736536747e-09
PNs,429.461,4.3987399305159386e-09
PNs,429.5098,4.282442283455322e-09
PNs,429.5586,4.199819822394779e-09
PNs,429.6074,4.124776176082496e-09
PNs,429.6562,3.903391110661938e-09
PNs,429.705,3.7654044334804074e-09
PNs,429.7538,3.6477955519379493e-09
PNs,429.8026,3.5875219932567486e-09
PNs,429.8515,3.414875419381459e-09
PNs,429.9003,3.1801852462107304e-09
PNs,429.9491,3.0630666417834744e-09
PNs,429.9979,2.972230285068031e-09
PNs,430.0467,2.875591757049494e-09
PNs,430.0955,2.7798610136272797e-09
PNs,430.1443,2.6999674803312963e-09
PNs,430.1931,2.5851780964023e-09
PNs,430.2419,2.5026039414505354e-09
PNs,430.2907,2.427385248866459e-09
PNs,430.3395,2.393057468402742e-09
PNs,430.3882,2.339598936936344e-09
PNs,430.437,2.2330472753858994e-09
PNs,430.4858,2.20590980287974e-09
PNs,430.5346,2.2000677827049946e-09
PNs,430.5834,2.195712353128207e-09
PNs,430.6322,2.188314828650026e-09
PNs,430.681,2.165770058891389e-09
PNs,430.7298,2.1943305340290788e-09
PNs,430.7785,2.188089804252751e-09
PNs,430.8273,2.152255397159094e-09
PNs,430.8761,2.1247696867528094e-09
PNs,430.9249,2.112867761871999e-09
PNs,430.9737,2.141228654191221e-09
PNs,431.0224,2.109148973459635e-09
PNs,431.0712,2.095402807047681e-09
PNs,431.12,2.091122171228685e-09
PNs,431.1688,2.1208888457147707e-09
PNs,431.2175,2.111914189426815e-09
PNs,431.2663,2.121462350960286e-09
PNs,431.3151,2.089429337206926e-09
PNs,431.3638,2.130205080183045e-09
PNs,431.4126,2.1039861159848566e-09
PNs,431.4614,2.018177435889829e-09
PNs,431.5101,1.987287571581128e-09
PNs,431.5589,2.000475282966508e-09
PNs,431.6077,1.999087619767642e-09
PNs,431.6564,1.9819621756230282e-09
PNs,431.7052,1.9469759907697478e-09
PNs,431.7539,1.957832705218292e-09
PNs,431.8027,1.942129466215835e-09
PNs,431.8514,1.9273865933401286e-09
PNs,431.9002,1.9179805818311576e-09
PNs,431.949,1.9019899944374027e-09
PNs,431.9977,1.893635964728699e-09
PNs,432.0465,1.9075935015183565e-09
PNs,432.0952,1.871345921669286e-09
PNs,432.144,1.8815053938763474e-09
PNs,432.1927,1.8765553833454394e-09
PNs,432.2414,1.8870260452934534e-09
PNs,432.2902,1.8462557941643664e-09
PNs,432.3389,1.8177204850734909e-09
PNs,432.3877,1.8088028951800975e-09
PNs,432.4364,1.7974169748147583e-09
PNs,432.4851,1.7726190522969624e-09
PNs,432.5339,1.7548871741085746e-09
PNs,432.5826,1.7785675599497913e-09
PNs,432.6314,1.774490741964858e-09
PNs,432.6801,1.7461763240948453e-09
PNs,432.7288,1.7470961318154303e-09
PNs,432.7776,1.7183277958521429e-09
PNs,432.8263,1.719727244333231e-09
PNs,432.875,1.7075333954554838e-09
PNs,432.9237,1.7094501369703382e-09
PNs,432.9725,1.7065765240520924e-09
PNs,433.0212,1.743264588452352e-09
PNs,433.0699,1.7651532474500438e-09
PNs,433.1186,1.7696965924318954e-09
PNs,433.1674,1.7698479473866767e-09
PNs,433.2161,1.7789877228031383e-09
PNs,433.2648,1.7813034138798908e-09
PNs,433.3135,1.760248666382749e-09
PNs,433.3622,1.753022365087847e-09
PNs,433.4109,1.773265550036022e-09
PNs,433.4596,1.7551603095454606e-09
PNs,433.5084,1.7684956045490859e-09
PNs,433.5571,1.7532863847142926e-09
PNs,433.6058,1.7614693918866024e-09
PNs,433.6545,1.7631495344586861e-09
PNs,433.7032,1.738442664095252e-09
PNs,433.7519,1.7248010000269987e-09
PNs,433.8006,1.7083228759830196e-09
PNs,433.8493,1.7042266938273318e-09
PNs,433.898,1.6728621207967307e-09
PNs,433.9467,1.6558702317812724e-09
PNs,433.9954,1.63634037022831e-09
PNs,434.0441,1.6362129181551578e-09
PNs,434.0928,1.654881322672721e-09
PNs,434.1415,1.640577349141584e-09
PNs,434.1902,1.65617099936323e-09
PNs,434.2389,1.6573183434441934e-09
PNs,434.2876,1.6518898146427122e-09
PNs,434.3363,1.6284598996766929e-09
PNs,434.385,1.6176151599213647e-09
PNs,434.4336,1.6025527719837476e-09
PNs,434.4823,1.5698691032968406e-09
PNs,434.531,1.560125344800072e-09
PNs,434.5797,1.5774304534871694e-09
PNs,434.6284,1.6012534713336507e-09
PNs,434.6771,1.6030343583452107e-09
PNs,434.7257,1.5989204119795243e-09
PNs,434.7744,1.5840952855219292e-09
PNs,434.8231,1.5501285185000861e-09
PNs,434.8718,1.534257950608885e-09
PNs,434.9204,1.5151451016842158e-09
PNs,434.9691,1.5358315051961477e-09
PNs,435.0178,1.5396789031926635e-09
PNs,435.0665,1.5607104124300987e-09
PNs,435.1151,1.5772688428221546e-09
PNs,435.1638,1.5992918808542986e-09
PNs,435.2125,1.619296536102268e-09
PNs,435.2611,1.6154684455775375e-09
PNs,435.3098,1.5879805693875027e-09
PNs,435.3585,1.5592879643389766e-09
PNs,435.4071,1.550850546395108e-09
PNs,435.4558,1.5496911562787388e-09
PNs,435.5044,1.5782391729005853e-09
PNs,435.5531,1.572889763484639e-09
PNs,435.6018,1.591206787945499e-09
PNs,435.6504,1.5950887256324624e-09
PNs,435.6991,1.5587759377131498e-09
PNs,435.7477,1.560395396078586e-09
PNs,435.7964,1.5497183865092397e-09
PNs,435.845,1.5265266379420644e-09
PNs,435.8937,1.5116145812713227e-09
PNs,435.9423,1.5019311901308948e-09
PNs,435.991,1.4993130914924236e-09
PNs,436.0396,1.5107670554667848e-09
PNs,436.0883,1.523163293720601e-09
PNs,436.1369,1.5485764812325135e-09
PNs,436.1855,1.578691706320259e-09
PNs,436.2342,1.5437490736307265e-09
PNs,436.2828,1.545864666434216e-09
PNs,436.3315,1.5393774149423882e-09
PNs,436.3801,1.5405912285366483e-09
PNs,436.4287,1.5600367860874093e-09
PNs,436.4774,1.5715425922391522e-09
PNs,436.526,1.550981123358621e-09
PNs,436.5746,1.5522553272323563e-09
PNs,436.6233,1.562470397731757e-09
PNs,436.6719,1.5749450304046396e-09
PNs,436.7205,1.5750562085198356e-09
PNs,436.7692,1.5584868899352002e-09
PNs,436.8178,1.5610776571152598e-09
PNs,436.8664,1.544670309185117e-09
PNs,436.915,1.5167992292628947e-09
PNs,436.9636,1.5372293662549718e-09
PNs,437.0123,1.5519619653908756e-09
PNs,437.0609,1.5399038348024592e-09
PNs,437.1095,1.5349128962361906e-09
PNs,437.1581,1.515460186795161e-09
PNs,437.2067,1.4724086249809886e-09
PNs,437.2554,1.4547361848529436e-09
PNs,437.304,1.4667961083459756e-09
PNs,437.3526,1.44364268307015e-09
PNs,437.4012,1.4384561343571964e-09
PNs,437.4498,1.43646144226138e-09
PNs,437.4984,1.4478462645230406e-09
PNs,437.547,1.4138421970110735e-09
PNs,437.5956,1.3903176255746962e-09
PNs,437.6442,1.3722343427182456e-09
PNs,437.6928,1.3520179305645559e-09
PNs,437.7414,1.3421642615449068e-09
PNs,437.79,1.3521657517628302e-09
PNs,437.8386,1.3293123762888375e-09
PNs,437.8872,1.3219037967688393e-09
PNs,437.9358,1.3400127229322322e-09
PNs,437.9844,1.352404694442744e-09
PNs,438.033,1.3562437435818062e-09
PNs,438.0816,1.3649418773456427e-09
PNs,438.1302,1.3437705941920229e-09
PNs,438.1788,1.3749135221819415e-09
PNs,438.2274,1.3684684653367541e-09
PNs,438.2759,1.3988486908056526e-09
PNs,438.3245,1.3960386709088435e-09
PNs,438.3731,1.3972409697930868e-09
PNs,438.4217,1.4071107545840422e-09
PNs,438.4703,1.3784690605856164e-09
PNs,438.5189,1.3375450183679205e-09
PNs,438.5674,1.3311344232546167e-09
PNs,438.616,1.3638504860906494e-09
PNs,438.6646,1.3744482323328928e-09
PNs,438.7132,1.3677424679710617e-09
PNs,438.7618,1.351170973351923e-09
PNs,438.8103,1.3603750911844679e-09
PNs,438.8589,1.385995366578393e-09
PNs,438.9075,1.3410192748366572e-09
PNs,438.956,1.3229050903418524e-09
PNs,439.0046,1.3052634183112213e-09
PNs,439.0532,1.3058759848247465e-09
PNs,439.1017,1.318821684224135e-09
PNs,439.1503,1.3106467032344555e-09
PNs,439.1989,1.3156972417988575e-09
PNs,439.2474,1.3420198209410202e-09
PNs,439.296,1.3705013531935977e-09
PNs,439.3445,1.3690510173993323e-09
PNs,439.3931,1.3705331103964073e-09
PNs,439.4417,1.3896466868323044e-09
PNs,439.4902,1.3882211950778311e-09
PNs,439.5388,1.372817438348127e-09
PNs,439.5873,1.3540396211656676e-09
PNs,439.6359,1.347976799089142e-09
PNs,439.6844,1.3562588596204663e-09
PNs,439.733,1.3679369471132548e-09
PNs,439.7815,1.3582856346087797e-09
PNs,439.8301,1.3256810492005416e-09
PNs,439.8786,1.3046674172018003e-09
PNs,439.9272,1.3045789140292689e-09
PNs,439.9757,1.2891455975432987e-09
PNs,440.0242,1.2737337242015402e-09
PNs,440.0728,1.2376990843116486e-09
PNs,440.1213,1.233637104221233e-09
PNs,440.1699,1.2101364042094543e-09
PNs,440.2184,1.209096856964734e-09
PNs,440.2669,1.1959418969603454e-09
PNs,440.3155,1.1864932409096132e-09
PNs,440.364,1.2003610019937796e-09
PNs,440.4125,1.1996814265034874e-09
PNs,440.4611,1.1846361601655952e-09
PNs,440.5096,1.194616680183101e-09
PNs,440.5581,1.2119324141083004e-09
PNs,440.6066,1.2307268896709076e-09
PNs,440.6552,1.2430245333170617e-09
PNs,440.7037,1.2610957143436729e-09
PNs,440.7522,1.2639445705018666e-09
PNs,440.8007,1.2549236941403956e-09
PNs,440.8493,1.2360843183292241e-09
PNs,440.8978,1.2328686618335394e-09
PNs,440.9463,1.2182837090583995e-09
PNs,440.9948,1.2389101345241593e-09
PNs,441.0433,1.235759648676668e-09
PNs,441.0918,1.2125835259556515e-09
PNs,441.1403,1.2038021155355659e-09
PNs,441.1889,1.201514662289496e-09
PNs,441.2374,1.21753311537615e-09
PNs,441.2859,1.2228793297452178e-09
PNs,441.3344,1.217919631859171e-09
PNs,441.3829,1.212558793879482e-09
PNs,441.4314,1.187040360300585e-09
PNs,441.4799,1.1719239119232796e-09
PNs,441.5284,1.193502293037487e-09
PNs,441.5769,1.1970578751912888e-09
PNs,441.6254,1.1875928674244503e-09
PNs,441.6739,1.2166059000210248e-09
PNs,441.7224,1.1988573163783001e-09
PNs,441.7709,1.2227909345155757e-09
PNs,441.8194,1.2459599945915097e-09
PNs,441.8679,1.2216818997034206e-09
PNs,441.9164,1.2274693699556989e-09
PNs,441.9649,1.207811492734462e-09
PNs,442.0134,1.2157139811200583e-09
PNs,442.0618,1.2306587574836182e-09
PNs,442.1103,1.2168789914682738e-09
PNs,442.1588,1.236099801556827e-09
PNs,442.2073,1.2511407782798587e-09
PNs,442.2558,1.239007797496178e-09
PNs,442.3043,1.2406128265473207e-09
PNs,442.3527,1.2349700963045797e-09
PNs,442.4012,1.2197253198375683e-09
PNs,442.4497,1.2304638756594682e-09
PNs,442.4982,1.2018189027766778e-09
PNs,442.5467,1.1859086675505567e-09
PNs,442.5951,1.2187259186090135e-09
PNs,442.6436,1.2365794749764356e-09
PNs,442.6921,1.236498626801692e-09
PNs,442.7405,1.2219855272445424e-09
PNs,442.789,1.2064642324596497e-09
PNs,442.8375,1.2123321208955566e-09
PNs,442.8859,1.207726526239459e-09
PNs,442.9344,1.2006496573579846e-09
PNs,442.9829,1.1849445533416228e-09
PNs,443.0313,1.1851499016628253e-09
PNs,443.0798,1.2144949176336859e-09
PNs,443.1283,1.2080504479272836e-09
PNs,443.1767,1.1927370415144809e-09
PNs,443.2252,1.1865024472297872e-09
PNs,443.2736,1.1972876613451159e-09
PNs,443.3221,1.1832263527441387e-09
PNs,443.3705,1.1727039165591433e-09
PNs,443.419,1.1761994502353103e-09
PNs,443.4674,1.1751530022871548e-09
PNs,443.5159,1.1606362547444914e-09
PNs,443.5643,1.163098831347249e-09
PNs,443.6128,1.1605967957703349e-09
PNs,443.6612,1.1447670804811025e-09
PNs,443.7097,1.1522035681331865e-09
PNs,443.7581,1.1624839214472428e-09
PNs,443.8066,1.16642736199149e-09
PNs,443.855,1.172335449397219e-09
PNs,443.9035,1.175873378997926e-09
PNs,443.9519,1.1628938538178677e-09
PNs,444.0003,1.1592049032691607e-09
PNs,444.0488,1.1717045427186182e-09
PNs,444.0972,1.1450752489890532e-09
PNs,444.1456,1.1351179143829065e-09
PNs,444.1941,1.1277451813605775e-09
PNs,444.2425,1.1313148545103224e-09
PNs,444.2909,1.1252711783852653e-09
PNs,444.3394,1.1395738143740887e-09
PNs,444.3878,1.1574162641698098e-09
PNs,444.4362,1.17401777666961e-09
PNs,444.4846,1.1522300174782046e-09
PNs,444.5331,1.1406998191468598e-09
PNs,444.5815,1.1268842506225515e-09
PNs,444.6299,1.1119229440282545e-09
PNs,444.6783,1.1493174857017041e-09
PNs,444.7267,1.1488038465436537e-09
PNs,444.7752,1.1420967329788655e-09
PNs,444.8236,1.1487933979439094e-09
PNs,444.872,1.1524703057683816e-09
PNs,444.9204,1.1664966019213609e-09
PNs,444.9688,1.166979415868323e-09
PNs,445.0172,1.1712902058286393e-09
PNs,445.0656,1.1414792199735134e-09
PNs,445.114,1.1291235098354951e-09
PNs,445.1624,1.1124766149662702e-09
PNs,445.2108,1.1164947757823863e-09
PNs,445.2593,1.10429602194216e-09
PNs,445.3077,1.1070976136807922e-09
PNs,445.3561,1.13617977508727e-09
PNs,445.4045,1.1166778901484727e-09
PNs,445.4529,1.0890386804733672e-09
PNs,445.5013,1.06989742384194e-09
PNs,445.5497,1.0916307621728328e-09
PNs,445.5981,1.072096965033942e-09
PNs,445.6464,1.0569864724363067e-09
PNs,445.6948,1.0717431688060352e-09
PNs,445.7432,1.054035397127974e-09
PNs,445.7916,1.076743528872715e-09
PNs,445.84,1.0680005650063792e-09
PNs,445.8884,1.0555238170126934e-09
PNs,445.9368,1.0475030423866388e-09
PNs,445.9852,1.0423021932276944e-09
PNs,446.0336,1.0510977172831743e-09
PNs,446.0819,1.017629582362959e-09
PNs,446.1303,1.024889676609087e-09
PNs,446.1787,1.042508521952628e-09
PNs,446.2271,1.0446545895885528e-09
PNs,446.2755,1.029479931034762e-09
PNs,446.3238,1.03853681281272e-09
PNs,446.3722,1.0359380480671933e-09
PNs,446.4206,1.017234126698765e-09
PNs,446.469,1.02149806181937e-09
PNs,446.5173,9.96285117995676e-10
PNs,446.5657,9.92365780088504e-10
PNs,446.6141,1.0022779565642185e-09
PNs,446.6624,1.0161025134322609e-09
PNs,446.7108,1.01474553986821e-09
PNs,446.7592,9.981491969689932e-10
PNs,446.8075,9.99989847991012e-10
PNs,446.8559,9.94908736040048e-10
PNs,446.9042,9.867216377249642e-10
PNs,446.9526,9.76696307581391e-10
PNs,447.001,9.72638676524943e-10
PNs,447.0493,9.630232205010563e-10
PNs,447.0977,9.595873499036177e-10
PNs,447.146,9.332116028208141e-10
PNs,447.1944,9.376396912632501e-10
PNs,447.2427,9.533667522487107e-10
PNs,447.2911,9.579019863720044e-10
PNs,447.3394,9.3788402158398e-10
PNs,447.3878,9.306637073455392e-10
PNs,447.4361,9.339372842120435e-10
PNs,447.4845,9.314783674647842e-10
PNs,447.5328,9.417847986469795e-10
PNs,447.5812,9.408690125245848e-10
PNs,447.6295,9.32573615159575e-10
PNs,447.6779,9.471930047698324e-10
PNs,447.7262,9.371693544938886e-10
PNs,447.7745,9.438917248534907e-10
PNs,447.8229,9.643008166261892e-10
PNs,447.8712,9.901723219905488e-10
PNs,447.9195,9.829527830036336e-10
PNs,447.9679,9.752090819910815e-10
PNs,448.0162,9.698131700469326e-10
PNs,448.0645,9.860236268526852e-10
PNs,448.1129,9.748920038749418e-10
PNs,448.1612,9.85890695078063e-10
PNs,448.2095,9.890380367936158e-10
PNs,448.2578,9.733564190667372e-10
PNs,448.3062,9.480657781232228e-10
PNs,448.3545,9.432943270924711e-10
PNs,448.4028,9.142333055006405e-10
PNs,448.4511,9.090618892590061e-10
PNs,448.4995,9.073237016771376e-10
PNs,448.5478,8.740323471081369e-10
PNs,448.5961,8.572227389673523e-10
PNs,448.6444,8.621171733863842e-10
PNs,448.6927,8.649725976015544e-10
PNs,448.741,8.781075696838822e-10
PNs,448.7893,8.731373475714739e-10
PNs,448.8377,8.67325662401572e-10
PNs,448.886,8.347370033995776e-10
PNs,448.9343,8.356599709746762e-10
PNs,448.9826,8.45084051618215e-10
PNs,449.0309,8.554475399147441e-10
PNs,449.0792,8.769173645342789e-10
PNs,449.1275,9.021535931128777e-10
PNs,449.1758,9.09929406717807e-10
PNs,449.2241,9.026119283569984e-10
PNs,449.2724,9.141580713550245e-10
PNs,449.3207,9.306968265689435e-10
PNs,449.369,9.102378567879454e-10
PNs,449.4173,8.978109406362455e-10
PNs,449.4656,8.814134656518963e-10
PNs,449.5139,8.766833754914264e-10
PNs,449.5622,8.843163383498203e-10
PNs,449.6104,8.989273821871874e-10
PNs,449.6587,8.915383149026778e-10
PNs,449.707,8.750700896298528e-10
PNs,449.7553,8.901942247211716e-10
PNs,449.8036,8.726291768087708e-10
PNs,449.8519,8.574546052723265e-10
PNs,449.9002,8.542416186765045e-10
PNs,449.9484,8.578712388136684e-10
PNs,449.9967,8.594313685730357e-10
PNs,450.045,8.475117503858027e-10
PNs,450.0933,8.562162575063529e-10
PNs,450.1416,8.630103762884255e-10
PNs,450.1898,8.714514686985855e-10
PNs,450.2381,8.726612523747772e-10
PNs,450.2864,8.673917509596473e-10
PNs,450.3346,8.683084953384487e-10
PNs,450.3829,8.634739441336241e-10
PNs,450.4312,8.679270480723424e-10
PNs,450.4794,8.545180324913827e-10
PNs,450.5277,8.498786135759161e-10
PNs,450.576,8.615378916542531e-10
PNs,450.6242,8.532473735213638e-10
PNs,450.6725,8.446045178375528e-10
PNs,450.7208,8.353591909912313e-10
PNs,450.769,8.289632388364257e-10
PNs,450.8173,8.27535838672224e-10
PNs,450.8655,8.188581148932975e-10
PNs,450.9138,8.23350922639281e-10
PNs,450.9621,8.147145590968152e-10
PNs,451.0103,8.024441559609398e-10
PNs,451.0586,8.072087771906011e-10
PNs,451.1068,8.077159166096341e-10
PNs,451.1551,7.964763706035397e-10
PNs,451.2033,7.948895341664258e-10
PNs,451.2516,8.023270039099005e-10
PNs,451.2998,7.884047264944592e-10
PNs,451.348,7.857982600319075e-10
PNs,451.3963,7.856855952509295e-10
PNs,451.4445,7.835887901811247e-10
PNs,451.4928,7.732790155463735e-10
PNs,451.541,7.692977462410024e-10
PNs,451.5892,7.783675611383966e-10
PNs,451.6375,7.587904216554094e-10
PNs,451.6857,7.584661612743366e-10
PNs,451.734,7.605766177216217e-10
PNs,451.7822,7.411554008427334e-10
PNs,451.8304,7.302014353854619e-10
PNs,451.8786,7.289309653137403e-10
PNs,451.9269,7.37507343358668e-10
PNs,451.9751,7.434767001913578e-10
PNs,452.0233,7.430848558703669e-10
PNs,452.0716,7.447620843221509e-10
PNs,452.1198,7.400965808941265e-10
PNs,452.168,7.390261223778513e-10
PNs,452.2162,7.52571023560075e-10
PNs,452.2644,7.455970452829962e-10
PNs,452.3127,7.298868802860183e-10
PNs,452.3609,7.261196403034311e-10
PNs,452.4091,7.293057676012643e-10
PNs,452.4573,7.407348644555126e-10
PNs,452.5055,7.395779096960626e-10
PNs,452.5537,7.480532826128277e-10
PNs,452.6019,7.478418389923555e-10
PNs,452.6502,7.237540677016273e-10
PNs,452.6984,7.115361931400467e-10
PNs,452.7466,7.224610852709751e-10
PNs,452.7948,7.198105531248983e-10
PNs,452.843,7.191595491339734e-10
PNs,452.8912,7.153832174010689e-10
PNs,452.9394,7.102460585349808e-10
PNs,452.9876,7.157668074407261e-10
PNs,453.0358,7.118362380293783e-10
PNs,453.084,7.316748711249004e-10
PNs,453.1322,7.344892606060784e-10
PNs,453.1804,7.191057094152178e-10
PNs,453.2286,7.132216114934316e-10
PNs,453.2768,7.142959544828814e-10
PNs,453.325,7.107654264852481e-10
PNs,453.3732,7.210948742583092e-10
PNs,453.4213,7.30687596978593e-10
PNs,453.4695,7.220472021416237e-10
PNs,453.5177,7.286511710019732e-10
PNs,453.5659,7.320285172183694e-10
PNs,453.6141,7.445437165516106e-10
PNs,453.6623,7.496675558344243e-10
PNs,453.7105,7.45716290295837e-10
PNs,453.7586,7.534536966797284e-10
PNs,453.8068,7.217200686777472e-10
PNs,453.855,7.194599792104302e-10
PNs,453.9032,7.23159726319905e-10
PNs,453.9513,7.269716580309528e-10
PNs,453.9995,7.254085622661809e-10
PNs,454.0477,7.292773409898588e-10
PNs,454.0959,7.361628663991517e-10
PNs,454.144,7.212786554915041e-10
PNs,454.1922,7.166602110388549e-10
PNs,454.2404,7.012058060694794e-10
PNs,454.2885,6.86357959509535e-10
PNs,454.3367,6.743579468029377e-10
PNs,454.3849,6.711914921243608e-10
PNs,454.433,6.767128550003138e-10
PNs,454.4812,6.69728012042897e-10
PNs,454.5294,6.781353216179744e-10
PNs,454.5775,6.680569565341369e-10
PNs,454.6257,6.631976588416199e-10
PNs,454.6738,6.783001880023962e-10
PNs,454.722,6.737397401635275e-10
PNs,454.7701,6.805104552404106e-10
PNs,454.8183,6.633593108449086e-10
PNs,454.8664,6.530126099815083e-10
PNs,454.9146,6.530683938506809e-10
PNs,454.9627,6.613053267130492e-10
PNs,455.0109,6.78405168315386e-10
PNs,455.059,6.811491208264366e-10
PNs,455.1072,6.693943928620791e-10
PNs,455.1553,6.58027156991717e-10
PNs,455.2035,6.489408157488981e-10
PNs,455.2516,6.521156493629012e-10
PNs,455.2998,6.516270643832859e-10
PNs,455.3479,6.529851938943557e-10
PNs,455.396,6.391279224628951e-10
PNs,455.4442,6.313497364367626e-10
PNs,455.4923,6.219137470715836e-10
PNs,455.5404,6.167462477778282e-10
PNs,455.5886,6.288456266793452e-10
PNs,455.6367,6.178913223798795e-10
PNs,455.6848,6.127953912874756e-10
PNs,455.733,5.993181207887463e-10
PNs,455.7811,5.825815323373825e-10
PNs,455.8292,5.866677030180589e-10
PNs,455.8773,5.843120921259161e-10
PNs,455.9255,5.841247631769399e-10
PNs,455.9736,5.779198216447567e-10
PNs,456.0217,5.731924237236469e-10
PNs,456.0698,5.721154876497176e-10
PNs,456.1179,5.65541074419375e-10
PNs,456.1661,5.726551730779787e-10
PNs,456.2142,5.779247385238151e-10
PNs,456.2623,5.993826096905736e-10
PNs,456.3104,5.956232054074237e-10
PNs,456.3585,6.05689075375904e-10
PNs,456.4066,6.091369875572944e-10
PNs,456.4547,6.193055442767219e-10
PNs,456.5028,6.236387043235312e-10
PNs,456.551,6.240968654925623e-10
PNs,456.5991,6.285951821560586e-10
PNs,456.6472,6.399368363760603e-10
PNs,456.6953,6.368772783423783e-10
PNs,456.7434,6.435367434103053e-10
PNs,456.7915,6.404236081653463e-10
PNs,456.8396,6.359022897812348e-10
PNs,456.8877,6.346750957504394e-10
PNs,456.9358,6.25605289380773e-10
PNs,456.9839,6.12303481936334e-10
PNs,457.032,6.173322024421796e-10
PNs,457.08,6.174406571081866e-10
PNs,457.1281,6.130516771151692e-10
PNs,457.1762,6.002421168137026e-10
PNs,457.2243,6.016121669993689e-10
PNs,457.2724,6.043030323093421e-10
PNs,457.3205,6.04575207451771e-10
PNs,457.3686,6.087565101579237e-10
PNs,457.4167,6.1126269567897e-10
PNs,457.4647,6.00998934105326e-10
PNs,457.5128,6.08819184242621e-10
PNs,457.5609,6.173488654611193e-10
PNs,457.609,6.097146199137978e-10
PNs,457.6571,6.130564994640729e-10
PNs,457.7051,6.089095843491862e-10
PNs,457.7532,6.012975962087258e-10
PNs,457.8013,5.982766804314298e-10
PNs,457.8494,5.960617590335744e-10
PNs,457.8974,5.958293807057335e-10
PNs,457.9455,6.062168563352218e-10
PNs,457.9936,6.053758735184025e-10
PNs,458.0416,6.067467470064682e-10
PNs,458.0897,6.010655507068695e-10
PNs,458.1378,6.046768575165488e-10
PNs,458.1858,6.089914655713788e-10
PNs,458.2339,6.011419653372957e-10
PNs,458.282,5.939932525617262e-10
PNs,458.33,5.911140106419274e-10
PNs,458.3781,5.869445451630801e-10
PNs,458.4261,5.856925966534606e-10
PNs,458.4742,5.880078766305297e-10
PNs,458.5223,5.819742924946349e-10
PNs,458.5703,5.87289523712355e-10
PNs,458.6184,5.926279269435516e-10
PNs,458.6664,5.817592314260938e-10
PNs,458.7145,5.741914171727107e-10
PNs,458.7625,5.810629138003175e-10
PNs,458.8106,5.71919805858915e-10
PNs,458.8586,5.640016307787558e-10
PNs,458.9066,5.629898796472652e-10
PNs,458.9547,5.607062683474859e-10
PNs,459.0027,5.729085507023823e-10
PNs,459.0508,5.753980679976419e-10
PNs,459.0988,5.805872842287619e-10
PNs,459.1469,5.786959631408562e-10
PNs,459.1949,5.768509547434253e-10
PNs,459.2429,5.819004357567599e-10
PNs,459.291,5.775694351276157e-10
PNs,459.339,5.787931464143697e-10
PNs,459.387,5.781900036423238e-10
PNs,459.4351,5.840198401961311e-10
PNs,459.4831,5.762830845048206e-10
PNs,459.5311,5.815751178969549e-10
PNs,459.5791,5.804618781422792e-10
PNs,459.6272,5.781914775697982e-10
PNs,459.6752,5.836348856355444e-10
PNs,459.7232,5.776634629456227e-10
PNs,459.7712,5.790644958085803e-10
PNs,459.8193,5.83245127991835e-10
PNs,459.8673,5.856395055213007e-10
PNs,459.9153,5.881759253041772e-10
PNs,459.9633,5.893416529713628e-10
PNs,460.0113,5.881227989718066e-10
PNs,460.0593,5.91314231208998e-10
PNs,460.1074,5.882415681713305e-10
PNs,460.1554,5.866477192174105e-10
PNs,460.2034,5.804739870559073e-10
PNs,460.2514,5.827646045700239e-10
PNs,460.2994,5.922602597404404e-10
PNs,460.3474,5.961327739211692e-10
PNs,460.3954,5.949816044923342e-10
PNs,460.4434,5.868227974407544e-10
PNs,460.4914,5.940515592677587e-10
PNs,460.5394,5.82442466475809e-10
PNs,460.5874,5.773959057600817e-10
PNs,460.6354,5.719514650573427e-10
PNs,460.6834,5.683156611622612e-10
PNs,460.7314,5.692455841035667e-10
PNs,460.7794,5.584820896577461e-10
PNs,460.8274,5.631760500473096e-10
PNs,460.8754,5.639708611551004e-10
PNs,460.9234,5.638653922945625e-10
PNs,460.9714,5.584461898462958e-10
PNs,461.0194,5.531706291010659e-10
PNs,461.0674,5.61303509387253e-10
PNs,461.1153,5.658309419643313e-10
PNs,461.1633,5.69555870735523e-10
PNs,461.2113,5.562310190884353e-10
PNs,461.2593,5.718030381487183e-10
PNs,461.3073,5.882234893371471e-10
PNs,461.3553,5.860089088424006e-10
PNs,461.4032,5.867711947847741e-10
PNs,461.4512,5.806905462353017e-10
PNs,461.4992,5.86470506751848e-10
PNs,461.5472,5.884172464229399e-10
PNs,461.5951,5.863672418536089e-10
PNs,461.6431,5.855919310995065e-10
PNs,461.6911,5.759225080227648e-10
PNs,461.739,5.735397895084709e-10
PNs,461.787,5.707551276163024e-10
PNs,461.835,5.674962883772476e-10
PNs,461.883,5.594687433564574e-10
PNs,461.9309,5.641970182958256e-10
PNs,461.9789,5.562623811807567e-10
PNs,462.0268,5.365445234669479e-10
PNs,462.0748,5.408913249737087e-10
PNs,462.1228,5.386444639961034e-10
PNs,462.1707,5.407497569546189e-10
PNs,462.2187,5.33910935231204e-10
PNs,462.2666,5.265011156670777e-10
PNs,462.3146,5.271635788388589e-10
PNs,462.3625,5.255647045641534e-10
PNs,462.4105,5.352460914038345e-10
PNs,462.4584,5.430054959485849e-10
PNs,462.5064,5.396529078739411e-10
PNs,462.5543,5.312164594027373e-10
PNs,462.6023,5.400018784480737e-10
PNs,462.6502,5.43026712884422e-10
PNs,462.6982,5.437596456337061e-10
PNs,462.7461,5.527040458638428e-10
PNs,462.7941,5.591996445112058e-10
PNs,462.842,5.639844310119655e-10
PNs,462.8899,5.685038458446875e-10
PNs,462.9379,5.787454757259602e-10
PNs,462.9858,5.913379914541243e-10
PNs,463.0338,6.008509581271554e-10
PNs,463.0817,6.047106407025603e-10
PNs,463.1296,6.125745188555015e-10
PNs,463.1776,6.072353311011063e-10
PNs,463.2255,6.104014821693328e-10
PNs,463.2734,6.020490748339371e-10
PNs,463.3213,6.031677227221858e-10
PNs,463.3693,5.975037765589585e-10
PNs,463.4172,5.90800921654284e-10
PNs,463.4651,5.923046021425974e-10
PNs,463.513,5.815048538873636e-10
PNs,463.561,5.775031244340366e-10
PNs,463.6089,5.66500600023385e-10
PNs,463.6568,5.599726534054891e-10
PNs,463.7047,5.487190562047766e-10
PNs,463.7526,5.398946732197692e-10
PNs,463.8006,5.380030994853044e-10
PNs,463.8485,5.256760894146706e-10
PNs,463.8964,5.244953033289628e-10
PNs,463.9443,5.229958725732409e-10
PNs,463.9922,5.350657157504353e-10
PNs,464.0401,5.539803703510424e-10
PNs,464.088,5.581801009103472e-10
PNs,464.1359,5.637208569177722e-10
PNs,464.1838,5.634018693901023e-10
PNs,464.2317,5.794154108654346e-10
PNs,464.2796,5.762570817539823e-10
PNs,464.3275,5.863086143047452e-10
PNs,464.3754,5.877460140585912e-10
PNs,464.4233,5.910828473642985e-10
PNs,464.4712,5.867658647100777e-10
PNs,464.5191,5.917503145365075e-10
PNs,464.567,5.967740111466052e-10
PNs,464.6149,5.925651193013629e-10
PNs,464.6628,5.853567433271768e-10
PNs,464.7107,5.807761446114319e-10
PNs,464.7586,5.726371057567635e-10
PNs,464.8065,5.802784670930062e-10
PNs,464.8544,5.735075667001369e-10
PNs,464.9023,5.669962535683716e-10
PNs,464.9501,5.426947963826268e-10
PNs,464.998,5.430623346511577e-10
PNs,465.0459,5.418088226158182e-10
PNs,465.0938,5.453925310278201e-10
PNs,465.1417,5.475329436355043e-10
PNs,465.1895,5.48114433124217e-10
PNs,465.2374,5.458152527769035e-10
PNs,465.2853,5.354971425790225e-10
PNs,465.3332,5.407343075076324e-10
PNs,465.3811,5.503065773960092e-10
PNs,465.4289,5.62328821636404e-10
PNs,465.4768,5.510663455563162e-10
PNs,465.5247,5.397398813075062e-10
PNs,465.5725,5.479597850919528e-10
PNs,465.6204,5.505476075708243e-10
PNs,465.6683,5.677603572707753e-10
PNs,465.7161,5.695951471392321e-10
PNs,465.764,5.765662556999069e-10
PNs,465.8119,5.749005424214002e-10
PNs,465.8597,5.72895366739477e-10
PNs,465.9076,5.744390492847453e-10
PNs,465.9554,5.741697725689826e-10
PNs,466.0033,5.846104546501612e-10
PNs,466.0511,5.883216552854732e-10
PNs,466.099,5.838091761378272e-10
PNs,466.1469,5.824868107871067e-10
PNs,466.1947,5.915240248667576e-10
PNs,466.2426,5.923095607463538e-10
PNs,466.2904,5.928530537789131e-10
PNs,466.3383,5.9694812800567e-10
PNs,466.3861,5.932344810113503e-10
PNs,466.4339,5.994421594198951e-10
PNs,466.4818,5.934295511792523e-10
PNs,466.5296,5.945645390308443e-10
PNs,466.5775,5.904511512309168e-10
PNs,466.6253,5.86420255499616e-10
PNs,466.6732,5.911274478669309e-10
PNs,466.721,5.904876680284968e-10
PNs,466.7688,5.883065155267572e-10
PNs,466.8167,5.942802096714716e-10
PNs,466.8645,5.869604894882525e-10
PNs,466.9123,5.777600796790254e-10
PNs,466.9602,5.89782767615877e-10
PNs,467.008,5.816876739636952e-10
PNs,467.0558,5.788960891590216e-10
PNs,467.1036,5.79090579915389e-10
PNs,467.1515,5.722468086900644e-10
PNs,467.1993,5.726178270034204e-10
PNs,467.2471,5.673153226484364e-10
PNs,467.2949,5.727892531925426e-10
PNs,467.3428,5.79264539462854e-10
PNs,467.3906,5.769537781192107e-10
PNs,467.4384,5.746668341305834e-10
PNs,467.4862,5.75581911795135e-10
PNs,467.534,5.711883495838145e-10
PNs,467.5819,5.875203441113034e-10
PNs,467.6297,5.81820662681107e-10
PNs,467.6775,5.669866717693652e-10
PNs,467.7253,5.736543665034121e-10
PNs,467.7731,5.755227188867005e-10
PNs,467.8209,5.71703286677785e-10
PNs,467.8687,5.785906260648255e-10
PNs,467.9165,5.769379380442435e-10
PNs,467.9643,5.777229286172752e-10
PNs,468.0121,5.801598066360033e-10
PNs,468.0599,5.847594069420323e-10
PNs,468.1077,5.849248148390236e-10
PNs,468.1555,5.838671225129661e-10
PNs,468.2033,5.806712658526415e-10
PNs,468.2511,5.798299469047045e-10
PNs,468.2989,5.572439672766109e-10
PNs,468.3467,5.606616863186873e-10
PNs,468.3945,5.63041482099364e-10
PNs,468.4423,5.723991464703019e-10
PNs,468.4901,5.668119592804102e-10
PNs,468.5379,5.692952866675236e-10
PNs,468.5857,5.630033785634923e-10
PNs,468.6335,5.660043144276027e-10
PNs,468.6812,5.673073612017939e-10
PNs,468.729,5.566191900942744e-10
PNs,468.7768,5.472094939053171e-10
PNs,468.8246,5.464949154930261e-10
PNs,468.8724,5.457154736535236e-10
PNs,468.9202,5.419423987824466e-10
PNs,468.9679,5.409910468467244e-10
PNs,469.0157,5.530793034157738e-10
PNs,469.0635,5.478519309655772e-10
PNs,469.1113,5.546504474310908e-10
PNs,469.159,5.48060053536323e-10
PNs,469.2068,5.475205486598725e-10
PNs,469.2546,5.439023918882445e-10
PNs,469.3023,5.446154833694029e-10
PNs,469.3501,5.476021560575668e-10
PNs,469.3979,5.435667902957585e-10
PNs,469.4457,5.476658083348379e-10
PNs,469.4934,5.515079338984694e-10
PNs,469.5412,5.508421968200003e-10
PNs,469.5889,5.481883800957594e-10
PNs,469.6367,5.538124594887758e-10
PNs,469.6845,5.583092864183447e-10
PNs,469.7322,5.534972082885739e-10
PNs,469.78,5.696729476026752e-10
PNs,469.8277,5.682100914900179e-10
PNs,469.8755,5.60287100896063e-10
PNs,469.9232,5.729323543853173e-10
PNs,469.971,5.792316311114443e-10
PNs,470.0187,5.777458106366117e-10
PNs,470.0665,5.749351811410833e-10
PNs,470.1142,5.810194887032079e-10
PNs,470.162,5.889405202870175e-10
PNs,470.2097,5.949935673293476e-10
PNs,470.2575,5.941016839891453e-10
PNs,470.3052,5.967371425059585e-10
PNs,470.353,6.069839967020935e-10
PNs,470.4007,6.091170059446107e-10
PNs,470.4484,6.259573150355901e-10
PNs,470.4962,6.284071284674837e-10
PNs,470.5439,6.324034115753794e-10
PNs,470.5916,6.500513117754003e-10
PNs,470.6394,6.631752203833425e-10
PNs,470.6871,6.965787827731194e-10
PNs,470.7348,7.142056901344608e-10
PNs,470.7826,7.540401533927505e-10
PNs,470.8303,7.857494382757978e-10
PNs,470.878,8.293664149219884e-10
PNs,470.9257,8.767859092047472e-10
PNs,470.9735,9.231070486461687e-10
PNs,471.0212,9.79901446193142e-10
PNs,471.0689,1.0261594647881436e-09
PNs,471.1166,1.0813820380441617e-09
PNs,471.1644,1.138255818541414e-09
PNs,471.2121,1.2022659111161483e-09
PNs,471.2598,1.2781555617578776e-09
PNs,471.3075,1.3516076926848245e-09
PNs,471.3552,1.4196320777501011e-09
PNs,471.4029,1.4783197826926764e-09
PNs,471.4507,1.5623660621787843e-09
PNs,471.4984,1.62110757204808e-09
PNs,471.5461,1.6926302531054236e-09
PNs,471.5938,1.7528771270592496e-09
PNs,471.6415,1.790034110878164e-09
PNs,471.6892,1.8539037847296147e-09
PNs,471.7369,1.8933147673761148e-09
PNs,471.7846,1.9312031126628194e-09
PNs,471.8323,1.9624338759601034e-09
PNs,471.88,2.0116898314543018e-09
PNs,471.9277,2.0193917145457677e-09
PNs,471.9754,2.012871422809587e-09
PNs,472.0231,1.998521671658588e-09
PNs,472.0708,2.0069518540859055e-09
PNs,472.1185,1.9958468895639127e-09
PNs,472.1662,1.9914225643265e-09
PNs,472.2139,1.9935341104561774e-09
PNs,472.2616,1.984926367781187e-09
PNs,472.3093,1.980919048329548e-09
PNs,472.3569,1.979527981749013e-09
PNs,472.4046,1.965437905672477e-09
PNs,472.4523,1.9729165599531624e-09
PNs,472.5,1.977655182294764e-09
PNs,472.5477,1.9660464533653086e-09
PNs,472.5954,1.952057929892947e-09
PNs,472.643,1.962379746083373e-09
PNs,472.6907,1.9933019409729585e-09
PNs,472.7384,2.0212933938093497e-09
PNs,472.7861,2.051720395091428e-09
PNs,472.8338,2.028834595692614e-09
PNs,472.8814,2.0293391497116296e-09
PNs,472.9291,2.0237715315648213e-09
PNs,472.9768,2.0165521936416954e-09
PNs,473.0244,2.019208109208225e-09
PNs,473.0721,2.0259327761078268e-09
PNs,473.1198,2.0169033068035818e-09
PNs,473.1674,2.013703461716952e-09
PNs,473.2151,1.9850120536728103e-09
PNs,473.2628,2.001935504548752e-09
PNs,473.3104,1.990088272147719e-09
PNs,473.3581,1.9985031030373417e-09
PNs,473.4058,1.968352694492112e-09
PNs,473.4534,1.968734482331336e-09
PNs,473.5011,1.9027728001065046e-09
PNs,473.5487,1.9070937047554256e-09
PNs,473.5964,1.893109670620981e-09
PNs,473.644,1.901422952150645e-09
PNs,473.6917,1.876884453755631e-09
PNs,473.7393,1.8431784433665752e-09
PNs,473.787,1.8262886121081737e-09
PNs,473.8346,1.8199975244102673e-09
PNs,473.8823,1.7950182182090818e-09
PNs,473.9299,1.7946907020142544e-09
PNs,473.9776,1.7583164332824708e-09
PNs,474.0252,1.7408952618513e-09
PNs,474.0729,1.709375350230074e-09
PNs,474.1205,1.7030416295381902e-09
PNs,474.1681,1.698190761970112e-09
PNs,474.2158,1.7208627755394544e-09
PNs,474.2634,1.7451918110953822e-09
PNs,474.3111,1.7491032145077726e-09
PNs,474.3587,1.7477429470309532e-09
PNs,474.4063,1.7659884032750526e-09
PNs,474.454,1.7644894447477185e-09
PNs,474.5016,1.7541034239158012e-09
PNs,474.5492,1.755784838806978e-09
PNs,474.5968,1.7900004302369555e-09
PNs,474.6445,1.7842200403143917e-09
PNs,474.6921,1.7841595793311392e-09
PNs,474.7397,1.7782131019682425e-09
PNs,474.7873,1.7817332739430716e-09
PNs,474.835,1.8058246337363089e-09
PNs,474.8826,1.7819107158697125e-09
PNs,474.9302,1.7718049985110358e-09
PNs,474.9778,1.7425913128625999e-09
PNs,475.0254,1.751243518035248e-09
PNs,475.0731,1.7724900554697109e-09
PNs,475.1207,1.7538149160191269e-09
PNs,475.1683,1.7713231912103383e-09
PNs,475.2159,1.755406589770471e-09
PNs,475.2635,1.7498315582169872e-09
PNs,475.3111,1.7154573950801882e-09
PNs,475.3587,1.7389587722711167e-09
PNs,475.4063,1.7503789202211375e-09
PNs,475.4539,1.7444468940139662e-09
PNs,475.5015,1.7271335748381794e-09
PNs,475.5491,1.7170145308844726e-09
PNs,475.5967,1.7268185814674504e-09
PNs,475.6443,1.7138189156505585e-09
PNs,475.6919,1.7106169106419483e-09
PNs,475.7395,1.6708583303212966e-09
PNs,475.7871,1.6030659392874059e-09
PNs,475.8347,1.5894732877025276e-09
PNs,475.8823,1.585179285765142e-09
PNs,475.9299,1.609359963801076e-09
PNs,475.9775,1.6164279491599484e-09
PNs,476.0251,1.602576474349588e-09
PNs,476.0727,1.579896306957978e-09
PNs,476.1203,1.5652566710798174e-09
PNs,476.1679,1.5691092445358905e-09
PNs,476.2155,1.5757146951378485e-09
PNs,476.263,1.554107207052764e-09
PNs,476.3106,1.555768570807042e-09
PNs,476.3582,1.5634420657665027e-09
PNs,476.4058,1.583267852076567e-09
PNs,476.4534,1.6040671251972354e-09
PNs,476.5009,1.598729909838263e-09
PNs,476.5485,1.6276007461436282e-09
PNs,476.5961,1.6019944035606098e-09
PNs,476.6437,1.5834665223483957e-09
PNs,476.6912,1.6074880284180974e-09
PNs,476.7388,1.6174187167763438e-09
PNs,476.7864,1.628238357904361e-09
PNs,476.8339,1.6305768084479947e-09
PNs,476.8815,1.6141989556380477e-09
PNs,476.9291,1.5966898682921428e-09
PNs,476.9766,1.597577446820916e-09
PNs,477.0242,1.5990167976943858e-09
PNs,477.0718,1.5729605096386328e-09
PNs,477.1193,1.572609794153335e-09
PNs,477.1669,1.5411510395394195e-09
PNs,477.2144,1.5667901921143807e-09
PNs,477.262,1.5644778551156047e-09
PNs,477.3096,1.5603366629626539e-09
PNs,477.3571,1.5549536187930331e-09
PNs,477.4047,1.5358241090292412e-09
PNs,477.4522,1.5334117413100486e-09
PNs,477.4998,1.5190719544611226e-09
PNs,477.5473,1.5100339960501557e-09
PNs,477.5949,1.5397308903850495e-09
PNs,477.6424,1.573975306233929e-09
PNs,477.69,1.5899671503369654e-09
PNs,477.7375,1.5801291585012285e-09
PNs,477.785,1.6038196546240474e-09
PNs,477.8326,1.5842425904098606e-09
PNs,477.8801,1.6101037060413159e-09
PNs,477.9277,1.5851987674814006e-09
PNs,477.9752,1.5674550473123832e-09
PNs,478.0227,1.5758815881594861e-09
PNs,478.0703,1.574381879073163e-09
PNs,478.1178,1.5406668991269087e-09
PNs,478.1653,1.525418578332109e-09
PNs,478.2129,1.5072394293644105e-09
PNs,478.2604,1.502480912401023e-09
PNs,478.3079,1.4617396712497056e-09
PNs,478.3555,1.4580693541002012e-09
PNs,478.403,1.4424770346774642e-09
PNs,478.4505,1.4056062304170097e-09
PNs,478.498,1.3915677753568318e-09
PNs,478.5456,1.3930771224270874e-09
PNs,478.5931,1.3695600429221619e-09
PNs,478.6406,1.3652777293324933e-09
PNs,478.6881,1.3722823173188547e-09
PNs,478.7356,1.352824046325938e-09
PNs,478.7832,1.351382124074764e-09
PNs,478.8307,1.3554061835343882e-09
PNs,478.8782,1.3623245090071034e-09
PNs,478.9257,1.3708361392190805e-09
PNs,478.9732,1.3592824288878866e-09
PNs,479.0207,1.3549888104898365e-09
PNs,479.0682,1.3212941872279543e-09
PNs,479.1157,1.3137734148602376e-09
PNs,479.1632,1.3275662983881625e-09
PNs,479.2108,1.3209005340545626e-09
PNs,479.2583,1.3245638187379528e-09
PNs,479.3058,1.3278109141068176e-09
PNs,479.3533,1.324537051615546e-09
PNs,479.4008,1.3130624928432172e-09
PNs,479.4483,1.3104855160085872e-09
PNs,479.4958,1.305880257811239e-09
PNs,479.5433,1.3024231874036663e-09
PNs,479.5907,1.2932798984629781e-09
PNs,479.6382,1.2859680706753284e-09
PNs,479.6857,1.3111099085522656e-09
PNs,479.7332,1.3176585784307191e-09
PNs,479.7807,1.307046288370529e-09
PNs,479.8282,1.3006581171254477e-09
PNs,479.8757,1.2896683725091005e-09
PNs,479.9232,1.2691151278771846e-09
PNs,479.9707,1.2433182540953777e-09
PNs,480.0181,1.2390173045467578e-09
PNs,480.0656,1.241176116835893e-09
PNs,480.1131,1.240412706340826e-09
PNs,480.1606,1.2466711138876961e-09
PNs,480.2081,1.2291070298697643e-09
PNs,480.2555,1.2045257497305998e-09
PNs,480.303,1.1944166129324054e-09
PNs,480.3505,1.1738240047077667e-09
PNs,480.398,1.152976759384195e-09
PNs,480.4454,1.1478138578003216e-09
PNs,480.4929,1.1558552391888347e-09
PNs,480.5404,1.1332664992958138e-09
PNs,480.5878,1.1308924369305448e-09
PNs,480.6353,1.1562791582679097e-09
PNs,480.6828,1.1415971348375711e-09
PNs,480.7302,1.132642942957571e-09
PNs,480.7777,1.1195438532476956e-09
PNs,480.8252,1.0952678974420546e-09
PNs,480.8726,1.0659778107767313e-09
PNs,480.9201,1.060392488859877e-09
PNs,480.9675,1.0758964866654725e-09
PNs,481.015,1.0690663971513314e-09
PNs,481.0625,1.0665791029927558e-09
PNs,481.1099,1.057127138034673e-09
PNs,481.1574,1.052237369574267e-09
PNs,481.2048,1.0349208223720855e-09
PNs,481.2523,1.0362551419759649e-09
PNs,481.2997,1.016142279309935e-09
PNs,481.3472,9.85133946627444e-10
PNs,481.3946,9.914662920551856e-10
PNs,481.4421,9.855120064769878e-10
PNs,481.4895,9.743967125794038e-10
PNs,481.5369,9.690440724076222e-10
PNs,481.5844,9.905515765087143e-10
PNs,481.6318,9.823994309630425e-10
PNs,481.6793,9.641051875208144e-10
PNs,481.7267,9.524554760422617e-10
PNs,481.7741,9.674124400864542e-10
PNs,481.8216,9.52103295092957e-10
PNs,481.869,9.420367404985204e-10
PNs,481.9164,9.539417362077833e-10
PNs,481.9639,9.57554350139896e-10
PNs,482.0113,9.59883757659259e-10
PNs,482.0587,9.71384934967888e-10
PNs,482.1062,9.675879523837014e-10
PNs,482.1536,9.592652649278974e-10
PNs,482.201,9.76232768735643e-10
PNs,482.2484,9.864916224472688e-10
PNs,482.2959,9.705425452390125e-10
PNs,482.3433,9.713170895025309e-10
PNs,482.3907,9.63794122591096e-10
PNs,482.4381,9.687930743118909e-10
PNs,482.4855,9.54779699466588e-10
PNs,482.533,9.633950425362458e-10
PNs,482.5804,9.625727935237629e-10
PNs,482.6278,9.518669024265306e-10
PNs,482.6752,9.238963225585413e-10
PNs,482.7226,9.146995627587071e-10
PNs,482.77,8.917074984391903e-10
PNs,482.8174,8.828426380058848e-10
PNs,482.8648,8.806278609111333e-10
PNs,482.9122,8.585820491333002e-10
PNs,482.9596,8.310180502531169e-10
PNs,483.007,8.145999456324366e-10
PNs,483.0544,8.06146716223764e-10
PNs,483.1018,8.096569018921466e-10
PNs,483.1492,7.996123881128946e-10
PNs,483.1966,7.832450162615069e-10
PNs,483.244,7.666294165300856e-10
PNs,483.2914,7.612972207123597e-10
PNs,483.3388,7.424594292529215e-10
PNs,483.3862,7.537881269929649e-10
PNs,483.4336,7.48282262119462e-10
PNs,483.481,7.408110248719484e-10
PNs,483.5284,7.365254572497117e-10
PNs,483.5758,7.231805623222013e-10
PNs,483.6232,7.090385803433945e-10
PNs,483.6706,7.088822732646631e-10
PNs,483.7179,7.060286417236651e-10
PNs,483.7653,7.106217520451352e-10
PNs,483.8127,6.798571920796485e-10
PNs,483.8601,6.672486055536297e-10
PNs,483.9075,6.654223441312599e-10
PNs,483.9548,6.610899600132033e-10
PNs,484.0022,6.46396602676205e-10
PNs,484.0496,6.640411284671417e-10
PNs,484.097,6.546963864360106e-10
PNs,484.1443,6.573936250846857e-10
PNs,484.1917,6.665902331792377e-10
PNs,484.2391,6.611657522672679e-10
PNs,484.2865,6.580947101420236e-10
PNs,484.3338,6.62815088200234e-10
PNs,484.3812,6.785566879100124e-10
PNs,484.4286,6.861917723283354e-10
PNs,484.4759,6.756320474446478e-10
PNs,484.5233,6.775318430737952e-10
PNs,484.5706,6.824348415279623e-10
PNs,484.618,6.919808468505601e-10
PNs,484.6654,7.024914123488148e-10
PNs,484.7127,7.074075895648725e-10
PNs,484.7601,7.031106560616448e-10
PNs,484.8074,7.023767695930755e-10
PNs,484.8548,6.977023627041481e-10
PNs,484.9021,6.885939828933559e-10
PNs,484.9495,6.9932003260473e-10
PNs,484.9968,6.96901274699709e-10
PNs,485.0442,6.859886708975876e-10
PNs,485.0915,6.687905040379945e-10
PNs,485.1389,6.460140823330967e-10
PNs,485.1862,6.432710393555973e-10
PNs,485.2336,6.567506922986452e-10
PNs,485.2809,6.566031030277635e-10
PNs,485.3283,6.418723284836153e-10
PNs,485.3756,6.323763345108348e-10
PNs,485.4229,6.201078077630868e-10
PNs,485.4703,6.08076017570728e-10
PNs,485.5176,5.998748644962433e-10
PNs,485.5649,5.928395778324503e-10
PNs,485.6123,6.17564184853371e-10
PNs,485.6596,6.156324864982863e-10
PNs,485.7069,6.145418048817134e-10
PNs,485.7543,6.293233574666151e-10
PNs,485.8016,6.416282416048223e-10
PNs,485.8489,6.722826876580567e-10
PNs,485.8963,6.725640114679141e-10
PNs,485.9436,6.628600887858177e-10
PNs,485.9909,6.612070155904889e-10
PNs,486.0382,6.631847338890012e-10
PNs,486.0855,6.641527827777338e-10
PNs,486.1329,6.602464134084993e-10
PNs,486.1802,6.685169612056323e-10
PNs,486.2275,6.689491877899406e-10
PNs,486.2748,6.733192901948625e-10
PNs,486.3221,6.472985675573591e-10
PNs,486.3694,6.419262367498842e-10
PNs,486.4168,6.511951633006957e-10
PNs,486.4641,6.454584642311021e-10
PNs,486.5114,6.328955884967734e-10
PNs,486.5587,6.08286231807099e-10
PNs,486.606,6.02436025010435e-10
PNs,486.6533,6.029425175845922e-10
PNs,486.7006,6.01841308481468e-10
PNs,486.7479,5.881273719199719e-10
PNs,486.7952,5.866282015447268e-10
PNs,486.8425,5.840022540139912e-10
PNs,486.8898,5.817323108039836e-10
PNs,486.9371,5.908771629017662e-10
PNs,486.9844,5.978092474477682e-10
PNs,487.0317,6.165432970808347e-10
PNs,487.079,6.113847289064562e-10
PNs,487.1263,6.19218091436574e-10
PNs,487.1736,6.097412502457567e-10
PNs,487.2209,6.075703651168185e-10
PNs,487.2682,6.069924270880845e-10
PNs,487.3154,6.118510784447635e-10
PNs,487.3627,6.059846919965058e-10
PNs,487.41,6.015945746226772e-10
PNs,487.4573,6.188268250375873e-10
PNs,487.5046,6.187056554474596e-10
PNs,487.5519,6.338214385623429e-10
PNs,487.5991,6.371452007532008e-10
PNs,487.6464,6.359403319532046e-10
PNs,487.6937,6.215054652014195e-10
PNs,487.741,5.972661036634933e-10
PNs,487.7883,5.947389146214545e-10
PNs,487.8355,5.847655276862471e-10
PNs,487.8828,5.921656583190065e-10
PNs,487.9301,5.89480706397385e-10
PNs,487.9773,5.986017341885327e-10
PNs,488.0246,6.047190246496341e-10
PNs,488.0719,6.119961165355674e-10
PNs,488.1191,6.090128152094201e-10
PNs,488.1664,6.026225091316619e-10
PNs,488.2137,5.868466974939834e-10
PNs,488.2609,5.817000066993803e-10
PNs,488.3082,5.640982994543863e-10
PNs,488.3555,5.523169790346041e-10
PNs,488.4027,5.60410452123494e-10
PNs,488.45,5.655182081549813e-10
PNs,488.4972,5.583238588019077e-10
PNs,488.5445,5.495702125180077e-10
PNs,488.5917,5.435836876019771e-10
PNs,488.639,5.441390876642749e-10
PNs,488.6862,5.403033600902092e-10
PNs,488.7335,5.298446264456299e-10
PNs,488.7807,5.277446024026099e-10
PNs,488.828,5.240234493223525e-10
PNs,488.8752,5.183387014204716e-10
PNs,488.9225,5.25478760370589e-10
PNs,488.9697,5.265378607016659e-10
PNs,489.017,5.271708362308506e-10
PNs,489.0642,5.308043656498517e-10
PNs,489.1114,5.236874661330936e-10
PNs,489.1587,5.173912342061246e-10
PNs,489.2059,5.203623802740477e-10
PNs,489.2532,5.155597358226588e-10
PNs,489.3004,5.197884724843108e-10
PNs,489.3476,5.118054377580272e-10
PNs,489.3949,4.974539400153936e-10
PNs,489.4421,4.977105922749159e-10
PNs,489.4893,4.937790750498914e-10
PNs,489.5365,4.964294821436546e-10
PNs,489.5838,4.984434709606022e-10
PNs,489.631,4.932457638987753e-10
PNs,489.6782,4.867353938156534e-10
PNs,489.7254,4.811568203579978e-10
PNs,489.7727,4.705012638177839e-10
PNs,489.8199,4.6548381399705086e-10
PNs,489.8671,4.698577629683754e-10
PNs,489.9143,4.6495480886695256e-10
PNs,489.9615,4.6221947602521326e-10
PNs,490.0088,4.538591553576537e-10
PNs,490.056,4.488323598969814e-10
PNs,490.1032,4.4976989452077455e-10
PNs,490.1504,4.5204938668815895e-10
PNs,490.1976,4.456296030436334e-10
PNs,490.2448,4.407835217831968e-10
PNs,490.292,4.3633340950518694e-10
PNs,490.3392,4.481051582013391e-10
PNs,490.3864,4.429165543526593e-10
PNs,490.4336,4.5224463601397893e-10
PNs,490.4808,4.6083393559265723e-10
PNs,490.528,4.5655909691971495e-10
PNs,490.5752,4.540899469501737e-10
PNs,490.6224,4.612344933948705e-10
PNs,490.6696,4.668651677417417e-10
PNs,490.7168,4.6176991582160204e-10
PNs,490.764,4.6342828715944126e-10
PNs,490.8112,4.6304591425928723e-10
PNs,490.8584,4.564600448913608e-10
PNs,490.9056,4.5596410319459506e-10
PNs,490.9528,4.475369177936888e-10
PNs,491.0,4.4409917166916163e-10
PNs,491.0472,4.3070382817942244e-10
PNs,491.0944,4.314885811572215e-10
PNs,491.1415,4.1989643294941617e-10
PNs,491.1887,4.1463632295571203e-10
PNs,491.2359,4.1257792908485226e-10
PNs,491.2831,4.0742238443803655e-10
PNs,491.3303,3.960200745550965e-10
PNs,491.3775,3.9099997413757124e-10
PNs,491.4246,3.922003777016395e-10
PNs,491.4718,3.905774088477429e-10
PNs,491.519,3.9188901127671917e-10
PNs,491.5662,3.910949993190314e-10
PNs,491.6133,3.876363687377012e-10
PNs,491.6605,3.9477985911397397e-10
PNs,491.7077,3.9773462083014025e-10
PNs,491.7548,3.951807649795746e-10
PNs,491.802,3.987393833340032e-10
PNs,491.8492,3.9233846946717277e-10
PNs,491.8963,3.9045474844589316e-10
PNs,491.9435,3.945154906794795e-10
PNs,491.9907,3.9227011326516436e-10
PNs,492.0378,3.8900835729219187e-10
PNs,492.085,3.8644980029166914e-10
PNs,492.1321,3.8330628398500145e-10
PNs,492.1793,3.7687086990800057e-10
PNs,492.2265,3.711533487188414e-10
PNs,492.2736,3.6790734465958647e-10
PNs,492.3208,3.6736940746709857e-10
PNs,492.3679,3.6856229520881725e-10
PNs,492.4151,3.5947384706814185e-10
PNs,492.4622,3.597827929573118e-10
PNs,492.5094,3.4891763688321706e-10
PNs,492.5565,3.4916624715873193e-10
PNs,492.6037,3.4515805383791587e-10
PNs,492.6508,3.3886435741534704e-10
PNs,492.6979,3.383471834790696e-10
PNs,492.7451,3.3727693460613e-10
PNs,492.7922,3.315270492044329e-10
PNs,492.8394,3.32859302387112e-10
PNs,492.8865,3.381469076923261e-10
PNs,492.9336,3.359376312258104e-10
PNs,492.9808,3.326117889265853e-10
PNs,493.0279,3.3231815104174343e-10
PNs,493.075,3.247173290372979e-10
PNs,493.1222,3.2306945406818487e-10
PNs,493.1693,3.1817231058321775e-10
PNs,493.2164,3.140741422314985e-10
PNs,493.2636,3.1119611824596264e-10
PNs,493.3107,3.1373522321618307e-10
PNs,493.3578,3.14076123436163e-10
PNs,493.4049,3.077579946258411e-10
PNs,493.4521,3.066703992496547e-10
PNs,493.4992,3.0730541883576005e-10
PNs,493.5463,3.049165498615107e-10
PNs,493.5934,2.9892207067920757e-10
PNs,493.6405,2.945774155586599e-10
PNs,493.6877,2.952229188150374e-10
PNs,493.7348,2.910165954213808e-10
PNs,493.7819,2.8742858338790834e-10
PNs,493.829,2.8679724970928684e-10
PNs,493.8761,2.860875442720733e-10
PNs,493.9232,2.8630334011277457e-10
PNs,493.9703,2.823363830555941e-10
PNs,494.0174,2.747091159202817e-10
PNs,494.0645,2.7121358531332416e-10
PNs,494.1116,2.7385458418829195e-10
PNs,494.1587,2.674152796941148e-10
PNs,494.2058,2.6434419333956356e-10
PNs,494.2529,2.5813645562861847e-10
PNs,494.3,2.588804196403935e-10
PNs,494.3471,2.6564726590264474e-10
PNs,494.3942,2.584688257517147e-10
PNs,494.4413,2.538140747985152e-10
PNs,494.4884,2.539991994186674e-10
PNs,494.5355,2.5535054179338504e-10
PNs,494.5826,2.554103057050525e-10
PNs,494.6297,2.5107339463889525e-10
PNs,494.6768,2.544570580856673e-10
PNs,494.7239,2.57309756026795e-10
PNs,494.771,2.5821829357697557e-10
PNs,494.8181,2.544206317905066e-10
PNs,494.8651,2.5521627563320554e-10
PNs,494.9122,2.536776145881552e-10
PNs,494.9593,2.5529394960308635e-10
PNs,495.0064,2.599062538311753e-10
PNs,495.0535,2.5439670792103657e-10
PNs,495.1006,2.5975516785734773e-10
PNs,495.1476,2.6337946283828674e-10
PNs,495.1947,2.6060917805202865e-10
PNs,495.2418,2.5651940438037337e-10
PNs,495.2889,2.5693320299730037e-10
PNs,495.3359,2.5812688518304695e-10
PNs,495.383,2.6008682496793946e-10
PNs,495.4301,2.5708426462347946e-10
PNs,495.4771,2.515521477665844e-10
PNs,495.5242,2.54277024895246e-10
PNs,495.5713,2.576852072672182e-10
PNs,495.6183,2.595321790766106e-10
PNs,495.6654,2.5974075802576074e-10
PNs,495.7125,2.521909250136429e-10
PNs,495.7595,2.525182318544955e-10
PNs,495.8066,2.51784390360057e-10
PNs,495.8536,2.5194702006281884e-10
PNs,495.9007,2.55098578338247e-10
PNs,495.9477,2.5682951494189903e-10
PNs,495.9948,2.548642620325832e-10
PNs,496.0419,2.536050975111479e-10
PNs,496.0889,2.5152175924454495e-10
PNs,496.136,2.511632227614293e-10
PNs,496.183,2.5649147068544476e-10
PNs,496.2301,2.5613452244278754e-10
PNs,496.2771,2.541854888789414e-10
PNs,496.3241,2.54361432166878e-10
PNs,496.3712,2.5130013620836584e-10
PNs,496.4182,2.5188148108714077e-10
PNs,496.4653,2.5247667593570455e-10
PNs,496.5123,2.535570463455188e-10
PNs,496.5594,2.495170549187691e-10
PNs,496.6064,2.476827573888443e-10
PNs,496.6534,2.481204053469831e-10
PNs,496.7005,2.4872818213790055e-10
PNs,496.7475,2.521889955080244e-10
PNs,496.7945,2.5739209275713296e-10
PNs,496.8416,2.579324479910608e-10
PNs,496.8886,2.579486371733866e-10
PNs,496.9356,2.571686941783279e-10
PNs,496.9826,2.565255603804107e-10
PNs,497.0297,2.52858121530285e-10
PNs,497.0767,2.5135812609513483e-10
PNs,497.1237,2.5416579201296953e-10
PNs,497.1707,2.522016631885742e-10
PNs,497.2178,2.525425208671959e-10
PNs,497.2648,2.532233097619246e-10
PNs,497.3118,2.5720526794945055e-10
PNs,497.3588,2.580371123161282e-10
PNs,497.4058,2.5683465826485467e-10
PNs,497.4529,2.539940113394419e-10
PNs,497.4999,2.5040398479133894e-10
PNs,497.5469,2.4986184205262385e-10
PNs,497.5939,2.490911066162443e-10
PNs,497.6409,2.468694699187197e-10
PNs,497.6879,2.5002456517090715e-10
PNs,497.7349,2.528172316901011e-10
PNs,497.7819,2.5334389643311715e-10
PNs,497.8289,2.5336397067424205e-10
PNs,497.8759,2.548190318955729e-10
PNs,497.9229,2.510592850604259e-10
PNs,497.9699,2.5426770428009215e-10
PNs,498.0169,2.707217362782169e-10
PNs,498.0639,2.9643786419072135e-10
PNs,498.1109,2.9608590403664226e-10
PNs,498.1579,2.9681337351120417e-10
PNs,498.2049,2.970586034699767e-10
PNs,498.2519,2.959497846251887e-10
PNs,498.2989,2.9788231111039646e-10
PNs,498.3459,3.0271568797268133e-10
PNs,498.3929,3.020522103844243e-10
PNs,498.4399,3.053468334839993e-10
PNs,498.4869,3.126649562464778e-10
PNs,498.5338,2.9353434561582417e-10
PNs,498.5808,2.7743029923861694e-10
PNs,498.6278,2.8317065569133216e-10
PNs,498.6748,2.8578804593778343e-10
PNs,498.7218,2.6797861335175544e-10
PNs,498.7688,2.442976983125157e-10
PNs,498.8157,2.4803250292941867e-10
PNs,498.8627,2.4719695132338764e-10
cold,400.3151,3.024567281353969e-07
cold,400.3648,3.0229736117580154e-07
cold,400.4146,2.992189803626141e-07
cold,400.4644,2.914097700135898e-07
cold,400.5141,2.888214356615921e-07
cold,400.5639,2.8194247129001546e-07
cold,400.6137,2.6415782032475453e-07
cold,400.6634,2.809802378924821e-07
cold,400.7132,2.9489075563177313e-07
cold,400.7629,2.7916392832291387e-07
cold,400.8127,2.702622135508305e-07
cold,400.8624,2.617976679564663e-07
cold,400.9122,2.5047994884039515e-07
cold,400.9619,2.479842096416779e-07
cold,401.0117,2.449854560694159e-07
cold,401.0614,2.3948510618890033e-07
cold,401.1112,2.3815498930261201e-07
cold,401.1609,2.41847248597948e-07
cold,401.2107,2.3808035651886215e-07
cold,401.2604,2.3017285558111363e-07
cold,401.3102,2.2608505200402865e-07
cold,401.3599,2.3296453384631098e-07
cold,401.4096,2.3272442818515683e-07
cold,401.4594,2.3346282369646746e-07
cold,401.5091,2.3186362444244123e-07
cold,401.5589,2.3176785902688933e-07
cold,401.6086,2.3144358913898679e-07
cold,401.6583,2.298441470033079e-07
cold,401.708,2.2706784272025354e-07
cold,401.7578,2.2670837713560281e-07
cold,401.8075,2.249160284438275e-07
cold,401.8572,2.2085510872456183e-07
cold,401.907,2.1766476915879e-07
cold,401.9567,2.1456427196527244e-07
cold,402.0064,2.1471389601974698e-07
cold,402.0561,2.1486282979162754e-07
cold,402.1058,2.0449448455508964e-07
cold,402.1556,2.035330329258955e-07
cold,402.2053,2.0394559551724115e-07
cold,402.255,2.023865821084595e-07
cold,402.3047,1.9897828919120738e-07
cold,402.3544,1.961808390793012e-07
cold,402.4041,1.9698100989313514e-07
cold,402.4538,1.9687742128327414e-07
cold,402.5036,1.9702773412011787e-07
cold,402.5533,1.9693183346045395e-07
cold,402.603,1.9662422515456802e-07
cold,402.6527,1.9331546197885056e-07
cold,402.7024,1.9783850106111294e-07
cold,402.7521,1.9829170993598156e-07
cold,402.8018,1.9815270491132632e-07
cold,402.8515,2.022231856914636e-07
cold,402.9012,1.972953549853918e-07
cold,402.9509,1.9795164736012298e-07
cold,403.0006,1.9516266789639545e-07
cold,403.0503,1.9467541908528544e-07
cold,403.0999,1.9674874870256697e-07
cold,403.1496,1.958639002646465e-07
cold,403.1993,1.9583176716508072e-07
cold,403.249,1.928789189958839e-07
cold,403.2987,1.9058789128612605e-07
cold,403.3484,1.9389145111138049e-07
cold,403.3981,1.9173117864331448e-07
cold,403.4477,1.8557936143759833e-07
cold,403.4974,1.8567125587409866e-07
cold,403.5471,1.8189266048655021e-07
cold,403.5968,1.7591728209932712e-07
cold,403.6465,1.7467430569999897e-07
cold,403.6961,1.700543024180676e-07
cold,403.7458,1.696599976758822e-07
cold,403.7955,1.6756395089149499e-07
cold,403.8452,1.6327540982063004e-07
cold,403.8948,1.6431184819849992e-07
cold,403.9445,1.6101919985853232e-07
cold,403.9942,1.6062341854925836e-07
cold,404.0438,1.615039215631263e-07
cold,404.0935,1.572353167657432e-07
cold,404.1432,1.5790374526369053e-07
cold,404.1928,1.5889797751878668e-07
cold,404.2425,1.5764669170191736e-07
cold,404.2921,1.601070222921354e-07
cold,404.3418,1.6217903914300976e-07
cold,404.3914,1.629399092498159e-07
cold,404.4411,1.6173895465047555e-07
cold,404.4908,1.622974488814669e-07
cold,404.5404,1.6185425419608112e-07
cold,404.5901,1.6155318994908127e-07
cold,404.6397,1.5889804410652273e-07
cold,404.6893,1.5864827492831547e-07
cold,404.739,1.559163000655712e-07
cold,404.7886,1.576285895309808e-07
cold,404.8383,1.6071571654017766e-07
cold,404.8879,1.5930168291037316e-07
cold,404.9376,1.598277143948658e-07
cold,404.9872,1.6735170275328467e-07
cold,405.0368,1.6867925707531119e-07
cold,405.0865,1.7125202986019957e-07
cold,405.1361,1.714506728173277e-07
cold,405.1857,1.7119455812337424e-07
cold,405.2354,1.7035324521634988e-07
cold,405.285,1.6943697315695313e-07
cold,405.3346,1.7202965956178324e-07
cold,405.3843,1.7294831650371655e-07
cold,405.4339,1.7354826965448257e-07
cold,405.4835,1.7547018365718155e-07
cold,405.5331,1.7405983593890232e-07
cold,405.5828,1.7382742124736835e-07
cold,405.6324,1.7441469976958019e-07
cold,405.682,1.7137926767781808e-07
cold,405.7316,1.6079273261700618e-07
cold,405.7812,1.5473763379488802e-07
cold,405.8309,1.5113035674031828e-07
cold,405.8805,1.4962666120731696e-07
cold,405.9301,1.499104940915403e-07
cold,405.9797,1.4903025668384012e-07
cold,406.0293,1.5057047140589882e-07
cold,406.0789,1.474249941874179e-07
cold,406.1285,1.4433801872748525e-07
cold,406.1781,1.4342791270770688e-07
cold,406.2277,1.7027194508447284e-07
cold,406.2773,1.8047457879230052e-07
cold,406.3269,1.80904307129754e-07
cold,406.3765,1.8131603794081012e-07
cold,406.4261,1.8298317080974526e-07
cold,406.4757,1.8107582072914153e-07
cold,406.5253,1.827572134019557e-07
cold,406.5749,1.8132493689672482e-07
cold,406.6245,1.7969992684338626e-07
cold,406.6741,1.7951608115443577e-07
cold,406.7237,1.7856967658366622e-07
cold,406.7733,1.780059674872871e-07
cold,406.8229,1.7682233887788035e-07
cold,406.8725,1.7819618318328262e-07
cold,406.922,1.7673938245987318e-07
cold,406.9716,1.4997248538298825e-07
cold,407.0212,1.3788527346323563e-07
cold,407.0708,1.321249546248825e-07
cold,407.1204,1.2796599682956867e-07
cold,407.1699,1.262427342728398e-07
cold,407.2195,1.2784618518435056e-07
cold,407.2691,1.2602664996771867e-07
cold,407.3187,1.247252005856355e-07
cold,407.3682,1.2451483593654086e-07
cold,407.4178,1.2266747413157383e-07
cold,407.4674,1.2321573344664433e-07
cold,407.517,1.231651954236673e-07
cold,407.5665,1.2467442891786262e-07
cold,407.6161,1.211300385477338e-07
cold,407.6657,1.1952148569433833e-07
cold,407.7152,1.193729749044746e-07
cold,407.7648,1.1821526710760195e-07
cold,407.8143,1.1888308811842895e-07
cold,407.8639,1.2915724227662447e-07
cold,407.9135,1.2730080439087726e-07
cold,407.963,1.2623511353602082e-07
cold,408.0126,1.254083668556038e-07
cold,408.0621,1.2554323396698216e-07
cold,408.1117,1.2915165251685257e-07
cold,408.1612,1.287487066512082e-07
cold,408.2108,1.2684178920007121e-07
cold,408.2603,1.257759662859511e-07
cold,408.3099,1.243675166489692e-07
cold,408.3594,1.25649474924154e-07
cold,408.4089,1.2749188694338437e-07
cold,408.4585,1.2436105805366275e-07
cold,408.508,1.240043235167553e-07
cold,408.5576,1.2395275866949486e-07
cold,408.6071,1.1550962270013317e-07
cold,408.6566,1.1730089925488214e-07
cold,408.7062,1.1766577879183728e-07
cold,408.7557,1.1659685782023983e-07
cold,408.8052,1.1484872051452765e-07
cold,408.8548,1.1003557947108378e-07
cold,408.9043,1.0948769435653489e-07
cold,408.9538,1.0935913925569818e-07
cold,409.0034,1.0912511349935273e-07
cold,409.0529,1.1023551996323023e-07
cold,409.1024,1.1067198615758341e-07
cold,409.1519,1.0908023526718524e-07
cold,409.2014,1.0879209737914234e-07
cold,409.251,1.0744641206116447e-07
cold,409.3005,1.0687035464655378e-07
cold,409.35,1.0756844434102802e-07
cold,409.3995,1.0683205886240723e-07
cold,409.449,1.0554767127545495e-07
cold,409.4985,1.0645941294777723e-07
cold,409.5481,1.0932737637315762e-07
cold,409.5976,1.0906111801753048e-07
cold,409.6471,1.0870565573770836e-07
cold,409.6966,1.078137779154659e-07
cold,409.7461,1.059007674106409e-07
cold,409.7956,1.0482478749860656e-07
cold,409.8451,1.0199657690772478e-07
cold,409.8946,1.016709756310677e-07
cold,409.9441,1.0324829622141957e-07
cold,409.9936,1.044711556191648e-07
cold,410.0431,1.0526715239857208e-07
cold,410.0926,1.032489930023713e-07
cold,410.1421,1.0150165755180115e-07
cold,410.1916,1.0625599602097821e-07
cold,410.2411,1.1202122100764798e-07
cold,410.2906,1.099148412885291e-07
cold,410.34,1.0960985436967817e-07
cold,410.3895,1.0976037949378358e-07
cold,410.439,1.1079935708040781e-07
cold,410.4885,1.1161122061701225e-07
cold,410.538,1.1163789901686755e-07
cold,410.5875,1.1310131866351172e-07
cold,410.637,1.152767817117618e-07
cold,410.6864,1.1828516852563726e-07
cold,410.7359,1.1664645008816695e-07
cold,410.7854,1.1344786225381917e-07
cold,410.8349,1.121206605940725e-07
cold,410.8843,1.1170872141573693e-07
cold,410.9338,1.059832506842028e-07
cold,410.9833,1.010079996827673e-07
cold,411.0328,1.0093606261593721e-07
cold,411.0822,1.0202155405193247e-07
cold,411.1317,1.0101687654351198e-07
cold,411.1812,1.0078333832142894e-07
cold,411.2306,9.908916438303363e-08
cold,411.2801,9.732946803816676e-08
cold,411.3295,9.625256352915225e-08
cold,411.379,9.415306224357789e-08
cold,411.4285,8.913865375654029e-08
cold,411.4779,9.049426531647039e-08
cold,411.5274,9.006622693407029e-08
cold,411.5768,8.929116332643509e-08
cold,411.6263,9.0596171247392e-08
cold,411.6757,8.966072586648124e-08
cold,411.7252,8.742535891723667e-08
cold,411.7746,8.631307420160053e-08
cold,411.8241,8.598724233078174e-08
cold,411.8735,8.544769384604668e-08
cold,411.923,8.616536825610366e-08
cold,411.9724,8.71952847827786e-08
cold,412.0219,8.553812236417045e-08
cold,412.0713,8.431400732594525e-08
cold,412.1207,8.286678841128484e-08
cold,412.1702,8.198578125619467e-08
cold,412.2196,8.012084526097403e-08
cold,412.269,8.142217967952162e-08
cold,412.3185,8.09030406871349e-08
cold,412.3679,7.959024621777026e-08
cold,412.4173,8.029654902123064e-08
cold,412.4668,7.987611166590478e-08
cold,412.5162,7.960864894171898e-08
cold,412.5656,7.842259852702011e-08
cold,412.615,7.979798903753178e-08
cold,412.6645,7.758641537521046e-08
cold,412.7139,7.541213291390971e-08
cold,412.7633,7.71238051166421e-08
cold,412.8127,7.684206141061263e-08
cold,412.8622,7.664754763395818e-08
cold,412.9116,7.679554537195854e-08
cold,412.961,7.697828475222685e-08
cold,413.0104,7.53037561605499e-08
cold,413.0598,7.514702204447666e-08
cold,413.1092,7.488671147836915e-08
cold,413.1586,7.360718945371231e-08
cold,413.208,7.411461812275912e-08
cold,413.2574,7.411192390177605e-08
cold,413.3069,7.470258280390387e-08
cold,413.3563,7.442674905677705e-08
cold,413.4057,7.406353219549514e-08
cold,413.4551,7.477950286586881e-08
cold,413.5045,7.392729418749116e-08
cold,413.5539,7.361696240072943e-08
cold,413.6033,7.294948864003518e-08
cold,413.6527,7.134765662371405e-08
cold,413.7021,7.123582517607445e-08
cold,413.7514,7.194657587599696e-08
cold,413.8008,7.328009171879103e-08
cold,413.8502,7.326306241937618e-08
cold,413.8996,7.289644862582001e-08
cold,413.949,7.250231729006872e-08
cold,413.9984,7.211808761208523e-08
cold,414.0478,7.236779602676246e-08
cold,414.0972,7.087822956152407e-08
cold,414.1465,7.018020386786227e-08
cold,414.1959,6.935270829560118e-08
cold,414.2453,6.857883228777429e-08
cold,414.2947,6.759461988031181e-08
cold,414.3441,6.877437334577345e-08
cold,414.3934,6.894556737452702e-08
cold,414.4428,6.73322586241984e-08
cold,414.4922,6.599284621963685e-08
cold,414.5415,6.491592232609897e-08
cold,414.5909,6.536827506085553e-08
cold,414.6403,6.597617768443175e-08
cold,414.6897,6.617098764158829e-08
cold,414.739,6.504395971991578e-08
cold,414.7884,6.428968357343617e-08
cold,414.8377,6.35488260268676e-08
cold,414.8871,6.555704349213238e-08
cold,414.9365,6.572389602627425e-08
cold,414.9858,6.622204922951258e-08
cold,415.0352,6.62957541881038e-08
cold,415.0845,6.71926133902192e-08
cold,415.1339,6.94336174744526e-08
cold,415.1832,7.04285117203147e-08
cold,415.2326,7.131523385630585e-08
cold,415.2819,7.053792431825878e-08
cold,415.3313,6.912460990230066e-08
cold,415.3806,6.836404559235073e-08
cold,415.43,6.80613350930148e-08
cold,415.4793,6.94289467584681e-08
cold,415.5287,6.8809882836431e-08
cold,415.578,6.878095074002936e-08
cold,415.6274,6.633813478778558e-08
cold,415.6767,6.821879167561276e-08
cold,415.726,6.717033950586041e-08
cold,415.7754,6.67556266437388e-08
cold,415.8247,6.493806812512466e-08
cold,415.874,6.288289552362829e-08
cold,415.9234,6.234223377384632e-08
cold,415.9727,6.103954822410506e-08
cold,416.022,6.045586325413917e-08
cold,416.0714,6.175890293971522e-08
cold,416.1207,6.269236561781935e-08
cold,416.17,6.222610051843376e-08
cold,416.2193,6.126703545869262e-08
cold,416.2687,6.011577914355238e-08
cold,416.318,6.177996137198957e-08
cold,416.3673,6.246576076324845e-08
cold,416.4166,6.14674275842602e-08
cold,416.4659,6.155843739483306e-08
cold,416.5153,6.138702717473268e-08
cold,416.5646,5.999961019864395e-08
cold,416.6139,6.067457078020206e-08
cold,416.6632,6.013913475250022e-08
cold,416.7125,5.98577114397548e-08
cold,416.7618,6.007617756390644e-08
cold,416.8111,5.8282428317653266e-08
cold,416.8604,5.64904929272582e-08
cold,416.9097,5.676888340163732e-08
cold,416.959,5.586118180069906e-08
cold,417.0083,5.578816248778072e-08
cold,417.0576,5.3618753573875253e-08
cold,417.1069,5.234829069459342e-08
cold,417.1562,5.146623244418705e-08
cold,417.2055,5.1452936640922717e-08
cold,417.2548,5.181993029316369e-08
cold,417.3041,5.140588193575237e-08
cold,417.3534,4.980925826521469e-08
cold,417.4027,4.951782880620514e-08
cold,417.452,4.822574319331631e-08
cold,417.5013,4.787909551899917e-08
cold,417.5506,4.7431543253366845e-08
cold,417.5998,4.827161460351567e-08
cold,417.6491,4.70282380067832e-08
cold,417.6984,4.6969243497284464e-08
cold,417.7477,4.664651261614266e-08
cold,417.797,4.7059352437109405e-08
cold,417.8462,4.752009558426245e-08
cold,417.8955,4.60201253863561e-08
cold,417.9448,4.535600305132211e-08
cold,417.9941,4.549506546313021e-08
cold,418.0433,4.618668100093112e-08
cold,418.0926,4.668096897987916e-08
cold,418.1419,4.6697021164591255e-08
cold,418.1912,4.745320915406609e-08
cold,418.2404,4.711666446259159e-08
cold,418.2897,4.773086530576207e-08
cold,418.339,4.705235893975544e-08
cold,418.3882,4.740782868080597e-08
cold,418.4375,4.74814089482265e-08
cold,418.4867,4.7007808385037744e-08
cold,418.536,4.6020764629847125e-08
cold,418.5853,4.6171364567628436e-08
cold,418.6345,4.658501085980071e-08
cold,418.6838,4.652367870599535e-08
cold,418.733,4.5379600525776463e-08
cold,418.7823,4.634895532322469e-08
cold,418.8315,4.5136640329770626e-08
cold,418.8808,4.512363588534241e-08
cold,418.93,4.557967321274097e-08
cold,418.9793,4.509587211278247e-08
cold,419.0285,4.423015516448912e-08
cold,419.0777,4.443705442409058e-08
cold,419.127,4.3471633599002734e-08
cold,419.1762,4.363567380278099e-08
cold,419.2255,4.469231287834557e-08
cold,419.2747,4.456277278605451e-08
cold,419.3239,4.379423148908372e-08
cold,419.3732,4.362187554288827e-08
cold,419.4224,4.358392892277522e-08
cold,419.4716,4.550240903665118e-08
cold,419.5209,4.444684127356776e-08
cold,419.5701,4.442880377662802e-08
cold,419.6193,4.3789497645643736e-08
cold,419.6686,4.2989392865178274e-08
cold,419.7178,4.304230590788946e-08
cold,419.767,4.346887729569708e-08
cold,419.8162,4.394992843011382e-08
cold,419.8655,4.39296352665479e-08
cold,419.9147,4.3074348688470144e-08
cold,419.9639,4.279228805378453e-08
cold,420.0131,4.2516977320732876e-08
cold,420.0623,4.237776484698276e-08
cold,420.1115,4.1699936545029764e-08
cold,420.1608,4.16823184516274e-08
cold,420.21,3.995527701094603e-08
cold,420.2592,3.9408108985142476e-08
cold,420.3084,3.9575298956814927e-08
cold,420.3576,3.988302075114887e-08
cold,420.4068,3.9701314516769064e-08
cold,420.456,3.923713809764314e-08
cold,420.5052,3.846745507992023e-08
cold,420.5544,3.7229045118191834e-08
cold,420.6036,3.6843134526542604e-08
cold,420.6528,3.70148375461837e-08
cold,420.702,3.603228279461981e-08
cold,420.7512,3.6192952318995304e-08
cold,420.8004,3.646496043112846e-08
cold,420.8496,3.690883217428998e-08
cold,420.8988,3.6683505709629755e-08
cold,420.948,3.65784542902116e-08
cold,420.9972,3.709934113385559e-08
cold,421.0463,3.656375354078214e-08
cold,421.0955,3.6132862286646364e-08
cold,421.1447,3.693733650884451e-08
cold,421.1939,3.748005753978076e-08
cold,421.2431,3.7781883468179296e-08
cold,421.2923,3.781814731598146e-08
cold,421.3414,3.827980568819348e-08
cold,421.3906,3.8928229234943295e-08
cold,421.4398,3.957697452976918e-08
cold,421.489,3.9460222858715525e-08
cold,421.5381,3.894435078711935e-08
cold,421.5873,3.863311498241422e-08
cold,421.6365,3.777389446788168e-08
cold,421.6857,3.746651180724149e-08
cold,421.7348,3.642030453053556e-08
cold,421.784,3.7273401553447706e-08
cold,421.8332,3.7676076270312404e-08
cold,421.8823,4.0249714461069045e-08
cold,421.9315,3.984280784309995e-08
cold,421.9807,3.887990166932766e-08
cold,422.0298,3.851004547368611e-08
cold,422.079,3.773784812277372e-08
cold,422.1281,3.657646851734042e-08
cold,422.1773,3.69516464124117e-08
cold,422.2264,3.6461630069785086e-08
cold,422.2756,3.663828483401474e-08
cold,422.3247,3.7074199680573787e-08
cold,422.3739,3.707098378852472e-08
cold,422.423,3.721225079377203e-08
cold,422.4722,3.721687883260242e-08
cold,422.5213,3.636344731787025e-08
cold,422.5705,3.540302777223572e-08
cold,422.6196,3.174759232070178e-08
cold,422.6688,3.1375717954219575e-08
cold,422.7179,3.1677254907682427e-08
cold,422.767,3.141708470929583e-08
cold,422.8162,3.1485352139503395e-08
cold,422.8653,3.137935802910044e-08
cold,422.9145,3.021984141590642e-08
cold,422.9636,2.9719618096736815e-08
cold,423.0127,2.8998982916559537e-08
cold,423.0619,2.8372753032425463e-08
cold,423.111,2.8116420732867193e-08
cold,423.1601,2.7488139439244247e-08
cold,423.2092,2.7136115827321322e-08
cold,423.2584,2.7571671595914255e-08
cold,423.3075,2.7268950795890807e-08
cold,423.3566,2.71304329793437e-08
cold,423.4057,2.710701732689657e-08
cold,423.4549,2.6941198316982436e-08
cold,423.504,2.7983146545609907e-08
cold,423.5531,2.7458097381565914e-08
cold,423.6022,2.764151496677561e-08
cold,423.6513,2.764365963866551e-08
cold,423.7004,2.8287280935809988e-08
cold,423.7495,2.8832333565103864e-08
cold,423.7986,2.8497600568652144e-08
cold,423.8478,2.9407344548386154e-08
cold,423.8969,2.949224338661559e-08
cold,423.946,2.9432881744580873e-08
cold,423.9951,2.875125461213965e-08
cold,424.0442,2.9217470320172502e-08
cold,424.0933,2.9052349570505787e-08
cold,424.1424,2.93299217616634e-08
cold,424.1915,2.9228511304208213e-08
cold,424.2406,2.8537155805877273e-08
cold,424.2897,2.8955984239663753e-08
cold,424.3388,2.912914790451423e-08
cold,424.3879,2.8605955641237085e-08
cold,424.437,2.86245723801012e-08
cold,424.486,2.7972553179354212e-08
cold,424.5351,2.7791096184994618e-08
cold,424.5842,2.7329845312411507e-08
cold,424.6333,2.69506143857241e-08
cold,424.6824,2.7180387869373772e-08
cold,424.7315,2.7099702906829326e-08
cold,424.7806,2.6945967627471437e-08
cold,424.8296,2.7258897881954037e-08
cold,424.8787,2.715272227250422e-08
cold,424.9278,2.6831687702404624e-08
cold,424.9769,2.6006884279759017e-08
cold,425.026,2.5889537566629367e-08
cold,425.075,2.5114654833725377e-08
cold,425.1241,2.4933086646514206e-08
cold,425.1732,2.4479101224316674e-08
cold,425.2222,2.4220257196312787e-08
cold,425.2713,2.4154525930180783e-08
cold,425.3204,2.3798472829822747e-08
cold,425.3694,2.422295555754763e-08
cold,425.4185,2.375379872291871e-08
cold,425.4676,2.4214190515308897e-08
cold,425.5166,2.3869276629220184e-08
cold,425.5657,2.3454246043002816e-08
cold,425.6147,2.3303401117635048e-08
cold,425.6638,2.341085783729434e-08
cold,425.7129,2.3802789764871172e-08
cold,425.7619,2.3623025433534148e-08
cold,425.811,2.4051987455681334e-08
cold,425.86,2.3992096094629867e-08
cold,425.9091,2.3723230419686787e-08
cold,425.9581,2.3843523974017885e-08
cold,426.0072,2.3911904957839443e-08
cold,426.0562,2.393514546746603e-08
cold,426.1053,2.4040556390899684e-08
cold,426.1543,2.3955494261395883e-08
cold,426.2033,2.3399082816458863e-08
cold,426.2524,2.3431511555147197e-08
cold,426.3014,2.32554049402985e-08
cold,426.3505,2.273228212294979e-08
cold,426.3995,2.27755019076403e-08
cold,426.4485,2.2563132383010138e-08
cold,426.4976,2.2349807801986418e-08
cold,426.5466,2.2074021198470295e-08
cold,426.5956,2.2029524516942e-08
cold,426.6447,2.230108427117707e-08
cold,426.6937,2.213547271672907e-08
cold,426.7427,2.187014700383253e-08
cold,426.7917,2.19305083094501e-08
cold,426.8408,2.1791367662602826e-08
cold,426.8898,2.198666708665678e-08
cold,426.9388,2.157278618887218e-08
cold,426.9878,2.1682571718950242e-08
cold,427.0368,2.155783545930054e-08
cold,427.0859,2.200806535721353e-08
cold,427.1349,2.2098028708807225e-08
cold,427.1839,2.2105700291753732e-08
cold,427.2329,2.2090180215194827e-08
cold,427.2819,2.2461817162255455e-08
cold,427.3309,2.241617711145012e-08
cold,427.3799,2.186283078927006e-08
cold,427.4289,2.184045559835093e-08
cold,427.478,2.1611292935433023e-08
cold,427.527,2.131331607013918e-08
cold,427.576,2.1095207571855598e-08
cold,427.625,2.094713340217735e-08
cold,427.674,2.098387419807363e-08
cold,427.723,2.0523804429650636e-08
cold,427.772,2.0424048380978698e-08
cold,427.821,1.978978257018739e-08
cold,427.8699,1.9186402610674577e-08
cold,427.9189,1.871764340246652e-08
cold,427.9679,1.8702787467620404e-08
cold,428.0169,1.822057046226708e-08
cold,428.0659,1.84255759900417e-08
cold,428.1149,1.822419959750994e-08
cold,428.1639,1.8124462413474973e-08
cold,428.2129,1.8076739979675504e-08
cold,428.2619,1.8191652281444153e-08
cold,428.3108,1.7906642980800077e-08
cold,428.3598,1.793900123726694e-08
cold,428.4088,1.8117210707055942e-08
cold,428.4578,1.80582884286165e-08
cold,428.5068,1.8354977292457402e-08
cold,428.5557,1.8496417412254995e-08
cold,428.6047,1.8501818134386953e-08
cold,428.6537,1.8598538265043473e-08
cold,428.7026,1.8662505569410233e-08
cold,428.7516,1.8365501647809465e-08
cold,428.8006,1.8374654954486246e-08
cold,428.8496,1.8576686766317855e-08
cold,428.8985,1.8545938307151795e-08
cold,428.9475,1.8899977008167945e-08
cold,428.9964,1.8785444540258838e-08
cold,429.0454,1.895467350344118e-08
cold,429.0944,1.8523926695385688e-08
cold,429.1433,1.8550067633479694e-08
cold,429.1923,1.8996544637959485e-08
cold,429.2412,1.8398037121568517e-08
cold,429.2902,1.8209729087932266e-08
cold,429.3391,1.8598933248879123e-08
cold,429.3881,1.8680273638059e-08
cold,429.437,1.8464295188073532e-08
cold,429.486,1.836370735598557e-08
cold,429.5349,1.836622629595426e-08
cold,429.5839,1.815479676196428e-08
cold,429.6328,1.7902684519349907e-08
cold,429.6818,1.7933507592964424e-08
cold,429.7307,1.7781328039816098e-08
cold,429.7797,1.741565906739845e-08
cold,429.8286,1.7381646466973058e-08
cold,429.8775,1.7114247077023743e-08
cold,429.9265,1.693850094650954e-08
cold,429.9754,1.7108048349537895e-08
cold,430.0243,1.7131759906937778e-08
cold,430.0733,1.6785903383741578e-08
cold,430.1222,1.6785711064268327e-08
cold,430.1711,1.7081535289623895e-08
cold,430.2201,1.70525920026373e-08
cold,430.269,1.7120175133094347e-08
cold,430.3179,1.7284170660886395e-08
cold,430.3668,1.7373894854898644e-08
cold,430.4158,1.7337315050069427e-08
cold,430.4647,1.766709422268034e-08
cold,430.5136,1.756791435415102e-08
cold,430.5625,1.790223162249384e-08
cold,430.6114,1.7915826525024092e-08
cold,430.6604,1.7766801196568837e-08
cold,430.7093,1.7826840303458815e-08
cold,430.7582,1.7913848932177472e-08
cold,430.8071,1.780191088750663e-08
cold,430.856,1.756055804574901e-08
cold,430.9049,1.735347237000601e-08
cold,430.9538,1.734737567666816e-08
cold,431.0027,1.7023055021197606e-08
cold,431.0516,1.6953730886606443e-08
cold,431.1005,1.7606961375295564e-08
cold,431.1494,1.716446598190461e-08
cold,431.1983,1.649464218861729e-08
cold,431.2472,1.6448904750218732e-08
cold,431.2961,1.629399477219796e-08
cold,431.345,1.6169431818008955e-08
cold,431.3939,1.6174849010531477e-08
cold,431.4428,1.6260743816250357e-08
cold,431.4917,1.6315351811104506e-08
cold,431.5406,1.6231116216161636e-08
cold,431.5895,1.6028284444968017e-08
cold,431.6384,1.576194572698921e-08
cold,431.6873,1.5505994749657667e-08
cold,431.7362,1.522628964624427e-08
cold,431.785,1.4922470712738064e-08
cold,431.8339,1.4190268549533499e-08
cold,431.8828,1.4758022985663661e-08
cold,431.9317,1.52728529527297e-08
cold,431.9806,1.5381090387666383e-08
cold,432.0294,1.5455433105702334e-08
cold,432.0783,1.5482499495302803e-08
cold,432.1272,1.5355929122345736e-08
cold,432.1761,1.4828200820332803e-08
cold,432.2249,1.4510817078893512e-08
cold,432.2738,1.4626434873401357e-08
cold,432.3227,1.4724693859104595e-08
cold,432.3715,1.4871199376732887e-08
cold,432.4204,1.4879705317214416e-08
cold,432.4693,1.5249488400929562e-08
cold,432.5181,1.520068933600677e-08
cold,432.567,1.523620229487453e-08
cold,432.6159,1.4526968127224343e-08
cold,432.6647,1.4014872458733414e-08
cold,432.7136,1.3951971609106467e-08
cold,432.7624,1.3740935544918769e-08
cold,432.8113,1.37447181027584e-08
cold,432.8601,1.3783750994501113e-08
cold,432.909,1.3851252219145398e-08
cold,432.9578,1.3784260453266512e-08
cold,433.0067,1.3527532536218608e-08
cold,433.0555,1.3629567417547176e-08
cold,433.1044,1.3383287101128761e-08
cold,433.1532,1.3614502788758859e-08
cold,433.2021,1.3327574133408804e-08
cold,433.2509,1.3337831150056604e-08
cold,433.2997,1.3330330638456052e-08
cold,433.3486,1.3469517428385835e-08
cold,433.3974,1.3567638184109918e-08
cold,433.4463,1.3887909770304303e-08
cold,433.4951,1.3784940658505396e-08
cold,433.5439,1.3729737847618325e-08
cold,433.5928,1.3726800975225425e-08
cold,433.6416,1.3705513072862863e-08
cold,433.6904,1.3827723245906665e-08
cold,433.7393,1.3845751938475253e-08
cold,433.7881,1.3637669474195378e-08
cold,433.8369,1.368186870540075e-08
cold,433.8857,1.332744280882569e-08
cold,433.9346,1.3233300685342052e-08
cold,433.9834,1.3296837458114728e-08
cold,434.0322,1.3153969317793313e-08
cold,434.081,1.3119710259136111e-08
cold,434.1298,1.2802806067340114e-08
cold,434.1786,1.2315969445696176e-08
cold,434.2275,1.2311188612166767e-08
cold,434.2763,1.2090462426675621e-08
cold,434.3251,1.1678272451319018e-08
cold,434.3739,1.1609288350971067e-08
cold,434.4227,1.1355302861404129e-08
cold,434.4715,1.1384106219961261e-08
cold,434.5203,1.1195243051295395e-08
cold,434.5691,1.1037322208771309e-08
cold,434.6179,1.118588678330115e-08
cold,434.6667,1.1045789451188457e-08
cold,434.7155,1.0793485036029174e-08
cold,434.7643,1.0646458452764479e-08
cold,434.8131,1.0634373443866883e-08
cold,434.8619,1.0959885429547077e-08
cold,434.9107,1.0854783287421843e-08
cold,434.9595,1.0548649567207146e-08
cold,435.0083,1.0491835385558162e-08
cold,435.0571,1.0547508636707232e-08
cold,435.1059,1.0350829845099674e-08
cold,435.1547,1.046370136066518e-08
cold,435.2035,1.0253316109503027e-08
cold,435.2522,1.0226827759551013e-08
cold,435.301,1.0030533688436115e-08
cold,435.3498,9.836128443033212e-09
cold,435.3986,9.883110948680263e-09
cold,435.4474,9.850932949296628e-09
cold,435.4961,9.792749449628671e-09
cold,435.5449,9.563626428086905e-09
cold,435.5937,9.157463442778285e-09
cold,435.6425,9.10672524284484e-09
cold,435.6912,9.13274779794505e-09
cold,435.74,9.170834677925273e-09
cold,435.7888,9.077824753893544e-09
cold,435.8376,9.046078862316764e-09
cold,435.8863,8.736061759640967e-09
cold,435.9351,8.876294600092126e-09
cold,435.9839,8.985491410321264e-09
cold,436.0326,9.033620127362785e-09
cold,436.0814,8.964455006789169e-09
cold,436.1301,8.801516807113586e-09
cold,436.1789,8.869311487458572e-09
cold,436.2277,8.855466903093514e-09
cold,436.2764,8.82379538725604e-09
cold,436.3252,8.711123854501014e-09
cold,436.3739,8.624058540776001e-09
cold,436.4227,8.495109662075886e-09
cold,436.4714,8.311967388784251e-09
cold,436.5202,8.180082281800406e-09
cold,436.5689,8.233872993087444e-09
cold,436.6177,8.214522512965887e-09
cold,436.6664,7.954873050403663e-09
cold,436.7152,7.799639542916975e-09
cold,436.7639,7.787534950882347e-09
cold,436.8126,7.752508605603593e-09
cold,436.8614,7.686131983032247e-09
cold,436.9101,7.57369684488325e-09
cold,436.9588,7.415336297090623e-09
cold,437.0076,7.459785785322297e-09
cold,437.0563,7.519362024589662e-09
cold,437.105,7.534433602542678e-09
cold,437.1538,7.564975037174748e-09
cold,437.2025,7.44692805245281e-09
cold,437.2512,7.448117949502227e-09
cold,437.3,7.2541720287874e-09
cold,437.3487,7.3781913807945095e-09
cold,437.3974,7.26211663209102e-09
cold,437.4461,7.092596709774245e-09
cold,437.4949,6.9445016978303775e-09
cold,437.5436,6.8747456186130894e-09
cold,437.5923,6.927362407773592e-09
cold,437.641,6.7981329649468005e-09
cold,437.6897,6.751848739746006e-09
cold,437.7384,6.632936046377079e-09
cold,437.7872,6.536029896773593e-09
cold,437.8359,6.409899355246716e-09
cold,437.8846,6.4580567638702776e-09
cold,437.9333,6.483174913408057e-09
cold,437.982,6.428970975438729e-09
cold,438.0307,6.392349278045766e-09
cold,438.0794,6.196261730107773e-09
cold,438.1281,6.189517995262868e-09
cold,438.1768,6.162863017312025e-09
cold,438.2255,6.178483217861804e-09
cold,438.2742,6.1412992029726584e-09
cold,438.3229,5.998426923797461e-09
cold,438.3716,5.9687412199106375e-09
cold,438.4203,6.024717047339736e-09
cold,438.469,5.998548996486709e-09
cold,438.5177,6.020878145050817e-09
cold,438.5664,5.931659114078316e-09
cold,438.6151,5.793349799900813e-09
cold,438.6638,5.602869023674997e-09
cold,438.7124,5.54990068834181e-09
cold,438.7611,5.576153100137985e-09
cold,438.8098,5.5414418727613e-09
cold,438.8585,5.564841687595141e-09
cold,438.9072,5.565109902569539e-09
cold,438.9559,5.494435821380909e-09
cold,439.0045,5.458451952625589e-09
cold,439.0532,5.440355181026457e-09
cold,439.1019,5.431340099968171e-09
cold,439.1506,5.396772462046796e-09
cold,439.1992,5.2905272971518136e-09
cold,439.2479,5.262450559788492e-09
cold,439.2966,5.2504863532073384e-09
cold,439.3452,5.221246691173463e-09
cold,439.3939,5.319549309057919e-09
cold,439.4426,5.370309173567343e-09
cold,439.4912,5.282891126141565e-09
cold,439.5399,5.3469916946671026e-09
cold,439.5886,5.334607479277335e-09
cold,439.6372,5.299542135596007e-09
cold,439.6859,5.24862816011022e-09
cold,439.7345,5.252812498716304e-09
cold,439.7832,5.2067121478573755e-09
cold,439.8319,5.148798398777998e-09
cold,439.8805,5.105232123395658e-09
cold,439.9292,5.0233240260793954e-09
cold,439.9778,4.953956883560324e-09
cold,440.0265,4.924486275732669e-09
cold,440.0751,4.909245597667388e-09
cold,440.1238,4.875654651597378e-09
cold,440.1724,4.7969776489590075e-09
cold,440.221,4.8203529648629594e-09
cold,440.2697,4.6663095120845715e-09
cold,440.3183,4.557907276141117e-09
cold,440.367,4.55814346438918e-09
cold,440.4156,4.531729842454865e-09
cold,440.4642,4.530734526140134e-09
cold,440.5129,4.6157395125571976e-09
cold,440.5615,4.5942785748065724e-09
cold,440.6101,4.577981695380879e-09
cold,440.6588,4.587907449188143e-09
cold,440.7074,4.52769616636903e-09
cold,440.756,4.5394205416500685e-09
cold,440.8047,4.452786781208094e-09
cold,440.8533,4.472796431157209e-09
cold,440.9019,4.422309343071873e-09
cold,440.9505,4.448266854263198e-09
cold,440.9991,4.5374159565084926e-09
cold,441.0478,4.583484933768875e-09
cold,441.0964,4.592515392794778e-09
cold,441.145,4.574426357836102e-09
cold,441.1936,4.559527314015525e-09
cold,441.2422,4.5055095271653904e-09
cold,441.2908,4.49851454976947e-09
cold,441.3395,4.433250147313713e-09
cold,441.3881,4.393303564874849e-09
cold,441.4367,4.423856429289514e-09
cold,441.4853,4.374422630834287e-09
cold,441.5339,4.34996844768283e-09
cold,441.5825,4.3483875983463375e-09
cold,441.6311,4.381506460050318e-09
cold,441.6797,4.305972992873511e-09
cold,441.7283,4.187359372506495e-09
cold,441.7769,4.102324815425993e-09
cold,441.8255,4.065988245196653e-09
cold,441.8741,4.083550394351082e-09
cold,441.9227,4.065955198722271e-09
cold,441.9713,3.999003740446447e-09
cold,442.0199,3.972356140938436e-09
cold,442.0685,3.969857236718552e-09
cold,442.1171,3.988068862003176e-09
cold,442.1656,3.93573378589429e-09
cold,442.2142,3.969846649523257e-09
cold,442.2628,4.0181424569624635e-09
cold,442.3114,3.990323681548462e-09
cold,442.36,3.929519414795952e-09
cold,442.4086,4.0029724054391756e-09
cold,442.4571,4.024263096104854e-09
cold,442.5057,3.996114115279884e-09
cold,442.5543,3.982916576986541e-09
cold,442.6029,3.919130580723238e-09
cold,442.6515,3.875895408164425e-09
cold,442.7,3.879166228859617e-09
cold,442.7486,3.8806154922352796e-09
cold,442.7972,3.895756777319842e-09
cold,442.8457,3.8930717004452285e-09
cold,442.8943,3.880594615470743e-09
cold,442.9429,3.891536709648675e-09
cold,442.9914,3.818286968511037e-09
cold,443.04,3.7097236863921202e-09
cold,443.0886,3.7110323974412228e-09
cold,443.1371,3.637759001631799e-09
cold,443.1857,3.592181845610523e-09
cold,443.2342,3.6490860763143e-09
cold,443.2828,3.603688793828935e-09
cold,443.3313,3.583739659585955e-09
cold,443.3799,3.6319682471731174e-09
cold,443.4284,3.623620246496071e-09
cold,443.477,3.6142384986551574e-09
cold,443.5255,3.588947538188756e-09
cold,443.5741,3.6231567230142557e-09
cold,443.6226,3.623228516166797e-09
cold,443.6712,3.5536255508804817e-09
cold,443.7197,3.5613443760389858e-09
cold,443.7683,3.6181500312499393e-09
cold,443.8168,3.620099439659786e-09
cold,443.8654,3.6830716189621344e-09
cold,443.9139,3.6478294383709437e-09
cold,443.9624,3.6321032335004075e-09
cold,444.011,3.7175089838717673e-09
cold,444.0595,3.77381855326135e-09
cold,444.108,3.749950691434326e-09
cold,444.1566,3.746066387012156e-09
cold,444.2051,3.719346943248191e-09
cold,444.2536,3.7080597452168062e-09
cold,444.3021,3.6713452430412243e-09
cold,444.3507,3.6222337022505886e-09
cold,444.3992,3.647823493786448e-09
cold,444.4477,3.600674091743702e-09
cold,444.4962,3.5657867557514846e-09
cold,444.5448,3.5015458743279787e-09
cold,444.5933,3.3589191508796933e-09
cold,444.6418,3.396363678177062e-09
cold,444.6903,3.400043741202788e-09
cold,444.7388,3.3110093120710433e-09
cold,444.7873,3.2591813003339116e-09
cold,444.8359,3.1933308746205855e-09
cold,444.8844,3.1413716680879837e-09
cold,444.9329,3.1502054935000315e-09
cold,444.9814,3.162445096678934e-09
cold,445.0299,3.1604332074556318e-09
cold,445.0784,3.2622199728854723e-09
cold,445.1269,3.2099347830031442e-09
cold,445.1754,3.2302261377950025e-09
cold,445.2239,3.3238626588850366e-09
cold,445.2724,3.378774781942843e-09
cold,445.3209,3.4551455200403895e-09
cold,445.3694,3.4699369665617213e-09
cold,445.4179,3.4519749707278925e-09
cold,445.4664,3.4328887408836054e-09
cold,445.5149,3.3799743169257887e-09
cold,445.5634,3.366042156757675e-09
cold,445.6119,3.366857203235798e-09
cold,445.6603,3.3595651543427436e-09
cold,445.7088,3.3409977914118743e-09
cold,445.7573,3.2858808063049006e-09
cold,445.8058,3.232410617565592e-09
cold,445.8543,3.2198901759951055e-09
cold,445.9028,3.1935157975981945e-09
cold,445.9512,3.0773502629798597e-09
cold,445.9997,3.083096627483593e-09
cold,446.0482,3.0157110396450037e-09
cold,446.0967,2.9185095369898663e-09
cold,446.1451,2.869409958469083e-09
cold,446.1936,2.8942844004892556e-09
cold,446.2421,2.926840994655088e-09
cold,446.2906,2.9593260871493202e-09
cold,446.339,2.912488242927006e-09
cold,446.3875,2.892132591816133e-09
cold,446.436,2.8339676960330825e-09
cold,446.4844,2.8666297545720328e-09
cold,446.5329,2.7959149346927283e-09
cold,446.5814,2.8267179563983335e-09
cold,446.6298,2.818238101040652e-09
cold,446.6783,2.8348599660620925e-09
cold,446.7267,2.783998877272022e-09
cold,446.7752,2.802190475989809e-09
cold,446.8236,2.8497374364185084e-09
cold,446.8721,2.9310952609392693e-09
cold,446.9205,2.8837146692138687e-09
cold,446.969,2.9037908842290086e-09
cold,447.0174,2.8672731877805153e-09
cold,447.0659,2.86073769521088e-09
cold,447.1143,2.867694344743872e-09
cold,447.1628,2.887998801662843e-09
cold,447.2112,2.8614500776522594e-09
cold,447.2597,2.9221382012354412e-09
cold,447.3081,2.9085633070820044e-09
cold,447.3566,2.9539840445164032e-09
cold,447.405,2.9397105973124143e-09
cold,447.4534,2.9191098606587245e-09
cold,447.5019,2.8990557385898388e-09
cold,447.5503,2.909759967519128e-09
cold,447.5987,2.8647642611804267e-09
cold,447.6472,2.911732882364059e-09
cold,447.6956,2.8919917677340614e-09
cold,447.744,2.876448138394974e-09
cold,447.7924,2.8827861726842824e-09
cold,447.8409,2.896901371655784e-09
cold,447.8893,2.9548233856874483e-09
cold,447.9377,2.98705676344598e-09
cold,447.9861,2.9480038974512387e-09
cold,448.0346,2.930237293840694e-09
cold,448.083,2.867126285539874e-09
cold,448.1314,2.8331669688056794e-09
cold,448.1798,2.821889285437533e-09
cold,448.2282,2.820755780083804e-09
cold,448.2766,2.774616515081491e-09
cold,448.325,2.8059237318578642e-09
cold,448.3735,2.7384626075283015e-09
cold,448.4219,2.6791148501209513e-09
cold,448.4703,2.655079585928547e-09
cold,448.5187,2.640517600571855e-09
cold,448.5671,2.612251297274498e-09
cold,448.6155,2.5505037767942207e-09
cold,448.6639,2.558456875318353e-09
cold,448.7123,2.55272501673329e-09
cold,448.7607,2.5649092124783233e-09
cold,448.8091,2.5573045909074546e-09
cold,448.8575,2.550983489633213e-09
cold,448.9059,2.5451402082303125e-09
cold,448.9543,2.50594605558219e-09
cold,449.0027,2.547326543358563e-09
cold,449.0511,2.5302899699063533e-09
cold,449.0994,2.5509681575881295e-09
cold,449.1478,2.584413402817983e-09
cold,449.1962,2.6055301332019696e-09
cold,449.2446,2.6276671118355006e-09
cold,449.293,2.5654001055349226e-09
cold,449.3414,2.5576052877734516e-09
cold,449.3898,2.4843106659609763e-09
cold,449.4381,2.4723976129629694e-09
cold,449.4865,2.4367142570914786e-09
cold,449.5349,2.416779149669089e-09
cold,449.5833,2.47293867620937e-09
cold,449.6316,2.487159262943443e-09
cold,449.68,2.501837219235826e-09
cold,449.7284,2.4697134602188884e-09
cold,449.7768,2.375410601781337e-09
cold,449.8251,2.4162106833468902e-09
cold,449.8735,2.3931353114686024e-09
cold,449.9219,2.3568420225460274e-09
cold,449.9702,2.343927678700056e-09
cold,450.0186,2.358612682579759e-09
cold,450.0669,2.323658291850189e-09
cold,450.1153,2.3356496539733143e-09
cold,450.1637,2.332476445871372e-09
cold,450.212,2.3022200978300157e-09
cold,450.2604,2.2913290574516076e-09
cold,450.3087,2.2324932891240906e-09
cold,450.3571,2.2723147171117536e-09
cold,450.4054,2.2559853581533265e-09
cold,450.4538,2.2791861206927587e-09
cold,450.5021,2.305554766906214e-09
cold,450.5505,2.270144634662277e-09
cold,450.5988,2.2939389627071636e-09
cold,450.6472,2.3124407898365048e-09
cold,450.6955,2.2784185022324616e-09
cold,450.7439,2.2837915849651384e-09
cold,450.7922,2.3008443252742553e-09
cold,450.8405,2.2946065498097538e-09
cold,450.8889,2.256183404520451e-09
cold,450.9372,2.2681179522707477e-09
cold,450.9856,2.267588637652103e-09
cold,451.0339,2.315002323354802e-09
cold,451.0822,2.2526092722047473e-09
cold,451.1306,2.2690703479453247e-09
cold,451.1789,2.2134232789972227e-09
cold,451.2272,2.1955497686538007e-09
cold,451.2755,2.1744706580234597e-09
cold,451.3239,2.142636313136519e-09
cold,451.3722,2.1228522534679583e-09
cold,451.4205,2.118853158139677e-09
cold,451.4688,2.1274350137592056e-09
cold,451.5172,2.098823828465601e-09
cold,451.5655,2.0618290139583517e-09
cold,451.6138,2.076068330191169e-09
cold,451.6621,2.1010060043334267e-09
cold,451.7104,2.1448216487057094e-09
cold,451.7587,2.0807938841502502e-09
cold,451.807,2.0684546208178965e-09
cold,451.8554,2.0442157708084472e-09
cold,451.9037,2.0285572619004947e-09
cold,451.952,2.0114850478166213e-09
cold,452.0003,2.021205338715152e-09
cold,452.0486,2.0368444823097086e-09
cold,452.0969,2.0007475355404228e-09
cold,452.1452,1.9779722772423306e-09
cold,452.1935,1.9527899048444674e-09
cold,452.2418,1.9725672980504585e-09
cold,452.2901,1.979890434510539e-09
cold,452.3384,1.9908842318402685e-09
cold,452.3867,1.912428405944504e-09
cold,452.435,1.8848470395098316e-09
cold,452.4833,1.877992744634092e-09
cold,452.5316,1.8849428707069558e-09
cold,452.5798,1.8649699481081573e-09
cold,452.6281,1.9257329947609356e-09
cold,452.6764,1.953950940434439e-09
cold,452.7247,1.8955535335875116e-09
cold,452.773,1.8353234985054882e-09
cold,452.8213,1.854039774240445e-09
cold,452.8696,1.8913593613889657e-09
cold,452.9178,1.89739847086851e-09
cold,452.9661,1.8376023213734543e-09
cold,453.0144,1.8460412333505884e-09
cold,453.0627,1.804512682114955e-09
cold,453.1109,1.870066844683152e-09
cold,453.1592,1.8397484491151714e-09
cold,453.2075,1.852059422376152e-09
cold,453.2558,1.8355506772157674e-09
cold,453.304,1.873102285917367e-09
cold,453.3523,1.7893339781066822e-09
cold,453.4006,1.755615851407549e-09
cold,453.4488,1.7390879088925828e-09
cold,453.4971,1.7431800007263318e-09
cold,453.5453,1.7326125022539673e-09
cold,453.5936,1.714625701464798e-09
cold,453.6419,1.6969478543502017e-09
cold,453.6901,1.7327302746977368e-09
cold,453.7384,1.7702055968196465e-09
cold,453.7866,1.7870706612608842e-09
cold,453.8349,1.724354328369927e-09
cold,453.8831,1.7486934875900491e-09
cold,453.9314,1.7376320296776937e-09
cold,453.9796,1.7131523335140968e-09
cold,454.0279,1.6679811882704979e-09
cold,454.0761,1.7482724880831702e-09
cold,454.1244,1.7869135249579545e-09
cold,454.1726,1.8078977387004742e-09
cold,454.2209,1.8255196744095457e-09
cold,454.2691,1.8239491526785883e-09
cold,454.3173,1.8391663526634581e-09
cold,454.3656,1.8271025450578223e-09
cold,454.4138,1.8306657285384147e-09
cold,454.4621,1.778863640404059e-09
cold,454.5103,1.7858532757478499e-09
cold,454.5585,1.7839477865931496e-09
cold,454.6068,1.7351365290168397e-09
cold,454.655,1.7159455411713608e-09
cold,454.7032,1.740235020763592e-09
cold,454.7514,1.7326751245880179e-09
cold,454.7997,1.6812411524158271e-09
cold,454.8479,1.6024049095545886e-09
cold,454.8961,1.591825544463733e-09
cold,454.9443,1.5803654204391645e-09
cold,454.9926,1.5924189125042174e-09
cold,455.0408,1.5683905115507835e-09
cold,455.089,1.5708114165037212e-09
cold,455.1372,1.5694366507079995e-09
cold,455.1854,1.5537052069899075e-09
cold,455.2336,1.5591737943193978e-09
cold,455.2819,1.5356636491755267e-09
cold,455.3301,1.5713593568700537e-09
cold,455.3783,1.641895280654903e-09
cold,455.4265,1.6581624198235074e-09
cold,455.4747,1.6499744467207421e-09
cold,455.5229,1.6135503439812324e-09
cold,455.5711,1.6514488587509306e-09
cold,455.6193,1.681917877750628e-09
cold,455.6675,1.67886125991427e-09
cold,455.7157,1.6720089518498287e-09
cold,455.7639,1.6601511803762464e-09
cold,455.8121,1.6633289766055902e-09
cold,455.8603,1.6601855318264886e-09
cold,455.9085,1.6164194564744499e-09
cold,455.9567,1.6188154841796995e-09
cold,456.0049,1.6448271103859697e-09
cold,456.0531,1.6224477563197705e-09
cold,456.1012,1.5594151246274485e-09
cold,456.1494,1.5440335475745319e-09
cold,456.1976,1.555828678304514e-09
cold,456.2458,1.575493063487628e-09
cold,456.294,1.5822707541636254e-09
cold,456.3422,1.597604528847759e-09
cold,456.3903,1.6295300647198871e-09
cold,456.4385,1.6365045140879373e-09
cold,456.4867,1.6477604026777005e-09
cold,456.5349,1.6201416677549178e-09
cold,456.583,1.599734132074042e-09
cold,456.6312,1.6382068279612637e-09
cold,456.6794,1.6096444325857723e-09
cold,456.7276,1.623448116741329e-09
cold,456.7757,1.604123294905135e-09
cold,456.8239,1.5874655261133743e-09
cold,456.8721,1.5745750387695661e-09
cold,456.9202,1.5644667714255626e-09
cold,456.9684,1.5462711975224957e-09
cold,457.0166,1.505149814613072e-09
cold,457.0647,1.4595127061168183e-09
cold,457.1129,1.4208478045498942e-09
cold,457.161,1.3944606822063108e-09
cold,457.2092,1.387713934366972e-09
cold,457.2573,1.438398558985887e-09
cold,457.3055,1.4343042301091942e-09
cold,457.3536,1.4332973648136184e-09
cold,457.4018,1.4208002086155962e-09
cold,457.4499,1.4311538917003693e-09
cold,457.4981,1.4308659905108944e-09
cold,457.5462,1.439560150085063e-09
cold,457.5944,1.4405829664112149e-09
cold,457.6425,1.4400216451232753e-09
cold,457.6907,1.4329666540128652e-09
cold,457.7388,1.446685379785992e-09
cold,457.787,1.446054116303321e-09
cold,457.8351,1.4296762773762718e-09
cold,457.8832,1.416449464028487e-09
cold,457.9314,1.409561799265751e-09
cold,457.9795,1.3499167343174524e-09
cold,458.0276,1.3196547930596901e-09
cold,458.0758,1.3076500198114099e-09
cold,458.1239,1.2932479929622791e-09
cold,458.172,1.2630728698535938e-09
cold,458.2201,1.2463511099287991e-09
cold,458.2683,1.241170083789555e-09
cold,458.3164,1.2013472990737632e-09
cold,458.3645,1.2093144229481431e-09
cold,458.4126,1.2127908919432406e-09
cold,458.4608,1.213393856055936e-09
cold,458.5089,1.2366019848353682e-09
cold,458.557,1.2109416958519675e-09
cold,458.6051,1.1960400181006362e-09
cold,458.6532,1.1951644980664986e-09
cold,458.7013,1.2150899330662534e-09
cold,458.7495,1.2364048243399679e-09
cold,458.7976,1.249314139807838e-09
cold,458.8457,1.3018341673749959e-09
cold,458.8938,1.303097876598824e-09
cold,458.9419,1.3282439187211095e-09
cold,458.99,1.3707386261590371e-09
cold,459.0381,1.3764183080493295e-09
cold,459.0862,1.358132023564575e-09
cold,459.1343,1.3510969312252913e-09
cold,459.1824,1.3382517139130583e-09
cold,459.2305,1.3174393692000845e-09
cold,459.2786,1.344344026248526e-09
cold,459.3267,1.371377185787087e-09
cold,459.3748,1.3700127843088035e-09
cold,459.4229,1.3621008293096606e-09
cold,459.471,1.3638089012944511e-09
cold,459.5191,1.3459982979549204e-09
cold,459.5671,1.3124155772537823e-09
cold,459.6152,1.2983539145198696e-09
cold,459.6633,1.2902899189195379e-09
cold,459.7114,1.226335651217664e-09
cold,459.7595,1.2403787697029643e-09
cold,459.8076,1.2211544637334258e-09
cold,459.8556,1.2214012300290924e-09
cold,459.9037,1.221521487968363e-09
cold,459.9518,1.1958997235528292e-09
cold,459.9999,1.2099463751366017e-09
cold,460.048,1.2456586400902478e-09
cold,460.096,1.2125217362329709e-09
cold,460.1441,1.21839735108171e-09
cold,460.1922,1.217640346942948e-09
cold,460.2402,1.2324576656306426e-09
cold,460.2883,1.2343969780157205e-09
cold,460.3364,1.226294400403039e-09
cold,460.3844,1.1960568486207304e-09
cold,460.4325,1.2459041851521826e-09
cold,460.4806,1.254483406431108e-09
cold,460.5286,1.2801399956832117e-09
cold,460.5767,1.2572830806451323e-09
cold,460.6247,1.2626066963914217e-09
cold,460.6728,1.2748340466781987e-09
cold,460.7208,1.2683919969107768e-09
cold,460.7689,1.255457567892033e-09
cold,460.817,1.3159423015634067e-09
cold,460.865,1.2891185032112838e-09
cold,460.9131,1.2937188546037095e-09
cold,460.9611,1.2704601779531682e-09
cold,461.0091,1.2604801653050255e-09
cold,461.0572,1.2834440300429874e-09
cold,461.1052,1.3160760987325034e-09
cold,461.1533,1.3169735716251843e-09
cold,461.2013,1.312411013943059e-09
cold,461.2494,1.2950740054034734e-09
cold,461.2974,1.3378485364056798e-09
cold,461.3454,1.3135159812580033e-09
cold,461.3935,1.293790048925332e-09
cold,461.4415,1.3023731112530247e-09
cold,461.4895,1.2729456477839177e-09
cold,461.5376,1.2717013613616854e-09
cold,461.5856,1.2833758575724813e-09
cold,461.6336,1.2651080415769567e-09
cold,461.6817,1.2795356323848532e-09
cold,461.7297,1.2975886830433284e-09
cold,461.7777,1.2977004819513828e-09
cold,461.8257,1.2873959850489802e-09
cold,461.8738,1.2427481382698315e-09
cold,461.9218,1.2328940479956877e-09
cold,461.9698,1.266387062302864e-09
cold,462.0178,1.272831491508309e-09
cold,462.0658,1.3249940992097572e-09
cold,462.1138,1.338069040537337e-09
cold,462.1619,1.3341649716190138e-09
cold,462.2099,1.3643217696694933e-09
cold,462.2579,1.3458583681387765e-09
cold,462.3059,1.3609795986236193e-09
cold,462.3539,1.3828484034764244e-09
cold,462.4019,1.404594944111109e-09
cold,462.4499,1.4033766788922462e-09
cold,462.4979,1.4164752288172594e-09
cold,462.5459,1.4452264972713962e-09
cold,462.5939,1.4609505572500234e-09
cold,462.6419,1.4637351969313252e-09
cold,462.6899,1.4458433009113145e-09
cold,462.7379,1.432586956248725e-09
cold,462.7859,1.3950454531160974e-09
cold,462.8339,1.4195476499582474e-09
cold,462.8819,1.4046570684219263e-09
cold,462.9299,1.3759244283126947e-09
cold,462.9779,1.3633863556500047e-09
cold,463.0259,1.3949019895845684e-09
cold,463.0738,1.3713250520908497e-09
cold,463.1218,1.354750202973826e-09
cold,463.1698,1.3538450082681102e-09
cold,463.2178,1.3585081742510874e-09
cold,463.2658,1.346976027405279e-09
cold,463.3138,1.360060018616694e-09
cold,463.3617,1.381962190344935e-09
cold,463.4097,1.3817114612617671e-09
cold,463.4577,1.3587920339616115e-09
cold,463.5057,1.3561057878793685e-09
cold,463.5536,1.3329841588022096e-09
cold,463.6016,1.3408182977685537e-09
cold,463.6496,1.3326930137187253e-09
cold,463.6975,1.3150256055620964e-09
cold,463.7455,1.2943806891683996e-09
cold,463.7935,1.3088243350534578e-09
cold,463.8414,1.2964930687357617e-09
cold,463.8894,1.3072787977740101e-09
cold,463.9374,1.2857803201377856e-09
cold,463.9853,1.2733296727213692e-09
cold,464.0333,1.249365115791717e-09
cold,464.0812,1.2340261430843053e-09
cold,464.1292,1.2270215730688812e-09
cold,464.1772,1.2449513607961847e-09
cold,464.2251,1.2709817465863843e-09
cold,464.2731,1.2758399012692358e-09
cold,464.321,1.2774320379395012e-09
cold,464.369,1.2654800473452574e-09
cold,464.4169,1.2923211927086967e-09
cold,464.4649,1.2639749668671173e-09
cold,464.5128,1.2707760873958367e-09
cold,464.5607,1.2711602211575858e-09
cold,464.6087,1.264577485778848e-09
cold,464.6566,1.2728657743024689e-09
cold,464.7046,1.2587645264307372e-09
cold,464.7525,1.2698599929679298e-09
cold,464.8004,1.2688053428401683e-09
cold,464.8484,1.2742525510236416e-09
cold,464.8963,1.2875705848727395e-09
cold,464.9442,1.2497785099403557e-09
cold,464.9922,1.2488596021332645e-09
cold,465.0401,1.25641208833347e-09
cold,465.088,1.2848087392056845e-09
cold,465.136,1.2801968600614439e-09
cold,465.1839,1.2821063367253897e-09
cold,465.2318,1.2781651812579409e-09
cold,465.2797,1.260481148351185e-09
cold,465.3277,1.2402843702235813e-09
cold,465.3756,1.2246596670989088e-09
cold,465.4235,1.2476216080699008e-09
cold,465.4714,1.2332450516439515e-09
cold,465.5193,1.2241203724666345e-09
cold,465.5672,1.2322381826802077e-09
cold,465.6152,1.2190839038697987e-09
cold,465.6631,1.2482227538710075e-09
cold,465.711,1.2715446857047004e-09
cold,465.7589,1.272779685986243e-09
cold,465.8068,1.2757211911474018e-09
cold,465.8547,1.2773978381930782e-09
cold,465.9026,1.3074869912442486e-09
cold,465.9505,1.300878958158152e-09
cold,465.9984,1.300615482475655e-09
cold,466.0463,1.3079170073692835e-09
cold,466.0942,1.3210548680000442e-09
cold,466.1421,1.3140883233694194e-09
cold,466.19,1.319150113305702e-09
cold,466.2379,1.339603869132967e-09
cold,466.2858,1.3072082230638962e-09
cold,466.3337,1.3127695312951295e-09
cold,466.3816,1.3315560468687304e-09
cold,466.4295,1.34317237456365e-09
cold,466.4774,1.3354685427890283e-09
cold,466.5253,1.3326079248789272e-09
cold,466.5731,1.322228658237416e-09
cold,466.621,1.2820311756339179e-09
cold,466.6689,1.2957207844787762e-09
cold,466.7168,1.326087835909641e-09
cold,466.7647,1.3367944270239716e-09
cold,466.8125,1.3230650659786797e-09
cold,466.8604,1.322226637763112e-09
cold,466.9083,1.3109994159695807e-09
cold,466.9562,1.3044174392238985e-09
cold,467.004,1.3206955126853954e-09
cold,467.0519,1.3256777552373627e-09
cold,467.0998,1.2958138112035092e-09
cold,467.1477,1.2756197898288742e-09
cold,467.1955,1.2679555191294897e-09
cold,467.2434,1.251240085201109e-09
cold,467.2913,1.2651245920303914e-09
cold,467.3391,1.3071976608870374e-09
cold,467.387,1.29525233593504e-09
cold,467.4348,1.278974175878802e-09
cold,467.4827,1.2872164550043248e-09
cold,467.5306,1.2927200554179543e-09
cold,467.5784,1.310404516049116e-09
cold,467.6263,1.3391961014263939e-09
cold,467.6741,1.3567661829267857e-09
cold,467.722,1.3591052630918637e-09
cold,467.7698,1.3338621687184434e-09
cold,467.8177,1.3418761030688272e-09
cold,467.8655,1.3331837374842783e-09
cold,467.9134,1.3710264464547635e-09
cold,467.9612,1.3821101259073033e-09
cold,468.0091,1.3800919146817057e-09
cold,468.0569,1.342951984037319e-09
cold,468.1047,1.356792206128922e-09
cold,468.1526,1.366871016695819e-09
cold,468.2004,1.3312305673654283e-09
cold,468.2483,1.335644388324276e-09
cold,468.2961,1.3192659537542335e-09
cold,468.3439,1.3118422753892544e-09
cold,468.3918,1.3029077053791717e-09
cold,468.4396,1.3120439726843507e-09
cold,468.4874,1.3276622201043529e-09
cold,468.5353,1.3112439492946583e-09
cold,468.5831,1.3229040514971902e-09
cold,468.6309,1.2797798611426686e-09
cold,468.6787,1.2806283937595456e-09
cold,468.7266,1.2657086957284846e-09
cold,468.7744,1.2527345165356162e-09
cold,468.8222,1.2620227393260364e-09
cold,468.87,1.2744385232395919e-09
cold,468.9178,1.2733983844092116e-09
cold,468.9656,1.2900546924570229e-09
cold,469.0135,1.2921660813046795e-09
cold,469.0613,1.2739286344320636e-09
cold,469.1091,1.2669619510680498e-09
cold,469.1569,1.2518754070041765e-09
cold,469.2047,1.2568067705337249e-09
cold,469.2525,1.2592147447396627e-09
cold,469.3003,1.248601632764049e-09
cold,469.3481,1.2362438885075265e-09
cold,469.3959,1.232945955758113e-09
cold,469.4437,1.221518275549561e-09
cold,469.4915,1.217471232332172e-09
cold,469.5393,1.1985477610583725e-09
cold,469.5871,1.1707624700925553e-09
cold,469.6349,1.1711669858474282e-09
cold,469.6827,1.1372213888908595e-09
cold,469.7305,1.1215737492951144e-09
cold,469.7783,1.1319558071884928e-09
cold,469.8261,1.1197298544846771e-09
cold,469.8739,1.121603787916601e-09
cold,469.9217,1.1268118959374775e-09
cold,469.9695,1.1224055909490635e-09
cold,470.0173,1.1045731650538536e-09
cold,470.065,1.1446797679813751e-09
cold,470.1128,1.150488415549054e-09
cold,470.1606,1.1555803068485399e-09
cold,470.2084,1.183054958939559e-09
cold,470.2562,1.2096801545594966e-09
cold,470.3039,1.230249537732311e-09
cold,470.3517,1.249790803381603e-09
cold,470.3995,1.2620458591222226e-09
cold,470.4473,1.253563453158399e-09
cold,470.495,1.245680013054164e-09
cold,470.5428,1.2669317163921557e-09
cold,470.5906,1.2703096347907804e-09
cold,470.6383,1.2797340811562937e-09
cold,470.6861,1.3021711458093086e-09
cold,470.7339,1.3173450349243973e-09
cold,470.7816,1.3228004545989978e-09
cold,470.8294,1.3103254034816277e-09
cold,470.8772,1.3304209628425327e-09
cold,470.9249,1.353297044846214e-09
cold,470.9727,1.3392668491588546e-09
cold,471.0204,1.3702918669805607e-09
cold,471.0682,1.3836525984515413e-09
cold,471.1159,1.396092529560935e-09
cold,471.1637,1.4183949997198003e-09
cold,471.2114,1.450115790324386e-09
cold,471.2592,1.4593630975454763e-09
cold,471.3069,1.4706458145496016e-09
cold,471.3547,1.4715131520218112e-09
cold,471.4024,1.4872328979101782e-09
cold,471.4502,1.4766743802244363e-09
cold,471.4979,1.4673746423847279e-09
cold,471.5457,1.4845920507487792e-09
cold,471.5934,1.4831691167691988e-09
cold,471.6411,1.4407243117348605e-09
cold,471.6889,1.4666224709988707e-09
cold,471.7366,1.4523232106507565e-09
cold,471.7843,1.4395624650331338e-09
cold,471.8321,1.4306468565516388e-09
cold,471.8798,1.414978039231877e-09
cold,471.9275,1.4001316407441028e-09
cold,471.9753,1.3835284949649626e-09
cold,472.023,1.3791241166427366e-09
cold,472.0707,1.357129749200134e-09
cold,472.1184,1.3450963773765618e-09
cold,472.1662,1.3807468682582324e-09
cold,472.2139,1.398607910273493e-09
cold,472.2616,1.4085677572874047e-09
cold,472.3093,1.425176306599179e-09
cold,472.357,1.440725760943256e-09
cold,472.4048,1.443682229508132e-09
cold,472.4525,1.4377966059971017e-09
cold,472.5002,1.4417992083901423e-09
cold,472.5479,1.4412906540803263e-09
cold,472.5956,1.5045843349225027e-09
cold,472.6433,1.5172653740962016e-09
cold,472.691,1.511653654858637e-09
cold,472.7387,1.5133306366216645e-09
cold,472.7864,1.5340205385417999e-09
cold,472.8341,1.5541986648706172e-09
cold,472.8819,1.5600508943141605e-09
cold,472.9296,1.551705919483732e-09
cold,472.9773,1.5573647528742344e-09
cold,473.0249,1.5723735954397212e-09
cold,473.0726,1.5949375467765923e-09
cold,473.1203,1.5714899387111923e-09
cold,473.168,1.573097186982148e-09
cold,473.2157,1.6158624284869137e-09
cold,473.2634,1.6408965745384588e-09
cold,473.3111,1.6264269896351306e-09
cold,473.3588,1.6266056723483858e-09
cold,473.4065,1.6716158269786811e-09
cold,473.4542,1.7148430066558194e-09
cold,473.5019,1.7692271402640197e-09
cold,473.5495,1.8065062836438726e-09
cold,473.5972,1.8209666252139847e-09
cold,473.6449,1.8389732687192405e-09
cold,473.6926,1.901419408869033e-09
cold,473.7403,1.8752838034709927e-09
cold,473.7879,1.903447093483099e-09
cold,473.8356,1.9930693872351583e-09
cold,473.8833,1.9923016000877766e-09
cold,473.931,1.9935623132390516e-09
cold,473.9786,2.0187520424815434e-09
cold,474.0263,2.0398223905177015e-09
cold,474.074,2.0516718585116343e-09
cold,474.1216,2.065496619802887e-09
cold,474.1693,2.1001680511521464e-09
cold,474.217,2.0833285915175375e-09
cold,474.2646,2.0491164930119023e-09
cold,474.3123,2.0631983736259326e-09
cold,474.3599,2.0458257298488124e-09
cold,474.4076,1.9978725372489003e-09
cold,474.4552,2.034874302766285e-09
cold,474.5029,2.0328712276104255e-09
cold,474.5506,1.986676807095685e-09
cold,474.5982,2.037857390710984e-09
cold,474.6459,2.0387025151358927e-09
cold,474.6935,2.033835860726181e-09
cold,474.7412,2.045368420812396e-09
cold,474.7888,2.0471274650935123e-09
cold,474.8365,2.045941758345515e-09
cold,474.8841,1.9996579552364092e-09
cold,474.9317,2.0272046086015873e-09
cold,474.9794,2.0656570375462954e-09
cold,475.027,2.0649559465343637e-09
cold,475.0747,2.1598836465359853e-09
cold,475.1223,2.189029649434576e-09
cold,475.1699,2.2211631322897223e-09
cold,475.2176,2.2795629825240357e-09
cold,475.2652,2.3286592504437223e-09
cold,475.3128,2.355620175700828e-09
cold,475.3605,2.3861034623187808e-09
cold,475.4081,2.381580545956083e-09
cold,475.4557,2.372493836726486e-09
cold,475.5033,2.4214485916908336e-09
cold,475.551,2.491620372989077e-09
cold,475.5986,2.578758032386255e-09
cold,475.6462,2.606875995413341e-09
cold,475.6938,2.6231448683926517e-09
cold,475.7415,2.662864500583671e-09
cold,475.7891,2.588809225624143e-09
cold,475.8367,2.6135555165911673e-09
cold,475.8843,2.6467562223247355e-09
cold,475.9319,2.6112720756606142e-09
cold,475.9795,2.5485593616106834e-09
cold,476.0271,2.5799907256653544e-09
cold,476.0747,2.542332208830423e-09
cold,476.1224,2.6894118794253004e-09
cold,476.17,2.696281364848409e-09
cold,476.2176,2.7044288854641664e-09
cold,476.2652,2.6766749861504455e-09
cold,476.3128,2.6400723832730567e-09
cold,476.3604,2.6257700454680533e-09
cold,476.408,2.6986875620731084e-09
cold,476.4556,2.7956996725688464e-09
cold,476.5032,2.860075037164565e-09
cold,476.5508,2.8804240838527627e-09
cold,476.5984,2.929805324690352e-09
cold,476.6459,3.0083332000824148e-09
cold,476.6935,3.0578286149788578e-09
cold,476.7411,3.1318328844965264e-09
cold,476.7887,3.158267113965215e-09
cold,476.8363,3.1166816734721475e-09
cold,476.8839,3.1964973133955686e-09
cold,476.9315,3.1707226626892385e-09
cold,476.9791,3.257537838892064e-09
cold,477.0266,3.3251210051523956e-09
cold,477.0742,3.344082860706313e-09
cold,477.1218,3.2854658643254072e-09
cold,477.1694,3.2250210797464385e-09
cold,477.217,3.247837733324791e-09
cold,477.2645,3.2538310961939258e-09
cold,477.3121,3.286183008097223e-09
cold,477.3597,3.2773211720701585e-09
cold,477.4072,3.37751693525221e-09
cold,477.4548,3.3115432272488987e-09
cold,477.5024,3.3578422120263205e-09
cold,477.5499,3.42765786584541e-09
cold,477.5975,3.535862139972911e-09
cold,477.6451,3.5532883736925035e-09
cold,477.6926,3.542446130302522e-09
cold,477.7402,3.536275747335368e-09
cold,477.7878,3.6129521970007356e-09
cold,477.8353,3.685527882078111e-09
cold,477.8829,3.803221348082713e-09
cold,477.9304,3.833607942319551e-09
cold,477.978,3.838741008387837e-09
cold,478.0255,3.772299211464911e-09
cold,478.0731,3.841886719824012e-09
cold,478.1206,3.830087479651552e-09
cold,478.1682,3.815998166018441e-09
cold,478.2157,3.88443519210306e-09
cold,478.2633,3.9141887698284814e-09
cold,478.3108,3.814017530569081e-09
cold,478.3584,3.907650663580453e-09
cold,478.4059,3.88555363374532e-09
cold,478.4534,3.898585066265802e-09
cold,478.501,3.906534474009958e-09
cold,478.5485,3.893392191405406e-09
cold,478.5961,3.844244329631769e-09
cold,478.6436,3.846566394570074e-09
cold,478.6911,3.890470309668304e-09
cold,478.7387,3.933642074481481e-09
cold,478.7862,3.940658678248879e-09
cold,478.8337,3.975432734088193e-09
cold,478.8812,3.995101779276833e-09
cold,478.9288,4.03777861808043e-09
cold,478.9763,3.984395535888102e-09
cold,479.0238,4.04846735008871e-09
cold,479.0713,4.058793512272784e-09
cold,479.1189,4.214756087276205e-09
cold,479.1664,4.2225962951715296e-09
cold,479.2139,4.221075972438073e-09
cold,479.2614,4.339238268064283e-09
cold,479.3089,4.316091592687811e-09
cold,479.3564,4.368195429357622e-09
cold,479.4039,4.426521429414158e-09
cold,479.4515,4.5243954553293965e-09
cold,479.499,4.520435095458785e-09
cold,479.5465,4.563243382877325e-09
cold,479.594,4.648548365821659e-09
cold,479.6415,4.638496342417523e-09
cold,479.689,4.689854252206226e-09
cold,479.7365,4.714868726663879e-09
cold,479.784,4.765154008767498e-09
cold,479.8315,4.6961380194243255e-09
cold,479.879,4.7822494050151335e-09
cold,479.9265,4.816057753291182e-09
cold,479.974,4.7841661922001195e-09
cold,480.0215,4.885556300550027e-09
cold,480.069,4.937751438195261e-09
cold,480.1165,4.953804041376442e-09
cold,480.164,4.903539900828035e-09
cold,480.2114,4.922900919483677e-09
cold,480.2589,5.0035544191311895e-09
cold,480.3064,5.047062771165212e-09
cold,480.3539,5.153828809959657e-09
cold,480.4014,5.190970373951854e-09
cold,480.4489,5.165945282823725e-09
cold,480.4963,5.1148443420155265e-09
cold,480.5438,5.1230900222037275e-09
cold,480.5913,5.145446745961631e-09
cold,480.6388,5.13745467055483e-09
cold,480.6863,5.167893290250111e-09
cold,480.7337,5.18217794223176e-09
cold,480.7812,5.197010571569302e-09
cold,480.8287,5.165543819087103e-09
cold,480.8761,5.178450176341707e-09
cold,480.9236,5.31118347088023e-09
cold,480.9711,5.203299092592062e-09
cold,481.0185,5.175917992508767e-09
cold,481.066,5.163868977727874e-09
cold,481.1135,5.0692882148469364e-09
cold,481.1609,5.219125135793962e-09
cold,481.2084,5.264420849744197e-09
cold,481.2558,5.279871446465883e-09
cold,481.3033,5.235022993448071e-09
cold,481.3508,5.262646674809809e-09
cold,481.3982,5.1964375437216275e-09
cold,481.4457,5.188696363397659e-09
cold,481.4931,5.176410710312806e-09
cold,481.5406,5.287055827512297e-09
cold,481.588,5.335284225097512e-09
cold,481.6355,5.186855305753769e-09
cold,481.6829,5.257957288651958e-09
cold,481.7303,5.343668104998239e-09
cold,481.7778,5.355035964189225e-09
cold,481.8252,5.410836607037911e-09
cold,481.8727,5.327536769413316e-09
cold,481.9201,5.356072552613843e-09
cold,481.9675,5.394443613844565e-09
cold,482.015,5.3989509030662354e-09
cold,482.0624,5.4775622529867885e-09
cold,482.1098,5.623555016502089e-09
cold,482.1573,5.698427154028996e-09
cold,482.2047,5.860660099577127e-09
cold,482.2521,5.922676798712494e-09
cold,482.2996,5.860418722660737e-09
cold,482.347,5.9220850667050356e-09
cold,482.3944,5.867088610091441e-09
cold,482.4418,5.924408972102917e-09
cold,482.4893,5.8979536967969915e-09
cold,482.5367,5.884090295496066e-09
cold,482.5841,5.981358571525314e-09
cold,482.6315,6.010730842356069e-09
cold,482.6789,5.962537552642801e-09
cold,482.7263,6.019377280348706e-09
cold,482.7738,6.038607677378618e-09
cold,482.8212,6.012504721376158e-09
cold,482.8686,5.939763029980034e-09
cold,482.916,5.8889506505199134e-09
cold,482.9634,5.786893166405599e-09
cold,483.0108,5.94160398941421e-09
cold,483.0582,6.0772547208891516e-09
cold,483.1056,6.095956348643e-09
cold,483.153,5.882355663428066e-09
cold,483.2004,5.9859238944605935e-09
cold,483.2478,6.048762554250014e-09
cold,483.2952,5.9605239668332926e-09
cold,483.3426,6.0031754026657075e-09
cold,483.39,6.099726182112165e-09
cold,483.4374,6.120691188613156e-09
cold,483.4848,6.114457820274169e-09
cold,483.5322,6.288737660792417e-09
cold,483.5796,6.296277399427969e-09
cold,483.627,6.280110519511364e-09
cold,483.6744,6.287062963381131e-09
cold,483.7217,6.265184061080769e-09
cold,483.7691,6.122065608896122e-09
cold,483.8165,6.191224115124084e-09
cold,483.8639,6.290658321804164e-09
cold,483.9113,6.232384312883098e-09
cold,483.9586,6.193175337962614e-09
cold,484.006,6.1869595787144e-09
cold,484.0534,6.1937644563583886e-09
cold,484.1008,6.185555677094935e-09
cold,484.1482,6.300887012940893e-09
cold,484.1955,6.211093315912651e-09
cold,484.2429,6.0608591532774495e-09
cold,484.2903,6.102140994008299e-09
cold,484.3376,6.066938917510527e-09
cold,484.385,6.102560539631937e-09
cold,484.4324,6.051321732440802e-09
cold,484.4797,6.032989288552436e-09
cold,484.5271,5.9739879447602605e-09
cold,484.5744,6.069865777866852e-09
cold,484.6218,6.063111482177713e-09
cold,484.6692,6.147789133939833e-09
cold,484.7165,6.185895866900279e-09
cold,484.7639,6.152322454277466e-09
cold,484.8112,6.200496871758527e-09
cold,484.8586,6.12065033820871e-09
cold,484.9059,6.10416437296641e-09
cold,484.9533,6.028728829680089e-09
cold,485.0006,5.964642923795424e-09
cold,485.048,6.046592299162213e-09
cold,485.0953,6.102700313713507e-09
cold,485.1427,6.092499181300609e-09
cold,485.19,6.14124572438063e-09
cold,485.2374,6.1451373204550786e-09
cold,485.2847,6.1092592624309995e-09
cold,485.332,5.9432288972649596e-09
cold,485.3794,5.926659228115178e-09
cold,485.4267,5.920943193338561e-09
cold,485.474,6.005627469414448e-09
cold,485.5214,5.9277308907252e-09
cold,485.5687,5.890023545904306e-09
cold,485.616,6.017147697701137e-09
cold,485.6634,6.18323432343222e-09
cold,485.7107,6.226737704620739e-09
cold,485.758,6.0538184357125196e-09
cold,485.8053,5.89991570659889e-09
cold,485.8527,5.88195592875319e-09
cold,485.9,5.93053220227373e-09
cold,485.9473,5.923996371206639e-09
cold,485.9946,5.8784234204452014e-09
cold,486.0419,6.214925749504081e-09
cold,486.0893,6.19391802539263e-09
cold,486.1366,6.239657757519226e-09
cold,486.1839,6.200250374941119e-09
cold,486.2312,6.177103818282108e-09
cold,486.2785,6.1904570792870216e-09
cold,486.3258,6.0747294409677605e-09
cold,486.3731,5.845753725297294e-09
cold,486.4204,5.9227695627229614e-09
cold,486.4677,6.019224983682598e-09
cold,486.515,6.081865617238124e-09
cold,486.5623,6.1339695286407845e-09
cold,486.6097,6.0338764798595955e-09
cold,486.657,6.072088384994245e-09
cold,486.7042,6.113967680207706e-09
cold,486.7515,5.928108209569743e-09
cold,486.7988,6.125464280872638e-09
cold,486.8461,5.999543912709858e-09
cold,486.8934,5.907345593189149e-09
cold,486.9407,5.968011952265966e-09
cold,486.988,5.929931317686779e-09
cold,487.0353,6.012183455436584e-09
cold,487.0826,6.056132144350384e-09
cold,487.1299,6.048550919723518e-09
cold,487.1772,5.98612580203072e-09
cold,487.2244,6.0590104819909115e-09
cold,487.2717,6.016235765895122e-09
cold,487.319,6.065533742293509e-09
cold,487.3663,5.939274040377752e-09
cold,487.4136,5.857288405457093e-09
cold,487.4608,5.788626854552205e-09
cold,487.5081,5.729059830331283e-09
cold,487.5554,5.754989263987423e-09
cold,487.6027,5.789329838337883e-09
cold,487.6499,5.8440752951218745e-09
cold,487.6972,5.9905983173819745e-09
cold,487.7445,5.861834640994893e-09
cold,487.7917,5.837593184762291e-09
cold,487.839,5.655031690530773e-09
cold,487.8863,5.645712751821352e-09
cold,487.9335,5.679447300163984e-09
cold,487.9808,5.745674058603673e-09
cold,488.028,5.726227706163338e-09
cold,488.0753,5.748648277981978e-09
cold,488.1226,5.8406958700439484e-09
cold,488.1698,5.80347419777185e-09
cold,488.2171,5.6486565571680704e-09
cold,488.2643,5.683188684882512e-09
cold,488.3116,5.7076265413495724e-09
cold,488.3588,6.050562386059559e-09
cold,488.4061,5.86952972150024e-09
cold,488.4533,5.91839084644645e-09
cold,488.5006,5.844816328898793e-09
cold,488.5478,5.867000959285118e-09
cold,488.595,5.886269228566178e-09
cold,488.6423,5.959884763223597e-09
cold,488.6895,6.037934451235475e-09
cold,488.7368,6.216049568938086e-09
cold,488.784,6.360308679379999e-09
cold,488.8312,6.260819968578745e-09
cold,488.8785,6.404790664996564e-09
cold,488.9257,6.550538078431662e-09
cold,488.9729,6.596387505680663e-09
cold,489.0202,6.5778659589613676e-09
cold,489.0674,6.158159014701187e-09
cold,489.1146,6.0965023161603754e-09
cold,489.1619,6.0359291589477665e-09
cold,489.2091,6.161190145058806e-09
cold,489.2563,6.187764794192342e-09
cold,489.3035,6.120105356101908e-09
cold,489.3507,5.855215726583616e-09
cold,489.398,5.741726173121243e-09
cold,489.4452,5.516019205242238e-09
cold,489.4924,5.384009522571375e-09
cold,489.5396,5.447439368169829e-09
cold,489.5868,5.312762183301231e-09
cold,489.634,5.096033422732236e-09
cold,489.6812,4.976950889651024e-09
cold,489.7285,4.892953486346792e-09
cold,489.7757,4.813626554945372e-09
cold,489.8229,4.874522997653726e-09
cold,489.8701,4.947143110696207e-09
cold,489.9173,4.8261086464267175e-09
cold,489.9645,4.920221758646733e-09
cold,490.0117,4.9555057710637526e-09
cold,490.0589,5.0365327592973296e-09
cold,490.1061,4.958620326655634e-09
cold,490.1533,4.889662631649029e-09
cold,490.2005,4.872602142179014e-09
cold,490.2477,4.811886279359534e-09
cold,490.2949,4.807237106156955e-09
cold,490.3421,4.8418395856697715e-09
cold,490.3892,4.927022981389277e-09
cold,490.4364,5.403036991296663e-09
cold,490.4836,6.944674210648984e-09
cold,490.5308,7.472523332895375e-09
cold,490.578,7.408460333481262e-09
cold,490.6252,7.505670704013868e-09
cold,490.6724,7.370160704720955e-09
cold,490.7195,7.30134080482962e-09
cold,490.7667,7.168085380808101e-09
cold,490.8139,7.192189907703993e-09
cold,490.8611,7.232747157512143e-09
cold,490.9082,7.151996868331377e-09
cold,490.9554,7.0512907442427375e-09
cold,491.0026,7.006010053552966e-09
cold,491.0498,6.9863364073709785e-09
cold,491.0969,6.916283240104304e-09
cold,491.1441,6.425676917427309e-09
cold,491.1913,5.165571294031775e-09
cold,491.2384,4.7776146461000265e-09
cold,491.2856,4.781329508994959e-09
cold,491.3328,4.707441098560778e-09
cold,491.3799,4.645850708295055e-09
cold,491.4271,4.5773179970121995e-09
cold,491.4742,4.670179116018732e-09
cold,491.5214,4.582581004847205e-09
cold,491.5685,4.526834754763938e-09
cold,491.6157,4.588893443704778e-09
cold,491.6628,4.625665973884583e-09
cold,491.71,4.632374196599586e-09
cold,491.7572,4.520653010748224e-09
cold,491.8043,4.463588131889667e-09
cold,491.8514,4.378187579399557e-09
cold,491.8986,4.028353532621461e-09
cold,491.9457,3.7755070922968675e-09
cold,491.9929,3.740400501454306e-09
cold,492.04,3.705335806779339e-09
cold,492.0872,3.697678046687577e-09
cold,492.1343,3.671111817773682e-09
cold,492.1814,3.629304013644356e-09
cold,492.2286,3.5701655706375877e-09
cold,492.2757,3.5469127676210925e-09
cold,492.3228,3.5207247321379496e-09
cold,492.37,3.4724377194345913e-09
cold,492.4171,3.40443111229023e-09
cold,492.4642,3.41643579879767e-09
cold,492.5114,3.342657281074432e-09
cold,492.5585,3.3166622153102585e-09
cold,492.6056,3.27285186204462e-09
cold,492.6527,3.2566594015106204e-09
cold,492.6999,3.172364660471019e-09
cold,492.747,3.0661754310743227e-09
cold,492.7941,3.0299537420302846e-09
cold,492.8412,3.0349749869768273e-09
cold,492.8883,2.9137031196916773e-09
cold,492.9354,2.9161447132149354e-09
cold,492.9826,2.9192511258853854e-09
cold,493.0297,2.8973689236315603e-09
cold,493.0768,2.8359533666091557e-09
cold,493.1239,2.8260226648282847e-09
cold,493.171,2.719530854314508e-09
cold,493.2181,2.7545511591628307e-09
cold,493.2652,2.7674548637970975e-09
cold,493.3123,2.6799347837539273e-09
cold,493.3594,2.640947395406784e-09
cold,493.4065,2.681364265892919e-09
cold,493.4536,2.686623669677116e-09
cold,493.5007,2.678218891393754e-09
cold,493.5478,2.674691515021726e-09
cold,493.5949,2.700626828779936e-09
cold,493.642,2.6367811248902087e-09
cold,493.6891,2.610314632719703e-09
cold,493.7362,2.558915961821933e-09
cold,493.7833,2.543905991664334e-09
cold,493.8304,2.4772079237509744e-09
cold,493.8775,2.477974607316513e-09
cold,493.9245,2.3826990085010044e-09
cold,493.9716,2.3541670040011692e-09
cold,494.0187,2.3735477130028264e-09
cold,494.0658,2.357875902555835e-09
cold,494.1129,2.3197859868011673e-09
cold,494.1599,2.3062952451120565e-09
cold,494.207,2.2667570464186194e-09
cold,494.2541,2.292426400270642e-09
cold,494.3012,2.2331061876061225e-09
cold,494.3483,2.2527641952083008e-09
cold,494.3953,2.1970821688946902e-09
cold,494.4424,2.1602087218759795e-09
cold,494.4895,2.17867036912296e-09
cold,494.5365,2.2030191435548186e-09
cold,494.5836,2.3008120728608376e-09
cold,494.6307,2.284932726094305e-09
cold,494.6777,2.2651693179377873e-09
cold,494.7248,2.237581515667113e-09
cold,494.7718,2.198909785000789e-09
cold,494.8189,2.1595785746199213e-09
cold,494.866,2.157631613755557e-09
cold,494.913,2.17607001176368e-09
cold,494.9601,2.100401738084675e-09
cold,495.0071,2.120238296835975e-09
cold,495.0542,2.0815373639033603e-09
cold,495.1012,2.0700537147163685e-09
cold,495.1483,2.0572226428765043e-09
cold,495.1953,2.0022473181012373e-09
cold,495.2424,1.9614758172945186e-09
cold,495.2894,1.9098960545845776e-09
cold,495.3365,1.960471114368345e-09
cold,495.3835,1.9667335964632456e-09
cold,495.4306,2.0475767025388566e-09
cold,495.4776,2.0861120254457595e-09
cold,495.5246,2.078204721982535e-09
cold,495.5717,2.1068647515785507e-09
cold,495.6187,2.0615909752848215e-09
cold,495.6657,2.0606756445178673e-09
cold,495.7128,2.04729480025177e-09
cold,495.7598,2.0672916822529557e-09
cold,495.8068,2.05403462666612e-09
cold,495.8539,2.076807006468763e-09
cold,495.9009,2.078607056495814e-09
cold,495.9479,2.104930352981325e-09
cold,495.9949,2.142637138831741e-09
cold,496.042,2.1239041854602925e-09
cold,496.089,2.09447867209238e-09
cold,496.136,2.0167142377657058e-09
cold,496.183,2.054005923678764e-09
cold,496.2301,2.048690663274761e-09
cold,496.2771,2.035433221468081e-09
cold,496.3241,2.0431180368364228e-09
cold,496.3711,2.059895468251729e-09
cold,496.4181,2.0639845022729008e-09
cold,496.4651,2.0141814622273956e-09
cold,496.5121,2.044562212724318e-09
cold,496.5591,2.0175311264612358e-09
cold,496.6061,1.99495546345586e-09
cold,496.6531,2.0252140202380853e-09
cold,496.7002,1.951858822109324e-09
cold,496.7472,1.932486533722931e-09
cold,496.7942,1.947965415389725e-09
cold,496.8412,1.9638840417848753e-09
cold,496.8882,1.9371062168429753e-09
cold,496.9352,1.933002305767017e-09
cold,496.9821,1.9392221034972085e-09
cold,497.0291,1.9364049528834143e-09
cold,497.0761,1.9612542333140942e-09
cold,497.1231,1.9529316556663703e-09
cold,497.1701,1.9621881653433927e-09
cold,497.2171,1.952257522434452e-09
cold,497.2641,1.938326892873379e-09
cold,497.3111,1.9597520815361597e-09
cold,497.3581,1.9041736960988553e-09
cold,497.405,1.874347621377791e-09
cold,497.452,1.9279750575380447e-09
cold,497.499,1.891410470610306e-09
cold,497.546,1.8546778704862352e-09
cold,497.593,1.7873367759611487e-09
cold,497.6399,1.8291830441463266e-09
cold,497.6869,1.8249876360668167e-09
cold,497.7339,1.8525760066278583e-09
cold,497.7809,1.8115908298786798e-09
cold,497.8278,1.7902158138632257e-09
cold,497.8748,1.7789910971954313e-09
cold,497.9218,1.8614376936132773e-09
cold,497.9687,1.906868906100414e-09
cold,498.0157,1.93653203842755e-09
cold,498.0627,1.9462340445012377e-09
cold,498.1096,1.973541611358029e-09
cold,498.1566,1.909221669854607e-09
cold,498.2035,1.9584765668213483e-09
cold,498.2505,1.9571986387533168e-09
cold,498.2975,1.976014660317485e-09
cold,498.3444,1.9362600478351994e-09
cold,498.3914,1.9408930675207322e-09
cold,498.4383,1.9417944576085578e-09
cold,498.4853,2.0166277478698685e-09
cold,498.5322,2.081939881491991e-09
cold,498.5792,2.153597843761827e-09
cold,498.6261,2.087531678012869e-09
cold,498.6731,2.126011906047749e-09
cold,498.72,2.141814371917177e-09
cold,498.767,2.2185675929655057e-09
cold,498.8139,2.3212766192114445e-09
cold,498.8608,2.431770026418287e-09
cold,498.9078,2.5084313328633255e-09
cold,498.9547,2.406731560288552e-09
cold,499.0016,2.2891584884927012e-09
cold,499.0486,2.3900021761335548e-09
cold,499.0955,2.4733716634680036e-09
cold,499.1424,2.5423489983403172e-09
cold,499.1894,2.54038468192927e-09
cold,499.2363,2.51111140940545e-09
cold,499.2832,2.5416040163988917e-09
