config,t,NO2,NO2_Error,RMS,Chi2,Status
ANs,2026-06-01 00:00:00,14.693814612002273,0.0627042917474306,2.4135051989014595e-09,1.3659367340241155,OK
ANs,2026-06-01 00:01:00,14.959346612636038,0.0641089852463802,2.4680350383910038e-09,1.3010766462412542,OK
ANs,2026-06-01 00:01:59,13.912641388187405,0.060360683962096,2.324146627866708e-09,1.354160820264599,OK
ANs,2026-06-01 00:02:59,12.74434567252496,0.0557481658499781,2.146846638653241e-09,1.250488981388605,OK
ANs,2026-06-01 00:03:59,11.051802089000416,0.0525778871240211,2.0249091472630557e-09,1.301961148035459,OK
ANs,2026-06-01 00:04:59,11.548506214477902,0.0545525922622998,2.1000698740317273e-09,1.2455707486788792,OK
ANs,2026-06-01 00:05:59,12.618353725216505,0.0555865605372246,2.1392053428763142e-09,1.2554173319255877,OK
ANs,2026-06-01 00:06:59,12.774536814760706,0.0570462839328697,2.194450556604017e-09,1.3465851222253111,OK
ANs,2026-06-01 00:07:59,12.941842331826312,0.0570968579570265,2.196349022553388e-09,1.268532688121519,OK
ANs,2026-06-01 00:09:00,12.836506717561234,0.0568974196142703,2.1876573173435123e-09,1.2792845585634869,OK
ANs,2026-06-01 00:10:00,12.999584116543916,0.0574617246794068,2.2101731651867703e-09,1.3767602799511305,OK
ANs,2026-06-01 00:11:00,14.128545522179502,0.0589222569027951,2.2666566874555044e-09,1.3880727252736935,OK
ANs,2026-06-01 00:12:00,14.141763947983431,0.0602209397133003,2.317149303232876e-09,1.330324144187118,OK
ANs,2026-06-01 00:12:59,13.756060832391372,0.0610697573092482,2.348494852535665e-09,1.3335713664008009,OK
ANs,2026-06-01 00:13:59,13.449919965873637,0.0570981206036439,2.1955191290165723e-09,1.3524993746416467,OK
ANs,2026-06-01 00:14:59,13.75855389246808,0.0579173212518691,2.2265941539773416e-09,1.2873983718344966,OK
ANs,2026-06-01 00:15:59,13.071031710128445,0.05468653399389,2.102656441578444e-09,1.3177056177703508,OK
ANs,2026-06-01 00:16:59,13.535108756139588,0.0571349042979865,2.196669894263404e-09,1.2686303391033895,OK
ANs,2026-06-01 00:17:59,13.13470389383718,0.0584556550189131,2.247850549101519e-09,1.382482747866698,OK
ANs,2026-06-01 00:19:00,13.20180436155632,0.0564192116940313,2.1695639745460773e-09,1.312416985733998,OK
ANs,2026-06-01 00:20:00,12.603840551883042,0.0567202984681747,2.180431900526105e-09,1.3773004048790205,OK
ANs,2026-06-01 00:21:00,12.119682688876605,0.0553772469435165,2.128554308949613e-09,1.3590643879354818,OK
ANs,2026-06-01 00:22:00,12.40236391347494,0.0557601809271755,2.143308503412754e-09,1.4157341157206578,OK
ANs,2026-06-01 00:22:59,12.311402492756958,0.0550932614362961,2.117246016006296e-09,1.2986887312901068,OK
ANs,2026-06-01 00:23:59,12.321670477430208,0.0552104062280032,2.121654350968408e-09,1.3547318464458322,OK
ANs,2026-06-01 00:24:59,12.470130830254364,0.0550193289123023,2.114237182616419e-09,1.36141996895817,OK
ANs,2026-06-01 00:25:59,12.734655267925724,0.0560830056903782,2.1553401450586672e-09,1.2973236691139447,OK
ANs,2026-06-01 00:26:59,12.522837069393098,0.0528011960215462,2.0290268985817552e-09,1.280863584193716,OK
ANs,2026-06-01 00:27:59,11.89359687262612,0.0509890545034665,1.9598916244898434e-09,1.2409981433957855,OK
ANs,2026-06-01 00:28:59,11.577176622978822,0.0533581832430719,2.0509470022490674e-09,1.2902384282103396,OK
ANs,2026-06-01 00:30:00,10.7442204877396,0.0501494810001918,1.92797665246165e-09,1.2025809739013271,OK
ANs,2026-06-01 00:31:00,11.59516623670033,0.0531723577274629,2.0440219582985604e-09,1.1985817344517395,OK
ANs,2026-06-01 00:32:00,11.416937068907409,0.0511126570292232,1.964121187265284e-09,1.2039295746426886,OK
ANs,2026-06-01 00:33:00,10.530238235489588,0.0507691043747293,1.950607650076445e-09,1.3005240201209154,OK
ANs,2026-06-01 00:33:59,10.76866519025574,0.0488970604227834,1.878775164595295e-09,1.134901037692858,OK
ANs,2026-06-01 00:34:59,9.730373899438243,0.0479825792707586,1.843468207103367e-09,1.199107727071177,OK
ANs,2026-06-01 00:35:59,8.476010859692675,0.0448999336239313,1.724913470019782e-09,1.116928668023539,OK
ANs,2026-06-01 00:36:59,8.916298699244452,0.04634058541056,1.779952560301595e-09,1.1615813333647569,OK
ANs,2026-06-01 00:37:59,9.170322326606607,0.0470176899475375,1.8060700440716734e-09,1.1724787307386513,OK
ANs,2026-06-01 00:38:59,8.907085735386572,0.045492507789402,1.747243806823562e-09,1.235298414394583,OK
ANs,2026-06-01 00:39:59,8.250260155019914,0.0472969849726282,1.8167445456650118e-09,1.2332649522983778,OK
ANs,2026-06-01 00:41:00,7.723408735595777,0.0439376314217616,1.688092388480355e-09,1.135615793407019,OK
ANs,2026-06-01 00:42:00,7.376605981457771,0.0423914345289614,1.628993659451342e-09,1.0535490813811028,OK
ANs,2026-06-01 00:43:00,7.772879514335504,0.0453944956979712,1.7446380655517887e-09,1.088061092991423,OK
ANs,2026-06-01 00:43:59,7.122492851098142,0.0445897234723209,1.7132025115024415e-09,1.0762351319691843,OK
ANs,2026-06-01 00:44:59,6.797790369379721,0.044428969790345,1.707297090865169e-09,1.0582679272259503,OK
ANs,2026-06-01 00:45:59,6.869695471050114,0.0441761682557512,1.6974974970065283e-09,1.039821994142575,OK
ANs,2026-06-01 00:46:59,6.092286716970094,0.0409649928492907,1.5742469079791087e-09,1.0935781171263013,OK
ANs,2026-06-01 00:47:59,6.179940264919305,0.0445470965408636,1.7114942577983523e-09,1.0854749576911351,OK
ANs,2026-06-01 00:48:59,5.721685325561957,0.0422606277967733,1.6235586954620995e-09,1.120429059221339,OK
ANs,2026-06-01 00:49:59,4.5794699761557975,0.0407715794971056,1.5666074826206827e-09,1.0265189865448427,OK
ANs,2026-06-01 00:51:00,4.589028640225459,0.0407757515290864,1.5663781629478711e-09,1.0386297767924806,OK
ANs,2026-06-01 00:51:47,4.561837553617097,0.0446002009555143,1.7138393167867874e-09,1.0426329236595864,OK
ANs,2026-06-01 00:55:25,4.291058157228353,0.0621652879653442,2.390187109019856e-09,0.9730119013645422,OK
ANs,2026-06-01 00:56:00,4.353051486704225,0.0392977924673515,1.5114289254587102e-09,0.9766577033306448,OK
ANs,2026-06-01 00:57:00,4.34875487533147,0.0395971700364938,1.522221812239629e-09,1.0516281905345628,OK
ANs,2026-06-01 00:58:00,4.242352898246539,0.0399500385973899,1.5353309611590755e-09,1.043057453775675,OK
ANs,2026-06-01 00:59:00,4.160166196962707,0.0382547102837005,1.469565709949218e-09,1.079428837506851,OK
ANs,2026-06-01 01:00:00,3.949106407024684,0.0378385813694175,1.453747489215019e-09,1.0896133969592106,OK
ANs,2026-06-01 01:01:00,4.069025765558522,0.0391730374816704,1.505173698247296e-09,1.0691145018353565,OK
ANs,2026-06-01 01:02:00,4.048072150234562,0.0398570216839791,1.530954684337211e-09,1.0787424372445666,OK
ANs,2026-06-01 01:03:00,3.937544812741113,0.0386197144326946,1.4837416037851423e-09,1.081178888939464,OK
ANs,2026-06-01 01:04:00,4.11207065545076,0.0401907608562046,1.5439847623127972e-09,1.1562004770428609,OK
ANs,2026-06-01 01:05:00,4.093067551056938,0.0374974362815191,1.441022788099996e-09,1.1474559618366074,OK
ANs,2026-06-01 01:06:00,4.372930369110989,0.038684517629741,1.48691014220639e-09,1.1218403875727996,OK
ANs,2026-06-01 01:07:00,4.343910149110188,0.0382669259167898,1.470963403824245e-09,1.078149085521358,OK
ANs,2026-06-01 01:08:00,4.301913521189814,0.0368283824289532,1.415892163525823e-09,1.1165824056479017,OK
ANs,2026-06-01 01:09:00,4.372316103394279,0.0363285073723465,1.3972532912800646e-09,1.1617653764418094,OK
ANs,2026-06-01 01:10:00,4.488891856131555,0.0361463830880242,1.390124271345718e-09,1.148276229541532,OK
ANs,2026-06-01 01:11:00,4.475954722603053,0.0375613487736365,1.4452050123974911e-09,1.1356561102775748,OK
ANs,2026-06-01 01:12:00,4.234832985526901,0.0367769719117099,1.4148969471421332e-09,1.1914505165788274,OK
ANs,2026-06-01 01:13:00,4.137704531426114,0.035390338917039,1.3611111472525082e-09,1.0276168809389723,OK
ANs,2026-06-01 01:14:00,4.170919876146394,0.0357826101649701,1.3763986831069595e-09,1.1340666121972494,OK
ANs,2026-06-01 01:15:00,4.238558423382682,0.0356721222032501,1.3721033707122567e-09,1.0785903270192208,OK
ANs,2026-06-01 01:16:00,4.272513227842571,0.0351805063150921,1.353320206259921e-09,1.108594144757655,OK
ANs,2026-06-01 01:17:00,4.32928190855387,0.0367283234395634,1.4132391352771543e-09,1.1046170124675478,OK
ANs,2026-06-01 01:18:00,4.17824464071254,0.0351790999380465,1.353305136482467e-09,1.091320216304817,OK
ANs,2026-06-01 01:19:00,4.129636504266535,0.0349181165989689,1.3436044411063095e-09,1.11605575300088,OK
ANs,2026-06-01 01:20:00,4.084334526494004,0.0359378562621399,1.3830794181091491e-09,1.1949425855294808,OK
ANs,2026-06-01 01:21:00,4.140041108133806,0.0343120101302743,1.3208186989826506e-09,1.1786144554727938,OK
ANs,2026-06-01 01:22:00,4.124578956249062,0.0350384758243479,1.3488868961599862e-09,1.1007358652537786,OK
ANs,2026-06-01 01:23:00,4.046315632114391,0.0359777414609778,1.3850081021152474e-09,1.2071300482012854,OK
ANs,2026-06-01 01:24:00,3.979978218080433,0.0354725618780683,1.365576311580378e-09,1.0773778703690466,OK
ANs,2026-06-01 01:25:00,3.9894377623620993,0.0366953899926601,1.412378235025119e-09,1.1994111005369688,OK
ANs,2026-06-01 01:26:00,3.967885712914186,0.0359645338704159,1.385116978536022e-09,1.124982399661515,OK
ANs,2026-06-01 01:27:00,3.8820105996229226,0.0348571872043377,1.3419599354573147e-09,1.1675625391079594,OK
ANs,2026-06-01 01:28:00,3.794172340616373,0.0343047789408358,1.3209343098387863e-09,1.1623439112106846,OK
ANs,2026-06-01 01:29:00,3.725501155348174,0.0359855718246063,1.385843088701007e-09,1.0617098432453371,OK
ANs,2026-06-01 01:30:00,3.814294315483687,0.0351735372771104,1.35523211653045e-09,1.080149023081515,OK
ANs,2026-06-01 01:31:00,3.7260978406343472,0.0357248051756532,1.3757171749216691e-09,1.1666487686919285,OK
ANs,2026-06-01 01:32:00,3.7067899711637726,0.0351372864503578,1.3532730907043771e-09,1.151248658037073,OK
ANs,2026-06-01 01:33:00,3.5817768864356943,0.0372979731686314,1.4369018710304095e-09,1.1946497403761045,OK
ANs,2026-06-01 01:34:00,3.3600987393813555,0.0367996023291671,1.4174767192429507e-09,1.1312451437506033,OK
ANs,2026-06-01 01:35:00,3.306613213073112,0.0347980370046259,1.340539568017156e-09,1.1440345982719902,OK
ANs,2026-06-01 01:36:00,3.379697485550316,0.0373294513911239,1.438087269724173e-09,1.1144807239695995,OK
ANs,2026-06-01 01:37:00,3.3460196117837038,0.0360569755323623,1.3892483660637623e-09,1.1384302195947933,OK
ANs,2026-06-01 01:38:00,3.396676110339815,0.036750355057571,1.4157950416363515e-09,1.0995972294494905,OK
ANs,2026-06-01 01:39:00,3.358069523275219,0.0362245719863019,1.3955712923831807e-09,1.13920223061899,OK
ANs,2026-06-01 01:40:00,3.1763387133877914,0.0356098581607082,1.3721326701153332e-09,1.116402771249316,OK
ANs,2026-06-01 01:41:00,2.9603705063033097,0.0364128456577466,1.4033378762637163e-09,1.1332706972432136,OK
ANs,2026-06-01 01:42:00,2.621871219234996,0.0362958999608636,1.3986006543540563e-09,1.0462274463309762,OK
ANs,2026-06-01 01:43:00,2.284125339889376,0.0371736434924472,1.4324219077049352e-09,1.102402024474072,OK
ANs,2026-06-01 01:44:00,2.1851863152724613,0.0362970822040364,1.3985980877395984e-09,1.0483783708412977,OK
ANs,2026-06-01 01:45:00,1.9828207388704588,0.0355102556855484,1.3683388227696695e-09,1.06947645719811,OK
ANs,2026-06-01 01:46:00,1.992194323463955,0.0355501466870374,1.3696385345864536e-09,1.1462759980443855,OK
ANs,2026-06-01 01:47:00,1.993266855671525,0.0364657412958963,1.4052163887029155e-09,1.0900846434467295,OK
ANs,2026-06-01 01:48:00,1.8428986599576265,0.0363919744027034,1.4024323161227806e-09,1.044631550859743,OK
ANs,2026-06-01 01:49:00,1.915021050112452,0.0371387183147181,1.431706107818363e-09,1.0686411100555424,OK
ANs,2026-06-01 01:50:00,1.8004755387973586,0.0374733491440649,1.4447789566173702e-09,1.0324809812123863,OK
ANs,2026-06-01 01:51:00,1.478442662378204,0.0363100291008124,1.3995027876080081e-09,1.0642491582764304,Recovered
ANs,2026-06-01 01:51:49,1.1624863645213108,0.0394510554371495,1.5207492322142755e-09,1.0271956022090123,Recovered
ANs,2026-06-01 01:54:22,0.94813357133021,0.0472973808761298,1.821897246072224e-09,1.0494004798798786,Recovered · AT_BOUND(NO2_sq)
ANs,2026-06-01 01:55:01,0.75016710429436,0.0335571611428424,1.293831172306505e-09,1.0285795594505651,Recovered · STEP_LIMITED(NO2_sh)
ANs,2026-06-01 01:56:01,0.7273896095105274,0.0340411034327906,1.3120062428898422e-09,1.0196393836503006,Recovered
ANs,2026-06-01 01:57:01,0.6469497484444825,0.0350680072298727,1.3507982187547876e-09,1.0470411528264605,Recovered · AT_BOUND(NO2_sq)
ANs,2026-06-01 01:58:01,0.6831035714989568,0.0338182220752094,1.303087388089865e-09,1.0701983898392082,Recovered
ANs,2026-06-01 01:59:01,0.5690234124295395,0.0332170091702599,1.2799881619750442e-09,1.0419804439450744,Recovered
ANs,2026-06-01 02:00:01,0.8309258567867345,0.033488489057487,1.291748711905425e-09,1.0757454927538854,Recovered · STEP_LIMITED(NO2_sh)
ANs,2026-06-01 02:01:01,0.5861286189279797,0.0337920306153517,1.3032957538059491e-09,1.0683275055335553,Recovered
ANs,2026-06-01 02:02:01,0.6115021232344897,0.0327404431599536,1.2615721514897112e-09,0.967600761524808,Recovered
ANs,2026-06-01 02:03:00,0.5103162581427765,0.0337793755961741,1.3026163463162707e-09,1.0270958073286114,Recovered
ANs,2026-06-01 02:04:00,0.612256290075148,0.0323271819459099,1.247211238100546e-09,1.0534568250242464,Recovered
ANs,2026-06-01 02:05:00,0.6169485497181407,0.0318081522519943,1.2255953242404322e-09,1.031784649895414,Recovered
ANs,2026-06-01 02:06:01,0.5987466876084503,0.0315004462903517,1.2136684504276624e-09,1.0271322655163964,Recovered
ANs,2026-06-01 02:07:01,0.5848336047369828,0.0326600839882138,1.2588618048889915e-09,1.026162065671743,Recovered
ANs,2026-06-01 02:08:01,0.5985917140395245,0.0321680728231228,1.239094085148409e-09,1.0421911022442272,Recovered
ANs,2026-06-01 02:09:01,0.6728542467443649,0.0291954447236768,1.12470370425809e-09,1.0318369294851792,Recovered · STEP_LIMITED(NO2_sh)
ANs,2026-06-01 02:10:01,0.6871197693361766,0.0317630038119968,1.2230392628920087e-09,1.0324676575027147,Recovered
ANs,2026-06-01 02:11:01,0.6708016526245569,0.0315330364476896,1.2143298034620975e-09,1.0407782465908362,Recovered
ANs,2026-06-01 02:12:01,0.7130406354699398,0.0303447871367885,1.168612674110453e-09,1.028930566466177,Recovered
ANs,2026-06-01 02:13:01,0.7634247093635143,0.03121270813165,1.2018404536207224e-09,1.1162159415317248,Recovered
ANs,2026-06-01 02:14:00,0.6582339670486185,0.0300129703518284,1.156968389621525e-09,1.0333886072070129,Recovered
ANs,2026-06-01 02:15:00,0.6883744814767183,0.0296183622012797,1.14118446891254e-09,1.0246514048323565,Recovered
ANs,2026-06-01 02:16:00,0.6983148511084297,0.0298690920229603,1.1511895855154515e-09,0.9803068151018494,Recovered · STEP_LIMITED(NO2_sh)
ANs,2026-06-01 02:17:01,0.752042010726603,0.030253157654633,1.1644526153080975e-09,1.0792669399539931,Recovered
ANs,2026-06-01 02:18:01,0.8190165785723593,0.0300037905085827,1.1560115943325302e-09,1.040214608995089,Recovered
ANs,2026-06-01 02:19:01,0.5267304963360798,0.0299229336122933,1.1516665823433134e-09,1.0804374432197756,"Recovered · AT_BOUND(NO2_sh,NO2_sq)"
ANs,2026-06-01 02:20:01,0.5067401170577565,0.0300917113386064,1.1588063541338547e-09,1.0403800948074946,Recovered
ANs,2026-06-01 02:21:01,0.5647553578254962,0.0298391028442312,1.1506993265418448e-09,1.0472426843813252,Recovered · STEP_LIMITED(NO2_sh)
ANs,2026-06-01 02:22:01,0.5145504106622816,0.0294903403167326,1.136952871004709e-09,1.0570363445924218,Recovered
ANs,2026-06-01 02:23:01,0.5047125763177696,0.0286675742853062,1.1042637269069003e-09,1.0608335205589283,Recovered
ANs,2026-06-01 02:24:00,0.6085711015216625,0.0287089058938221,1.1062436918914926e-09,0.9679556933011244,Recovered · STEP_LIMITED(NO2_sh)
ANs,2026-06-01 02:25:00,0.598783327280024,0.0293697857382296,1.1321651486791476e-09,1.0904485677857607,Recovered
ANs,2026-06-01 02:26:00,0.5818129123742525,0.0276174428569224,1.0640199730191008e-09,1.0239327131658935,Recovered
ANs,2026-06-01 02:27:01,0.7593743062627538,0.0300394809858608,1.156302745678275e-09,1.0675757053874646,Recovered · STEP_LIMITED(NO2_sh)
ANs,2026-06-01 02:28:01,0.6976465269202192,0.0295669978393153,1.1376617796978564e-09,1.0893986537286342,Recovered
ANs,2026-06-01 02:29:01,0.6498541321009716,0.0294701335193999,1.133906644352008e-09,1.0322311761592102,Recovered · AT_BOUND(NO2_sq)
ANs,2026-06-01 02:30:01,0.6576511160304443,0.0286997489666208,1.1048276140863844e-09,1.104101401185323,Recovered
ANs,2026-06-01 02:31:01,0.5672259795560258,0.0294612387896505,1.1362269503645747e-09,1.1232951414586234,Recovered
ANs,2026-06-01 02:32:01,0.5727218469155417,0.0299957313591293,1.1563234690038846e-09,1.039769478708434,Recovered
ANs,2026-06-01 02:33:01,0.5668205809261472,0.0296077950920102,1.1413373761456306e-09,1.0107946744163474,Recovered
ANs,2026-06-01 02:34:01,0.5654152363473438,0.0296395037107769,1.1416548451370966e-09,1.0773718362632525,Recovered
ANs,2026-06-01 02:35:00,0.558651882835907,0.0312846909538605,1.2045565911074715e-09,0.9939415399530016,Recovered
ANs,2026-06-01 02:36:00,0.8919248303952328,0.0308205877320063,1.1870282288932766e-09,1.095877732553899,Recovered · STEP_LIMITED(NO2_sh)
ANs,2026-06-01 02:37:00,0.7270709850367602,0.0312077814311922,1.2018588765644226e-09,1.074662615777191,Recovered
ANs,2026-06-01 02:38:01,0.5525013016813016,0.0320958715843103,1.236204291811835e-09,1.085155051552649,Recovered · STEP_LIMITED(NO2_sh)
ANs,2026-06-01 02:39:01,0.4995240034703969,0.0296300087925286,1.141636213110271e-09,1.05592948014755,Recovered
ANs,2026-06-01 02:40:01,0.4706403016893498,0.0307138454806264,1.184513370204168e-09,1.03749205490283,Recovered · AT_BOUND(NO2_sq)
ANs,2026-06-01 02:41:01,0.4117773136343888,0.0299148134262478,1.152432005980019e-09,0.9693069645236267,Recovered · STEP_LIMITED(NO2_sh)
ANs,2026-06-01 02:42:01,0.6063194994732908,0.0299525591536256,1.152961343909675e-09,1.0778699023450242,Recovered
ANs,2026-06-01 02:43:01,0.5959367689333754,0.0325689865192868,1.2554419846189694e-09,1.0578931675695675,Recovered · STEP_LIMITED(NO2_sh)
ANs,2026-06-01 02:44:01,0.6580020994652642,0.0314665938111046,1.2135807042130251e-09,1.0842419718744942,Recovered
ANs,2026-06-01 02:45:01,0.5343692680713329,0.0320523155601961,1.2351968004522331e-09,1.073454960284858,Recovered
ANs,2026-06-01 02:46:00,0.4870347877818652,0.0327999298615014,1.2642608371717315e-09,1.0199058576941509,Recovered
ANs,2026-06-01 02:47:00,0.4909569824013505,0.0334613775877856,1.288075397064883e-09,0.9630754764339936,Recovered
ANs,2026-06-01 02:48:00,0.5714713462126323,0.0340357994807153,1.313349195474797e-09,1.035286766166553,"Recovered · AT_BOUND(NO2_sh,NO2_sq)"
ANs,2026-06-01 02:49:01,0.559541364255767,0.0333861024594053,1.2867111342782384e-09,1.1046125982046768,Recovered
ANs,2026-06-01 02:50:01,0.5618396170271115,0.0340853976607724,1.3140567138842627e-09,1.05859773567703,Recovered
ANs,2026-06-01 02:51:01,0.5603536862497073,0.0332842687053922,1.2836822164831103e-09,1.0291620192488324,Recovered
ANs,2026-06-01 02:51:50,0.5161947572618368,0.035714798750507,1.377083546138601e-09,1.0144957440466305,Recovered
ANs,2026-06-01 02:54:23,0.7780191251138228,0.0467215727965073,1.8028108557062566e-09,0.966084149170683,Recovered · AT_BOUND(NO2_sq)
ANs,2026-06-01 02:55:01,0.7318132437580933,0.0354978396238258,1.3699010298659223e-09,0.9831584916114026,"Recovered · AT_BOUND(NO2_sh,NO2_sq)"
ANs,2026-06-01 02:56:01,0.5921100517378474,0.035084474967672,1.3521072872267915e-09,1.0009009796193975,Recovered · STEP_LIMITED(NO2_sh)
ANs,2026-06-01 02:57:01,0.6120231771017145,0.0350274339994292,1.349338540970035e-09,1.015209033739908,Recovered
ANs,2026-06-01 02:58:01,0.5903628723639825,0.0338450087295382,1.3047992365699775e-09,1.041163295489821,Recovered
ANs,2026-06-01 02:59:01,0.5534143772689888,0.0349026850268773,1.3461574357856771e-09,1.1012404266085103,Recovered
ANs,2026-06-01 03:00:02,0.4502783834995223,0.0352548272945107,1.3604831892649272e-09,1.033773574311361,Recovered
ANs,2026-06-01 03:01:02,0.4805635976703913,0.0345208434666241,1.3324837997409247e-09,1.103806039062076,Recovered · AT_BOUND(NO2_sq)
ANs,2026-06-01 03:02:01,0.4816782321500049,0.0349167267288692,1.3470605423490503e-09,1.065718044312952,Recovered · STEP_LIMITED(NO2_sh)
ANs,2026-06-01 03:03:01,0.4876550657736118,0.034381302651983,1.3260963151629867e-09,1.0918210636782328,Recovered
ANs,2026-06-01 03:04:01,0.5535625123196679,0.0338706191941359,1.3066770675707023e-09,1.0577426617855856,Recovered
ANs,2026-06-01 03:05:01,0.7354285577345424,0.0341975010253075,1.3188973599014967e-09,1.079451253119747,Recovered · STEP_LIMITED(NO2_sh)
ANs,2026-06-01 03:06:01,0.642747564358897,0.0344558247522134,1.3288462658720771e-09,0.994801991754643,Recovered · STEP_LIMITED(NO2_sh)
ANs,2026-06-01 03:07:01,0.6681552269299244,0.0343763610218763,1.3262526497978766e-09,1.080498707389269,Recovered · STEP_LIMITED(NO2_sh)
ANs,2026-06-01 03:08:01,0.7398252879144327,0.0341365103680433,1.3158126146739614e-09,1.1083692841848698,Recovered
ANs,2026-06-01 03:09:01,0.668787559880879,0.0339965190522422,1.3105139195243992e-09,1.1025102986131117,Recovered
ANs,2026-06-01 03:10:02,0.6664490006093259,0.0330923559455989,1.2774965617815555e-09,1.0742081981988083,Recovered · STEP_LIMITED(NO2_sh)
ANs,2026-06-01 03:11:02,0.6606689452548784,0.0342174234564293,1.3207286038086311e-09,1.0575310639767612,Recovered
ANs,2026-06-01 03:12:02,0.6060696261174865,0.0327106111181291,1.2631449268932902e-09,1.1196898914914184,Recovered
ANs,2026-06-01 03:13:01,0.6351668278641783,0.032599163749823,1.2581359917601846e-09,1.109215614707229,Recovered
ANs,2026-06-01 03:14:01,0.6213158556709081,0.0327342659863175,1.2612182664872064e-09,1.0902177757828642,Recovered
ANs,2026-06-01 03:15:01,0.6164026392205525,0.0326949441900127,1.2625986017918903e-09,1.1170430529726594,Recovered
ANs,2026-06-01 03:16:01,0.710622980974111,0.033265780692594,1.28362835574821e-09,1.0891432157219854,Recovered
ANs,2026-06-01 03:17:01,0.7302891384205662,0.032035759226484,1.2351767979726526e-09,1.0860675107720643,Recovered
ANs,2026-06-01 03:18:01,0.8705280176513078,0.0326590375103564,1.2608675487873103e-09,1.1677889723285646,Recovered
ANs,2026-06-01 03:19:01,1.0077922364202168,0.0317335557993087,1.2254045645707171e-09,1.0742281581041322,Recovered
ANs,2026-06-01 03:20:01,0.9825989862565806,0.0331052773778675,1.277502603763063e-09,1.2052724987217422,Recovered
ANs,2026-06-01 03:21:02,0.8178043349787505,0.0339839584927987,1.31211715412948e-09,1.0986381571513646,Recovered
ANs,2026-06-01 03:22:02,0.6202590012314896,0.0310091685781315,1.1960961743909354e-09,1.1782288174200477,Recovered
ANs,2026-06-01 03:23:01,0.5896569961568883,0.0318035230073548,1.2281734267556455e-09,1.0927391112030531,Recovered
ANs,2026-06-01 03:24:01,0.6123389163040084,0.0321100856872277,1.2404304952911527e-09,1.1237039374206064,Recovered
ANs,2026-06-01 03:25:01,0.5639742542141836,0.0295524580255875,1.140674951125322e-09,1.0947480358636144,Recovered
ANs,2026-06-01 03:26:01,0.538527241448681,0.031119754814877,1.202253054918248e-09,1.0741080461460064,Recovered
ANs,2026-06-01 03:27:01,0.5844864839711303,0.0306363348881094,1.1843979875563967e-09,1.038843207657325,Recovered
ANs,2026-06-01 03:28:01,0.6643072177433779,0.0303438700853478,1.1723502763160595e-09,1.1428858995536593,Recovered
ANs,2026-06-01 03:29:01,0.611384893896075,0.032286157556185,1.2473859683112643e-09,1.0638388568190635,Recovered
ANs,2026-06-01 03:30:01,0.6733050735896118,0.0304428774369769,1.1765944118130866e-09,1.036270602717089,Recovered
ANs,2026-06-01 03:31:01,0.6941142797392256,0.0321868887386879,1.2450834898632106e-09,1.065013976231332,Recovered · AT_BOUND(NO2_sq)
ANs,2026-06-01 03:32:02,0.7141550375154126,0.0308022563818593,1.190245055943704e-09,1.10865275711523,Recovered
ANs,2026-06-01 03:33:02,0.7355185425906878,0.0318563547717629,1.2315112303391851e-09,1.1319260409748928,Recovered
ANs,2026-06-01 03:34:01,0.6617468314819394,0.0313670437646519,1.2135918059170462e-09,1.067722140597978,"Recovered · AT_BOUND(NO2_sh,NO2_sq)"
ANs,2026-06-01 03:35:01,0.7029504199017674,0.0315912837462822,1.2212192373049583e-09,1.0301856846026394,Recovered · STEP_LIMITED(NO2_sh)
ANs,2026-06-01 03:36:01,0.8270461386501814,0.0315416518415569,1.2186243329165627e-09,1.090396932581986,Recovered
ANs,2026-06-01 03:37:01,1.09755222177687,0.0314721596990495,1.2164779728943924e-09,1.1025711078912217,Recovered
ANs,2026-06-01 03:38:01,1.2581658182883502,0.0316399033129265,1.2228304194040952e-09,1.044044763721118,Recovered
ANs,2026-06-01 03:39:01,0.8322999152446477,0.0321847980194526,1.2456689824596911e-09,1.0928809488594378,Recovered · AT_BOUND(NO2_sq)
ANs,2026-06-01 03:40:01,0.6036647190505836,0.0324132075357692,1.2546424076459959e-09,1.0150239260748228,Recovered
ANs,2026-06-01 03:41:01,0.6010769390252927,0.0324525239520845,1.2558711491933046e-09,1.0326484516235153,Recovered · STEP_LIMITED(NO2_sh)
ANs,2026-06-01 03:42:02,0.9568357401327272,0.0337435273264179,1.3042269036368354e-09,1.0868922909286904,Recovered
ANs,2026-06-01 03:43:02,0.6595714611690499,0.034224392358857,1.3243706609145235e-09,1.0356404465449909,Recovered
ANs,2026-06-01 03:44:02,0.5921387379083645,0.0327958068983039,1.2678347120517256e-09,1.062388241866448,Recovered
ANs,2026-06-01 03:45:01,0.6484853327736385,0.0350470480848533,1.35636513302795e-09,1.131363253846795,Recovered
ANs,2026-06-01 03:46:01,0.8999934972086208,0.0328571092693217,1.270900597247176e-09,1.0569740820268818,Recovered
ANs,2026-06-01 03:47:01,1.087366109161486,0.0339645236303357,1.3146012243463242e-09,1.0469506768234802,Recovered
ANs,2026-06-01 03:48:01,0.9433772338011496,0.0330444121414876,1.279089847994664e-09,1.0597944920846183,Recovered
ANs,2026-06-01 03:49:01,0.7645225636006925,0.0348042835859275,1.3460905619811611e-09,1.05273197197074,Recovered
ANs,2026-06-01 03:50:01,0.5086107576200981,0.0339331010232785,1.3140348770917367e-09,1.0075456888367842,Recovered
ANs,2026-06-01 03:51:01,0.4517137866988117,0.0341758363786601,1.3247363552352528e-09,1.0268531485738446,Recovered · AT_BOUND(NO2_sq)
ANs,2026-06-01 03:51:51,0.5148937099326653,0.0354041527776773,1.3731091975406926e-09,0.9538643261085712,Recovered · AT_BOUND(NO2_sq)
ANs,2026-06-01 03:55:28,0.4919191001501518,0.0648046729677741,2.5080499664751492e-09,1.033580144576136,"Recovered · AT_BOUND(NO2_sh,NO2_sq)"
ANs,2026-06-01 03:56:02,0.660976680976988,0.0344871619586293,1.3362155917138346e-09,0.9591748826344494,Recovered
ANs,2026-06-01 03:57:02,0.5745052670444389,0.0344205603832913,1.335294576996939e-09,1.02336089972774,Recovered · AT_BOUND(NO2_sq)
ANs,2026-06-01 03:58:02,0.5454886632542209,0.0339290607178386,1.315748242265892e-09,0.977247470668577,Recovered · AT_BOUND(NO2_sq)
ANs,2026-06-01 03:59:02,0.4798705421092466,0.0337472448865351,1.308567142829813e-09,0.9945813492107516,Recovered · AT_BOUND(NO2_sq)
ANs,2026-06-01 04:00:02,0.5521129027482173,0.0346039168264692,1.341032964278217e-09,1.0025380724583872,Recovered
ANs,2026-06-01 04:01:02,0.6539891959001061,0.031710314406529,1.2293746944309372e-09,1.0401308984751652,Recovered
ANs,2026-06-01 04:02:02,0.6459925709807652,0.033952937698372,1.3171350373010163e-09,0.9612457628685688,Recovered · AT_BOUND(NO2_sq)
ANs,2026-06-01 04:03:01,0.6085854885122731,0.0339696447137798,1.317247634416265e-09,0.9623213365230106,Recovered
ANs,2026-06-01 04:04:02,0.5698586419887662,0.0319296906138326,1.2385238273239695e-09,0.9750875571586622,Recovered · AT_BOUND(NO2_sq)
ANs,2026-06-01 04:05:02,0.5152651032494178,0.0336139094685388,1.304064162383401e-09,0.9882880608183354,Recovered · AT_BOUND(NO2_sq)
ANs,2026-06-01 04:06:02,0.7218388582306186,0.032944319287357,1.2769068017530779e-09,0.9426592962795872,Recovered · STEP_LIMITED(NO2_sh)
ANs,2026-06-01 04:07:02,0.6206261893900277,0.033313315784566,1.290713782281942e-09,0.997757705845332,Recovered
ANs,2026-06-01 04:08:02,0.5147765540922565,0.0314005137278983,1.216765951313944e-09,1.003286016733684,"Recovered · AT_BOUND(NO2_sh,NO2_sq)"
ANs,2026-06-01 04:09:02,0.4650689726292954,0.0328137597572486,1.269730607243971e-09,0.9932216847865344,Recovered
ANs,2026-06-01 04:10:02,0.6743772611871718,0.0322143566554977,1.248043428488712e-09,0.9762941761309132,Recovered · AT_BOUND(NO2_sq)
ANs,2026-06-01 04:11:02,0.6445072553744072,0.0321045955728318,1.2441296290956421e-09,0.9886279823417802,Recovered · AT_BOUND(NO2_sq)
ANs,2026-06-01 04:12:02,0.5090820677736215,0.0319385559630572,1.2378914677524435e-09,0.9596043486270746,Recovered · AT_BOUND(NO2_sq)
ANs,2026-06-01 04:13:02,0.5965197685082335,0.0305972349755174,1.1854245014961255e-09,0.9556178218913168,Recovered
ANs,2026-06-01 04:14:02,0.5426311355777188,0.0305718148995468,1.184933194562571e-09,1.0282357016624086,Recovered · AT_BOUND(NO2_sq)
ANs,2026-06-01 04:15:02,0.4966370870013344,0.031268193176717,1.212012929429672e-09,1.0031275696503532,Recovered · AT_BOUND(NO2_sq)
ANs,2026-06-01 04:16:02,0.973313470222092,0.0310151941064288,1.2020587188594922e-09,0.9995631191930108,Recovered · STEP_LIMITED(NO2_sh)
ANs,2026-06-01 04:17:02,0.8518381561997367,0.0308283816940925,1.1938943971549851e-09,0.9871743102978836,Recovered
ANs,2026-06-01 04:18:02,0.556730089156885,0.0301638552357502,1.168320359961714e-09,1.0033811384004014,Recovered
ANs,2026-06-01 04:19:02,0.5362478864540686,0.0310268681846835,1.2023800773989263e-09,0.9432492617232416,Recovered
ANs,2026-06-01 04:20:02,0.4631763385397976,0.0295709796272448,1.1457655135745815e-09,0.9984095213225164,Recovered
ANs,2026-06-01 04:21:02,0.4182463143542272,0.0308478876223332,1.1954230446571452e-09,1.0365071335436795,Recovered · AT_BOUND(NO2_sq)
ANs,2026-06-01 04:22:02,0.5549701690655041,0.0297679350087503,1.1537883419963012e-09,0.9974202327424412,Recovered · AT_BOUND(NO2_sq)
ANs,2026-06-01 04:23:02,0.6102511928905323,0.0311689927843789,1.2068591158460598e-09,0.9690223956113893,Recovered
ANs,2026-06-01 04:24:01,0.4650705861841692,0.0313915101935254,1.2156424460271015e-09,0.9346175599277398,Recovered
ANs,2026-06-01 04:25:02,0.5190893255312762,0.0317341345639537,1.229940086932961e-09,1.040790332311848,Recovered · AT_BOUND(NO2_sq)
ANs,2026-06-01 04:26:02,0.6095487058317599,0.0301291791026265,1.1656723090979028e-09,1.0395637164332054,Recovered
ANs,2026-06-01 04:27:02,0.7125875626613114,0.0304196517341552,1.178512132530151e-09,1.0388615438477595,Recovered
ANs,2026-06-01 04:28:02,0.5409027151315657,0.0306224564381002,1.1865160956957394e-09,1.001547358328282,Recovered · AT_BOUND(NO2_sq)
ANs,2026-06-01 04:29:02,0.5857311981910792,0.0307719591725209,1.1924493032880183e-09,1.014605507849503,Recovered · STEP_LIMITED(NO2_sh)
ANs,2026-06-01 04:30:02,0.720812363274003,0.0330191372930373,1.2777928601569978e-09,1.0151813378769423,Recovered
ANs,2026-06-01 04:31:02,0.5562314507602376,0.0317226291343541,1.2279293024483406e-09,1.0282734498116508,Recovered · STEP_LIMITED(NO2_sh)
ANs,2026-06-01 04:32:02,0.6297850051713604,0.0321361029269631,1.243817705925678e-09,1.0232177857476756,Recovered
ANs,2026-06-01 04:33:02,0.6165423663799542,0.0315561494547566,1.22166784034496e-09,1.0443807713121678,Recovered
ANs,2026-06-01 04:34:02,0.7727220337617801,0.032200647002537,1.2462438055659583e-09,1.0463784543378536,Recovered · STEP_LIMITED(NO2_sh)
ANs,2026-06-01 04:35:01,0.6890080857170691,0.0322430638159503,1.2474617354402995e-09,1.0521725452902928,Recovered
ANs,2026-06-01 04:36:02,0.6268767216966569,0.0329926720551667,1.2778923921102216e-09,1.0039205509693911,"Recovered · AT_BOUND(NO2_sh,NO2_sq)"
ANs,2026-06-01 04:37:02,0.6145412439982715,0.032313087823356,1.2518136843125935e-09,0.9693064345660076,Recovered · AT_BOUND(NO2_sq)
ANs,2026-06-01 04:38:02,0.8318084036996073,0.032608958978407,1.2619279683540635e-09,1.0080440051434438,Recovered
ANs,2026-06-01 04:39:02,0.6972601547533338,0.0315601792652029,1.2205276329160432e-09,0.9779408128922816,Recovered · STEP_LIMITED(NO2_sh)
ANs,2026-06-01 04:40:02,0.5901091521560662,0.0334900630902198,1.2948140901486386e-09,0.9994556564892236,Recovered · AT_BOUND(NO2_sq)
ANs,2026-06-01 04:41:02,0.5518334227807025,0.0327411229003949,1.2676147069296206e-09,0.9401607399158164,Recovered
ANs,2026-06-01 04:42:02,0.5927590173740743,0.0336875844688849,1.3036353996837588e-09,0.9570682938462998,Recovered
ANs,2026-06-01 04:43:02,0.6786873127877493,0.0347286642869812,1.344140216368294e-09,0.977552220241518,Recovered
ANs,2026-06-01 04:44:02,0.5531711034461702,0.0347908339697826,1.3479392589179371e-09,0.931473976564395,Recovered
ANs,2026-06-01 04:45:02,0.7130978041302956,0.0337453704828469,1.3051537015102462e-09,0.9733944953238802,Recovered
ANs,2026-06-01 04:46:02,1.07814472806139,0.0353211840587792,1.367675436476098e-09,1.036165203278554,Recovered · STEP_LIMITED(NO2_sh)
ANs,2026-06-01 04:47:02,1.0212530642831703,0.0345379597270218,1.3371670014508226e-09,0.9941123804031534,Recovered
ANs,2026-06-01 04:48:02,1.652678749225427,0.0357297566045878,1.3833841889769075e-09,1.0426995974687123,Recovered · STEP_LIMITED(NO2_sh)
ANs,2026-06-01 04:49:02,1.4676296005782177,0.034369245832485,1.330656510033206e-09,0.9923317110818636,Recovered
ANs,2026-06-01 04:50:02,1.050055487561548,0.0340563800016516,1.3194323740839192e-09,1.021284975218089,Recovered · STEP_LIMITED(NO2_sh)
ANs,2026-06-01 04:51:02,1.1052756827819017,0.0345553271140596,1.3378968700612168e-09,1.0074397219026396,Recovered
ANs,2026-06-01 04:51:52,1.0460877497469954,0.03820112506601,1.4797780907093303e-09,1.0286761479321265,Recovered
ANs,2026-06-01 04:54:26,2.5350633668475795,0.0540458653929034,2.092840949030751e-09,1.0131396642793795,Recovered · STEP_LIMITED(NO2_sh)
ANs,2026-06-01 04:55:02,2.183997310497539,0.0351463117639141,1.3612346637396632e-09,0.999322675352721,OK
ANs,2026-06-01 04:56:02,1.2638080337107953,0.0361731287517795,1.399956590316764e-09,1.0220265633808556,Recovered · STEP_LIMITED(NO2_sh)
ANs,2026-06-01 04:57:03,1.1054874855363788,0.0342554610375343,1.3272679125016023e-09,0.9841446757019592,Recovered
ANs,2026-06-01 04:58:03,1.2431756570759596,0.0334443204371371,1.2954446875709771e-09,1.0534600959766005,Recovered
ANs,2026-06-01 04:59:03,1.1301273269485628,0.0334483826052964,1.2961427095443874e-09,1.031593621236803,Recovered
ANs,2026-06-01 05:00:03,1.2005848164100723,0.0331957467529752,1.286378312731042e-09,1.0310609143111438,Recovered
ANs,2026-06-01 05:01:03,1.5958194433413828,0.0325713312794084,1.2619726759089346e-09,1.0187927067883578,Recovered · STEP_LIMITED(NO2_sh)
ANs,2026-06-01 05:02:02,1.2550535455488656,0.0345545320937314,1.3385700375413403e-09,1.0896702112996763,Recovered
ANs,2026-06-01 05:03:02,1.4393329670656478,0.0335966913068181,1.302037353024414e-09,1.003970175217752,Recovered
ANs,2026-06-01 05:04:02,1.9407539872701376,0.0336284494390672,1.3034881450097619e-09,1.0996576117720105,OK
ANs,2026-06-01 05:05:02,1.0954634834499242,0.0320356646522438,1.2418996152755095e-09,1.0028835038154875,Recovered · STEP_LIMITED(NO2_sh)
ANs,2026-06-01 05:06:02,1.778383776651197,0.0323392432073193,1.253818567613934e-09,1.0736718398677567,Recovered
ANs,2026-06-01 05:07:02,1.2988375603728275,0.0322628337185181,1.2503502328156311e-09,0.9987106703192452,Recovered
ANs,2026-06-01 05:08:03,1.823219425636225,0.0332869749379393,1.2893524113646316e-09,1.1509306539208857,OK · STEP_LIMITED(NO2_sh)
ANs,2026-06-01 05:09:03,1.3507190189642102,0.0324049508420302,1.256083146434808e-09,1.1116411549287324,Recovered
ANs,2026-06-01 05:10:03,1.257266406380898,0.0318807290292018,1.2354996572991422e-09,1.0906847499101584,Recovered
ANs,2026-06-01 05:11:03,1.1232828247530997,0.0316725723132384,1.2285660748915252e-09,1.0445611385443625,Recovered
ANs,2026-06-01 05:12:03,0.9417040429696388,0.0297053354568043,1.1534675906728982e-09,1.0575922729236666,Recovered
ANs,2026-06-01 05:13:03,0.943273956988128,0.0310644908335973,1.2056945020808247e-09,1.1184979074657109,Recovered
ANs,2026-06-01 05:14:02,0.8736939244126278,0.0310124632123291,1.203684465410045e-09,1.084294677942684,Recovered
ANs,2026-06-01 05:15:02,0.9106246044439116,0.0315886067340218,1.226795640033879e-09,1.099761422596964,Recovered
ANs,2026-06-01 05:16:02,0.6949108768298031,0.0285207450003895,1.107502507367485e-09,1.1126048659680965,Recovered · STEP_LIMITED(NO2_sh)
ANs,2026-06-01 05:17:02,0.6961389283216197,0.0296072199172472,1.1509985820087564e-09,1.052177515551159,Recovered
ANs,2026-06-01 05:18:02,0.6921073494460275,0.0281937538602193,1.0945081815147382e-09,1.0854365177081708,Recovered
ANs,2026-06-01 05:19:03,0.6778371635242166,0.0292210911422255,1.134791860499564e-09,1.060603683003343,Recovered
ANs,2026-06-01 05:20:03,1.4396137386711816,0.030550250278458,1.1873390690685842e-09,1.0457361643443923,Recovered · STEP_LIMITED(NO2_sh)
ANs,2026-06-01 05:21:03,2.1999318232273617,0.0314348560017496,1.221320321318481e-09,1.1405228862086614,OK · STEP_LIMITED(NO2_sh)
ANs,2026-06-01 05:22:03,1.1296865332056387,0.0311510481103273,1.2111895805083838e-09,1.0748071222850757,Recovered
ANs,2026-06-01 05:23:03,1.6830105599191478,0.0298190737161043,1.1593709103499034e-09,1.1677876961421128,Recovered · STEP_LIMITED(NO2_sh)
ANs,2026-06-01 05:24:03,1.7593345672000638,0.031614630826541,1.2286962441272242e-09,1.091441535409026,Recovered
ANs,2026-06-01 05:25:02,1.1883801357289003,0.0307175494261702,1.1940804601392479e-09,1.12432704876025,Recovered
ANs,2026-06-01 05:26:02,1.2758623811348644,0.0310529013450031,1.2073342521719355e-09,1.0532659401835291,Recovered
ANs,2026-06-01 05:27:02,0.9657770180807568,0.0316358548234424,1.2304071829833794e-09,1.0594791490434512,Recovered
ANs,2026-06-01 05:28:02,1.0842143458269031,0.0303664786278369,1.181560582683319e-09,1.11021170007405,Recovered
ANs,2026-06-01 05:29:03,0.9441388198676104,0.031392382708316,1.220746541655137e-09,1.1425464941874928,Recovered
ANs,2026-06-01 05:30:03,1.056364273048914,0.0317296452530232,1.2346706558228166e-09,1.1089156856442537,Recovered
ANs,2026-06-01 05:31:03,0.7034475851833373,0.0306567698866447,1.1928722398148188e-09,1.0594294293405857,Recovered
ANs,2026-06-01 05:32:03,0.5909121816399372,0.0312520628247788,1.2155914789811227e-09,1.0562120841022926,Recovered · STEP_LIMITED(NO2_sh)
ANs,2026-06-01 05:33:03,0.6249792225792912,0.0315638236245391,1.2286018510486043e-09,1.0935369129504575,Recovered
ANs,2026-06-01 05:34:02,0.8543824168595565,0.0324732339269031,1.2637520492440615e-09,1.0949676150709102,Recovered
ANs,2026-06-01 05:35:02,0.8740227309210665,0.0317680989605631,1.236016861368371e-09,1.1826620485689112,Recovered
ANs,2026-06-01 05:36:02,1.0126563037513732,0.0333495670699424,1.2964440843760647e-09,1.043135523870066,Recovered
ANs,2026-06-01 05:37:02,0.984024329593212,0.0320922971926889,1.2479943025406576e-09,1.114596730536998,Recovered
ANs,2026-06-01 05:38:02,1.1570527621902391,0.0334115430161945,1.298265964877494e-09,1.1442842473927002,Recovered
ANs,2026-06-01 05:39:02,0.7766959222985605,0.0334559324638757,1.30142586704773e-09,1.0063269183595538,Recovered · STEP_LIMITED(NO2_sh)
ANs,2026-06-01 05:40:03,0.9150363907308195,0.0347918585939618,1.351743581200776e-09,1.0961923524463688,Recovered
ANs,2026-06-01 05:41:03,0.7642617886936544,0.0323174684569138,1.255354966269664e-09,1.0764904577065155,Recovered
ANs,2026-06-01 05:42:03,0.8817853638594685,0.0343193414176338,1.3336486849057888e-09,1.0889139863148722,Recovered · STEP_LIMITED(NO2_sh)
ANs,2026-06-01 05:43:03,1.3199831782075868,0.0354599325569867,1.3782982471778795e-09,1.0777863868192987,Recovered · STEP_LIMITED(NO2_sh)
ANs,2026-06-01 05:44:03,1.0335941334828809,0.0353649027967784,1.3739755983372622e-09,1.1454964706279616,Recovered
ANs,2026-06-01 05:45:03,0.7836501970022256,0.0350257780194852,1.3609549250720684e-09,1.0768117537740352,Recovered
ANs,2026-06-01 05:46:02,0.8053109813724489,0.0350538194056327,1.362360685650588e-09,1.098508453627156,Recovered · STEP_LIMITED(NO2_sh)
ANs,2026-06-01 05:47:02,0.7985971877134715,0.0344910911892986,1.3419031416070724e-09,1.0541222599596125,Recovered
ANs,2026-06-01 05:48:02,0.785748116498507,0.0354697582977974,1.3784525540394279e-09,1.066829120209136,Recovered
ANs,2026-06-01 05:49:02,0.7217544259705003,0.034530341596919,1.3423326213374592e-09,1.0788812441612594,Recovered
ANs,2026-06-01 05:50:02,0.7196588893154945,0.0347942273636869,1.3527193173519464e-09,1.0842331552623563,Recovered · STEP_LIMITED(NO2_sh)
ANs,2026-06-01 05:51:03,0.6393623943846983,0.0349333989314747,1.3575770280141091e-09,1.1423491134559531,Recovered
ANs,2026-06-01 05:51:53,0.6862499749034303,0.0405000630972523,1.573914295330216e-09,1.0838656466222545,Recovered
ANs,2026-06-01 05:54:26,0.6346125318414958,0.0505190656832502,1.964411193542556e-09,1.0197408609886645,Recovered
ANs,2026-06-01 05:55:03,0.7595711353259597,0.0343239595669196,1.3361695935278111e-09,1.072315406092498,Recovered · STEP_LIMITED(NO2_sh)
ANs,2026-06-01 05:56:03,0.5464295777109869,0.0347243482533651,1.3521986702956315e-09,1.0690792037348873,Recovered
ANs,2026-06-01 05:57:03,0.5629249830480487,0.0354068267324912,1.3776006209147203e-09,1.002778653708833,Recovered
ANs,2026-06-01 05:58:03,0.6496471463656592,0.0351385272418947,1.3680083556288683e-09,1.03163038779003,Recovered
ANs,2026-06-01 05:59:03,0.6183949341894639,0.0351131890684444,1.3661270735511715e-09,1.0314206918444555,Recovered · STEP_LIMITED(NO2_sh)
ANs,2026-06-01 06:00:03,0.5282080171199404,0.034965159088449,1.3604234874392674e-09,1.0660850372886097,Recovered
ANs,2026-06-01 06:01:03,0.5853464889055887,0.0335481198541985,1.3029720469738134e-09,1.0329012814273222,Recovered · AT_BOUND(NO2_sq)
ANs,2026-06-01 06:02:03,0.5137941556868807,0.0348243158392722,1.354130024231521e-09,1.034142443999137,Recovered
ANs,2026-06-01 06:03:03,0.6398999980464034,0.0346587686587359,1.3468311309697095e-09,1.0943267428902237,Recovered
ANs,2026-06-01 06:04:03,0.7495270233228551,0.0345552708109463,1.3434342163880635e-09,1.0498519657097531,Recovered
ANs,2026-06-01 06:05:03,1.0550508132344845,0.0345236781323016,1.3421118798186784e-09,1.091002649703442,Recovered
ANs,2026-06-01 06:06:03,0.6518634929519554,0.0336380850025458,1.307699957553118e-09,1.0654461399194577,Recovered · STEP_LIMITED(NO2_sh)
ANs,2026-06-01 06:07:03,0.648765811007716,0.0334526866671047,1.301046350559656e-09,1.0837464027923276,Recovered
ANs,2026-06-01 06:08:03,0.5840860918905588,0.0323109826598045,1.2564550773454643e-09,1.1097494191735704,Recovered
ANs,2026-06-01 06:09:03,0.6618035364516073,0.0323022266915368,1.2570334022803515e-09,1.100674574359018,Recovered
ANs,2026-06-01 06:10:03,0.6236990009914646,0.0329604769894124,1.2819231669456601e-09,1.130838208414872,Recovered
ANs,2026-06-01 06:11:03,0.6086035219304482,0.0304239699955118,1.1837310947792402e-09,1.063826892533528,Recovered
ANs,2026-06-01 06:12:04,0.6331913554390921,0.0330011575662731,1.2815126369565683e-09,1.0870037652542677,"Recovered · AT_BOUND(NO2_sh,NO2_sq)"
ANs,2026-06-01 06:13:03,0.65486267902256,0.0315777996024197,1.2267578816965587e-09,1.1480113222303714,Recovered
ANs,2026-06-01 06:14:03,0.6321659958902502,0.0317713319536262,1.2351719764106711e-09,1.0954419907638364,Recovered
ANs,2026-06-01 06:15:03,0.7107803823348949,0.0310186389530057,1.2063522252514383e-09,1.081945976021703,Recovered
ANs,2026-06-01 06:16:03,0.7195821009421495,0.0323576661378453,1.2589706011483095e-09,1.0665126718206546,Recovered
ANs,2026-06-01 06:17:03,0.937464559967832,0.0304423097764045,1.1835645042548911e-09,1.081569063485884,Recovered
ANs,2026-06-01 06:18:03,0.9779937224146482,0.0314268085824995,1.2232438932475894e-09,1.1008061446312238,Recovered
ANs,2026-06-01 06:19:03,1.0346009647498566,0.0314864914768147,1.2245350147455495e-09,1.0995428204880464,Recovered
ANs,2026-06-01 06:20:03,0.8816949057781872,0.031428837136887,1.2230197643401901e-09,1.047199506657968,Recovered
ANs,2026-06-01 06:21:03,0.7113482658225838,0.0298297903207823,1.159304056964993e-09,1.0521474685732994,Recovered
ANs,2026-06-01 06:22:03,0.6502039968757386,0.030786053442249,1.1969627850197862e-09,1.0611302844104271,Recovered
ANs,2026-06-01 06:23:03,0.6594622790708987,0.0298068363068512,1.1585844340288047e-09,1.0819286195721414,Recovered
ANs,2026-06-01 06:24:03,0.5666218717249251,0.0304253493669485,1.1827534939133711e-09,1.0672286221973657,Recovered
ANs,2026-06-01 06:25:03,0.4978685275443338,0.0293712501019433,1.1434981724574903e-09,1.1179285681637328,Recovered · AT_BOUND(NO2_sq)
ANs,2026-06-01 06:26:03,0.5337832387725494,0.0303588450597732,1.180629656584626e-09,1.1365005506987935,Recovered
ANs,2026-06-01 06:27:03,0.4613023858491471,0.0293327169406715,1.141887251251529e-09,1.1256924224097216,Recovered · AT_BOUND(NO2_sq)
ANs,2026-06-01 06:28:03,0.8753531507025454,0.0306774664162694,1.1922420749390511e-09,1.0960108015866048,Recovered · STEP_LIMITED(NO2_sh)
ANs,2026-06-01 06:29:03,0.8253112394970501,0.030167814980814,1.1742928367278436e-09,1.0120194627170822,Recovered
ANs,2026-06-01 06:30:03,0.7328815029615856,0.0304274661777039,1.1828671864167336e-09,1.0626676815820777,Recovered
ANs,2026-06-01 06:31:03,0.6477855169381048,0.0297636063683906,1.156743735734904e-09,1.052695479459036,Recovered
ANs,2026-06-01 06:32:03,0.7634427969101544,0.0306221026527205,1.1914166228696726e-09,1.0727467476491162,Recovered
ANs,2026-06-01 06:33:03,0.7299395588213213,0.0309619767815443,1.2045952461329775e-09,1.1068321457260384,Recovered
ANs,2026-06-01 06:34:03,1.0112678455807522,0.0314474738113542,1.2238603642460954e-09,1.103782745123562,Recovered · STEP_LIMITED(NO2_sh)
ANs,2026-06-01 06:35:03,0.8430564978686376,0.0310195401415886,1.206711888598801e-09,1.0128710254053723,Recovered
ANs,2026-06-01 06:36:03,1.1834783313297943,0.0319672776061122,1.244066608640941e-09,1.0650332479132731,OK · STEP_LIMITED(NO2_sh)
ANs,2026-06-01 06:37:03,1.0354447455439209,0.0318636584469478,1.240321119082738e-09,1.1058011828966778,OK
ANs,2026-06-01 06:38:03,0.5039287058927977,0.0323507233017742,1.2593398485195139e-09,1.04641417393761,Recovered · STEP_LIMITED(NO2_sh)
ANs,2026-06-01 06:39:03,0.5008942066142394,0.0314524796217836,1.2245019651406615e-09,1.0997774953505215,Recovered · STEP_LIMITED(NO2_sh)
ANs,2026-06-01 06:40:03,0.5883877465857557,0.0320961090336356,1.2499971767860696e-09,1.1494360622851267,Recovered · STEP_LIMITED(NO2_sh)
ANs,2026-06-01 06:41:03,0.5627415449526016,0.0319580669266808,1.2433720604658023e-09,1.100013866072089,Recovered · STEP_LIMITED(NO2_sh)
ANs,2026-06-01 06:42:03,0.7229971893960836,0.0331257949584427,1.2880735091887563e-09,1.1080332041141134,Recovered
ANs,2026-06-01 06:43:03,1.1492143366121017,0.0342210241180255,1.3308994152320624e-09,1.063775087455191,OK · STEP_LIMITED(NO2_sh)
ANs,2026-06-01 06:44:03,0.8165816085125488,0.035207367456767,1.3688335127654383e-09,1.029463849914789,OK
ANs,2026-06-01 06:45:03,1.144649042630804,0.0328097395840709,1.2753002636893019e-09,1.017450229875326,OK · STEP_LIMITED(NO2_sh)
ANs,2026-06-01 06:46:03,1.1574789745743734,0.0344299408610765,1.338700376708817e-09,1.035048760544873,OK
ANs,2026-06-01 06:47:03,1.1640036390313877,0.0340632539624025,1.324040263522849e-09,1.0920376425165592,OK
ANs,2026-06-01 06:48:03,1.0405052621933917,0.0340055862129964,1.3213712181917321e-09,1.176190315300737,OK
ANs,2026-06-01 06:49:03,0.8933987725912402,0.0355951763181926,1.3834899037023315e-09,1.1058449893278577,OK
ANs,2026-06-01 06:50:03,0.810666081569638,0.0346215605301546,1.34520966091762e-09,1.0670559850221302,OK
ANs,2026-06-01 06:51:03,0.6720682232883073,0.0353986704776176,1.3753928017653614e-09,1.1005485196239937,Recovered · STEP_LIMITED(NO2_sh)
ANs,2026-06-01 06:51:54,0.7669178250904949,0.0385154433785698,1.4952380000638061e-09,0.9980967843988272,Recovered
ANs,2026-06-01 06:55:32,1.1945678503045758,0.0990669268380489,3.856648945646733e-09,1.0054653564489504,Recovered · AT_BOUND(NO2_sq)
ANs,2026-06-01 06:56:04,0.9253160310687072,0.0365489117412273,1.4213268640031844e-09,1.031303198059982,OK
ANs,2026-06-01 06:57:04,0.9937622708548356,0.0340224290407123,1.3234165175888032e-09,1.0448660263913672,OK
ANs,2026-06-01 06:58:04,0.8726600176434129,0.0349945204629314,1.3603683703360524e-09,1.014043634576279,OK · STEP_LIMITED(NO2_sh)
ANs,2026-06-01 06:59:04,0.9031136106237668,0.0343831589313069,1.337285406364215e-09,1.0900125855403229,OK
ANs,2026-06-01 07:00:04,1.202675620473148,0.0341112611030889,1.3268637984553091e-09,1.0580399481624734,OK · STEP_LIMITED(NO2_sh)
ANs,2026-06-01 07:01:04,1.223506388514664,0.0344585562913028,1.339709362747884e-09,1.0848292965573734,OK
ANs,2026-06-01 07:02:04,1.0798222488069429,0.0341776408463693,1.3282740620248743e-09,1.0347118463301856,OK
ANs,2026-06-01 07:03:03,1.099107961074172,0.0354430672758228,1.377146717924964e-09,1.0908020025266534,OK · STEP_LIMITED(NO2_sh)
ANs,2026-06-01 07:04:03,1.0550487377173527,0.0339071625960419,1.3168987241932566e-09,1.0296806961844378,OK
ANs,2026-06-01 07:05:03,0.8088277182792569,0.0344695255079218,1.3403601675161975e-09,1.0451535316245986,Recovered
ANs,2026-06-01 07:06:04,0.91277837867826,0.0319490534590333,1.242323125080499e-09,1.09141397283247,OK
ANs,2026-06-01 07:07:04,0.5626872420193992,0.0325339558189056,1.2649080694050694e-09,1.0160205253139023,Recovered · STEP_LIMITED(NO2_sh)
ANs,2026-06-01 07:08:04,0.7273855498462677,0.0337817242730038,1.3137103655145139e-09,1.0075327178297555,Recovered
ANs,2026-06-01 07:09:04,0.678003785968207,0.0341197159711179,1.326597363214857e-09,0.9839599430766028,Recovered
ANs,2026-06-01 07:10:04,0.6512112421175749,0.0318103842981119,1.237502778966642e-09,1.033533863942458,Recovered
ANs,2026-06-01 07:11:04,0.5176089055878892,0.0321389823832048,1.2499102061711023e-09,1.0108012926846368,Recovered
ANs,2026-06-01 07:12:04,0.4816561660916509,0.0324923332147154,1.2629125768298866e-09,1.0014439900264558,Recovered
ANs,2026-06-01 07:13:04,0.6226168819758867,0.0316054109965505,1.2279477954481184e-09,1.0700246490375958,Recovered
ANs,2026-06-01 07:14:03,0.7081769809083542,0.0306532173383456,1.1913045650391875e-09,1.0687627391552856,OK
ANs,2026-06-01 07:15:03,0.7155860080636713,0.0304470251255451,1.1834486051682963e-09,0.9857070324737442,OK
ANs,2026-06-01 07:16:04,0.9557887794392314,0.031013840632599,1.2066538198799898e-09,1.0711784089187912,OK
ANs,2026-06-01 07:17:04,1.1103775025179563,0.0311486780425472,1.2105762040703314e-09,1.0137304867163597,OK
ANs,2026-06-01 07:18:04,1.3867641131717623,0.0302053563045839,1.174266748147635e-09,1.080460385355006,OK
ANs,2026-06-01 07:19:04,0.9433610409763106,0.031169076724126,1.2121674088702704e-09,1.043455822782045,OK · STEP_LIMITED(NO2_sh)
ANs,2026-06-01 07:20:04,1.0437087117203292,0.0309128849230117,1.202783647035765e-09,1.0640943392485775,OK
ANs,2026-06-01 07:21:04,0.9461391709780582,0.0308007599718547,1.1989328569404715e-09,1.05952138017274,OK
ANs,2026-06-01 07:22:04,1.5482059536057442,0.031516827667244,1.2251270016017186e-09,1.014206415778435,OK
ANs,2026-06-01 07:23:04,1.5169378073179942,0.0299337506676376,1.164341649415736e-09,1.0680130907993255,OK
ANs,2026-06-01 07:24:03,1.0584470511794264,0.0294477070092703,1.1455110755620976e-09,1.0197859006071974,OK
ANs,2026-06-01 07:25:03,0.9297639723035874,0.0296937341643868,1.1550856925744607e-09,1.023552870071489,OK
ANs,2026-06-01 07:26:03,0.7760995978153757,0.029726064142558,1.1569581683295578e-09,1.033744623826026,Recovered
ANs,2026-06-01 07:27:04,0.7503493549708826,0.0310460934946613,1.2075253543580135e-09,1.0561021112170217,Recovered
ANs,2026-06-01 07:28:04,0.9876766037868212,0.0308333760279073,1.2000209493693923e-09,1.0306838094862496,OK · STEP_LIMITED(NO2_sh)
ANs,2026-06-01 07:29:04,1.1848442297185726,0.0319387674443224,1.242761478258591e-09,0.999701908302694,OK
ANs,2026-06-01 07:30:04,1.0377845770320993,0.0304933432434396,1.1868945706867892e-09,1.0596242639669124,OK
ANs,2026-06-01 07:31:04,0.8984504783638225,0.030724604563238,1.1955112393244599e-09,0.9920288227492996,OK
ANs,2026-06-01 07:32:04,1.0493311110257053,0.030214731334015,1.176356814931505e-09,1.0073533416853433,OK
ANs,2026-06-01 07:33:04,0.8992807153343244,0.0310747745304805,1.209819382320071e-09,1.1119409923703971,OK
ANs,2026-06-01 07:34:04,0.6927354959339641,0.0330911302712848,1.2876030749154511e-09,0.9735737975825868,Recovered
ANs,2026-06-01 07:35:03,0.641661044195342,0.0325217655947928,1.2657076989972204e-09,0.9882891659852352,Recovered
ANs,2026-06-01 07:36:03,0.7716106802989733,0.0320998374230368,1.2502510307984195e-09,1.051999802726007,Recovered
ANs,2026-06-01 07:37:04,0.8644767967526138,0.0316292594486612,1.2310305697346062e-09,1.0160215565488966,Recovered
ANs,2026-06-01 07:38:04,0.94129828506478,0.0342028412602201,1.3324524234541715e-09,1.0326920758818183,Recovered
ANs,2026-06-01 07:39:04,0.6981631666808766,0.0334854087923452,1.3043033012982982e-09,0.9638152751616632,Recovered
ANs,2026-06-01 07:40:04,0.5822371957865409,0.0341949501148259,1.3324625793558483e-09,0.973022692100006,Recovered
ANs,2026-06-01 07:41:04,0.4553612295362252,0.0346718121609117,1.350019762271842e-09,0.9456269846382884,"Recovered · AT_BOUND(NO2_sh,NO2_sq)"
ANs,2026-06-01 07:42:04,0.6140877263336629,0.0347911646108321,1.3556009453921727e-09,0.9564647660179538,Recovered · STEP_LIMITED(NO2_sh)
ANs,2026-06-01 07:43:04,0.8369482816150975,0.03448707924485,1.3447988802104423e-09,1.0283171132628215,Recovered · STEP_LIMITED(NO2_sh)
ANs,2026-06-01 07:44:04,1.5834691925193674,0.036648183875663,1.4286529299471647e-09,0.9795809416963716,OK · STEP_LIMITED(NO2_sh)
ANs,2026-06-01 07:45:04,1.2943680977821272,0.0347972155674288,1.3560000416867419e-09,1.054552667899601,OK
ANs,2026-06-01 07:46:03,1.5230113551505997,0.0375780712944933,1.4655246928441461e-09,0.9497820861660072,OK
ANs,2026-06-01 07:47:03,0.8433023758383608,0.0352239763521006,1.3749101027611634e-09,0.9854034867410344,Recovered · AT_BOUND(NO2_sq)
ANs,2026-06-01 07:48:04,0.850406774132719,0.0359905039667526,1.4039073929328583e-09,1.0205152411733376,Recovered
ANs,2026-06-01 07:49:04,0.853867978540512,0.0356765545235755,1.3893247211814146e-09,1.035999455283419,Recovered
ANs,2026-06-01 07:50:04,0.8478102663137567,0.03662523999847,1.4288915512267255e-09,0.9630369281044516,Recovered
ANs,2026-06-01 07:51:04,0.8629534248307722,0.0391965759682521,1.5300431916852012e-09,0.9333362019493257,Recovered
ANs,2026-06-01 07:51:55,0.9210933852486374,0.0374135961559949,1.4602149906808401e-09,0.9724780718594784,Recovered
ANs,2026-06-01 07:54:29,0.654335387461327,0.0590864975040363,2.30648738442047e-09,1.031813478345169,Recovered · AT_BOUND(NO2_sq)
ANs,2026-06-01 07:55:04,0.6181014800608831,0.0368163624680232,1.4372243839600641e-09,0.999405700510934,Recovered · STEP_LIMITED(NO2_sh)
ANs,2026-06-01 07:56:04,0.5404555846120086,0.0361429644740326,1.4114456936104481e-09,0.9798958679410724,Recovered · AT_BOUND(NO2_sq)
ANs,2026-06-01 07:57:04,0.6267058208577774,0.0356291394106191,1.3913069338660323e-09,0.9953622431392988,Recovered
ANs,2026-06-01 07:58:04,0.7799376863291126,0.0368628501814239,1.439278924681147e-09,0.9978923184672372,Recovered
ANs,2026-06-01 07:59:05,0.9508558919756068,0.035343804974421,1.3806149208293216e-09,0.9775999823440672,Recovered
ANs,2026-06-01 08:00:05,0.776982849893433,0.0363250980053315,1.4195188648833283e-09,0.925502057624571,"Recovered · AT_BOUND(NO2_sh,NO2_sq)"
ANs,2026-06-01 08:01:05,0.7972882309718993,0.0355967045738499,1.3909202511249043e-09,0.996972156108574,Recovered
ANs,2026-06-01 08:02:04,0.5137886867141587,0.0348965301218063,1.3629053773124694e-09,0.995326097797932,Recovered · STEP_LIMITED(NO2_sh)
ANs,2026-06-01 08:03:04,0.5907478286920602,0.0359840415707164,1.4057517530811652e-09,0.9781298421815642,Recovered
ANs,2026-06-01 08:04:04,0.8732334084250575,0.0336449332392577,1.3155194239096255e-09,0.9964621988561806,Recovered · STEP_LIMITED(NO2_sh)
ANs,2026-06-01 08:05:04,0.960713026489446,0.0331914087137465,1.297638080913571e-09,0.9874071992664186,Recovered
ANs,2026-06-01 08:06:04,1.2183704872112542,0.0344942499629074,1.3486944238369896e-09,0.9992974858681828,OK
ANs,2026-06-01 08:07:04,0.9620644019696208,0.0346281166569345,1.3526149688550035e-09,1.0139929321065582,Recovered
ANs,2026-06-01 08:08:04,1.1247110638101212,0.0334565126423873,1.306945557193278e-09,1.010711764117399,Recovered
ANs,2026-06-01 08:09:04,1.3437951182439647,0.0332350428970044,1.2983274226534495e-09,1.0041572323329615,OK
ANs,2026-06-01 08:10:05,0.8449760259879135,0.0323045556135434,1.2615109788955e-09,1.040734278397152,Recovered
ANs,2026-06-01 08:11:05,0.8795989851075654,0.032367838334116,1.266491163371264e-09,0.9864182188876988,Recovered
ANs,2026-06-01 08:12:05,1.1273271890092813,0.0306674530067639,1.2003821349957256e-09,0.9786234506525564,OK
ANs,2026-06-01 08:13:04,0.8217454147920735,0.0318878161810423,1.2472090924459267e-09,1.051716789129557,Recovered · STEP_LIMITED(NO2_sh)
ANs,2026-06-01 08:14:04,0.4722713060030318,0.0284937817357647,1.1151473745666523e-09,0.9983189631070248,Recovered · STEP_LIMITED(NO2_sh)
ANs,2026-06-01 08:15:04,0.7866115205578716,0.0327845219758717,1.283715890212889e-09,0.9994922256312212,Recovered
ANs,2026-06-01 08:16:04,0.9258857931211224,0.0298661228911756,1.168122560031769e-09,1.0911461233635424,Recovered
ANs,2026-06-01 08:17:04,1.2497140881802695,0.0304582631876662,1.191684867965155e-09,1.0966106672793927,OK
ANs,2026-06-01 08:18:04,1.10144880635228,0.0318894316518021,1.2471307292791443e-09,1.0000093355639743,Recovered · STEP_LIMITED(NO2_sh)
ANs,2026-06-01 08:19:04,1.070643663013512,0.0309063969232965,1.2092521858010792e-09,1.0525874147556862,OK
ANs,2026-06-01 08:20:04,1.4048995089130158,0.0310867633092749,1.215828592962603e-09,1.0162713961064471,OK
ANs,2026-06-01 08:21:05,1.124636886457491,0.0319942747898692,1.250757145776518e-09,1.0575314002960774,Recovered · STEP_LIMITED(NO2_sh)
ANs,2026-06-01 08:22:05,1.175292264096532,0.0297537038017776,1.1644743480497531e-09,1.041334212546825,OK
ANs,2026-06-01 08:23:05,0.993925521429044,0.0297316046568611,1.163652181277804e-09,1.0787726835806803,Recovered
ANs,2026-06-01 08:24:04,0.9379691743782648,0.0308281637421129,1.2066849867293803e-09,1.0242984972344904,Recovered
ANs,2026-06-01 08:25:04,0.9458704437007864,0.0300630661057198,1.1761683724274807e-09,1.0466226396111007,Recovered
ANs,2026-06-01 08:26:04,0.9533074610450832,0.0304573086588971,1.1923947882140634e-09,0.9793948039752732,Recovered
ANs,2026-06-01 08:27:04,1.029285349620465,0.0296298600257393,1.159930487807619e-09,0.9792503474696173,Recovered
ANs,2026-06-01 08:28:04,1.1109904644312634,0.0297180289816392,1.1637209954125563e-09,1.102019038444235,Recovered
ANs,2026-06-01 08:29:04,0.987766522034236,0.0294420721043275,1.1531698170050487e-09,1.0282548140734666,Recovered
ANs,2026-06-01 08:30:04,1.3189463940487929,0.0311602973746768,1.219825020109192e-09,1.070658813037312,OK
ANs,2026-06-01 08:31:05,2.0885200521542013,0.0328854321775529,1.2873712754782716e-09,1.0590037507559982,OK · STEP_LIMITED(NO2_sh)
ANs,2026-06-01 08:32:05,1.6170418836944258,0.0323252005436279,1.265069911465873e-09,1.0124281993233395,OK
ANs,2026-06-01 08:33:05,1.421548231006902,0.0313750625041343,1.22868281098268e-09,0.9773878942458172,OK
ANs,2026-06-01 08:34:04,1.3508872501064528,0.0318723133789486,1.2479637591882766e-09,1.0036461932338572,OK
ANs,2026-06-01 08:35:04,1.0159305721758678,0.0320784270490484,1.2564956651355023e-09,1.0343848081782334,Recovered
ANs,2026-06-01 08:36:04,1.1690835612742383,0.0320376751041823,1.2547777133337951e-09,1.0196119644340984,Recovered
ANs,2026-06-01 08:37:04,1.0325221468298589,0.0329714601145938,1.2906892928076021e-09,1.0356932311420528,Recovered · STEP_LIMITED(NO2_sh)
ANs,2026-06-01 08:38:04,0.6724044296564934,0.0332222774214149,1.3008189336845522e-09,1.0090014121606252,Recovered
ANs,2026-06-01 08:39:04,0.6809017399238397,0.030669308628475,1.2007492717006015e-09,1.0243748668818051,Recovered
ANs,2026-06-01 08:40:04,0.7582578301471189,0.0328632493027315,1.285514959231001e-09,1.0856506011991438,Recovered · AT_BOUND(NO2_sq)
ANs,2026-06-01 08:41:04,0.8840774897840249,0.0331510523980383,1.2979018986597743e-09,1.0964827895269835,Recovered · STEP_LIMITED(NO2_sh)
ANs,2026-06-01 08:42:05,0.9897233012511176,0.0336376501374049,1.315899125200638e-09,1.012518444742632,Recovered
ANs,2026-06-01 08:43:05,1.5250542474224804,0.035447669991216,1.3867889617111607e-09,1.022230459872106,OK
ANs,2026-06-01 08:44:05,1.7920990714996516,0.0343704744395731,1.34528583659521e-09,1.0273981395579588,OK
ANs,2026-06-01 08:45:04,1.3708047272058872,0.035496827144977,1.3879963115974434e-09,1.0574834765001364,OK · STEP_LIMITED(NO2_sh)
ANs,2026-06-01 08:46:04,1.0304015856813034,0.0349279927504636,1.364837217850674e-09,1.043930521017551,Recovered · STEP_LIMITED(NO2_sh)
ANs,2026-06-01 08:47:04,0.8659823615208856,0.0330173592599387,1.2901839415575395e-09,1.013741064310922,Recovered
ANs,2026-06-01 08:48:04,1.173205071987131,0.0351815727863697,1.3757789480101387e-09,1.0661776230488915,OK
ANs,2026-06-01 08:49:04,1.4324686184804682,0.035446064444111,1.3858285566743052e-09,1.0296173327532276,OK
ANs,2026-06-01 08:50:04,1.4328110242377554,0.035513100766362,1.3878122983086147e-09,1.0442123168748438,OK
ANs,2026-06-01 08:51:04,1.68632001833712,0.0347101065948038,1.3568159754542574e-09,1.000649512895137,OK
ANs,2026-06-01 08:51:56,1.7835879028244614,0.0372969200332037,1.4581376429992704e-09,1.0766887162140424,OK
ANs,2026-06-01 08:54:30,1.3984263732025108,0.0605690985713626,2.3654169633005127e-09,0.9930170118901168,Recovered · STEP_LIMITED(NO2_sh)
ANs,2026-06-01 08:55:05,1.8152895901314472,0.0359989755195642,1.4063346520834834e-09,1.076193273533044,OK
ANs,2026-06-01 08:56:05,1.5867331167765624,0.0372628705988418,1.455520944320543e-09,1.0604615073434185,OK
ANs,2026-06-01 08:57:05,1.0695923962974745,0.0346133008339159,1.3529594339296998e-09,1.0637442334598988,Recovered
ANs,2026-06-01 08:58:05,0.9957596870575198,0.0345363514023818,1.3490986057726675e-09,1.0641858850038908,Recovered · STEP_LIMITED(NO2_sh)
ANs,2026-06-01 08:59:05,1.1967203506973385,0.0350629006544897,1.3690194179013264e-09,1.034663151505302,Recovered · STEP_LIMITED(NO2_sh)
ANs,2026-06-01 09:00:05,1.6571134132471046,0.0360268684214987,1.407414510579034e-09,1.088427701884818,OK
ANs,2026-06-01 09:01:05,1.6346045939297922,0.0368207729800776,1.438046812949185e-09,1.116360596106262,OK
ANs,2026-06-01 09:02:05,1.6342223245331111,0.0356756622702099,1.3921679877715714e-09,1.1249595839198256,OK · STEP_LIMITED(NO2_sh)
ANs,2026-06-01 09:03:05,1.658840821371558,0.0355603311319962,1.3870329308892344e-09,1.1086077393556155,OK
ANs,2026-06-01 09:04:05,1.8092022199508937,0.036726371552841,1.432195071540662e-09,1.1554691175618783,OK
ANs,2026-06-01 09:05:05,1.7161064223249345,0.0343578013669632,1.339917047716578e-09,1.0966812439100506,OK
ANs,2026-06-01 09:06:05,1.574397091189273,0.0360281850868765,1.404346194929809e-09,1.2069841266901722,Recovered
ANs,2026-06-01 09:07:05,1.5233606822100791,0.0347207670338245,1.353271535721695e-09,1.1618435194046657,Recovered
ANs,2026-06-01 09:08:05,1.8865820491130831,0.0344258355299531,1.34160986076481e-09,1.195152269043694,OK
ANs,2026-06-01 09:09:05,1.834601832292352,0.033925176509828,1.321660691764431e-09,1.231458351408087,OK
ANs,2026-06-01 09:10:05,1.940501434064515,0.033922217574342,1.3210652644089503e-09,1.2073982328506765,OK
ANs,2026-06-01 09:11:05,1.7995797495260386,0.0344035247225691,1.339346623132706e-09,1.238744380909791,OK
ANs,2026-06-01 09:12:05,1.1485271965860653,0.0331745845369808,1.2910267566739343e-09,1.1850698979155074,Recovered
ANs,2026-06-01 09:13:05,0.961406851833331,0.0330452915688515,1.2845026865825912e-09,1.250106368311706,Recovered · STEP_LIMITED(NO2_sh)
ANs,2026-06-01 09:14:05,0.9464839627238716,0.0323977253199053,1.2589467791468823e-09,1.1249317255300988,Recovered
ANs,2026-06-01 09:15:05,1.0718477002451554,0.0334961433003136,1.300852724130453e-09,1.2188229531328074,Recovered · STEP_LIMITED(NO2_sh)
ANs,2026-06-01 09:16:05,1.3964861801856427,0.0331847694589442,1.2891060738692564e-09,1.1928498772309757,Recovered
ANs,2026-06-01 09:17:05,1.7353205203919249,0.0347667711703917,1.3506839404627462e-09,1.1868881491344965,OK
ANs,2026-06-01 09:18:05,1.59281494419684,0.0342414983980819,1.32944376773781e-09,1.290730791562329,Recovered
ANs,2026-06-01 09:19:05,1.6994038607510675,0.0329128241796312,1.2779171082890179e-09,1.220835581098639,OK
ANs,2026-06-01 09:20:05,1.728376840360868,0.0314831192191026,1.222002527106866e-09,1.231363299735453,OK
ANs,2026-06-01 09:21:05,1.7574311059987822,0.0339090365568084,1.31620826988024e-09,1.2709153907946675,OK
ANs,2026-06-01 09:22:05,1.6638852405355553,0.033614278037456,1.3043676012809863e-09,1.236757684894055,OK
ANs,2026-06-01 09:23:05,1.635995227851033,0.0331035311344435,1.2840927617771683e-09,1.2359100760189867,OK
ANs,2026-06-01 09:24:05,1.523928102691024,0.0328083439661952,1.2725770638866023e-09,1.2693025263436049,OK
ANs,2026-06-01 09:25:05,1.4726186718562897,0.0319746151699296,1.2396114949043624e-09,1.271048258215567,OK
ANs,2026-06-01 09:26:05,1.5087124636152167,0.0328590915038436,1.2733608906036043e-09,1.2107199385829104,OK
ANs,2026-06-01 09:27:05,1.5489442149738302,0.0322393522786952,1.2489646197770615e-09,1.2245676034771007,OK
ANs,2026-06-01 09:28:05,1.51182515679956,0.0326940837616188,1.2662158528909575e-09,1.231745879282078,OK
ANs,2026-06-01 09:29:05,1.6179302870394598,0.0331792073896275,1.284850860846598e-09,1.158045112074032,OK
ANs,2026-06-01 09:30:05,1.811400635249062,0.0337239075686536,1.3050578071292347e-09,1.201223581202164,OK
ANs,2026-06-01 09:31:05,1.767041644688729,0.0330744687320099,1.2804580993531067e-09,1.2681392388682138,OK
ANs,2026-06-01 09:32:05,2.11638091251688,0.0342872460149521,1.3265436026243992e-09,1.2014922222302369,OK
ANs,2026-06-01 09:33:05,2.053732226001412,0.0350553839209611,1.3568440294807467e-09,1.1928192957738584,OK
ANs,2026-06-01 09:34:05,2.1270396119066985,0.0344794053250586,1.332965217505695e-09,1.200475921265534,OK
ANs,2026-06-01 09:35:05,1.9150434497163755,0.0348263443379644,1.345912743739857e-09,1.2763154957914231,OK
ANs,2026-06-01 09:36:05,1.6241567505400567,0.0331194040209469,1.2792774242160211e-09,1.2326243244510335,OK
ANs,2026-06-01 09:37:05,1.7469668259850537,0.0344873593638115,1.3327328046942875e-09,1.2032437632910464,OK
ANs,2026-06-01 09:38:05,1.8428381091466588,0.0348071097600869,1.3448512421316803e-09,1.1661561271684096,OK
ANs,2026-06-01 09:39:05,2.2414469779172896,0.0359024061193812,1.3862841174947167e-09,1.1994919800184154,OK
ANs,2026-06-01 09:40:05,2.076313976634653,0.0346984426796921,1.3394237403031532e-09,1.114332815307689,OK
ANs,2026-06-01 09:41:05,2.5723044892783173,0.0353199637746843,1.363108563350438e-09,1.1889326040521786,OK
ANs,2026-06-01 09:42:05,2.170306379475873,0.036017435523473,1.388975439139404e-09,1.0967922683719984,OK
ANs,2026-06-01 09:43:05,2.044624832296947,0.0357840292725715,1.380266720817128e-09,1.1430215367211456,OK
ANs,2026-06-01 09:44:05,2.022534699151118,0.0360044398469799,1.388725829153428e-09,1.1246197579087218,OK
ANs,2026-06-01 09:45:05,1.8626249984263223,0.0359933003355124,1.3886026581990864e-09,1.059153723862063,OK
ANs,2026-06-01 09:46:05,1.8686152211017448,0.0354199819533715,1.3659427880008963e-09,1.0634588662408668,OK
ANs,2026-06-01 09:47:05,1.8143443172777265,0.0363120121336153,1.4001614969009636e-09,1.1308867359131176,OK
ANs,2026-06-01 09:48:05,1.7643378871695263,0.0370702654216486,1.4276958944921642e-09,1.0972358380334932,OK
ANs,2026-06-01 09:49:05,1.7326065705862574,0.0371323957285486,1.430301969923846e-09,1.135534870734045,OK
ANs,2026-06-01 09:50:05,1.8282155333469396,0.0347518293821648,1.3391223647684574e-09,1.0786769413696955,OK · STEP_LIMITED(NO2_sh)
ANs,2026-06-01 09:51:05,1.8434977246582247,0.0350340332973391,1.3488777278890076e-09,1.0618105251245649,OK
ANs,2026-06-01 09:51:57,1.837110166024044,0.0402464867690976,1.5498823656276232e-09,1.0347177403145296,Recovered
ANs,2026-06-01 09:56:06,1.6913746343395786,0.0358348943740311,1.379941581224816e-09,1.0362162267090675,Recovered
ANs,2026-06-01 09:57:06,1.6555958985677657,0.0367841441568556,1.4158576622227954e-09,1.147729026259058,Recovered
ANs,2026-06-01 09:58:06,1.7306084086381677,0.0352922758047573,1.3584291447087127e-09,1.0899786481208225,Recovered
ANs,2026-06-01 09:59:06,1.8713967611090871,0.0353589090284292,1.3608861796483655e-09,1.1051558136770727,Recovered
ANs,2026-06-01 10:00:06,1.8838405697692184,0.0353334793821425,1.3599519009907316e-09,1.0438120667668511,Recovered
ANs,2026-06-01 10:01:06,1.853576944317532,0.0351416443311989,1.3520864084738215e-09,1.1079832625731356,Recovered
ANs,2026-06-01 10:02:06,1.805477054803988,0.0334942742446652,1.2885363289738636e-09,1.1653459130449362,Recovered
ANs,2026-06-01 10:03:05,1.73788499921975,0.0349060522097783,1.342565471195782e-09,1.1247279665681804,Recovered
ANs,2026-06-01 10:04:05,1.7775576445271486,0.0342157835764387,1.31638180302021e-09,1.0367465580166306,Recovered
ANs,2026-06-01 10:05:05,1.8788311808746363,0.0357237591256099,1.3744535759355355e-09,1.0866183784896666,Recovered
ANs,2026-06-01 10:06:05,1.9595153707147328,0.0351638553377467,1.3529355305533092e-09,1.1021781921414746,Recovered
ANs,2026-06-01 10:07:06,2.0665736741926506,0.0330364118193564,1.2705888716791696e-09,1.0650697456477938,OK
ANs,2026-06-01 10:08:06,2.0150465585802486,0.0335987648692901,1.2921864237785063e-09,1.0599135322069164,Recovered
ANs,2026-06-01 10:09:06,1.973874458158992,0.0336054613295364,1.2921529493374271e-09,1.1025473634774052,Recovered
ANs,2026-06-01 10:10:06,1.9711887454776664,0.0337978623501894,1.300409640751028e-09,1.0587607380007866,Recovered
ANs,2026-06-01 10:11:06,2.0790520343226624,0.0335645175585743,1.2900857878319624e-09,1.058097528248802,OK
ANs,2026-06-01 10:12:06,1.9580767022662933,0.0326847003355301,1.2563170384450464e-09,1.098163037399148,Recovered
ANs,2026-06-01 10:13:06,1.885192160728038,0.0320110526928408,1.23085451120137e-09,1.1002805282609571,Recovered
ANs,2026-06-01 10:14:05,1.8710594005844663,0.0331731218871255,1.275051743734836e-09,1.0819520656812427,Recovered
ANs,2026-06-01 10:15:05,1.9964269939352628,0.0325042278489531,1.2495419797998843e-09,1.1153372259098382,Recovered · STEP_LIMITED(NO2_sh)
ANs,2026-06-01 10:16:05,1.828783300707663,0.0308037534090422,1.1835182548744504e-09,1.039457277708038,Recovered
ANs,2026-06-01 10:17:05,1.8018557094844168,0.0313006757265904,1.2028862402396952e-09,1.075118192524826,Recovered
ANs,2026-06-01 10:18:06,1.7927774018547942,0.031455838793558,1.2097347847809678e-09,1.0234372612393932,Recovered
ANs,2026-06-01 10:19:06,1.9945322637731329,0.03284254720304,1.2619970537033e-09,0.9854443554211814,Recovered
ANs,2026-06-01 10:20:06,1.9174662574695736,0.0330178155920054,1.2689502569534202e-09,1.0584920115613976,Recovered
ANs,2026-06-01 10:21:06,1.870975624758469,0.0316082802121008,1.2148217770059764e-09,1.0478044418406671,Recovered
ANs,2026-06-01 10:22:06,1.8097025437670469,0.0314432283506387,1.2081852208594342e-09,1.072106973431547,Recovered
ANs,2026-06-01 10:23:06,1.8126710518244225,0.0299757108337483,1.1519545818459367e-09,0.9789703044735144,Recovered
ANs,2026-06-01 10:24:05,1.880798575536084,0.0323901516049891,1.2447482078860266e-09,1.0466993381730176,Recovered
ANs,2026-06-01 10:25:05,1.9738581049402613,0.0308091356748883,1.1838408141706467e-09,1.0170151473166549,Recovered
ANs,2026-06-01 10:26:05,2.006664351188461,0.0318370661466907,1.2229196506265304e-09,1.0084695334847384,Recovered
ANs,2026-06-01 10:27:05,1.9988247282840852,0.0331492139202276,1.2734966053116062e-09,1.037405938214544,Recovered
ANs,2026-06-01 10:28:06,1.9960081699078704,0.0327991715965486,1.2603205839045135e-09,1.0568468454234132,Recovered
ANs,2026-06-01 10:29:06,1.9432417023217603,0.032653676959953,1.2546060762778955e-09,1.0288398233068996,Recovered
ANs,2026-06-01 10:30:06,1.9819930216150787,0.0317113216025815,1.218650641391201e-09,1.0686350780586311,Recovered
ANs,2026-06-01 10:31:06,2.106628446718859,0.0330745034907627,1.2709438803256239e-09,1.0898418068715228,Recovered
ANs,2026-06-01 10:32:06,2.0715158836407035,0.0332474425856587,1.2768750553589067e-09,1.0216760267044154,Recovered
ANs,2026-06-01 10:33:06,2.1015093151274726,0.0337932920996934,1.2977706879320552e-09,0.9960743311763646,Recovered
ANs,2026-06-01 10:34:06,2.092428228720004,0.0331544987386231,1.2741211297541923e-09,1.0295801957226862,Recovered
ANs,2026-06-01 10:35:05,2.0309187147459467,0.0351556500481547,1.350716814281043e-09,0.9803000987262992,Recovered
ANs,2026-06-01 10:36:05,1.9497225686596291,0.0347117923076709,1.3335154380570174e-09,0.9984500233308954,Recovered
ANs,2026-06-01 10:37:05,1.8881178950102204,0.0342522780505276,1.3159407223843343e-09,1.0077415527459808,Recovered
ANs,2026-06-01 10:38:05,1.7085320425530583,0.0348100303923287,1.337873131711855e-09,1.0096349521239485,Recovered
ANs,2026-06-01 10:39:06,1.6508782584474029,0.0335197256977593,1.2886438205346114e-09,0.9938712656577424,Recovered
ANs,2026-06-01 10:40:06,1.6667718868271253,0.0349472777456571,1.3433424930207027e-09,0.9471497875101514,Recovered
ANs,2026-06-01 10:41:06,1.705042070506568,0.0339344816217399,1.30456047738029e-09,1.0323553993721395,Recovered
ANs,2026-06-01 10:42:06,1.722120061338552,0.0353052761954073,1.3570170685143901e-09,1.06267944128219,Recovered
ANs,2026-06-01 10:43:06,1.684009814982954,0.0367121127818847,1.411294181766752e-09,1.0313356225002055,Recovered
ANs,2026-06-01 10:44:06,1.7751208626310369,0.0354016915186791,1.3610503906460935e-09,1.0044733008800133,Recovered
ANs,2026-06-01 10:45:06,1.741881996734396,0.0352218867025054,1.353048980075392e-09,1.06520964190365,Recovered
ANs,2026-06-01 10:46:05,1.6825430415296576,0.0355413548996151,1.3662395534508816e-09,1.0113932003379709,Recovered
ANs,2026-06-01 10:47:05,1.7213780509744858,0.0363340393802082,1.3961674750387207e-09,0.988938429030307,Recovered
ANs,2026-06-01 10:48:05,1.7694194359712088,0.0341141622774911,1.311226211589086e-09,1.0032429879082092,Recovered
ANs,2026-06-01 10:49:05,1.7711171348155217,0.0359480796420521,1.3817990002975294e-09,1.0395684848642075,Recovered
ANs,2026-06-01 10:50:06,1.9317124445036524,0.0341300281525877,1.311907554943958e-09,1.015623291949575,Recovered
ANs,2026-06-01 10:51:06,1.987805830931635,0.0355086452736119,1.3658670122352367e-09,0.98631184476602,Recovered
ANs,2026-06-01 10:51:58,2.057841877215786,0.0357920611901175,1.3754122421156184e-09,1.076218876944855,OK
ANs,2026-06-01 10:54:32,2.12356558082494,0.061838103595857,2.375495458589562e-09,0.9755606035264844,Recovered
ANs,2026-06-01 10:55:06,2.316941925063273,0.0354239809062186,1.3604620622936076e-09,1.06288570972789,OK
ANs,2026-06-01 10:56:06,2.300999027339921,0.0326942622661464,1.2559283951028961e-09,1.0830037522287552,OK
ANs,2026-06-01 10:57:06,2.2035242010375726,0.0339371105820535,1.3039320702559956e-09,1.060926431534643,OK
ANs,2026-06-01 10:58:06,1.7523357085711817,0.0335604573024825,1.2890612423516114e-09,0.9945658888088852,Recovered
ANs,2026-06-01 10:59:06,1.7128247552796585,0.0338420145087752,1.300227203850183e-09,1.0876455548857369,Recovered
ANs,2026-06-01 11:00:06,1.6927782968823342,0.0329019581297428,1.263930165336327e-09,1.0553552245913402,Recovered
ANs,2026-06-01 11:01:07,1.660247772109982,0.0330357473913751,1.2695868990483907e-09,1.0414678081150537,Recovered
ANs,2026-06-01 11:02:06,1.591012508069389,0.0328350904639889,1.2613743510096415e-09,1.0422097521624027,Recovered
ANs,2026-06-01 11:03:06,1.5187600605196918,0.031646335435856,1.2165089505323756e-09,1.0409208636131488,Recovered
ANs,2026-06-01 11:04:06,1.3525775905434625,0.0315459634799521,1.2126053513115587e-09,1.031739493559696,Recovered
ANs,2026-06-01 11:05:06,1.418626387699056,0.0318451695042596,1.2234926136149235e-09,1.0312454832917335,Recovered
ANs,2026-06-01 11:06:06,1.3860044932173323,0.0310045634540406,1.1915573985048574e-09,1.1137423697484867,Recovered
ANs,2026-06-01 11:07:06,1.395832840248592,0.0307256939169527,1.1807792501578512e-09,1.033688357116294,Recovered
ANs,2026-06-01 11:08:06,1.4326354622290554,0.0314319804778449,1.2073282544973914e-09,1.08289517027718,Recovered
ANs,2026-06-01 11:09:06,1.4934110233062237,0.0316978827930322,1.2175132685723878e-09,1.0959775244874903,Recovered
ANs,2026-06-01 11:10:06,1.535279612607258,0.0302915280502892,1.1630117905715704e-09,1.0341196124777878,Recovered
ANs,2026-06-01 11:11:06,1.6302724204766437,0.031288648282416,1.2016243208945804e-09,1.1651658194358536,Recovered
ANs,2026-06-01 11:12:07,1.567726779931936,0.0312845042926862,1.2025890709364723e-09,1.162953947148749,Recovered
ANs,2026-06-01 11:13:06,1.595503700361093,0.0311406739231791,1.1972780234636535e-09,1.0793987514343186,Recovered
ANs,2026-06-01 11:14:06,1.5711862487511028,0.0313119102553959,1.2040854020841166e-09,1.0873141912385431,Recovered
ANs,2026-06-01 11:15:06,1.625425337428441,0.0307551230877868,1.1811616590312415e-09,1.1089883505898668,Recovered
ANs,2026-06-01 11:16:06,1.78023057781804,0.0304197261092308,1.1688791484492923e-09,1.0804650797042192,OK
ANs,2026-06-01 11:17:06,1.8239467269459275,0.0307116685869549,1.1799877984495696e-09,1.1493222171520496,OK
ANs,2026-06-01 11:18:06,1.873028885120468,0.0318227528020754,1.2227236785954183e-09,1.0877591591478215,OK
ANs,2026-06-01 11:19:06,1.8512171791360317,0.0305152446912717,1.1724493131105782e-09,1.0806298985904323,OK
ANs,2026-06-01 11:20:06,1.907173211197928,0.0318988050959672,1.225533612522956e-09,1.1439088183097863,OK
ANs,2026-06-01 11:21:06,1.8866783569142955,0.0315847190353426,1.2137281543774323e-09,1.1246690250442954,OK
ANs,2026-06-01 11:22:07,1.9830318530004876,0.031585858486107,1.2136366088322782e-09,1.1998247814736316,OK
ANs,2026-06-01 11:23:06,1.936145792713452,0.0319501563967472,1.227986383081954e-09,1.117709476999688,OK
ANs,2026-06-01 11:24:06,1.9087837418674063,0.0323169081240621,1.2421228032783423e-09,1.181773427883858,OK
ANs,2026-06-01 11:25:06,1.9374857363599889,0.0306631164547246,1.17920004326674e-09,1.0895257958013576,OK
ANs,2026-06-01 11:26:06,1.955911594880141,0.031906029011291,1.226723503811703e-09,1.075288465605503,OK
ANs,2026-06-01 11:27:06,2.0042461240713663,0.0328188374502373,1.2614451137897794e-09,1.1126821438727823,OK
ANs,2026-06-01 11:28:06,1.9941134332173829,0.0339070101592728,1.30258417048027e-09,1.0577383843991095,OK
ANs,2026-06-01 11:29:06,1.87075490860284,0.0334253552851168,1.284575668105782e-09,1.0870793027115375,OK
ANs,2026-06-01 11:30:06,1.7456355530950405,0.0333552186300998,1.2814765422856447e-09,1.1220935939907255,OK
ANs,2026-06-01 11:31:06,1.7194672943835767,0.0335033611860543,1.2872904237708772e-09,1.0560444988556985,Recovered
ANs,2026-06-01 11:32:06,1.7053941029826378,0.032924419286606,1.2646586417669852e-09,1.094959651010478,Recovered
ANs,2026-06-01 11:33:07,1.6953321810405593,0.033205990227195,1.2760163154632707e-09,1.079276182182871,Recovered
ANs,2026-06-01 11:34:06,1.6997162099675909,0.0347034018013382,1.3338346041969219e-09,1.012369984634237,Recovered
ANs,2026-06-01 11:35:06,1.712749282834121,0.0339953949610998,1.3075543519386666e-09,1.1206732118102465,Recovered
ANs,2026-06-01 11:36:06,1.7547914486318847,0.0347980490962408,1.338102805183602e-09,1.0672021696758005,Recovered
ANs,2026-06-01 11:37:06,1.789202989385419,0.0348384192908777,1.3402808950727698e-09,1.0465704786265833,Recovered
ANs,2026-06-01 11:38:06,1.851305729006824,0.0364037592233061,1.399944400991758e-09,1.0708766037690904,OK
ANs,2026-06-01 11:39:06,1.8833463911469608,0.0351620984312162,1.351811072981909e-09,1.1497590530969672,OK
ANs,2026-06-01 11:40:06,1.8711667919227064,0.0363460377217952,1.3973143453185444e-09,1.0850887660746298,OK
ANs,2026-06-01 11:41:06,1.845508420327672,0.0360883568765071,1.3872167370919966e-09,1.0918957055138507,OK
ANs,2026-06-01 11:42:06,1.9009271969689991,0.0372155047920266,1.430792482152004e-09,1.0528832128390275,OK
ANs,2026-06-01 11:43:07,1.9423112287237136,0.0366677032112003,1.410242982162865e-09,1.0434730382176285,OK
ANs,2026-06-01 11:44:07,1.960907774433775,0.0365933069253776,1.4065560420048102e-09,1.0789306088919717,OK
ANs,2026-06-01 11:45:06,1.8814216637411976,0.0358122399479568,1.3768850895574071e-09,1.0617943586123122,OK
ANs,2026-06-01 11:46:06,2.00182386780455,0.0365401700081402,1.4053209141721627e-09,1.0474968175239792,OK
ANs,2026-06-01 11:47:06,1.999954189386533,0.035743712576019,1.3753861888067346e-09,1.0807120997974955,OK
ANs,2026-06-01 11:48:06,1.9797322613697317,0.0361324309868461,1.390179806517026e-09,1.099276574297565,OK
ANs,2026-06-01 11:49:06,1.8860413325038563,0.0354465212720129,1.3635763780996166e-09,1.0860334275940915,OK
ANs,2026-06-01 11:50:06,1.909489297859127,0.0368194050883962,1.4151897024787371e-09,1.0825072530622906,OK
ANs,2026-06-01 11:51:06,1.9862211554178943,0.0353941834922042,1.360174877047591e-09,1.0504926348262178,OK
ANs,2026-06-01 11:52:00,2.018157869221774,0.0368115882256735,1.4142596964744571e-09,1.0499353828388651,OK
ANs,2026-06-01 11:54:33,2.0398901460292764,0.0607637749498764,2.3352017175418733e-09,1.0622147165633964,Recovered
ANs,2026-06-01 11:55:07,1.9901074889864183,0.0370155323637932,1.4225569725288047e-09,1.0809430153890205,OK
ANs,2026-06-01 11:56:07,1.8956823461928964,0.0350264025859106,1.3465743761250624e-09,1.0825370897765656,OK
ANs,2026-06-01 11:57:07,1.917230595585792,0.0336001966538827,1.2930729769531592e-09,1.1082491042203395,OK
ANs,2026-06-01 11:58:07,1.9449748374057367,0.0350711512289503,1.3488412788924194e-09,1.0963343644816148,OK
ANs,2026-06-01 11:59:07,1.9061308607974616,0.0333581442111169,1.2831412689127646e-09,1.107971936126054,OK
ANs,2026-06-01 12:00:07,2.0670474642813392,0.0333491194908447,1.2824379160069903e-09,1.080893535204754,OK
ANs,2026-06-01 12:01:07,1.9160461647922664,0.0343304514606817,1.320628716025287e-09,1.1491478565552502,OK
ANs,2026-06-01 12:02:07,1.8902452893379544,0.0327583018264595,1.259646760074357e-09,1.0813187896243484,OK
ANs,2026-06-01 12:03:06,1.971377403351368,0.0330845460057983,1.272341701837624e-09,1.1030392046530992,OK
ANs,2026-06-01 12:04:06,2.0669864373848195,0.0331860515299999,1.2757800071965771e-09,1.1226540270331322,OK
ANs,2026-06-01 12:05:07,1.8790899975341784,0.0335286375177831,1.288926109358059e-09,1.0821564274848023,OK
ANs,2026-06-01 12:06:07,1.7438658668832592,0.0329590365874628,1.2674201023526623e-09,1.1383072985206368,OK
ANs,2026-06-01 12:07:07,1.7513615261648745,0.0329402935877473,1.2667560175809514e-09,1.070579291678153,OK
ANs,2026-06-01 12:08:07,1.5498747198003162,0.0325289630130057,1.2505737078428587e-09,1.1228590075642912,Recovered
ANs,2026-06-01 12:09:07,1.542456349059678,0.0317721013303732,1.2218796093505882e-09,1.1364092600931188,Recovered
ANs,2026-06-01 12:10:07,1.5298134431578114,0.0310552253158454,1.1951039154032395e-09,1.072103252471311,Recovered
ANs,2026-06-01 12:11:07,1.5097049692282962,0.0314080291321053,1.208186638964679e-09,1.1375323513884827,Recovered
ANs,2026-06-01 12:12:07,1.456170529915381,0.0299896977332292,1.1533451464615712e-09,1.0347412378831795,Recovered
ANs,2026-06-01 12:13:07,1.3909400161036412,0.0295454787630058,1.13619140136052e-09,1.074386195289834,Recovered
ANs,2026-06-01 12:14:06,1.3415452060193416,0.0287819214923069,1.106531065991215e-09,1.03406351346164,Recovered
ANs,2026-06-01 12:15:07,1.3361096525087848,0.0303050244321208,1.1653893354514695e-09,1.1246740370336636,Recovered
ANs,2026-06-01 12:16:07,1.391031626289229,0.0306340520454516,1.177348818624453e-09,1.1480272905799056,Recovered
ANs,2026-06-01 12:17:07,1.427887432175393,0.0291582945449216,1.1214482326381107e-09,1.0236187018085467,Recovered
ANs,2026-06-01 12:18:07,1.357026649829874,0.0308271608154061,1.1842883770263176e-09,1.081420581161636,Recovered
ANs,2026-06-01 12:19:07,1.3976375636265042,0.0290828856720124,1.118616820428355e-09,1.0993132285406215,Recovered
ANs,2026-06-01 12:20:07,1.4019900488426904,0.0307908735496776,1.1844713023073574e-09,1.0894706460665835,Recovered
ANs,2026-06-01 12:21:07,1.486639608211321,0.0292519371938556,1.1252900699345399e-09,1.0811682258558084,Recovered
ANs,2026-06-01 12:22:07,1.4993644812783873,0.0294797501804521,1.1339462785884043e-09,1.1908072949354336,Recovered
ANs,2026-06-01 12:23:07,1.479439058247078,0.0290627348076559,1.117634348344961e-09,1.133121469724349,Recovered
ANs,2026-06-01 12:24:06,1.5250154999370849,0.0298130953639158,1.1460614084566983e-09,1.0634443828367333,Recovered
ANs,2026-06-01 12:25:06,1.6318234723007543,0.0307677137526085,1.1832527671542228e-09,1.1091974530600122,Recovered
ANs,2026-06-01 12:26:07,1.5374748510124685,0.0310857044715725,1.194809872628009e-09,1.078695681380594,Recovered
ANs,2026-06-01 12:27:07,1.5717728685880232,0.0310210353254508,1.1917576132611386e-09,1.0892032600023676,Recovered
ANs,2026-06-01 12:28:07,1.5206307218182544,0.0299725854097074,1.1522361865637895e-09,1.132709683313025,Recovered
ANs,2026-06-01 12:29:07,1.5071354979222749,0.0303754372075785,1.1678186938951986e-09,1.0047723209800663,Recovered
ANs,2026-06-01 12:30:07,1.5051469481813182,0.0305070687687541,1.173148956849094e-09,1.0903650722622265,Recovered
ANs,2026-06-01 12:31:07,1.5299928389677349,0.0318646873823316,1.225666304075888e-09,1.0649995232260996,Recovered
ANs,2026-06-01 12:32:07,1.561163121403329,0.0314952657757183,1.210433367535458e-09,1.0730007043709864,Recovered
ANs,2026-06-01 12:33:07,1.5598409786267913,0.0312358267881026,1.2012514428968144e-09,1.0539098789562429,Recovered
ANs,2026-06-01 12:34:07,1.5826570314625608,0.0317678749792721,1.2213882222477262e-09,1.0997882014863036,Recovered
ANs,2026-06-01 12:35:06,1.6698846230663968,0.0315402648425084,1.212228958815943e-09,1.056884174224432,OK
ANs,2026-06-01 12:36:07,1.7104083313012357,0.0308720203282048,1.1867409603502664e-09,1.0300848262024436,OK
ANs,2026-06-01 12:37:07,1.7132553376740234,0.0317377619599353,1.220217472105291e-09,1.0600940929367897,OK
ANs,2026-06-01 12:38:07,1.772368343426986,0.0322597609870594,1.2395121473895003e-09,1.023894915754147,OK
ANs,2026-06-01 12:39:07,1.816249217359049,0.0334166009947682,1.2837130302511235e-09,1.0226739218775045,OK
ANs,2026-06-01 12:40:07,1.803974149590404,0.032209192989987,1.2382258533008126e-09,1.052984207102089,OK
ANs,2026-06-01 12:41:07,1.8310849973321857,0.0327371160169708,1.258231711868941e-09,1.0072048744997406,OK
ANs,2026-06-01 12:42:07,1.8634369525413348,0.0318571111350882,1.2242275151484523e-09,1.070396311907013,OK
ANs,2026-06-01 12:43:07,1.8949466190035649,0.0339395013639911,1.3053743527264766e-09,1.062000893796119,OK
ANs,2026-06-01 12:44:07,1.8988649898651704,0.0335609304038375,1.2901720440073959e-09,1.0587056113738744,OK
ANs,2026-06-01 12:45:07,1.90336275190274,0.0339076515257609,1.3041637327526956e-09,0.992033415481472,OK
ANs,2026-06-01 12:46:06,1.990254438152784,0.0333952959078863,1.2837188398619235e-09,1.007825921591802,OK
ANs,2026-06-01 12:47:07,2.3157193998649266,0.0360803296969418,1.3867671646375723e-09,1.1101746009449307,OK
ANs,2026-06-01 12:48:07,2.1824620672343804,0.0333338015919416,1.2815054352005542e-09,1.0852477277317278,OK
ANs,2026-06-01 12:49:07,2.3263336911665675,0.0349135740397642,1.3421686903748316e-09,1.0596614025369964,OK
ANs,2026-06-01 12:50:07,2.224469245877774,0.0349517318026642,1.3435615142116327e-09,1.0044355685843378,OK
ANs,2026-06-01 12:51:07,2.1897044412651105,0.0340036287872026,1.306633399017796e-09,1.0488844759830116,OK
ANs,2026-06-01 12:52:01,2.2268282170016045,0.0352643078539947,1.3559284516468796e-09,1.0424691410360492,OK
ANs,2026-06-01 12:56:08,3.115038196648266,0.0361259951567727,1.3896342745530195e-09,1.0110186971820705,OK
ANs,2026-06-01 12:57:07,3.087728315540527,0.0366395510347894,1.409354193412175e-09,1.110907703333531,OK
ANs,2026-06-01 12:58:08,3.2343520939797856,0.0362817510722574,1.3949386321369312e-09,1.131057196693797,OK
ANs,2026-06-01 12:59:08,3.4692068086918484,0.0364672141924726,1.4020000676480443e-09,1.066294433892923,OK
ANs,2026-06-01 13:00:08,3.552711485941822,0.0359167681447495,1.3801455389217744e-09,1.1267768491700008,OK
ANs,2026-06-01 13:01:08,4.0257760921354935,0.0375870689744698,1.4449136740632972e-09,1.068028013719832,OK
ANs,2026-06-01 13:02:07,3.991078531768698,0.0369361479686531,1.419796853151772e-09,1.166064813096557,OK
ANs,2026-06-01 13:03:07,4.023861016451601,0.0357407541655268,1.3739821644428331e-09,1.151753252522262,OK
ANs,2026-06-01 13:04:07,4.09845304694576,0.0374375775437326,1.4392030223864595e-09,1.0725628606168884,OK
ANs,2026-06-01 13:05:07,4.815122347549488,0.0367817106539228,1.4140843461456271e-09,1.1029373458753555,OK
ANs,2026-06-01 13:06:07,4.90382209312898,0.0374574679531247,1.44038308753584e-09,1.1108834507983971,OK
ANs,2026-06-01 13:07:07,4.990351260730117,0.0376268295295839,1.4475520728674292e-09,1.061229342865683,OK
ANs,2026-06-01 13:08:07,5.172545445434138,0.036999377938871,1.423173840525955e-09,1.1277771145425006,OK
ANs,2026-06-01 13:09:08,4.8987933168626885,0.0371045284071225,1.4270929175089043e-09,1.0999345024362532,OK
ANs,2026-06-01 13:10:08,4.954746538048295,0.0374931478656218,1.4413331471427447e-09,1.155523293637081,OK
ANs,2026-06-01 13:11:08,4.878857320310607,0.0351036768634722,1.349781988184693e-09,1.1543558388759756,OK
ANs,2026-06-01 13:12:08,4.880387702919542,0.0355978043702499,1.368322609223508e-09,1.1092019190502578,OK
ANs,2026-06-01 13:13:07,4.9289964063539085,0.0363469561785113,1.397199728023363e-09,1.1482451308796806,OK
ANs,2026-06-01 13:14:07,5.089032447974376,0.0353656667400975,1.3593077031116707e-09,1.1125475471846276,OK
ANs,2026-06-01 13:15:07,4.800978218784863,0.0360582336811831,1.386062906785498e-09,1.1085620056934964,OK
ANs,2026-06-01 13:16:07,4.949652872223936,0.0358535698294507,1.3782566002495926e-09,1.161235816335602,OK
ANs,2026-06-01 13:17:07,5.236090164668974,0.0355842784377766,1.368344828686119e-09,1.1699323463333646,OK
ANs,2026-06-01 13:18:07,5.402017599052819,0.0375576873864473,1.4441166839952843e-09,1.2548512496795332,OK
ANs,2026-06-01 13:19:07,5.414722764503584,0.0348305452665315,1.3395088337228463e-09,1.2044767454712997,OK
ANs,2026-06-01 13:20:08,5.525101914892416,0.0380863355107629,1.4641790274826882e-09,1.1696189631720335,OK
ANs,2026-06-01 13:21:08,5.687340775302635,0.035861500111016,1.3785842136114074e-09,1.198315426172057,OK
ANs,2026-06-01 13:22:08,5.454147714565203,0.0359243792360783,1.380780795902438e-09,1.1328707911509268,OK
ANs,2026-06-01 13:23:07,5.4180507737839525,0.0347704047517319,1.3367365923197192e-09,1.1202303603726738,OK
ANs,2026-06-01 13:24:07,5.672741371239238,0.0350176219263661,1.3461403378694211e-09,1.2025727338129493,OK
ANs,2026-06-01 13:25:07,5.738882104842226,0.0356942837938237,1.3721820704562423e-09,1.1661143976126862,OK
ANs,2026-06-01 13:26:07,5.618590328425686,0.0360312920841279,1.3855497445640043e-09,1.169054067401757,OK
ANs,2026-06-01 13:27:07,5.440304923703888,0.0367368593179639,1.4127753962578686e-09,1.148339151451284,OK
ANs,2026-06-01 13:28:07,5.473513954058305,0.0373440558335013,1.4363269364679894e-09,1.1957591638377976,OK
ANs,2026-06-01 13:29:07,5.47373409095307,0.0366307540914776,1.409366886246594e-09,1.2122805104012968,OK
ANs,2026-06-01 13:30:08,5.325838524781358,0.0369247456692599,1.420647326223913e-09,1.1733149657159117,OK
ANs,2026-06-01 13:31:08,5.237559505983949,0.0355823957916505,1.3686545667609583e-09,1.1525106463329875,OK
ANs,2026-06-01 13:32:08,5.087854278305801,0.036510518590056,1.4043574857977172e-09,1.2833509537195618,OK
ANs,2026-06-01 13:33:08,5.0638845141613045,0.0354161904375635,1.3620878123997992e-09,1.2206446963099045,OK
ANs,2026-06-01 13:34:07,5.034476324195976,0.0379229717878089,1.4587124359842531e-09,1.148654571576505,OK
ANs,2026-06-01 13:35:07,5.029178801146039,0.0376581512626079,1.4481335501316935e-09,1.1685100090656693,OK
ANs,2026-06-01 13:36:07,4.974076908885968,0.0364051752495559,1.3998893526091167e-09,1.1698892930040443,OK
ANs,2026-06-01 13:37:07,4.89768494783119,0.0354307266213717,1.3624705810454436e-09,1.1170134797322535,OK
ANs,2026-06-01 13:38:07,4.902824811026195,0.0372443250421729,1.4322202995436744e-09,1.2028437005946568,OK
ANs,2026-06-01 13:39:07,4.838854380885566,0.0372484812099758,1.4322742495622655e-09,1.2026525314859096,OK
ANs,2026-06-01 13:40:07,5.03870165866747,0.0389432862822414,1.497691715778272e-09,1.157316915733596,OK
ANs,2026-06-01 13:41:08,5.291266651699412,0.0382790839386041,1.4720473588722111e-09,1.0976901700942716,OK
ANs,2026-06-01 13:42:08,5.5407932363118615,0.0388111668331203,1.4926410587155842e-09,1.0793057514198827,OK
ANs,2026-06-01 13:43:08,5.716979578399167,0.0410300910324764,1.57798946400792e-09,1.1207988709012304,OK
ANs,2026-06-01 13:44:08,5.801497762575349,0.0394243640702057,1.5163306330721531e-09,1.1349128024920314,OK
ANs,2026-06-01 13:45:07,5.797582590760999,0.0406354537765567,1.5626987074168651e-09,1.1629962363446842,OK
ANs,2026-06-01 13:46:07,5.752828967534525,0.0405198517924891,1.5583504329649604e-09,1.1501786180755258,OK
ANs,2026-06-01 13:47:07,5.899409568906226,0.0412287045226472,1.5853470104288907e-09,1.2822268659790657,OK
ANs,2026-06-01 13:48:07,5.619045146999373,0.041297628878732,1.5880780718327231e-09,1.1358610501324922,OK
ANs,2026-06-01 13:49:07,5.5030233295043685,0.0409834277489147,1.5755700847991035e-09,1.1656481266980296,OK
ANs,2026-06-01 13:50:07,5.349378785588835,0.0411263889211998,1.5813053707913083e-09,1.1425709754654672,OK
ANs,2026-06-01 13:51:08,5.1849783220649055,0.0411708868578796,1.5828365602366436e-09,1.1631717949797933,OK
ANs,2026-06-01 13:52:02,5.18193035747527,0.0413501662470216,1.5901266337184652e-09,1.0639182117822712,OK
ANs,2026-06-01 13:54:35,5.5051294578345065,0.079094065253615,3.0401449244021806e-09,1.1336463422325298,OK
ANs,2026-06-01 13:55:08,5.406518248232611,0.0405111083424306,1.5573695605081431e-09,1.101810259279503,OK
ANs,2026-06-01 13:56:08,5.37608244436261,0.0419660397949492,1.6129678401457095e-09,1.0933683692501193,OK
ANs,2026-06-01 13:57:08,5.151441011995564,0.0393827388484072,1.5137339251907895e-09,1.2412079038981196,OK
ANs,2026-06-01 13:58:08,5.149154236462323,0.0398248582097523,1.530408309156652e-09,1.086870687277838,OK
ANs,2026-06-01 13:59:08,5.062675931752294,0.041065983701995,1.5784522990737992e-09,1.1501970143000029,OK
ANs,2026-06-01 14:00:08,5.05452673794252,0.0401748027219683,1.5435373131414056e-09,1.152167048685519,OK
ANs,2026-06-01 14:01:08,5.233123693771902,0.0396058123809549,1.5224466781069667e-09,1.1813755271865298,OK
ANs,2026-06-01 14:02:08,5.33784475279816,0.0402225847678942,1.5458280674223041e-09,1.0859669716062266,OK
ANs,2026-06-01 14:03:08,5.040901215715745,0.040677825009329,1.563103066855782e-09,1.1380758603635797,OK
ANs,2026-06-01 14:04:08,4.86550940073691,0.0394959648098334,1.517515405816431e-09,1.1889956558716668,OK
ANs,2026-06-01 14:05:08,5.100733460378425,0.0389595126460903,1.496408599570047e-09,1.165574252080098,OK
ANs,2026-06-01 14:06:08,5.337512199946718,0.0390438048178829,1.4995911882290836e-09,1.1609002522303868,OK
ANs,2026-06-01 14:07:08,5.308161264693898,0.0399284694392392,1.5337478279118806e-09,1.106535057987582,OK
ANs,2026-06-01 14:08:08,5.198774927435996,0.0394197204465021,1.514321447877381e-09,1.189193396660868,OK
ANs,2026-06-01 14:09:08,5.095644422130692,0.0379866573869155,1.459004207138848e-09,1.182932428159511,OK
ANs,2026-06-01 14:10:08,5.035074423471501,0.0381225232496185,1.4641491167390892e-09,1.1304651632469191,OK
ANs,2026-06-01 14:11:08,4.908009230188969,0.0357851755563444,1.3738506580898299e-09,1.1039304124310696,OK
ANs,2026-06-01 14:12:08,5.088475016339107,0.0362810377871097,1.3932809741152212e-09,1.1380266962273733,OK
ANs,2026-06-01 14:13:08,5.06577883008118,0.0348959339642911,1.3407348932026147e-09,1.15023328071934,OK
ANs,2026-06-01 14:14:08,4.863764922324184,0.035002478970706,1.344773583286997e-09,1.1107499723206344,OK
ANs,2026-06-01 14:15:08,5.002069586704787,0.0359756811418812,1.3824121365015014e-09,1.1605804170205445,OK
ANs,2026-06-01 14:16:08,4.992215075733706,0.0351680100204468,1.3513426639749094e-09,1.197541146476017,OK
ANs,2026-06-01 14:17:08,5.023621776375508,0.0339286607218882,1.3031406474041132e-09,1.1636623804032915,OK
ANs,2026-06-01 14:18:08,4.850448251102925,0.034146490761097,1.3115841761804019e-09,1.0979505797301892,OK
ANs,2026-06-01 14:19:08,4.9349760782003385,0.0353662120628131,1.359011142262893e-09,1.172649730780022,OK
ANs,2026-06-01 14:20:08,4.967829918512431,0.034502893710237,1.325330853324682e-09,1.0778244706981874,OK
ANs,2026-06-01 14:21:08,4.9263879785313245,0.0356033394375789,1.3680814159274414e-09,1.1924377085189803,OK
ANs,2026-06-01 14:22:08,5.288644950811298,0.0357355451403215,1.3726201923000646e-09,1.2021184919316874,OK
ANs,2026-06-01 14:23:08,5.622223450216188,0.0370951937193207,1.4248388727717455e-09,1.1865863652891395,OK
ANs,2026-06-01 14:24:08,5.564703133152714,0.0371256608255352,1.4260217743696767e-09,1.1563185712211883,OK
ANs,2026-06-01 14:25:08,5.494423460766354,0.0370422515424973,1.423189705037861e-09,1.1177187164173965,OK
ANs,2026-06-01 14:26:08,5.490244757817168,0.0363516962159616,1.3965876791975352e-09,1.054228599462816,OK
ANs,2026-06-01 14:27:08,5.917980293278447,0.0373557492444747,1.4349577356908895e-09,1.1579030364137526,OK
ANs,2026-06-01 14:28:08,6.005514140878672,0.037337848398595,1.4341897161694118e-09,1.2201288723156738,OK
ANs,2026-06-01 14:29:08,6.107927491297715,0.0385645919048329,1.4811911074607831e-09,1.0964995988459996,OK
ANs,2026-06-01 14:30:08,5.99020784726225,0.0385711485742405,1.481154005634599e-09,1.0747863439765917,OK
ANs,2026-06-01 14:31:08,6.462524224981358,0.037662112892104,1.4463722587752546e-09,1.1612218338875826,OK
ANs,2026-06-01 14:32:08,6.22966918111346,0.0389704025899163,1.496583479717844e-09,1.172573089010433,OK
ANs,2026-06-01 14:33:08,6.086307496609109,0.0391631768211117,1.5040322050060972e-09,1.145544808321331,OK
ANs,2026-06-01 14:34:08,6.101852154121731,0.0380132123725692,1.4597302186937495e-09,1.1949129455263434,OK
ANs,2026-06-01 14:35:08,6.048987282034867,0.0404646146821519,1.55386162166598e-09,1.2523857390022113,OK
ANs,2026-06-01 14:36:08,6.3434651830844695,0.0395981483705064,1.520796472945148e-09,1.1860045481979924,OK
ANs,2026-06-01 14:37:08,6.367320814241943,0.0401717458308309,1.5423123277552916e-09,1.1291588292264174,OK
ANs,2026-06-01 14:38:08,6.657817795677267,0.0418871870897732,1.6084425605195614e-09,1.1795726263517965,OK
ANs,2026-06-01 14:39:08,6.589203695535897,0.0418524873264797,1.6068757526343662e-09,1.1816551839154694,OK
ANs,2026-06-01 14:40:08,6.631193679984376,0.0408488866272109,1.5676021410980211e-09,1.1960052514655053,OK
ANs,2026-06-01 14:41:08,6.603124345390853,0.0413844223153339,1.588362871479215e-09,1.1528100991353163,OK
ANs,2026-06-01 14:42:08,6.5036359333701865,0.0434680521703004,1.6679527927991315e-09,1.206001984904731,OK
ANs,2026-06-01 14:43:08,6.642286666800505,0.044757864894856,1.7176244072790503e-09,1.2477380088323429,OK
ANs,2026-06-01 14:44:08,6.606278640273736,0.0406233948638432,1.558845989628913e-09,1.0790570090518652,OK
ANs,2026-06-01 14:45:08,6.479761074829954,0.043263399932454,1.6604424713019527e-09,1.3061126261680511,OK
ANs,2026-06-01 14:46:08,6.425606658918724,0.041366390481072,1.588375560633198e-09,1.0706431464384722,OK
ANs,2026-06-01 14:47:08,6.364431849925197,0.0437205278643278,1.6784038013012799e-09,1.1895198912511873,OK
ANs,2026-06-01 14:48:08,6.177276581838608,0.0419017254117576,1.608136789564127e-09,1.1328832443315748,OK
ANs,2026-06-01 14:49:08,6.018453050862769,0.0419867119941019,1.6121356211930886e-09,1.1349014655862355,OK
ANs,2026-06-01 14:50:08,6.058660852326543,0.0413492547859248,1.58741312824028e-09,1.1267403732247352,OK
ANs,2026-06-01 14:51:08,5.644924399439197,0.0400973622280511,1.5391612134638847e-09,1.1246867246838792,OK
ANs,2026-06-01 14:52:03,5.2399992472387,0.0420016781268524,1.611913137449313e-09,1.1293717883682466,OK
ANs,2026-06-01 14:54:37,5.534877668142698,0.0884658236048133,3.394255296061e-09,0.9923056815811948,OK
ANs,2026-06-01 14:55:08,5.31238627124408,0.0402068456494824,1.543439612633363e-09,1.1933873959086585,OK
ANs,2026-06-01 14:56:09,5.333049903669593,0.0395835586991611,1.519473522369314e-09,1.1060793164645977,OK
ANs,2026-06-01 14:57:09,5.454083809609821,0.0385927284224017,1.4816142653335392e-09,1.0742526441414484,OK
ANs,2026-06-01 14:58:09,5.450120054723473,0.0398677951985889,1.530342490798876e-09,1.108077497481572,OK
ANs,2026-06-01 14:59:09,5.746700806671312,0.0390576382179859,1.4989152073996483e-09,1.1406517469286344,OK
ANs,2026-06-01 15:00:09,5.764647873843549,0.0406270444993319,1.5592555796258236e-09,1.1710947729628207,OK
ANs,2026-06-01 15:01:09,5.900835494871283,0.0395355349007804,1.5173142076710996e-09,1.1195855237745056,OK
ANs,2026-06-01 15:02:09,5.979708999251933,0.039338164269975,1.50963231374392e-09,1.1835699901425676,OK
ANs,2026-06-01 15:03:08,5.724191796695695,0.0389180644077747,1.4932840640314508e-09,1.083742476637587,OK
ANs,2026-06-01 15:04:08,5.322896357067684,0.0373664140890244,1.433978105802884e-09,1.130000715747547,OK
ANs,2026-06-01 15:05:08,5.246386168110219,0.0365423567460277,1.402153426440915e-09,1.1131425654614104,OK
ANs,2026-06-01 15:06:09,5.314189352121971,0.0375574900648653,1.441645061629783e-09,1.179316269450874,OK
ANs,2026-06-01 15:07:09,5.297055007949151,0.0377277056605806,1.4482807390512694e-09,1.0837496881780264,OK
ANs,2026-06-01 15:08:09,5.2007699999351225,0.0377102734735834,1.447912921967969e-09,1.1063080013288609,OK
ANs,2026-06-01 15:09:09,5.482166753956169,0.0362783439102082,1.393047371539734e-09,1.13467808160096,OK
ANs,2026-06-01 15:10:09,5.336633232480252,0.0360237781118797,1.3829514751806272e-09,1.227468611248452,OK
ANs,2026-06-01 15:11:09,5.464805827174114,0.035294571162197,1.3553753006162075e-09,1.0368531077972687,OK
ANs,2026-06-01 15:12:09,5.395998785501696,0.0369482404277348,1.4190024801623363e-09,1.2043967831634057,OK
ANs,2026-06-01 15:13:08,5.422924515609566,0.0376165800324592,1.4442411627491782e-09,1.2058095438936725,OK
ANs,2026-06-01 15:14:08,5.386968261598274,0.0366079097629685,1.4055685309594218e-09,1.1620292439374502,OK
ANs,2026-06-01 15:15:08,5.487762782461123,0.0368045926378871,1.412419608195983e-09,1.1629666184774068,OK
ANs,2026-06-01 15:16:08,5.42391578577776,0.0351309079866529,1.3478593398920594e-09,1.1507490742339814,OK
ANs,2026-06-01 15:17:09,5.443027322978783,0.0357132851059335,1.3705039480810026e-09,1.1346504435366642,OK
ANs,2026-06-01 15:18:09,5.421631803588833,0.0360584996935901,1.3835193751069654e-09,1.2194359616188597,OK
ANs,2026-06-01 15:19:09,5.400057909034291,0.0352373320727467,1.352311294127198e-09,1.1383889026230858,OK
ANs,2026-06-01 15:20:09,5.454834306974539,0.0348513489618904,1.3371755338462474e-09,1.1859485730692154,OK
ANs,2026-06-01 15:21:09,5.444675010158894,0.0360238472375444,1.382628020630296e-09,1.221255270778816,OK
ANs,2026-06-01 15:22:09,5.46150472335527,0.0352293118273311,1.3525017053292972e-09,1.1907399417137077,OK
ANs,2026-06-01 15:23:09,5.370985312963319,0.0346280146378166,1.3293879731906244e-09,1.268979606982762,OK
ANs,2026-06-01 15:24:08,5.27844204194611,0.034089851644821,1.3088786716339144e-09,1.148558081801654,OK
ANs,2026-06-01 15:25:08,5.242843234008655,0.0349247307472184,1.340604084164584e-09,1.09058617523839,OK
ANs,2026-06-01 15:26:08,5.129873517314541,0.0338702081554772,1.300023157773096e-09,1.201874482152792,OK
ANs,2026-06-01 15:27:08,5.031146606018674,0.0346413297227195,1.3293581282635736e-09,1.228714587613496,OK
ANs,2026-06-01 15:28:09,5.1334847630212055,0.035078016586951,1.346108672050531e-09,1.2330228396873688,OK
ANs,2026-06-01 15:29:09,5.055747307463171,0.0352663438457496,1.3540568545517183e-09,1.1585594579203562,OK
ANs,2026-06-01 15:30:09,5.095981069684986,0.0340055888255847,1.305359374184822e-09,1.1623920223600428,OK
ANs,2026-06-01 15:31:09,5.195941207026945,0.034849603261397,1.3377773830868832e-09,1.1287421262577202,OK
ANs,2026-06-01 15:32:09,5.193258419029896,0.0356129523163589,1.366964206686133e-09,1.272152837352835,OK
ANs,2026-06-01 15:33:09,5.239382201330901,0.0368815421785532,1.4154190464533394e-09,1.170024378655277,OK
ANs,2026-06-01 15:34:09,5.325227734979143,0.0368989927406105,1.4161675613364167e-09,1.199024467247537,OK
ANs,2026-06-01 15:35:08,5.21817530989817,0.0371042427635338,1.423805321106938e-09,1.139876232219165,OK
ANs,2026-06-01 15:36:08,5.144304857413282,0.0369719439470945,1.4188664617110546e-09,1.071385700290982,OK
ANs,2026-06-01 15:37:08,5.002643589039843,0.0363761666570799,1.3954654701236691e-09,1.1484381603018876,OK
ANs,2026-06-01 15:38:09,5.073324397439719,0.0375558692087995,1.4405908244587434e-09,1.084309539461248,OK
ANs,2026-06-01 15:39:09,5.39223213334042,0.038671583699486,1.4835616635927959e-09,1.157061665675816,OK
ANs,2026-06-01 15:40:09,6.037951507106405,0.0388211178071472,1.489357997341114e-09,1.2003975642363407,OK
ANs,2026-06-01 15:41:09,6.131477330856666,0.0390216408561951,1.4975923885552895e-09,1.144564266857935,OK
ANs,2026-06-01 15:42:09,6.14422520109974,0.0393549278861414,1.5110537547429412e-09,1.2706217407002358,OK
ANs,2026-06-01 15:43:09,6.398146960013496,0.0412413257067243,1.5831265579148595e-09,1.1454642410365932,OK
ANs,2026-06-01 15:44:09,6.291489770522704,0.0413011593342645,1.585510380957961e-09,1.2072435991568105,OK
ANs,2026-06-01 15:45:08,6.278366379355237,0.0415046497782853,1.593353239943993e-09,1.1436389392160884,OK
ANs,2026-06-01 15:46:08,6.484268694272008,0.0410778147669413,1.5768476957812131e-09,1.1686623518158366,OK
ANs,2026-06-01 15:47:08,6.607977924751694,0.0408367121074146,1.5676369183537639e-09,1.1649158658670289,OK
ANs,2026-06-01 15:48:08,6.7227822484927575,0.0412900637803408,1.5848540325252671e-09,1.1259964000889522,OK
ANs,2026-06-01 15:49:09,6.647909317312964,0.0421470274634489,1.6170982388552852e-09,1.2022049301180608,OK
ANs,2026-06-01 15:50:09,6.639003522533693,0.0431515618978744,1.6558120822017276e-09,1.1899161503027624,OK
ANs,2026-06-01 15:51:09,6.59800385287704,0.0401298594048921,1.5396607730937003e-09,1.0711899283282884,OK
ANs,2026-06-01 15:52:04,6.528859271585267,0.0430061052076354,1.649838677143857e-09,1.1422327040178577,OK
ANs,2026-06-01 15:56:11,6.127800622939725,0.0413377382136229,1.5871263323865963e-09,1.128971223376308,OK
ANs,2026-06-01 15:57:09,6.1569340201996905,0.0422081254963358,1.6205349116233214e-09,1.2304996586174968,OK
ANs,2026-06-01 15:58:09,6.203142159804377,0.0407421980068147,1.5637903266541275e-09,1.2321768697451871,OK
ANs,2026-06-01 15:59:09,6.401893170893386,0.0402822564445475,1.5456251824546707e-09,1.1366311072844162,OK
ANs,2026-06-01 16:00:10,6.209427282031368,0.040827459314064,1.5664167159420435e-09,1.1532285102625155,OK
ANs,2026-06-01 16:01:10,6.195995739408756,0.0417897479273209,1.6033068300368359e-09,1.1380422236519545,OK
ANs,2026-06-01 16:02:09,6.2279663601063335,0.0414388856746397,1.5899991638574702e-09,1.1096290440391552,OK
ANs,2026-06-01 16:03:09,6.076891888266022,0.0412108418863028,1.5809671092716643e-09,1.223565894549839,OK
ANs,2026-06-01 16:04:09,6.035668928952693,0.0395266202961648,1.5166949091500238e-09,1.1236562483574146,OK
ANs,2026-06-01 16:05:09,5.609157570512593,0.0387155313971437,1.4856675547966131e-09,1.1657809803804382,OK
ANs,2026-06-01 16:06:09,5.725669444741536,0.037949978908425,1.456648192317802e-09,1.1524288536350211,OK
ANs,2026-06-01 16:07:09,5.544768023987436,0.0397761739597593,1.5266796851133447e-09,1.1819870156574457,OK
ANs,2026-06-01 16:08:09,5.478774841288357,0.0398098778883163,1.527781548610842e-09,1.2443128601939872,OK
ANs,2026-06-01 16:09:09,5.330564443231776,0.038779316138462,1.4880335338724906e-09,1.2087710014538366,OK
ANs,2026-06-01 16:10:09,5.51709782896865,0.0365628028896547,1.4032523315646518e-09,1.1882234856224965,OK
ANs,2026-06-01 16:11:10,5.320494855567468,0.0377397654775167,1.448448046135682e-09,1.1592604740748682,OK
ANs,2026-06-01 16:12:10,5.307172042090267,0.0371580363660715,1.425998454471831e-09,1.1744037395949305,OK
ANs,2026-06-01 16:13:09,5.063826412092167,0.0368799421349542,1.4147786625923387e-09,1.158458215285916,OK
ANs,2026-06-01 16:14:09,4.543705886745378,0.0351575066716983,1.3485878853462311e-09,1.1661953924537496,OK
ANs,2026-06-01 16:15:09,4.930695196351486,0.0339175268509727,1.3009450377830976e-09,1.1140479790112388,OK
ANs,2026-06-01 16:16:09,5.011119966820717,0.0354117010300764,1.3585273330662483e-09,1.2137758575149191,OK
ANs,2026-06-01 16:17:09,4.81654275811292,0.0355717557586392,1.3644732953039786e-09,1.2065902458340938,OK
ANs,2026-06-01 16:18:09,4.174242412909975,0.033684009285685,1.291971574481223e-09,1.1662042188652657,OK
ANs,2026-06-01 16:19:09,4.640734088877819,0.0336646684137703,1.291702516713449e-09,1.1078089352967777,OK
ANs,2026-06-01 16:20:09,4.045831882628292,0.0339689081140803,1.3033563569035491e-09,1.091762349579534,OK
ANs,2026-06-01 16:21:10,4.36929923646775,0.0346093379706702,1.3276803966173392e-09,1.1108138159654817,OK
ANs,2026-06-01 16:22:10,4.614735300284727,0.0344424543594095,1.3210452092837256e-09,1.1355755156746528,OK
ANs,2026-06-01 16:23:09,4.610728684708385,0.0350101660696076,1.342608911605485e-09,1.0967353067283512,OK
ANs,2026-06-01 16:24:09,4.422635795076382,0.0341651771275692,1.3101850500599494e-09,1.152103183336663,OK
ANs,2026-06-01 16:25:09,4.0749991179597815,0.0335679202986471,1.287281662292536e-09,1.1212268828898913,OK
ANs,2026-06-01 16:26:09,4.096933296601922,0.034639220953294,1.3287670938769958e-09,1.1577949291207092,OK
ANs,2026-06-01 16:27:09,4.139307208408383,0.0333417365374962,1.2785608879316074e-09,1.0669220582011405,OK
ANs,2026-06-01 16:28:09,4.146509201603044,0.0356888299725202,1.3683692476164971e-09,1.1730511679015851,OK
ANs,2026-06-01 16:29:09,3.661583973023689,0.0343589999624794,1.317459459919428e-09,1.1530899557802228,OK
ANs,2026-06-01 16:30:09,3.8565870680197616,0.0341238686516845,1.3090371919538643e-09,1.2080698849464433,OK
ANs,2026-06-01 16:31:09,3.993713390662012,0.0332864887348382,1.2766309271851362e-09,1.0589348919987802,OK
ANs,2026-06-01 16:32:10,3.836861734562202,0.0334698732432627,1.2838648741638863e-09,1.13652536893236,OK
ANs,2026-06-01 16:33:10,3.533872604997702,0.0347669954493291,1.333118834056319e-09,1.169087652697126,OK
ANs,2026-06-01 16:34:09,3.2597538448105694,0.0328736374671158,1.2609391662250095e-09,1.104358507583468,OK
ANs,2026-06-01 16:35:09,3.330497878347994,0.0350748325309772,1.344935245931756e-09,1.1996224826400603,OK
ANs,2026-06-01 16:36:09,3.4969510564605653,0.0348435322786229,1.335994894069659e-09,1.142060892861663,OK
ANs,2026-06-01 16:37:09,3.492857858946917,0.0360147013587695,1.381533257282461e-09,1.1505737314314068,OK
ANs,2026-06-01 16:38:09,3.4364561169641514,0.0358189818639234,1.3736834149832427e-09,1.1241168281132474,OK
ANs,2026-06-01 16:39:09,3.320475379761628,0.0352143594630054,1.350431323859551e-09,1.141069024966004,OK
ANs,2026-06-01 16:40:09,3.432570530520933,0.036302127387825,1.3918694885171142e-09,1.107761431534275,OK
ANs,2026-06-01 16:41:09,2.9912224624696475,0.0350659040810649,1.3450846324407923e-09,1.1572183648486416,OK
ANs,2026-06-01 16:42:09,2.96224767478166,0.0349067169317888,1.3391567891799023e-09,1.149677887535247,OK
ANs,2026-06-01 16:43:10,3.043864095797923,0.0360449516068879,1.3826849221994267e-09,1.1057130156687025,OK
ANs,2026-06-01 16:44:10,3.023107264462724,0.0351836329064636,1.3497135540281822e-09,1.131521014208832,OK
ANs,2026-06-01 16:45:09,3.056760604222666,0.0363831908373653,1.3952208567123167e-09,1.1217869766450883,OK
ANs,2026-06-01 16:46:09,3.171757112935008,0.0367172888126633,1.4079075932364663e-09,1.1147985601229258,OK
ANs,2026-06-01 16:47:09,2.986864321212269,0.037421008983316,1.434331299803118e-09,1.060159854529246,OK
ANs,2026-06-01 16:48:09,2.76425088841574,0.037324970456682,1.430294235629362e-09,1.0850538131391776,OK
ANs,2026-06-01 16:49:09,2.9012142682080206,0.0364545142064257,1.3969385836665416e-09,1.1154135359743136,OK
ANs,2026-06-01 16:50:09,2.9220765865189007,0.0373178344431389,1.4303878184229476e-09,1.071957254630296,OK
ANs,2026-06-01 16:51:09,2.885818492277362,0.0381496663725378,1.4620207826521404e-09,1.1694856329223675,OK
ANs,2026-06-01 16:52:05,2.839745702622456,0.0370918577514688,1.4218404829942352e-09,1.0676623874537476,OK
ANs,2026-06-01 16:54:39,2.8120458021181878,0.1138845412805286,4.3643567470198385e-09,1.0707409940610315,Recovered · STEP_LIMITED(NO2_sh)
ANs,2026-06-01 16:55:10,2.719218394964332,0.0370989225688548,1.422120450469901e-09,1.083282949713832,OK
ANs,2026-06-01 16:56:10,2.7705328498558783,0.0367472321453354,1.4093220286631736e-09,1.0641427540504431,OK
ANs,2026-06-01 16:57:10,2.8425693489594326,0.0350458280900512,1.3438765457920394e-09,1.0515342707612785,OK
ANs,2026-06-01 16:58:10,3.5764963503582474,0.0371548515335766,1.423840346847398e-09,1.0675599290237612,OK
ANs,2026-06-01 16:59:10,4.002873349613362,0.0392125453502338,1.50341206453551e-09,1.1363162236520294,OK
ANs,2026-06-01 17:00:10,4.106552564934857,0.0383527814753937,1.4702786917492456e-09,1.0626863039772312,OK
ANs,2026-06-01 17:01:10,4.12586489331993,0.0378000317061395,1.4490255151172935e-09,1.0924206192502042,OK
ANs,2026-06-01 17:02:10,4.182569077796882,0.0377866159515563,1.448596352184041e-09,1.2304223767400335,OK
ANs,2026-06-01 17:03:09,4.145101970097873,0.0382972431799046,1.467949060843813e-09,1.1644084602478726,OK
ANs,2026-06-01 17:04:10,4.272470375981252,0.0381800681859666,1.463987827190163e-09,1.1152040229448363,OK
ANs,2026-06-01 17:05:10,4.291525711443741,0.0364856393987141,1.3987294236802867e-09,1.1802847421727856,OK
ANs,2026-06-01 17:06:10,4.320012510212043,0.0381274375403156,1.4617762960942926e-09,1.1822137885842494,OK
ANs,2026-06-01 17:07:10,4.3116176520563085,0.0376367578197106,1.4426517479046776e-09,1.1658056305322466,OK
ANs,2026-06-01 17:08:10,4.248387075466794,0.0373184749999919,1.430319837160403e-09,1.1780207349587974,OK
ANs,2026-06-01 17:09:10,4.175213892745942,0.0377306992703405,1.4458347826955851e-09,1.1547900488058624,OK
ANs,2026-06-01 17:10:10,4.17757224629184,0.0352777448883975,1.3519163996522271e-09,1.1871791275252874,OK
ANs,2026-06-01 17:11:10,4.131162206604796,0.0362327428773339,1.388865160131092e-09,1.2067861438225829,OK
ANs,2026-06-01 17:12:10,4.127860072739806,0.0353449666111906,1.354426422795645e-09,1.0707451114905284,OK
ANs,2026-06-01 17:13:10,4.133086439426299,0.0343338318641123,1.3155441830867736e-09,1.1498225101687285,OK
ANs,2026-06-01 17:14:09,4.109893073327463,0.0344315428923897,1.319508363583491e-09,1.089644020990752,OK
ANs,2026-06-01 17:15:10,4.261320376509238,0.0348086645127467,1.3335536760431361e-09,1.1689367868681713,OK
ANs,2026-06-01 17:16:10,4.324770439321741,0.0352422278185809,1.350443083146259e-09,1.1206589336434023,OK
ANs,2026-06-01 17:17:10,4.424379975063243,0.0351488510201463,1.3467050171477823e-09,1.10961693137609,OK
ANs,2026-06-01 17:18:10,4.463451232439503,0.0358882661790028,1.3749355181453723e-09,1.205186512718835,OK
ANs,2026-06-01 17:19:10,4.562587106103806,0.0356678236026999,1.3662200094639974e-09,1.1017554026984926,OK
ANs,2026-06-01 17:20:10,4.597655438048152,0.0359047718403866,1.3758654364316802e-09,1.2307514538765216,OK
ANs,2026-06-01 17:21:10,4.593007104905114,0.0364272052144596,1.395605542787735e-09,1.0969612563401865,OK
ANs,2026-06-01 17:22:10,4.525278770375674,0.034735500045181,1.3307078047413467e-09,1.1214912927435312,OK
ANs,2026-06-01 17:23:10,4.590471170236588,0.0344315564618908,1.318992820049868e-09,1.1195255661391188,OK
ANs,2026-06-01 17:24:09,4.580045455534618,0.034927283171132,1.3380588104702426e-09,1.1521599854684577,OK
ANs,2026-06-01 17:25:10,4.528943816312277,0.0341698622496926,1.3092483894519698e-09,1.1079118711629703,OK
ANs,2026-06-01 17:26:10,4.684524137886385,0.0355887667440032,1.3632421866330171e-09,1.184162033648177,OK
ANs,2026-06-01 17:27:10,4.573581493948224,0.0353293060336254,1.3530855880750607e-09,1.1112076219089957,OK
ANs,2026-06-01 17:28:10,4.475166572762802,0.0363815518294397,1.3930203263168702e-09,1.1141461520296052,OK
ANs,2026-06-01 17:29:10,4.432665510059787,0.0358404481784478,1.372222319073373e-09,1.1129454471728113,OK
ANs,2026-06-01 17:30:10,4.362443490600253,0.0363349398954909,1.3913526170161042e-09,1.105039615853901,OK
ANs,2026-06-01 17:31:10,4.4146204631247885,0.0355217422204836,1.3600459983541664e-09,1.1299210822893735,OK
ANs,2026-06-01 17:32:10,4.570964170810727,0.0357508996645465,1.369162009016813e-09,1.1517662248337754,OK
ANs,2026-06-01 17:33:10,4.6282374442929965,0.0360518910507977,1.3801611586099103e-09,1.054744632034438,OK
ANs,2026-06-01 17:34:10,4.64335749531021,0.0367027977230793,1.405329289205494e-09,1.1211480706587644,OK
ANs,2026-06-01 17:35:09,4.561739036620887,0.0364244868978536,1.3943827798218967e-09,1.1311865749487606,OK
ANs,2026-06-01 17:36:10,4.4050701520217626,0.0384595040823209,1.4724734401436682e-09,1.1641121516801625,OK
ANs,2026-06-01 17:37:10,4.208218738581274,0.0371540750813296,1.4227025053595574e-09,1.0846128963749555,OK
ANs,2026-06-01 17:38:10,4.154969310208959,0.0387048341288635,1.482281980349688e-09,1.105470489247843,OK
ANs,2026-06-01 17:39:10,4.014713515279289,0.0369398362593342,1.4141101479616231e-09,1.0791947661427324,OK
ANs,2026-06-01 17:40:10,3.96017952555882,0.0359537510623388,1.3762069069046776e-09,1.0975816799498512,OK
ANs,2026-06-01 17:41:10,3.699551483878043,0.0361618326594627,1.384949480987022e-09,1.0463941017036025,OK
ANs,2026-06-01 17:42:10,3.617773402594712,0.036993639962543,1.416717426082108e-09,0.9879642701973922,OK
ANs,2026-06-01 17:43:10,3.696489167226953,0.0382375703399857,1.4640629218603348e-09,1.0293630170716468,OK
ANs,2026-06-01 17:44:10,3.610778352064552,0.0376388484504792,1.441256714834436e-09,1.055653866308216,OK
ANs,2026-06-01 17:45:10,3.681927340473373,0.0374590113407428,1.434340418923155e-09,1.058297640034068,OK
ANs,2026-06-01 17:46:10,3.6189776074749846,0.0378780531102658,1.450214006346338e-09,1.091838668256413,OK
ANs,2026-06-01 17:47:10,3.4550834094647342,0.0375696718306143,1.438457048295404e-09,1.0694069600310547,OK
ANs,2026-06-01 17:48:10,3.3148864469414447,0.0376507904134071,1.4415929403489152e-09,1.0829553632578202,OK
ANs,2026-06-01 17:49:10,3.0360610804800343,0.0369847764013584,1.416713678970475e-09,1.0691876253114083,OK
ANs,2026-06-01 17:50:10,3.1874639969371383,0.0388803905843622,1.489244268998461e-09,1.0055025363168075,OK
ANs,2026-06-01 17:51:10,3.019401547365225,0.0382727691415972,1.4655882766714232e-09,1.0408541851160262,OK
ANs,2026-06-01 17:52:06,2.965337633352423,0.0379931792767334,1.4548630658655616e-09,1.02982315374213,OK
ANs,2026-06-01 17:54:39,2.106708203413347,0.1211042227541602,4.638432083525023e-09,0.9778558069573912,Recovered
ANs,2026-06-01 17:55:10,2.3618679478695386,0.0367929151864108,1.4089901866486756e-09,1.007488861728309,OK
ANs,2026-06-01 17:56:10,2.7633085702472955,0.0384500953760041,1.472054769681236e-09,1.0632311113425654,OK
ANs,2026-06-01 17:57:11,2.662326364851874,0.0377641964064649,1.446444713890539e-09,1.043769801449394,OK
ANs,2026-06-01 17:58:11,2.6829226467080587,0.0353586830301555,1.354512495399779e-09,1.06146385995513,OK
ANs,2026-06-01 17:59:11,2.664310830017618,0.0366712672435861,1.404856840033572e-09,1.1338484956861024,OK
ANs,2026-06-01 18:00:11,2.650746534909287,0.0386718126841387,1.4804856329239723e-09,1.077429812620393,OK
ANs,2026-06-01 18:01:11,2.7676582721301517,0.0374123408385168,1.432159500969322e-09,1.0721452905561306,OK
ANs,2026-06-01 18:02:10,2.8583904881461413,0.0372100357586464,1.4244843260237938e-09,1.1218482798094849,OK
ANs,2026-06-01 18:03:10,2.8530798881799955,0.0365621839463444,1.4005508495213695e-09,1.0344553378565249,OK
ANs,2026-06-01 18:04:10,2.80543913556292,0.0358091431259957,1.3706336165498487e-09,1.0753844631908682,OK
ANs,2026-06-01 18:05:10,2.8329742318118663,0.0364386923421767,1.394552723099085e-09,1.0551762787975347,OK
ANs,2026-06-01 18:06:10,2.7883786203394183,0.0356208792926163,1.3638402917619983e-09,1.062737713763586,OK
ANs,2026-06-01 18:07:10,2.738668356721246,0.0355559334029821,1.3614027824412735e-09,1.0844668777028026,OK
ANs,2026-06-01 18:08:11,2.5978787883243557,0.0352777099993384,1.350108284738314e-09,1.052578855037387,OK
ANs,2026-06-01 18:09:11,2.6065419898860145,0.0345932497655601,1.323969137757262e-09,1.0375800643350233,OK
ANs,2026-06-01 18:10:11,2.651962777599169,0.0359091597264203,1.3741715340046016e-09,1.1033929347560785,OK
ANs,2026-06-01 18:11:11,2.6299194653444578,0.0331004022378109,1.2676565236207771e-09,1.019475032115368,OK
ANs,2026-06-01 18:12:11,2.601052450013558,0.0345405404585691,1.3225945898205575e-09,1.0539095112722754,OK
ANs,2026-06-01 18:13:11,2.5409942938457037,0.0338943216428297,1.2979807374520787e-09,1.0474405353382945,OK
ANs,2026-06-01 18:14:10,2.3625362711670097,0.0326614663101327,1.2507714178659563e-09,1.0340964593631106,OK
ANs,2026-06-01 18:15:10,2.262844986885079,0.0323923716946546,1.2401070730141642e-09,1.0930563726690172,OK
ANs,2026-06-01 18:16:10,2.0154385747446675,0.0330281656060512,1.2647287899761762e-09,1.0787814044187418,OK
ANs,2026-06-01 18:17:10,2.077621619420589,0.0319970364983193,1.2245214170608918e-09,1.0708857054329393,OK
ANs,2026-06-01 18:18:10,2.16734433389986,0.0333507400590542,1.2766085538702196e-09,1.0965550886774484,OK
ANs,2026-06-01 18:19:11,2.114449429623377,0.0306504298430482,1.173217977963784e-09,1.0554382528015798,OK
ANs,2026-06-01 18:20:11,1.8458723275093651,0.03229157129499,1.235823147286158e-09,1.0664216071999049,OK
ANs,2026-06-01 18:21:11,1.7920047635997154,0.0313172355581248,1.19747203000547e-09,1.061023080618432,OK
ANs,2026-06-01 18:22:11,1.7436175380251522,0.0315868133960696,1.2091398932212046e-09,1.0944630910011357,OK
ANs,2026-06-01 18:23:10,1.5735199144281795,0.0310469330650342,1.1894248629146267e-09,1.1041051234608796,Recovered
ANs,2026-06-01 18:24:10,1.790678122006237,0.031376140275292,1.2015726440193816e-09,1.056732883129885,OK
ANs,2026-06-01 18:25:10,1.925052032617492,0.0325800793506209,1.2470784822269475e-09,1.0360445352948642,OK
ANs,2026-06-01 18:26:10,1.9938757476232087,0.0307293640807519,1.176547424301428e-09,1.1862048268221257,OK
ANs,2026-06-01 18:27:10,2.1058757890042115,0.0312940374196898,1.198340942886997e-09,1.180315940126771,OK
ANs,2026-06-01 18:28:10,2.0686315344853976,0.0314015558803026,1.2019288263207064e-09,1.0579114988058511,OK
ANs,2026-06-01 18:29:11,2.2388180361418706,0.0311224503037149,1.1916153416425571e-09,1.1450372767428223,OK
ANs,2026-06-01 18:30:11,2.39831587223822,0.031980785138304,1.2238543001060547e-09,1.047829418357761,OK
ANs,2026-06-01 18:31:11,2.4053443534216745,0.0306024474024043,1.17105189883901e-09,1.0539550141546457,OK
ANs,2026-06-01 18:32:11,2.250158545403093,0.0326610898266471,1.2491568074300043e-09,1.0881862060529506,OK
ANs,2026-06-01 18:33:11,2.148414789605292,0.032240596023017,1.233334525935366e-09,1.1376095676627866,OK
ANs,2026-06-01 18:34:10,2.201786842881862,0.0323042653735189,1.2357316282915983e-09,1.0640067093271146,OK
ANs,2026-06-01 18:35:10,2.132445618720926,0.0326309742762953,1.2487936843431315e-09,1.0909588563035977,OK
ANs,2026-06-01 18:36:10,1.486861202810444,0.0311312885808007,1.1912828854786536e-09,1.0876766553496398,Recovered
ANs,2026-06-01 18:37:10,1.2192638023570723,0.0320345984375563,1.224859981083034e-09,1.097554797931224,Recovered
ANs,2026-06-01 18:38:10,1.243329963245011,0.0326681460828942,1.2483964662468455e-09,1.0456716246209932,Recovered
ANs,2026-06-01 18:39:10,1.19580953208659,0.0328644698476303,1.2570814467609258e-09,1.065506879422587,Recovered
ANs,2026-06-01 18:40:11,1.1786293772581211,0.0343587599848365,1.314106145131062e-09,1.0013215591870268,Recovered
ANs,2026-06-01 18:41:11,1.3147814514544254,0.0320352815627664,1.2259857564723716e-09,1.057884399011256,Recovered
ANs,2026-06-01 18:42:11,1.4720215454964134,0.0331838409417967,1.2695592436025335e-09,0.990945814986652,Recovered
ANs,2026-06-01 18:43:11,1.3633174131017685,0.0346573814817228,1.3261120476559996e-09,1.0408428417101212,Recovered
ANs,2026-06-01 18:44:11,1.3489269684505132,0.0332299758785448,1.2720611225421827e-09,1.0205127826490237,Recovered
ANs,2026-06-01 18:45:11,1.2198256030157326,0.0331309522403795,1.2680670689394483e-09,0.9988708808925582,Recovered
ANs,2026-06-01 18:46:10,1.2036160768662378,0.033729003913089,1.2910564420275152e-09,1.0468276761533,Recovered
ANs,2026-06-01 18:47:10,1.219745003049772,0.0349008637460666,1.3367755715136255e-09,1.0593831342974862,Recovered
ANs,2026-06-01 18:48:10,1.2776519352632092,0.0338258918249505,1.294602317890015e-09,1.0055544780076042,Recovered
ANs,2026-06-01 18:49:10,1.5540715509882963,0.0360875601409648,1.381012728339048e-09,1.0758342565077803,Recovered
ANs,2026-06-01 18:50:10,1.7976578343284877,0.035133945362434,1.3440997292120151e-09,1.024673727940774,OK
ANs,2026-06-01 18:51:11,2.098027858533185,0.0352410116899319,1.3485350615404935e-09,1.0073698249779155,OK
ANs,2026-06-01 18:52:07,1.9201289279185003,0.0356100240167294,1.3622845131778836e-09,1.0419915088557885,OK
ANs,2026-06-01 18:56:14,1.0573660983515574,0.035416777233052,1.3565048119372871e-09,1.0650243276294498,Recovered · STEP_LIMITED(NO2_sh)
ANs,2026-06-01 18:57:11,1.018426157267777,0.0352114330207598,1.347785909197219e-09,0.9788419414794975,Recovered
ANs,2026-06-01 18:58:11,1.0692950263576853,0.0343624722234089,1.3169171302858983e-09,1.0646485631886242,Recovered
ANs,2026-06-01 18:59:11,1.0616803420287824,0.034891475408842,1.3363460763295636e-09,1.0333616179550624,Recovered
ANs,2026-06-01 19:00:11,1.061907260081985,0.0334601547616179,1.2798680452090535e-09,1.0082060882842767,Recovered
ANs,2026-06-01 19:01:12,1.046048873617618,0.0339801330403658,1.300368355084252e-09,1.0397973023938711,Recovered
ANs,2026-06-01 19:02:11,1.118871329731581,0.0342486049881689,1.31129930514988e-09,1.025720434235224,Recovered
ANs,2026-06-01 19:03:11,1.1840510903272237,0.0345962138421756,1.3239646437788626e-09,1.0442581105656648,Recovered
ANs,2026-06-01 19:04:11,1.2052377988416576,0.0327890849435947,1.2541739726649347e-09,1.0097747330918807,Recovered
ANs,2026-06-01 19:05:11,1.1992885097659345,0.0334206117358837,1.2779368769527872e-09,1.069057691697996,Recovered
ANs,2026-06-01 19:06:11,1.1660023287618946,0.0335472261900541,1.2829277423784907e-09,1.0908113590111397,Recovered
ANs,2026-06-01 19:07:11,1.1851978813818818,0.0336963991313809,1.288153544694689e-09,1.0441814338684716,Recovered
ANs,2026-06-01 19:08:11,1.2512738170201494,0.0319294605009829,1.2208301759958387e-09,0.9879246072043864,Recovered
ANs,2026-06-01 19:09:11,1.3171039795492914,0.0337905179676157,1.2926342943952908e-09,0.9843239248843494,Recovered
ANs,2026-06-01 19:10:11,1.4273178952288734,0.0312630602015103,1.1955233730249395e-09,1.1394477102849945,Recovered
ANs,2026-06-01 19:11:11,1.524801903335561,0.0336184577860302,1.2846109234303783e-09,1.0641031008621356,Recovered
ANs,2026-06-01 19:12:12,1.495692106873674,0.0308299085537325,1.178895233108022e-09,1.0595459638890483,Recovered
ANs,2026-06-01 19:13:11,1.4092751444643803,0.0305722971528523,1.1687117221616767e-09,1.0913174432807384,Recovered
ANs,2026-06-01 19:14:11,1.4454522782947112,0.0305016806673495,1.1661419095798503e-09,1.0587092446876998,Recovered
ANs,2026-06-01 19:15:11,1.3896908391353815,0.0304448000769523,1.1644261392916576e-09,1.043156811725869,Recovered
ANs,2026-06-01 19:16:11,1.399424635663882,0.031979449622413,1.222868504050087e-09,1.0275696359418434,Recovered
ANs,2026-06-01 19:17:11,1.406929452746975,0.0317548330009827,1.2144447163837404e-09,1.1308307407674136,Recovered
ANs,2026-06-01 19:18:11,1.456253404460269,0.029614188437691,1.1320562364379083e-09,1.0209797947086858,Recovered
ANs,2026-06-01 19:19:11,1.4789183537767905,0.031132649379092,1.1911231371651892e-09,1.03181692362137,Recovered
ANs,2026-06-01 19:20:11,1.4328444489018748,0.0321011890097494,1.2289320177148175e-09,1.047230176000159,Recovered
ANs,2026-06-01 19:21:11,1.4542872037777328,0.0306802669528576,1.173423360303969e-09,1.084345024978821,Recovered
ANs,2026-06-01 19:22:11,1.4247930941905227,0.0311205400485719,1.1896044095049844e-09,1.0617728437752945,Recovered
ANs,2026-06-01 19:23:11,1.4552844942064096,0.0303230735228913,1.16027436776751e-09,1.097425785025698,Recovered · STEP_LIMITED(NO2_sh)
ANs,2026-06-01 19:24:11,1.4653087131564273,0.0298691335053608,1.142807324115834e-09,1.1196464642909116,Recovered
ANs,2026-06-01 19:25:11,1.5107207396800342,0.0302535738624101,1.1572456742564082e-09,1.0090117992947802,Recovered
ANs,2026-06-01 19:26:11,1.5436426012113251,0.0307996213433546,1.1781759466963607e-09,1.0251882461511326,Recovered
ANs,2026-06-01 19:27:11,1.5778179294582015,0.0306680186628266,1.172900440737112e-09,1.0721866874359345,Recovered
ANs,2026-06-01 19:28:11,1.7514269209457138,0.0288502039898832,1.1037178597957867e-09,1.0464817160507451,OK
ANs,2026-06-01 19:29:11,1.7894847702429102,0.0302867006671282,1.1584705437095311e-09,1.0947488993582342,OK
ANs,2026-06-01 19:30:11,1.8087175595042289,0.0307862167275342,1.1781385403138796e-09,1.1208514738798256,OK
ANs,2026-06-01 19:31:11,1.7443382238113148,0.0319878592987767,1.22409758894306e-09,1.0993149739257742,Recovered
ANs,2026-06-01 19:32:11,1.6362868991760384,0.0307151472123271,1.1753366338988843e-09,1.050808953584676,Recovered
ANs,2026-06-01 19:33:12,1.7054177357103988,0.0302183963810167,1.1562847322478332e-09,1.0144428384848867,Recovered
ANs,2026-06-01 19:34:11,1.7913700488780566,0.0312111507527613,1.1943699046682567e-09,1.073378577238929,OK
ANs,2026-06-01 19:35:11,1.8665427584119036,0.0326382930333432,1.249600330808761e-09,1.0242793185923198,OK
ANs,2026-06-01 19:36:11,2.3858718748734664,0.0334864847382519,1.2814128546180115e-09,1.0225158139659518,OK
ANs,2026-06-01 19:37:11,2.692088155646086,0.0322770776538992,1.2351908559960439e-09,1.0274255174989133,OK
ANs,2026-06-01 19:38:11,2.6819304965463537,0.0331893993561268,1.2696884413791306e-09,1.079526106069844,OK
ANs,2026-06-01 19:39:11,2.398577151229334,0.0339721019324367,1.2998648794583395e-09,1.022515404174874,OK
ANs,2026-06-01 19:40:11,2.3440178627044586,0.0338760781625075,1.2960065999246307e-09,1.0363104591303194,OK
ANs,2026-06-01 19:41:11,2.2054261423100097,0.0335170173258075,1.2827184908834363e-09,1.0827417879496413,OK
ANs,2026-06-01 19:42:11,2.148583196491355,0.0332690951727746,1.2727102912427782e-09,1.1067121767665131,OK
ANs,2026-06-01 19:43:11,2.1464339772177663,0.0345250324703351,1.3203368731076964e-09,1.0757532266290173,OK
ANs,2026-06-01 19:44:11,1.9318993599493368,0.0328854235060779,1.2588491968105702e-09,1.0675048867451584,OK
ANs,2026-06-01 19:45:11,1.984322589599033,0.0340703402095532,1.3030852350454096e-09,1.0544708811748262,OK
ANs,2026-06-01 19:46:11,1.9169189230495784,0.034993702942787,1.3380046608066775e-09,0.9993461318841091,OK
ANs,2026-06-01 19:47:11,1.8852252350063368,0.0353592147770438,1.3523711438563066e-09,1.029983133196838,OK
ANs,2026-06-01 19:48:11,1.8485355915806256,0.0346368979774208,1.3242176047067502e-09,1.0023599367550118,OK
ANs,2026-06-01 19:49:11,1.8104618745169403,0.0345667082013372,1.3215714087085331e-09,1.0305025844987818,Recovered
ANs,2026-06-01 19:50:11,1.753187123164958,0.0346504020525718,1.3245249023035059e-09,1.0154665912622716,Recovered
ANs,2026-06-01 19:51:11,1.6670678340601002,0.0353834064327004,1.352505439558505e-09,1.0302138485255412,Recovered
ANs,2026-06-01 19:52:08,1.6929791829561118,0.0358507008991191,1.3710750455134127e-09,0.9956393272668188,Recovered
ANs,2026-06-01 19:55:12,1.7061927434633104,0.0351727193063504,1.3449660827232155e-09,1.050069962422285,Recovered
ANs,2026-06-01 19:56:12,1.7254486012047,0.0354680520667201,1.356501025380518e-09,1.074042469910487,Recovered
ANs,2026-06-01 19:57:12,1.7680332870146298,0.0339756333200161,1.2987565022523484e-09,0.9651600706271484,Recovered
ANs,2026-06-01 19:58:12,1.7884495138532843,0.0348915970094659,1.333874494366439e-09,1.066078310436823,Recovered
ANs,2026-06-01 19:59:12,1.697907632518486,0.0334516465088063,1.2792643490932032e-09,1.114954638237161,Recovered
ANs,2026-06-01 20:00:12,1.7720067348526334,0.0348700929357392,1.3329747046186821e-09,1.0456406038708057,Recovered
ANs,2026-06-01 20:01:12,1.6303277036256096,0.0338086227058497,1.292680064460742e-09,0.98651345158533,Recovered
ANs,2026-06-01 20:02:12,1.6232160111655305,0.0331063166659462,1.2653528768696727e-09,1.06622369595837,Recovered
ANs,2026-06-01 20:03:11,1.7337425371598754,0.0343402648279142,1.3133458579833794e-09,0.9796074123286836,Recovered
ANs,2026-06-01 20:04:11,1.7961168011912143,0.0342949341092154,1.3112077898862903e-09,1.0487299224743052,Recovered
ANs,2026-06-01 20:05:12,1.811507123870552,0.0326499298464566,1.2484784085855166e-09,1.0324988903046988,Recovered
ANs,2026-06-01 20:06:12,1.783217900168051,0.0336808275126507,1.2877407004597804e-09,1.0327912309849123,Recovered
ANs,2026-06-01 20:07:12,1.7920492078447932,0.0335054538433616,1.2805111982379303e-09,1.0683643873921256,Recovered
ANs,2026-06-01 20:08:12,2.0021997956451254,0.0313648410810142,1.199136605908026e-09,1.0052704752073172,OK
ANs,2026-06-01 20:09:12,2.014815252715285,0.0326562648546955,1.2478784302807735e-09,1.0242267169821777,OK
ANs,2026-06-01 20:10:12,1.9231405772110528,0.0339661817049349,1.2980825002926055e-09,1.0689753076588298,OK
ANs,2026-06-01 20:11:12,1.9627315679705304,0.0318189126793673,1.2162652009966574e-09,1.0863868903144227,OK
ANs,2026-06-01 20:12:12,2.044865392836188,0.0328220168252181,1.255114220701377e-09,1.0648524352705095,OK
ANs,2026-06-01 20:13:12,2.0075091514930947,0.0314857776005425,1.2034943811008622e-09,1.052438835534965,OK
ANs,2026-06-01 20:14:11,2.005729669610232,0.0319422937209057,1.2211490782215432e-09,1.1080236818498552,OK
ANs,2026-06-01 20:15:11,2.020566030784236,0.032692793161271,1.2501023981538644e-09,1.040883547056889,OK
ANs,2026-06-01 20:16:12,1.988764505370603,0.031682859488336,1.2110037382651446e-09,1.0721612854223754,OK
ANs,2026-06-01 20:17:12,2.075033543982981,0.0312381622371731,1.1945497765280116e-09,1.0564923519704648,OK
ANs,2026-06-01 20:18:12,2.1655134494793216,0.0321896936060109,1.2314273046964231e-09,1.122150533877588,OK
ANs,2026-06-01 20:19:12,2.4609212860823257,0.0302874456642503,1.1585367078303936e-09,1.094316245078113,OK
ANs,2026-06-01 20:20:12,2.044541683512838,0.0305294916367812,1.1675701589641627e-09,1.0593516332349326,OK
ANs,2026-06-01 20:21:12,1.9055609051638969,0.0296165550492771,1.1323538042672235e-09,1.0685175830377125,OK
ANs,2026-06-01 20:22:12,1.8652388298397,0.0313288447399776,1.1971343041427735e-09,1.1164761574379185,OK
ANs,2026-06-01 20:23:12,1.9122775187233447,0.031176244911744,1.1922040458218476e-09,1.0681241275638793,OK
ANs,2026-06-01 20:24:12,2.072729789295348,0.0322333780712239,1.2321176935025643e-09,1.1213385957792916,OK
ANs,2026-06-01 20:25:11,2.153300679814489,0.0313074115577785,1.1967198018344795e-09,1.080902793213424,OK
ANs,2026-06-01 20:26:11,2.044301492342285,0.0318403662950308,1.2170090893961435e-09,1.0877406202189963,OK
ANs,2026-06-01 20:27:12,2.0009744079152583,0.0335882182495358,1.2843410812598343e-09,1.1425208868572625,OK
ANs,2026-06-01 20:28:12,1.9394248856205851,0.0307855038428926,1.1772128935053323e-09,1.1235256567935168,OK
ANs,2026-06-01 20:29:12,1.9313325786974405,0.032192895607442,1.2307445061906727e-09,1.132210977776641,OK
ANs,2026-06-01 20:30:12,1.984229290734305,0.0317371008807908,1.213042743794707e-09,1.0603804365806944,OK
ANs,2026-06-01 20:31:12,2.0069159933343688,0.032101949494351,1.2275839018118531e-09,1.0463715323537717,OK
ANs,2026-06-01 20:32:12,2.2252905020762186,0.032153254677671,1.2296115454139448e-09,1.1746398224881338,OK
ANs,2026-06-01 20:33:12,2.256787200553944,0.0330817157052026,1.2653439521669451e-09,1.0760059534595825,OK
ANs,2026-06-01 20:34:12,2.11017775218002,0.032707725840717,1.2506809682304841e-09,1.122016008943932,OK
ANs,2026-06-01 20:35:11,2.0668151333494063,0.0340035863965081,1.3000943983980148e-09,1.1073580375330028,OK
ANs,2026-06-01 20:36:11,2.092184553648063,0.0351378701048804,1.3437746384624574e-09,1.143738837679814,OK
ANs,2026-06-01 20:37:12,2.1354668804720176,0.0335652830782083,1.2837681147587842e-09,1.0911915000304548,OK
ANs,2026-06-01 20:38:12,2.168083036770306,0.0333783842126776,1.275835147953109e-09,1.1129447056599402,OK
ANs,2026-06-01 20:39:12,2.1352515219565205,0.0347567655240334,1.329117196244954e-09,1.0827092940722547,OK
ANs,2026-06-01 20:40:12,2.4321715710853744,0.0341638814267099,1.306293457488759e-09,1.1219021668215132,OK
ANs,2026-06-01 20:41:12,2.7204244114033584,0.034871535470348,1.3335962484596523e-09,1.1713015320875653,OK
ANs,2026-06-01 20:42:12,2.719328840221585,0.0368667499222361,1.4101871189827799e-09,1.10291025572488,OK
ANs,2026-06-01 20:43:12,2.987912811995126,0.0366259152834614,1.4006496938843332e-09,1.1007733721724942,OK
ANs,2026-06-01 20:44:12,2.892030409356264,0.036163443018717,1.3829519806305941e-09,1.0459966871891466,OK
ANs,2026-06-01 20:45:12,2.818069872694416,0.0354144673535454,1.3538230874452784e-09,1.1856066270690508,OK
ANs,2026-06-01 20:46:11,2.833998911207222,0.0354584297431328,1.3555164619482416e-09,1.123100896775891,OK
ANs,2026-06-01 20:47:11,2.86236553915308,0.0371064021604341,1.4188136157245546e-09,1.1664217881667045,OK
ANs,2026-06-01 20:48:12,2.7607927116301307,0.0364242814625152,1.3928681593198214e-09,1.073113425545525,OK
ANs,2026-06-01 20:49:12,2.825870414638359,0.0382810547505894,1.463693159280554e-09,1.1047184271668484,OK
ANs,2026-06-01 20:50:12,2.962059208671872,0.0376067627802575,1.437643582783318e-09,1.1222566212792555,OK
ANs,2026-06-01 20:51:12,3.538743705307989,0.0368365744724922,1.4081949788841012e-09,1.1085207102483388,OK
ANs,2026-06-01 20:52:09,4.248620648567214,0.0398891607527671,1.525335864084114e-09,1.164302235610796,OK
ANs,2026-06-01 20:55:13,4.860823519651508,0.0399464771895483,1.5269577840960407e-09,1.1425606377034718,OK
ANs,2026-06-01 20:56:12,5.121540637515978,0.0404940470732222,1.5481681541760632e-09,1.1282537061301026,OK
ANs,2026-06-01 20:57:12,5.360121661772445,0.0402944860380123,1.5406073015527902e-09,1.1499799366500931,OK
ANs,2026-06-01 20:58:12,5.320156724674076,0.0413148174010745,1.5793384049302863e-09,1.1704959459546955,OK
ANs,2026-06-01 20:59:13,4.920145771760072,0.0395602221526036,1.512443344704703e-09,1.2041533368137205,OK
ANs,2026-06-01 21:00:13,4.780889914508536,0.0393757992844811,1.5054017678326075e-09,1.119183156421334,OK
ANs,2026-06-01 21:01:13,4.743826207344823,0.0388300883780479,1.484536357495213e-09,1.160971207087707,OK
ANs,2026-06-01 21:02:12,4.846333984393431,0.03924272797873,1.50063490830605e-09,1.146739145691802,OK
ANs,2026-06-01 21:03:12,5.113926287649832,0.0398823745407213,1.5251280760434795e-09,1.0640846730873803,OK
ANs,2026-06-01 21:04:12,5.509299115551791,0.039905876864758,1.5259749824501695e-09,1.1345736954997194,OK
ANs,2026-06-01 21:05:12,5.313263111949119,0.0389677682633085,1.4905753249861923e-09,1.208178793723139,OK
ANs,2026-06-01 21:06:12,5.272318168652082,0.038958241837354,1.4899929033909052e-09,1.116612109188592,OK
ANs,2026-06-01 21:07:12,5.442619940188307,0.0382792913992292,1.4641126917439286e-09,1.154836146183173,OK
ANs,2026-06-01 21:08:12,5.452784293260222,0.0383657718158564,1.4671058379940775e-09,1.1831631213843825,OK
ANs,2026-06-01 21:09:13,5.875171441671819,0.0399471377269746,1.5276950836826255e-09,1.1425998157453414,OK
ANs,2026-06-01 21:10:13,5.895531514774845,0.0395478874894725,1.5119827822267526e-09,1.162976471816886,OK
ANs,2026-06-01 21:11:13,5.970076507006871,0.0398268212136632,1.5230322321333092e-09,1.1478209041202287,OK
ANs,2026-06-01 21:12:13,6.008987257959752,0.0383917421897327,1.4681871394795476e-09,1.174590613358901,OK
ANs,2026-06-01 21:13:12,5.958403104520096,0.0367449802059179,1.405275364408285e-09,1.1480446208891426,OK
ANs,2026-06-01 21:14:12,5.63725770813976,0.0391654614579894,1.4975442115331901e-09,1.2924242108346549,OK
ANs,2026-06-01 21:15:12,5.871373621483025,0.0375023074964215,1.4340546298151131e-09,1.2654387364944415,OK
ANs,2026-06-01 21:16:12,5.805512344716595,0.0375977388811504,1.4374537674892803e-09,1.1736411680993883,OK
ANs,2026-06-01 21:17:12,5.820244393300759,0.0374937151488952,1.4333990816797675e-09,1.1401517494706963,OK
ANs,2026-06-01 21:18:12,6.056287247830561,0.0366538359749996,1.4010334255982775e-09,1.2031982119293647,OK
ANs,2026-06-01 21:19:12,5.937986168350459,0.0371336603762238,1.4191621093082814e-09,1.1990956669534207,OK
ANs,2026-06-01 21:20:13,5.651136487912478,0.036326111408732,1.388758837604527e-09,1.1906820405339338,OK
ANs,2026-06-01 21:21:13,4.900682856106421,0.0353011509046423,1.3499402588696491e-09,1.1313002912839256,OK
ANs,2026-06-01 21:22:13,3.994077474170495,0.0338174825903319,1.2932274495163383e-09,1.123337570492251,OK
ANs,2026-06-01 21:23:12,4.151581632069371,0.0351843477629117,1.3457165465900351e-09,1.1636872319030338,OK
ANs,2026-06-01 21:24:12,3.789807476830217,0.033202942357625,1.2696402974981332e-09,1.0709439799165243,OK
ANs,2026-06-01 21:25:12,3.468878328685149,0.0319208589745031,1.2208962779637315e-09,1.1882407064011984,OK
ANs,2026-06-01 21:26:12,3.5661309001849464,0.0330709427130669,1.2650449877613115e-09,1.0565540255145611,OK
ANs,2026-06-01 21:27:12,4.17157265425814,0.0340385761220397,1.3019350214125971e-09,1.1677416801364942,OK
ANs,2026-06-01 21:28:12,3.204158631626724,0.0320783021951414,1.2267944612740216e-09,1.0668291060668924,OK
ANs,2026-06-01 21:29:12,3.450931554930192,0.0334748897514716,1.2797512753356904e-09,1.1647341077329578,OK
ANs,2026-06-01 21:30:12,3.5030088553373515,0.0328047443594488,1.254231849092383e-09,1.201534501356175,OK
ANs,2026-06-01 21:31:13,3.572873488676702,0.0328733208330687,1.256949636562345e-09,1.0795469150826849,OK
ANs,2026-06-01 21:32:13,3.2646100264501743,0.0339706352201474,1.29847051483612e-09,1.0788548180038475,OK
ANs,2026-06-01 21:33:13,3.1838595116012898,0.0335258963834964,1.2815685076142692e-09,1.108456144395625,OK
ANs,2026-06-01 21:34:12,3.268662799951145,0.0357016350517944,1.3652261230180091e-09,1.1233041585297208,OK
ANs,2026-06-01 21:35:12,3.2244864783286435,0.0332489570724564,1.271388321840601e-09,1.1078345766297717,OK
ANs,2026-06-01 21:36:12,3.1250383448613333,0.0337524488307907,1.2907101651673314e-09,1.084230830958446,OK
ANs,2026-06-01 21:37:12,3.0155616465396378,0.0354438530188384,1.3554252273161463e-09,1.1421237811776828,OK
ANs,2026-06-01 21:38:12,2.984005770970125,0.0356319627077637,1.3625198345747518e-09,1.148995265102982,OK
ANs,2026-06-01 21:39:12,2.9609159282427373,0.0341607646187223,1.306375568259222e-09,1.0721980995692073,OK
ANs,2026-06-01 21:40:12,3.0320506625001777,0.0348986784968943,1.3340961481691807e-09,1.1050574266139612,OK
ANs,2026-06-01 21:41:12,3.0087548135787863,0.0351866478900539,1.345810205878554e-09,1.022537188218017,OK
ANs,2026-06-01 21:42:13,3.086158953133414,0.0350066057898249,1.338895324542005e-09,1.0618087679361854,OK
ANs,2026-06-01 21:43:13,3.1952059986330386,0.0352138392161634,1.3464462215131803e-09,1.1332911552793157,OK
ANs,2026-06-01 21:44:13,3.3860176541205487,0.0363884322217205,1.391220044032452e-09,1.0390611635372968,OK
ANs,2026-06-01 21:45:12,3.4111758148500746,0.0381061255816454,1.4573289695278901e-09,1.0497638280779786,OK
ANs,2026-06-01 21:46:12,3.330434215519771,0.0358335674624187,1.3703558491171616e-09,1.0770739898303996,OK
ANs,2026-06-01 21:47:12,3.461409870929786,0.0363181599323232,1.3890702443244112e-09,1.042273742435707,OK
ANs,2026-06-01 21:48:12,3.5254624437713216,0.0364265855264207,1.3929811533957526e-09,1.1174856189255726,OK
ANs,2026-06-01 21:49:12,3.308835129007657,0.0374678934237292,1.4321155617272655e-09,1.0359310533843005,OK
ANs,2026-06-01 21:50:12,3.368556053571789,0.0378989529987999,1.4484993676836532e-09,1.0760468539506172,OK
ANs,2026-06-01 21:51:12,3.848074444956757,0.0392648892848333,1.5010634902733607e-09,1.116736950312501,OK
ANs,2026-06-01 21:52:11,4.196020102591231,0.0386558421896235,1.4778412219676222e-09,1.06198063928023,OK
ANs,2026-06-01 21:56:18,3.646676287415641,0.0387684650586844,1.4830619035545496e-09,1.0869482869889877,OK
ANs,2026-06-01 21:57:13,3.468723893431645,0.0368782221913026,1.4104718796096341e-09,1.0154781714099812,OK
ANs,2026-06-01 21:58:13,3.4782941514188663,0.0369899959318797,1.4143533493923287e-09,1.0369167360660905,OK
ANs,2026-06-01 21:59:13,3.365403827426108,0.0355258555076412,1.3591241407555906e-09,1.03900350475774,OK
ANs,2026-06-01 22:00:13,3.1775333854606225,0.0375912369862173,1.4377424007156779e-09,1.0536886262355978,OK
ANs,2026-06-01 22:01:13,3.1879186127983123,0.0384256990179024,1.4695307086558551e-09,1.0476842241229272,OK
ANs,2026-06-01 22:02:13,3.199008026075855,0.0354729320188975,1.356869240521684e-09,1.0286041842114315,OK
ANs,2026-06-01 22:03:13,3.1794943998827523,0.0365652163627042,1.3986382833489044e-09,1.0688421927173333,OK
ANs,2026-06-01 22:04:13,3.5701274124304194,0.0373531898183485,1.428536261917851e-09,1.1320940117526284,OK
ANs,2026-06-01 22:05:13,4.052406595439893,0.0376537353381362,1.439738884511927e-09,1.157813521535271,OK
ANs,2026-06-01 22:06:13,4.8091025426524086,0.038240558745859,1.461888219806679e-09,1.0571052531834564,OK
ANs,2026-06-01 22:07:13,4.867458141585519,0.0377030234685903,1.4418733276737455e-09,1.098681697994709,OK
ANs,2026-06-01 22:08:13,5.230746294771995,0.0371837250186847,1.421712292520638e-09,1.1042369754516557,OK
ANs,2026-06-01 22:09:13,5.250253028687123,0.0384676716271145,1.4712871630689463e-09,1.084577920103541,OK
ANs,2026-06-01 22:10:13,5.379619032541364,0.0386528247019418,1.4784148412042661e-09,1.1471697090897035,OK
ANs,2026-06-01 22:11:13,5.143129414632932,0.0368619514075817,1.4098195247332664e-09,1.1629731608902762,OK
ANs,2026-06-01 22:12:13,4.460051590094733,0.0343047714800199,1.312034604117866e-09,1.0641987247492988,OK
ANs,2026-06-01 22:13:13,4.427174142815482,0.0359043307065104,1.372728708315432e-09,1.1912976373355606,OK
ANs,2026-06-01 22:14:13,4.640369405279054,0.0356521658995608,1.3629910719341723e-09,1.1413294784172834,OK
ANs,2026-06-01 22:15:13,4.469522634150817,0.0373684157027541,1.4289012731073166e-09,1.1486215260359074,OK
ANs,2026-06-01 22:16:13,4.253603092733305,0.0336787709998006,1.287531581921124e-09,1.178469848010368,OK
ANs,2026-06-01 22:17:13,4.309518203754819,0.0348638153275725,1.3331472808273276e-09,1.126657993953193,OK
ANs,2026-06-01 22:18:13,4.755786172585914,0.0346549669155532,1.325425799473116e-09,1.144448577752509,OK
ANs,2026-06-01 22:19:13,4.776975848440026,0.0357893466663793,1.3684796434591763e-09,1.221454406035898,OK
ANs,2026-06-01 22:20:13,4.7682332271676655,0.0354755687969625,1.3568091859352956e-09,1.1892887532525922,OK
ANs,2026-06-01 22:21:13,4.877751898607575,0.0358307107292838,1.3703442335871286e-09,1.1238827339855766,OK
ANs,2026-06-01 22:22:13,5.1930240931311324,0.0361669804177429,1.3829311346297572e-09,1.203724406772147,OK
ANs,2026-06-01 22:23:13,5.35161678245766,0.0370247602652755,1.415970150775079e-09,1.186498406642876,OK
ANs,2026-06-01 22:24:13,5.418966245849152,0.0363525505951765,1.38992133520014e-09,1.2088810730261472,OK
ANs,2026-06-01 22:25:13,5.588473563999845,0.0375754190826262,1.4362903930624171e-09,1.221251837151031,OK
ANs,2026-06-01 22:26:13,5.565152150267607,0.037184110660274,1.4215948008325272e-09,1.2774974219734736,OK
ANs,2026-06-01 22:27:13,5.396538513558728,0.0349672997518489,1.3368333419524775e-09,1.1377504277143389,OK
ANs,2026-06-01 22:28:13,5.233856352965234,0.0355540783365695,1.35914977859117e-09,1.2206590434664135,OK
ANs,2026-06-01 22:29:13,5.520912539602093,0.0374237772319729,1.4306239835294812e-09,1.2834984104169078,OK
ANs,2026-06-01 22:30:13,5.795057021774376,0.0371537900762142,1.420502994263819e-09,1.2421851144496387,OK
ANs,2026-06-01 22:31:13,5.724261763506329,0.0379785064578538,1.4522826729102726e-09,1.2837218490401787,OK
ANs,2026-06-01 22:32:13,5.633767633464086,0.0374476365117078,1.4320374645329392e-09,1.2218749493428671,OK
ANs,2026-06-01 22:33:13,5.658971220608456,0.0370602994760835,1.4171862225281351e-09,1.253918758977681,OK
ANs,2026-06-01 22:34:13,5.745961388252804,0.038238159707222,1.462413362588021e-09,1.2808782751259271,OK
ANs,2026-06-01 22:35:13,5.837946080930668,0.0383928626826568,1.4683467191117514e-09,1.2401992916746518,OK
ANs,2026-06-01 22:36:13,6.274162522816545,0.0401348594345478,1.5348694599287779e-09,1.265081949600144,OK
ANs,2026-06-01 22:37:13,6.596297142184749,0.0398682379148723,1.5244724912093734e-09,1.2894316093271427,OK
ANs,2026-06-01 22:38:13,6.814874268455316,0.0409392668996491,1.565329673011849e-09,1.3244104535821473,OK
ANs,2026-06-01 22:39:13,6.964180016193844,0.043583259240529,1.6666194947983827e-09,1.237297624026886,OK
ANs,2026-06-01 22:40:13,7.843821767691914,0.0430294620306944,1.6452498040513623e-09,1.2494299204406556,OK
ANs,2026-06-01 22:41:13,7.420311084695337,0.0444800280764349,1.7005296843019703e-09,1.402297247839675,OK
ANs,2026-06-01 22:42:13,7.129909686818075,0.0438013016484741,1.6743996956937402e-09,1.2209084406163968,OK
ANs,2026-06-01 22:43:13,7.815018326623387,0.043254869820357,1.6536592361232882e-09,1.240054557851404,OK
ANs,2026-06-01 22:44:13,7.992134809052595,0.0460487591933248,1.7608953288099781e-09,1.2551340880034845,OK
ANs,2026-06-01 22:45:13,7.043856112655747,0.0431571179744992,1.6508352696363192e-09,1.2707172577296453,OK
ANs,2026-06-01 22:46:13,7.428527695538965,0.0437066074536982,1.67174445568985e-09,1.335455960141293,OK
ANs,2026-06-01 22:47:13,6.716831026181346,0.0437437539390271,1.6728542116911224e-09,1.2568156645291977,OK
ANs,2026-06-01 22:48:13,5.742730371087476,0.040868611499262,1.5626821799126599e-09,1.2062325591389893,OK
ANs,2026-06-01 22:49:13,6.362613691359793,0.042097263517722,1.6100059510095246e-09,1.2639801164508526,OK
ANs,2026-06-01 22:50:13,6.188002156673061,0.041294621896609,1.579415081281451e-09,1.1426263114616648,OK
ANs,2026-06-01 22:51:13,6.183199321732268,0.0426812110351562,1.6324179827315362e-09,1.2021572078451244,OK
ANs,2026-06-01 22:52:12,6.252674913068092,0.0427937189154505,1.636073918305968e-09,1.1428436318145112,OK
ANs,2026-06-01 22:55:15,6.093434390285948,0.0428684955260291,1.639111206604944e-09,1.1884161961264263,OK
ANs,2026-06-01 22:56:14,5.525224340509165,0.0429887154189938,1.6439476391859671e-09,1.168356632417438,OK
ANs,2026-06-01 22:57:14,5.357864769856641,0.0411323606853802,1.5727332733629496e-09,1.1052492976462114,OK
ANs,2026-06-01 22:58:14,5.493596892642636,0.041083231857984,1.5704695449918266e-09,1.2273628491814572,OK
ANs,2026-06-01 22:59:14,5.518743717927988,0.0400772444850353,1.5322173409204966e-09,1.1137023220990396,OK
ANs,2026-06-01 23:00:14,5.509766131287487,0.0406973912425262,1.5560132112811391e-09,1.22535878697766,OK
ANs,2026-06-01 23:01:14,5.4715712188880525,0.041146155798284,1.5733227685824079e-09,1.1891798139934897,OK
ANs,2026-06-01 23:02:14,5.347948787473312,0.0404256427342032,1.545783371997131e-09,1.1391133503837003,OK
ANs,2026-06-01 23:03:13,5.212692015224015,0.0392792604230445,1.5018252350912514e-09,1.1850592019926312,OK
ANs,2026-06-01 23:04:13,5.313953572546317,0.0384490919385893,1.4702734289005247e-09,1.16658432982306,OK
ANs,2026-06-01 23:05:13,5.4003008875740015,0.041344988285779,1.580738998368386e-09,1.2054262457439746,OK
ANs,2026-06-01 23:06:13,5.361137936024703,0.0394737763620706,1.509529321995774e-09,1.1777414143171023,OK
ANs,2026-06-01 23:07:14,5.838489987360813,0.0401224663603213,1.5347882074924155e-09,1.1836344507208796,OK
ANs,2026-06-01 23:08:14,5.829730043543786,0.0385185858717214,1.4732915161881383e-09,1.2599917404523748,OK
ANs,2026-06-01 23:09:14,6.502487166565625,0.0411421313317964,1.5733662386287022e-09,1.267201681295796,OK
ANs,2026-06-01 23:10:14,5.7388094381822805,0.03994947684133,1.527496326066328e-09,1.2512405284807977,OK
ANs,2026-06-01 23:11:14,5.148766571672444,0.0369785530382874,1.4135756459373951e-09,1.1346556625481168,OK
ANs,2026-06-01 23:12:14,5.1172643355975085,0.0371138681712619,1.4189480096683444e-09,1.1240787422390808,OK
ANs,2026-06-01 23:13:13,5.816308505337663,0.0391708767588691,1.4972036467450564e-09,1.2278788942472745,OK
ANs,2026-06-01 23:14:13,6.419753921189924,0.0409561060693631,1.5652427157568079e-09,1.2776709410390918,OK
ANs,2026-06-01 23:15:13,4.08014040109066,0.0355036091667377,1.357045066122117e-09,1.186928730684915,OK
ANs,2026-06-01 23:16:13,5.447779063774365,0.0400004018312246,1.5290908147993303e-09,1.3312703521235143,OK
ANs,2026-06-01 23:17:13,4.813801630224145,0.0374412842068664,1.4314090651438395e-09,1.280386076769577,OK
ANs,2026-06-01 23:18:14,4.745927378083231,0.0353446589577526,1.351910787749231e-09,1.158907754697302,OK
ANs,2026-06-01 23:19:14,5.050417509989535,0.0361517259734045,1.3827902404271674e-09,1.2591755731531784,OK
ANs,2026-06-01 23:20:14,6.116503779689809,0.0393663838186972,1.5053779830222495e-09,1.319953746802906,OK
ANs,2026-06-01 23:21:14,7.159739922740449,0.0405196663840868,1.5492186652329395e-09,1.3001125324336753,OK
ANs,2026-06-01 23:22:14,7.968127246011,0.0432780550083431,1.6546084430265923e-09,1.316442385440162,OK
ANs,2026-06-01 23:23:14,8.772485074026335,0.045171579316834,1.7266782863586063e-09,1.3417656879534308,OK
ANs,2026-06-01 23:24:13,10.112628582957132,0.0500679239025506,1.9136215092943448e-09,1.5029447539239558,Unstable
ANs,2026-06-01 23:25:13,10.1088843174661,0.0479351743310723,1.8320867389151326e-09,1.4455852806610172,OK
ANs,2026-06-01 23:26:13,9.80456839864014,0.0477710646363321,1.826124256127189e-09,1.3942377173720275,OK
ANs,2026-06-01 23:27:13,9.24399725790792,0.045091715177724,1.7237448722923051e-09,1.3813559472718353,OK
ANs,2026-06-01 23:28:14,8.924427341286261,0.0460686346229576,1.761226042221919e-09,1.4378727566199483,OK
ANs,2026-06-01 23:29:14,9.53646997385523,0.0466600330284836,1.7840668486971106e-09,1.3943992143521242,OK
ANs,2026-06-01 23:30:14,10.045521325989828,0.0480057636208769,1.835556994887565e-09,1.4438369134092734,OK
ANs,2026-06-01 23:31:14,10.277468501254283,0.0500295051031904,1.913129179647812e-09,1.3742800533259825,OK
ANs,2026-06-01 23:32:14,10.014559513104116,0.0484672068761746,1.8529146859583742e-09,1.400536290346554,OK
ANs,2026-06-01 23:33:14,10.425325683320535,0.0498242325345998,1.90450645727246e-09,1.4712544402667478,OK
ANs,2026-06-01 23:34:14,11.039951710279569,0.0511687291175277,1.955355720433933e-09,1.4210571660231677,OK
ANs,2026-06-01 23:35:13,10.638711708734702,0.052635437779136,2.011492217602033e-09,1.5554590944750664,Unstable
ANs,2026-06-01 23:36:13,9.609865140584915,0.0482541319027365,1.843869678030489e-09,1.338180081553718,OK
ANs,2026-06-01 23:37:13,10.327165592359252,0.0504294530419017,1.927561438568233e-09,1.455831988374665,OK
ANs,2026-06-01 23:38:13,11.025782309150433,0.0533749414487203,2.040880745537982e-09,1.4020231492219128,OK
ANs,2026-06-01 23:39:14,11.084346907490543,0.0522897959419053,1.999590934369282e-09,1.4090454200260638,OK
ANs,2026-06-01 23:40:14,10.561107774550162,0.0517795886736432,1.980336461961338e-09,1.4151562223749734,OK
ANs,2026-06-01 23:41:14,10.308526475963834,0.0519519672894376,1.987223451709819e-09,1.4401129663614605,OK
ANs,2026-06-01 23:42:14,10.42936737195416,0.0505770736262835,1.934455627758492e-09,1.417050683671121,OK
ANs,2026-06-01 23:43:14,10.318924712231276,0.0519790918894322,1.9879855616560887e-09,1.4178559173923857,OK
ANs,2026-06-01 23:44:14,10.532610660082302,0.0520138490767736,1.988942490740573e-09,1.413222137686245,OK
ANs,2026-06-01 23:45:13,9.544908290748944,0.0500317232501855,1.913407484203707e-09,1.310058645568888,OK
ANs,2026-06-01 23:46:13,9.43694373493663,0.0490099492886978,1.874131094611357e-09,1.3672000942812828,OK
ANs,2026-06-01 23:47:13,9.788833145585302,0.0495270885927548,1.893403856420542e-09,1.3230570097267758,OK
ANs,2026-06-01 23:48:13,10.50814568721037,0.0528565518107961,2.0205682521545078e-09,1.397945873738988,OK
ANs,2026-06-01 23:49:13,10.28434815775134,0.0520930581722094,1.9907395154079643e-09,1.3936692261893733,OK
ANs,2026-06-01 23:50:14,9.54471159419079,0.0510295594334737,1.949933686300427e-09,1.3779716817917642,OK
ANs,2026-06-01 23:51:14,9.369013199453178,0.0503377647771273,1.9241695207514803e-09,1.3671098133328972,OK
ANs,2026-06-01 23:52:13,8.529311224524925,0.0482395493106446,1.8443857785825674e-09,1.399283061038748,OK
ANs,2026-06-01 23:55:16,8.094022881919484,0.0466656545656286,1.7841120989969027e-09,1.2292459989539295,OK
ANs,2026-06-01 23:56:14,8.078910723447779,0.0480585591071282,1.8378131941948647e-09,1.298433826136336,OK
ANs,2026-06-01 23:57:14,8.089261283877768,0.0474097441809069,1.8126170030675678e-09,1.2465884635252371,OK
ANs,2026-06-01 23:58:14,8.059155799012172,0.0489877433659903,1.8731551268503136e-09,1.2611035080813768,OK
ANs,2026-06-01 23:59:14,7.849855120792718,0.0475491430873677,1.818227510572505e-09,1.2294941824281953,OK
PNs,2026-06-01 00:00:00,12.736244783713758,0.0583905719623004,1.5161864970381155e-09,0.9004429375295874,OK
PNs,2026-06-01 00:01:00,12.927855932418275,0.0612851439151643,1.591321636308725e-09,0.9108775028800364,OK
PNs,2026-06-01 00:01:59,12.167828889675118,0.0572239062027261,1.4853769663111567e-09,0.8955135855467321,OK
PNs,2026-06-01 00:02:59,11.01508572057499,0.0570143901010543,1.4800105339106e-09,0.893075828043383,OK
PNs,2026-06-01 00:03:59,9.440232482522951,0.0536195199653809,1.3923904317837995e-09,0.9110002150084298,OK
PNs,2026-06-01 00:04:59,9.97021998404365,0.0542376377425073,1.4076276491688056e-09,0.9116181782290784,OK
PNs,2026-06-01 00:05:59,10.8581503797864,0.0552284693821855,1.4329394707654464e-09,0.8964665309904829,OK
PNs,2026-06-01 00:06:59,11.035007056349825,0.0553740140071517,1.4364428227012212e-09,0.9077973368896796,OK
PNs,2026-06-01 00:07:59,11.1868439772419,0.0580475865514931,1.5057860059643041e-09,0.9462644360788894,OK
PNs,2026-06-01 00:09:00,11.067835773930543,0.0542947232691693,1.4078682665072398e-09,0.9080544936383138,OK
PNs,2026-06-01 00:10:00,11.278747474716477,0.0548982296943268,1.423771162640624e-09,0.937821644328258,OK
PNs,2026-06-01 00:11:00,12.17336772101512,0.0574210951329639,1.4891435317259096e-09,0.9047378074654456,OK
PNs,2026-06-01 00:12:00,12.2608100334135,0.055334942034511,1.4350863648853802e-09,0.909625211941704,OK
PNs,2026-06-01 00:12:59,11.956108494260834,0.0560289229222885,1.4531285255183119e-09,0.8566506718781997,OK
PNs,2026-06-01 00:13:59,11.670387832997266,0.0546713647856793,1.4181047608241964e-09,0.8967161519258559,OK
PNs,2026-06-01 00:14:59,11.924825806809071,0.0556756769900644,1.4438668006602e-09,0.8280702491445306,OK
PNs,2026-06-01 00:15:59,11.36025922811274,0.0508047436768632,1.3174613694556995e-09,0.8680630426523339,OK
PNs,2026-06-01 00:16:59,11.769718280392068,0.0555447611828212,1.4400928092060611e-09,0.8938006088524905,OK
PNs,2026-06-01 00:17:59,11.384995435086184,0.0555338185996291,1.440079142976748e-09,0.8749930080862741,OK
PNs,2026-06-01 00:19:00,11.42533400730112,0.0552969187078626,1.4337288838580024e-09,0.884441897594299,OK
PNs,2026-06-01 00:20:00,10.9633784172295,0.0522010278283102,1.3531741755342392e-09,0.8780102153741465,OK
PNs,2026-06-01 00:21:00,10.445224892345587,0.0523370342652711,1.356778116847217e-09,0.8788146794358602,OK
PNs,2026-06-01 00:22:00,10.76383545179506,0.052808602250354,1.368819818430139e-09,0.9037546096227967,OK
PNs,2026-06-01 00:22:59,10.61531715371136,0.0510565659518229,1.3235815261479319e-09,0.8790657921238635,OK
PNs,2026-06-01 00:23:59,10.631936240411806,0.0535204211004836,1.3867479870117043e-09,0.92420314328185,OK
PNs,2026-06-01 00:24:59,10.70900507958196,0.0546477107968472,1.416068672637176e-09,0.948122137763999,OK
PNs,2026-06-01 00:25:59,10.975545563493949,0.0529171663494483,1.3704813722314532e-09,0.8867627832537157,OK
PNs,2026-06-01 00:26:59,10.82627497009455,0.0526533412404556,1.3638536578490731e-09,0.9088751756729284,OK
PNs,2026-06-01 00:27:59,10.154680447051286,0.0531485807576233,1.376553248487044e-09,0.9623257097315432,OK
PNs,2026-06-01 00:28:59,9.893001147769342,0.0531720934594211,1.377125968363019e-09,0.9150674449892178,OK
PNs,2026-06-01 00:30:00,9.104620646106495,0.0521422046335268,1.3499725818837146e-09,0.9976926275193744,OK
PNs,2026-06-01 00:31:00,9.929787815391077,0.0527052215050559,1.3646184068707666e-09,0.922686710235368,OK
PNs,2026-06-01 00:32:00,9.72849091977682,0.0538309653107535,1.3935393560073704e-09,0.9529617405794472,OK
PNs,2026-06-01 00:33:00,8.859796329665034,0.0523360892519368,1.3544081836353151e-09,1.0192497338600284,OK
PNs,2026-06-01 00:33:59,9.05859576045889,0.0511663086787769,1.324181325453078e-09,0.9184765024677756,OK
PNs,2026-06-01 00:34:59,8.250954958733297,0.0491742629403543,1.2723279526497286e-09,0.9495503366411456,OK
PNs,2026-06-01 00:35:59,7.05123998377153,0.0491380037104264,1.2715198248193898e-09,0.9372893248018408,OK
PNs,2026-06-01 00:36:59,7.515617964155971,0.0522760085556844,1.3524178977565012e-09,0.9930729409152272,OK
PNs,2026-06-01 00:37:59,7.687544002234054,0.049962633326025,1.2927192710294851e-09,0.965622266296929,OK
PNs,2026-06-01 00:38:59,7.4775683215896676,0.0503509554011259,1.3033589005332143e-09,0.9443391076885004,OK
PNs,2026-06-01 00:39:59,6.940855785949013,0.0493096566158718,1.2752156117538584e-09,0.9489568228719576,OK
PNs,2026-06-01 00:41:00,6.474865491638523,0.049151348276778,1.2714108575513702e-09,1.0245572970524794,OK
PNs,2026-06-01 00:42:00,6.207006437454307,0.0481921019163277,1.247399629101599e-09,0.9717600863492152,OK
PNs,2026-06-01 00:43:00,6.50258000891162,0.0484654216856547,1.2540828787170632e-09,0.9699027033633872,OK
PNs,2026-06-01 00:43:59,5.937372383497486,0.0504594932065856,1.3058383581812102e-09,0.9881024684199572,OK
PNs,2026-06-01 00:44:59,5.617820818131737,0.0508593223217383,1.3169107394228074e-09,1.011142880533613,OK
PNs,2026-06-01 00:45:59,5.647371939424408,0.0490805653707188,1.2709274481145163e-09,1.0010945690585438,OK
PNs,2026-06-01 00:46:59,4.938193462096265,0.0499239848399707,1.2922933936441027e-09,1.0693698421804203,OK
PNs,2026-06-01 00:47:59,5.038013399163062,0.0496764983649479,1.285299945123491e-09,0.9611724516659808,OK
PNs,2026-06-01 00:48:59,4.661668511207037,0.046428825795919,1.201503561492169e-09,0.9775019182740476,OK
PNs,2026-06-01 00:49:59,3.7006137632777656,0.0489773708997341,1.268301637025257e-09,1.0584015543180054,OK
PNs,2026-06-01 00:51:00,3.711668140218231,0.0465534671985108,1.204985996037592e-09,0.9476785160165306,OK
PNs,2026-06-01 00:51:47,3.727206548674306,0.0508333534815476,1.316266559043085e-09,1.1139665065459603,OK
PNs,2026-06-01 00:55:25,3.438529191848746,0.0840522843723283,2.1801093217253996e-09,0.9718675103830058,OK
PNs,2026-06-01 00:56:00,3.568744266842448,0.0455192138074192,1.18036557112839e-09,1.0414765461050777,OK
PNs,2026-06-01 00:57:00,3.428560479446786,0.0449984270611357,1.16649477578786e-09,0.9922818587140164,OK
PNs,2026-06-01 00:58:00,3.335144177488463,0.0437762050733768,1.134655306235285e-09,1.010423931274051,OK
PNs,2026-06-01 00:59:00,3.23535178712696,0.0460529771941326,1.1936963204628132e-09,1.076493189716154,OK
PNs,2026-06-01 01:00:00,3.034642312500364,0.044107243106,1.1423680276523952e-09,1.0589272364776576,OK
PNs,2026-06-01 01:01:00,3.170156322815514,0.0428446494926329,1.1093483025815496e-09,1.1150690870393247,OK
PNs,2026-06-01 01:02:00,3.132743434541079,0.0429212288713081,1.1113604101235875e-09,1.0391160308446914,OK
PNs,2026-06-01 01:03:00,2.997236526318595,0.0408736814160878,1.0594717664120008e-09,1.0104328915436265,OK
PNs,2026-06-01 01:04:00,3.112807354850762,0.0429509634371411,1.1127482828446407e-09,1.0336865709204452,OK
PNs,2026-06-01 01:05:00,3.2135917586154523,0.0427485037123296,1.107533180884482e-09,1.0494492683005834,OK
PNs,2026-06-01 01:06:00,3.4350162519300835,0.042308070805289,1.0956146182069667e-09,1.0732268671385203,OK
PNs,2026-06-01 01:07:00,3.34492633635714,0.0415563787106612,1.0771012948306792e-09,1.034493577987472,OK
PNs,2026-06-01 01:08:00,3.333971194592692,0.0410779024054351,1.0649438869949275e-09,1.0610587370726257,OK
PNs,2026-06-01 01:09:00,3.3723145442816453,0.0415351881422643,1.076850044657091e-09,1.0748869429929255,OK
PNs,2026-06-01 01:10:00,3.3395995251572024,0.0412451296582686,1.0691985009524887e-09,0.9936409060533892,OK
PNs,2026-06-01 01:11:00,3.4277587358299426,0.0406796459820141,1.0544151094860902e-09,1.0900769022540386,OK
PNs,2026-06-01 01:12:00,3.2332160612732657,0.0384932297466421,9.981079885506147e-10,1.0024169022619582,OK
PNs,2026-06-01 01:13:00,3.0868264602238638,0.0393595722883865,1.020513185699632e-09,1.0143700224720729,OK
PNs,2026-06-01 01:14:00,3.173369030331946,0.0406065766599006,1.053451217083378e-09,1.0617371640059796,OK
PNs,2026-06-01 01:15:00,3.227618679832495,0.0390214189428071,1.0107352960931843e-09,1.0244120860677228,OK
PNs,2026-06-01 01:16:00,3.291675958514355,0.0397995841080526,1.0318926271291075e-09,1.0381040308175231,OK
PNs,2026-06-01 01:17:00,3.297018091677436,0.0425937356072834,1.104641998835268e-09,1.0296091681963873,OK
PNs,2026-06-01 01:18:00,3.095277541791095,0.0390972924031506,1.0132852495670324e-09,0.9819691396013102,OK
PNs,2026-06-01 01:19:00,3.0635347752666187,0.0403450130395084,1.0465268048144864e-09,1.0477275392047003,OK
PNs,2026-06-01 01:20:00,3.0675132192110053,0.0382895461166755,9.934850787115143e-10,1.019149950270619,OK
PNs,2026-06-01 01:21:00,3.1104667952162663,0.0395064658840163,1.0258095010515387e-09,1.0635735156662067,OK
PNs,2026-06-01 01:22:00,3.135805675976311,0.0399616120856183,1.0378255451933804e-09,1.1050583587622382,OK
PNs,2026-06-01 01:23:00,3.0452882442434754,0.0405567344410088,1.053094773570508e-09,1.0116898741999985,OK
PNs,2026-06-01 01:24:00,3.026739103117849,0.0403948620834213,1.0489245896376088e-09,1.0426627843503349,OK
PNs,2026-06-01 01:25:00,3.004514355440344,0.0426301748767411,1.107513495674258e-09,1.0599470882226751,OK
PNs,2026-06-01 01:26:00,2.994594587430497,0.0404178749457501,1.050904395415949e-09,1.0518552836595534,OK
PNs,2026-06-01 01:27:00,2.877313798295482,0.0402317572111159,1.0453724502734695e-09,1.0453027379480824,OK
PNs,2026-06-01 01:28:00,2.841132005712077,0.0373273689203796,9.705664194076002e-10,0.9928122077978692,OK
PNs,2026-06-01 01:29:00,2.7891248023798165,0.0409167344871267,1.0631880705029227e-09,1.0614386431596403,OK
PNs,2026-06-01 01:30:00,2.8928631590442047,0.0399773241706108,1.0395154671713312e-09,1.0947279258755729,OK
PNs,2026-06-01 01:31:00,2.7624213786371543,0.0403417380748036,1.049174788655624e-09,0.9304156843248984,OK
PNs,2026-06-01 01:32:00,2.826020446252373,0.0413139914389854,1.0743948745620115e-09,0.957206147790954,OK
PNs,2026-06-01 01:33:00,2.751923463076785,0.0418147566456655,1.0864417483039414e-09,1.005915055843869,OK
PNs,2026-06-01 01:34:00,2.565483821601127,0.0423470670063312,1.1014237631951192e-09,0.9409597189804496,OK
PNs,2026-06-01 01:35:00,2.475626100273636,0.0431371818925797,1.1225316547955155e-09,0.9749791001496592,OK
PNs,2026-06-01 01:36:00,2.598978858585443,0.0435737191431202,1.1324826702015596e-09,0.989775227749266,OK · STEP_LIMITED(NO2_sh)
PNs,2026-06-01 01:37:00,2.4249389612997208,0.0402717736752391,1.0476243024612652e-09,1.0033318573695391,OK
PNs,2026-06-01 01:38:00,2.508246939304063,0.0432409666882351,1.1244202070450716e-09,0.9505348329210956,OK
PNs,2026-06-01 01:39:00,2.490826652766239,0.0442132045002944,1.1503738250621544e-09,0.9366031863686692,OK
PNs,2026-06-01 01:40:00,2.4107373408949067,0.0425697747921265,1.1060812192523392e-09,1.0448913684931662,OK
PNs,2026-06-01 01:41:00,2.1616019493536296,0.0422214595118111,1.098625579838276e-09,0.9807504501445852,OK
PNs,2026-06-01 01:42:00,1.9602911423127212,0.0430061165655269,1.1173539737750223e-09,1.002752901453597,OK
PNs,2026-06-01 01:43:00,1.7461772151948491,0.0434834253517738,1.131072705127841e-09,1.079586124124814,OK
PNs,2026-06-01 01:44:00,1.656011206675909,0.0418024712453781,1.0884848518706372e-09,1.0237182839728076,OK
PNs,2026-06-01 01:45:00,1.5420958442530175,0.0433075535698452,1.1270177817417518e-09,0.9363649230682848,OK
PNs,2026-06-01 01:46:00,1.4845366674117726,0.0443209419855697,1.156004427409376e-09,1.0312983154830948,OK
PNs,2026-06-01 01:47:00,1.4472703185181068,0.0445144363267604,1.1582373162553542e-09,0.996983369533377,OK
PNs,2026-06-01 01:48:00,1.4360874693018766,0.0456805512561893,1.1882859606508123e-09,0.9122615175575812,OK
PNs,2026-06-01 01:49:00,1.4284706104755105,0.0437804259505641,1.1361611575885846e-09,1.000205151611202,OK
PNs,2026-06-01 01:50:00,1.4133675567609756,0.0429424878197971,1.1176537796994874e-09,0.970945719816306,OK · STEP_LIMITED(NO2_sh)
PNs,2026-06-01 01:51:00,1.167448139603349,0.0419949495432652,1.0967196675207824e-09,1.0283746542189895,OK · STEP_LIMITED(NO2_sh)
PNs,2026-06-01 01:51:49,0.8253841507990465,0.0488226018277403,1.2726608923494544e-09,1.014953166824666,Recovered
PNs,2026-06-01 01:54:22,0.6435539872579022,0.0582194656949198,1.5211392160402794e-09,0.9896352992958763,Recovered · AT_BOUND(NO2_sq)
PNs,2026-06-01 01:55:01,0.5982339198584812,0.0433744604129245,1.1276906145938301e-09,0.95102028110494,Recovered · STEP_LIMITED(NO2_sh)
PNs,2026-06-01 01:56:01,0.5267787046749423,0.043260067481987,1.1258380165120904e-09,0.9839520071754784,Recovered
PNs,2026-06-01 01:57:01,0.4580934596853501,0.0417374990777295,1.091192007965708e-09,0.9732733748631844,"Recovered · AT_BOUND(NO2_sh,NO2_sq)"
PNs,2026-06-01 01:58:01,0.5677343590266328,0.0402472268372805,1.0488618328749342e-09,1.03925681979357,Recovered · STEP_LIMITED(NO2_sh)
PNs,2026-06-01 01:59:01,0.3743994045717496,0.0426241449292975,1.1136298075153562e-09,1.0199668295311604,Recovered · AT_BOUND(NO2_sq)
PNs,2026-06-01 02:00:01,0.595012744458936,0.042939037266704,1.1215624709366803e-09,1.022781690421427,Recovered
PNs,2026-06-01 02:01:01,0.4358679644689587,0.042294315176194,1.1042939384912671e-09,0.9315364940221068,"Recovered · AT_BOUND(NO2_sh,NO2_sq)"
PNs,2026-06-01 02:02:01,0.4130023614601678,0.041856873837967,1.093602659126648e-09,1.0617633770493984,Recovered · AT_BOUND(NO2_sq)
PNs,2026-06-01 02:03:00,0.4171231934630385,0.0418456122870047,1.091134795692599e-09,0.948047844933326,"Recovered · AT_BOUND(NO2_sh,NO2_sq)"
PNs,2026-06-01 02:04:00,0.4329081250050448,0.0411052002498981,1.072666420154612e-09,1.0215488969819575,Recovered · AT_BOUND(NO2_sq)
PNs,2026-06-01 02:05:00,0.476540098746717,0.0411095795019445,1.0713979324673554e-09,1.0790076367232622,Recovered
PNs,2026-06-01 02:06:01,0.4581422884860648,0.0390194688811165,1.0112704415780355e-09,1.0029003080160497,Recovered · STEP_LIMITED(NO2_sh)
PNs,2026-06-01 02:07:01,0.4941086094697874,0.0380865881406755,9.92752922310847e-10,0.9579652295891228,"Recovered · AT_BOUND(NO2_sh,NO2_sq)"
PNs,2026-06-01 02:08:01,0.4382975796610033,0.038972001374261,1.0179636820190066e-09,0.9779602200843366,"Recovered · AT_BOUND(NO2_sh,NO2_sq)"
PNs,2026-06-01 02:09:01,0.4869847908220886,0.0395449636843351,1.0303533433328042e-09,1.023522642021601,Recovered
PNs,2026-06-01 02:10:01,0.5236623598090577,0.0387166640328588,1.0080819345827475e-09,1.0022119476247136,Recovered · STEP_LIMITED(NO2_sh)
PNs,2026-06-01 02:11:01,0.4959300324427262,0.0406900442031897,1.0564927654005942e-09,0.9977415268058974,Recovered · STEP_LIMITED(NO2_sh)
PNs,2026-06-01 02:12:01,0.4831213626076457,0.040725298584221,1.0620359506595995e-09,1.0823270062042478,Recovered · AT_BOUND(NO2_sq)
PNs,2026-06-01 02:13:01,0.5761704626272515,0.0376490477859977,9.802386488932684e-10,0.9471466044516896,Recovered
PNs,2026-06-01 02:14:00,0.4976848962429371,0.0375685258866492,9.811787688065763e-10,1.0112632668071817,"Recovered · AT_BOUND(NO2_sh,NO2_sq)"
PNs,2026-06-01 02:15:00,0.5488231573893066,0.0368638537654715,9.59625776978616e-10,0.9779554643678215,Recovered · STEP_LIMITED(NO2_sh)
PNs,2026-06-01 02:16:00,0.4403142853836581,0.0376979869258648,9.807250960817123e-10,1.028113752392193,Recovered
PNs,2026-06-01 02:17:01,0.5714192145390027,0.0359338885731228,9.37319612718353e-10,1.0526776918176617,"Recovered · AT_BOUND(NO2_sh,NO2_sq)"
PNs,2026-06-01 02:18:01,0.5804404098953426,0.0396463347885063,1.036245868049103e-09,1.0615785164696765,"Recovered · AT_BOUND(NO2_sh,NO2_sq)"
PNs,2026-06-01 02:19:01,0.3272063055923297,0.0389992995451409,1.0152958088806364e-09,0.9747883084289952,Recovered · STEP_LIMITED(NO2_sh)
PNs,2026-06-01 02:20:01,0.3740058356120522,0.0363396910586683,9.480368519699695e-10,1.0715365639000356,Recovered
PNs,2026-06-01 02:21:01,0.4007278549747867,0.0363932754390867,9.475666679460563e-10,1.0125402997809356,Recovered · STEP_LIMITED(NO2_sh)
PNs,2026-06-01 02:22:01,0.371891953089345,0.0386748267771028,1.0077864452920755e-09,1.0057128877731358,Recovered · AT_BOUND(NO2_sq)
PNs,2026-06-01 02:23:01,0.3572168534021909,0.0362230043737386,9.458903816438994e-10,1.0107167075840142,"Recovered · AT_BOUND(NO2_sh,NO2_sq)"
PNs,2026-06-01 02:24:00,0.3505592352330083,0.0372850650477691,9.71429632011709e-10,1.003721856099723,"Recovered · AT_BOUND(NO2_sh,NO2_sq)"
PNs,2026-06-01 02:25:00,0.3602035084908652,0.0351498024526884,9.113435731729821e-10,1.0039763747866872,Recovered
PNs,2026-06-01 02:26:00,0.3926865002938162,0.0366851969715936,9.544883330547007e-10,1.0338270216726344,Recovered
PNs,2026-06-01 02:27:01,0.5813956416484046,0.0356205090312372,9.23413115064255e-10,1.0328222473247837,Recovered · STEP_LIMITED(NO2_sh)
PNs,2026-06-01 02:28:01,0.4573554102376909,0.0377537966279165,9.76633512132584e-10,1.0290701193861398,Recovered · STEP_LIMITED(NO2_sh)
PNs,2026-06-01 02:29:01,0.4429004746799039,0.0356133294069499,9.267644518654767e-10,1.0036068567710503,"Recovered · AT_BOUND(NO2_sh,NO2_sq)"
PNs,2026-06-01 02:30:01,0.4898118318026031,0.0388104891541578,1.0109923684524144e-09,1.0058856222255173,Recovered · AT_BOUND(NO2_sq)
PNs,2026-06-01 02:31:01,0.3860730651555787,0.0365583431270525,9.535596329183635e-10,0.9932931970606094,Recovered · AT_BOUND(NO2_sq)
PNs,2026-06-01 02:32:01,0.3911503464534424,0.039907688566436,1.0433714578537651e-09,1.0602023432169638,"Recovered · AT_BOUND(NO2_sh,NO2_sq)"
PNs,2026-06-01 02:33:01,0.4116806806514898,0.0374266776130098,9.765231986053547e-10,1.083893334652951,"Recovered · AT_BOUND(NO2_sh,NO2_sq)"
PNs,2026-06-01 02:34:01,0.4012344932308441,0.0377099440313834,9.8468209599913e-10,1.0331234783505383,Recovered · AT_BOUND(NO2_sq)
PNs,2026-06-01 02:35:00,0.3661847751882652,0.0397963737614948,1.0332207650517772e-09,1.0119643301410477,Recovered · STEP_LIMITED(NO2_sh)
PNs,2026-06-01 02:36:00,0.6731666214060755,0.0391888904796129,1.0170258172193163e-09,1.0379493307167955,Recovered · STEP_LIMITED(NO2_sh)
PNs,2026-06-01 02:37:00,0.5442140790653737,0.040960774931361,1.0663803758980503e-09,1.0091299465708286,Recovered · AT_BOUND(NO2_sq)
PNs,2026-06-01 02:38:01,0.4034041605850763,0.0395715103888489,1.0321228113663668e-09,1.019042828986864,Recovered · AT_BOUND(NO2_sq)
PNs,2026-06-01 02:39:01,0.3078602177983182,0.0410111656366994,1.0673385382024735e-09,1.103565324790523,"Recovered · AT_BOUND(NO2_sh,NO2_sq)"
PNs,2026-06-01 02:40:01,0.299057908355359,0.0399739587258202,1.037741577487181e-09,0.9837329110764576,Recovered
PNs,2026-06-01 02:41:01,0.2841924768811912,0.0392120514854292,1.0203465854045834e-09,1.033861316409837,Recovered · AT_BOUND(NO2_sq)
PNs,2026-06-01 02:42:01,0.4359042038614574,0.0414098127158966,1.0785530479351695e-09,1.0384876365828135,Recovered · AT_BOUND(NO2_sq)
PNs,2026-06-01 02:43:01,0.4212622838375822,0.0416833203671999,1.0824313968141083e-09,1.063447402250414,Recovered · STEP_LIMITED(NO2_sh)
PNs,2026-06-01 02:44:01,0.458207741574255,0.0428551561632796,1.1141599428847923e-09,1.0303960087095214,Recovered · AT_BOUND(NO2_sq)
PNs,2026-06-01 02:45:01,0.3500743018266435,0.0411865201904258,1.06880623163096e-09,1.0109460191054331,Recovered
PNs,2026-06-01 02:46:00,0.3065679123146133,0.0415458483501935,1.0809758657048243e-09,0.979537708315812,"Recovered · AT_BOUND(NO2_sh,NO2_sq)"
PNs,2026-06-01 02:47:00,0.2962372710025268,0.0426623680090497,1.107810323805115e-09,0.9848196098692236,"Recovered · AT_BOUND(NO2_sh,NO2_sq)"
PNs,2026-06-01 02:48:00,0.3762053207178866,0.0445986805895511,1.155895576372501e-09,1.0585588922068194,"Recovered · AT_BOUND(NO2_sh,NO2_sq)"
PNs,2026-06-01 02:49:01,0.3743106347437852,0.0446366613771091,1.1571013773716551e-09,1.035084917156051,Recovered · AT_BOUND(NO2_sq)
PNs,2026-06-01 02:50:01,0.3661237109368638,0.0445067298591508,1.156089339515504e-09,1.073133823824472,"Recovered · AT_BOUND(NO2_sh,NO2_sq)"
PNs,2026-06-01 02:51:01,0.3983879311073547,0.0444512186242776,1.1524603926216615e-09,1.0486733687042045,"Recovered · AT_BOUND(NO2_sh,NO2_sq)"
PNs,2026-06-01 02:51:50,0.2640083516730722,0.0478525416621229,1.238235312106775e-09,1.0560411762614388,"Recovered · AT_BOUND(NO2_sh,NO2_sq)"
PNs,2026-06-01 02:54:23,0.6149785644927992,0.0611579276851181,1.585107281895187e-09,1.089893790530717,"Recovered · AT_BOUND(NO2_sh,NO2_sq)"
PNs,2026-06-01 02:55:01,0.4703095287718398,0.0430581023130955,1.114451194838596e-09,1.0340381923048096,Recovered
PNs,2026-06-01 02:56:01,0.369340943619335,0.0450510911779202,1.169522918781223e-09,1.0227430280472831,Recovered · AT_BOUND(NO2_sq)
PNs,2026-06-01 02:57:01,0.3689001742621932,0.046303718314949,1.1997325727102792e-09,1.0377254501387634,Recovered · STEP_LIMITED(NO2_sh)
PNs,2026-06-01 02:58:01,0.3831491003579486,0.0457756054026332,1.1861640653123543e-09,0.969302678127912,Recovered
PNs,2026-06-01 02:59:01,0.2761977499623492,0.0458410883759986,1.1886033196173226e-09,0.9870687411664016,Recovered · AT_BOUND(NO2_sq)
PNs,2026-06-01 03:00:02,0.2828924270432683,0.0421830378208291,1.0920945699013422e-09,1.0785047872828448,"Recovered · AT_BOUND(NO2_sh,NO2_sq)"
PNs,2026-06-01 03:01:02,0.3032603166243798,0.0445270038985145,1.151640660384294e-09,1.0224403477979669,Recovered · AT_BOUND(NO2_sq)
PNs,2026-06-01 03:02:01,0.2595717871982976,0.0435579237077004,1.1284218573384634e-09,1.030937629214868,"Recovered · AT_BOUND(NO2_sh,NO2_sq)"
PNs,2026-06-01 03:03:01,0.2486323091298692,0.0452272490389804,1.1689541274523854e-09,1.0349475947690314,Recovered · STEP_LIMITED(NO2_sh)
PNs,2026-06-01 03:04:01,0.3158847298962272,0.0433218992892246,1.1195332563643702e-09,0.9902290594097212,Recovered · AT_BOUND(NO2_sq)
PNs,2026-06-01 03:05:01,0.5024516751736279,0.0450574130318295,1.1625294231560983e-09,1.0095318910326911,Recovered
PNs,2026-06-01 03:06:01,0.3195807760451093,0.0455483830959159,1.172950781047404e-09,1.0759206621700594,Recovered · STEP_LIMITED(NO2_sh)
PNs,2026-06-01 03:07:01,0.4287973977391933,0.0428278091394318,1.1057307322310701e-09,1.0325581692310817,"Recovered · AT_BOUND(NO2_sh,NO2_sq)"
PNs,2026-06-01 03:08:01,0.4325338090210626,0.0447049297579414,1.1560530162394783e-09,1.0723861362302405,"Recovered · AT_BOUND(NO2_sh,NO2_sq)"
PNs,2026-06-01 03:09:01,0.4139687801534508,0.0408295455765659,1.057822750487163e-09,1.052859453119747,"Recovered · AT_BOUND(NO2_sh,NO2_sq)"
PNs,2026-06-01 03:10:02,0.3866064091974559,0.044396258852746,1.1483854944458635e-09,1.051610001304304,"Recovered · AT_BOUND(NO2_sh,NO2_sq)"
PNs,2026-06-01 03:11:02,0.422949012782074,0.0432062184224828,1.115867379228137e-09,0.9792446165960248,"Recovered · AT_BOUND(NO2_sh,NO2_sq)"
PNs,2026-06-01 03:12:02,0.4134123554040543,0.0433955646357359,1.1221990042045444e-09,1.0888281917431626,Recovered · STEP_LIMITED(NO2_sh)
PNs,2026-06-01 03:13:01,0.3947570715278928,0.043594381251436,1.1251432287719274e-09,1.063552002373417,Recovered · STEP_LIMITED(NO2_sh)
PNs,2026-06-01 03:14:01,0.3479239714484402,0.0420358346142258,1.0844611453170724e-09,0.997896695869002,Recovered · AT_BOUND(NO2_sq)
PNs,2026-06-01 03:15:01,0.3777852043071495,0.0415666256350642,1.0740811865312692e-09,1.078679413812831,"Recovered · AT_BOUND(NO2_sh,NO2_sq)"
PNs,2026-06-01 03:16:01,0.4527635685118341,0.0411316665006504,1.0614116191172016e-09,1.128052414090157,"Recovered · AT_BOUND(NO2_sh,NO2_sq)"
PNs,2026-06-01 03:17:01,0.5028683920500677,0.0419785254551487,1.0850788225669735e-09,1.0234013917992877,"Recovered · AT_BOUND(NO2_sh,NO2_sq)"
PNs,2026-06-01 03:18:01,0.5939232563171915,0.041016619790861,1.060108731712444e-09,1.1406296868989385,Recovered
PNs,2026-06-01 03:19:01,0.631269150223571,0.0405684349950607,1.0507318345276854e-09,1.1151607818728622,Recovered · AT_BOUND(NO2_sq)
PNs,2026-06-01 03:20:01,0.672765153884425,0.0411577896140098,1.0670914776831054e-09,1.0616898628033768,Recovered
PNs,2026-06-01 03:21:02,0.4971909961612978,0.0415859883112107,1.0774053430685274e-09,1.038395546496818,Recovered · AT_BOUND(NO2_sq)
PNs,2026-06-01 03:22:02,0.3190771312576295,0.0424647024989302,1.0989982179816464e-09,1.0624050776775762,Recovered · AT_BOUND(NO2_sq)
PNs,2026-06-01 03:23:01,0.3255595571061574,0.0397962144010399,1.0283841568921514e-09,1.059746232847734,"Recovered · AT_BOUND(NO2_sh,NO2_sq)"
PNs,2026-06-01 03:24:01,0.3299164490428448,0.0396382953810111,1.022385133078893e-09,1.0930272690068217,Recovered · STEP_LIMITED(NO2_sh)
PNs,2026-06-01 03:25:01,0.3260011264017801,0.0402594440676168,1.0373518752166143e-09,1.1410109849998236,Recovered · STEP_LIMITED(NO2_sh)
PNs,2026-06-01 03:26:01,0.275284023272584,0.0401245516342875,1.0336825100223543e-09,1.0925612729325682,Recovered
PNs,2026-06-01 03:27:01,0.3765101706659683,0.0401279826751762,1.0343209038626798e-09,1.0264725469065488,Recovered
PNs,2026-06-01 03:28:01,0.4043266552073049,0.0389215715420869,1.0052133614861184e-09,1.1045286618230885,"Recovered · AT_BOUND(NO2_sh,NO2_sq)"
PNs,2026-06-01 03:29:01,0.3104133345338888,0.0391556772105736,1.0116242633929607e-09,1.0536276532148736,Recovered · AT_BOUND(NO2_sq)
PNs,2026-06-01 03:30:01,0.4018908598330836,0.0381742927437278,9.84981080727502e-10,1.094869179637409,Recovered
PNs,2026-06-01 03:31:01,0.4507159418869923,0.0386165617464007,9.957082195931735e-10,1.0736209978079148,Recovered · STEP_LIMITED(NO2_sh)
PNs,2026-06-01 03:32:02,0.4136797600374948,0.0398599931389367,1.0295144521981221e-09,1.0281917706328894,"Recovered · AT_BOUND(NO2_sh,NO2_sq)"
PNs,2026-06-01 03:33:02,0.4393895741687604,0.0374619014637782,9.659816512568934e-10,1.068812145125281,Recovered · STEP_LIMITED(NO2_sh)
PNs,2026-06-01 03:34:01,0.3407181529423158,0.037876427012299,9.78410905602912e-10,1.0694592664572475,Recovered · AT_BOUND(NO2_sq)
PNs,2026-06-01 03:35:01,0.444615891371913,0.0391956356359781,1.0135345540623883e-09,0.984221610991908,Recovered · AT_BOUND(NO2_sq)
PNs,2026-06-01 03:36:01,0.5543645942246367,0.0390503328528094,1.010268733536024e-09,1.0003921833964793,Recovered
PNs,2026-06-01 03:37:01,0.7793035963025083,0.0397496707937783,1.0296717986006168e-09,1.0544510717678377,Recovered · STEP_LIMITED(NO2_sh)
PNs,2026-06-01 03:38:01,0.9135352608081044,0.0422561569136363,1.0951892698072784e-09,1.042599709504245,Recovered
PNs,2026-06-01 03:39:01,0.5345835636540958,0.0389752328144496,1.0090587690462119e-09,1.0987592455265105,Recovered · STEP_LIMITED(NO2_sh)
PNs,2026-06-01 03:40:01,0.3603754106378493,0.0388020354595954,1.003527356871141e-09,1.073701825142627,Recovered · STEP_LIMITED(NO2_sh)
PNs,2026-06-01 03:41:01,0.3363255961537556,0.039596419517487,1.0234503107753531e-09,0.9627716979203874,Recovered · STEP_LIMITED(NO2_sh)
PNs,2026-06-01 03:42:02,0.6019473389477743,0.0413238255265562,1.068560401823238e-09,0.9548179396001252,Recovered · STEP_LIMITED(NO2_sh)
PNs,2026-06-01 03:43:02,0.3644211269258329,0.0405358801938635,1.051008440475885e-09,1.0241751155354493,"Recovered · AT_BOUND(NO2_sh,NO2_sq)"
PNs,2026-06-01 03:44:02,0.3772365235313661,0.0418363482532951,1.0831179946847254e-09,1.0362648812524573,"Recovered · AT_BOUND(NO2_sh,NO2_sq)"
PNs,2026-06-01 03:45:01,0.4054365660244547,0.0420696291452076,1.087124759437103e-09,0.9745683893279048,"Recovered · AT_BOUND(NO2_sh,NO2_sq)"
PNs,2026-06-01 03:46:01,0.5174090612247506,0.0411341293307126,1.064588624583626e-09,0.9465896206363096,Recovered · STEP_LIMITED(NO2_sh)
PNs,2026-06-01 03:47:01,0.7758122222139401,0.0424863499679173,1.1018155568424126e-09,0.974172839886844,Recovered · STEP_LIMITED(NO2_sh)
PNs,2026-06-01 03:48:01,0.6193544530355064,0.0422330188539683,1.0954721447135627e-09,1.004272814967046,Recovered · STEP_LIMITED(NO2_sh)
PNs,2026-06-01 03:49:01,0.4539596632452181,0.0427535687351701,1.1077007923555302e-09,0.9945980955950524,Recovered · STEP_LIMITED(NO2_sh)
PNs,2026-06-01 03:50:01,0.3379493634291443,0.0433531314225231,1.1225126777925995e-09,0.9654230948874276,Recovered · STEP_LIMITED(NO2_sh)
PNs,2026-06-01 03:51:01,0.2778717397718916,0.0433781172914828,1.1221908371607954e-09,0.9663331862419072,Recovered
PNs,2026-06-01 03:51:51,0.366458748498959,0.047164797845237,1.2203482245180621e-09,0.988127255474497,Recovered
PNs,2026-06-01 03:55:28,0.3535668343267197,0.0813598882679028,2.107695976316865e-09,0.9450887405768116,Recovered
PNs,2026-06-01 03:56:02,0.3808079859389789,0.0432335883939237,1.1197142620136875e-09,0.9426993585117368,Recovered
PNs,2026-06-01 03:57:02,0.389902666856429,0.0432751328837328,1.1220656026011367e-09,0.9455294140949,Recovered · STEP_LIMITED(NO2_sh)
PNs,2026-06-01 03:58:02,0.3290454270075949,0.0446821244394325,1.1602571750429044e-09,0.9047252171498372,Recovered · STEP_LIMITED(NO2_sh)
PNs,2026-06-01 03:59:02,0.2909613981725845,0.0449645465062853,1.1675093186293742e-09,0.9875301042597155,Recovered
PNs,2026-06-01 04:00:02,0.3643266318263272,0.0443606440197374,1.150824451698571e-09,0.9270051561087176,Recovered · STEP_LIMITED(NO2_sh)
PNs,2026-06-01 04:01:02,0.4720132397081859,0.0448514450357237,1.1659681085462507e-09,0.9571392915514264,"Recovered · AT_BOUND(NO2_sh,NO2_sq)"
PNs,2026-06-01 04:02:02,0.5135253061005213,0.0443304847931334,1.1514036561578494e-09,0.9940453534577828,Recovered · STEP_LIMITED(NO2_sh)
PNs,2026-06-01 04:03:01,0.4110404397273868,0.0460732437960301,1.1957778225039967e-09,0.9994391686210772,Recovered · STEP_LIMITED(NO2_sh)
PNs,2026-06-01 04:04:02,0.4302927553661515,0.0443272555394619,1.1514757173221171e-09,0.9689797301209389,Recovered
PNs,2026-06-01 04:05:02,0.3570301761815472,0.0448959659684267,1.1707021792064855e-09,1.0047732269117204,"Recovered · AT_BOUND(NO2_sh,NO2_sq)"
PNs,2026-06-01 04:06:02,0.4531701690883211,0.0453735019844389,1.1822897901934947e-09,1.0311271631086938,Recovered
PNs,2026-06-01 04:07:02,0.4453261571307589,0.0434762612587445,1.1324297234769536e-09,0.9443674662886918,Recovered
PNs,2026-06-01 04:08:02,0.3375235633510622,0.0457342863892137,1.1922724055914078e-09,1.0272995596829952,Recovered
PNs,2026-06-01 04:09:02,0.3217016530435527,0.044387642521884,1.1590574204739875e-09,0.9894165844187438,Recovered · AT_BOUND(NO2_sq)
PNs,2026-06-01 04:10:02,0.4474722913037978,0.0429388425089029,1.1187478479424263e-09,0.9996185806144472,Recovered
PNs,2026-06-01 04:11:02,0.4642092090636602,0.0422977300763616,1.102054486135825e-09,0.9823320803689496,Recovered
PNs,2026-06-01 04:12:02,0.4055001200368978,0.0414014463150262,1.0763373285387914e-09,0.9820958823700168,Recovered · STEP_LIMITED(NO2_sh)
PNs,2026-06-01 04:13:02,0.5177345154769911,0.0445058632439349,1.1564502258999414e-09,0.9703557431904376,Recovered
PNs,2026-06-01 04:14:02,0.3679318830549231,0.043338942971616,1.1245509242142122e-09,0.9761677082801868,Recovered · STEP_LIMITED(NO2_sh)
PNs,2026-06-01 04:15:02,0.439680021502831,0.0432991786295405,1.12417900517977e-09,0.961900439684369,Recovered · STEP_LIMITED(NO2_sh)
PNs,2026-06-01 04:16:02,0.8174765229754742,0.0421362818026979,1.0965558153642401e-09,0.9999200101378696,Recovered · STEP_LIMITED(NO2_sh)
PNs,2026-06-01 04:17:02,0.6859732058352431,0.0448282141956823,1.1671360547078967e-09,0.9569592808162732,Recovered · AT_BOUND(NO2_sq)
PNs,2026-06-01 04:18:02,0.4528051735395444,0.0424814132797605,1.1045506320438644e-09,0.97801616033387,Recovered
PNs,2026-06-01 04:19:02,0.4529548962794028,0.0417835665216119,1.0859437747129686e-09,0.9834293310568551,Recovered · STEP_LIMITED(NO2_sh)
PNs,2026-06-01 04:20:02,0.4133397689091455,0.0399540230665483,1.042442965979224e-09,0.9970433352662224,Recovered
PNs,2026-06-01 04:21:02,0.351579434146839,0.0412601011308593,1.075986274253947e-09,1.0473898485389397,Recovered · AT_BOUND(NO2_sq)
PNs,2026-06-01 04:22:02,0.4121142291833971,0.0408790448400622,1.0607927589276198e-09,0.9356907731922224,Recovered · STEP_LIMITED(NO2_sh)
PNs,2026-06-01 04:23:02,0.3936457463578801,0.041438027003051,1.079704552959163e-09,1.0119072970135723,Recovered · AT_BOUND(NO2_sq)
PNs,2026-06-01 04:24:01,0.3564459029066431,0.0408094209610105,1.0635864621233342e-09,0.994608562961191,Recovered · AT_BOUND(NO2_sq)
PNs,2026-06-01 04:25:02,0.427765322723773,0.0411774610190237,1.07520780733484e-09,1.0310803409786975,"Recovered · AT_BOUND(NO2_sh,NO2_sq)"
PNs,2026-06-01 04:26:02,0.5038660546664749,0.0419544528622464,1.0947865550659296e-09,0.9991668047953508,Recovered
PNs,2026-06-01 04:27:02,0.6027580458400723,0.0424917246763058,1.1072156839544048e-09,1.0009702915290433,Recovered · STEP_LIMITED(NO2_sh)
PNs,2026-06-01 04:28:02,0.4852603663961387,0.0421270323462653,1.0991278814856207e-09,1.0102520081308752,Recovered · AT_BOUND(NO2_sq)
PNs,2026-06-01 04:29:02,0.4851813737749931,0.0418387727628837,1.0916440029972044e-09,1.0437215698111904,Recovered · AT_BOUND(NO2_sq)
PNs,2026-06-01 04:30:02,0.5328733549341155,0.0418239615267996,1.0902823502675354e-09,1.0730916546713918,Recovered
PNs,2026-06-01 04:31:02,0.4309213712521008,0.0443011511527585,1.155324851605566e-09,1.0248654815819105,"Recovered · AT_BOUND(NO2_sh,NO2_sq)"
PNs,2026-06-01 04:32:02,0.5237122988964236,0.0437571811931114,1.141647244416068e-09,1.054134500983539,Recovered · AT_BOUND(NO2_sq)
PNs,2026-06-01 04:33:02,0.4773653132102708,0.0408445631365162,1.0678665515979675e-09,1.0266437713697762,"Recovered · AT_BOUND(NO2_sh,NO2_sq)"
PNs,2026-06-01 04:34:02,0.6595758875437759,0.0455572714564854,1.1898949861112852e-09,1.072040156063118,Recovered · AT_BOUND(NO2_sq)
PNs,2026-06-01 04:35:01,0.6463900499629451,0.0435710369822588,1.1349465990529814e-09,1.042432180212239,Recovered
PNs,2026-06-01 04:36:02,0.4265689713417859,0.046563580069464,1.2169024943622663e-09,1.0576970841041098,"Recovered · AT_BOUND(NO2_sh,NO2_sq)"
PNs,2026-06-01 04:37:02,0.4987906222839415,0.0453423274603386,1.1872693144460635e-09,1.034287799987755,"Recovered · AT_BOUND(NO2_sh,NO2_sq)"
PNs,2026-06-01 04:38:02,0.6515090378057833,0.044872658592509,1.1713463807644471e-09,1.0495716340435397,Recovered · STEP_LIMITED(NO2_sh)
PNs,2026-06-01 04:39:02,0.5292853840236356,0.0456023873867813,1.1926384035022832e-09,1.008841813577483,Recovered · AT_BOUND(NO2_sq)
PNs,2026-06-01 04:40:02,0.477957287786027,0.0454093140861221,1.1895729472174686e-09,1.0818161766628291,Recovered · AT_BOUND(NO2_sq)
PNs,2026-06-01 04:41:02,0.4714121576771693,0.0453073457576896,1.183060754739036e-09,1.0527299368486056,Recovered · STEP_LIMITED(NO2_sh)
PNs,2026-06-01 04:42:02,0.5217359105717194,0.0500786627823445,1.3090675779616647e-09,1.155053012258885,Recovered
PNs,2026-06-01 04:43:02,0.5013904383385958,0.0467130563503676,1.2195063301672535e-09,1.093139986896062,Recovered · STEP_LIMITED(NO2_sh)
PNs,2026-06-01 04:44:02,0.4209239625617902,0.0473200971326422,1.2377633578523806e-09,1.0879715486141743,Recovered
PNs,2026-06-01 04:45:02,0.5638148718291783,0.0491627862565044,1.2852861892456423e-09,1.056540367943333,Recovered · AT_BOUND(NO2_sq)
PNs,2026-06-01 04:46:02,0.8887905624405781,0.047407163634708,1.2374424119563858e-09,1.1137746466410383,Recovered
PNs,2026-06-01 04:47:02,0.8677316177513607,0.046809889929355,1.2207234393047403e-09,1.0672487324790003,Recovered
PNs,2026-06-01 04:48:02,1.442086757479201,0.0496016048489294,1.295714867335368e-09,1.132696389832777,OK
PNs,2026-06-01 04:49:02,1.280304280556781,0.0474654795647297,1.2411600329696072e-09,1.0276234854025108,OK
PNs,2026-06-01 04:50:02,0.8652438465658944,0.0456841794664959,1.195245099554341e-09,1.0784311346969149,Recovered · STEP_LIMITED(NO2_sh)
PNs,2026-06-01 04:51:02,0.909583161966836,0.0476888166258306,1.246227533292481e-09,1.050933939781841,Recovered · STEP_LIMITED(NO2_sh)
PNs,2026-06-01 04:51:52,0.8743653854357172,0.0520256039383224,1.357873117690063e-09,1.0649434178723238,Recovered · STEP_LIMITED(NO2_sh)
PNs,2026-06-01 04:54:26,2.170151217732448,0.0695213052150721,1.8188008861740266e-09,1.032633109145176,OK · STEP_LIMITED(NO2_sh)
PNs,2026-06-01 04:55:02,1.8389547327042168,0.0446709216496555,1.1678082062048455e-09,1.044044282477803,OK
PNs,2026-06-01 04:56:02,1.1113584821351912,0.0457451923099253,1.1965508027847635e-09,1.0752964627137114,Recovered · STEP_LIMITED(NO2_sh)
PNs,2026-06-01 04:57:03,0.8340414160149103,0.0452389175466844,1.1804073975719276e-09,1.0742890021418907,Recovered
PNs,2026-06-01 04:58:03,0.9763209148810092,0.0459269650821052,1.1999528024343403e-09,0.9862755626078598,Recovered
PNs,2026-06-01 04:59:03,0.9315479690160684,0.0441078573074625,1.151930853549377e-09,1.0062765117153158,Recovered
PNs,2026-06-01 05:00:03,1.0481370852418348,0.0438720159725193,1.1483621501981106e-09,1.0438791807157404,Recovered
PNs,2026-06-01 05:01:03,1.315486117434712,0.0429283057103274,1.1206440976145811e-09,1.045588730270552,OK
PNs,2026-06-01 05:02:02,1.0073651739524991,0.040684816950525,1.0658077535131274e-09,1.0507104528158164,OK · AT_BOUND(NO2_sq)
PNs,2026-06-01 05:03:02,1.214119063344253,0.0438918338112955,1.1471379274579943e-09,1.0068506206946362,OK
PNs,2026-06-01 05:04:02,1.6336436228803508,0.0439871880091724,1.152616799510231e-09,1.0722781417800566,OK
PNs,2026-06-01 05:05:02,0.8899353604020979,0.0420558342306996,1.0992095023160975e-09,1.021618150801421,Recovered
PNs,2026-06-01 05:06:02,1.4262484460544345,0.042059940915503,1.1014319958208912e-09,1.038972821747678,OK
PNs,2026-06-01 05:07:02,1.0643896784659894,0.0412437971371693,1.0799948627435112e-09,1.1065546592924396,OK
PNs,2026-06-01 05:08:03,1.4458458452291254,0.0407586257942294,1.0656689303200071e-09,0.9404730593056756,OK · STEP_LIMITED(NO2_sh)
PNs,2026-06-01 05:09:03,0.992235816371822,0.0401226618116817,1.0500850127954841e-09,1.0609193319383592,OK
PNs,2026-06-01 05:10:03,0.9454570372441042,0.0393570205905795,1.028825098650464e-09,1.040346882707579,OK
PNs,2026-06-01 05:11:03,0.8396675684823307,0.0409170004304122,1.071147594929366e-09,1.0498867852831364,OK
PNs,2026-06-01 05:12:03,0.7334229846401149,0.0385872451371829,1.0132564936664106e-09,1.001871506170536,"Recovered · AT_BOUND(NO2_sh,NO2_sq)"
PNs,2026-06-01 05:13:03,0.714600128290354,0.0403650073408903,1.0602895814631783e-09,1.0398384520355104,Recovered
PNs,2026-06-01 05:14:02,0.6246603457908491,0.0388273720850165,1.0189398627382991e-09,1.006070373281592,"Recovered · AT_BOUND(NO2_sh,NO2_sq)"
PNs,2026-06-01 05:15:02,0.6896672941501398,0.0387776408788808,1.0181675566557476e-09,1.041909783514243,Recovered · AT_BOUND(NO2_sq)
PNs,2026-06-01 05:16:02,0.5144900049447454,0.0393667159650664,1.031838330680078e-09,1.020097627311183,"Recovered · AT_BOUND(NO2_sh,NO2_sq)"
PNs,2026-06-01 05:17:02,0.5812953836954347,0.0395881122795627,1.0399627503990047e-09,0.9636142418745356,"Recovered · AT_BOUND(NO2_sh,NO2_sq)"
PNs,2026-06-01 05:18:02,0.4937723389540651,0.0392397335672139,1.033102444389907e-09,1.107855690407915,"Recovered · AT_BOUND(NO2_sh,NO2_sq)"
PNs,2026-06-01 05:19:03,0.4641370517911855,0.0380146086831936,1.0017071520650874e-09,1.0443811107788403,Recovered · AT_BOUND(NO2_sq)
PNs,2026-06-01 05:20:03,1.2138250672820257,0.039013065824036,1.0249887112222874e-09,0.9896277880140674,OK
PNs,2026-06-01 05:21:03,1.8716209332609688,0.0417240193226748,1.0947773967905475e-09,1.0281234712406828,OK
PNs,2026-06-01 05:22:03,0.8789383418223536,0.0409903838407007,1.0744293061238726e-09,1.0089685394437975,Recovered
PNs,2026-06-01 05:23:03,1.3672529595843803,0.0396309835363312,1.040276549200972e-09,0.97699199736013,OK · STEP_LIMITED(NO2_sh)
PNs,2026-06-01 05:24:03,1.4505336474733943,0.0393786903801066,1.032611634498805e-09,0.9880430724632684,OK
PNs,2026-06-01 05:25:02,0.9153370786098388,0.0400050023108986,1.0527653368102904e-09,1.017488460124434,Recovered
PNs,2026-06-01 05:26:02,1.0215593167251926,0.0381043929725701,1.0026160867315802e-09,1.0180385528272475,OK
PNs,2026-06-01 05:27:02,0.7323334394937447,0.039612823361313,1.0424462007065592e-09,1.03117018508139,Recovered
PNs,2026-06-01 05:28:02,0.8499208276117154,0.039244486279987,1.032844587802928e-09,0.9450001982525807,Recovered
PNs,2026-06-01 05:29:03,0.7084377872972312,0.0389633494023577,1.023016096693898e-09,1.034799868363435,Recovered · STEP_LIMITED(NO2_sh)
PNs,2026-06-01 05:30:03,0.77524350714198,0.041232178263654,1.0853949435680614e-09,1.006570104643756,"Recovered · AT_BOUND(NO2_sh,NO2_sq)"
PNs,2026-06-01 05:31:03,0.4998243114098761,0.0417675759022422,1.1017062385178112e-09,1.0690868222604435,Recovered · AT_BOUND(NO2_sq)
PNs,2026-06-01 05:32:03,0.359457334556807,0.0394984484923394,1.0401031937409226e-09,0.9580574228007044,Recovered · AT_BOUND(NO2_sq)
PNs,2026-06-01 05:33:03,0.4431209101488616,0.0409234021521536,1.079015524400492e-09,0.9999074012836128,Recovered · AT_BOUND(NO2_sq)
PNs,2026-06-01 05:34:02,0.5987396031565286,0.0425335459067466,1.123879465549767e-09,0.9928813086759916,Recovered · AT_BOUND(NO2_sq)
PNs,2026-06-01 05:35:02,0.6098098020929017,0.0435025580889923,1.1470531065524091e-09,1.021474079283077,"Recovered · AT_BOUND(NO2_sh,NO2_sq)"
PNs,2026-06-01 05:36:02,0.7060264420072422,0.0412213246749534,1.0866395554394931e-09,0.983256707891332,Recovered · AT_BOUND(NO2_sq)
PNs,2026-06-01 05:37:02,0.7211013076845443,0.0419939762249966,1.1046452255513515e-09,1.01884871294601,"Recovered · AT_BOUND(NO2_sh,NO2_sq)"
PNs,2026-06-01 05:38:02,0.8540914883050629,0.0422736496415085,1.1125204449286224e-09,0.9977287018286684,Recovered
PNs,2026-06-01 05:39:02,0.5230458453355873,0.0409103828600999,1.0758666989580516e-09,0.942984477174554,Recovered · AT_BOUND(NO2_sq)
PNs,2026-06-01 05:40:03,0.651528820596022,0.043271826552728,1.1355568718107414e-09,1.016125806373018,Recovered
PNs,2026-06-01 05:41:03,0.5517877455587673,0.0419497229505748,1.1046703774485456e-09,0.987183712857808,"Recovered · AT_BOUND(NO2_sh,NO2_sq)"
PNs,2026-06-01 05:42:03,0.6925557316229161,0.0410256914299026,1.0800550179813574e-09,0.9812550626558442,Recovered
PNs,2026-06-01 05:43:03,1.1123964875479022,0.0448284735713125,1.1781130925889391e-09,1.013945438151722,Recovered
PNs,2026-06-01 05:44:03,0.7705958202220727,0.0431915251689928,1.135699950631778e-09,0.974128662165671,Recovered
PNs,2026-06-01 05:45:03,0.58810345778675,0.0418793166117269,1.104872332042389e-09,0.99616521793954,"Recovered · AT_BOUND(NO2_sh,NO2_sq)"
PNs,2026-06-01 05:46:02,0.587481842370214,0.0429461097632445,1.130851911934351e-09,0.9919113107215444,Recovered
PNs,2026-06-01 05:47:02,0.5476858047787266,0.0427982965443101,1.1301705675019314e-09,1.0615810254097322,"Recovered · AT_BOUND(NO2_sh,NO2_sq)"
PNs,2026-06-01 05:48:02,0.5337745438052351,0.0433498576665718,1.1426879419915875e-09,0.9716378373176164,"Recovered · AT_BOUND(NO2_sh,NO2_sq)"
PNs,2026-06-01 05:49:02,0.504765542167404,0.0437409654322863,1.155188751068898e-09,1.030501977015204,Recovered · AT_BOUND(NO2_sq)
PNs,2026-06-01 05:50:02,0.5333630907131418,0.0436885288754382,1.1514686738669821e-09,0.9552626945002496,"Recovered · AT_BOUND(NO2_sh,NO2_sq)"
PNs,2026-06-01 05:51:03,0.412467435942437,0.0414725562399147,1.0932694779865603e-09,0.9492674792976806,Recovered · AT_BOUND(NO2_sq)
PNs,2026-06-01 05:51:53,0.4641525388340922,0.0466516264839782,1.227258992195342e-09,0.9914570481887148,"Recovered · AT_BOUND(NO2_sh,NO2_sq)"
PNs,2026-06-01 05:54:26,0.4935314533989631,0.0624840402848643,1.6462596799184932e-09,0.9567082035965566,Recovered · STEP_LIMITED(NO2_sh)
PNs,2026-06-01 05:55:03,0.6034310102731204,0.0437238594087934,1.151255810920986e-09,0.95756475613846,Recovered · AT_BOUND(NO2_sq)
PNs,2026-06-01 05:56:03,0.4375447173803309,0.0391770094762917,1.0337315405075571e-09,0.9944606022754976,"Recovered · AT_BOUND(NO2_sh,NO2_sq)"
PNs,2026-06-01 05:57:03,0.4055078203031658,0.0439073928041686,1.1561189535893104e-09,0.9598104697177114,"Recovered · AT_BOUND(NO2_sh,NO2_sq)"
PNs,2026-06-01 05:58:03,0.4784130957457906,0.0435970968685491,1.146258874847429e-09,0.9774521472812248,Recovered · AT_BOUND(NO2_sq)
PNs,2026-06-01 05:59:03,0.4958244065528734,0.0433370243253896,1.1416066892764567e-09,1.0112489664217448,"Recovered · AT_BOUND(NO2_sh,NO2_sq)"
PNs,2026-06-01 06:00:03,0.3950265069756223,0.0414459388316441,1.0887905027404492e-09,0.9594036237686756,Recovered · STEP_LIMITED(NO2_sh)
PNs,2026-06-01 06:01:03,0.4392417091243747,0.040877601248507,1.076110922027953e-09,1.069130751662481,Recovered
PNs,2026-06-01 06:02:03,0.4034721304549195,0.0434228874210833,1.14102197512371e-09,0.9563705170516654,"Recovered · AT_BOUND(NO2_sh,NO2_sq)"
PNs,2026-06-01 06:03:03,0.5142078221598425,0.0416111755667523,1.090638136130806e-09,0.9819574252987028,Recovered
PNs,2026-06-01 06:04:03,0.6282485996151074,0.0428312621396881,1.126010193863256e-09,1.0731044000129364,"Recovered · AT_BOUND(NO2_sh,NO2_sq)"
PNs,2026-06-01 06:05:03,0.8460901440402995,0.042225983082943,1.110577996479829e-09,0.9642281272342008,Recovered
PNs,2026-06-01 06:06:03,0.5268009255938754,0.0391665318613409,1.027238759468558e-09,0.9242435420489526,Recovered · STEP_LIMITED(NO2_sh)
PNs,2026-06-01 06:07:03,0.4955674061677875,0.0383027355766011,1.005813939899526e-09,0.9815622197570804,Recovered · AT_BOUND(NO2_sq)
PNs,2026-06-01 06:08:03,0.4337149081433995,0.0399989031875522,1.052525315503163e-09,0.9675907400348954,"Recovered · AT_BOUND(NO2_sh,NO2_sq)"
PNs,2026-06-01 06:09:03,0.4881608767900323,0.0416565777439588,1.098401558870705e-09,1.019409271903592,"Recovered · AT_BOUND(NO2_sh,NO2_sq)"
PNs,2026-06-01 06:10:03,0.4993462496715428,0.0415507746105011,1.093246551887282e-09,1.032727516172035,Recovered · STEP_LIMITED(NO2_sh)
PNs,2026-06-01 06:11:03,0.5196722564987953,0.0411174357548487,1.0829103847279811e-09,0.9796331209235144,Recovered · STEP_LIMITED(NO2_sh)
PNs,2026-06-01 06:12:04,0.4776427603651464,0.0407114511833992,1.0714311190214111e-09,0.9881398364090104,"Recovered · AT_BOUND(NO2_sh,NO2_sq)"
PNs,2026-06-01 06:13:03,0.5078615016348028,0.0391003680986469,1.026057008538899e-09,0.951306740111086,Recovered · STEP_LIMITED(NO2_sh)
PNs,2026-06-01 06:14:03,0.4787464670033294,0.0375363567363465,9.83085043312975e-10,1.0306219757515755,Recovered · STEP_LIMITED(NO2_sh)
PNs,2026-06-01 06:15:03,0.5499609771489398,0.0392691093826385,1.0313470940233701e-09,0.9581532737951828,"Recovered · AT_BOUND(NO2_sh,NO2_sq)"
PNs,2026-06-01 06:16:03,0.600640497873314,0.0387384686004237,1.0145550957567863e-09,0.947076710004662,Recovered
PNs,2026-06-01 06:17:03,0.7048026804516384,0.0398807859096146,1.046982055420361e-09,0.9691982542019189,Recovered · AT_BOUND(NO2_sq)
PNs,2026-06-01 06:18:03,0.7680758460387257,0.0396769059419815,1.0422073739131215e-09,1.0135495116417548,Recovered · STEP_LIMITED(NO2_sh)
PNs,2026-06-01 06:19:03,0.8230192793339889,0.037971488132605,9.973129228509854e-10,1.0184521794088095,Recovered
PNs,2026-06-01 06:20:03,0.7781270960410764,0.0382383173844548,1.0012470804758063e-09,0.9746470959942614,Recovered · STEP_LIMITED(NO2_sh)
PNs,2026-06-01 06:21:03,0.6428352179591116,0.0386968148660946,1.0157497192173551e-09,0.980866849475184,Recovered
PNs,2026-06-01 06:22:03,0.4559679737535576,0.0388501398105268,1.0192874733657535e-09,1.0734719601775349,"Recovered · AT_BOUND(NO2_sh,NO2_sq)"
PNs,2026-06-01 06:23:03,0.531414311184384,0.0375580617679872,9.83652839653201e-10,0.9785779883146564,Recovered
PNs,2026-06-01 06:24:03,0.3926105898998616,0.0371037019276716,9.703878837176601e-10,0.9959391413044836,Recovered
PNs,2026-06-01 06:25:03,0.4113524780338962,0.0375858528236406,9.841792941558587e-10,1.0307996053577453,Recovered
PNs,2026-06-01 06:26:03,0.4331495484741522,0.0361717064925267,9.48986445242124e-10,1.0264067041746354,Recovered · STEP_LIMITED(NO2_sh)
PNs,2026-06-01 06:27:03,0.3938858288526328,0.039133684401128,1.02292349799465e-09,1.0514863268213273,Recovered · STEP_LIMITED(NO2_sh)
PNs,2026-06-01 06:28:03,0.7467998660129933,0.0382883144206754,1.0037784181780663e-09,0.9916880376261444,Recovered · STEP_LIMITED(NO2_sh)
PNs,2026-06-01 06:29:03,0.6529001839129248,0.037510694635812,9.841365069462595e-10,1.0029276659140534,Recovered
PNs,2026-06-01 06:30:03,0.5511941756966359,0.0383690221171885,1.0021868976514958e-09,0.9830856899262312,Recovered · AT_BOUND(NO2_sq)
PNs,2026-06-01 06:31:03,0.5559404168321985,0.0388107127692237,1.0152787697060638e-09,0.9538363759166968,Recovered
PNs,2026-06-01 06:32:03,0.6142602278309847,0.040414458315807,1.058396252395218e-09,0.9937399951028284,Recovered
PNs,2026-06-01 06:33:03,0.5311519964734276,0.0391898228091308,1.0251207955438235e-09,0.9303882376327434,Recovered
PNs,2026-06-01 06:34:03,0.7908048716398464,0.041349381947894,1.0810884684278215e-09,1.003715427144697,Recovered · AT_BOUND(NO2_sq)
PNs,2026-06-01 06:35:03,0.6974751702528329,0.0423134948355122,1.1084181387433803e-09,0.9995665167077108,Recovered
PNs,2026-06-01 06:36:03,0.9983092397473576,0.0389772597540883,1.020684818635569e-09,0.957420598544839,Recovered
PNs,2026-06-01 06:37:03,0.8459199876653613,0.0415110925276217,1.0855633946471304e-09,0.9663844800201524,Recovered · AT_BOUND(NO2_sq)
PNs,2026-06-01 06:38:03,0.4415737576815688,0.0398338602560859,1.041048587704428e-09,0.9682876377142396,Recovered · STEP_LIMITED(NO2_sh)
PNs,2026-06-01 06:39:03,0.3894878408342422,0.0403506944532651,1.0540085316833287e-09,0.967259617213762,Recovered
PNs,2026-06-01 06:40:03,0.5024504864319128,0.0414067565402107,1.080648117897772e-09,0.9956370220491038,Recovered · STEP_LIMITED(NO2_sh)
PNs,2026-06-01 06:41:03,0.4433365836510422,0.0397987293746559,1.0382961966630894e-09,0.9710017178461284,Recovered · AT_BOUND(NO2_sq)
PNs,2026-06-01 06:42:03,0.5351726902452939,0.0422889866437053,1.104084194180655e-09,1.055035300124754,"Recovered · AT_BOUND(NO2_sh,NO2_sq)"
PNs,2026-06-01 06:43:03,0.9203599981236984,0.0430322441102962,1.125515121156992e-09,0.9628021452903526,Recovered · STEP_LIMITED(NO2_sh)
PNs,2026-06-01 06:44:03,0.5996401322456422,0.0439432713164801,1.1483255961761156e-09,0.989118660457084,Recovered
PNs,2026-06-01 06:45:03,0.940045180177184,0.0462222433065086,1.2100964229828114e-09,0.9136657208619126,Recovered
PNs,2026-06-01 06:46:03,0.9997166378250422,0.0443140792384457,1.159922958822406e-09,1.002766761973161,Recovered
PNs,2026-06-01 06:47:03,0.980648237574992,0.0446213136683793,1.1673530378172606e-09,0.9293277112778168,Recovered
PNs,2026-06-01 06:48:03,0.8515120199603899,0.0450310439841175,1.1769822621373623e-09,0.9618370585925182,Recovered
PNs,2026-06-01 06:49:03,0.735372912682444,0.0436984290254866,1.1410170369573279e-09,0.8988371201817954,Recovered · STEP_LIMITED(NO2_sh)
PNs,2026-06-01 06:50:03,0.5878912001085828,0.0468420187346935,1.2232488286247635e-09,0.9620039050460608,Recovered
PNs,2026-06-01 06:51:03,0.6197233914613738,0.0464978574749443,1.2147806712307055e-09,0.9393118395545764,Recovered · STEP_LIMITED(NO2_sh)
PNs,2026-06-01 06:51:54,0.6369028510113145,0.0473393057094354,1.2369756571633922e-09,0.9340039493203612,Recovered
PNs,2026-06-01 06:55:32,0.8920054730879585,0.1221107671806402,3.194154510196616e-09,1.003045412669887,"Recovered · AT_BOUND(NO2_sh,NO2_sq)"
PNs,2026-06-01 06:56:04,0.8096456353278851,0.0461771305854267,1.206674451296513e-09,0.9660981533275714,Recovered · STEP_LIMITED(NO2_sh)
PNs,2026-06-01 06:57:04,0.9126682377116236,0.0455385253729832,1.1917818073794486e-09,0.95247754464008,Recovered
PNs,2026-06-01 06:58:04,0.7694827936228738,0.0434662778848155,1.1371752898079683e-09,0.9500634764133205,Recovered
PNs,2026-06-01 06:59:04,0.8295229844156284,0.0455912577351229,1.191458450506522e-09,1.048897761912629,Recovered
PNs,2026-06-01 07:00:04,1.0461470914225928,0.0426959973489704,1.1168989131118335e-09,0.9197386633182142,Recovered
PNs,2026-06-01 07:01:04,0.9514618613586412,0.0445682397216604,1.1668786247035695e-09,1.0499528033782457,Recovered
PNs,2026-06-01 07:02:04,0.9043654243111824,0.043311991436333,1.133349555755694e-09,0.9833024380408067,Recovered · STEP_LIMITED(NO2_sh)
PNs,2026-06-01 07:03:03,0.9089552561581116,0.0432151517945679,1.1319009988611546e-09,0.9654926930210262,Recovered
PNs,2026-06-01 07:04:03,0.8749751751371425,0.0439175552696052,1.1493776672821955e-09,0.9370916014666248,Recovered
PNs,2026-06-01 07:05:03,0.6627102213882695,0.0436304517098395,1.1407388736043687e-09,0.9746684519078488,Recovered · STEP_LIMITED(NO2_sh)
PNs,2026-06-01 07:06:04,0.7432886297573356,0.0423320453109246,1.1077954839615964e-09,0.9538024606299608,Recovered
PNs,2026-06-01 07:07:04,0.5005261207289666,0.0424889839335181,1.1101245250949242e-09,1.007931912301676,Recovered · STEP_LIMITED(NO2_sh)
PNs,2026-06-01 07:08:04,0.6177754193094946,0.0441325827339781,1.153153068979461e-09,1.0069766130389866,Recovered
PNs,2026-06-01 07:09:04,0.6546095712798673,0.0408135640732972,1.066151857986504e-09,1.0256969372561289,Recovered · STEP_LIMITED(NO2_sh)
PNs,2026-06-01 07:10:04,0.5246359636474535,0.0389496380961497,1.018551507097981e-09,0.9523851147429684,Recovered
PNs,2026-06-01 07:11:04,0.4158126543592618,0.0418084108099569,1.092602956521701e-09,0.959737756395361,Recovered · STEP_LIMITED(NO2_sh)
PNs,2026-06-01 07:12:04,0.4038171432131226,0.039696433307926,1.0358555802149484e-09,0.9862755504079348,Recovered · STEP_LIMITED(NO2_sh)
PNs,2026-06-01 07:13:04,0.5859492059279601,0.0405085732969743,1.0589392200517258e-09,1.0557612261654572,Recovered
PNs,2026-06-01 07:14:03,0.6674766922148944,0.040775547496299,1.0658851906195126e-09,1.0896102869157402,Recovered
PNs,2026-06-01 07:15:03,0.6224901940438394,0.0411268872673164,1.0756565349713675e-09,1.0132477965081286,Recovered
PNs,2026-06-01 07:16:04,0.824253015305205,0.0404383856873127,1.0581309241209955e-09,1.0853873517369603,Recovered · STEP_LIMITED(NO2_sh)
PNs,2026-06-01 07:17:04,0.8611537438973214,0.0410347973634682,1.0749875543154034e-09,1.0582450250689763,Recovered
PNs,2026-06-01 07:18:04,1.1463862439700414,0.0401213635027364,1.0513938232769787e-09,1.065487828501673,OK
PNs,2026-06-01 07:19:04,0.7641078708527931,0.0399947922157327,1.050504398012038e-09,1.1046071097823893,Recovered · AT_BOUND(NO2_sq)
PNs,2026-06-01 07:20:04,0.8185592620421611,0.0399290990908872,1.0491761151616363e-09,1.0800261324283515,Recovered
PNs,2026-06-01 07:21:04,0.8322558655561343,0.040111250535203,1.0516731119413494e-09,1.0833417157979208,Recovered · STEP_LIMITED(NO2_sh)
PNs,2026-06-01 07:22:04,1.3968572411436109,0.0390653877442026,1.0254255936514195e-09,1.080373911064875,OK · STEP_LIMITED(NO2_sh)
PNs,2026-06-01 07:23:04,1.3057479901327356,0.0399103363659683,1.0464016912348079e-09,1.1340447299291836,OK
PNs,2026-06-01 07:24:03,0.9019764742997888,0.0378237385382972,9.935895151616502e-10,1.1761063425785834,Recovered
PNs,2026-06-01 07:25:03,0.7846163336214187,0.0408443122644301,1.071843720618354e-09,1.1030390697193104,"Recovered · AT_BOUND(NO2_sh,NO2_sq)"
PNs,2026-06-01 07:26:03,0.6491596790190388,0.0385328562414747,1.010950702120128e-09,1.197245877986927,Recovered
PNs,2026-06-01 07:27:04,0.6330891191696325,0.0395722007718943,1.0410917455751027e-09,1.107605331957837,Recovered
PNs,2026-06-01 07:28:04,0.8290890477062347,0.0390043979717651,1.023613386039899e-09,1.2052800207228629,Recovered
PNs,2026-06-01 07:29:04,1.0514514415797038,0.0390351432066401,1.0214563151483744e-09,1.102142095740826,Recovered
PNs,2026-06-01 07:30:04,0.9161187225748754,0.0390163846518337,1.0237202460592468e-09,1.188421711331636,Recovered · STEP_LIMITED(NO2_sh)
PNs,2026-06-01 07:31:04,0.7833562681686954,0.0394501488634624,1.0369436567860314e-09,1.0860094535134264,Recovered
PNs,2026-06-01 07:32:04,0.8570847492359625,0.038970588267933,1.0245142410320802e-09,1.1334391159422437,Recovered
PNs,2026-06-01 07:33:04,0.7705492502545253,0.0399907842886113,1.0514310129274324e-09,1.1092674245206424,Recovered · STEP_LIMITED(NO2_sh)
PNs,2026-06-01 07:34:04,0.6036016586649215,0.0406790894365223,1.069003200277847e-09,1.0500112430968944,Recovered · AT_BOUND(NO2_sq)
PNs,2026-06-01 07:35:03,0.5581441814152389,0.0407047437655515,1.0696248670173516e-09,1.1746305421657326,Recovered · AT_BOUND(NO2_sq)
PNs,2026-06-01 07:36:03,0.6722548551837618,0.0416810705082464,1.0976171058299587e-09,1.0793714939063477,"Recovered · AT_BOUND(NO2_sh,NO2_sq)"
PNs,2026-06-01 07:37:04,0.6995792266390517,0.0419922281721277,1.1046945519500103e-09,1.0454321838868503,Recovered
PNs,2026-06-01 07:38:04,0.7628585235235781,0.0404225316771915,1.0632643531103243e-09,1.1730053601122277,Recovered
PNs,2026-06-01 07:39:04,0.5538377115615594,0.0398837820253492,1.0521698973215547e-09,1.008587387931612,Recovered
PNs,2026-06-01 07:40:04,0.4725094246266628,0.04132666411975,1.0881224218422952e-09,1.0394338024637615,Recovered
PNs,2026-06-01 07:41:04,0.3546391664197971,0.0412376684852208,1.087698474983914e-09,1.0958218117292646,Recovered · AT_BOUND(NO2_sq)
PNs,2026-06-01 07:42:04,0.4449227195064034,0.0418275719204942,1.1012822108917111e-09,1.0865898092733526,"Recovered · AT_BOUND(NO2_sh,NO2_sq)"
PNs,2026-06-01 07:43:04,0.7386529750659209,0.042881024473608,1.131259580986208e-09,1.0257085481635442,"Recovered · AT_BOUND(NO2_sh,NO2_sq)"
PNs,2026-06-01 07:44:04,1.413766880748755,0.0422247635670956,1.1121490342098048e-09,1.0653496583497406,OK
PNs,2026-06-01 07:45:04,1.1291376316728197,0.0409578610074555,1.0783090018558602e-09,1.1136188741281234,Recovered
PNs,2026-06-01 07:46:03,1.3298766160726114,0.0430535741834797,1.1350835387738142e-09,1.1014583489958505,OK
PNs,2026-06-01 07:47:03,0.7037645888466929,0.0414362266546643,1.0903048171256483e-09,1.0118901255747512,Recovered · STEP_LIMITED(NO2_sh)
PNs,2026-06-01 07:48:04,0.7472603824280142,0.0440169594877231,1.1604473865377452e-09,1.0652640676771894,Recovered
PNs,2026-06-01 07:49:04,0.6836551809058602,0.0411349418184551,1.0849488574932643e-09,1.011197738199835,Recovered
PNs,2026-06-01 07:50:04,0.7563439857122223,0.0404422396447263,1.0645771209337042e-09,1.042000000855206,Recovered
PNs,2026-06-01 07:51:04,0.7485731271575929,0.0416092533877717,1.0995621212437883e-09,0.9841981099902388,Recovered · AT_BOUND(NO2_sq)
PNs,2026-06-01 07:51:55,0.8550987495966427,0.0460020024756465,1.2129711252022222e-09,0.9529887618762196,Recovered · STEP_LIMITED(NO2_sh)
PNs,2026-06-01 07:54:29,0.5863231456084691,0.0705334163685593,1.8727546236113598e-09,1.0329184390003556,"Recovered · AT_BOUND(NO2_sh,NO2_sq)"
PNs,2026-06-01 07:55:04,0.5989345917603207,0.0420116638816592,1.1101593301586346e-09,1.028436278164924,Recovered · STEP_LIMITED(NO2_sh)
PNs,2026-06-01 07:56:04,0.5310119521935267,0.0432833465826652,1.1445933834579407e-09,0.9529529019713352,Recovered
PNs,2026-06-01 07:57:04,0.5491686388036097,0.0428220509890795,1.1284961767358302e-09,1.0588011680181433,Recovered
PNs,2026-06-01 07:58:04,0.8180348228825525,0.0440488955903632,1.1634905527599196e-09,1.0693364817679227,Recovered
PNs,2026-06-01 07:59:05,0.8381343530803603,0.0415635297224387,1.0949445516311912e-09,0.9577907879817468,Recovered · STEP_LIMITED(NO2_sh)
PNs,2026-06-01 08:00:05,0.6919762497190644,0.0420004709300294,1.1113345286884099e-09,0.9627616467987242,Recovered · STEP_LIMITED(NO2_sh)
PNs,2026-06-01 08:01:05,0.7545347566412641,0.0388853737279031,1.0299838690007241e-09,1.052033068024875,Recovered
PNs,2026-06-01 08:02:04,0.4245881204920096,0.0403638804944804,1.0709555486471091e-09,1.0168387617758463,Recovered · AT_BOUND(NO2_sq)
PNs,2026-06-01 08:03:04,0.4972774043642444,0.0413143455794636,1.0930896019557154e-09,1.0124211619661183,Recovered · STEP_LIMITED(NO2_sh)
PNs,2026-06-01 08:04:04,0.7662362341840463,0.039706283135706,1.0511389817043752e-09,1.062121192726037,Recovered · STEP_LIMITED(NO2_sh)
PNs,2026-06-01 08:05:04,0.840395053471692,0.0395989058102601,1.044892167019887e-09,1.0326450553382642,Recovered
PNs,2026-06-01 08:06:04,1.0565311404072668,0.0406709343125815,1.0746409847339848e-09,0.9654034003460332,Recovered
PNs,2026-06-01 08:07:04,0.8837855652768598,0.0389166541825028,1.0321092616883442e-09,1.1035695323065131,Recovered · STEP_LIMITED(NO2_sh)
PNs,2026-06-01 08:08:04,0.999633817935209,0.0414748643516965,1.099554944459745e-09,1.02937930020539,Recovered
PNs,2026-06-01 08:09:04,1.1989325189405464,0.0433824168965991,1.150155751835337e-09,1.0300555304496102,Recovered
PNs,2026-06-01 08:10:05,0.7993498287675234,0.0379870996484974,1.0101621758774348e-09,1.0277520556963464,Recovered · AT_BOUND(NO2_sq)
PNs,2026-06-01 08:11:05,0.7984357676355208,0.0384965939661718,1.0216297283856724e-09,1.1013271187852356,Recovered
PNs,2026-06-01 08:12:05,1.009018138377457,0.0403907272386293,1.070677861741291e-09,1.1294969511148325,Recovered
PNs,2026-06-01 08:13:04,0.776475140551105,0.0391810217886055,1.0425548397983552e-09,1.0180517400091718,"Recovered · AT_BOUND(NO2_sh,NO2_sq)"
PNs,2026-06-01 08:14:04,0.4637126557886893,0.0380985171587435,1.014269777125358e-09,1.056068167270286,Recovered · AT_BOUND(NO2_sq)
PNs,2026-06-01 08:15:04,0.7426273508422055,0.0397614328065524,1.056692965496855e-09,1.008630315905202,Recovered · AT_BOUND(NO2_sq)
PNs,2026-06-01 08:16:04,0.8123798820910844,0.0386912651202889,1.0287433395823812e-09,1.1297929245526528,Recovered · AT_BOUND(NO2_sq)
PNs,2026-06-01 08:17:04,1.1406743091229496,0.0398762706375877,1.061124197793059e-09,1.104638373173462,Recovered · AT_BOUND(NO2_sq)
PNs,2026-06-01 08:18:04,0.939749765743992,0.0382848641943014,1.0180404770643794e-09,1.070334661651036,Recovered
PNs,2026-06-01 08:19:04,0.9460784126608572,0.0369688896007601,9.829138499748722e-10,1.0398718295026128,Recovered · AT_BOUND(NO2_sq)
PNs,2026-06-01 08:20:04,1.2170164986636531,0.0396869551745506,1.055344356516572e-09,1.1628050031705983,Recovered
PNs,2026-06-01 08:21:05,0.998595705916525,0.0382710527055131,1.014891412518485e-09,1.1306200018548906,Recovered · STEP_LIMITED(NO2_sh)
PNs,2026-06-01 08:22:05,1.0053214327178883,0.0378884101912403,1.0076684242208716e-09,1.1347964550238598,Recovered
PNs,2026-06-01 08:23:05,0.8504395924134768,0.0385654955012791,1.0254833889113034e-09,0.985689330266922,Recovered · AT_BOUND(NO2_sq)
PNs,2026-06-01 08:24:04,0.8599915966519253,0.0375548073340066,9.989467071012315e-10,1.130521013072939,Recovered · AT_BOUND(NO2_sq)
PNs,2026-06-01 08:25:04,0.8280802659471344,0.0375684092966794,1.0013910799047574e-09,1.1021478304155106,"Recovered · AT_BOUND(NO2_sh,NO2_sq)"
PNs,2026-06-01 08:26:04,0.8540292368811168,0.0384044143609426,1.0230481173903415e-09,1.0343080571366614,Recovered · AT_BOUND(NO2_sq)
PNs,2026-06-01 08:27:04,0.8998169522207609,0.0388683478977501,1.0332904972069343e-09,1.0014561576946708,"Recovered · AT_BOUND(NO2_sh,NO2_sq)"
PNs,2026-06-01 08:28:04,0.9578989405524502,0.0402558813352723,1.0700757950728435e-09,1.1586702089608287,Recovered · AT_BOUND(NO2_sq)
PNs,2026-06-01 08:29:04,0.8816548032449584,0.0378333851102989,1.0057748026589984e-09,1.112361871884617,Recovered · AT_BOUND(NO2_sq)
PNs,2026-06-01 08:30:04,1.1712306518400637,0.0400664869355406,1.065089554864401e-09,1.0570172431889016,Recovered · AT_BOUND(NO2_sq)
PNs,2026-06-01 08:31:05,1.8853732552555496,0.0419288585008363,1.1101995664239234e-09,1.0573156447215992,OK · STEP_LIMITED(NO2_sh)
PNs,2026-06-01 08:32:05,1.4060295895955028,0.0415466162779769,1.1037718818726934e-09,0.9961484069446608,Recovered · AT_BOUND(NO2_sq)
PNs,2026-06-01 08:33:05,1.2613267075053365,0.0397094676323826,1.0522652583227587e-09,1.0514082532260376,Recovered
PNs,2026-06-01 08:34:04,1.2012596083825011,0.0411315793381213,1.0934971498709128e-09,1.222185973919662,Recovered · AT_BOUND(NO2_sq)
PNs,2026-06-01 08:35:04,0.9074774937200362,0.0394762648101744,1.0482928655626542e-09,1.0352107130151842,Recovered · AT_BOUND(NO2_sq)
PNs,2026-06-01 08:36:04,0.9815683761068816,0.0434506419387004,1.1512469683216647e-09,1.087066949491834,Recovered
PNs,2026-06-01 08:37:04,0.9461238849119982,0.0422866251509864,1.1230067890692762e-09,1.0813893824210226,Recovered · AT_BOUND(NO2_sq)
PNs,2026-06-01 08:38:04,0.6636368835443252,0.0424832013827925,1.128222638234127e-09,1.0538548838409525,Recovered · AT_BOUND(NO2_sq)
PNs,2026-06-01 08:39:04,0.6235930378030932,0.043665387264601,1.1581727940051926e-09,1.1168203857787802,Recovered · AT_BOUND(NO2_sq)
PNs,2026-06-01 08:40:04,0.6400427885145343,0.0436212572597458,1.1575626904310844e-09,1.074990208760824,Recovered · AT_BOUND(NO2_sq)
PNs,2026-06-01 08:41:04,0.7426588077427235,0.0446723787434402,1.1843261137905343e-09,1.0693412871283297,Recovered · AT_BOUND(NO2_sq)
PNs,2026-06-01 08:42:05,0.8684595799349353,0.0461637210154081,1.225152684397088e-09,1.0699228217714147,Recovered · AT_BOUND(NO2_sq)
PNs,2026-06-01 08:43:05,1.3560602489897682,0.0463087797911602,1.2266058142511404e-09,1.0464315484429605,Recovered
PNs,2026-06-01 08:44:05,1.539163250296836,0.0456280013457401,1.2108853073892291e-09,1.0515780162579076,Recovered · STEP_LIMITED(NO2_sh)
PNs,2026-06-01 08:45:04,1.2657131674446382,0.0451122962232792,1.1939862724248424e-09,1.112289634878865,Recovered
PNs,2026-06-01 08:46:04,0.8881156523829791,0.0469998468327687,1.2432693884033156e-09,1.1274899999535208,Recovered · STEP_LIMITED(NO2_sh)
PNs,2026-06-01 08:47:04,0.7412873670987714,0.0474496295775129,1.259255216211683e-09,1.1135243774192,"Recovered · AT_BOUND(NO2_sh,NO2_sq)"
PNs,2026-06-01 08:48:04,1.031564459923329,0.0443049928039576,1.1744299751960716e-09,0.9997084682698696,Recovered · AT_BOUND(NO2_sq)
PNs,2026-06-01 08:49:04,1.2195632256884166,0.0452314712783393,1.200307611552997e-09,0.9915019829346696,Recovered · AT_BOUND(NO2_sq)
PNs,2026-06-01 08:50:04,1.1851809949230323,0.0467933643147817,1.2406124834357284e-09,1.0596261868314156,Recovered
PNs,2026-06-01 08:51:04,1.4621460180434005,0.0442724569885337,1.1748061520117399e-09,1.0078960143018867,OK · AT_BOUND(NO2_sq)
PNs,2026-06-01 08:51:56,1.5637834198911034,0.0502604118792848,1.3300795315158223e-09,1.0006319044065806,OK
PNs,2026-06-01 08:54:30,1.297244390748136,0.0742206399156732,1.956801941744077e-09,0.9867267488793526,Recovered · STEP_LIMITED(NO2_sh)
PNs,2026-06-01 08:55:05,1.623052174930072,0.0461263758937066,1.2204324185876502e-09,1.0287384198891536,OK · STEP_LIMITED(NO2_sh)
PNs,2026-06-01 08:56:05,1.4251903178376333,0.0465988048112743,1.2335992613615515e-09,0.9348896159238964,OK
PNs,2026-06-01 08:57:05,0.9658269751071606,0.0461181639217974,1.2182819593211634e-09,1.0477647060409192,Recovered
PNs,2026-06-01 08:58:05,0.8494298463526407,0.044441411046042,1.1719686971983254e-09,1.0058477369175811,Recovered
PNs,2026-06-01 08:59:05,1.0924817064494077,0.0431725966211057,1.1399969188837472e-09,1.0607670831955531,Recovered · STEP_LIMITED(NO2_sh)
PNs,2026-06-01 09:00:05,1.5788097435148063,0.0453586790225104,1.1981429967323412e-09,0.9706716960650252,OK · STEP_LIMITED(NO2_sh)
PNs,2026-06-01 09:01:05,1.49187755270501,0.0456272724797776,1.2040321766165352e-09,0.969015759589594,OK
PNs,2026-06-01 09:02:05,1.5511399188681263,0.0438027139038958,1.154983559825893e-09,1.0492256041357635,OK
PNs,2026-06-01 09:03:05,1.5373281708030568,0.0428202232664363,1.1320814836631502e-09,1.157643207986509,"OK · AT_BOUND(NO2_sh,NO2_sq)"
PNs,2026-06-01 09:04:05,1.6588487283177058,0.041955006967872,1.1076010274022523e-09,1.0450485369159137,OK
PNs,2026-06-01 09:05:05,1.5797447125332764,0.0449589711483478,1.186450129322856e-09,1.0145485247857904,OK
PNs,2026-06-01 09:06:05,1.4151752772574944,0.0471963050364698,1.2435748872997662e-09,1.0308441231212202,OK
PNs,2026-06-01 09:07:05,1.3872324287761573,0.0439310065884359,1.1574255087559146e-09,1.076900972904993,OK
PNs,2026-06-01 09:08:05,1.7775850828862578,0.0411094757958462,1.0832710331203974e-09,1.0524755282171734,OK
PNs,2026-06-01 09:09:05,1.6965600512912191,0.0420018976827797,1.1055627031294262e-09,1.0027821494936344,OK
PNs,2026-06-01 09:10:05,1.8127043917401164,0.0434546825937036,1.1439607845015394e-09,1.1097130695885389,OK
PNs,2026-06-01 09:11:05,1.7001988463542892,0.0425907363457345,1.120922530830836e-09,1.0487317267364349,OK
PNs,2026-06-01 09:12:05,1.0866508717601358,0.0426365979718097,1.121995983908863e-09,1.0620687735628611,Recovered
PNs,2026-06-01 09:13:05,0.885318600658386,0.0417850297317345,1.0962255114340627e-09,0.9586609389743668,Recovered
PNs,2026-06-01 09:14:05,0.9830828300724992,0.0388251093592959,1.020978711068197e-09,0.9846965669274056,Recovered · STEP_LIMITED(NO2_sh)
PNs,2026-06-01 09:15:05,1.084539987732791,0.040589285645744,1.0671217095075772e-09,1.1498693009121386,Recovered
PNs,2026-06-01 09:16:05,1.374558402589307,0.0384330333796757,1.0100988906727198e-09,1.0119409762692928,OK
PNs,2026-06-01 09:17:05,1.6273271723213203,0.039976519024694,1.049986078115652e-09,1.0083018038813163,OK
PNs,2026-06-01 09:18:05,1.5319639766681596,0.0400041109770915,1.050268890587773e-09,1.0273256614533317,OK
PNs,2026-06-01 09:19:05,1.6081049328822916,0.0390579566347966,1.0274064199837811e-09,0.9902725257458452,OK
PNs,2026-06-01 09:20:05,1.5444933983059117,0.0388014399661507,1.0185510053484792e-09,1.0455954904834222,OK
PNs,2026-06-01 09:21:05,1.6223721443882746,0.0381698401018711,1.0014278051183482e-09,0.9481831234037432,OK
PNs,2026-06-01 09:22:05,1.5599658152470015,0.0382277356938626,1.0016410324181702e-09,1.0566368728369766,OK
PNs,2026-06-01 09:23:05,1.5018335724330416,0.0382616080532844,1.001424558911769e-09,1.0460866917213405,OK
PNs,2026-06-01 09:24:05,1.383580002836354,0.0397962619945097,1.0427151896368441e-09,0.989311131065784,OK
PNs,2026-06-01 09:25:05,1.302510079256067,0.0383623678874806,1.0038526024288744e-09,1.0588168293478766,OK
PNs,2026-06-01 09:26:05,1.3484752587484448,0.0395063538749834,1.0322664616080155e-09,0.9564306176236952,OK
PNs,2026-06-01 09:27:05,1.427024721753935,0.0391384486395964,1.025102367952343e-09,0.9847483196914596,OK · STEP_LIMITED(NO2_sh)
PNs,2026-06-01 09:28:05,1.3388816226850455,0.0388636423340782,1.0163719429131598e-09,1.0657167097029063,OK
PNs,2026-06-01 09:29:05,1.485092163206195,0.0410476394497946,1.0722625530234944e-09,1.032044652975897,OK
PNs,2026-06-01 09:30:05,1.5552327274995876,0.0397685164895325,1.0399236321067776e-09,1.0131772787536728,OK
PNs,2026-06-01 09:31:05,1.5863382999859148,0.0389502008058412,1.0185349579282196e-09,1.0269492453085074,OK
PNs,2026-06-01 09:32:05,1.879425179895343,0.040335929643766,1.0535316594065328e-09,0.9825722272683308,OK
PNs,2026-06-01 09:33:05,1.8275758789858445,0.0402635383645734,1.051735744681919e-09,1.0526942209137258,OK
PNs,2026-06-01 09:34:05,1.8732462534180212,0.0396572604913982,1.0351080145610038e-09,0.998846268787979,OK
PNs,2026-06-01 09:35:05,1.7142202562940805,0.0415651764645159,1.083986725073972e-09,1.0554813670018948,OK
PNs,2026-06-01 09:36:05,1.4848520699493288,0.0406872581583439,1.0601856677224235e-09,1.0139707157141218,OK
PNs,2026-06-01 09:37:05,1.5527902075193447,0.0398348727914379,1.0403736303980288e-09,1.1509033206809662,OK
PNs,2026-06-01 09:38:05,1.6643740689101918,0.0413097167539995,1.0772521857932582e-09,0.9491144088415612,OK
PNs,2026-06-01 09:39:05,1.980568863028752,0.041642603681691,1.0848554249013766e-09,1.1471050099465996,OK
PNs,2026-06-01 09:40:05,1.8751098885748083,0.0413182163235946,1.0779025771518634e-09,1.0136709093376357,OK
PNs,2026-06-01 09:41:05,2.3021329250456235,0.0449194257293548,1.1690308440625986e-09,1.1058744261660611,OK
PNs,2026-06-01 09:42:05,1.925265854793573,0.0407615419874463,1.0605465347519242e-09,0.942744608076662,OK
PNs,2026-06-01 09:43:05,1.8221999784607212,0.041105030037621,1.0707033355020063e-09,1.1087557803283523,OK
PNs,2026-06-01 09:44:05,1.7788761252349132,0.0411814217207592,1.0724963879565024e-09,1.007257788586445,OK
PNs,2026-06-01 09:45:05,1.6075316903047152,0.0424210004384193,1.1048250982229051e-09,1.0707538678421868,OK
PNs,2026-06-01 09:46:05,1.6903174160589116,0.0426328550304564,1.1094179212613054e-09,1.0894146505557143,OK
PNs,2026-06-01 09:47:05,1.570800582399278,0.0418989678449784,1.090123427515204e-09,1.038180618091437,OK
PNs,2026-06-01 09:48:05,1.5454489924076142,0.0418708816069918,1.0889839354885301e-09,1.0522792974842734,OK
PNs,2026-06-01 09:49:05,1.5771625143492236,0.0409992365686769,1.065902712307722e-09,1.0088111725959887,OK
PNs,2026-06-01 09:50:05,1.6424022034428285,0.0436124718063917,1.1356415183019227e-09,1.040803287920261,OK
PNs,2026-06-01 09:51:05,1.594964487681097,0.0437778337872963,1.1382136446443623e-09,1.1057748518542694,OK · STEP_LIMITED(NO2_sh)
PNs,2026-06-01 09:51:57,1.5930735256144324,0.0474822671798634,1.2357903856569802e-09,1.070939164866786,OK
PNs,2026-06-01 09:56:06,1.47443173302797,0.0449568457201236,1.1704230172479964e-09,1.1429544035674608,OK
PNs,2026-06-01 09:57:06,1.540037612204353,0.0465279001037483,1.2097095307011823e-09,1.1031433382000968,OK
PNs,2026-06-01 09:58:06,1.4979393769445384,0.0464461653985471,1.2097554990302711e-09,1.0947414838674243,OK
PNs,2026-06-01 09:59:06,1.619197497811342,0.0437287199170592,1.1360105319610372e-09,1.038389262389747,OK
PNs,2026-06-01 10:00:06,1.7085133202095324,0.0422773966259075,1.0985080299208772e-09,1.0485349729120956,OK
PNs,2026-06-01 10:01:06,1.6741350958633106,0.0451812716676894,1.1728959863512247e-09,1.04149310535987,OK
PNs,2026-06-01 10:02:06,1.593379818973829,0.0435400876413095,1.1313289991930542e-09,1.0646666959113729,OK
PNs,2026-06-01 10:03:05,1.5590842803820864,0.0428794375350476,1.1133583185852262e-09,1.0038930959052978,OK
PNs,2026-06-01 10:04:05,1.5626340084579506,0.0408423886045336,1.059024931629845e-09,1.1115964248956285,OK
PNs,2026-06-01 10:05:05,1.7076617516011656,0.042897142374302,1.1140596356411015e-09,1.1051922226020992,OK
PNs,2026-06-01 10:06:05,1.7888995984777158,0.0419906689094934,1.0898030667762308e-09,1.0401424729346107,OK
PNs,2026-06-01 10:07:06,1.7793818076516463,0.0410607156499591,1.0646199573655607e-09,1.0508865637667422,OK
PNs,2026-06-01 10:08:06,1.7854974625934263,0.0427697667104929,1.1093084052381275e-09,0.991268068384743,OK
PNs,2026-06-01 10:09:06,1.755173517024089,0.0409637938665531,1.0640386979116535e-09,1.0364204777726218,OK
PNs,2026-06-01 10:10:06,1.738227117368305,0.0415397647719045,1.0784041226720571e-09,1.0639153320536736,OK
PNs,2026-06-01 10:11:06,1.8591298575479671,0.0411452666046778,1.0688715140567822e-09,1.028277526029027,OK
PNs,2026-06-01 10:12:06,1.7429879203278065,0.0423289395957411,1.0987809720982507e-09,1.0974443679426342,OK
PNs,2026-06-01 10:13:06,1.7290756259282751,0.0409191937238972,1.0634295111766067e-09,1.0874576807884393,OK
PNs,2026-06-01 10:14:05,1.6144071730085612,0.0409607332251503,1.062966322958137e-09,1.065415096525612,OK
PNs,2026-06-01 10:15:05,1.752580370506062,0.0429597360218866,1.1139357517806108e-09,1.0004703787438074,OK
PNs,2026-06-01 10:16:05,1.608120046593564,0.0400571340174722,1.0377139476092596e-09,1.0479479814981605,OK
PNs,2026-06-01 10:17:05,1.5712026027696062,0.0396489798578761,1.0279563686399583e-09,1.0105516194598148,OK
PNs,2026-06-01 10:18:06,1.5880962546529251,0.0408540584688903,1.061923014150066e-09,1.0095978857097994,OK
PNs,2026-06-01 10:19:06,1.6813197692457076,0.0409533553854484,1.0617277289509328e-09,1.040288645784128,OK
PNs,2026-06-01 10:20:06,1.7019666363255088,0.0380009882651553,9.83689131885579e-10,1.078028698979052,OK
PNs,2026-06-01 10:21:06,1.6813554934785322,0.0409621384567566,1.0630515726585816e-09,1.0408702184128444,OK
PNs,2026-06-01 10:22:06,1.5952237872173431,0.0415020773837172,1.076144887548987e-09,1.0111510295020605,OK
PNs,2026-06-01 10:23:06,1.6181227255146082,0.0387537405980191,1.0042893072299575e-09,1.0426886036752976,OK
PNs,2026-06-01 10:24:05,1.662521013781464,0.0416040418334807,1.0812226194637202e-09,1.0285258785398486,OK
PNs,2026-06-01 10:25:05,1.7148362491940832,0.0400398608435207,1.0381142962228948e-09,0.9363034993266685,OK
PNs,2026-06-01 10:26:05,1.769778139681686,0.0406528788333198,1.053142449381966e-09,1.0439053580317097,OK
PNs,2026-06-01 10:27:05,1.7808129547293494,0.0397432390913129,1.0301087248609674e-09,0.9781467677155744,OK
PNs,2026-06-01 10:28:06,1.7205202861835118,0.0415359751276756,1.0760977392852083e-09,1.0224412092963402,OK
PNs,2026-06-01 10:29:06,1.7454624282895923,0.0400967472657576,1.0406911830490414e-09,0.9703979079709624,OK · STEP_LIMITED(NO2_sh)
PNs,2026-06-01 10:30:06,1.7288402041556306,0.0410528724034393,1.0633620197304196e-09,0.9770445486583488,OK
PNs,2026-06-01 10:31:06,1.898945530709508,0.0437424683542177,1.134256004633571e-09,0.9711728802749816,OK
PNs,2026-06-01 10:32:06,1.8516811284699888,0.0405985808236699,1.051329378988867e-09,0.9873927263580432,OK
PNs,2026-06-01 10:33:06,1.8305498408847904,0.0424747006586661,1.1008812927919674e-09,0.9669212771283908,OK
PNs,2026-06-01 10:34:06,1.8475374814233936,0.0407205877393757,1.0565925689020818e-09,0.9782532097982368,OK
PNs,2026-06-01 10:35:05,1.7983625456937316,0.041074120661698,1.0653696630416436e-09,0.9767356962623334,OK
PNs,2026-06-01 10:36:05,1.7749577501028304,0.0408483153544422,1.0592009198213767e-09,0.9499479689590282,OK
PNs,2026-06-01 10:37:05,1.6326012443685625,0.0432065593872095,1.1186753555976982e-09,0.971877720632704,OK
PNs,2026-06-01 10:38:05,1.5795415301199032,0.0408743169270633,1.0591174479411114e-09,0.9247408153397324,OK
PNs,2026-06-01 10:39:06,1.490512781096726,0.0423468531358672,1.0968298414673888e-09,0.952071269647144,OK
PNs,2026-06-01 10:40:06,1.5110743351622833,0.0439772477032722,1.141896204695018e-09,0.9427217728880756,OK
PNs,2026-06-01 10:41:06,1.591376514381838,0.0431890381408055,1.1191755619914408e-09,1.0380977419700748,OK
PNs,2026-06-01 10:42:06,1.653030326306668,0.0404133465545085,1.0471071181195076e-09,0.9629794844442942,OK
PNs,2026-06-01 10:43:06,1.5760018148320458,0.0421175621105826,1.091153573891957e-09,1.0515343208926315,OK
PNs,2026-06-01 10:44:06,1.586129093558727,0.0438566642031877,1.134802100422104e-09,1.0046771566947552,OK
PNs,2026-06-01 10:45:06,1.6156533087475873,0.0452796117701234,1.172791842102275e-09,0.9416862827222487,OK
PNs,2026-06-01 10:46:05,1.5664556027922585,0.0428188733750368,1.1104913786761474e-09,0.9732758339892928,OK
PNs,2026-06-01 10:47:05,1.6284483733927029,0.0439776129401323,1.1397409200901319e-09,1.034637437766441,OK
PNs,2026-06-01 10:48:05,1.6387139222444012,0.0423500430462315,1.0969538816234103e-09,0.9586566538959812,OK
PNs,2026-06-01 10:49:05,1.6318611958537446,0.0443346489471391,1.1493419690929666e-09,1.0114580571068443,OK
PNs,2026-06-01 10:50:06,1.770606272546623,0.0422089258992883,1.093023571139299e-09,1.035726049072392,OK
PNs,2026-06-01 10:51:06,1.8322540236112583,0.0438884101666981,1.1370228954103275e-09,0.9549375779847749,OK
PNs,2026-06-01 10:51:58,1.90824980182395,0.0462591180004903,1.1991367134534835e-09,0.964439901499056,OK
PNs,2026-06-01 10:54:32,1.85202067955762,0.0759356439422411,1.966853430551895e-09,0.962016479796168,OK
PNs,2026-06-01 10:55:06,2.0610224419582144,0.0432027743117994,1.1202414066057822e-09,1.017725150684777,OK
PNs,2026-06-01 10:56:06,2.036941215281032,0.0419559840496764,1.0871662372222347e-09,1.0146494506801855,OK
PNs,2026-06-01 10:57:06,2.0150356524404787,0.0433867227253464,1.125538700858584e-09,0.956995099099562,OK
PNs,2026-06-01 10:58:06,1.581018901211234,0.0402801988479809,1.0441774508176898e-09,0.9735424055015628,OK
PNs,2026-06-01 10:59:06,1.5998868530381916,0.0415994123531726,1.0790186716920384e-09,0.981498596668131,OK
PNs,2026-06-01 11:00:06,1.54392668266511,0.0427324339807011,1.106510749723706e-09,0.9474660957834342,OK
PNs,2026-06-01 11:01:07,1.444339456884593,0.0420366319671231,1.0909930142880004e-09,0.9772519827206544,OK
PNs,2026-06-01 11:02:06,1.416009125613228,0.0419075331463756,1.0850232178932966e-09,1.0347546892629238,OK
PNs,2026-06-01 11:03:06,1.351439420270945,0.0423088836838613,1.0958874327831414e-09,0.9624944827322064,OK
PNs,2026-06-01 11:04:06,1.2224370226710068,0.0399339729678029,1.0354358572996135e-09,0.9450566800934462,OK
PNs,2026-06-01 11:05:06,1.2711233509591484,0.0390941720542136,1.014122865074314e-09,0.9051213444329208,OK
PNs,2026-06-01 11:06:06,1.251786760759021,0.0407870407787129,1.056147861679268e-09,0.9942607395307952,OK
PNs,2026-06-01 11:07:06,1.205920531572149,0.0408183061894441,1.0568152180044227e-09,0.9827651877178328,OK
PNs,2026-06-01 11:08:06,1.2494392649071542,0.0410140816575193,1.0642010968977146e-09,0.9781939224393766,OK
PNs,2026-06-01 11:09:06,1.34297243819733,0.0392293621551149,1.017303498720804e-09,0.9791875234550468,OK
PNs,2026-06-01 11:10:06,1.3766362964988408,0.0381986133580144,9.893556741592824e-10,1.0218464089093826,OK
PNs,2026-06-01 11:11:06,1.411797756359619,0.0371496052414619,9.64231746373122e-10,0.956956917254688,OK
PNs,2026-06-01 11:12:07,1.438535066159017,0.0373413734410954,9.676988935943691e-10,0.9560912713304964,OK
PNs,2026-06-01 11:13:06,1.4441755752888004,0.0385710599423105,9.982004317778543e-10,0.9687884661366132,OK
PNs,2026-06-01 11:14:06,1.4638503145902062,0.0373017617989446,9.65602111280961e-10,1.066272618255036,OK
PNs,2026-06-01 11:15:06,1.5299154707253693,0.0387828245659682,1.007196984596074e-09,0.9738278573833,OK · STEP_LIMITED(NO2_sh)
PNs,2026-06-01 11:16:06,1.5958182361298436,0.0377229241051184,9.768599686890601e-10,0.9640357389590428,OK
PNs,2026-06-01 11:17:06,1.6173517856681452,0.0379521783205163,9.842673349977312e-10,0.9931285176248118,OK
PNs,2026-06-01 11:18:06,1.7132431690469496,0.0392802893271017,1.018894323609608e-09,0.938544309435261,OK
PNs,2026-06-01 11:19:06,1.6842290750218936,0.0366691920487676,9.518771753383483e-10,1.0220060186184183,OK
PNs,2026-06-01 11:20:06,1.699450813308173,0.0387589860095409,1.0065123483685862e-09,1.0134929867657494,OK
PNs,2026-06-01 11:21:06,1.7531649722667682,0.0390839629344893,1.0139940496601758e-09,1.021852205625054,OK
PNs,2026-06-01 11:22:07,1.7612418798214138,0.0402930934940959,1.0465893482651808e-09,1.0034235138959668,OK
PNs,2026-06-01 11:23:06,1.7146046685565095,0.0385260608730212,1.0007718046911232e-09,1.0337461152296397,OK
PNs,2026-06-01 11:24:06,1.6994298298914248,0.0384115649283705,9.967838945174607e-10,1.099850528962807,OK
PNs,2026-06-01 11:25:06,1.7436195840580402,0.0394903426131911,1.025429101714832e-09,0.9936670211514677,OK
PNs,2026-06-01 11:26:06,1.7695399818639397,0.0393830907926045,1.0224168586645923e-09,1.0184607990940224,OK
PNs,2026-06-01 11:27:06,1.817678719424112,0.041108091735022,1.066539492696446e-09,0.9994015997148518,OK
PNs,2026-06-01 11:28:06,1.8258438299640996,0.0406310926325759,1.0550943864905531e-09,1.0484270251980243,OK
PNs,2026-06-01 11:29:06,1.6758478643658687,0.0402946712101405,1.0450561508599847e-09,1.0032138711075025,OK
PNs,2026-06-01 11:30:06,1.537329911122954,0.0402354957377409,1.0441373574206963e-09,0.9885567608913162,OK
PNs,2026-06-01 11:31:06,1.5643270375776217,0.0430282774140886,1.1167219018409951e-09,1.0087640330869612,OK
PNs,2026-06-01 11:32:06,1.574469040296886,0.0434056850821486,1.1264793543036594e-09,1.0813105358957376,OK
PNs,2026-06-01 11:33:07,1.5395851177276214,0.0403974729717242,1.0488520864707443e-09,1.080603155028354,OK
PNs,2026-06-01 11:34:06,1.5503252488162975,0.041033925624611,1.064933331528125e-09,1.0218986601722024,OK
PNs,2026-06-01 11:35:06,1.5577996175582027,0.04192188355665,1.089471674379936e-09,1.078892406106832,OK
PNs,2026-06-01 11:36:06,1.5422907495438165,0.0396067329630698,1.0287886095934816e-09,0.993873418799913,OK
PNs,2026-06-01 11:37:06,1.6320089194502694,0.0421588909924084,1.0973225506293803e-09,1.0921559449188112,OK
PNs,2026-06-01 11:38:06,1.706558314440812,0.0435439635148346,1.128190663380801e-09,0.9917504465086332,OK
PNs,2026-06-01 11:39:06,1.7481017057113328,0.0424700639938094,1.1029834071772848e-09,1.0141611550203409,OK
PNs,2026-06-01 11:40:06,1.7144428263080715,0.0420912119747567,1.0950207187474783e-09,1.0461139939650086,OK
PNs,2026-06-01 11:41:06,1.6868871778684231,0.0443209362650587,1.148591318197246e-09,1.002154225082561,OK
PNs,2026-06-01 11:42:06,1.6812256924376323,0.0439314496903472,1.1430432186500901e-09,1.0094895294083186,OK
PNs,2026-06-01 11:43:07,1.8017868739521368,0.0433560401760079,1.1266690584211787e-09,0.997791026300907,OK
PNs,2026-06-01 11:44:07,1.7633626881199085,0.0413618269527961,1.0772304223821332e-09,1.1186659602243485,OK · AT_BOUND(NO2_sq)
PNs,2026-06-01 11:45:06,1.7125944662033354,0.0428860113434775,1.1158868375193554e-09,1.0479372020264577,OK
PNs,2026-06-01 11:46:06,1.855346597918084,0.0426540581943972,1.109208230996281e-09,1.0388820637907683,OK
PNs,2026-06-01 11:47:06,1.8935559058343296,0.0434641932879985,1.1285929818880635e-09,1.021380614413622,OK
PNs,2026-06-01 11:48:06,1.7456036151164536,0.0456557341388095,1.1854457494237963e-09,1.0559155657164532,OK
PNs,2026-06-01 11:49:06,1.7546725255440798,0.0448701977746858,1.1678846577527316e-09,1.0032979923158136,OK
PNs,2026-06-01 11:50:06,1.776691736499488,0.0450784192734607,1.170793379122558e-09,0.9759334337138882,OK
PNs,2026-06-01 11:51:06,1.7393884815805656,0.0432216200719442,1.1233944394808103e-09,1.0430191310620056,OK
PNs,2026-06-01 11:52:00,1.8720905381376165,0.0460465800973408,1.1942598320905998e-09,0.9469035600138151,OK · STEP_LIMITED(NO2_sh)
PNs,2026-06-01 11:54:33,1.8662799596559687,0.0802445957451004,2.089597678724933e-09,0.9721408814592344,"Recovered · AT_BOUND(NO2_sh,NO2_sq)"
PNs,2026-06-01 11:55:07,1.8114277298926733,0.0415161206116313,1.0785741609917104e-09,1.0668280791776783,OK
PNs,2026-06-01 11:56:07,1.7654041707310055,0.0437997662857384,1.1374694381240338e-09,1.0650154494150397,OK
PNs,2026-06-01 11:57:07,1.695584945227285,0.0431006326710288,1.1192573752272587e-09,0.9863518654972456,OK
PNs,2026-06-01 11:58:07,1.671536616442761,0.0432263446101857,1.123116873211016e-09,0.9992931223659292,OK
PNs,2026-06-01 11:59:07,1.7490650470968,0.0418532249905513,1.0873310556668392e-09,0.9954059128849218,OK
PNs,2026-06-01 12:00:07,1.841351859911858,0.0420361760208566,1.0923322715367782e-09,0.899180505031454,OK
PNs,2026-06-01 12:01:07,1.726954347768026,0.0429721850756626,1.1175536111061763e-09,0.9697865640930154,OK
PNs,2026-06-01 12:02:07,1.7060888429592445,0.0421638687252599,1.09427922797355e-09,1.0625090069585577,OK · STEP_LIMITED(NO2_sh)
PNs,2026-06-01 12:03:06,1.7885601335421502,0.0402661003613089,1.0473632802832832e-09,1.092643770903608,OK
PNs,2026-06-01 12:04:06,1.8523494397242228,0.0408986105592318,1.0661909940567579e-09,0.962407795100306,OK · STEP_LIMITED(NO2_sh)
PNs,2026-06-01 12:05:07,1.6301187709501137,0.0391881291034586,1.0181325678428783e-09,1.039352849209589,OK
PNs,2026-06-01 12:06:07,1.5288035310506842,0.0395796501613041,1.029821456473788e-09,1.006751509781303,OK
PNs,2026-06-01 12:07:07,1.5204461258258202,0.0387706633679533,1.008904960748045e-09,0.9519132821354463,OK
PNs,2026-06-01 12:08:07,1.3368062332653394,0.0398497830411321,1.0345066936213946e-09,0.9627392074436564,OK
PNs,2026-06-01 12:09:07,1.3627988184578717,0.0397374730324707,1.033568663565383e-09,1.0475459789114665,OK
PNs,2026-06-01 12:10:07,1.2862549375616206,0.0372102556628813,9.678021470945682e-10,0.9963753361029876,OK
PNs,2026-06-01 12:11:07,1.3797598742658734,0.0395925875688562,1.0288024298922207e-09,1.0307344468849953,OK
PNs,2026-06-01 12:12:07,1.3104303392600438,0.0393348657725567,1.0214939683602311e-09,1.098254063054544,OK
PNs,2026-06-01 12:13:07,1.0773498125374117,0.0392039338931882,1.0179846874276381e-09,0.958697243261724,OK
PNs,2026-06-01 12:14:06,1.18901059440411,0.0396746210613681,1.03235543507226e-09,0.9859393442160296,OK · AT_BOUND(NO2_sq)
PNs,2026-06-01 12:15:07,1.1300464896170814,0.0367919076189068,9.58194865061031e-10,0.9807335706460688,OK · AT_BOUND(NO2_sq)
PNs,2026-06-01 12:16:07,1.184985510418297,0.0384964172793736,1.0002772298081123e-09,1.0777325855071012,OK
PNs,2026-06-01 12:17:07,1.244432630992355,0.0380564814923161,9.907401013541276e-10,1.063772243092352,OK
PNs,2026-06-01 12:18:07,1.1595781064218882,0.0359748990475202,9.36071081548228e-10,1.0447414506641013,OK · AT_BOUND(NO2_sq)
PNs,2026-06-01 12:19:07,1.202551274425789,0.0367984098897963,9.579119053025406e-10,0.946253811639449,OK
PNs,2026-06-01 12:20:07,1.232754494991807,0.0377740601260373,9.809407192683863e-10,1.0256292069821034,OK
PNs,2026-06-01 12:21:07,1.2940142341549288,0.0380025289361641,9.895956866995988e-10,0.997136216482902,OK
PNs,2026-06-01 12:22:07,1.2584666035336949,0.037203745567211,9.68235976298795e-10,0.984366861585915,OK
PNs,2026-06-01 12:23:07,1.270362157770226,0.0370250808939014,9.616155702415158e-10,0.9924598053007052,OK
PNs,2026-06-01 12:24:06,1.3332371122571542,0.0396426284907077,1.0297306240611476e-09,1.0326171125698105,OK
PNs,2026-06-01 12:25:06,1.3442825047208542,0.0363320119088762,9.436951145860778e-10,1.0369930388313704,OK
PNs,2026-06-01 12:26:07,1.3338687492898786,0.0388965160220264,1.0117843455622126e-09,1.0053150868695346,OK
PNs,2026-06-01 12:27:07,1.3757873911868512,0.0356927483035428,9.283319839791031e-10,1.0586310853426515,OK
PNs,2026-06-01 12:28:07,1.3719136211739236,0.0386997762080883,1.006698052949384e-09,1.0326733996096025,OK
PNs,2026-06-01 12:29:07,1.310514399430924,0.039844714534853,1.035508371078957e-09,0.99093282605967,OK
PNs,2026-06-01 12:30:07,1.338551364157896,0.0409310255223703,1.0645701542412255e-09,1.0456383038189456,OK
PNs,2026-06-01 12:31:07,1.3401259482949164,0.0381109432710997,9.910331851712231e-10,1.1213287984862528,OK · AT_BOUND(NO2_sq)
PNs,2026-06-01 12:32:07,1.3410056680113982,0.0396779384257606,1.0295308887942543e-09,0.9994940005382636,OK
PNs,2026-06-01 12:33:07,1.314089221960275,0.0400547230749733,1.0395562563081806e-09,1.058396708334007,OK · STEP_LIMITED(NO2_sh)
PNs,2026-06-01 12:34:07,1.364960314830053,0.0402075355197921,1.044452055137695e-09,1.0124488003278065,OK
PNs,2026-06-01 12:35:06,1.4093471544889484,0.0413209304080051,1.0734171039676927e-09,1.0135295027751086,OK · AT_BOUND(NO2_sq)
PNs,2026-06-01 12:36:07,1.5040771282023282,0.0396226047844669,1.0306370481770535e-09,1.0252411563492725,OK
PNs,2026-06-01 12:37:07,1.4790108437885765,0.0405812801838357,1.0543974669492523e-09,0.9833001671016248,OK
PNs,2026-06-01 12:38:07,1.4947386427994982,0.0397612356065474,1.0325545424885072e-09,1.047641809342308,OK
PNs,2026-06-01 12:39:07,1.5913342282802316,0.0414904786085709,1.0759823649005356e-09,1.019456859033628,OK
PNs,2026-06-01 12:40:07,1.5966304007778844,0.0432272815172108,1.122325729468528e-09,0.941009363332807,OK
PNs,2026-06-01 12:41:07,1.6183390802856403,0.041995478510728,1.0929803572024936e-09,1.0552088980035426,OK · STEP_LIMITED(NO2_sh)
PNs,2026-06-01 12:42:07,1.5899252981021623,0.0427782522165071,1.1114713550948148e-09,1.046583322840042,OK
PNs,2026-06-01 12:43:07,1.63066717247944,0.0431039497691884,1.1206024625364135e-09,1.088196693975455,OK
PNs,2026-06-01 12:44:07,1.6391041278978271,0.0422834175191211,1.0989300490172204e-09,0.9971551201824004,OK
PNs,2026-06-01 12:45:07,1.6348534183854773,0.0444582800109855,1.1545951969980803e-09,1.0029403260331529,OK
PNs,2026-06-01 12:46:06,1.7531477681395482,0.0435172690221554,1.1303821889275982e-09,0.996704110437868,OK
PNs,2026-06-01 12:47:07,2.0255266285123974,0.0450275896940812,1.1688691246457591e-09,1.0366360927580267,OK
PNs,2026-06-01 12:48:07,1.859721904615932,0.0445160129165667,1.1553864286523486e-09,0.9373919492214215,OK
PNs,2026-06-01 12:49:07,2.0460207764302623,0.0454662862306182,1.180896723772784e-09,1.1143806012089887,OK
PNs,2026-06-01 12:50:07,1.8922048756919423,0.0435047427640095,1.1321689212054344e-09,0.969185201081186,OK
PNs,2026-06-01 12:51:07,1.881666433036864,0.0462112818823102,1.199899520537894e-09,1.0084737144154925,OK
PNs,2026-06-01 12:52:01,1.920677898146345,0.0470419417198384,1.2197909454399186e-09,0.9774401493397594,OK
PNs,2026-06-01 12:56:08,2.662305029245952,0.0447495169918522,1.1632581791901128e-09,1.0454322719319555,OK
PNs,2026-06-01 12:57:07,2.6869005152138103,0.0432161239963893,1.1243796592051147e-09,0.9639341495037094,OK
PNs,2026-06-01 12:58:08,2.8001918610852963,0.0451810258283001,1.1735751117790967e-09,1.0144454206316718,OK
PNs,2026-06-01 12:59:08,3.037034465455767,0.044846990328762,1.1652271446287495e-09,1.0321768926123565,OK
PNs,2026-06-01 13:00:08,3.065422595475671,0.0464293229187044,1.2060541614332723e-09,0.9898216078031684,OK
PNs,2026-06-01 13:01:08,3.536883866338342,0.0447993142384008,1.162891011088677e-09,1.066899284212326,OK
PNs,2026-06-01 13:02:07,3.4320463515098423,0.0436988318626857,1.1348460418525403e-09,0.9714195388469644,OK
PNs,2026-06-01 13:03:07,3.4845340645822347,0.0430057337710107,1.1167539806488612e-09,0.9773072311625356,OK
PNs,2026-06-01 13:04:07,3.563100696745672,0.0443948068894844,1.152983208282865e-09,0.9864521561062084,OK
PNs,2026-06-01 13:05:07,4.211367897660109,0.0452007091031521,1.1736806932330743e-09,0.947389666918942,OK
PNs,2026-06-01 13:06:07,4.330296912601215,0.043406442643246,1.1267225996152322e-09,0.9991291489709,OK
PNs,2026-06-01 13:07:07,4.380568290923334,0.0449514578073903,1.1674568776376487e-09,0.9700306815648574,OK
PNs,2026-06-01 13:08:07,4.456717621987137,0.0431195652062208,1.120352083313692e-09,1.013113011419274,OK
PNs,2026-06-01 13:09:08,4.319154957822965,0.0426361151557555,1.1068859357264315e-09,0.9564414292968948,OK
PNs,2026-06-01 13:10:08,4.328747249682783,0.0437418509250393,1.1362299122357484e-09,1.0447378713515527,OK
PNs,2026-06-01 13:11:08,4.283238111863712,0.0423160660394662,1.099687898437342e-09,0.9987175472234716,OK
PNs,2026-06-01 13:12:08,4.3010781833342735,0.0422587845524142,1.097831787390799e-09,0.9932316715555368,OK
PNs,2026-06-01 13:13:07,4.284783192876643,0.042407555885796,1.1011564305802384e-09,0.9221933521823884,OK
PNs,2026-06-01 13:14:07,4.389117175400258,0.0413061419341245,1.0718700118250135e-09,0.9997673188777504,OK
PNs,2026-06-01 13:15:07,4.147703646082934,0.0389775170227038,1.0120763681371566e-09,1.0512839375865426,OK
PNs,2026-06-01 13:16:07,4.317878928813957,0.0399921952871523,1.0386435354727643e-09,0.9216508133187236,OK
PNs,2026-06-01 13:17:07,4.584319868952202,0.0406481074374281,1.0553732407501366e-09,1.003534340359373,OK
PNs,2026-06-01 13:18:07,4.721270222206703,0.039534363219506,1.0261359507715675e-09,1.0026691737010769,OK
PNs,2026-06-01 13:19:07,4.707471908733767,0.0413841244190567,1.0745695809088646e-09,1.081601971660466,OK
PNs,2026-06-01 13:20:08,4.800938665259429,0.0427233449675881,1.1100737152529071e-09,0.9781184880983212,OK
PNs,2026-06-01 13:21:08,4.940690082830356,0.0378989570101233,9.838498614691783e-10,0.9491909996391584,OK
PNs,2026-06-01 13:22:08,4.721473145619725,0.041233416439434,1.070811084718403e-09,0.970670510645892,OK
PNs,2026-06-01 13:23:07,4.644888693554717,0.0401781883279416,1.0430024801646306e-09,1.028009462164673,OK
PNs,2026-06-01 13:24:07,4.966520276050967,0.0401730700348786,1.0438246809788907e-09,0.9092037333659588,OK
PNs,2026-06-01 13:25:07,5.075885270188523,0.0390858924982171,1.014680446238664e-09,0.950937790465216,OK
PNs,2026-06-01 13:26:07,4.864980537434819,0.0383131960851644,9.948464656266787e-10,0.9515525557424068,OK
PNs,2026-06-01 13:27:07,4.798946756128824,0.0405813524184805,1.053557472216809e-09,0.9770607119066133,OK
PNs,2026-06-01 13:28:07,4.743379375272607,0.0426855801735499,1.1091371227891227e-09,0.9577016260372042,OK
PNs,2026-06-01 13:29:07,4.732573277249142,0.0435202718177114,1.130016224319104e-09,0.9288689100229044,OK
PNs,2026-06-01 13:30:08,4.658917481452824,0.0413856794495852,1.0745361510762886e-09,0.9470389551742016,OK
PNs,2026-06-01 13:31:08,4.499354495803034,0.0401158110013314,1.0412668185002535e-09,0.926911707965915,OK
PNs,2026-06-01 13:32:08,4.5063796894505295,0.0408037473830591,1.0589143802655335e-09,0.9450341175960364,OK
PNs,2026-06-01 13:33:08,4.364386029908713,0.0415461485465475,1.0792713863260847e-09,0.9429876212675808,OK
PNs,2026-06-01 13:34:07,4.396268141031985,0.0429407894814439,1.1148249282018094e-09,0.9837482624187788,OK
PNs,2026-06-01 13:35:07,4.32562478203619,0.0418091687975643,1.0859073757983335e-09,0.939007175757545,OK
PNs,2026-06-01 13:36:07,4.290004610315642,0.0432763308679809,1.1240083568632462e-09,0.9570893077239228,OK
PNs,2026-06-01 13:37:07,4.264059551289557,0.0440221426375317,1.1436592146656175e-09,0.9972225738742344,OK
PNs,2026-06-01 13:38:07,4.227332897038401,0.044590186951408,1.1577352907513216e-09,0.9790475030651292,OK
PNs,2026-06-01 13:39:07,4.139811703065165,0.0451836424134884,1.1737506191868803e-09,0.9988999312088834,OK
PNs,2026-06-01 13:40:07,4.405525764455336,0.041333220793865,1.0734626875697152e-09,0.9662808625083252,OK
PNs,2026-06-01 13:41:08,4.577468840080296,0.0452861915613478,1.176007635124682e-09,1.0049100268634852,OK
PNs,2026-06-01 13:42:08,4.78755432264434,0.0466240791351734,1.2110385160173501e-09,0.9688813835623908,OK
PNs,2026-06-01 13:43:08,4.936418070646372,0.0468953715688888,1.2172473203568763e-09,0.9220069378249146,OK
PNs,2026-06-01 13:44:08,5.013733553618499,0.0486285203064178,1.262836684925947e-09,0.9511550648355476,OK
PNs,2026-06-01 13:45:07,4.953375606838392,0.0489392946799665,1.2709055227333722e-09,0.880025488222008,OK
PNs,2026-06-01 13:46:07,5.074264789788666,0.0490940995800202,1.2747945626155403e-09,0.9564583903470512,OK
PNs,2026-06-01 13:47:07,5.087136825766398,0.0500818492493964,1.300891963466483e-09,0.9613110813301514,OK
PNs,2026-06-01 13:48:07,4.850423365614501,0.0497643782311887,1.2923967067145615e-09,0.9013568012487913,OK
PNs,2026-06-01 13:49:07,4.760119487087106,0.0485026479804314,1.2597047423631751e-09,0.9333042090313282,OK
PNs,2026-06-01 13:50:07,4.5638754063322615,0.048503083793864,1.2588349769848906e-09,1.0003788255302477,OK
PNs,2026-06-01 13:51:08,4.485947768043281,0.0484715706156915,1.257859966533861e-09,0.9029399993614212,OK
PNs,2026-06-01 13:52:02,4.495199161262062,0.050402315590573,1.307753447322892e-09,0.9411190033864502,OK
PNs,2026-06-01 13:54:35,4.700220534161182,0.1018442442790904,2.6410019999494147e-09,0.9664340938466334,OK
PNs,2026-06-01 13:55:08,4.646623901469916,0.0485015943704548,1.258537355243206e-09,0.9342207332724418,OK
PNs,2026-06-01 13:56:08,4.602389980539435,0.0465833053051786,1.2078199794300947e-09,0.9492517112791954,OK
PNs,2026-06-01 13:57:08,4.4369191692779735,0.0502634534419861,1.3036170861691216e-09,0.9173577611029862,OK
PNs,2026-06-01 13:58:08,4.505643674213811,0.0468284561787349,1.2144804511401831e-09,0.9707646502634862,OK
PNs,2026-06-01 13:59:08,4.423066740424503,0.0478174250917724,1.2400908479207366e-09,0.927494649189526,OK
PNs,2026-06-01 14:00:08,4.3922211955404284,0.0505859923787158,1.311663645551998e-09,0.9453901096951508,OK
PNs,2026-06-01 14:01:08,4.519308992849451,0.0467177909910596,1.2115211443924983e-09,0.9080350902003552,OK
PNs,2026-06-01 14:02:08,4.584137305520595,0.0498944984185019,1.2933625022025294e-09,0.9878220925696044,OK
PNs,2026-06-01 14:03:08,4.355337477307777,0.0451956718290305,1.1715602328126966e-09,0.9635568743491356,OK
PNs,2026-06-01 14:04:08,4.216055028857856,0.0465495959599778,1.2068846063140943e-09,0.9115728465631624,OK
PNs,2026-06-01 14:05:08,4.366262634196763,0.0465371216948309,1.2059312359178866e-09,0.949609615546984,OK
PNs,2026-06-01 14:06:08,4.5904535230869055,0.045671158305117,1.184168434778145e-09,0.9536670346541404,OK
PNs,2026-06-01 14:07:08,4.551437138379696,0.0444359002583036,1.15219941245838e-09,0.9424331643477496,OK
PNs,2026-06-01 14:08:08,4.485303799924721,0.0429313160445547,1.113552990840575e-09,0.995407840496644,OK
PNs,2026-06-01 14:09:08,4.403717643662794,0.0429431490209048,1.1137571401143118e-09,0.962880208394912,OK
PNs,2026-06-01 14:10:08,4.277054507039531,0.0436625643151792,1.1320906526613227e-09,0.9063585980596932,OK
PNs,2026-06-01 14:11:08,4.227082063795999,0.043180961250671,1.1193924066674502e-09,0.9656811027865446,OK
PNs,2026-06-01 14:12:08,4.456629543020056,0.045129423933195,1.1700151373122442e-09,0.9533236405520984,OK
PNs,2026-06-01 14:13:08,4.376382080685456,0.0436134292426827,1.1309078882643196e-09,0.941818267671372,OK
PNs,2026-06-01 14:14:08,4.276202224774689,0.0413561253128167,1.072593672317684e-09,0.891095252380932,OK
PNs,2026-06-01 14:15:08,4.401054231135709,0.0433144458866134,1.1225435540787935e-09,0.951488714611198,OK
PNs,2026-06-01 14:16:08,4.389399732947063,0.0437086586089405,1.1332088037409254e-09,0.9568422949842312,OK
PNs,2026-06-01 14:17:08,4.408582775252516,0.0426741968639724,1.1062231453816375e-09,0.9095698381325836,OK
PNs,2026-06-01 14:18:08,4.21918567224357,0.0419282953202715,1.0870109765464684e-09,0.9316897489679886,OK
PNs,2026-06-01 14:19:08,4.313477112663822,0.043090732152768,1.1165607287353635e-09,0.9944663816483998,OK
PNs,2026-06-01 14:20:08,4.296840471102258,0.041396432478397,1.073219510590528e-09,1.0128298461984262,OK
PNs,2026-06-01 14:21:08,4.3503004206059535,0.0410783448025481,1.0651502142447655e-09,0.92425153358096,OK
PNs,2026-06-01 14:22:08,4.728493120655205,0.0437381131127883,1.134692413639218e-09,0.973989659921602,OK
PNs,2026-06-01 14:23:08,4.955358976830998,0.042800008040148,1.1093414351947383e-09,0.9317405132858484,OK
PNs,2026-06-01 14:24:08,4.8730573595468165,0.0409404710412487,1.0612659221527996e-09,0.8974724402971552,OK
PNs,2026-06-01 14:25:08,4.778166591131709,0.0436398709649106,1.131895370419717e-09,0.953010664719672,OK
PNs,2026-06-01 14:26:08,4.829313849728246,0.0415596364994756,1.0780538234545131e-09,0.9319243715623734,OK
PNs,2026-06-01 14:27:08,5.263644806545891,0.0409904466915367,1.06261727492545e-09,0.9783300369998552,OK
PNs,2026-06-01 14:28:08,5.361879644982362,0.0438033222129452,1.1358606148051392e-09,0.9723693883953024,OK
PNs,2026-06-01 14:29:08,5.466018294894033,0.0445033925250108,1.1547107577489983e-09,1.0144887367886992,OK
PNs,2026-06-01 14:30:08,5.329379789707173,0.0450157794744399,1.1679132057218347e-09,0.9969838094500292,OK
PNs,2026-06-01 14:31:08,5.82567078281958,0.0431714019266277,1.1194539491893778e-09,1.0249345326843105,OK
PNs,2026-06-01 14:32:08,5.575759180702151,0.0445086767574654,1.154910882166476e-09,0.9060036261851354,OK
PNs,2026-06-01 14:33:08,5.458733423198841,0.0451281189655684,1.1703455071788592e-09,0.9477478294717024,OK
PNs,2026-06-01 14:34:08,5.514609437070367,0.0466222930832095,1.208883520241952e-09,0.9982425980661608,OK
PNs,2026-06-01 14:35:08,5.456494812259488,0.0440546586074087,1.141486400687627e-09,0.9467534713995128,OK
PNs,2026-06-01 14:36:08,5.805868583545948,0.0483384700694803,1.2526499444504684e-09,0.9127977379809668,OK
PNs,2026-06-01 14:37:08,5.803919116550805,0.0444942593813005,1.1526724139375376e-09,0.9745348592517415,OK
PNs,2026-06-01 14:38:08,6.072533279108588,0.045219893108508,1.172056877961451e-09,0.8693619467697892,OK
PNs,2026-06-01 14:39:08,6.012187345663836,0.0463542902982185,1.2008767915140791e-09,0.9764451630152824,OK
PNs,2026-06-01 14:40:08,6.077339967062676,0.0478000134416086,1.2391141812428278e-09,0.9325921184969972,OK
PNs,2026-06-01 14:41:08,6.019536067096886,0.0475533662123883,1.2322364249825343e-09,0.9767553750906872,OK
PNs,2026-06-01 14:42:08,5.907871593715764,0.048266372792471,1.2509484772911414e-09,0.921454372679848,OK
PNs,2026-06-01 14:43:08,6.035338065557678,0.0473036637398872,1.2254172687297202e-09,0.9606376876289674,OK
PNs,2026-06-01 14:44:08,5.994909998153221,0.047773496056706,1.238662381496944e-09,0.960836998465004,OK
PNs,2026-06-01 14:45:08,5.931484396751919,0.0503213963113745,1.3042356204990827e-09,0.9561967774104384,OK
PNs,2026-06-01 14:46:08,5.88506775712809,0.048253803586471,1.2502854618308194e-09,1.0092982374921875,OK
PNs,2026-06-01 14:47:08,5.78838252700192,0.0498567200204781,1.2925138706946371e-09,0.9662504006845072,OK
PNs,2026-06-01 14:48:08,5.629352764422944,0.0485985917534697,1.2607175845942024e-09,1.0148740835815575,OK
PNs,2026-06-01 14:49:08,5.46758993008132,0.0483817054745799,1.2535187799997072e-09,0.911076387272964,OK
PNs,2026-06-01 14:50:08,5.448425069496717,0.0476070645605662,1.2335874343324255e-09,1.037399655471099,OK
PNs,2026-06-01 14:51:08,5.093180814875358,0.0474810630638064,1.230323482750931e-09,0.9643100793648868,OK
PNs,2026-06-01 14:52:03,4.765927785502062,0.0500938424217466,1.298642630471404e-09,0.9634841958529592,OK
PNs,2026-06-01 14:54:37,4.947577642899678,0.1239551285596793,3.220139351340406e-09,0.9135464967876368,OK
PNs,2026-06-01 14:55:08,4.910312871463593,0.0483851818967561,1.25355114732145e-09,0.9888655963539282,OK
PNs,2026-06-01 14:56:09,4.796989521564622,0.0469466364659665,1.2162743279423922e-09,0.970553940656514,OK
PNs,2026-06-01 14:57:09,4.922242400703204,0.0482099317279494,1.2506295872210134e-09,0.9635228122473096,OK
PNs,2026-06-01 14:58:09,4.970605206435269,0.048946093422959,1.2684060195463072e-09,0.9211461417855606,OK
PNs,2026-06-01 14:59:09,5.2675860060188295,0.0460209139682966,1.1925780088929644e-09,0.9870274598282612,OK
PNs,2026-06-01 15:00:09,5.146587611465729,0.0456526267882566,1.1826397235842374e-09,0.9240331545312576,OK
PNs,2026-06-01 15:01:09,5.28292123768906,0.0486291464519478,1.2597639951687346e-09,0.927590011981579,OK
PNs,2026-06-01 15:02:09,5.406488575472486,0.0489533596421041,1.2693423083607746e-09,0.9965475051479978,OK
PNs,2026-06-01 15:03:08,5.135709646279726,0.046658898546017,1.2103065443250663e-09,0.9344756354210798,OK
PNs,2026-06-01 15:04:08,4.835866501692932,0.0435380703044879,1.1290703834566488e-09,0.9642075896858452,OK
PNs,2026-06-01 15:05:08,4.763497020100739,0.0446787925591608,1.1583334768480831e-09,0.930798897425241,OK
PNs,2026-06-01 15:06:09,4.708822292952739,0.0450190243478258,1.167006935756016e-09,0.9781353891333466,OK
PNs,2026-06-01 15:07:09,4.849181436015661,0.045601894645956,1.1822413192487344e-09,0.9789417531557332,OK
PNs,2026-06-01 15:08:09,4.803542878251447,0.0443469888121316,1.1496505611723456e-09,0.9706755690728116,OK
PNs,2026-06-01 15:09:09,5.045585328351189,0.0445461319203519,1.155379614385501e-09,0.9485472590125348,OK
PNs,2026-06-01 15:10:09,4.863155937430824,0.0437508661047413,1.134364765705311e-09,0.955663043358084,OK
PNs,2026-06-01 15:11:09,4.970941724892401,0.0446104283905688,1.1564736160890632e-09,0.9580087390919476,OK
PNs,2026-06-01 15:12:09,4.933918586012745,0.0428422575973907,1.1104314691603538e-09,0.9695438731149992,OK
PNs,2026-06-01 15:13:08,4.9627329474181385,0.0422892405146914,1.0972271031044482e-09,0.9633277153951812,OK
PNs,2026-06-01 15:14:08,4.877940031375452,0.0430065948919619,1.1150484752619796e-09,0.9460203720274518,OK
PNs,2026-06-01 15:15:08,4.927775299953069,0.0417148656358704,1.0818283250305563e-09,0.9359158649418694,OK
PNs,2026-06-01 15:16:08,4.994771002099205,0.0405384891536629,1.0515981843380548e-09,0.9263037831926384,OK
PNs,2026-06-01 15:17:09,4.929529561036076,0.0420988274672225,1.0915427151430803e-09,0.9663649136454668,OK
PNs,2026-06-01 15:18:09,4.942114540955463,0.0432821699596823,1.1222357785632322e-09,1.0001816751769432,OK
PNs,2026-06-01 15:19:09,4.908453002768612,0.0402055805587054,1.042763075321903e-09,0.9072956371033676,OK
PNs,2026-06-01 15:20:09,4.936332144188249,0.0403337595448897,1.045916600641535e-09,0.932109672119246,OK
PNs,2026-06-01 15:21:09,4.92168466348391,0.0400072740932658,1.0372504038598175e-09,0.9703463527145914,OK
PNs,2026-06-01 15:22:09,4.92261070300265,0.0440655375707252,1.1425384061411638e-09,1.0600672375793014,OK
PNs,2026-06-01 15:23:09,4.927686360513666,0.0442630616339918,1.147373555863912e-09,0.9528019791479552,OK
PNs,2026-06-01 15:24:08,4.781616833571416,0.0409229148743238,1.0620410890047027e-09,1.010846476812557,OK
PNs,2026-06-01 15:25:08,4.702373087449788,0.0388834752217891,1.008308732950161e-09,0.988221386120188,OK
PNs,2026-06-01 15:26:08,4.61727785751742,0.0405428940712541,1.0518470429966819e-09,0.9840018045825782,OK
PNs,2026-06-01 15:27:08,4.599524107134626,0.0424123125934293,1.100252198582939e-09,0.9548251722478754,OK
PNs,2026-06-01 15:28:09,4.58508662683163,0.0422744332904278,1.0961937090699083e-09,1.0338780288194596,OK
PNs,2026-06-01 15:29:09,4.511988368964273,0.0418209577629215,1.0849507907717964e-09,0.9611228105280673,OK
PNs,2026-06-01 15:30:09,4.575809908859742,0.042128030619507,1.0928077899479951e-09,0.983819701206062,OK
PNs,2026-06-01 15:31:09,4.704044281099107,0.0423271251658599,1.098067112816756e-09,0.9584494160725218,OK
PNs,2026-06-01 15:32:09,4.682247165364376,0.0436765163260416,1.1325148180964754e-09,0.9820564605236756,OK
PNs,2026-06-01 15:33:09,4.785079508895762,0.0442165013154971,1.1469474430061694e-09,0.9051178411047174,OK
PNs,2026-06-01 15:34:09,4.770510111611706,0.0434034901758853,1.126094732078797e-09,0.9384689588976196,OK
PNs,2026-06-01 15:35:08,4.699082915691783,0.0440657377974858,1.1427012536982947e-09,0.9346952510215772,OK
PNs,2026-06-01 15:36:08,4.539199592462179,0.042900441433627,1.1134369503535518e-09,0.9338508145721564,OK
PNs,2026-06-01 15:37:08,4.429201292194248,0.043759079284083,1.136379284174801e-09,1.0108280130811704,OK
PNs,2026-06-01 15:38:09,4.510671791215938,0.0427211525362059,1.1093436601338595e-09,0.9630053050288354,OK
PNs,2026-06-01 15:39:09,4.862962848291588,0.0434308013118877,1.1268033869078395e-09,0.9451398939580512,OK
PNs,2026-06-01 15:40:09,5.39504750995201,0.0450517564565789,1.1688234512904514e-09,0.9742442410190756,OK
PNs,2026-06-01 15:41:09,5.514167756728553,0.0477648208248013,1.239223232259148e-09,1.0375955518489397,OK
PNs,2026-06-01 15:42:09,5.5709104163535486,0.0474512916455943,1.231681166521591e-09,0.9286661094019516,OK
PNs,2026-06-01 15:43:09,5.702218433487384,0.046502312875455,1.206109505663022e-09,0.934703623514547,OK
PNs,2026-06-01 15:44:09,5.661117250938828,0.0473060626478401,1.2275329227089212e-09,1.0396607934695286,OK
PNs,2026-06-01 15:45:08,5.640310567735679,0.048140528757186,1.2484358544082262e-09,0.9868795342726244,OK
PNs,2026-06-01 15:46:08,5.844282980789576,0.0488977816596983,1.2688467911030755e-09,0.89747479732608,OK
PNs,2026-06-01 15:47:08,5.992064592563152,0.0486708951466691,1.2626623045512031e-09,1.048693013753865,OK
PNs,2026-06-01 15:48:08,6.057091125225289,0.0502539174387475,1.3037488675760811e-09,1.0009840180290963,OK
PNs,2026-06-01 15:49:09,5.9596896349790685,0.0488860368342468,1.2678000821749499e-09,1.0055767966314808,OK
PNs,2026-06-01 15:50:09,5.986639479008591,0.0513536546056262,1.331649700882478e-09,0.9347104129075996,OK
PNs,2026-06-01 15:51:09,5.983427239460829,0.0515386942639641,1.3361980732580974e-09,0.9794013776919176,OK
PNs,2026-06-01 15:52:04,5.879029598924724,0.0469940141574847,1.2184977057509475e-09,0.8297483953820712,OK
PNs,2026-06-01 15:56:11,5.575115761708879,0.051451253852572,1.334677731832012e-09,0.9725258035196293,OK
PNs,2026-06-01 15:57:09,5.463795452241061,0.0463095422780505,1.2010622654547974e-09,1.0295948021546386,OK
PNs,2026-06-01 15:58:09,5.629727462233985,0.0494349113753882,1.2824802554627326e-09,1.0149521715941834,OK
PNs,2026-06-01 15:59:09,5.68670462329653,0.0499603318365058,1.2958796815883436e-09,0.988755895965386,OK
PNs,2026-06-01 16:00:10,5.555329397523752,0.0465927366943447,1.2094953476603246e-09,0.9406043604577252,OK
PNs,2026-06-01 16:01:10,5.58678069941804,0.049088870541499,1.2730688499952235e-09,0.9879059821299516,OK
PNs,2026-06-01 16:02:09,5.5620175705180905,0.0488513086012934,1.2672190197192047e-09,0.9257886361571293,OK
PNs,2026-06-01 16:03:09,5.503491478834785,0.0481126469156889,1.247923470415759e-09,0.9326382948317726,OK
PNs,2026-06-01 16:04:09,5.445573722016203,0.0466235788030066,1.209024769201127e-09,0.9006932534417718,OK
PNs,2026-06-01 16:05:09,4.992734965282287,0.0474366447958665,1.2299700753065555e-09,0.9381782978663245,OK
PNs,2026-06-01 16:06:09,5.153355467729754,0.0478970761168275,1.242752208612064e-09,1.0255291218782288,OK
PNs,2026-06-01 16:07:09,5.066616610985942,0.0459064075219821,1.1912999740209916e-09,0.9412974516812724,OK
PNs,2026-06-01 16:08:09,4.95034707476845,0.0469700640236186,1.2183583307400584e-09,0.9944086959633992,OK
PNs,2026-06-01 16:09:09,4.875004275546109,0.0443112981030577,1.1490779849344887e-09,0.9771080969164898,OK
PNs,2026-06-01 16:10:09,5.006836276811422,0.0439672181536776,1.140075018589818e-09,0.9471792764400055,OK
PNs,2026-06-01 16:11:10,4.8535273977205575,0.0446045057110435,1.156922226090544e-09,1.0011717114500305,OK
PNs,2026-06-01 16:12:10,4.804153467328027,0.0446659437454779,1.1583581166587834e-09,0.9831699287560248,OK
PNs,2026-06-01 16:13:09,4.59415427432174,0.0439129110457937,1.1400522664117614e-09,1.0180510931635247,OK
PNs,2026-06-01 16:14:09,4.033929202457333,0.0428201787120674,1.1092010478350944e-09,0.9336494959120444,OK
PNs,2026-06-01 16:15:09,4.3714432511311365,0.0424758981818545,1.101183807053073e-09,0.9591397598829766,OK
PNs,2026-06-01 16:16:09,4.572952333799324,0.0441129003024449,1.1435759751247468e-09,0.9578218745627416,OK
PNs,2026-06-01 16:17:09,4.403472577676616,0.0425696525984533,1.103589496118144e-09,0.9223204212689106,OK
PNs,2026-06-01 16:18:09,3.726449226357343,0.0402740540783222,1.0445357821304579e-09,0.9764215860954756,OK
PNs,2026-06-01 16:19:09,4.183989427864995,0.0403803819207438,1.0459374226590582e-09,0.974217130018752,OK
PNs,2026-06-01 16:20:09,3.625072500528196,0.0387843030715054,1.0054582811401948e-09,0.976803800653542,OK
PNs,2026-06-01 16:21:10,3.909385020757625,0.0410172525989485,1.062866236963158e-09,0.8980333089955306,OK
PNs,2026-06-01 16:22:10,4.217384203555472,0.0434864229165787,1.1270024632042098e-09,0.9070545802123208,OK
PNs,2026-06-01 16:23:09,4.195218571299841,0.0424080398078781,1.099443469943567e-09,0.969255556398014,OK
PNs,2026-06-01 16:24:09,4.003065673621656,0.0429187241101881,1.111376299669209e-09,0.997323848473996,OK
PNs,2026-06-01 16:25:09,3.683416627303184,0.0427946345606529,1.109069981575764e-09,1.0748930605195524,OK
PNs,2026-06-01 16:26:09,3.7491852910839034,0.0392242064450618,1.0162807312357134e-09,1.0065298941112564,OK
PNs,2026-06-01 16:27:09,3.769988428701689,0.0412613625841993,1.0685150852845324e-09,0.9760794561928444,OK
PNs,2026-06-01 16:28:09,3.74003658479832,0.0407039795026688,1.054651733593267e-09,1.0034389795280496,OK
PNs,2026-06-01 16:29:09,3.3122385489205444,0.0396315264087973,1.0267480245432811e-09,0.9863342263053771,OK
PNs,2026-06-01 16:30:09,3.50230321684605,0.0433200120838071,1.1219584226255386e-09,0.921766193984712,OK
PNs,2026-06-01 16:31:09,3.632752701281623,0.0411073448647012,1.065655972433962e-09,0.9560322070191902,OK
PNs,2026-06-01 16:32:10,3.4268807774223355,0.0417457464904813,1.0824117481224352e-09,0.9782963720049002,OK
PNs,2026-06-01 16:33:10,3.205779498042285,0.040445780608102,1.047483745156732e-09,0.9859207427253648,OK
PNs,2026-06-01 16:34:09,2.96492849682022,0.0449560058483202,1.1648281625413535e-09,0.9982591504335216,OK
PNs,2026-06-01 16:35:09,3.00862695711552,0.0433928200274857,1.1233133222719835e-09,0.9993224700703872,OK
PNs,2026-06-01 16:36:09,3.1421911444519384,0.0448115390721346,1.1607342682376582e-09,1.008169956384681,OK
PNs,2026-06-01 16:37:09,3.2155252867931914,0.0426750574683578,1.1047290789159343e-09,1.0184815108345289,OK
PNs,2026-06-01 16:38:09,3.109414193850024,0.0444556024236472,1.151754796451527e-09,0.995098258229026,OK
PNs,2026-06-01 16:39:09,3.058278571228504,0.0426399778846802,1.104537428779091e-09,0.9787207570856042,OK
PNs,2026-06-01 16:40:09,3.155493633689328,0.0463689936050668,1.2011064915766078e-09,1.016067063487302,OK
PNs,2026-06-01 16:41:09,2.691541232584939,0.0461675095805538,1.1951171043348855e-09,1.0246513365928949,OK
PNs,2026-06-01 16:42:09,2.6698893785249136,0.0465987633024418,1.2075356311886523e-09,0.9894122795265416,OK
PNs,2026-06-01 16:43:10,2.7976990183761514,0.0461340243940346,1.1958786780680063e-09,1.0963696580047877,OK
PNs,2026-06-01 16:44:10,2.656536158817949,0.0464272591407957,1.201404578027167e-09,1.049175021619057,OK
PNs,2026-06-01 16:45:09,2.795449191396049,0.0454085819964689,1.175298719507756e-09,1.0666527222135886,OK
PNs,2026-06-01 16:46:09,2.8602836554063784,0.0466619574554883,1.2070523234033952e-09,1.1287624467958304,OK
PNs,2026-06-01 16:47:09,2.7646818009156853,0.0458433051173607,1.185969412942309e-09,1.1072212811462676,OK
PNs,2026-06-01 16:48:09,2.520157585263355,0.045776326440847,1.184379331499773e-09,1.0636827626883911,OK
PNs,2026-06-01 16:49:09,2.668647778215959,0.0475895125493229,1.230442734022447e-09,1.0475721255399697,OK
PNs,2026-06-01 16:50:09,2.7137598559725067,0.0488139882131243,1.2628060832674571e-09,1.028889957225181,OK
PNs,2026-06-01 16:51:09,2.651990110963767,0.0470277644698532,1.2173377295740302e-09,1.081899524862972,OK
PNs,2026-06-01 16:52:05,2.567842540200532,0.0485345499185524,1.257641829602804e-09,1.112330720803793,OK
PNs,2026-06-01 16:54:39,2.55719345464212,0.1570518297820781,4.065679777392581e-09,0.9585637037169498,Recovered
PNs,2026-06-01 16:55:10,2.48572706613892,0.0464388668193499,1.2020855789704239e-09,1.054845877986432,OK
PNs,2026-06-01 16:56:10,2.4903338165808444,0.0457569767840013,1.184477759644703e-09,0.9724969991370856,OK
PNs,2026-06-01 16:57:10,2.530351964629232,0.0459172409645822,1.18770296694679e-09,1.0541990853723175,OK
PNs,2026-06-01 16:58:10,3.2920703057883647,0.0473071188302939,1.2238791265969396e-09,1.000524946046041,OK
PNs,2026-06-01 16:59:10,3.6688615674831495,0.0464666630743178,1.202515163906884e-09,1.0141100102822955,OK
PNs,2026-06-01 17:00:10,3.8159376913912255,0.0464851451585197,1.2032492143917802e-09,1.1143368821692232,OK
PNs,2026-06-01 17:01:10,3.776013164872514,0.0465453553369664,1.204829532084865e-09,1.0191642808938508,OK
PNs,2026-06-01 17:02:10,3.817215550625732,0.0465115597920822,1.2036952057476283e-09,1.0400014566231182,OK
PNs,2026-06-01 17:03:09,3.8457430303836535,0.0464241717327193,1.2004670071935104e-09,1.0668872370079048,OK
PNs,2026-06-01 17:04:10,3.918434947440976,0.0456955278128764,1.1818477761759827e-09,0.9752575477939972,OK
PNs,2026-06-01 17:05:10,3.9520827081215018,0.0462493547951936,1.1975380232460419e-09,1.0794872331195573,OK
PNs,2026-06-01 17:06:10,4.052435933976397,0.0446231044193641,1.154189858933313e-09,1.050563006821414,OK
PNs,2026-06-01 17:07:10,3.9894215260371513,0.0465528869632268,1.203693370700564e-09,1.1114535139685042,OK
PNs,2026-06-01 17:08:10,3.920544908437808,0.0440827449224217,1.1406213467472975e-09,1.0302457896082184,OK
PNs,2026-06-01 17:09:10,3.870711579848401,0.0456951327087605,1.1815472217052055e-09,1.0272560099617665,OK
PNs,2026-06-01 17:10:10,3.864298376056007,0.0426829107625284,1.1037097999264914e-09,1.0815953055939818,OK
PNs,2026-06-01 17:11:10,3.789949547999675,0.0405092348229491,1.047911158105012e-09,1.0010732164161047,OK
PNs,2026-06-01 17:12:10,3.8465730556895568,0.0476073519878003,1.2317761493390218e-09,1.1042539348550309,OK
PNs,2026-06-01 17:13:10,3.8452133158146378,0.04482566309968,1.1593256260013983e-09,1.093682627461249,OK
PNs,2026-06-01 17:14:09,3.834102905220035,0.0422604770265078,1.0930188366273363e-09,1.104372495680998,OK
PNs,2026-06-01 17:15:10,3.9558110693549526,0.0437198868885442,1.1308254501463499e-09,1.1423498032213393,OK
PNs,2026-06-01 17:16:10,3.966075944055374,0.0427939498479441,1.1067631071098568e-09,1.051227792698918,OK
PNs,2026-06-01 17:17:10,4.048245662080682,0.0433651682503588,1.1217576821935863e-09,1.0516978915843314,OK
PNs,2026-06-01 17:18:10,4.146291352450366,0.0421832720761855,1.090506215065287e-09,1.0286642653890838,OK
PNs,2026-06-01 17:19:10,4.232967958669351,0.0411391575811826,1.064197954355484e-09,0.9849349790219334,OK
PNs,2026-06-01 17:20:10,4.287408825378457,0.0411066097183415,1.0639291392433216e-09,1.1035226288982265,OK
PNs,2026-06-01 17:21:10,4.233402934758814,0.0429864459961126,1.1122718296996596e-09,1.050940903678486,OK
PNs,2026-06-01 17:22:10,4.175863109303987,0.0416721676642086,1.0776517232633902e-09,1.1510358730739418,OK
PNs,2026-06-01 17:23:10,4.210520534750788,0.0425351687216634,1.100033530269557e-09,1.0264571452721407,OK
PNs,2026-06-01 17:24:09,4.214625233007415,0.0418331360685426,1.081754844114197e-09,0.9998416159390628,OK
PNs,2026-06-01 17:25:10,4.162530738772313,0.0408387252355504,1.0567801782245155e-09,1.0124291243727994,OK
PNs,2026-06-01 17:26:10,4.355942730589882,0.0416950914883469,1.0787713919925712e-09,1.072506851600448,OK
PNs,2026-06-01 17:27:10,4.257192734452388,0.0406309351875597,1.0507751645792075e-09,1.0297097180074066,OK
PNs,2026-06-01 17:28:10,4.0726699370223445,0.0450944622660612,1.1663978895019704e-09,1.0189942567950312,OK
PNs,2026-06-01 17:29:10,4.110673917532784,0.0442611336013117,1.1446325616945304e-09,1.053249220047917,OK
PNs,2026-06-01 17:30:10,3.991894308963732,0.0427000220721063,1.1034324167093372e-09,0.9889864852265606,OK
PNs,2026-06-01 17:31:10,3.989622307093624,0.043640922132561,1.1290940348021183e-09,0.9980185383147906,OK
PNs,2026-06-01 17:32:10,4.27363243641077,0.0429924722682083,1.111827436966183e-09,1.061498063569705,OK
PNs,2026-06-01 17:33:10,4.307027540069246,0.0416770421023347,1.0778245841255454e-09,0.9205382318346887,OK
PNs,2026-06-01 17:34:10,4.248970541252928,0.041071234629973,1.0611061229127996e-09,0.9438879927037944,OK
PNs,2026-06-01 17:35:09,4.213338861198816,0.0450765900751333,1.164648989056813e-09,0.9577168193222244,OK
PNs,2026-06-01 17:36:10,4.043345011905507,0.0452264292623154,1.16875786782517e-09,1.0455703153090286,OK
PNs,2026-06-01 17:37:10,3.910734050887848,0.041091439607356,1.061671215582681e-09,0.9771821786354368,OK
PNs,2026-06-01 17:38:10,3.837876214707857,0.0412442977540454,1.0658592442453875e-09,1.004474493255538,OK
PNs,2026-06-01 17:39:10,3.618503297332781,0.0429200613660151,1.108654784654459e-09,0.940254699639851,OK
PNs,2026-06-01 17:40:10,3.674009641272239,0.0426948301274762,1.104147832689415e-09,0.9698630686276472,OK
PNs,2026-06-01 17:41:10,3.469198161151952,0.0444733171849157,1.1497846774739136e-09,1.0363909274959664,OK
PNs,2026-06-01 17:42:10,3.3775083061612574,0.046495135694504,1.201747773870424e-09,1.057766622727178,OK
PNs,2026-06-01 17:43:10,3.413324155540506,0.0461036723137034,1.1911801204476027e-09,0.9597061252997504,OK
PNs,2026-06-01 17:44:10,3.28453285712597,0.045350479560634,1.1728489041457856e-09,0.9552685865768183,OK
PNs,2026-06-01 17:45:10,3.364769043052604,0.0467214799821039,1.207142873801931e-09,0.9765918452657876,OK
PNs,2026-06-01 17:46:10,3.367298369498859,0.046570714717253,1.203305809518739e-09,0.9986305507735572,OK
PNs,2026-06-01 17:47:10,3.1859444763866347,0.0446712512892755,1.154846744233814e-09,1.0244978001280776,OK
PNs,2026-06-01 17:48:10,3.054233904399606,0.0451618465686059,1.1693315981945307e-09,1.020756539444062,OK
PNs,2026-06-01 17:49:10,2.7311148224140367,0.0482824131361515,1.250146301337795e-09,1.0308687586032446,OK
PNs,2026-06-01 17:50:10,2.903415118305276,0.0456096930857566,1.1792983545199638e-09,1.0078922003456543,OK
PNs,2026-06-01 17:51:10,2.800546538544581,0.0463590254167334,1.199218114628553e-09,1.0000802534888378,OK
PNs,2026-06-01 17:52:06,2.7522623073708004,0.0473102648680007,1.2233941854488695e-09,0.9572363658869666,OK
PNs,2026-06-01 17:54:39,2.0819275235999566,0.1488188311921305,3.865911912851054e-09,1.0259494233201247,Recovered · AT_BOUND(NO2_sq)
PNs,2026-06-01 17:55:10,2.1772672261852,0.0481175964345043,1.2446375770412483e-09,1.0278999175110322,OK · STEP_LIMITED(NO2_sh)
PNs,2026-06-01 17:56:10,2.515286835795379,0.0468443319390959,1.2132501181667163e-09,0.948043116154854,OK
PNs,2026-06-01 17:57:11,2.429159972575948,0.0462392916881455,1.1960472519264395e-09,1.0603205565355518,OK
PNs,2026-06-01 17:58:11,2.482091367593401,0.045636389615179,1.1814020730705066e-09,1.0404639189736178,OK
PNs,2026-06-01 17:59:11,2.449740318105642,0.0435003510666912,1.123719069210573e-09,0.9983065111434376,OK
PNs,2026-06-01 18:00:11,2.4916223915588285,0.0465096881141506,1.2025998127846127e-09,0.973633572360892,OK
PNs,2026-06-01 18:01:11,2.6037928751559254,0.0465736606042091,1.2040586396419243e-09,1.0458846560762076,OK
PNs,2026-06-01 18:02:10,2.6842727321831963,0.0460261396567113,1.19021116475289e-09,1.0531797393543665,OK
PNs,2026-06-01 18:03:10,2.612434099597405,0.0475158026910562,1.227290114730172e-09,0.974853965037906,OK
PNs,2026-06-01 18:04:10,2.64628511654851,0.0468187628923525,1.2105485051876976e-09,0.979730796949899,OK
PNs,2026-06-01 18:05:10,2.65395775816892,0.0461163864327401,1.192797036669877e-09,1.055336472854689,OK
PNs,2026-06-01 18:06:10,2.5888358588642424,0.045064393430579,1.164930490148223e-09,1.058256761976579,OK
PNs,2026-06-01 18:07:10,2.524520105341513,0.0452690804934137,1.1710859020320158e-09,0.9987570627263724,OK
PNs,2026-06-01 18:08:11,2.42632560351881,0.0452439544052147,1.1695169586174874e-09,1.050730779206492,OK
PNs,2026-06-01 18:09:11,2.400738031526734,0.0432568256116019,1.1184207544953095e-09,1.0130599257466604,OK
PNs,2026-06-01 18:10:11,2.4189184381312425,0.0432027418455931,1.1161550953947016e-09,1.07558123672996,OK
PNs,2026-06-01 18:11:11,2.494294677014589,0.0457552599430927,1.1830642879402503e-09,0.9452865691660736,OK
PNs,2026-06-01 18:12:11,2.3762578087609296,0.0441729740330207,1.1426301600939943e-09,1.1023379878128052,OK
PNs,2026-06-01 18:13:11,2.346874361050718,0.0450299315570665,1.1627491757048732e-09,0.9455899116201236,OK
PNs,2026-06-01 18:14:10,2.052154085437624,0.042521855246267,1.1009342443432443e-09,1.0062946603525398,OK
PNs,2026-06-01 18:15:10,2.098144556974337,0.043186798637037,1.1168493609685503e-09,0.9861295721816136,OK
PNs,2026-06-01 18:16:10,1.81546134659543,0.041815018671999,1.0817553687903884e-09,1.1069250401235462,OK
PNs,2026-06-01 18:17:10,1.911434130803122,0.0400502975987996,1.034762292876044e-09,0.987099981215936,OK
PNs,2026-06-01 18:18:10,2.044264012888684,0.0430928955253198,1.115795374146613e-09,1.008896717661093,OK
PNs,2026-06-01 18:19:11,1.9317930259579892,0.0406618467527129,1.0506552704684208e-09,0.9940002160935169,OK
PNs,2026-06-01 18:20:11,1.6846150941445992,0.0428110188182286,1.1071934480668134e-09,1.0056512038815903,OK
PNs,2026-06-01 18:21:11,1.612903898496296,0.0384387980223368,9.93272412204069e-10,1.0371432571815928,OK
PNs,2026-06-01 18:22:11,1.5921186460583308,0.0415551055704707,1.0748434275560363e-09,0.9269775991037906,OK
PNs,2026-06-01 18:23:10,1.4709256579139072,0.0407368722343844,1.051079344244846e-09,0.9593999226546038,OK
PNs,2026-06-01 18:24:10,1.670896426535801,0.0399143779473131,1.0307453999944291e-09,1.0407739364759252,OK
PNs,2026-06-01 18:25:10,1.8239928631282532,0.0393532260407107,1.0174227333751506e-09,1.047292110518764,OK
PNs,2026-06-01 18:26:10,1.8687692053546607,0.0399128703160667,1.030967729948585e-09,1.0580428421249093,OK
PNs,2026-06-01 18:27:10,1.948140796414736,0.0421719006318672,1.0913828922276047e-09,1.1039417997926937,OK
PNs,2026-06-01 18:28:10,1.954891644232409,0.039652905273787,1.0247862493844004e-09,1.0018340126041902,OK
PNs,2026-06-01 18:29:11,2.149831715899437,0.0411913952563427,1.063738379301357e-09,1.103462002202795,OK
PNs,2026-06-01 18:30:11,2.175475816781503,0.0402552297032942,1.0411681990504888e-09,1.0976569376429637,OK
PNs,2026-06-01 18:31:11,2.2075677419484867,0.0411525494987046,1.0627824798674662e-09,0.9955005223496924,OK
PNs,2026-06-01 18:32:11,2.096272387738152,0.0403991491132826,1.0432106253177668e-09,1.005115144139575,OK
PNs,2026-06-01 18:33:11,1.916116865846758,0.0393783216840063,1.018167493053055e-09,1.076479165819987,OK
PNs,2026-06-01 18:34:10,2.0037388692452014,0.0405852441011994,1.0477598011550523e-09,1.024289931931616,OK
PNs,2026-06-01 18:35:10,1.9911083539204533,0.0419622537453676,1.0837376656706167e-09,0.9696883744394014,OK
PNs,2026-06-01 18:36:10,1.3453416543260928,0.0421911526207478,1.0902981452869967e-09,1.0508191118949783,OK
PNs,2026-06-01 18:37:10,1.1136223383873942,0.0419533275126817,1.082936756262746e-09,1.0080633824258032,Recovered
PNs,2026-06-01 18:38:10,1.1180882814626592,0.039452013235693,1.0187576299293967e-09,1.095449015805797,Recovered
PNs,2026-06-01 18:39:10,1.1445068636324651,0.0405821952796168,1.0478703935119794e-09,1.0296723389840707,Recovered
PNs,2026-06-01 18:40:11,1.064961110791628,0.0422318839511899,1.089859759129516e-09,1.069408763357352,Recovered
PNs,2026-06-01 18:41:11,1.2424920507080528,0.0419651349722045,1.086618459358425e-09,1.0951879220839384,Recovered
PNs,2026-06-01 18:42:11,1.3577180403552285,0.040275313740154,1.0416276667154912e-09,1.0358511345128063,OK
PNs,2026-06-01 18:43:11,1.24699313141047,0.04254773054875,1.09997738799569e-09,1.0827565265233483,Recovered
PNs,2026-06-01 18:44:11,1.2966278854911182,0.0428910688227876,1.1089851330323963e-09,1.029361414232217,Recovered
PNs,2026-06-01 18:45:11,1.148059278655231,0.044483453322389,1.149821256064911e-09,1.1362315207539766,Recovered
PNs,2026-06-01 18:46:10,1.0986208113760845,0.0422024983666053,1.0902503886018519e-09,1.0226009292652454,Recovered
PNs,2026-06-01 18:47:10,1.139254570675325,0.0434160641741948,1.1221248394691952e-09,0.9686740889659908,Recovered
PNs,2026-06-01 18:48:10,1.182418720848874,0.0449274695781891,1.162092957619464e-09,1.0344890948627954,Recovered
PNs,2026-06-01 18:49:10,1.4512481557524135,0.0451714116527043,1.1683392246644448e-09,1.0359190585398437,OK
PNs,2026-06-01 18:50:10,1.7036271739614957,0.046296203453104,1.196873296507785e-09,0.9997242227633082,OK
PNs,2026-06-01 18:51:11,1.9517926106329555,0.0460184827817189,1.1889344896343838e-09,1.081407726371405,OK
PNs,2026-06-01 18:52:07,1.784584062391095,0.0444353203361361,1.1496317196581164e-09,0.998634749137172,OK
PNs,2026-06-01 18:56:14,1.062606624253354,0.0461187851933324,1.191048842996952e-09,1.0195246320274567,Recovered
PNs,2026-06-01 18:57:11,1.0255446831994257,0.0441227144436954,1.1412770751753612e-09,0.9770480883966552,Recovered
PNs,2026-06-01 18:58:11,0.9615504394961696,0.0425949826621159,1.1006966570039644e-09,1.0564981942496978,Recovered
PNs,2026-06-01 18:59:11,1.0123176745090376,0.0442516656349796,1.1411088958925266e-09,1.061521760855613,Recovered
PNs,2026-06-01 19:00:11,1.0163098016592074,0.0460243478445902,1.191390845534883e-09,1.1112844185065294,Recovered · STEP_LIMITED(NO2_sh)
PNs,2026-06-01 19:01:12,0.9474237446330884,0.0420531780881176,1.087901390473842e-09,1.0249454017924935,Recovered
PNs,2026-06-01 19:02:11,0.9946457168621994,0.0453581067253634,1.1726098422855235e-09,1.035057990038268,Recovered
PNs,2026-06-01 19:03:11,1.0913797680020718,0.0443228781200471,1.146435549359192e-09,1.0592300897819678,Recovered · STEP_LIMITED(NO2_sh)
PNs,2026-06-01 19:04:11,1.1248094610604051,0.0435363192143302,1.1235768335728422e-09,1.0987117635712913,Recovered · STEP_LIMITED(NO2_sh)
PNs,2026-06-01 19:05:11,1.1179823089683305,0.043378166355095,1.120775327906983e-09,1.0576496639584203,Recovered
PNs,2026-06-01 19:06:11,1.0805392514719716,0.0436078056413705,1.127700067656946e-09,1.0876138638851478,Recovered
PNs,2026-06-01 19:07:11,1.1003169679079254,0.0415399375408081,1.0734517163133175e-09,1.0417714854984448,Recovered
PNs,2026-06-01 19:08:11,1.1263271023168973,0.0425768495314659,1.1015166712903143e-09,1.0525372297714612,Recovered · AT_BOUND(NO2_sq)
PNs,2026-06-01 19:09:11,1.226893097325073,0.0422879602825601,1.093871898030149e-09,0.9812259940783872,Recovered · AT_BOUND(NO2_sq)
PNs,2026-06-01 19:10:11,1.2679098906021085,0.040363953449267,1.0415523809503615e-09,1.0178933453963843,OK
PNs,2026-06-01 19:11:11,1.3786922845868268,0.0400513593470241,1.0340015422747543e-09,1.0470364125719458,OK
PNs,2026-06-01 19:12:12,1.3359010801101725,0.0405596257965663,1.0460606609086486e-09,1.0345722947885874,OK
PNs,2026-06-01 19:13:11,1.2494054668256085,0.039724535655369,1.028262620549243e-09,1.088979159832567,OK · AT_BOUND(NO2_sq)
PNs,2026-06-01 19:14:11,1.330183503950075,0.0410690519373531,1.061786069272166e-09,1.042181585722349,OK
PNs,2026-06-01 19:15:11,1.2567395418157108,0.040569645058242,1.048542907844847e-09,0.997257146437998,OK
PNs,2026-06-01 19:16:11,1.2968867609505248,0.0386237562155647,9.97965950305298e-10,1.0349837914980256,OK
PNs,2026-06-01 19:17:11,1.3092357332735851,0.0375439269532773,9.71373267712902e-10,1.0970442157594171,OK
PNs,2026-06-01 19:18:11,1.2522255715935176,0.0385928777426525,9.98079822915744e-10,1.0887920664983,OK
PNs,2026-06-01 19:19:11,1.342779905687542,0.0405877717200865,1.048651470067615e-09,1.1593468838299363,OK
PNs,2026-06-01 19:20:11,1.2722533122851785,0.0374829212574382,9.69242409112951e-10,0.9596162765007948,OK
PNs,2026-06-01 19:21:11,1.2971896349048069,0.0385064553065307,9.958974589391e-10,1.0978034050515182,OK
PNs,2026-06-01 19:22:11,1.2738833153290765,0.0399100165046765,1.0326842447214618e-09,0.987411633913712,OK
PNs,2026-06-01 19:23:11,1.326569761143928,0.036614603091312,9.476178256115398e-10,1.014965692029259,OK
PNs,2026-06-01 19:24:11,1.2632941790047223,0.0380347886878857,9.851459328822227e-10,1.073599331209225,OK
PNs,2026-06-01 19:25:11,1.364312844868453,0.0413178995745874,1.068781509631563e-09,1.0320706847961665,OK
PNs,2026-06-01 19:26:11,1.4489747810030758,0.0385046424073208,9.952165123139598e-10,1.0168754306383625,OK
PNs,2026-06-01 19:27:11,1.4313297309106634,0.0392570813538034,1.015439823829219e-09,1.0680640090387843,OK
PNs,2026-06-01 19:28:11,1.6019578690773753,0.0378899125419935,9.788825082414507e-10,1.0151952187286208,OK · STEP_LIMITED(NO2_sh)
PNs,2026-06-01 19:29:11,1.6130801175457206,0.0416238721080128,1.076808616641902e-09,1.0772060375101642,OK
PNs,2026-06-01 19:30:11,1.6755880247527086,0.0406236941616636,1.049842899084237e-09,1.0134262630467152,OK
PNs,2026-06-01 19:31:11,1.598965774475209,0.0397035951717412,1.026850481904684e-09,1.0191582238153731,OK
PNs,2026-06-01 19:32:11,1.4511125784698649,0.042708935206828,1.104217227911981e-09,1.0523081691933276,OK
PNs,2026-06-01 19:33:12,1.5012899848813184,0.0421153314709493,1.0891713363662606e-09,1.0979246118700112,OK
PNs,2026-06-01 19:34:11,1.5727904232007617,0.039517892818407,1.0232741392757039e-09,0.9762559072119588,OK
PNs,2026-06-01 19:35:11,1.7335871892588768,0.0450640738937558,1.1646761562501903e-09,1.0843506413639523,OK
PNs,2026-06-01 19:36:11,2.1725008711009317,0.0440482077981787,1.138673724765815e-09,1.1152177713007565,OK
PNs,2026-06-01 19:37:11,2.452042567347175,0.0460381498217993,1.18947856404821e-09,0.9960208254735496,OK
PNs,2026-06-01 19:38:11,2.434276188212114,0.0460554311652742,1.192092001510847e-09,1.1088155621962623,OK
PNs,2026-06-01 19:39:11,2.1388999456020867,0.0445302251853104,1.1527746122849684e-09,1.119825293678438,OK
PNs,2026-06-01 19:40:11,2.124126816474873,0.0434857596542242,1.1240523572342218e-09,0.9873367827591588,OK
PNs,2026-06-01 19:41:11,2.003530681356193,0.0448158002282475,1.1591147668218243e-09,1.0622535726374536,OK
PNs,2026-06-01 19:42:11,1.9508233436925528,0.041549705692671,1.0757546851024807e-09,1.0893145400862858,OK
PNs,2026-06-01 19:43:11,1.862385680576292,0.0459459362252384,1.1876615543304356e-09,1.071918212537099,OK
PNs,2026-06-01 19:44:11,1.7204402380988837,0.0458357121956778,1.185054164962618e-09,1.072729946414578,OK
PNs,2026-06-01 19:45:11,1.7168901725454344,0.0431830619621357,1.1162187633472392e-09,1.0578682554162957,OK
PNs,2026-06-01 19:46:11,1.6827906789676188,0.0450851801637016,1.1669900756483875e-09,1.0512520012764106,OK
PNs,2026-06-01 19:47:11,1.7087431580852015,0.0461323888756284,1.1925979775526915e-09,1.0160245189114343,OK
PNs,2026-06-01 19:48:11,1.6624483396787788,0.0461885982216156,1.1940169337581232e-09,1.101015841345036,OK
PNs,2026-06-01 19:49:11,1.5930532507443858,0.043219081487863,1.117296708534487e-09,1.028586763787816,OK
PNs,2026-06-01 19:50:11,1.540941403140409,0.0441150591663026,1.1405603510546259e-09,1.0478672522861832,OK
PNs,2026-06-01 19:51:11,1.4809936788072715,0.0453702468865351,1.173721411747163e-09,1.037975266582821,OK
PNs,2026-06-01 19:52:08,1.5423306833784405,0.0455713504157983,1.1814429328397611e-09,1.0816688175692477,OK
PNs,2026-06-01 19:55:12,1.5253508219003848,0.0462491063154127,1.1960907530049846e-09,1.081358536914388,OK · STEP_LIMITED(NO2_sh)
PNs,2026-06-01 19:56:12,1.5682440477275752,0.043489572150288,1.1256209860973655e-09,1.0631333522170523,OK
PNs,2026-06-01 19:57:12,1.616582068086725,0.0446414731174062,1.1541089721293416e-09,1.054935702288361,OK
PNs,2026-06-01 19:58:12,1.5805599380940794,0.0464814323825838,1.199979514963381e-09,1.0951975667782006,OK
PNs,2026-06-01 19:59:12,1.5576273571573669,0.0447684471423625,1.156341857561932e-09,1.1709738422494105,OK
PNs,2026-06-01 20:00:12,1.5691691997401822,0.0463134422045979,1.196487939980517e-09,1.0756435218181093,OK
PNs,2026-06-01 20:01:12,1.493690139111198,0.0431287933271042,1.1150273389010814e-09,1.0390840769820775,OK
PNs,2026-06-01 20:02:12,1.4586419163593662,0.0435493525660961,1.1239383263155003e-09,1.1055216831847996,OK
PNs,2026-06-01 20:03:11,1.5504409158491022,0.0428360227483058,1.1062331216973434e-09,1.115704352473676,OK
PNs,2026-06-01 20:04:11,1.5601563330575012,0.0434857957720119,1.1236208327532515e-09,1.1208500128122865,OK
PNs,2026-06-01 20:05:12,1.6459490083491304,0.0427546905087379,1.1012615597618103e-09,1.0695922381941383,OK · STEP_LIMITED(NO2_sh)
PNs,2026-06-01 20:06:12,1.5850151404356492,0.0432716473751795,1.1168296222701436e-09,1.093636280826174,OK
PNs,2026-06-01 20:07:12,1.5972852055314812,0.0415880254553321,1.0741545671579852e-09,1.128808168713094,OK
PNs,2026-06-01 20:08:12,1.8408647033716132,0.0422608636069568,1.092462319796346e-09,1.058138364391478,OK
PNs,2026-06-01 20:09:12,1.7543605481193203,0.0427966578209386,1.1056212689476915e-09,1.0838937090369074,OK
PNs,2026-06-01 20:10:12,1.7144712483365314,0.0398826473767067,1.0303854381631406e-09,1.0775728745825948,OK
PNs,2026-06-01 20:11:12,1.712881482726313,0.0403044176545584,1.0390822007085335e-09,1.009075195112353,OK
PNs,2026-06-01 20:12:12,1.81325269803348,0.042083712660722,1.0850733365207566e-09,1.121918170106401,OK
PNs,2026-06-01 20:13:12,1.8061885123694064,0.0401701762926105,1.036645034790713e-09,1.1196491390040095,OK
PNs,2026-06-01 20:14:11,1.8621472209864312,0.0401126543765533,1.0356450373826912e-09,1.1012547778639723,OK
PNs,2026-06-01 20:15:11,1.8164887560212564,0.0403381256931261,1.0407766655377492e-09,1.0917177473846194,OK
PNs,2026-06-01 20:16:12,1.8121925373995171,0.0410684014465904,1.060528491559714e-09,1.1448629278329907,OK
PNs,2026-06-01 20:17:12,1.845471875805098,0.0408303719609287,1.0545055295498872e-09,1.0362830628416826,OK
PNs,2026-06-01 20:18:12,1.93599699204737,0.0418021685785005,1.0798628642724323e-09,1.0637580480436248,OK
PNs,2026-06-01 20:19:12,2.264800660796552,0.0395401306125848,1.022439496051851e-09,1.2018047331288664,OK
PNs,2026-06-01 20:20:12,1.821280670626937,0.0394992325260113,1.0201910486668166e-09,1.072150620885308,OK
PNs,2026-06-01 20:21:12,1.670812412066485,0.038347030953422,9.89266049920503e-10,1.0285693235233957,OK
PNs,2026-06-01 20:22:12,1.6352356035529467,0.039550180353213,1.0215641965194343e-09,1.1044037345092044,OK
PNs,2026-06-01 20:23:12,1.7496306407019304,0.0404652146808779,1.0445765434080588e-09,1.0005385081729243,OK
PNs,2026-06-01 20:24:12,1.8555759214208252,0.040534496288201,1.0460207855837556e-09,0.9687008082143204,OK
PNs,2026-06-01 20:25:11,1.871978680519537,0.0417950353942544,1.0785675748859283e-09,1.014668630812824,OK
PNs,2026-06-01 20:26:11,1.813759689499956,0.0413998754614857,1.067134632606164e-09,1.0839082712069046,OK
PNs,2026-06-01 20:27:12,1.7818460341557054,0.0408492741663449,1.055250361237704e-09,1.1181668718534366,OK
PNs,2026-06-01 20:28:12,1.722374771566302,0.0391695786271799,1.0127155212534635e-09,0.9976344368838196,OK
PNs,2026-06-01 20:29:12,1.7099190042179688,0.0404554959745196,1.045498471663004e-09,0.9802114519205168,OK
PNs,2026-06-01 20:30:12,1.7781595907381833,0.0408604333136784,1.0537216723071802e-09,1.0103797711220135,OK
PNs,2026-06-01 20:31:12,1.7889475208027406,0.0409067071715386,1.0552444353764195e-09,1.0338048088872642,OK
PNs,2026-06-01 20:32:12,2.045096860926352,0.0431487771624339,1.1131172422071014e-09,1.0375636974237066,OK
PNs,2026-06-01 20:33:12,2.06075929908322,0.0408928778803076,1.0555034225287307e-09,1.0515317619384552,OK
PNs,2026-06-01 20:34:12,1.932919980554349,0.0430934098101999,1.1130036557925255e-09,1.0895565017449351,OK
PNs,2026-06-01 20:35:11,1.8684021258714287,0.0447762591551341,1.1544972601205724e-09,1.0352877071007625,OK
PNs,2026-06-01 20:36:11,1.90455488778491,0.0430411171399107,1.1109163654978647e-09,0.9916977177033875,OK
PNs,2026-06-01 20:37:12,1.858746150322384,0.0433263483709189,1.1174735945516491e-09,1.0142933091103972,OK
PNs,2026-06-01 20:38:12,1.92287484595058,0.0432101439408919,1.1129130866218502e-09,1.046343902493171,OK
PNs,2026-06-01 20:39:12,1.935660746332104,0.0456890514190084,1.178113865085698e-09,1.026711967799967,OK
PNs,2026-06-01 20:40:12,2.253454663296951,0.0440218942977059,1.1345225334861376e-09,1.0035741483108167,OK
PNs,2026-06-01 20:41:12,2.4248106941862826,0.0438714974276939,1.1335296201896352e-09,1.0914496048493112,OK
PNs,2026-06-01 20:42:12,2.526310516179349,0.0432933263451926,1.1171492845742955e-09,1.0429799668236936,OK
PNs,2026-06-01 20:43:12,2.7445015214101183,0.0436032770264776,1.1252623305068321e-09,0.9873426096769836,OK
PNs,2026-06-01 20:44:12,2.612633863251024,0.0452305156747271,1.1672664539508302e-09,0.9731852916310858,OK
PNs,2026-06-01 20:45:12,2.497336121536452,0.0463426359049208,1.196220547442482e-09,1.081002685520173,OK
PNs,2026-06-01 20:46:11,2.5939678525891496,0.0478460702418311,1.2347798055511606e-09,0.995797645559039,OK
PNs,2026-06-01 20:47:11,2.593063030938891,0.0484676229564837,1.2489044507369932e-09,1.0135801750244549,OK
PNs,2026-06-01 20:48:12,2.511266906999429,0.046332766864973,1.1945507419730195e-09,1.040638946468621,OK
PNs,2026-06-01 20:49:12,2.534555887096265,0.0452578691004021,1.1670505801414786e-09,0.9918314278431002,OK
PNs,2026-06-01 20:50:12,2.747568379126791,0.0470017934511592,1.2114249944421618e-09,1.0430703502112977,OK
PNs,2026-06-01 20:51:12,3.298957026547665,0.0492582328985501,1.2708073709247484e-09,1.0576059178181956,OK
PNs,2026-06-01 20:52:09,3.879461365700052,0.0503763601233936,1.3003312310694402e-09,0.9729567549590364,OK
PNs,2026-06-01 20:55:13,4.460141336932918,0.0496162991760371,1.2809225161802694e-09,0.9873113140889908,OK
PNs,2026-06-01 20:56:12,4.719617588725728,0.052144605998548,1.3462617744874886e-09,0.9508857664024892,OK
PNs,2026-06-01 20:57:12,4.883012172667522,0.0508936483966948,1.313787535884999e-09,1.0016379023300788,OK
PNs,2026-06-01 20:58:12,4.88422650208074,0.0493392404796158,1.2734142121995047e-09,0.9559169825780474,OK
PNs,2026-06-01 20:59:13,4.586897849637799,0.0476194209509707,1.22889415742252e-09,1.053723079466535,OK
PNs,2026-06-01 21:00:13,4.368913367962352,0.048976651561252,1.2639909053881215e-09,0.9577495215961924,OK
PNs,2026-06-01 21:01:13,4.361023639908892,0.048623456585852,1.255486547983635e-09,0.9784848872245524,OK
PNs,2026-06-01 21:02:12,4.382317035113057,0.0496679925884726,1.281875968907173e-09,0.9866970763750622,OK
PNs,2026-06-01 21:03:12,4.626181599270089,0.0511747923524835,1.3209040347244967e-09,0.974272183393696,OK
PNs,2026-06-01 21:04:12,4.984478480340098,0.049009671485851,1.2656344780456295e-09,1.018428743779507,OK
PNs,2026-06-01 21:05:12,4.889433510730126,0.049917582007458,1.2893350093733504e-09,0.9425405396518242,OK
PNs,2026-06-01 21:06:12,4.800225826321769,0.0506245647785851,1.3069852198280842e-09,1.0481743412929363,OK
PNs,2026-06-01 21:07:12,4.995636586183236,0.0476662060658703,1.2303952311921311e-09,0.957946504859683,OK
PNs,2026-06-01 21:08:12,5.022795091438737,0.0480191660832048,1.239902702424752e-09,0.9727795499952508,OK
PNs,2026-06-01 21:09:13,5.322670270916397,0.0473730556806587,1.223153277060717e-09,1.024735843276276,OK
PNs,2026-06-01 21:10:13,5.425599679414415,0.0457509950286371,1.1815114587162687e-09,0.9706896332079574,OK
PNs,2026-06-01 21:11:13,5.471925409011501,0.0483681025342227,1.2485354046328367e-09,0.9644418251378752,OK
PNs,2026-06-01 21:12:13,5.512253890996317,0.0441343344139313,1.1395387808553688e-09,0.930574737266514,OK
PNs,2026-06-01 21:13:12,5.40304143573506,0.0471803796211074,1.21820059154475e-09,0.9480208993653056,OK
PNs,2026-06-01 21:14:12,5.116512705796532,0.0457822125974978,1.1824879417777671e-09,0.9242493329937862,OK
PNs,2026-06-01 21:15:12,5.320768096917301,0.0471629804922069,1.2182030687207123e-09,0.8852782972069221,OK
PNs,2026-06-01 21:16:12,5.262085909802923,0.0449900326052708,1.1616009552410746e-09,0.906653431663584,OK
PNs,2026-06-01 21:17:12,5.2996667417535495,0.0450342689396167,1.1627818876545754e-09,0.9572659280003212,OK
PNs,2026-06-01 21:18:12,5.472837005753693,0.0427231764090585,1.103643460030226e-09,0.9892715136262548,OK
PNs,2026-06-01 21:19:12,5.433123028776781,0.0424532299762547,1.097077952849299e-09,0.8790375788305914,OK
PNs,2026-06-01 21:20:13,5.19482391386105,0.0433462100281498,1.1194795598348923e-09,0.909818272894868,OK
PNs,2026-06-01 21:21:13,4.4720686931421065,0.0429374364355821,1.1084725559306182e-09,0.952763576167293,OK
PNs,2026-06-01 21:22:13,3.659837315482728,0.0419782291400063,1.0837880415725206e-09,0.904872252282481,OK
PNs,2026-06-01 21:23:12,3.8318598916589712,0.0429937637641711,1.110487716115331e-09,1.0018640821878395,OK
PNs,2026-06-01 21:24:12,3.4740979655222386,0.0385529724709146,9.957273031755702e-10,0.922483290362345,OK
PNs,2026-06-01 21:25:12,3.229521490718433,0.040574756433602,1.0474001286509006e-09,1.0418444858172815,OK
PNs,2026-06-01 21:26:12,3.272087134489183,0.0398275088013189,1.028738207363783e-09,0.9090070057667295,OK
PNs,2026-06-01 21:27:12,3.8132949682227264,0.0418687260281648,1.0805825181049303e-09,0.9294973089834542,OK
PNs,2026-06-01 21:28:12,2.989817550093478,0.0407296334492455,1.0532976976795586e-09,0.8959686955041899,OK
PNs,2026-06-01 21:29:12,3.1349738020781834,0.0406423114451067,1.0496719048393244e-09,0.9780385495907534,OK
PNs,2026-06-01 21:30:12,3.2454775420587967,0.0407805285304765,1.0530252937957231e-09,0.9291433623328634,OK
PNs,2026-06-01 21:31:13,3.258330767315475,0.0445320842028643,1.1504027157715698e-09,0.9373284846940872,OK
PNs,2026-06-01 21:32:13,2.960834650148489,0.0433119438706205,1.1184066108265884e-09,0.9244830827370044,OK
PNs,2026-06-01 21:33:13,2.896652601028852,0.0416925942376179,1.0763529422578476e-09,1.0297137697192869,OK
PNs,2026-06-01 21:34:12,3.0595695537571896,0.0424000267538914,1.0961546091577902e-09,0.9994879280716809,OK
PNs,2026-06-01 21:35:12,2.9559081147992545,0.0436552252496671,1.1274744848976416e-09,1.02265291257418,OK
PNs,2026-06-01 21:36:12,2.87677296057394,0.0432629458680003,1.117409615633885e-09,0.9752954481231014,OK
PNs,2026-06-01 21:37:12,2.825263751585913,0.0411440033101086,1.0627439431849179e-09,0.9161472680203552,OK
PNs,2026-06-01 21:38:12,2.7715026034441816,0.0437532377038149,1.1304881260568255e-09,1.0383197176549963,OK
PNs,2026-06-01 21:39:12,2.735014032862585,0.04473804415448,1.1558789681304824e-09,1.008534394344127,OK
PNs,2026-06-01 21:40:12,2.76774050137751,0.0440395906727214,1.138004043023726e-09,1.0448209361388376,OK
PNs,2026-06-01 21:41:12,2.7861849812535344,0.0428450791030093,1.107129082750826e-09,1.028017336722575,OK
PNs,2026-06-01 21:42:13,2.830411785762968,0.0439795993452199,1.1370333243975031e-09,0.9673091982705996,OK
PNs,2026-06-01 21:43:13,2.901246357283086,0.0446769348967125,1.1544271496248507e-09,0.9902839583450972,OK
PNs,2026-06-01 21:44:13,3.1328375469080063,0.0456476958977581,1.1795175806084086e-09,1.046400574098233,OK
PNs,2026-06-01 21:45:12,3.1060649048507094,0.0445951661291347,1.1520760809916507e-09,1.014849053956011,OK
PNs,2026-06-01 21:46:12,3.073923095179553,0.0471398360865101,1.2181782543551323e-09,0.985177639040211,OK
PNs,2026-06-01 21:47:12,3.2023065468856258,0.0472306462409746,1.2206857354017986e-09,1.0454090768159665,OK
PNs,2026-06-01 21:48:12,3.1732506094340867,0.0482640194184287,1.2481780426184943e-09,0.9710950458035864,OK
PNs,2026-06-01 21:49:12,3.036516497766233,0.0461280044276184,1.1932055310462484e-09,1.0262680209623116,OK
PNs,2026-06-01 21:50:12,3.075132257873851,0.0455083050084386,1.1775334114109783e-09,0.9741487419504292,OK
PNs,2026-06-01 21:51:12,3.4972944570825635,0.0468577892212317,1.2128024618208681e-09,0.9782077002824994,OK
PNs,2026-06-01 21:52:11,3.8176671438914265,0.046933489487876,1.2130115588125622e-09,0.9775279268732088,OK
PNs,2026-06-01 21:56:18,3.3454474218477976,0.049920865258038,1.2909766215367267e-09,0.9947146556915392,OK
PNs,2026-06-01 21:57:13,3.1893731007270034,0.0476472731469866,1.2316211877758543e-09,1.0289841438403342,OK
PNs,2026-06-01 21:58:13,3.152688227215897,0.0455944161036987,1.1803579242857895e-09,1.0257249802318316,OK
PNs,2026-06-01 21:59:13,3.0812273449080685,0.0474815050609407,1.229547532987214e-09,1.001540213321,OK
PNs,2026-06-01 22:00:13,2.986922302515725,0.0463419096622884,1.1978825106992083e-09,1.0466693011971353,OK
PNs,2026-06-01 22:01:13,2.9403496847718382,0.0465193715985303,1.20329913200997e-09,1.0595820295530096,OK
PNs,2026-06-01 22:02:13,2.950694624985381,0.0480940488641517,1.2439869645343267e-09,1.0223812776385757,OK
PNs,2026-06-01 22:03:13,2.994969517453258,0.0483878740752039,1.2515119466017195e-09,1.0566657062603022,OK
PNs,2026-06-01 22:04:13,3.2798183935999234,0.0464576448823279,1.2013523645261067e-09,0.972342800187857,OK
PNs,2026-06-01 22:05:13,3.777855520866365,0.0465671934485446,1.2031086713612492e-09,1.0388186909877246,OK
PNs,2026-06-01 22:06:13,4.416687082878652,0.0461332202360704,1.1923468075253794e-09,0.9425596540301964,OK
PNs,2026-06-01 22:07:13,4.455226329935906,0.0445231207124229,1.150656087844035e-09,0.9864803849012964,OK
PNs,2026-06-01 22:08:13,4.775332582946898,0.0442269160315314,1.142807336821883e-09,0.9738057590924832,OK
PNs,2026-06-01 22:09:13,4.788388274005269,0.0453724925993086,1.171825902798582e-09,0.949371614363433,OK
PNs,2026-06-01 22:10:13,4.938314079601129,0.0469677317953507,1.212382709222027e-09,0.9613177320643504,OK
PNs,2026-06-01 22:11:13,4.711224244152112,0.0447308842703491,1.155359444323409e-09,1.0037885496328016,OK
PNs,2026-06-01 22:12:13,4.051990804476217,0.043290815532673,1.1179554265455081e-09,1.0486057263406312,OK
PNs,2026-06-01 22:13:13,4.084815606833109,0.0440472386708154,1.138489133292017e-09,1.0447524186464383,OK
PNs,2026-06-01 22:14:13,4.277970060795395,0.0447607076652338,1.1564937775461607e-09,1.0603971337814675,OK
PNs,2026-06-01 22:15:13,4.097579508104285,0.0441591520934648,1.1410727666157607e-09,1.0150662778537825,OK
PNs,2026-06-01 22:16:13,3.8778835160010976,0.0417565635268991,1.0795687844751224e-09,1.1267402122915318,OK
PNs,2026-06-01 22:17:13,3.905888506544933,0.0433123329843998,1.1186656013149083e-09,1.0248169575245405,OK
PNs,2026-06-01 22:18:13,4.406738768988653,0.0430242719541954,1.1111836421414004e-09,0.9466545310737706,OK
PNs,2026-06-01 22:19:13,4.362419410091625,0.0418056790339996,1.0795925791460038e-09,0.9514062845465396,OK
PNs,2026-06-01 22:20:13,4.313027381659018,0.0417952724904514,1.0803081831614276e-09,1.0100397221902129,OK
PNs,2026-06-01 22:21:13,4.465045663965349,0.0446725594308532,1.1542165959142823e-09,0.9390748867132864,OK
PNs,2026-06-01 22:22:13,4.755590502109544,0.0440568629529172,1.1372314377119746e-09,1.002462527431384,OK
PNs,2026-06-01 22:23:13,4.87273293475276,0.0447349327257021,1.1563814481973296e-09,0.9486512470620752,OK
PNs,2026-06-01 22:24:13,4.929231091643142,0.0447246775642306,1.1560588300483e-09,0.9733313154905604,OK
PNs,2026-06-01 22:25:13,5.074495947687456,0.0424336832059849,1.096388952925308e-09,0.9906024443414568,OK
PNs,2026-06-01 22:26:13,5.063719935300258,0.0439171190899551,1.134748950148219e-09,0.9760455136828214,OK
PNs,2026-06-01 22:27:13,4.923603664436471,0.0448350925537449,1.158506739064934e-09,0.9078849624211334,OK
PNs,2026-06-01 22:28:13,4.751423537812482,0.0445190324807703,1.150713091339405e-09,0.9476528984793088,OK
PNs,2026-06-01 22:29:13,5.101124778456812,0.0442510961189855,1.144325904883843e-09,0.9450434930953676,OK
PNs,2026-06-01 22:30:13,5.29271441016572,0.0444902036909874,1.1500995705333503e-09,0.9295536812605868,OK
PNs,2026-06-01 22:31:13,5.275166160300914,0.0435530690460007,1.1256163635745795e-09,0.9408796664510284,OK
PNs,2026-06-01 22:32:13,5.121036480552524,0.0435787037017555,1.1263725778868356e-09,0.896752367953435,OK
PNs,2026-06-01 22:33:13,5.164316661649885,0.0441021894355658,1.139895343479954e-09,1.001729836691269,OK
PNs,2026-06-01 22:34:13,5.225736266547183,0.0460623002265612,1.1909348669971827e-09,0.9508268210153028,OK
PNs,2026-06-01 22:35:13,5.418986601791015,0.0460130579830481,1.1884041033282435e-09,0.9633217417993984,OK
PNs,2026-06-01 22:36:13,5.753609749303892,0.0470579257078145,1.216106828562486e-09,0.9541167357163174,OK
PNs,2026-06-01 22:37:13,6.089230568442294,0.0483578661227487,1.2493308174970886e-09,0.9489611181085378,OK
PNs,2026-06-01 22:38:13,6.202617369623518,0.0491856037571435,1.270954633928852e-09,0.8788255593565524,OK
PNs,2026-06-01 22:39:13,6.349866632098758,0.0494645069598841,1.2777481328132011e-09,0.9254454254268256,OK
PNs,2026-06-01 22:40:13,7.163271657252317,0.0524180325755003,1.3534703078389156e-09,0.9058515640736016,OK
PNs,2026-06-01 22:41:13,6.710728243903192,0.052698778618626,1.361142838373251e-09,0.930777332404821,OK
PNs,2026-06-01 22:42:13,6.476268643452608,0.0528641404601116,1.365159234498479e-09,1.0120455948470313,OK
PNs,2026-06-01 22:43:13,7.128539113481483,0.0502671787637215,1.2983684840596556e-09,0.9498946916708524,OK
PNs,2026-06-01 22:44:13,7.308426504045645,0.0506857263321005,1.3089413097193604e-09,0.9243504749653544,OK
PNs,2026-06-01 22:45:13,6.417147584845105,0.0514844809862577,1.3293367703219114e-09,0.9420023331065256,OK
PNs,2026-06-01 22:46:13,6.838170574434087,0.0531562680733668,1.3735953414280694e-09,0.9617323145218156,OK
PNs,2026-06-01 22:47:13,6.140766331122949,0.0507403667810379,1.3104652259524863e-09,0.9898760693485946,OK
PNs,2026-06-01 22:48:13,5.295020520105656,0.0491944668908031,1.270078510398493e-09,0.912153951894531,OK
PNs,2026-06-01 22:49:13,5.841979373752642,0.050403113095064,1.3016647602219652e-09,0.9461657285965448,OK
PNs,2026-06-01 22:50:13,5.659763292001185,0.0539059609154241,1.3924407819618515e-09,0.9462342535008144,OK
PNs,2026-06-01 22:51:13,5.683650000673595,0.0521593440085782,1.3472645726693872e-09,0.958948085041378,OK
PNs,2026-06-01 22:52:12,5.736952151569149,0.0540846399028254,1.3964189751432802e-09,0.8976706186566091,OK
PNs,2026-06-01 22:55:15,5.512961092618534,0.0513584627044811,1.3271252533314307e-09,0.9709500704041952,OK
PNs,2026-06-01 22:56:14,5.07955850306253,0.0507552060289729,1.3111631675038004e-09,1.0141146534166026,OK
PNs,2026-06-01 22:57:14,4.941134284854687,0.049565168222516,1.2796971190736241e-09,0.9491945399237574,OK
PNs,2026-06-01 22:58:14,5.005070492454736,0.0482204678344638,1.2457772386639426e-09,0.9397615459723324,OK
PNs,2026-06-01 22:59:14,5.080248743757176,0.0479486309620769,1.2383040055956864e-09,0.9373953622796922,OK
PNs,2026-06-01 23:00:14,5.001215869461879,0.050013861012039,1.2917905451094023e-09,0.950510943877657,OK
PNs,2026-06-01 23:01:14,4.933385403936163,0.047546926246965,1.2279527656880295e-09,1.0095315447611115,OK
PNs,2026-06-01 23:02:14,4.835628528133643,0.0502383773782296,1.2979722536639354e-09,0.9161733590552744,OK
PNs,2026-06-01 23:03:13,4.792467739279774,0.0472099124950003,1.2192805722735194e-09,0.9616265132904118,OK
PNs,2026-06-01 23:04:13,4.893095650201447,0.0480899568667826,1.2424956372364541e-09,0.9726826930192576,OK
PNs,2026-06-01 23:05:13,4.981483177644861,0.0466846209921121,1.2063521555387316e-09,0.9930746876303184,OK
PNs,2026-06-01 23:06:13,4.796071919450038,0.0474166970190649,1.2252626751992978e-09,0.9313975663552244,OK
PNs,2026-06-01 23:07:14,5.334919881923486,0.0471726779023365,1.219455434557683e-09,0.9869185393685248,OK
PNs,2026-06-01 23:08:14,5.300866668680628,0.0457009507306067,1.1802422012678635e-09,0.890284772587409,OK
PNs,2026-06-01 23:09:14,5.951045348342574,0.0483089684530978,1.2472299752270834e-09,0.921138536493351,OK
PNs,2026-06-01 23:10:14,5.351691027992983,0.0482854886179211,1.246158059560575e-09,1.0110566847276228,OK
PNs,2026-06-01 23:11:14,4.738856980237128,0.045327965696882,1.1699802142935964e-09,0.9044908211093118,OK
PNs,2026-06-01 23:12:14,4.735288561641244,0.0464599343602061,1.2005479886300004e-09,1.0302112026268502,OK
PNs,2026-06-01 23:13:13,5.281922459348013,0.0435422847462324,1.1238343087218935e-09,0.9773196217128524,OK
PNs,2026-06-01 23:14:13,5.902251209045242,0.0435272833859215,1.1233329384427071e-09,0.9394054022180393,OK
PNs,2026-06-01 23:15:13,3.7190916322414114,0.0427770186575888,1.1040918855324341e-09,0.9691411671716796,OK
PNs,2026-06-01 23:16:13,5.071009509049187,0.0454105809264093,1.1728473642617643e-09,0.9691903472692822,OK
PNs,2026-06-01 23:17:13,4.411098156439148,0.0428557450097309,1.1061395238326522e-09,0.9936525669941074,OK
PNs,2026-06-01 23:18:14,4.373347941284867,0.040446171214899,1.044271907380899e-09,0.972864291084573,OK
PNs,2026-06-01 23:19:14,4.681924938226614,0.0410534605170357,1.0599952259841154e-09,1.0278996358061343,OK
PNs,2026-06-01 23:20:14,5.597105059962527,0.0443204326628167,1.1445234576296151e-09,0.9401491898665506,OK
PNs,2026-06-01 23:21:14,6.580077471646447,0.0453959495929059,1.1721345554951086e-09,0.9136800853644644,OK
PNs,2026-06-01 23:22:14,7.347623632428738,0.0444274269734544,1.1479734550966162e-09,0.9886421109618414,OK
PNs,2026-06-01 23:23:14,7.993896004477979,0.0446270230265088,1.152408351720733e-09,0.9444532820106808,OK
PNs,2026-06-01 23:24:13,9.275333422481962,0.049886264458787,1.2880285410035374e-09,0.9671256028714031,OK
PNs,2026-06-01 23:25:13,9.23143105297243,0.0483952130132571,1.2496701212380392e-09,0.9260521247065632,OK
PNs,2026-06-01 23:26:13,8.969895822287764,0.0480712430865503,1.2413942189554071e-09,0.9456650775242068,OK
PNs,2026-06-01 23:27:13,8.455634620772889,0.0486521757498958,1.2562747368327294e-09,0.992190901501426,OK
PNs,2026-06-01 23:28:14,8.133216578110401,0.0434689888112614,1.122611218451082e-09,0.9353235721370502,OK
PNs,2026-06-01 23:29:14,8.783861786460154,0.047894422725735,1.2366816387997063e-09,0.8956935761808057,OK
PNs,2026-06-01 23:30:14,9.223625002224152,0.0456200519215169,1.1777654532157432e-09,0.8885921378527399,OK
PNs,2026-06-01 23:31:14,9.424040091984995,0.0488879014348837,1.262284637486937e-09,0.9679778365042628,OK
PNs,2026-06-01 23:32:14,9.1667750115972,0.0469203780241488,1.2118141435308488e-09,0.9035827914211172,OK
PNs,2026-06-01 23:33:14,9.615680843392962,0.048302040592635,1.247345148366192e-09,0.9509881166070844,OK
PNs,2026-06-01 23:34:14,10.057583012859078,0.0504790066823017,1.3036804764211004e-09,0.9033694467366424,OK
PNs,2026-06-01 23:35:13,9.733628798888924,0.0481893193192177,1.244511343006653e-09,1.0024404090989285,OK
PNs,2026-06-01 23:36:13,8.828136027140665,0.0463493763585383,1.196864275323043e-09,0.9284539093651184,OK
PNs,2026-06-01 23:37:13,9.507383874183768,0.0500099919817687,1.2909942041946364e-09,0.9453910267986196,OK
PNs,2026-06-01 23:38:13,10.093436725089996,0.0502195347205189,1.296676097400961e-09,0.9538035013549476,OK
PNs,2026-06-01 23:39:14,10.123159641531664,0.0474902915503341,1.2264578012002708e-09,0.8974760047512176,OK
PNs,2026-06-01 23:40:14,9.634231736819704,0.0494514812560337,1.276711861425975e-09,0.8565009695894902,OK
PNs,2026-06-01 23:41:14,9.423830594539412,0.0505530546935647,1.305461292341808e-09,0.9769755680515656,OK
PNs,2026-06-01 23:42:14,9.54351314076375,0.048952801258045,1.2646450805675362e-09,0.9129035885211864,OK
PNs,2026-06-01 23:43:14,9.478195298010618,0.0518489657007892,1.3389963749001584e-09,0.9823089526442428,OK
PNs,2026-06-01 23:44:14,9.652917683719204,0.0511268415888374,1.3209175160637667e-09,0.9185450864291614,OK
PNs,2026-06-01 23:45:13,8.76411810531288,0.0508316732441019,1.313016992326806e-09,1.0080028144093114,OK
PNs,2026-06-01 23:46:13,8.693558440776432,0.0486346140295983,1.2560939778132547e-09,0.9123447932571688,OK
PNs,2026-06-01 23:47:13,8.921837059017289,0.0518198293611061,1.3386465742724523e-09,0.9857484412709748,OK
PNs,2026-06-01 23:48:13,9.618156811491524,0.0516402889550798,1.3335846426482066e-09,0.8672445348970482,OK
PNs,2026-06-01 23:49:13,9.388918574880243,0.0493500606569691,1.274330045837332e-09,0.8778207589589236,OK
PNs,2026-06-01 23:50:14,8.706338339618075,0.0509897300683114,1.3165672112348941e-09,1.0306858605859424,OK
PNs,2026-06-01 23:51:14,8.601231889700259,0.0501905347341585,1.295916841178404e-09,0.9127878225082908,OK
PNs,2026-06-01 23:52:13,7.797771323749884,0.0508558612283608,1.3140592003717842e-09,0.9727636016999168,OK
PNs,2026-06-01 23:55:16,7.370448534603424,0.0500377879353141,1.2931506754039142e-09,0.9910797357939588,OK
PNs,2026-06-01 23:56:14,7.376646492265811,0.0522824442043542,1.350656740395224e-09,1.002555950764898,OK
PNs,2026-06-01 23:57:14,7.452456765867661,0.0505631337887693,1.3060443142623283e-09,0.9242480447173744,OK
PNs,2026-06-01 23:58:14,7.440749639100802,0.0514393873392007,1.3288063130639243e-09,0.95476052908259,OK
PNs,2026-06-01 23:59:14,7.123501110678467,0.0520891101499216,1.3461056973790847e-09,0.9492674861077164,OK
cold,2026-06-01 00:00:34,20.78711501899143,0.1074833957191447,4.142083560384745e-09,1.9083212085478936,Unstable
cold,2026-06-01 00:01:34,21.331901748022208,0.1110563013661383,4.278921330695686e-09,2.094102517220481,Unstable
cold,2026-06-01 00:02:33,20.08684103700253,0.1034198186960714,3.985221400466192e-09,1.9600118510014573,Unstable
cold,2026-06-01 00:03:34,18.267320349114144,0.0982670430770946,3.786160186811137e-09,1.8653168728012768,Unstable
cold,2026-06-01 00:04:33,15.630711707168118,0.0876325564501271,3.3774284350785534e-09,1.6167702744280452,Unstable
cold,2026-06-01 00:05:33,16.488160722512383,0.0931232546597316,3.588925315591332e-09,1.6597359244379288,Unstable
cold,2026-06-01 00:06:33,18.10292121267154,0.097858350558518,3.771163558638916e-09,1.7147081604523209,Unstable
cold,2026-06-01 00:07:33,18.314710171306785,0.0975522607492346,3.75949242642969e-09,1.7261266498468404,Unstable
cold,2026-06-01 00:08:33,18.51710696946122,0.0926833504496694,3.5713795669490358e-09,1.7283215981859024,Unstable
cold,2026-06-01 00:09:33,18.339859582166238,0.1006092286059706,3.8771740420325564e-09,1.7709011535751389,Unstable
cold,2026-06-01 00:10:34,18.26697938789725,0.1082215335849475,4.169976159204139e-09,1.928031932086244,Unstable
cold,2026-06-01 00:11:34,19.964994084337675,0.1139791528200551,4.390372537748337e-09,1.9008571113380677,Unstable
cold,2026-06-01 00:12:33,20.46631428135464,0.1090285718527838,4.199541531010442e-09,1.7979437467611454,Unstable
cold,2026-06-01 00:13:33,19.95427341844448,0.1044310335556202,4.023387689555022e-09,1.807687577943388,Unstable
cold,2026-06-01 00:14:33,19.449460269682884,0.1044401886542795,4.024273934440937e-09,1.783269596585929,Unstable
cold,2026-06-01 00:15:33,20.090056358337023,0.1056606139190034,4.068601794864112e-09,1.6670345166447682,Unstable
cold,2026-06-01 00:16:33,19.056983647405144,0.1047020139961361,4.0335603036459784e-09,1.739882018139463,Unstable
cold,2026-06-01 00:17:33,19.769320342386976,0.1097927712068124,4.227155851384916e-09,1.850377897487091,Unstable
cold,2026-06-01 00:18:33,19.12875828989845,0.1109330538403326,4.273606067874689e-09,1.5660643486725818,Unstable
cold,2026-06-01 00:19:33,19.180588671106356,0.1040261245510995,4.0080535531595255e-09,1.7908058797865722,Unstable
cold,2026-06-01 00:20:33,18.18290975719337,0.104767065899769,4.035130243526944e-09,1.5847450515496186,Unstable
cold,2026-06-01 00:21:34,17.334270144034452,0.0988853667956343,3.808847512266708e-09,1.7142620664571817,Unstable
cold,2026-06-01 00:22:34,17.97047704593644,0.1021807069665095,3.934603371537424e-09,1.675578983924924,Unstable
cold,2026-06-01 00:23:33,17.921413022864638,0.103008953652071,3.966890338116392e-09,1.68072776462718,Unstable
cold,2026-06-01 00:24:33,17.86845279696804,0.1049453876626467,4.0403918340424974e-09,1.558629032286163,Unstable
cold,2026-06-01 00:25:33,17.860520891803016,0.1011445842774712,3.892900662839845e-09,1.5667400987983555,Unstable
cold,2026-06-01 00:26:33,18.46011115645701,0.1082707434872012,4.165520534612871e-09,1.502943709302292,Unstable
cold,2026-06-01 00:27:33,18.14750844497001,0.103768167699351,3.9912352694937475e-09,1.6214856453422013,Unstable
cold,2026-06-01 00:28:33,16.98902746142902,0.1031599059688021,3.967445853899259e-09,1.5051280857668592,Unstable
cold,2026-06-01 00:29:33,16.575667754706707,0.1049467871422175,4.037904637218804e-09,1.5001767177340375,Unstable
cold,2026-06-01 00:30:33,15.336438525943723,0.1002235616510835,3.855154209839514e-09,1.4859913360973636,OK
cold,2026-06-01 00:31:34,16.695229204008147,0.1026566887648695,3.948223162675852e-09,1.5540252317812997,Unstable
cold,2026-06-01 00:32:34,16.42106707011405,0.1052722625799158,4.051098010874446e-09,1.5188898114089917,Unstable
cold,2026-06-01 00:33:34,14.895642069120692,0.0997450859379212,3.838019447700514e-09,1.4023841647205746,OK
cold,2026-06-01 00:34:34,15.371014330299698,0.1040231220866254,4.002233470455919e-09,1.637185594017825,Unstable
cold,2026-06-01 00:35:33,14.167141414760126,0.0932692148593431,3.588601475526226e-09,1.468879119581934,OK
cold,2026-06-01 00:36:33,11.636114484470642,0.0955015569603464,3.6733981530746163e-09,1.4005864333482834,OK
cold,2026-06-01 00:37:33,12.490041601712088,0.0969842331202105,3.731045530626405e-09,1.3403613821478015,OK
cold,2026-06-01 00:38:27,12.782158284065536,0.1002135821356387,3.854387696852467e-09,1.2951476673711797,OK
cold,2026-06-01 00:42:34,9.817016652876584,0.0946973455065697,3.645359799950144e-09,1.226112449978471,OK
cold,2026-06-01 00:43:34,10.373838606087554,0.0947201042973017,3.6462358961108684e-09,1.2572442790159652,OK
cold,2026-06-01 00:44:34,9.485113338207734,0.0893869432213045,3.441780396681794e-09,1.1531690676516273,OK
cold,2026-06-01 00:45:33,8.663332096076676,0.0837068494722385,3.222241671478393e-09,1.2631116295361124,OK
cold,2026-06-01 00:46:33,8.82128749995956,0.0797733551567,3.06880442047386e-09,1.3173332306709098,OK
cold,2026-06-01 00:47:33,7.424816883285445,0.0768448039109224,2.955735927035213e-09,1.2722673021626498,OK
cold,2026-06-01 00:48:34,7.6160062386798275,0.0775541983698207,2.983397584224089e-09,1.2924108498614952,OK
cold,2026-06-01 00:49:34,7.001989874978416,0.0796470313151696,3.0635000183974543e-09,1.1485868863350968,OK
cold,2026-06-01 00:50:34,5.341318729592951,0.0839614741072248,3.228913806933638e-09,1.0928599704582147,OK
cold,2026-06-01 00:51:34,5.132858376605672,0.0752069244800922,2.893868049541589e-09,1.227035694663216,OK
cold,2026-06-01 00:52:34,5.214551991317667,0.0745138792527069,2.866156159996347e-09,1.185452936817271,OK
cold,2026-06-01 00:53:34,4.874346468846442,0.0819347013657763,3.1515960703179982e-09,1.147076064761483,OK
cold,2026-06-01 00:54:33,4.717372828608241,0.075641388036717,2.9103928439702702e-09,1.1293972686762184,OK
cold,2026-06-01 00:55:33,4.849920152654303,0.0708536803432667,2.728349008699332e-09,1.1313560803060947,OK
cold,2026-06-01 00:56:33,5.111938904400568,0.0742625958873226,2.8576261316678237e-09,1.2621731509720415,OK
cold,2026-06-01 00:57:33,4.923575656864879,0.072010168021896,2.7715035306405124e-09,1.1830769834437629,OK
cold,2026-06-01 00:58:34,4.71535880225316,0.0733308639715238,2.824580152127014e-09,1.0738160290746164,OK
cold,2026-06-01 00:59:34,4.579270443811551,0.073803252025546,2.843341444237365e-09,1.122855852315266,OK
cold,2026-06-01 01:00:34,4.2312060417644695,0.0707465720155664,2.7220589451582526e-09,1.0781134206287184,OK
cold,2026-06-01 01:01:34,4.246307503723499,0.0679079087104156,2.613963569313661e-09,1.133105862414466,OK
cold,2026-06-01 01:02:34,4.358912555351576,0.0719407481820352,2.7698412405015e-09,1.293021223839672,OK
cold,2026-06-01 01:03:34,3.979339052614221,0.0698095292750691,2.6876966004043804e-09,1.1886306031032263,OK
cold,2026-06-01 01:04:34,4.221891655845351,0.0705873811220167,2.717193928752768e-09,1.2407203772007294,OK
cold,2026-06-01 01:05:34,4.374739848018429,0.0673502862104684,2.593358516681177e-09,1.189939214777144,OK
cold,2026-06-01 01:06:33,4.788384673974708,0.0704213623166225,2.710443908426412e-09,1.1530501465053535,OK
cold,2026-06-01 01:07:33,4.5279072284817525,0.0688458554333758,2.649102097437096e-09,1.1949547188499272,OK
cold,2026-06-01 01:08:33,4.261400175053892,0.0717844758836068,2.7630002616082356e-09,1.2754771939014484,OK
cold,2026-06-01 01:09:34,4.376100336478991,0.067956329361444,2.616521060773969e-09,1.4013842450259573,OK
cold,2026-06-01 01:10:34,4.458790773735566,0.0732146805911561,2.8203855361669563e-09,1.1393578934537665,OK
cold,2026-06-01 01:11:33,4.4899742981128,0.0720624131164114,2.775629543376665e-09,1.252631903875996,OK
cold,2026-06-01 01:12:34,3.9844696736047016,0.0693254936824966,2.6708924576445874e-09,1.1925959589734711,OK
cold,2026-06-01 01:13:34,3.761334933840813,0.0680268796337572,2.621364473888894e-09,1.1697315940600774,OK
cold,2026-06-01 01:14:34,3.8034860491535136,0.0679300811593095,2.6187169380825104e-09,1.189719273721906,OK
cold,2026-06-01 01:15:34,3.8578906743570895,0.0667847716575303,2.574333098671676e-09,1.2878607614673585,OK
cold,2026-06-01 01:16:33,3.8168873971464823,0.0695786497934954,2.682889813056063e-09,1.2773282187414727,OK
cold,2026-06-01 01:17:33,3.944714458303492,0.071343981421764,2.751478384122296e-09,1.1057308041118468,OK
cold,2026-06-01 01:18:33,3.5630476065240777,0.0746698465465015,2.879840477850378e-09,1.1250863467032892,OK
cold,2026-06-01 01:19:34,3.727295701266724,0.0713449395522325,2.751880548815249e-09,1.2064373707671447,OK
cold,2026-06-01 01:20:34,3.616108216987231,0.0699595849024839,2.697460751828734e-09,1.2430418045580205,OK
cold,2026-06-01 01:21:34,3.778830463702007,0.073214865504564,2.823537911115778e-09,1.292015875852115,OK
cold,2026-06-01 01:22:34,3.628477248264696,0.0773306190516455,2.9826581463295254e-09,1.2879276929059371,OK
cold,2026-06-01 01:23:34,3.478849904630965,0.0806246132353457,3.110327428388999e-09,1.358629230388738,OK
cold,2026-06-01 01:24:34,3.4566890431605075,0.0769841866086765,2.970380362906286e-09,1.2152063823207504,OK
cold,2026-06-01 01:25:33,3.321331753029023,0.0793301032161108,3.060387963781615e-09,1.3788370461939308,OK
cold,2026-06-01 01:26:33,3.348192518408164,0.0813846205916755,3.1401679942000686e-09,1.2611928817590587,OK
cold,2026-06-01 01:27:33,3.1387582918480934,0.0808177276723809,3.1178808533309863e-09,1.2482540874515826,OK
cold,2026-06-01 01:28:33,3.1113076154877004,0.0770445236290649,2.9733005971337073e-09,1.1067641936951296,OK
cold,2026-06-01 01:29:34,2.9352914289020804,0.0804023793441301,3.101239487820874e-09,1.173811962041248,OK
cold,2026-06-01 01:30:34,3.1178303492039383,0.0799689977143295,3.08605937925794e-09,1.3220375446045576,OK
cold,2026-06-01 01:31:34,3.145686065843979,0.0852567470811686,3.290335788685166e-09,1.282298549497614,OK
cold,2026-06-01 01:32:34,2.9688520767754087,0.0863194332139583,3.330905944605944e-09,1.350760053634872,OK
cold,2026-06-01 01:33:34,2.993552718082429,0.0882276358988222,3.404313899927751e-09,1.3053123995806748,OK
cold,2026-06-01 01:34:34,2.6603615119641786,0.0915192299562155,3.532142690099676e-09,1.2993118473696146,OK
cold,2026-06-01 01:35:33,2.5475153572554463,0.0949284355275371,3.6635977734733246e-09,1.2352059763345593,OK
cold,2026-06-01 01:36:33,2.4765771166914416,0.0897505227610315,3.4618112984910952e-09,1.189878387252399,OK
cold,2026-06-01 01:37:33,2.407531957281692,0.0893947701167212,3.446602601606145e-09,1.185894585859861,OK
cold,2026-06-01 01:38:28,2.454564759140392,0.0924463223435719,3.563663753516504e-09,1.234188916908867,OK
cold,2026-06-01 01:41:02,1.3361797650067349,0.2555558433352988,9.853899581694534e-09,1.17923772725444,OK
cold,2026-06-01 01:41:34,0.9120704503525408,0.1541678967126006,5.9451043963635914e-09,1.9353858660396248,Unstable
cold,2026-06-01 01:42:33,0.088124277957625,0.190451326086018,7.343310826770348e-09,2.4210545050495664,Unstable
cold,2026-06-01 01:43:34,-0.0890119970043333,0.1830840413488322,7.057842685787419e-09,2.143545143290584,Unstable
cold,2026-06-01 01:44:34,-0.1136731208610236,0.1877274590368881,7.236845242893228e-09,2.460264603941392,Unstable
cold,2026-06-01 01:45:34,-0.7038645700845536,0.2038112457731836,7.8568710831588e-09,2.376189684150888,Unstable
cold,2026-06-01 01:46:34,-0.6542208105081536,0.1962551885092529,7.563329534152865e-09,2.3545754052651,Unstable
cold,2026-06-01 01:47:33,-0.64440871595031,0.2055452738396259,7.92345464394595e-09,2.3850865271489154,Unstable
cold,2026-06-01 01:48:34,-0.6301126623203782,0.1978262168085403,7.626402680054938e-09,2.332867712674642,Unstable
cold,2026-06-01 01:49:34,-0.7315639086808167,0.2285279065775978,8.807939348121598e-09,2.719283844682675,Unstable
cold,2026-06-01 01:50:34,-0.9329159653545834,0.2509340033486766,9.670875448366128e-09,2.846368713790373,Unstable
cold,2026-06-01 01:51:34,-0.966083539343478,0.2077985387199692,8.007924436561574e-09,2.561127366720129,Unstable
cold,2026-06-01 01:52:34,-1.041947593402433,0.1811705261998012,6.986857731372106e-09,2.3603568270498894,Unstable
cold,2026-06-01 01:53:34,-0.9519838746968085,0.1878233459668608,7.244866522483221e-09,2.578000306934629,Unstable
cold,2026-06-01 01:54:34,-1.5094500474234973,0.2274538867792678,8.775855959973391e-09,2.680799307355976,Unstable
cold,2026-06-01 01:55:34,-1.5458083104001672,0.2129959881612871,8.21311959101032e-09,2.807259673913929,Unstable
cold,2026-06-01 01:56:33,-1.605852894458632,0.223785955373658,8.63462272732799e-09,2.5124811619436804,Unstable
cold,2026-06-01 01:57:33,-1.2704739065519992,0.1747038048052655,6.740598933436501e-09,2.5799288390783377,Unstable
cold,2026-06-01 01:58:33,-0.8330058161655098,0.1561024070718567,6.022301296829852e-09,2.212929227868424,Unstable
cold,2026-06-01 01:59:34,-0.8180182766824008,0.1581150641340096,6.101568000264084e-09,2.396317427908983,Unstable
cold,2026-06-01 02:00:35,-1.2878235082312557,0.1886384880699625,7.2779994026619984e-09,2.5071946443833766,Unstable
cold,2026-06-01 02:01:34,-1.1012400900788912,0.1629054475097303,6.287052256435803e-09,2.3999890135771595,Unstable
cold,2026-06-01 02:02:34,-1.27401034777443,0.1592137650037259,6.143354378027147e-09,2.10321207188558,Unstable
cold,2026-06-01 02:03:34,-1.2211442812253306,0.1617865434286737,6.242626508173858e-09,2.197548512012652,Unstable
cold,2026-06-01 02:04:34,-0.8604241555620772,0.1336175080403856,5.156221614932686e-09,2.114685669321743,Unstable
cold,2026-06-01 02:05:34,-1.1788004047553278,0.1655694568280849,6.388938485689226e-09,2.172517904754337,Unstable
cold,2026-06-01 02:06:33,-0.8609524305021231,0.1354835868149162,5.226585591158969e-09,1.8371801631940412,Unstable
cold,2026-06-01 02:07:34,-0.7958207281154062,0.1315341683207897,5.075306497838123e-09,1.7848563677341849,Unstable
cold,2026-06-01 02:08:33,-0.4517788669479459,0.105525771925902,4.069853794204608e-09,1.5616022014984978,Unstable
cold,2026-06-01 02:09:34,-0.4104294716637471,0.1167219301215113,4.500478441273613e-09,1.9271249120999403,Unstable
cold,2026-06-01 02:10:34,-0.2866569375319512,0.1080760813663028,4.1680474132882495e-09,1.6758122684483756,Unstable
cold,2026-06-01 02:11:34,-0.2791351934986544,0.1133028960984996,4.368812250927349e-09,1.688640031303408,Unstable
cold,2026-06-01 02:12:34,-0.2599987193655527,0.1176182016339755,4.5355666187336234e-09,1.970722090069194,Unstable
cold,2026-06-01 02:13:34,-0.3454298963658895,0.1144771309312436,4.412976371582366e-09,1.8987053154594264,Unstable
cold,2026-06-01 02:14:34,-0.3500045017895877,0.108486866373491,4.182751844870847e-09,1.6608187910935617,Unstable
cold,2026-06-01 02:15:34,-0.7087351099587431,0.1331031201413944,5.1325221754884045e-09,2.1002166242463245,Unstable
cold,2026-06-01 02:16:34,-0.6736092766666687,0.1203281491473974,4.640837319407031e-09,1.9712858039514785,Unstable
cold,2026-06-01 02:17:34,-0.6467582856394473,0.1268936499935828,4.895031886933015e-09,2.065926741145242,Unstable
cold,2026-06-01 02:18:33,-0.7583845890658573,0.1392772699098068,5.3718487175297735e-09,2.056324657602772,Unstable
cold,2026-06-01 02:19:33,-0.816282338197962,0.1383864292031432,5.335717811796801e-09,1.8052909435924929,Unstable
cold,2026-06-01 02:20:34,-0.4679897438414885,0.1066019368073658,4.109941262091342e-09,1.8392041922310831,Unstable
cold,2026-06-01 02:21:34,-0.7378510602558791,0.128482371639977,4.955001774196289e-09,2.043370241593709,Unstable
cold,2026-06-01 02:22:34,-0.6079084139882919,0.1104864372511952,4.260128852407656e-09,1.588474591877811,Unstable
cold,2026-06-01 02:23:34,-0.5282288362538187,0.1286683755333749,4.959705156188104e-09,1.670208953292914,Unstable
cold,2026-06-01 02:24:34,-0.8237827910293162,0.1262481522387345,4.868191221147973e-09,1.7473547756114751,Unstable
cold,2026-06-01 02:25:34,-0.493576481591502,0.1277254621434237,4.924666582575313e-09,1.8996157740344015,Unstable
cold,2026-06-01 02:26:34,-0.5262020023500819,0.1042588779418022,4.0210748279616775e-09,1.4683169019224025,OK
cold,2026-06-01 02:27:33,-0.2158155361948402,0.1125469315399656,4.340153523825944e-09,1.5774416139272551,Unstable
cold,2026-06-01 02:28:33,-0.3896889794250301,0.1340802985053203,5.1714043507475515e-09,1.6616030754099655,Unstable
cold,2026-06-01 02:29:33,-0.7843982589391525,0.1458161181012558,5.626513275024385e-09,1.9027515504662549,Unstable
cold,2026-06-01 02:30:34,-1.1418407476753791,0.1602709522410096,6.183418927456257e-09,2.087831633459336,Unstable
cold,2026-06-01 02:31:35,-0.7831482104248261,0.1519632607983262,5.863572445156925e-09,1.9196439276566823,Unstable
cold,2026-06-01 02:32:34,-0.5577262562219333,0.1194324151787511,4.608888914917292e-09,1.5399524758997347,Unstable
cold,2026-06-01 02:33:34,-0.6104084451532725,0.1386087573621949,5.3491177026330225e-09,1.657455563246641,Unstable
cold,2026-06-01 02:34:34,-0.8362166976177191,0.1488988262536809,5.743235711311231e-09,2.005400503017232,Unstable
cold,2026-06-01 02:35:34,-0.5615423032746434,0.1328362430334545,5.121089462911456e-09,1.8849242599964775,Unstable
cold,2026-06-01 02:36:34,-0.4826705944147473,0.141276569860113,5.4464288388348565e-09,2.0431728554051456,Unstable
cold,2026-06-01 02:37:33,-0.7438126294206211,0.1533348344325081,5.9091362023377974e-09,1.991632321031418,Unstable
cold,2026-06-01 02:38:30,-0.4561091979334862,0.1328065543333129,5.11785848307597e-09,1.6820538549125077,Unstable
cold,2026-06-01 02:41:03,0.4779534992486538,0.2721096884917883,1.0491545232769405e-08,1.0518845818611358,OK
cold,2026-06-01 02:41:34,-0.4568708657528116,0.1203371584827732,4.6410344318947645e-09,1.638205464653386,Unstable
cold,2026-06-01 02:42:34,-0.4174345192213735,0.1433999616255006,5.530509203420886e-09,1.644443992872613,Unstable
cold,2026-06-01 02:43:34,-0.5081571253656711,0.1432362168552076,5.527585478243771e-09,1.9335982676119077,Unstable
cold,2026-06-01 02:44:34,-0.9381046644522154,0.1737805598362668,6.704290163182679e-09,2.14844049745356,Unstable
cold,2026-06-01 02:45:34,-0.6736701793711204,0.1384208912919247,5.3434456775679264e-09,2.0910690845142152,Unstable
cold,2026-06-01 02:46:34,-0.6776673892068059,0.1547257027361378,5.972448190557868e-09,2.1537637156275995,Unstable
cold,2026-06-01 02:47:34,-0.8039036172603272,0.1372822940518042,5.2976036678978425e-09,1.9299875306438683,Unstable
cold,2026-06-01 02:48:34,-0.6029046531517978,0.1294153496913274,4.9937138576468154e-09,1.7186979563354112,Unstable
cold,2026-06-01 02:49:34,-0.7348074226261103,0.1447543437797875,5.585878573539444e-09,2.1094175321525857,Unstable
cold,2026-06-01 02:50:34,-0.8267669528604263,0.1515470646364679,5.845864462128258e-09,2.2313320503471625,Unstable
cold,2026-06-01 02:51:34,-0.6755512526846643,0.1307905708612551,5.0440188984184304e-09,1.8858583364697383,Unstable
cold,2026-06-01 02:52:34,-0.6596223666762465,0.1208045640661615,4.6587477246697655e-09,1.7530287393242872,Unstable
cold,2026-06-01 02:53:34,-0.7152183684411902,0.135130349597286,5.211731202043243e-09,2.133818044809198,Unstable
cold,2026-06-01 02:54:34,-0.3503531137596828,0.1372347131584433,5.291135865862402e-09,1.7345772248409677,Unstable
cold,2026-06-01 02:55:34,-0.8324770391506063,0.160524175327335,6.1956504361164765e-09,2.0464236539549594,Unstable
cold,2026-06-01 02:56:34,-0.7922882259902951,0.134995103525187,5.207725382749162e-09,1.9462194858599788,Unstable
cold,2026-06-01 02:57:34,-1.0313464024251655,0.1305525059296184,5.035673712954763e-09,1.9366356739796609,Unstable
cold,2026-06-01 02:58:34,-0.6622309356029855,0.1352538808538501,5.218228171894366e-09,2.1458708591728186,Unstable
cold,2026-06-01 02:59:34,-1.0427179731496308,0.14822208699191,5.720454338002328e-09,2.2671470340504896,Unstable
cold,2026-06-01 03:00:34,-0.6898466815063669,0.1246992938061407,4.8087857396551335e-09,1.936430960206984,Unstable
cold,2026-06-01 03:01:34,-0.8433168065878262,0.120235220271812,4.640488837544313e-09,2.018772126078975,Unstable
cold,2026-06-01 03:02:35,-0.6944693289667975,0.1222075874733602,4.713480329319351e-09,2.1042973420712245,Unstable
cold,2026-06-01 03:03:34,-0.9158361607138528,0.1399650233905675,5.3972997296462126e-09,2.5250791384759426,Unstable
cold,2026-06-01 03:04:34,-0.8345586807668492,0.1243187828098562,4.796341300217439e-09,2.148401473244517,Unstable
cold,2026-06-01 03:05:34,-0.7759133942360311,0.1518855409149404,5.859699404045061e-09,2.658359079146311,Unstable
cold,2026-06-01 03:06:34,-0.7464967682118346,0.137842159418546,5.3179098848486e-09,2.6100178853874594,Unstable
cold,2026-06-01 03:07:34,-0.7810831570300543,0.1337430259849797,5.1607949474865255e-09,2.5303180310607263,Unstable
cold,2026-06-01 03:08:34,-0.8509292400703724,0.1567350529732958,6.047997370490641e-09,2.9189717278628864,Unstable
cold,2026-06-01 03:09:35,-1.1065873507074262,0.1548219091577658,5.975365118720911e-09,2.425918456078164,Unstable
cold,2026-06-01 03:10:34,-1.1783268939628202,0.1569653545020282,6.056884106506424e-09,2.895747900347369,Unstable
cold,2026-06-01 03:11:34,-0.6673431028569968,0.1524552116441442,5.8829660058427675e-09,2.487900303130992,Unstable
cold,2026-06-01 03:12:34,-0.8134286860953974,0.1427238054411312,5.511917378343955e-09,2.5835202104790205,Unstable
cold,2026-06-01 03:13:34,-0.8205553120125438,0.12597602996191,4.86512720604437e-09,2.156043484735731,Unstable
cold,2026-06-01 03:14:34,-0.8645832745188309,0.1424357008703391,5.5004251891321185e-09,2.6223120859222857,Unstable
cold,2026-06-01 03:15:34,-0.7690708248331123,0.1282067124586988,4.9506166059784075e-09,2.0788042096677457,Unstable
cold,2026-06-01 03:16:34,-0.9846763502997468,0.156358901884292,6.039099887391554e-09,2.4434748411667053,Unstable
cold,2026-06-01 03:17:34,-0.9701940404184068,0.1524034991739966,5.886916326734475e-09,2.439261511945097,Unstable
cold,2026-06-01 03:18:34,-0.8055994392850034,0.1506235458133982,5.8177748373216304e-09,2.65229739957193,Unstable
cold,2026-06-01 03:19:34,-0.6188286852514135,0.1568507257718615,6.060513918904975e-09,2.980945817709784,Unstable
cold,2026-06-01 03:20:34,-0.7569403656780581,0.1680835486298904,6.496048573749786e-09,3.187127222872329,Unstable
cold,2026-06-01 03:21:34,-1.4737071384558724,0.1909410014035833,7.380174011124586e-09,3.284833368936288,Unstable
cold,2026-06-01 03:22:34,-1.0359845708654514,0.1567158343824123,6.056309155596898e-09,2.6460500142520567,Unstable
cold,2026-06-01 03:23:34,-1.1943012573149143,0.1549656050257275,5.9896676063395214e-09,2.911089903552275,Unstable
cold,2026-06-01 03:24:34,-1.0355869480459765,0.1483168309309885,5.7313469354173475e-09,2.7163035311531982,Unstable
cold,2026-06-01 03:25:34,-0.9838369829390512,0.1510144485069134,5.837531833547068e-09,3.0128971295551694,Unstable
cold,2026-06-01 03:26:34,-0.969455926789174,0.1464137542634831,5.6589366465452455e-09,2.6144574953560595,Unstable
cold,2026-06-01 03:27:35,-0.8639747866266037,0.1418386082082556,5.4830180383546595e-09,2.177053193325706,Unstable
cold,2026-06-01 03:28:34,-1.0477257919913654,0.1750800245477385,6.7653210736357665e-09,2.409234144677023,Unstable
cold,2026-06-01 03:29:34,-0.5114445796179636,0.1221256258729965,4.719407857300846e-09,1.910637178363744,Unstable
cold,2026-06-01 03:30:34,-0.0362190751184761,0.0930032591423094,3.594365384537373e-09,1.5757802682345454,Unstable
cold,2026-06-01 03:31:34,0.1167912196854034,0.0880129454076302,3.4007090376017675e-09,1.4318271192420453,OK
cold,2026-06-01 03:32:34,0.0761386790039342,0.0945114838739517,3.651682887675291e-09,1.4552427951502631,OK
cold,2026-06-01 03:33:34,0.0122657773582301,0.0945991147333423,3.6550687207672315e-09,1.518711892000619,Unstable
cold,2026-06-01 03:34:34,0.1081846317786587,0.0865005868616554,3.3417176279228042e-09,1.4015433439513545,OK
cold,2026-06-01 03:35:34,0.0899478947965188,0.0854896738666154,3.3039823261608867e-09,1.2909059460225132,OK
cold,2026-06-01 03:36:34,0.3132753203553636,0.1008460275234584,3.897211294587864e-09,1.2824683102246637,OK
cold,2026-06-01 03:37:34,0.6054273913837452,0.0824866556791378,3.1877103546863823e-09,1.5048194597664215,Unstable
cold,2026-06-01 03:38:31,0.9172450934470908,0.0958467050897774,3.7043813814887724e-09,1.4348632534448806,OK
cold,2026-06-01 03:42:37,-0.4218440126148443,0.1501950543603401,5.8037332873620786e-09,2.16233140794353,Unstable
cold,2026-06-01 03:43:35,-1.02977391273223,0.1550833996645147,5.991429487322657e-09,1.968682369494972,Unstable
cold,2026-06-01 03:44:35,-0.6763253640496513,0.1286220799478098,4.9696293939161215e-09,1.8575785313422035,Unstable
cold,2026-06-01 03:45:34,-0.7062625369694718,0.1317924233331506,5.092123383151809e-09,1.963956128487291,Unstable
cold,2026-06-01 03:46:34,-1.0389776005356142,0.1658512169178244,6.4076421064505855e-09,2.436250384318451,Unstable
cold,2026-06-01 03:47:34,-1.0581020980757996,0.2012677491025161,7.775955629308452e-09,2.961368730894082,Unstable
cold,2026-06-01 03:48:35,-1.1933483731027863,0.199353556136042,7.703794617091345e-09,2.9030930760959315,Unstable
cold,2026-06-01 03:49:35,-0.3277868083252873,0.1349676227783594,5.2154989176598884e-09,1.8477823509857152,Unstable
cold,2026-06-01 03:50:35,-0.3549527053978009,0.0956885189637243,3.6967916318426726e-09,1.4796397598922142,OK
cold,2026-06-01 03:51:35,-0.1253695675371766,0.080333839019594,3.1004915398729e-09,1.1707377972377315,OK
cold,2026-06-01 03:52:35,0.0171370996211125,0.0833584400527402,3.215516865943307e-09,1.285399083806081,OK
cold,2026-06-01 03:53:35,-0.1728099130512704,0.0784072387287403,3.023823440147777e-09,1.2934662846741367,OK
cold,2026-06-01 03:54:34,-0.0883496539179437,0.0751148577031782,2.8969469188186342e-09,1.2304979760653276,OK
cold,2026-06-01 03:55:34,-0.198207362103941,0.0834086894023652,3.2154264185938683e-09,1.2888253745684088,OK
cold,2026-06-01 03:56:34,-0.020880917931187,0.0875380651408182,3.373943082309542e-09,1.5019028997800123,Unstable
cold,2026-06-01 03:57:34,-0.4020217406554949,0.0970650159340293,3.736920583513699e-09,1.5212022886264231,Unstable
cold,2026-06-01 03:58:35,-0.6414754363084905,0.1074655077536326,4.133905392633561e-09,1.6616125553842147,Unstable
cold,2026-06-01 03:59:35,-0.9944170852783796,0.1213312667395416,4.66542937918077e-09,1.955477415266956,Unstable
cold,2026-06-01 04:00:35,-1.2292284433573004,0.1532349167840039,5.893262114154898e-09,2.664326514773099,Unstable
cold,2026-06-01 04:01:35,-1.4914552977961448,0.1720120889164529,6.618548981084808e-09,2.8889720063116897,Unstable
cold,2026-06-01 04:02:35,-1.811187343723259,0.191582226465291,7.370848365932656e-09,3.115707008430876,Unstable
cold,2026-06-01 04:03:35,-1.745421676505011,0.1665169384688295,6.40333571981334e-09,2.859353901841671,Unstable
cold,2026-06-01 04:04:34,-1.1160061491186168,0.1401799199538683,5.389058114238437e-09,2.6231781408767536,Unstable
cold,2026-06-01 04:05:34,-1.0299753482497238,0.1260858607544921,4.8455623555614515e-09,2.310103680371964,Unstable
cold,2026-06-01 04:06:34,-1.661599075747275,0.1663640401219503,6.393503080056744e-09,3.533154864338104,Unstable
cold,2026-06-01 04:07:34,-1.2631736581426356,0.1465281833291502,5.629517850366823e-09,2.572687858853158,Unstable
cold,2026-06-01 04:08:34,-1.1833007213570947,0.1309196283914607,5.0305132687244574e-09,2.659499038978642,Unstable
cold,2026-06-01 04:09:35,-1.2062715301847604,0.1266791059582684,4.867251345538153e-09,2.3227157704827364,Unstable
cold,2026-06-01 04:10:35,-1.516131277856715,0.1574923248132093,6.050753061205465e-09,3.2291433437455037,Unstable
cold,2026-06-01 04:11:35,-1.2889687169614876,0.1524421429263674,5.857503814560939e-09,2.9936138252347564,Unstable
cold,2026-06-01 04:12:35,-1.206718133078291,0.1417705461953529,5.447814360434635e-09,2.767460049407374,Unstable
cold,2026-06-01 04:13:35,-0.8397865662124901,0.1257290654427457,4.832988556698729e-09,2.56830017379737,Unstable
cold,2026-06-01 04:14:35,-1.7456052208393067,0.1731908904658234,6.6587302636146835e-09,3.124692724924833,Unstable
cold,2026-06-01 04:15:35,-0.9401521659157304,0.1182818391602485,4.5465687947406285e-09,2.206334352426273,Unstable
cold,2026-06-01 04:16:34,-0.5808743905937658,0.1318530150411043,5.0687270902949956e-09,2.752600219465002,Unstable
cold,2026-06-01 04:17:34,-2.0372727942586675,0.2227012187305982,8.560569808561682e-09,4.8008877278912765,Unstable
cold,2026-06-01 04:18:34,-1.7895015734658084,0.1639111959108159,6.2998640265374635e-09,3.412813629622991,Unstable
cold,2026-06-01 04:19:35,-1.345670099346422,0.1450619215823661,5.575953254142078e-09,2.720101764919255,Unstable
cold,2026-06-01 04:20:35,-1.6424341080971274,0.1617184134533037,6.216202735447957e-09,3.3503211254582426,Unstable
cold,2026-06-01 04:21:35,-1.3341117598999368,0.1363105806199938,5.239565402768279e-09,2.6723143717003484,Unstable
cold,2026-06-01 04:22:35,-1.0408072419124963,0.1451115463015661,5.5785996625288014e-09,2.630275321922153,Unstable
cold,2026-06-01 04:23:35,-1.3267076993415252,0.1440987686653754,5.540031868308356e-09,2.646065692001139,Unstable
cold,2026-06-01 04:24:35,-1.250430408285048,0.1365233001453417,5.246525886003928e-09,2.7505323004667632,Unstable
cold,2026-06-01 04:25:34,-1.217244070291161,0.1453949391803629,5.589494284344315e-09,2.6775120985858503,Unstable
cold,2026-06-01 04:26:34,-1.4447177483269475,0.1710125621187973,6.574108344220096e-09,2.967612039361003,Unstable
cold,2026-06-01 04:27:34,-1.7388739633701158,0.1831693993631105,7.0421442123978665e-09,3.29979495590572,Unstable
cold,2026-06-01 04:28:34,-1.943340269380824,0.190855263897503,7.338779846098407e-09,3.063279452866816,Unstable
cold,2026-06-01 04:29:34,-1.284067326078646,0.1494328280882148,5.746272463944263e-09,2.6540539209109477,Unstable
cold,2026-06-01 04:30:35,-1.5066322377967822,0.1591338063628141,6.1190507269649015e-09,2.4022069270659108,Unstable
cold,2026-06-01 04:31:35,-1.610424713202755,0.1743115444722314,6.703602871919142e-09,2.5326025419348253,Unstable
cold,2026-06-01 04:32:35,-1.4918413125123753,0.1661329274441314,6.389137927904312e-09,2.78197643913587,Unstable
cold,2026-06-01 04:33:35,-1.5294692069342548,0.1808328518384402,6.954928582264636e-09,2.8533101177534137,Unstable
cold,2026-06-01 04:34:35,-1.428739474835511,0.1881961327721731,7.240524945747016e-09,3.331974073796081,Unstable
cold,2026-06-01 04:35:34,-1.9168154670711737,0.2244723280501724,8.637622027270859e-09,3.688329221061755,Unstable
cold,2026-06-01 04:36:34,-1.4211872111142565,0.1700578915641113,6.542687078388013e-09,2.4908607672442025,Unstable
cold,2026-06-01 04:37:34,-0.9829787120847804,0.1493156850746602,5.745237738446952e-09,2.2566774258506928,Unstable
cold,2026-06-01 04:38:32,-0.3463139070989962,0.1387161263438231,5.3375742763108024e-09,2.186793149580012,Unstable
cold,2026-06-01 04:41:35,-0.6147442744272211,0.1386420049498648,5.337377879963249e-09,2.164893148348974,Unstable
cold,2026-06-01 04:42:35,-1.5010336421219177,0.2279998036961517,8.777725747700456e-09,2.9672175230566222,Unstable
cold,2026-06-01 04:43:35,-0.6270277839681765,0.1600024111134477,6.1617461578339225e-09,2.405080597328401,Unstable
cold,2026-06-01 04:44:35,-0.0385582913342823,0.0985035823745799,3.7926503164931e-09,1.4987329335631774,OK
cold,2026-06-01 04:45:35,0.3862424751673716,0.0855506110922075,3.294035752532286e-09,1.3927751461982762,OK
cold,2026-06-01 04:46:35,0.96376382893437,0.089583154339856,3.4498771188446103e-09,1.416201729517017,OK
cold,2026-06-01 04:47:34,0.8074779525792114,0.0882426951737765,3.3984812375576303e-09,1.347717663490492,OK
cold,2026-06-01 04:48:35,1.627338008401546,0.081921645699596,3.155563184551196e-09,1.3515708068040886,OK
cold,2026-06-01 04:49:35,1.5050325290933309,0.083455648718099,3.215399278196589e-09,1.3720850755852123,OK
cold,2026-06-01 04:50:35,0.8407654048845491,0.0847338632173301,3.265405828349526e-09,1.496582744704266,OK
cold,2026-06-01 04:51:35,0.9644234608655432,0.094241546423934,3.632408687134138e-09,1.46775476983867,OK
cold,2026-06-01 04:52:34,0.8042084325069143,0.0870484340156809,3.3564985398487677e-09,1.5570701466739527,Unstable
cold,2026-06-01 04:53:35,1.353540072706618,0.0844154563177982,3.254216417105918e-09,1.5850009953006772,Unstable
cold,2026-06-01 04:54:35,2.005389354061099,0.0836645414055073,3.225054288698941e-09,1.475090734899188,OK
cold,2026-06-01 04:55:35,2.7419588952907463,0.0836846273257595,3.226042954475617e-09,1.5106515201767683,Unstable
cold,2026-06-01 04:56:35,1.4934386052509765,0.0885366158875118,3.412520113290301e-09,1.7714480584725028,Unstable
cold,2026-06-01 04:57:34,1.1181145216235857,0.0833112635876038,3.2105828219866343e-09,1.6603764521428568,Unstable
cold,2026-06-01 04:58:35,1.3301645020414707,0.0772569473324591,2.9784538099703766e-09,1.712784933036061,Unstable
cold,2026-06-01 04:59:35,1.1319514658608685,0.0793037883005346,3.057466402171602e-09,1.7323243475365868,Unstable
cold,2026-06-01 05:00:35,1.2262815009130874,0.0804406622104766,3.100575917240576e-09,2.023299562616596,Unstable
cold,2026-06-01 05:01:35,1.8569071841659293,0.0874130914985656,3.369999260970082e-09,1.9748276940581615,Unstable
cold,2026-06-01 05:02:35,1.3085479852807282,0.0802071439922027,3.092191470915772e-09,1.8039030306125023,Unstable
cold,2026-06-01 05:03:35,1.4692086793774346,0.0898283351099324,3.464494806369558e-09,2.0456781297044224,Unstable
cold,2026-06-01 05:04:35,2.260163826186661,0.082842994343318,3.1963597982878853e-09,2.233721413432085,Unstable
cold,2026-06-01 05:05:35,1.2220753058737022,0.0823764047326472,3.179097396210331e-09,2.3020914262083334,Unstable
cold,2026-06-01 05:06:34,1.8654675183590257,0.0807059308333691,3.113283429942262e-09,1.9986301154094177,Unstable
cold,2026-06-01 05:07:35,1.2731558293857943,0.0876461703991571,3.3805579787917264e-09,2.354480201628496,Unstable
cold,2026-06-01 05:08:34,1.989228094274104,0.082896846562677,3.19578020453806e-09,2.465849386010879,Unstable
cold,2026-06-01 05:09:35,1.3314013564080367,0.0800797073382079,3.087073264355367e-09,2.1939507660271738,Unstable
cold,2026-06-01 05:10:35,1.290152517578924,0.0816989799084363,3.150019648568497e-09,2.427165366785992,Unstable
cold,2026-06-01 05:11:35,1.099239602311152,0.0801244038472854,3.089309642931341e-09,1.9944353353786728,Unstable
cold,2026-06-01 05:12:35,0.8228100391396707,0.0806765063659327,3.110183230198023e-09,2.1360054448671613,Unstable
cold,2026-06-01 05:13:35,0.7051393839125392,0.0813728338355043,3.137966125121609e-09,2.2435435774758545,Unstable
cold,2026-06-01 05:14:35,0.6900414997277535,0.0739094792913121,2.851390385990878e-09,2.0774310140053185,Unstable
cold,2026-06-01 05:15:35,0.8698034592231246,0.0783521928628638,3.022366528115628e-09,2.1100114656104414,Unstable
cold,2026-06-01 05:16:35,0.5535296982417625,0.0710589802129962,2.74194912689274e-09,1.963028949190171,Unstable
cold,2026-06-01 05:17:35,0.5199655903543808,0.0725759746127558,2.799982016682035e-09,1.815589446246349,Unstable
cold,2026-06-01 05:18:34,0.4154775122389037,0.0722136731593291,2.78746011544729e-09,1.8628674017065183,Unstable
cold,2026-06-01 05:19:35,0.3167307707284001,0.0691130762909736,2.6661747330335227e-09,1.8106354095654893,Unstable
cold,2026-06-01 05:20:35,1.3477121944285408,0.0679253179887,2.621599924479209e-09,1.5033878027240393,Unstable
cold,2026-06-01 05:21:35,2.67537507404473,0.0739092480519673,2.8511798949418034e-09,1.791667240096199,Unstable
cold,2026-06-01 05:22:35,1.05549892993065,0.0695001724873078,2.6809259664549142e-09,1.6631845882122307,Unstable
cold,2026-06-01 05:23:35,1.6711027146709736,0.0739642690832576,2.8525079828987943e-09,1.869251706786624,Unstable
cold,2026-06-01 05:24:35,2.046578167673629,0.0725323586470218,2.797369691745587e-09,1.6566885286724868,Unstable
cold,2026-06-01 05:25:35,1.1939749265470092,0.0762263667527417,2.9403263514114555e-09,1.7872199905335182,Unstable
cold,2026-06-01 05:26:35,1.2299164957875643,0.0762733784410008,2.942629351671742e-09,1.8390715128235728,Unstable
cold,2026-06-01 05:27:35,0.8108516311710284,0.0760687734456752,2.9347356844833983e-09,1.670649371806991,Unstable
cold,2026-06-01 05:28:35,0.8834944578147791,0.0731968584176191,2.824407110091933e-09,1.683412956617267,Unstable
cold,2026-06-01 05:29:34,0.6846507171801303,0.0816302405946157,3.149821411986317e-09,2.135950785339304,Unstable
cold,2026-06-01 05:30:35,0.8883841771549151,0.0807663537852481,3.1155537251234873e-09,1.9258551416469696,Unstable
cold,2026-06-01 05:31:36,0.393950108573195,0.0775033129567804,2.9909761534616193e-09,1.898754236365205,Unstable
cold,2026-06-01 05:32:35,0.2864164846921163,0.0776288208168978,2.995819701464429e-09,1.756269254612051,Unstable
cold,2026-06-01 05:33:35,0.2836634179857313,0.0760002615090466,2.9330686520352093e-09,1.80907096853307,Unstable
cold,2026-06-01 05:34:35,0.6179719009118464,0.0730273400569444,2.818428895619934e-09,1.5889701903971576,Unstable
cold,2026-06-01 05:35:35,0.6939760313678853,0.0766769281506224,2.958887639397309e-09,1.73095889188936,Unstable
cold,2026-06-01 05:36:35,0.7485665045672855,0.0829760973669339,3.201433554798514e-09,1.926758589372115,Unstable
cold,2026-06-01 05:37:34,0.8524518482011588,0.0803034902179419,3.097904987493648e-09,1.534720696172053,Unstable
cold,2026-06-01 05:38:33,1.1786178810087322,0.0825770994152091,3.185191064404255e-09,1.651297968463271,Unstable
cold,2026-06-01 05:41:36,0.6425448081386327,0.0719437673690202,2.774392463455928e-09,1.3138463639668188,OK
cold,2026-06-01 05:42:35,0.821051622461533,0.0749316276639961,2.8887494616637035e-09,1.6556052292533048,Unstable
cold,2026-06-01 05:43:35,1.3790239778398854,0.0768286573591936,2.962375975989068e-09,1.5943300174352302,Unstable
cold,2026-06-01 05:44:35,1.1279216092403244,0.0819501098072499,3.158904392495061e-09,1.3161051495763758,OK
cold,2026-06-01 05:45:35,0.7972257265116829,0.0700568720679312,2.700280020142162e-09,1.3558397872616237,OK
cold,2026-06-01 05:46:35,0.9053163716664412,0.0702814037954707,2.708574153892212e-09,1.3586447259081509,OK
cold,2026-06-01 05:47:35,0.8718220656692179,0.0709411232942653,2.7337264208665474e-09,1.4269950116150854,OK
cold,2026-06-01 05:48:35,0.8125688485994641,0.0673442874811987,2.5947768067255394e-09,1.3844152054602763,OK
cold,2026-06-01 05:49:36,0.7199709817590056,0.0667624225879317,2.571844641585759e-09,1.1983870766384226,OK
cold,2026-06-01 05:50:35,0.7582822459241171,0.0716012358547033,2.758888816776913e-09,1.2196585578631756,OK
cold,2026-06-01 05:51:35,0.6175318453440419,0.0695360445696161,2.6806508469835723e-09,1.260385066137378,OK
cold,2026-06-01 05:52:35,0.6144314377875112,0.0709353122605001,2.734502409616985e-09,1.1435548621296967,OK
cold,2026-06-01 05:53:35,0.7307771093513951,0.0665286897755145,2.5643746278218114e-09,1.182841397823008,OK
cold,2026-06-01 05:54:35,0.7408356975064394,0.0700829233186866,2.700565787515811e-09,1.2616893220974557,OK
cold,2026-06-01 05:55:36,0.8566260133030745,0.0678355338851577,2.6142258915957634e-09,1.1958207949352937,OK
cold,2026-06-01 05:56:35,0.5627557502572591,0.0668635026245329,2.5769373751369422e-09,1.0831150479642335,OK
cold,2026-06-01 05:57:35,0.4783522085998778,0.0664427030591299,2.55884802437253e-09,1.180711700176718,OK
cold,2026-06-01 05:58:35,0.6831837586002011,0.0668416497919095,2.5734428328826683e-09,1.1704874161512,OK
cold,2026-06-01 05:59:35,0.6289321599299811,0.0646076680120552,2.487433220342369e-09,1.2785813897481575,OK
cold,2026-06-01 06:00:35,0.5510001955762478,0.0655322871212516,2.5226964580566474e-09,1.3175889940920638,OK
cold,2026-06-01 06:01:35,0.6004316379172567,0.0676874440696947,2.6055737198899843e-09,1.288174305163996,OK
cold,2026-06-01 06:02:36,0.5525410319441146,0.0648672511263129,2.4970126607557582e-09,1.1841366721897617,OK
cold,2026-06-01 06:03:35,0.6381936610524523,0.0629345184658402,2.422211497790264e-09,1.321727978635589,OK
cold,2026-06-01 06:04:35,0.8120496693655815,0.0619704866050669,2.385741711337794e-09,1.1379068800250922,OK
cold,2026-06-01 06:05:35,1.195717260496847,0.0597628016835917,2.3000627137459e-09,1.1942258884427024,OK
cold,2026-06-01 06:06:35,0.7434081538056884,0.0628405455047564,2.4185946847539958e-09,1.2427685209952586,OK
cold,2026-06-01 06:07:35,0.6687219978984387,0.0627488855836304,2.4153876748149923e-09,1.325853685970973,OK
cold,2026-06-01 06:08:35,0.663694446323917,0.06399036874127,2.462276596454976e-09,1.1935324601085828,OK
cold,2026-06-01 06:09:36,0.6867477677482499,0.0660645151460782,2.54259378256216e-09,1.111203606843086,OK
cold,2026-06-01 06:10:36,0.60340667772628,0.058624590728014,2.2558824439635e-09,1.285603905759824,OK
cold,2026-06-01 06:11:35,0.7148491014347429,0.0632556797219967,2.433925807208381e-09,1.2730504313044069,OK
cold,2026-06-01 06:12:35,0.6261816312962731,0.0647627152780905,2.49207833444947e-09,1.125869359693565,OK
cold,2026-06-01 06:13:35,0.6979144667745207,0.061691079375737,2.373881355667735e-09,1.0552859040900855,OK
cold,2026-06-01 06:14:35,0.5884924924813454,0.060154467047399,2.314137755726183e-09,1.0575348151005723,OK
cold,2026-06-01 06:15:35,0.8603565069342011,0.0630863341906,2.42708755259966e-09,1.0967338484906588,OK
cold,2026-06-01 06:16:35,0.737192107511333,0.0633680320326608,2.4381679231548556e-09,1.188585577408881,OK
cold,2026-06-01 06:17:35,1.0339000333196635,0.0658699983399297,2.5345184746244567e-09,1.2364129833715614,OK
cold,2026-06-01 06:18:35,1.1928237256881673,0.0664429551660179,2.5568190738115846e-09,1.136101847678079,OK
cold,2026-06-01 06:19:35,1.202678872483275,0.0664216749077154,2.554728073316448e-09,1.1338044975379695,OK
cold,2026-06-01 06:20:35,1.1042396853002692,0.0661262422006876,2.542943192994093e-09,1.143943724726568,OK
cold,2026-06-01 06:21:35,0.8635353097499588,0.0666301597443777,2.5623217883128475e-09,1.102893237999665,OK
cold,2026-06-01 06:22:35,0.7004085645903192,0.0650673586167758,2.5015589915249704e-09,1.1028522079671832,OK
cold,2026-06-01 06:23:35,0.6997786394108942,0.0630078947947205,2.422245404320913e-09,1.0287929226345922,OK
cold,2026-06-01 06:24:35,0.5554024789801764,0.0650641285642506,2.500383413623705e-09,1.05326684210155,OK
cold,2026-06-01 06:25:35,0.5573387207880942,0.0671734372977077,2.5810759682144463e-09,1.0506044719265872,OK
cold,2026-06-01 06:26:35,0.5076419680132525,0.0627395616381407,2.410892765776454e-09,1.0206379286573286,OK
cold,2026-06-01 06:27:36,0.5280855223557612,0.066547164438429,2.5566986329124198e-09,1.0764823410074569,OK
cold,2026-06-01 06:28:35,0.969074032061614,0.065589953654233,2.520257559553904e-09,1.0404410493032503,OK
cold,2026-06-01 06:29:35,0.9777944055151266,0.0656702675273532,2.522590513497602e-09,1.0012872463094644,OK
cold,2026-06-01 06:30:35,0.8461042412520255,0.0646771374837381,2.484111940817476e-09,1.0639101506372437,OK
cold,2026-06-01 06:31:35,0.6688653632751919,0.0681964111341574,2.619540347776253e-09,1.0346801043150469,OK
cold,2026-06-01 06:32:35,0.9422564890494914,0.0643084199293134,2.4702778922613048e-09,1.0141262994324949,OK
cold,2026-06-01 06:33:35,0.7388868370211567,0.0609404243330973,2.340515097942037e-09,1.0346585414402991,OK
cold,2026-06-01 06:34:36,1.1505268332415426,0.0629714406619878,2.41843936790304e-09,1.026046178406078,OK
cold,2026-06-01 06:35:35,0.9212220676690516,0.0673072912214137,2.584787779632178e-09,1.029281637347456,OK
cold,2026-06-01 06:36:35,1.4942925387685886,0.0654136461670637,2.5120665260113273e-09,1.06719439840574,OK
cold,2026-06-01 06:37:35,1.1754369977246537,0.0641516341271043,2.464173571262315e-09,1.1016328434314673,OK
cold,2026-06-01 06:38:34,0.5978147314905301,0.0622684803541925,2.393091469598031e-09,1.0605957539585835,OK
cold,2026-06-01 06:42:41,0.7172014838234008,0.0617176626610453,2.373958640925336e-09,1.0945278344563167,OK
cold,2026-06-01 06:43:36,1.3503540759482096,0.0604206001238012,2.323836039721306e-09,1.0116215599443334,OK
cold,2026-06-01 06:44:36,0.892048673130321,0.0598950827227106,2.303265463353197e-09,1.075118713639242,OK
cold,2026-06-01 06:45:35,1.3630678808739376,0.0574281714150202,2.2073992713471206e-09,1.1004940896874922,OK
cold,2026-06-01 06:46:35,1.477311901607776,0.057777618378347,2.222008429964503e-09,1.0995690312510056,OK
cold,2026-06-01 06:47:35,1.48246974156356,0.057279738405383,2.2023713115733293e-09,1.02272630450546,OK
cold,2026-06-01 06:48:36,1.288625405113789,0.0544622594588831,2.0940125825385753e-09,1.1125754287343177,OK
cold,2026-06-01 06:49:36,1.0604285971006215,0.0557877469447708,2.145089826493796e-09,1.0454417036274335,OK
cold,2026-06-01 06:50:36,0.7924238355456137,0.0557912042993133,2.144930910519101e-09,1.0590523661165856,OK
cold,2026-06-01 06:51:36,0.8127442341551556,0.054307564960028,2.0880298842266e-09,1.1700492317870574,OK
cold,2026-06-01 06:52:36,0.7844519766362151,0.0540767549549151,2.0792935774083344e-09,0.9659496590556718,OK
cold,2026-06-01 06:53:36,0.964888669337819,0.0561935728043839,2.1605435523278942e-09,1.1542999340144913,OK
cold,2026-06-01 06:54:35,1.3025565172108255,0.0566799865546811,2.1791518803075354e-09,1.1443375609759263,OK
cold,2026-06-01 06:55:36,1.352103835705811,0.053785710006489,2.0675758605681947e-09,1.1160780556313767,OK
cold,2026-06-01 06:56:35,1.169397359151843,0.053393391893586,2.052080597849193e-09,1.0595782084540408,OK
cold,2026-06-01 06:57:35,1.0939232645602877,0.0512885823401721,1.9719046247349908e-09,1.0506406287220404,OK
cold,2026-06-01 06:58:36,0.9507713166150464,0.0511586381910193,1.966973891607835e-09,1.0417862763591696,OK
cold,2026-06-01 06:59:36,1.039268423713714,0.0536751228015696,2.0638444870593404e-09,1.3353804858842389,OK
cold,2026-06-01 07:00:36,1.353120740600943,0.0522614007952394,2.009538973678513e-09,1.1595913171544476,OK
cold,2026-06-01 07:01:36,1.332503052822268,0.0547736298036869,2.106075187587905e-09,1.050160174852722,OK
cold,2026-06-01 07:02:36,1.0812937173564712,0.0509786891348474,1.9603005655717016e-09,1.0595552191645277,OK
cold,2026-06-01 07:03:36,1.1249019212653126,0.0497062610807131,1.9114348704008412e-09,1.044055483305729,OK
cold,2026-06-01 07:04:36,1.175416941012592,0.0536719854246855,2.0637983275453515e-09,1.1880680602580622,OK
cold,2026-06-01 07:05:36,0.7428887385421239,0.0539860167353729,2.0759423385599342e-09,1.040989926679309,OK
cold,2026-06-01 07:06:35,0.9131539414989904,0.0532750021635204,2.0488733177312364e-09,1.0463239691509758,OK
cold,2026-06-01 07:07:35,0.5793049139507922,0.0524862601412317,2.0184725668590852e-09,1.040951090123684,OK
cold,2026-06-01 07:08:35,0.5934920562830724,0.0493331488713094,1.897968444233078e-09,1.1089299438121245,OK
cold,2026-06-01 07:09:36,0.6206757934625036,0.0527218537736677,2.0283403162632147e-09,1.1786479335391853,OK
cold,2026-06-01 07:10:36,0.5162514337633356,0.05423996001227,2.086399402486329e-09,1.210179498806719,OK
cold,2026-06-01 07:11:36,0.3319622241711562,0.0524083300751462,2.0160106501690647e-09,1.0922196344284676,OK
cold,2026-06-01 07:12:36,0.3271348780231479,0.0517286609735863,1.990195780360198e-09,1.0421170739715444,OK
cold,2026-06-01 07:13:36,0.4944480315075871,0.0523727901190479,2.014777238267502e-09,1.1623548381761557,OK
cold,2026-06-01 07:14:36,0.5236877437132343,0.0539796980008544,2.077215275905753e-09,1.0834736789872983,OK
cold,2026-06-01 07:15:36,0.5947127057781476,0.0523200050763217,2.012573059960082e-09,1.0430754127532091,OK
cold,2026-06-01 07:16:36,0.944641584545973,0.0546788902240662,2.102712439381301e-09,1.070727428763509,OK
cold,2026-06-01 07:17:35,1.100960443755643,0.0531850010165868,2.044762696933249e-09,1.056856386660474,OK
cold,2026-06-01 07:18:35,1.4275879938912688,0.0571069599635882,2.195416396308385e-09,1.1125337250642986,OK
cold,2026-06-01 07:19:35,0.9190954618924392,0.0559154165949536,2.1497092094160812e-09,1.095794377089955,OK
cold,2026-06-01 07:20:36,1.0514120232264546,0.0554991933863308,2.1337992078256518e-09,1.1115948503404247,OK
cold,2026-06-01 07:21:36,0.94895487897416,0.0540340253346808,2.077350535585897e-09,0.9881062481187468,OK
cold,2026-06-01 07:22:36,1.6682932018756602,0.0560137588330461,2.153440452835541e-09,1.1896853795638889,OK
cold,2026-06-01 07:23:36,1.6888347271434931,0.0603074643551045,2.319127034333532e-09,1.2020450932997275,OK
cold,2026-06-01 07:24:36,1.0574662097530283,0.0574791882108265,2.2099253456951803e-09,1.057063721721517,OK
cold,2026-06-01 07:25:35,0.8502268134327908,0.0559789214788523,2.152529756066609e-09,1.029801643216238,OK
cold,2026-06-01 07:26:36,0.7235635187510069,0.0586952143708156,2.2567532905226248e-09,1.088317322122862,OK
cold,2026-06-01 07:27:35,0.6873216416787316,0.0570946178932245,2.1955768375778638e-09,1.0960194100855571,OK
cold,2026-06-01 07:28:35,0.9146553573816608,0.0563815104994939,2.1687301989242647e-09,1.0364532133256072,OK
cold,2026-06-01 07:29:36,1.2084838977666803,0.0594556547803511,2.2862947516848493e-09,1.0192688724466743,OK
cold,2026-06-01 07:30:36,1.0135819187646318,0.0582500612347407,2.2402325792972043e-09,1.0850669997771571,OK
cold,2026-06-01 07:31:36,0.8296172638381021,0.0575415456584691,2.2133512681151317e-09,1.102459646619203,OK
cold,2026-06-01 07:32:36,1.02296092063678,0.0581663951241474,2.237906440313851e-09,1.082311934759634,OK
cold,2026-06-01 07:33:36,0.988270841478334,0.0587284785189556,2.2599074458583033e-09,1.0397321724440032,OK
cold,2026-06-01 07:34:36,0.6686308640384548,0.0584745546521145,2.2503605601975747e-09,1.1042089757029216,OK
cold,2026-06-01 07:35:36,0.5002774029781764,0.060313322711958,2.3207390294616887e-09,1.0869690773617435,OK
cold,2026-06-01 07:36:36,0.5850324250603356,0.0592386230395514,2.2796895704476387e-09,1.0719665582753872,OK
cold,2026-06-01 07:37:36,0.7605948558594056,0.0580280797807018,2.232807338354308e-09,1.0407433093516258,OK
cold,2026-06-01 07:38:35,0.8393466821254572,0.0599668536343527,2.307560870817169e-09,1.1925916835049746,OK
cold,2026-06-01 07:41:39,0.3364949738034716,0.0581563127007293,2.2383362791153803e-09,1.0503992299922733,OK
cold,2026-06-01 07:42:36,0.3921874067631793,0.0579953590960778,2.232215617092341e-09,1.0280772306465555,OK
cold,2026-06-01 07:43:36,0.6370030691397944,0.0565897390150209,2.178837862931681e-09,1.067078906411218,OK
cold,2026-06-01 07:44:36,1.7466426129086745,0.0594627012874258,2.288692966421608e-09,1.1045818426741758,OK
cold,2026-06-01 07:45:36,1.4557279173755018,0.0571312224125935,2.1984440628669443e-09,1.063574148341727,OK
cold,2026-06-01 07:46:36,1.6380047134021547,0.0600743303123735,2.3123879583359046e-09,1.102574222687235,OK
cold,2026-06-01 07:47:36,1.0297573422602553,0.0536884811902923,2.066445799092293e-09,1.047391932173704,OK
cold,2026-06-01 07:48:36,0.8460958241708176,0.0550907195036515,2.1206991776489736e-09,1.1025341009682912,OK
cold,2026-06-01 07:49:36,0.7297046413688345,0.0576655580589075,2.219816743291739e-09,1.0926089831074066,OK
cold,2026-06-01 07:50:36,0.9680138821183232,0.057441597874111,2.211121993146542e-09,1.0221689752066356,OK
cold,2026-06-01 07:51:36,0.7969408798792624,0.0552226276122048,2.125635665918169e-09,1.0460088833118355,OK
cold,2026-06-01 07:52:36,0.9681221336213268,0.0566000999812198,2.178078501617599e-09,1.1416603156084808,OK
cold,2026-06-01 07:53:36,0.5172626683866475,0.0523441731548316,2.0151057020247532e-09,1.098961899924742,OK
cold,2026-06-01 07:54:36,0.5552287288346699,0.0539490442447296,2.077302998560062e-09,1.040282165842887,OK
cold,2026-06-01 07:55:36,0.6066574656305234,0.0497728842766577,1.916627756349057e-09,1.0309225621221068,OK
cold,2026-06-01 07:56:35,0.4963860358535336,0.0479846560458782,1.848197670996257e-09,1.1022662276757138,OK
cold,2026-06-01 07:57:36,0.5974166004311331,0.0530752426019506,2.04440484368096e-09,1.06821529299694,OK
cold,2026-06-01 07:58:36,0.8435168608472309,0.0515032575467083,1.984249437358191e-09,1.0888412729580277,OK
cold,2026-06-01 07:59:36,1.1802478327916597,0.0512228987060658,1.9735794168886404e-09,1.109179162405548,OK
cold,2026-06-01 08:00:36,0.7732794142403425,0.049170076790123,1.89454875923835e-09,1.0891306400706655,OK
cold,2026-06-01 08:01:36,0.9392366847261184,0.0506571145321792,1.9515854518725715e-09,1.0692606993712022,OK
cold,2026-06-01 08:02:36,0.6434412631667054,0.0493936117010903,1.902971790436609e-09,1.04111719094513,OK
cold,2026-06-01 08:03:35,0.4892442801406472,0.0481811226905703,1.8561968830276233e-09,1.0791378951468524,OK
cold,2026-06-01 08:04:36,0.994858950564577,0.0487904692596065,1.8801098871842484e-09,1.08522356808009,OK
cold,2026-06-01 08:05:36,1.1212089375067158,0.0507246118679308,1.955356335135097e-09,1.12294113973368,OK
cold,2026-06-01 08:06:36,1.502469922962084,0.0495699629548544,1.910909971489291e-09,1.0643474561819186,OK
cold,2026-06-01 08:07:36,1.1091424213187713,0.0521727404544664,2.0112464087407437e-09,1.0544699383484553,OK
cold,2026-06-01 08:08:36,1.197124054941997,0.048600089118519,1.874270032431116e-09,1.1125668098098809,OK
cold,2026-06-01 08:09:36,1.6818501660060972,0.0458563163344238,1.768220541711836e-09,1.1514654621719107,OK
cold,2026-06-01 08:10:36,1.0193192347976996,0.0499883576498523,1.927616307535785e-09,1.0606573750858448,OK
cold,2026-06-01 08:11:36,1.0071930478061004,0.0480289811328374,1.851936898026588e-09,1.076583525519508,OK
cold,2026-06-01 08:12:36,1.261078933480361,0.0468326131901867,1.8061671764296174e-09,1.052546647060001,OK
cold,2026-06-01 08:13:36,0.9644866808458488,0.0478965837196918,1.8467088831515971e-09,1.0432853895850829,OK
cold,2026-06-01 08:14:36,0.4682194535773725,0.0473850052636844,1.8271668196224521e-09,1.1419779210031986,OK
cold,2026-06-01 08:15:36,0.7133706190845641,0.0443394517922212,1.7096733029829843e-09,1.0905377573390642,OK
cold,2026-06-01 08:16:36,0.910174859758767,0.0483289805422116,1.86338044907928e-09,1.0635408990084925,OK
cold,2026-06-01 08:17:36,1.4353241686513798,0.0520902536360103,2.008534440263941e-09,1.2561977229661765,OK
cold,2026-06-01 08:18:36,1.325327478776552,0.0485903317124145,1.873519506662917e-09,1.1172669929225358,OK
cold,2026-06-01 08:19:36,1.1111709996606507,0.0488725534180166,1.883899619753289e-09,1.0397969253117578,OK
cold,2026-06-01 08:20:35,1.4800049136963966,0.0493319200845115,1.901417101388087e-09,1.1770447616687068,OK
cold,2026-06-01 08:21:36,1.331964836392849,0.0465960281805112,1.795309606617985e-09,1.13852246352308,OK
cold,2026-06-01 08:22:36,1.2368922066267276,0.0482383911242521,1.8591451237358083e-09,1.0907753021758144,OK
cold,2026-06-01 08:23:36,1.0910201162562123,0.0500564682797546,1.928894359050694e-09,1.0581575607949805,OK
cold,2026-06-01 08:24:36,0.9381238787758144,0.0488301211993599,1.881512674132087e-09,1.080783705099157,OK
cold,2026-06-01 08:25:36,1.0857471699547805,0.045202124557225,1.741082379647963e-09,1.1172786350965247,OK
cold,2026-06-01 08:26:36,1.0322248971036847,0.0467116314005388,1.7994644585728476e-09,1.0769852672752311,OK
cold,2026-06-01 08:27:35,1.082002468595471,0.0498031211759875,1.918366024743834e-09,1.070707162521071,OK
cold,2026-06-01 08:28:36,1.1373102150584684,0.0495848083793306,1.9100838614763854e-09,1.0629811515126752,OK
cold,2026-06-01 08:29:36,1.0544965262382466,0.0499375483635922,1.923927863274313e-09,1.0393642587456855,OK
cold,2026-06-01 08:30:36,1.3421730813460533,0.0525438232207979,2.024204334615809e-09,1.085361062971722,OK
cold,2026-06-01 08:31:37,2.43848223294855,0.0528310860981071,2.035067849948496e-09,1.1351050385190449,OK
cold,2026-06-01 08:32:36,2.112048931090912,0.0504670397664803,1.944456745526418e-09,1.053195746904927,OK
cold,2026-06-01 08:33:36,1.6724533604277114,0.0544268615687751,2.0970954244080653e-09,1.0626234636479417,OK
cold,2026-06-01 08:34:36,1.5683072460122491,0.0522937742023063,2.0152416006902527e-09,1.0765944155863203,OK
cold,2026-06-01 08:35:36,1.2599600959639063,0.0559021447997409,2.155085752537933e-09,1.079662669914344,OK
cold,2026-06-01 08:36:36,1.321971201594804,0.057304820476543,2.2088663217101e-09,0.9840213908174376,OK
cold,2026-06-01 08:37:36,1.1674443211786776,0.0561227397612671,2.163373932837879e-09,1.0601223112335076,OK
cold,2026-06-01 08:38:37,0.7932176870734842,0.0542458440435987,2.0906074783261012e-09,1.0409741708435647,OK
cold,2026-06-01 08:39:07,1.2212057161793126,0.2611342038477551,1.0060633477212025e-08,0.8937152647020925,Recovered
cold,2026-06-01 08:41:40,0.8854271957269689,0.0613640591889535,2.363917513337133e-09,1.0041872075470892,OK
cold,2026-06-01 08:42:36,1.0847308404813811,0.0604213431600508,2.327833653260237e-09,1.0180745989725395,OK
cold,2026-06-01 08:43:36,1.5539889155533653,0.0623926875140903,2.403783003100771e-09,0.9916073649217594,OK
cold,2026-06-01 08:44:36,2.2182720394283213,0.0655877839613164,2.5271654448353877e-09,0.998593750485898,OK
cold,2026-06-01 08:45:36,1.7465854813110055,0.0637201671863926,2.454191792986953e-09,0.970355848967158,OK
cold,2026-06-01 08:46:36,1.059728362402915,0.0634935782946197,2.44509092318528e-09,1.030860266791188,OK
cold,2026-06-01 08:47:36,0.9983774844101267,0.0678465379164032,2.6119656041371995e-09,0.9900421897918216,OK
cold,2026-06-01 08:48:36,1.1836101797113048,0.0634401005624643,2.441725242388111e-09,1.0165162893536903,OK
cold,2026-06-01 08:49:37,1.646988592382249,0.0651664650045903,2.507894990672198e-09,1.058495315844206,OK
cold,2026-06-01 08:50:37,1.7530193046639568,0.0661449804371402,2.5451638180507646e-09,1.0433357706573347,OK
cold,2026-06-01 08:51:36,1.7715674934772554,0.0683597353778416,2.628777582840296e-09,1.0038313586332444,OK
cold,2026-06-01 08:52:36,2.134241010051332,0.0676171854447616,2.59987755874305e-09,1.0713640559230868,OK
cold,2026-06-01 08:53:36,1.5314970101140444,0.0654061767596384,2.5146139870881477e-09,1.0041867778907445,OK
cold,2026-06-01 08:54:36,1.915809698162778,0.0661928763788067,2.5427835935891675e-09,1.1219814636944057,OK
cold,2026-06-01 08:55:36,2.095065129418201,0.0657025543557608,2.521773686465538e-09,1.0914165952612886,OK
cold,2026-06-01 08:56:36,2.06053848712279,0.0683281310803448,2.6222522726511222e-09,0.9841963252290838,OK
cold,2026-06-01 08:57:36,1.411902517150453,0.0645276702318185,2.474793709837489e-09,1.0307084708837415,OK
cold,2026-06-01 08:58:35,1.164413327330087,0.0611033019173596,2.343507385183802e-09,1.0428467045386751,OK
cold,2026-06-01 08:59:36,1.2922506377151302,0.0625758907294024,2.400224285158213e-09,1.0555936008376892,OK
cold,2026-06-01 09:00:37,1.9474444709666023,0.0626893295877023,2.4047347096580075e-09,1.068660619264917,OK
cold,2026-06-01 09:01:36,2.188156743043693,0.0629061608378707,2.4128125683551862e-09,0.9987743350224232,OK
cold,2026-06-01 09:02:37,2.019502901875412,0.0611769665286668,2.3449352006235235e-09,1.046649836821193,OK
cold,2026-06-01 09:03:36,2.0636259242403883,0.0607824959313588,2.328967318459883e-09,1.1179754847323826,OK
cold,2026-06-01 09:04:36,2.3871056423532244,0.0638888073143595,2.4475852464600487e-09,1.0561042419818636,OK
cold,2026-06-01 09:05:36,2.2696919461611262,0.0584894697716058,2.2399213593071772e-09,1.0699841965392085,OK
cold,2026-06-01 09:06:36,1.8879592448246416,0.0594001575686979,2.274872398355277e-09,1.031998315358586,OK
cold,2026-06-01 09:07:36,1.928748589191331,0.0549965321835965,2.1051114149548423e-09,1.222541615000776,OK
cold,2026-06-01 09:08:36,2.356171876557136,0.0565217681396425,2.1634931254753e-09,1.031030703634756,OK
cold,2026-06-01 09:09:37,2.37942819514341,0.057425324885055,2.1979334666983413e-09,1.0819183625896658,OK
cold,2026-06-01 09:10:37,2.4593470963423485,0.055774991918905,2.1342739509421103e-09,1.1877433448371617,OK
cold,2026-06-01 09:11:37,2.464695907425435,0.0544166872270491,2.08195349006579e-09,1.200156606024886,OK
cold,2026-06-01 09:12:36,1.6116036736750134,0.0559230624371325,2.139869300091219e-09,1.0603368286977606,OK
cold,2026-06-01 09:13:36,1.0839970653142226,0.0552965652843887,2.1161762886087052e-09,1.057661226010517,OK
cold,2026-06-01 09:14:36,1.1335275255592248,0.0543984931277765,2.081394879136568e-09,1.0783062104820955,OK
cold,2026-06-01 09:15:36,1.2733168618967945,0.0526985186870401,2.015751252744193e-09,1.0620212578414416,OK
cold,2026-06-01 09:16:36,1.636849846242906,0.0511904590087544,1.957937727364089e-09,1.067495078779672,OK
cold,2026-06-01 09:17:36,2.1186059922193285,0.0535713531576378,2.0486641932001456e-09,1.130494021207213,OK
cold,2026-06-01 09:18:36,1.932195847841223,0.0547446374341419,2.093463569309049e-09,1.0492721681056736,OK
cold,2026-06-01 09:19:36,2.1457045793589744,0.0563241195004595,2.153366197368242e-09,1.0592031003549616,OK
cold,2026-06-01 09:20:37,2.071150213902461,0.0539772460479876,2.063164623659564e-09,1.1213335247575185,OK
cold,2026-06-01 09:21:37,2.2831269587978738,0.054517430380504,2.0836745083181637e-09,1.0703101728930513,OK
cold,2026-06-01 09:22:36,1.8938212304881,0.0514276262138866,1.964868048201617e-09,1.121746467666119,OK
cold,2026-06-01 09:23:36,1.933431945501904,0.0556021504398882,2.124221761833175e-09,1.1047200140804978,OK
cold,2026-06-01 09:24:36,1.7142519211331688,0.0504727468480413,1.92838547854084e-09,1.0758061975349151,OK
cold,2026-06-01 09:25:36,1.7115455379919235,0.052519917749466,2.0071302375911604e-09,1.0247665836220647,OK
cold,2026-06-01 09:26:36,1.6237609019758668,0.0561523162961661,2.145381777179046e-09,1.044532162623879,OK
cold,2026-06-01 09:27:36,1.710803453003262,0.0577485358172288,2.206149403565854e-09,1.0781822098809777,OK
cold,2026-06-01 09:28:36,1.574998013102057,0.0564063488435072,2.154376917552338e-09,1.0390584970070569,OK
cold,2026-06-01 09:29:36,1.7187521069202385,0.0554876172976663,2.119147262325119e-09,1.0067019280678666,OK
cold,2026-06-01 09:30:36,2.0019413694437342,0.0561757301239721,2.145144334596802e-09,1.0262715312469814,OK
cold,2026-06-01 09:31:37,1.9510933518876048,0.0573438869982229,2.1894632502579693e-09,1.0804981501862168,OK
cold,2026-06-01 09:32:37,2.4141146499885977,0.0569327965055067,2.1736240029202638e-09,1.121274748208936,OK
cold,2026-06-01 09:33:37,2.4208425625877816,0.0582445486184717,2.2237050819051363e-09,1.1159038543664657,OK
cold,2026-06-01 09:34:36,2.4930724147047933,0.0565190054931787,2.15840283989762e-09,1.0810559359048864,OK
cold,2026-06-01 09:35:36,2.269108184549944,0.0615488002112783,2.350819865753218e-09,1.1373291161260168,OK
cold,2026-06-01 09:36:36,1.8790678764605344,0.0567223025283959,2.167033255079802e-09,1.0651696229133332,OK
cold,2026-06-01 09:37:36,1.9158396695444049,0.0566428821513086,2.1640858817922042e-09,1.0083003035333422,OK
cold,2026-06-01 09:38:36,2.0880128971384746,0.0558647419407649,2.134934637506315e-09,1.1161302956747725,OK
cold,2026-06-01 09:39:08,2.320011653996315,0.1542420469472381,5.898834502093966e-09,0.9798687481441756,OK
cold,2026-06-01 09:42:44,2.6343746301213025,0.0579846900355487,2.2145266487071688e-09,1.0675998745396875,OK
cold,2026-06-01 09:43:36,2.402010699181381,0.0591861339761924,2.2597793003279093e-09,1.2069142211130015,OK
cold,2026-06-01 09:44:36,2.3541407379611687,0.0576739740264864,2.201760528623658e-09,1.088302918168543,OK
cold,2026-06-01 09:45:36,2.197415805192945,0.0566891728560851,2.164590560721214e-09,1.095456696720179,OK
cold,2026-06-01 09:46:36,2.1086630524273926,0.0568318457283852,2.1697219152185822e-09,1.0349699714024474,OK
cold,2026-06-01 09:47:37,2.063529278335936,0.0565450650404961,2.1587868414344562e-09,1.1081495426296404,OK
cold,2026-06-01 09:48:37,2.053776402105986,0.0537329467607623,2.0513984789785726e-09,1.1344313191987687,OK
cold,2026-06-01 09:49:37,1.9990585414388595,0.0525990130187847,2.008231677161701e-09,1.0905053218372591,OK
cold,2026-06-01 09:50:37,2.137854806863928,0.059283451010074,2.2634886632332148e-09,1.0716114186572332,OK
cold,2026-06-01 09:51:37,2.1538303795361657,0.055650092593542,2.124659647092872e-09,1.1085160572281632,OK
cold,2026-06-01 09:52:37,2.192056975724929,0.0540935747975166,2.065875999313854e-09,1.1277361222706088,OK
cold,2026-06-01 09:53:36,2.1874369648859804,0.0527178775628953,2.013578682814072e-09,1.1092125811164342,OK
cold,2026-06-01 09:54:36,2.167022850388292,0.0541931836805883,2.0696968538514566e-09,1.0890145816410557,OK
cold,2026-06-01 09:55:36,2.1033642786635567,0.0529992197687926,2.0242314478018037e-09,1.2085713752300586,OK
cold,2026-06-01 09:56:36,2.0145699367955263,0.0495656358390808,1.893277625868446e-09,1.1207690083568105,OK
cold,2026-06-01 09:57:36,1.9142398679553136,0.0514344511636229,1.964208422659747e-09,1.189965420302498,OK
cold,2026-06-01 09:58:36,2.015029328073048,0.0503478291551083,1.922838566096347e-09,1.0532526615603028,OK
cold,2026-06-01 09:59:36,2.199330218384512,0.0500157741095736,1.9104717302442676e-09,1.1088103224254462,OK
cold,2026-06-01 10:00:37,2.334830244152062,0.0514625696309364,1.965541234117769e-09,1.131663556265002,OK
cold,2026-06-01 10:01:37,2.361739084520571,0.0529995009521431,2.023975444703277e-09,1.1942013039773829,OK
cold,2026-06-01 10:02:37,2.236758342760678,0.049977508805056,1.9086327464158995e-09,1.213584461593137,OK
cold,2026-06-01 10:03:37,2.1380633961765207,0.0478944745891866,1.8292628091944546e-09,1.248147656821474,OK
cold,2026-06-01 10:04:37,2.0330436586188574,0.0508592038891681,1.942048615029109e-09,1.0487359274851948,OK
cold,2026-06-01 10:05:36,2.273663735292395,0.0488007797012989,1.863386715187309e-09,1.1192232172990904,OK
cold,2026-06-01 10:06:36,2.409519154857968,0.0531003933270536,2.0275612009170202e-09,1.195792081706884,OK
cold,2026-06-01 10:07:36,2.4350499818695948,0.050058464302161,1.9117244233816247e-09,1.193569400020241,OK
cold,2026-06-01 10:08:36,2.497346797236348,0.0517296771650005,1.9758732362114136e-09,1.1954352221503564,OK
cold,2026-06-01 10:09:37,2.466958661586719,0.0498797550851584,1.905276159335949e-09,1.158422185150718,OK
cold,2026-06-01 10:10:37,2.4335856843449,0.0527329578744248,2.0139292360133507e-09,1.152398591639964,OK
cold,2026-06-01 10:11:37,2.712080201629888,0.0502389738330844,1.9185548463384474e-09,1.0716373140235431,OK
cold,2026-06-01 10:12:37,2.469625286517956,0.0510719358533248,1.9502359841491143e-09,1.11789075812939,OK
cold,2026-06-01 10:13:37,2.364484917288175,0.050787734609934,1.939383458543029e-09,1.1370557372489114,OK
cold,2026-06-01 10:14:36,2.2537129567278518,0.0523209015007151,1.997929060744098e-09,1.0999641546958276,OK
cold,2026-06-01 10:15:36,2.5279718020339668,0.0512494561248519,1.956885858958564e-09,1.1772388951938568,OK
cold,2026-06-01 10:16:36,2.2906508053578056,0.0493498337715249,1.8845377706749347e-09,1.1393302905366371,OK
cold,2026-06-01 10:17:36,2.1730446021130194,0.0506256847551277,1.933513875743903e-09,1.0992888376960948,OK
cold,2026-06-01 10:18:36,2.1247710115307816,0.054278350490177,2.072198497590718e-09,1.0880811526246743,OK
cold,2026-06-01 10:19:37,2.3920177528974897,0.0518918627711922,1.9814804896609407e-09,1.117633174384564,OK
cold,2026-06-01 10:20:37,2.367193486219938,0.0533056581802894,2.035331898330501e-09,1.1272326887500503,OK
cold,2026-06-01 10:21:37,2.3297633203497057,0.0547000417001889,2.088710245197352e-09,1.1090486494779852,OK
cold,2026-06-01 10:22:37,2.27689899564213,0.0524489736744935,2.0030175785976012e-09,1.1613058426379783,OK
cold,2026-06-01 10:23:37,2.2220307374345185,0.0512070311254366,1.9554591556840062e-09,1.0579744680986825,OK
cold,2026-06-01 10:24:36,2.3118310541502294,0.0517750484934945,1.9772804880574142e-09,1.040824978021697,OK
cold,2026-06-01 10:25:36,2.3952461269030607,0.0534628371486101,2.0418041223897677e-09,1.0570310503766132,OK
cold,2026-06-01 10:26:36,2.498042225931881,0.0533281099403627,2.036457465826504e-09,1.076292455519944,OK
cold,2026-06-01 10:27:36,2.4959888237855616,0.0559026200680005,2.134911759776194e-09,1.085392687452451,OK
cold,2026-06-01 10:28:36,2.5011835467424515,0.0567604411073378,2.167457584565017e-09,1.172114884641218,OK
cold,2026-06-01 10:29:36,2.548930044562728,0.0563324125359237,2.150546125222869e-09,1.0808591474524138,OK
cold,2026-06-01 10:30:37,2.51146254716786,0.0548861165077757,2.0959535572792703e-09,1.0624331613014637,OK
cold,2026-06-01 10:31:37,2.7529463854963767,0.0547017713284869,2.088845097783122e-09,1.073573219017616,OK
cold,2026-06-01 10:32:37,2.690026417863525,0.0592748671039713,2.263026322820694e-09,1.0740964388293706,OK
cold,2026-06-01 10:33:37,2.6705906846981398,0.0554592942669324,2.117981221190325e-09,1.098444814059115,OK
cold,2026-06-01 10:34:37,2.694126740326669,0.0555152060275691,2.120158576226992e-09,1.0386482477134935,OK
cold,2026-06-01 10:35:37,2.6716625014684103,0.06033189162854,2.3035877459945884e-09,1.142242688813765,OK
cold,2026-06-01 10:36:36,2.608289780946165,0.0579252790169546,2.2117565147582868e-09,1.0932339684968793,OK
cold,2026-06-01 10:37:36,2.519411968578059,0.056330309040815,2.150516313274029e-09,1.027402040784884,OK
cold,2026-06-01 10:38:37,2.17901751740302,0.0564228746647861,2.153811326260959e-09,1.1634124260145684,OK
cold,2026-06-01 10:39:10,1.947930362512726,0.1187552452885786,4.5349442563112675e-09,1.050446230491457,OK
cold,2026-06-01 10:41:42,2.275581691191924,0.053469080884035,2.040901524064298e-09,1.0141386045653518,OK
cold,2026-06-01 10:42:37,2.330920491562816,0.0542905541625667,2.0728851535581997e-09,1.1144778637884978,OK
cold,2026-06-01 10:43:37,2.190614869641448,0.054565873222239,2.083802324089124e-09,1.143904166232778,OK
cold,2026-06-01 10:44:37,2.282117061459658,0.0544755192108611,2.0804006036465068e-09,1.1314545508935805,OK
cold,2026-06-01 10:45:37,2.332745636719736,0.0543664517573624,2.076290603515464e-09,1.1464318036045105,OK
cold,2026-06-01 10:46:36,2.27504213419807,0.0527340691756059,2.014699448040148e-09,1.073159709803851,OK
cold,2026-06-01 10:47:36,2.247233847149709,0.0550411001402921,2.102498821511917e-09,1.032593070479575,OK
cold,2026-06-01 10:48:36,2.3772115044028865,0.0547057568298365,2.0896203105283393e-09,1.1084137591000078,OK
cold,2026-06-01 10:49:37,2.2462178908837043,0.0545014230931008,2.081918576551742e-09,1.0722352981425487,OK
cold,2026-06-01 10:50:37,2.369283395657142,0.0536788458189119,2.0505512047979744e-09,1.1618889034270306,OK
cold,2026-06-01 10:51:37,2.599865972196953,0.0550591251226901,2.102882758051638e-09,1.1126060286412798,OK
cold,2026-06-01 10:52:37,2.72982561413887,0.0553848850190791,2.115847613029409e-09,1.1032983319784666,OK
cold,2026-06-01 10:53:37,2.7457526123689395,0.056564261370117,2.1605091629273223e-09,1.24516553460242,OK
cold,2026-06-01 10:54:37,2.7711192663573674,0.0558806647593509,2.1343437682117877e-09,1.151084071640076,OK
cold,2026-06-01 10:55:36,2.994322857894139,0.0548906798562516,2.0959698683625403e-09,1.052955686785943,OK
cold,2026-06-01 10:56:37,3.079457458454629,0.0549987089551451,2.1008502730106483e-09,1.2411385116086084,OK
cold,2026-06-01 10:57:36,2.9727884089724825,0.0543850033806402,2.0775934080102557e-09,1.2351719461028174,OK
cold,2026-06-01 10:58:36,2.4271665718582893,0.052121546977127,1.991138414099053e-09,1.114276839464751,OK
cold,2026-06-01 10:59:37,2.182140326929076,0.0527641355248777,2.0154080973495772e-09,1.1448558021816484,OK
cold,2026-06-01 11:00:37,2.205549203561689,0.0501762885344168,1.9162828531579675e-09,1.140412299080831,OK
cold,2026-06-01 11:01:37,2.1571542677334508,0.0513900412773965,1.9622928581971915e-09,0.9913402223826128,OK
cold,2026-06-01 11:02:37,2.071329448813809,0.0495837684261897,1.893408734146833e-09,1.0968020054741767,OK
cold,2026-06-01 11:03:37,1.9061155337384736,0.0488047356920447,1.8633536370153006e-09,1.1665415528739682,OK
cold,2026-06-01 11:04:37,1.7524027319424746,0.0494012510547626,1.8861905804148213e-09,1.1192578977698646,OK
cold,2026-06-01 11:05:37,1.6885812018818198,0.0495249620364417,1.891100854465501e-09,1.1530828749866715,OK
cold,2026-06-01 11:06:37,1.7283467014306224,0.0506387624212158,1.933503721111374e-09,1.0603688455335212,OK
cold,2026-06-01 11:07:36,1.7754007848848177,0.0506037530886472,1.9321033449868874e-09,1.1627867362873705,OK
cold,2026-06-01 11:08:36,1.7504584341562202,0.04695632272665,1.7927816531097311e-09,1.152573923626972,OK
cold,2026-06-01 11:09:37,1.8095524702153432,0.0483461575251768,1.8457236464119542e-09,1.0510955633200636,OK
cold,2026-06-01 11:10:37,1.86635529326182,0.0483200719985243,1.844788528356321e-09,1.1010515568786572,OK
cold,2026-06-01 11:11:37,1.9409354970947588,0.048077855875382,1.8353597350542555e-09,1.1266295903938583,OK
cold,2026-06-01 11:12:37,2.0789816203931566,0.05059010151896,1.9313912713600764e-09,1.1695624551677917,OK
cold,2026-06-01 11:13:37,1.981533204209508,0.0490184238255664,1.871265673711866e-09,1.2804375890070885,OK
cold,2026-06-01 11:14:37,1.9798959977545016,0.0501807026716316,1.9155092071330757e-09,1.1602176809041178,OK
cold,2026-06-01 11:15:37,2.069418122941068,0.0491529751349454,1.876587532119158e-09,1.1704682391992225,OK
cold,2026-06-01 11:16:37,2.254378458762814,0.0503164185878124,1.9208795462134173e-09,1.1892655408851778,OK
cold,2026-06-01 11:17:37,2.2583556200685035,0.0515054765981655,1.9665968498954647e-09,1.2621451591591804,OK
cold,2026-06-01 11:18:36,2.4007345837614373,0.0538003969518837,2.055237589308259e-09,1.1909922158939954,OK
cold,2026-06-01 11:19:36,2.4195603675658104,0.0532451402668593,2.034227249624592e-09,1.3103541706162825,OK
cold,2026-06-01 11:20:37,2.394169013091822,0.0514142068912674,1.9640176373048167e-09,1.2285247317854884,OK
cold,2026-06-01 11:21:37,2.443096508926749,0.0548485167523089,2.095000824209751e-09,1.2329583383629634,OK
cold,2026-06-01 11:22:37,2.5457946459288774,0.0532165464317547,2.033000818222353e-09,1.2718565395229977,OK
cold,2026-06-01 11:23:37,2.6061998816583123,0.0548276859711347,2.094481221828975e-09,1.18740910238579,OK
cold,2026-06-01 11:24:37,2.4117167846192897,0.0568744235080666,2.17223946206877e-09,1.4615798868733256,OK
cold,2026-06-01 11:25:37,2.466866157042406,0.0526507986096708,2.011255319104044e-09,1.1574082490876942,OK
cold,2026-06-01 11:26:36,2.5055334142562624,0.0534854608510365,2.0432739996121467e-09,1.2654227040656283,OK
cold,2026-06-01 11:27:37,2.544559508023804,0.0555172709412674,2.120824167828172e-09,1.3367034610376722,OK
cold,2026-06-01 11:28:36,2.595353385783504,0.0557812137986568,2.1309773162287894e-09,1.4015812169832804,OK
cold,2026-06-01 11:29:36,2.407435458126309,0.0555506939979459,2.12245068737599e-09,1.2218015661675223,OK
cold,2026-06-01 11:30:37,2.2278058901252606,0.0552485825154077,2.110768635272569e-09,1.100015170077066,OK
cold,2026-06-01 11:31:37,2.192034946075488,0.0570680329229536,2.180280624156821e-09,1.2045916666298704,OK
cold,2026-06-01 11:32:37,2.12165857906765,0.0570211389334757,2.178273670100585e-09,1.2737139922471994,OK
cold,2026-06-01 11:33:37,2.1546803293463603,0.0571024872431711,2.18152505143712e-09,1.2829059155066234,OK
cold,2026-06-01 11:34:37,2.190590643519844,0.0568057793698936,2.1697606726036875e-09,1.2260053105361377,OK
cold,2026-06-01 11:35:37,2.1383673874555496,0.0571237412085642,2.1820493799867528e-09,1.2044942992948475,OK
cold,2026-06-01 11:36:37,2.161025469962245,0.0567086459448637,2.164481518761106e-09,1.2664258466323086,OK
cold,2026-06-01 11:37:37,2.238730688386098,0.0609673649724312,2.3274900648520707e-09,1.2940323300680672,OK
cold,2026-06-01 11:38:37,2.3664739935503487,0.0623415429580169,2.379897069139461e-09,1.2368264869714354,OK
cold,2026-06-01 11:39:11,2.3296780588091712,0.1104056036061367,4.212624487617581e-09,1.0137293872465547,OK
cold,2026-06-01 11:41:43,2.325456736146572,0.0643781968196728,2.4562806374404274e-09,1.2753374642583275,OK
cold,2026-06-01 11:42:37,2.3727501496531462,0.0578766394973509,2.208925722216505e-09,1.176061535056735,OK
cold,2026-06-01 11:43:37,2.457376318107538,0.0600833291260996,2.2936688691358508e-09,1.234006397693291,OK
cold,2026-06-01 11:44:37,2.541752701941336,0.0626496182136571,2.39228376335019e-09,1.30337154964323,OK
cold,2026-06-01 11:45:37,2.3565580765099314,0.064750955603745,2.472704257593437e-09,1.3382273893157937,OK
cold,2026-06-01 11:46:37,2.6420070974764887,0.063688265748111,2.432628055194065e-09,1.3829982786495465,OK
cold,2026-06-01 11:47:37,2.6204463679681966,0.0649578140986087,2.480711130975385e-09,1.3540375780054064,OK
cold,2026-06-01 11:48:37,2.629997617225041,0.0625310780384789,2.388113740043784e-09,1.3326847183784858,OK
cold,2026-06-01 11:49:37,2.485888663172011,0.0626487104522381,2.3920613915612988e-09,1.2276449350533316,OK
cold,2026-06-01 11:50:37,2.4611822357600643,0.0630686657410619,2.4076661118580847e-09,1.2440826302138357,OK
cold,2026-06-01 11:51:37,2.553489323528984,0.0653606995909707,2.495054723264247e-09,1.266803125301379,OK
cold,2026-06-01 11:52:37,2.667299558430545,0.0665078474223046,2.53825119526909e-09,1.258662117436932,OK
cold,2026-06-01 11:53:37,2.632754778796621,0.0632672674249452,2.4149730127329038e-09,1.5391729901573552,Unstable
cold,2026-06-01 11:54:37,2.5471588463354964,0.0628734923782079,2.399626174364862e-09,1.375275917209345,OK
cold,2026-06-01 11:55:37,2.5573768999997437,0.06275807160434,2.3947955107327324e-09,1.260987677990419,OK
cold,2026-06-01 11:56:37,2.486516580765004,0.0607182709243802,2.3176035830760388e-09,1.2507335891992404,OK
cold,2026-06-01 11:57:36,2.293806069287882,0.0612010259775165,2.336733049545624e-09,1.263375873766981,OK
cold,2026-06-01 11:58:37,2.5292822301704048,0.0589278461666737,2.2500588552627808e-09,1.166403480341211,OK
cold,2026-06-01 11:59:37,2.375478464208829,0.0611771618017381,2.335483865215183e-09,1.2269004229066562,OK
cold,2026-06-01 12:00:37,2.6563591486756746,0.0591429347659598,2.258271644953428e-09,1.3253536881260728,OK
cold,2026-06-01 12:01:37,2.5060867258021844,0.059924186271869,2.28900654537798e-09,1.2693816077000497,OK
cold,2026-06-01 12:02:37,2.388533905275687,0.0604499532319743,2.308937925062456e-09,1.3066549958507656,OK
cold,2026-06-01 12:03:37,2.393310004783907,0.057852875747728,2.209522057836153e-09,1.2564755242612415,OK
cold,2026-06-01 12:04:37,2.714698379974012,0.0570581847466361,2.179529944051129e-09,1.1784855204453766,OK
cold,2026-06-01 12:05:37,2.423752421593532,0.0574138619954295,2.1928996044181102e-09,1.3546343459472043,OK
cold,2026-06-01 12:06:37,2.137430661874637,0.054967982403846,2.09961847173013e-09,1.1278369237681865,OK
cold,2026-06-01 12:07:37,2.144580178565958,0.0548740258058584,2.0956155699971278e-09,1.16754352963983,OK
cold,2026-06-01 12:08:37,1.9463850680150885,0.0527930037539633,2.016606960580713e-09,1.1259714120386262,OK
cold,2026-06-01 12:09:37,1.7660074830504615,0.057037798119704,2.1782491089845204e-09,1.11224362361839,OK
cold,2026-06-01 12:10:37,1.874555088026182,0.0538357995567903,2.05596615370636e-09,1.1958496242442276,OK
cold,2026-06-01 12:11:37,1.7657998098867376,0.0531159677055496,2.02840930434992e-09,1.1566784082944133,OK
cold,2026-06-01 12:12:37,1.777814709530075,0.0518554968572608,1.980730496206651e-09,1.133581683302605,OK
cold,2026-06-01 12:13:37,1.6630155544987149,0.0527370749393336,2.014205264461781e-09,1.2599556769383706,OK
cold,2026-06-01 12:14:37,1.5617587875444852,0.0506225697664561,1.9337635866477155e-09,1.0985724231865746,OK
cold,2026-06-01 12:15:37,1.565270006107632,0.0505008540183811,1.928733005075529e-09,1.100637317541546,OK
cold,2026-06-01 12:16:37,1.638321636714979,0.052077137007057,1.987233423559285e-09,1.0680800782307291,OK
cold,2026-06-01 12:17:37,1.6770571950811937,0.0533635355564323,2.036857680882973e-09,1.052666449045624,OK
cold,2026-06-01 12:18:37,1.678404723387544,0.0509913711229363,1.9460572940888182e-09,1.0234191438495297,OK
cold,2026-06-01 12:19:37,1.6312022417494478,0.0512817958875903,1.956754928403149e-09,1.1204943361565336,OK
cold,2026-06-01 12:20:37,1.6953464738057933,0.0529161684713774,2.0187191195409702e-09,1.037644322799243,OK
cold,2026-06-01 12:21:37,1.7686487962499646,0.0545312271149447,2.081222400055353e-09,1.1514508549724918,OK
cold,2026-06-01 12:22:38,1.7617439609695071,0.0512781466613235,1.9570019228751136e-09,1.085731096121089,OK
cold,2026-06-01 12:23:37,1.7307029211027871,0.0518308130983961,1.978159211530036e-09,1.0501396007400174,OK
cold,2026-06-01 12:24:37,1.816145515948372,0.0510252889876583,1.947223622624296e-09,1.2141091670740114,OK
cold,2026-06-01 12:25:37,1.8572290885112728,0.0535751783890368,2.0449359748846597e-09,1.12434507798823,OK
cold,2026-06-01 12:26:37,1.8360308514335828,0.0518645393236844,1.9796417944457197e-09,1.070396660186494,OK
cold,2026-06-01 12:27:37,1.861054545935976,0.054043953652043,2.062693132882808e-09,1.129405730790128,OK
cold,2026-06-01 12:28:37,1.8863633996234936,0.0537864952121176,2.0528667282593397e-09,1.1783879114993043,OK
cold,2026-06-01 12:29:37,1.8150566736153548,0.0525515182400556,2.006061438371614e-09,1.1979415230791202,OK
cold,2026-06-01 12:30:37,1.8122057221191303,0.0543277571454623,2.0748904218539e-09,1.1097462580527746,OK
cold,2026-06-01 12:31:37,1.795392092820862,0.0553917596794602,2.115317965041848e-09,1.034376904893591,OK
cold,2026-06-01 12:32:37,1.8623292271963456,0.0536272961246107,2.0480034968307864e-09,1.0848510155633015,OK
cold,2026-06-01 12:33:37,1.8410539223372224,0.0540931915488253,2.0653878659178536e-09,1.1527834876485628,OK
cold,2026-06-01 12:34:37,1.8232438387299597,0.057889713538821,2.210055803996508e-09,1.1098379911207197,OK
cold,2026-06-01 12:35:37,1.956325852083284,0.0545327728542683,2.082240510127004e-09,1.1051012491158865,OK
cold,2026-06-01 12:36:38,1.9797798774393012,0.0561789052643783,2.1444599652101903e-09,1.0508217537596132,OK
cold,2026-06-01 12:37:37,2.0682758141817343,0.0579292767939842,2.2113478776830157e-09,1.026761473404813,OK
cold,2026-06-01 12:38:37,2.1361975091269385,0.0577752991536655,2.20576039932608e-09,1.1921248204266977,OK
cold,2026-06-01 12:39:12,2.2370819129122608,0.092819171943919,3.5446077728793624e-09,1.0539124980642325,OK
cold,2026-06-01 12:42:47,2.2363991942126416,0.0623635471670723,2.381794012650494e-09,1.1405240668101275,OK
cold,2026-06-01 12:43:37,2.241044097454982,0.0570285300784263,2.177106749194097e-09,1.082967502822267,OK
cold,2026-06-01 12:44:37,2.297416368765164,0.0586067845480174,2.2373577928904256e-09,1.090416207226213,OK
cold,2026-06-01 12:45:37,2.266776307855008,0.058243685534445,2.2250339549322502e-09,1.1552433356957872,OK
cold,2026-06-01 12:46:37,2.2587801116066983,0.0602446394235791,2.3013989024393287e-09,1.213533460141887,OK
cold,2026-06-01 12:47:37,2.871102351739776,0.0574400787011231,2.1939009410561046e-09,1.1948675741207873,OK
cold,2026-06-01 12:48:37,2.563365534533862,0.0578906091744377,2.210017262856022e-09,1.086343625998014,OK
cold,2026-06-01 12:49:38,2.898945183161182,0.0578580309111885,2.209791699421483e-09,1.1799735117028307,OK
cold,2026-06-01 12:50:38,2.779758866884351,0.0575089264013729,2.1966752076612993e-09,1.11126515467218,OK
cold,2026-06-01 12:51:38,2.5421496385544087,0.0553267807662321,2.114367873438211e-09,1.169528028450303,OK
cold,2026-06-01 12:52:38,2.657435106352582,0.0577501015349748,2.2072683534572488e-09,1.080799944281171,OK
cold,2026-06-01 12:53:38,2.767863870288517,0.0551436847351099,2.106537888517462e-09,1.1320966507581975,OK
cold,2026-06-01 12:54:37,2.7690208332345185,0.0572231964349097,2.1869853802573154e-09,1.1753380993475824,OK
cold,2026-06-01 12:55:37,3.895246418612044,0.0590321961359829,2.256048326317884e-09,1.221656991157681,OK
cold,2026-06-01 12:56:37,4.011699454869143,0.0602178142730377,2.3012077639727827e-09,1.3282973274028074,OK
cold,2026-06-01 12:57:37,3.928773643301484,0.0593649130426372,2.2690628754534804e-09,1.4448802228776696,OK
cold,2026-06-01 12:58:37,3.9424796215119127,0.0605502884403683,2.314446897791794e-09,1.3339584397090043,OK
cold,2026-06-01 12:59:37,4.297258196143353,0.0608283616666505,2.324692837355859e-09,1.265818529118971,OK
cold,2026-06-01 13:00:38,4.3515393769602095,0.06002053186366,2.2934420071112024e-09,1.2863573321344377,OK
cold,2026-06-01 13:01:38,4.984082266611934,0.0629378365017306,2.405628189244857e-09,1.4443523515706025,OK
cold,2026-06-01 13:02:38,5.1612932894951244,0.0626682182295888,2.395954335516844e-09,1.547061409647686,Unstable
cold,2026-06-01 13:03:37,5.064832822640645,0.0662791730656063,2.533926172083748e-09,1.4300502487563131,OK
cold,2026-06-01 13:04:37,5.11992941176173,0.0618739042742856,2.3651960636799333e-09,1.613238930164705,Unstable
cold,2026-06-01 13:05:37,5.816040268354862,0.0665223019605031,2.5425508875966277e-09,1.4914706710695953,OK
cold,2026-06-01 13:06:37,6.385330193084177,0.0696745203340185,2.6626809901323475e-09,1.6341807677054727,Unstable
cold,2026-06-01 13:07:38,6.619696565716002,0.0718745418878857,2.7469379921881326e-09,1.7123242754954544,Unstable
cold,2026-06-01 13:08:37,6.707192393955253,0.0711714328606217,2.7203350905421036e-09,1.863673757019233,Unstable
cold,2026-06-01 13:09:37,6.518518305336838,0.0711347918718297,2.719203381446636e-09,1.797291251557163,Unstable
cold,2026-06-01 13:10:38,6.591958070303117,0.0719208901523773,2.7488904879184603e-09,1.9652875759526716,Unstable
cold,2026-06-01 13:11:38,6.437512094476594,0.0691371459379513,2.6432767555067293e-09,1.730571139590235,Unstable
cold,2026-06-01 13:12:38,6.34451012006363,0.067748662185068,2.590789458135306e-09,1.694955416969601,Unstable
cold,2026-06-01 13:13:38,6.269745998318782,0.0744538547744072,2.8482368558641947e-09,1.9120657146209137,Unstable
cold,2026-06-01 13:14:38,6.617612444564329,0.0697241529701487,2.66730181849166e-09,1.6566151785362129,Unstable
cold,2026-06-01 13:15:37,6.364688258331088,0.0735165549138442,2.811545912052803e-09,1.678287082971661,Unstable
cold,2026-06-01 13:16:37,6.23400885075293,0.0706505125770572,2.7014924954198533e-09,1.6040873256328667,Unstable
cold,2026-06-01 13:17:37,6.907953457719279,0.0771721572360147,2.9504742584737467e-09,1.664869832002975,Unstable
cold,2026-06-01 13:18:37,7.074236898797483,0.080323769295087,3.0697537469941092e-09,1.816881780880731,Unstable
cold,2026-06-01 13:19:37,7.14879767059202,0.07735759041567,2.956102368413707e-09,1.7356439407641555,Unstable
cold,2026-06-01 13:20:37,7.266221095001735,0.0787646525382991,3.0099702577366403e-09,1.7136219129785444,Unstable
cold,2026-06-01 13:21:38,7.518238103735066,0.0803905493326853,3.0729133317104917e-09,2.0390524452573286,Unstable
cold,2026-06-01 13:22:38,7.403562069906369,0.0782181420712403,2.988790121884726e-09,1.737137811060668,Unstable
cold,2026-06-01 13:23:38,7.072181580146735,0.0778072882496008,2.9719162560202754e-09,1.8616875275518896,Unstable
cold,2026-06-01 13:24:38,7.468428028371451,0.0802715284532331,3.066443906826568e-09,1.7719275972473436,Unstable
cold,2026-06-01 13:25:37,7.820123266329393,0.0805949337977978,3.077987375525533e-09,1.8594974194941345,Unstable
cold,2026-06-01 13:26:37,7.694657307943836,0.0793920550749281,3.0322481000759922e-09,1.7921480813398822,Unstable
cold,2026-06-01 13:27:37,7.322055725898145,0.0814982136968179,3.112176998517317e-09,1.6703060711301836,Unstable
cold,2026-06-01 13:28:37,7.405078406535247,0.0885726771152783,3.383332344951656e-09,1.947828243488784,Unstable
cold,2026-06-01 13:29:37,7.33009891179105,0.0799759903537261,3.054248857267465e-09,1.716253541404501,Unstable
cold,2026-06-01 13:30:37,7.23966006504855,0.0817498733696542,3.122815160601558e-09,1.703481195014764,Unstable
cold,2026-06-01 13:31:37,7.117689529412056,0.0818417405706194,3.127354306865049e-09,1.612456915432738,Unstable
cold,2026-06-01 13:32:38,6.971340234916158,0.0791239364450746,3.0240986943252924e-09,1.6370192208716603,Unstable
cold,2026-06-01 13:33:38,6.832810074743193,0.0799903986569407,3.0574161517734947e-09,1.5725172606193585,Unstable
cold,2026-06-01 13:34:37,6.77063409587108,0.0811950861251787,3.1032575598312156e-09,1.7546341198853888,Unstable
cold,2026-06-01 13:35:37,6.657301865188519,0.0798885662136579,3.0530208972558483e-09,1.6663332306125738,Unstable
cold,2026-06-01 13:36:37,6.696290812664275,0.0811438122696857,3.101297884840109e-09,1.5463435123900846,Unstable
cold,2026-06-01 13:37:37,6.565633578922317,0.0803615402214795,3.07200692268708e-09,1.4940840149091157,OK
cold,2026-06-01 13:38:38,6.548183334580734,0.0785410476374535,3.001623023842117e-09,1.509006684271416,Unstable
cold,2026-06-01 13:39:12,6.674515249601101,0.1169272487978309,4.4692271204964964e-09,1.3629990054858874,OK
cold,2026-06-01 13:41:46,7.100025187400618,0.0887118538527256,3.390099911575765e-09,1.636575032356974,Unstable
cold,2026-06-01 13:42:38,7.437765799626548,0.0853534563003659,3.2607928445008433e-09,1.70128668426931,Unstable
cold,2026-06-01 13:43:38,7.670595430178052,0.0851917378978573,3.2539716578357903e-09,1.609635544828239,Unstable
cold,2026-06-01 13:44:38,7.911877497715273,0.0819064281825587,3.1266333045073806e-09,1.8350722656420413,Unstable
cold,2026-06-01 13:45:38,7.791261999853423,0.0865612649615131,3.304432222602702e-09,1.6658242387945497,Unstable
cold,2026-06-01 13:46:37,8.007466898120702,0.0858917583601736,3.279089970829962e-09,1.6941996826244896,Unstable
cold,2026-06-01 13:47:37,7.984682163892823,0.0849326768003339,3.241941633323714e-09,1.8599284521276065,Unstable
cold,2026-06-01 13:48:38,7.957799803250205,0.0864726277081127,3.3005054620476764e-09,1.912139411222742,Unstable
cold,2026-06-01 13:49:38,7.466418468996609,0.0808299223032806,3.0849304846510204e-09,1.7267937155720592,Unstable
cold,2026-06-01 13:50:38,7.47206553114154,0.0816293249408257,3.1154402450936955e-09,1.6426520798572513,Unstable
cold,2026-06-01 13:51:38,7.210298939602466,0.0813648505280105,3.105448567340682e-09,1.6752662545423398,Unstable
cold,2026-06-01 13:52:38,7.117637984223591,0.0823123437174932,3.141508134133904e-09,1.5761471269087537,Unstable
cold,2026-06-01 13:53:38,7.027422705374208,0.077682970228128,2.9649224085855132e-09,1.6551547442442085,Unstable
cold,2026-06-01 13:54:38,7.288347209348131,0.0791146959976007,3.0194961165148944e-09,1.735903883196787,Unstable
cold,2026-06-01 13:55:38,7.486991030011365,0.0796933886416787,3.040018371714236e-09,1.702552908263157,Unstable
cold,2026-06-01 13:56:38,7.424131516360967,0.0821630754889147,3.1336762506104493e-09,1.822922046098146,Unstable
cold,2026-06-01 13:57:37,7.141195568160747,0.0752892899758597,2.8714069681540237e-09,1.609985484201114,Unstable
cold,2026-06-01 13:58:37,7.222073213544116,0.0792505750977426,3.0220860159870597e-09,1.6556652305825992,Unstable
cold,2026-06-01 13:59:38,7.202011354829296,0.0803955023327457,3.065745870593265e-09,1.7921243957714548,Unstable
cold,2026-06-01 14:00:38,7.058203556736655,0.0768298916056533,2.930162924762957e-09,1.6012922493529032,Unstable
cold,2026-06-01 14:01:38,7.106714763182118,0.0772437825024154,2.946491218663043e-09,1.742344944795116,Unstable
cold,2026-06-01 14:02:38,7.483276147010545,0.0824855988512106,3.146069104877293e-09,1.955086725015894,Unstable
cold,2026-06-01 14:03:38,7.152291582174676,0.0800419075742978,3.0528646942259104e-09,1.6779277225146545,Unstable
cold,2026-06-01 14:04:38,6.876793981861397,0.0749817678898798,2.8599608721078006e-09,1.61154183012025,Unstable
cold,2026-06-01 14:05:37,6.847390350014157,0.0758092341309027,2.891617302818194e-09,1.7372454466380325,Unstable
cold,2026-06-01 14:06:38,7.378328163981184,0.0780639351531368,2.977325225837655e-09,1.875759552979616,Unstable
cold,2026-06-01 14:07:37,7.538226675216773,0.0782765950791986,2.98523954870007e-09,1.821399195077829,Unstable
cold,2026-06-01 14:08:37,7.326350011654976,0.0783422403321102,2.9876447752172326e-09,1.7408213687300644,Unstable
cold,2026-06-01 14:09:38,7.150848204112035,0.0776306794400865,2.9609958783561413e-09,1.745341597583087,Unstable
cold,2026-06-01 14:10:38,7.1836916988183415,0.0773712419667825,2.9503237871497494e-09,1.818538064387757,Unstable
cold,2026-06-01 14:11:38,6.951079454320473,0.073276411271646,2.794179513164862e-09,1.660028382005761,Unstable
cold,2026-06-01 14:12:38,7.205646190120935,0.0738862751594393,2.8171568623187526e-09,1.833254334068669,Unstable
cold,2026-06-01 14:13:38,7.211446910081279,0.0777848034814059,2.9658986090978277e-09,1.5717398185885822,Unstable
cold,2026-06-01 14:14:38,7.036277146062422,0.0749477528201686,2.8577231785059754e-09,1.8106943896415284,Unstable
cold,2026-06-01 14:15:38,7.114623129601746,0.0773857428423982,2.9509738067180766e-09,1.57475381133011,Unstable
cold,2026-06-01 14:16:38,7.229991411125706,0.0786471154966036,2.9998635732690492e-09,1.7905024892981103,Unstable
cold,2026-06-01 14:17:38,7.317394010436313,0.0796046676712027,3.035488879696819e-09,1.710072918805237,Unstable
cold,2026-06-01 14:18:37,7.129720807620766,0.0756052982164434,2.8836487362217424e-09,1.4813733243099283,OK
cold,2026-06-01 14:19:37,7.139599911417939,0.079564588300514,3.0348590492828502e-09,1.698753666419653,Unstable
cold,2026-06-01 14:20:38,7.254980262524916,0.0746392470193987,2.847083769820147e-09,1.533758750893921,Unstable
cold,2026-06-01 14:21:38,7.291981365971313,0.0798981043220246,3.0478813307271293e-09,1.7280812157084584,Unstable
cold,2026-06-01 14:22:38,7.543408629500114,0.080742562699997,3.0802977038633813e-09,1.6002803528131486,Unstable
cold,2026-06-01 14:23:38,8.184659394414012,0.0879729348298172,3.356575477114896e-09,1.8787062739930387,Unstable
cold,2026-06-01 14:24:38,8.321919530939573,0.0896164952125986,3.419059857041053e-09,1.6951488247466278,Unstable
cold,2026-06-01 14:25:38,8.232141378477797,0.0856317713099278,3.2668191313642183e-09,1.5803650432381848,Unstable
cold,2026-06-01 14:26:38,8.270149836443718,0.0893749012254815,3.408047878731278e-09,1.7635313805077677,Unstable
cold,2026-06-01 14:27:38,8.44963555166694,0.0895355009370134,3.4149582134423184e-09,1.659682628127009,Unstable
cold,2026-06-01 14:28:37,9.324995858417884,0.0932156681582306,3.555439823604187e-09,1.8917392800009705,Unstable
cold,2026-06-01 14:29:37,9.18596421446341,0.0940197767547346,3.585402369576572e-09,1.643976664768935,Unstable
cold,2026-06-01 14:30:38,9.318431352227629,0.0958530834577541,3.6556754864854422e-09,1.7306729495877151,Unstable
cold,2026-06-01 14:31:38,9.521314490133244,0.0960509223868613,3.662256820367309e-09,1.6562075401188256,Unstable
cold,2026-06-01 14:32:38,9.67774099431354,0.0957393884706946,3.6509789975368652e-09,1.7412866569323708,Unstable
cold,2026-06-01 14:33:38,9.282804375594608,0.0968063744364464,3.691060910451005e-09,1.6909111463411122,Unstable
cold,2026-06-01 14:34:38,9.40594962727388,0.0953113559467321,3.6345840027341613e-09,1.7203642450938683,Unstable
cold,2026-06-01 14:35:38,9.288270124652596,0.0953474705326594,3.635469324940027e-09,1.6732343001954082,Unstable
cold,2026-06-01 14:36:37,9.711830931207068,0.0962417888992848,3.668231841830113e-09,1.7042603688292108,Unstable
cold,2026-06-01 14:37:38,9.805983766541663,0.1029964398468155,3.924852741528953e-09,1.8331501905163428,Unstable
cold,2026-06-01 14:38:38,10.18965031585569,0.1011396158820297,3.854018765569263e-09,1.6811407767237394,Unstable
cold,2026-06-01 14:39:13,10.365261540234318,0.1382843927242663,5.2691082486457156e-09,1.3500500098424255,OK
cold,2026-06-01 14:41:46,10.37273318467041,0.1060300193927509,4.039574837628954e-09,1.555617911358839,Unstable
cold,2026-06-01 14:42:38,10.134715242071024,0.0981506977744658,3.739754217257957e-09,1.7982443783007795,Unstable
cold,2026-06-01 14:43:38,10.257094600450742,0.1035188801745942,3.943515347647835e-09,1.7189861744420214,Unstable
cold,2026-06-01 14:44:38,10.2389453649757,0.1034436617965096,3.940649929978118e-09,1.819032101720503,Unstable
cold,2026-06-01 14:45:38,10.05827566891174,0.0973774580856248,3.709560032217579e-09,1.8024349096296528,Unstable
cold,2026-06-01 14:46:38,10.00341296600164,0.1007431259282019,3.83916272503938e-09,1.7972214313759238,Unstable
cold,2026-06-01 14:47:38,9.806614360665474,0.0956452221425496,3.6451294240516983e-09,1.7579004818698898,Unstable
cold,2026-06-01 14:48:38,9.733245661643862,0.0944051137130647,3.598459654585991e-09,1.8375536539378725,Unstable
cold,2026-06-01 14:49:38,9.296075984997634,0.0924743557051612,3.523705087111847e-09,1.852600354786158,Unstable
cold,2026-06-01 14:50:38,9.161307090723056,0.0953481725290915,3.632255112347382e-09,1.6462017715773642,Unstable
cold,2026-06-01 14:51:38,8.973045188647705,0.0924974669632191,3.524585734043279e-09,1.8899908055939605,Unstable
cold,2026-06-01 14:52:38,7.963569852483107,0.0857533018365509,3.2673865745095683e-09,1.5378554087303735,Unstable
cold,2026-06-01 14:53:38,8.184638165003403,0.0867006720584406,3.303918115502235e-09,1.684862743715149,Unstable
cold,2026-06-01 14:54:38,8.312034440765546,0.0926658629791879,3.5312347196019304e-09,1.7750185823695073,Unstable
cold,2026-06-01 14:55:38,8.11971050897041,0.0837769624627692,3.193239097203786e-09,1.7497914005857036,Unstable
cold,2026-06-01 14:56:38,8.000536844973231,0.0861361774114489,3.283486946305985e-09,1.814812696793188,Unstable
cold,2026-06-01 14:57:38,8.141316893807677,0.086304195828677,3.290216571244213e-09,1.9316268132355692,Unstable
cold,2026-06-01 14:58:38,8.180945797217115,0.0869813241247551,3.3160310605540612e-09,1.706836088826816,Unstable
cold,2026-06-01 14:59:38,8.529318627203315,0.0869311975189646,3.313138744368059e-09,1.8209973070876253,Unstable
cold,2026-06-01 15:00:38,8.65877002018022,0.0863586855116938,3.291210773831873e-09,1.8221328459038308,Unstable
cold,2026-06-01 15:01:39,8.654974017843907,0.0866892022012449,3.304350626148935e-09,1.8758200208410447,Unstable
cold,2026-06-01 15:02:38,9.02217120216358,0.0857315051343139,3.2677383615893062e-09,2.063939770087808,Unstable
cold,2026-06-01 15:03:38,8.875970340169394,0.0861052395090555,3.2818756200872247e-09,2.1284843949176278,Unstable
cold,2026-06-01 15:04:38,7.987726665644851,0.0822118175967458,3.1329635919785163e-09,1.8589385636728952,Unstable
cold,2026-06-01 15:05:38,7.779138218869534,0.0786446949959751,2.9970261372058237e-09,1.7676487756659816,Unstable
cold,2026-06-01 15:06:38,7.775752166417015,0.0783144736168518,2.9850311073453e-09,1.9500528668202024,Unstable
cold,2026-06-01 15:07:38,7.850737791690699,0.079946062961288,3.0476218050319117e-09,1.952233451371313,Unstable
cold,2026-06-01 15:08:38,7.581364597626821,0.0772447698887395,2.9447427862471144e-09,1.9565881201698208,Unstable
cold,2026-06-01 15:09:38,8.033331772022358,0.0809437385147776,3.085857266180407e-09,1.965726666592141,Unstable
cold,2026-06-01 15:10:38,7.78235741221312,0.0761328367017508,2.90330885934237e-09,2.151446006764478,Unstable
cold,2026-06-01 15:11:38,7.887765964689457,0.0794614125995444,3.0321398860104756e-09,2.023337118961253,Unstable
cold,2026-06-01 15:12:38,7.884212513668289,0.0796045255248452,3.037901089045737e-09,1.9172306640453496,Unstable
cold,2026-06-01 15:13:38,7.833174219522479,0.0778964039340545,2.972421274909278e-09,1.963758657354765,Unstable
cold,2026-06-01 15:14:38,7.736794837447976,0.0787682553714221,3.0065812827190553e-09,2.1245095978815454,Unstable
cold,2026-06-01 15:15:38,7.826859977441246,0.0814490463405431,3.1091118616282677e-09,1.8439557111871216,Unstable
cold,2026-06-01 15:16:38,7.941525979684679,0.0783143525595432,2.989452834850595e-09,2.28150883623194,Unstable
cold,2026-06-01 15:17:38,7.760691418821694,0.0763510589664117,2.913932932230147e-09,1.993603283528552,Unstable
cold,2026-06-01 15:18:38,7.760055695975004,0.0803900316818311,3.068686648750108e-09,1.8849192146417528,Unstable
cold,2026-06-01 15:19:38,7.736821655515938,0.0802312696979976,3.0628281643164174e-09,2.1803548931546146,Unstable
cold,2026-06-01 15:20:38,7.595588054606448,0.0828650688416603,3.162643868067802e-09,2.303968024660425,Unstable
cold,2026-06-01 15:21:38,7.828190547598545,0.0793099516454886,3.02685886851991e-09,2.084412811429465,Unstable
cold,2026-06-01 15:22:38,7.726569015529817,0.0793612838986684,3.028917750176606e-09,2.1290536289516924,Unstable
cold,2026-06-01 15:23:38,7.664817804782293,0.0797023824027176,3.042337120685096e-09,1.960853594829248,Unstable
cold,2026-06-01 15:24:38,7.437373176676265,0.0777278359617595,2.967259598796867e-09,2.010562338255501,Unstable
cold,2026-06-01 15:25:38,7.319070740191834,0.0761875931830976,2.908460841403045e-09,1.8052888142585808,Unstable
cold,2026-06-01 15:26:38,7.275246327212602,0.077677691969676,2.965638544391603e-09,1.942679136935616,Unstable
cold,2026-06-01 15:27:38,6.991413851961535,0.0769208433937287,2.936452663108794e-09,1.9231314413069365,Unstable
cold,2026-06-01 15:28:37,7.152998063920688,0.0805988898469027,3.0769634603075034e-09,1.905676943900782,Unstable
cold,2026-06-01 15:29:38,7.0385474901203136,0.0806656505401404,3.079918133580001e-09,1.908918248480253,Unstable
cold,2026-06-01 15:30:38,7.077435048443225,0.0791883679488644,3.0233142914222517e-09,2.1521076395569967,Unstable
cold,2026-06-01 15:31:38,7.162904469798814,0.0806369318068263,3.079024583461191e-09,1.810962663334064,Unstable
cold,2026-06-01 15:32:39,7.216943600384155,0.0812009235891479,3.1003555460227933e-09,1.9583322249327704,Unstable
cold,2026-06-01 15:33:38,7.318363398573508,0.0825758645426705,3.1527486434846406e-09,1.868932421617944,Unstable
cold,2026-06-01 15:34:38,7.383781880146739,0.0814618919684947,3.1103196538984397e-09,1.7475182547926809,Unstable
cold,2026-06-01 15:35:38,7.276923068276972,0.0799214025453998,3.0512000885963313e-09,1.8182924847280797,Unstable
cold,2026-06-01 15:36:38,7.229238965456504,0.0808861142772865,3.087725097590485e-09,1.7224904964559975,Unstable
cold,2026-06-01 15:37:38,6.911526055249079,0.0811451389304446,3.0980213958478892e-09,1.828193229807574,Unstable
cold,2026-06-01 15:38:38,6.873753183248145,0.078642336571451,3.001379384978662e-09,1.8614296789672096,Unstable
cold,2026-06-01 15:39:14,6.931219760359669,0.1132010197752461,4.322017862169187e-09,1.270187163588119,OK
cold,2026-06-01 15:42:50,8.459437441260148,0.0944766856179343,3.604864878140303e-09,1.9682473518680772,Unstable
cold,2026-06-01 15:43:38,8.849555343916204,0.0952580363386356,3.634678199301421e-09,2.098306008627281,Unstable
cold,2026-06-01 15:44:38,8.812669222687022,0.090005842270006,3.4333700807930504e-09,2.119083948793957,Unstable
cold,2026-06-01 15:45:38,8.70707310932254,0.0894688546564192,3.412886108200307e-09,2.1265557676727727,Unstable
cold,2026-06-01 15:46:38,9.087995587885969,0.0922167241217818,3.5175907251497833e-09,2.363084142224124,Unstable
cold,2026-06-01 15:47:38,9.105056782832849,0.0907916041838538,3.46402822801744e-09,2.175807347028966,Unstable
cold,2026-06-01 15:48:38,9.4275177642146,0.0958436350420957,3.6570223806725252e-09,2.4112195313623244,Unstable
cold,2026-06-01 15:49:39,9.319490789843943,0.0912762366724911,3.4826334147855e-09,2.2852109575894644,Unstable
cold,2026-06-01 15:50:39,9.426148856337203,0.0933853744103333,3.562520608300314e-09,2.3602305508446224,Unstable
cold,2026-06-01 15:51:39,9.210147718391957,0.0942978812544216,3.597094544261577e-09,2.1618188713487245,Unstable
cold,2026-06-01 15:52:38,9.282380761171243,0.0923726178621868,3.523421244138531e-09,2.377056922004206,Unstable
cold,2026-06-01 15:53:38,9.138211515351738,0.0891922627613911,3.402783418036928e-09,2.235297776578101,Unstable
cold,2026-06-01 15:54:38,8.987159340257836,0.0892347391550933,3.403955519502621e-09,2.2796637657314127,Unstable
cold,2026-06-01 15:55:38,8.92058492418052,0.0878296328126498,3.3517910622902954e-09,2.2468738205718384,Unstable
cold,2026-06-01 15:56:38,8.814323763166627,0.0880805139325853,3.363027140542581e-09,2.2732985867293,Unstable
cold,2026-06-01 15:57:38,8.786992592679525,0.090521493860553,3.4562268890540166e-09,2.406187119583324,Unstable
cold,2026-06-01 15:58:38,8.849920072544665,0.0879353582088605,3.3568210679067463e-09,2.309775501828909,Unstable
cold,2026-06-01 15:59:38,9.193030363517574,0.0899855084280401,3.433498928885608e-09,2.4741322619741224,Unstable
cold,2026-06-01 16:00:39,8.923528815506712,0.0874086360842203,3.3363842827241953e-09,2.3967151708550407,Unstable
cold,2026-06-01 16:01:39,8.885365374690243,0.0847648712812639,3.2360050137854434e-09,2.468261064278954,Unstable
cold,2026-06-01 16:02:39,8.9600249245296,0.0886923904298526,3.3847159781490686e-09,2.123750077003693,Unstable
cold,2026-06-01 16:03:39,8.952845323816309,0.0867803240788942,3.312183364626985e-09,2.073194564373303,Unstable
cold,2026-06-01 16:04:38,8.740011879564362,0.0874612334156422,3.3377320509213527e-09,2.2155582545044923,Unstable
cold,2026-06-01 16:05:38,8.32331868972663,0.0800030033222285,3.053007388114389e-09,2.014471948240209,Unstable
cold,2026-06-01 16:06:38,8.282306028749355,0.0826381383053359,3.1529324384679307e-09,2.06667057684566,Unstable
cold,2026-06-01 16:07:38,8.207003759062134,0.0803614339650758,3.0651335386117926e-09,1.9877152951558608,Unstable
cold,2026-06-01 16:08:38,7.9812735250578815,0.0803644451299563,3.065469507957778e-09,1.948885987572554,Unstable
cold,2026-06-01 16:09:38,7.830367081091665,0.0797217377947772,3.040990046672622e-09,2.124496458423215,Unstable
cold,2026-06-01 16:10:39,7.996174161873396,0.0806361464772704,3.075262216210903e-09,1.903535395049772,Unstable
cold,2026-06-01 16:11:39,7.918482197062877,0.080173838788958,3.058033932645292e-09,1.9879133295497853,Unstable
cold,2026-06-01 16:12:39,7.819292929265335,0.076806034837401,2.929770397958244e-09,1.850823970489752,Unstable
cold,2026-06-01 16:13:38,7.90901564884505,0.0791654282177679,3.018377163550932e-09,2.1016844455327823,Unstable
cold,2026-06-01 16:14:38,6.62337950365215,0.0719085905299493,2.7415117438340503e-09,1.7370970281226108,Unstable
cold,2026-06-01 16:15:38,6.911260251377133,0.0762469320682478,2.906145135926768e-09,1.7524086140136683,Unstable
cold,2026-06-01 16:16:38,7.4102558682603075,0.080080732829199,3.052370615551604e-09,1.599612839756121,Unstable
cold,2026-06-01 16:17:38,7.388967564556133,0.0785610954467234,2.994250684466637e-09,1.7021928725771769,Unstable
cold,2026-06-01 16:18:38,6.440068847290215,0.078575814752026,2.9961927432253836e-09,1.6041712073272458,Unstable
cold,2026-06-01 16:19:38,6.60695641115626,0.0726154887179579,2.768918159221511e-09,1.573453337500475,Unstable
cold,2026-06-01 16:20:38,6.148249959357995,0.075905675752683,2.893423979852487e-09,1.6306695996200395,Unstable
cold,2026-06-01 16:21:39,6.354509259128867,0.0733796018095231,2.7972254896139795e-09,1.4822548557902608,OK
cold,2026-06-01 16:22:39,6.803272972254927,0.0787848327527601,3.002778131518285e-09,1.5038127013193852,Unstable
cold,2026-06-01 16:23:38,6.928951013580456,0.0781780270900637,2.979944883246969e-09,1.4820126458013745,OK
cold,2026-06-01 16:24:38,6.805778611709163,0.0771300590671977,2.9384509625778853e-09,1.4214703677876186,OK
cold,2026-06-01 16:25:38,6.219310792029672,0.0781339322971479,2.977087776321901e-09,1.419989267328196,OK
cold,2026-06-01 16:26:38,5.886178414801634,0.0760218159473344,2.896706486519648e-09,1.3937475168228486,OK
cold,2026-06-01 16:27:38,6.135527087625182,0.0784994268667752,2.9915063001753104e-09,1.2786984794748473,OK
cold,2026-06-01 16:28:38,6.227995574327206,0.0742626053122142,2.8299536370605783e-09,1.33958152835057,OK
cold,2026-06-01 16:29:38,5.562086066402446,0.0732650483602877,2.7901024279137467e-09,1.2753602372658888,OK
cold,2026-06-01 16:30:38,5.441515309512902,0.073792778534437,2.809275448473706e-09,1.258392128676324,OK
cold,2026-06-01 16:31:39,5.672243947155785,0.0707257393458345,2.692336835381816e-09,1.2055644458929753,OK
cold,2026-06-01 16:32:39,5.747275528132949,0.0735254949760512,2.7991920744821212e-09,1.3173826916970857,OK
cold,2026-06-01 16:33:39,5.377665831747357,0.0736888673847742,2.8061501225785862e-09,1.2235606431246404,OK
cold,2026-06-01 16:34:39,4.882953220685599,0.0731969107305618,2.787691002232311e-09,1.1647282032882853,OK
cold,2026-06-01 16:35:38,4.685688603444257,0.0721124333744418,2.7459371859730373e-09,1.1452045517127716,OK
cold,2026-06-01 16:36:38,5.112394595945784,0.0740456158630791,2.821127532014361e-09,1.151430541934604,OK
cold,2026-06-01 16:37:38,5.221682044644687,0.0736836960289321,2.80715365891108e-09,1.3325377053414975,OK
cold,2026-06-01 16:38:39,4.964782365314323,0.07317472280235,2.7871210600672903e-09,1.1900986830911393,OK
cold,2026-06-01 16:39:15,5.047029121491055,0.1097087755756366,4.1786511403256465e-09,1.1144098268942944,OK
cold,2026-06-01 16:41:48,4.423726656600473,0.0781047645144163,2.973138516756563e-09,1.1336665488028077,OK
cold,2026-06-01 16:42:39,4.027365628514372,0.0697160834095621,2.6545130112410784e-09,1.1221437750015992,OK
cold,2026-06-01 16:43:39,4.317989400802462,0.0671182498759291,2.556102218277708e-09,1.147089575473529,OK
cold,2026-06-01 16:44:38,4.205354516168811,0.0709884401572603,2.7033834141735877e-09,1.1458177083564438,OK
cold,2026-06-01 16:45:38,4.272088214140084,0.0682283310020272,2.598170006381328e-09,1.1036784538639144,OK
cold,2026-06-01 16:46:38,4.446496458069221,0.0706337731958717,2.689999154744452e-09,1.2581286309009196,OK
cold,2026-06-01 16:47:38,4.462602490221461,0.0727164056694824,2.770043149626888e-09,1.1336452553091112,OK
cold,2026-06-01 16:48:39,3.68109037707979,0.0681448568848336,2.597435127083178e-09,1.1431373584451123,OK
cold,2026-06-01 16:49:39,4.041527893748222,0.0677998306205844,2.582922303174517e-09,1.2063079369448872,OK
cold,2026-06-01 16:50:39,3.971229008608986,0.0694602566685028,2.645394329763149e-09,1.2494765913200876,OK
cold,2026-06-01 16:51:39,4.092935925875296,0.0705090447130413,2.6848070970365132e-09,1.1413873805065986,OK
cold,2026-06-01 16:52:39,3.843943550389017,0.0681419638340943,2.5947600175473395e-09,1.1435381566659253,OK
cold,2026-06-01 16:53:39,3.7858238308282894,0.0660542507416378,2.5151797461209612e-09,1.1365027365202458,OK
cold,2026-06-01 16:54:38,3.749522474480559,0.064839461371238,2.468679849932374e-09,1.147095301218964,OK
cold,2026-06-01 16:55:39,3.723153311465413,0.0650126739989826,2.475356169032105e-09,1.1698700778164484,OK
cold,2026-06-01 16:56:38,3.719704761605545,0.0632676594180628,2.409549222956205e-09,1.1412058379818937,OK
cold,2026-06-01 16:57:38,3.683191257521536,0.0628500928898137,2.393765256254651e-09,1.1025512952015055,OK
cold,2026-06-01 16:58:38,4.427260445197304,0.0688803654170378,2.6227910854666142e-09,1.2573454941231372,OK
cold,2026-06-01 16:59:39,5.512902929675035,0.0689394972385726,2.6256233893237222e-09,1.4976102504266284,OK
cold,2026-06-01 17:00:39,6.025705236363742,0.0730795290621811,2.783006291069226e-09,1.4980818210558038,OK
cold,2026-06-01 17:01:39,5.950305623260247,0.0704730269787787,2.6839656936575075e-09,1.4234149122649045,OK
cold,2026-06-01 17:02:39,6.023059422279625,0.0702787352986975,2.675738443955033e-09,1.6057432033229082,Unstable
cold,2026-06-01 17:03:39,5.915977447800618,0.0712118685077155,2.711355072461913e-09,1.4296415522936292,OK
cold,2026-06-01 17:04:39,6.052768699627935,0.0745261302856028,2.837020561666789e-09,1.5342616992563831,Unstable
cold,2026-06-01 17:05:39,6.020898456125174,0.0731366807614093,2.7840361327416204e-09,1.4515880059658286,OK
cold,2026-06-01 17:06:38,6.17848102767601,0.069773152310113,2.656086757725286e-09,1.5794259218504376,Unstable
cold,2026-06-01 17:07:38,6.158557794246523,0.071946118930939,2.73889620780312e-09,1.5788876025094318,Unstable
cold,2026-06-01 17:08:38,5.982191735051313,0.0693970439401332,2.6417692670014516e-09,1.636195172942686,Unstable
cold,2026-06-01 17:09:39,5.898381767172544,0.0675133312769977,2.570399441448794e-09,1.6363283107013271,Unstable
cold,2026-06-01 17:10:39,5.800166863767952,0.0702083296245375,2.673180645611626e-09,1.5799951872458653,Unstable
cold,2026-06-01 17:11:39,5.76502982884746,0.0666839732239667,2.539325159881309e-09,1.5959535546323376,Unstable
cold,2026-06-01 17:12:39,5.696840164228017,0.0682492166712653,2.5991862936242627e-09,1.767425565671798,Unstable
cold,2026-06-01 17:13:39,5.675724207136235,0.0666119014190447,2.5369147014480966e-09,1.5447620176609385,Unstable
cold,2026-06-01 17:14:39,5.757000515106667,0.0683376010117696,2.6026379817298833e-09,1.6124196280671246,Unstable
cold,2026-06-01 17:15:38,5.869201296402697,0.0676976297521864,2.5780949210148196e-09,1.609439964432723,Unstable
cold,2026-06-01 17:16:39,5.790620969676207,0.0698478079383445,2.6600666482005406e-09,1.637115608184056,Unstable
cold,2026-06-01 17:17:38,6.140807444122829,0.0718967879581311,2.738550272007727e-09,1.711047922701486,Unstable
cold,2026-06-01 17:18:38,6.152784199454741,0.0711864949441907,2.711227384303821e-09,1.5201838662217326,Unstable
cold,2026-06-01 17:19:39,6.291481878323727,0.073095786566154,2.7838535097058606e-09,1.564287627426742,Unstable
cold,2026-06-01 17:20:39,6.283341185062524,0.0755877776210999,2.879519397280916e-09,1.7182801967231125,Unstable
cold,2026-06-01 17:21:39,6.334688467110632,0.0743256483152047,2.8306928024665892e-09,1.812700554315117,Unstable
cold,2026-06-01 17:22:39,6.288101413954555,0.0766966259067716,2.9204146275317356e-09,1.527707943220408,Unstable
cold,2026-06-01 17:23:39,6.179377547751543,0.0783160446877502,2.98217618122931e-09,1.5995740812879686,Unstable
cold,2026-06-01 17:24:39,6.344561041921638,0.0717077495141254,2.7310968438185356e-09,1.6726996207132776,Unstable
cold,2026-06-01 17:25:38,6.152223405168811,0.0750219813901233,2.856056070843315e-09,1.5554666599849118,Unstable
cold,2026-06-01 17:26:39,6.3713244393220485,0.0760820308053384,2.895653398411538e-09,1.5664557187111834,Unstable
cold,2026-06-01 17:27:38,6.380410860894229,0.0776621019331058,2.9560234162565543e-09,1.5805327611518842,Unstable
cold,2026-06-01 17:28:38,6.1306226642827,0.0759703027691207,2.891914749533962e-09,1.525156883532291,Unstable
cold,2026-06-01 17:29:38,6.039388012664043,0.0773008047618241,2.942562149856644e-09,1.4901797547542115,OK
cold,2026-06-01 17:30:39,6.029885044341742,0.0744647924269735,2.834698755958781e-09,1.5367546916935564,Unstable
cold,2026-06-01 17:31:39,5.9844384458257815,0.0754939874946306,2.873120899979864e-09,1.3861414138039505,OK
cold,2026-06-01 17:32:39,6.10979374964798,0.0754669902928577,2.8721880054610356e-09,1.437170176310895,OK
cold,2026-06-01 17:33:39,6.3248467764102925,0.0777640260811622,2.9594157220827383e-09,1.4708422702734232,OK
cold,2026-06-01 17:34:39,6.299501723580057,0.0801396720013779,3.0486198432143542e-09,1.4811314544993377,OK
cold,2026-06-01 17:35:39,6.360517554808563,0.0792844996729945,3.01638572642046e-09,1.5407327859407536,Unstable
cold,2026-06-01 17:36:39,6.041771586220272,0.0771717021797125,2.9357143188164623e-09,1.509729454646446,Unstable
cold,2026-06-01 17:37:39,5.814095147332837,0.0733726489847845,2.792387821613796e-09,1.4033462065044444,OK
cold,2026-06-01 17:38:39,5.711392644196067,0.0750891264323345,2.857901023031673e-09,1.4524398423271792,OK
cold,2026-06-01 17:39:17,5.550649862062358,0.098205042999868,3.735850613263913e-09,1.2878292188271958,OK
cold,2026-06-01 17:41:50,5.059686118533725,0.0782455113167437,2.978425638200289e-09,1.2859591361159204,OK
cold,2026-06-01 17:42:39,4.9121208954304345,0.0707943278748999,2.693376397582466e-09,1.2913920735922082,OK
cold,2026-06-01 17:43:39,5.008161071215636,0.0762455403490381,2.901436654854355e-09,1.4502436016134788,OK
cold,2026-06-01 17:44:39,4.974889323724804,0.0732441106199126,2.787771284741152e-09,1.3634814445810692,OK
cold,2026-06-01 17:45:39,5.0844723743929405,0.0743636571457243,2.830382760669719e-09,1.2718325659827858,OK
cold,2026-06-01 17:46:38,5.2058337468823535,0.0788779519880754,3.001906508391361e-09,1.3769367636250784,OK
cold,2026-06-01 17:47:39,5.03330515711072,0.0756897276945337,2.879148549654795e-09,1.298237782419593,OK
cold,2026-06-01 17:48:39,4.951610678254443,0.0767993259734846,2.920779727580038e-09,1.212574035361599,OK
cold,2026-06-01 17:49:39,4.493732821142597,0.0745856810472662,2.83696521117405e-09,1.3426888445515484,OK
cold,2026-06-01 17:50:40,4.666297433256641,0.0760481341248709,2.892686727943025e-09,1.248516972886231,OK
cold,2026-06-01 17:51:39,4.777093480212843,0.0733483536162592,2.790544530356477e-09,1.3144677814950168,OK
cold,2026-06-01 17:52:39,4.6696632722816656,0.0752967554340492,2.8644831083105382e-09,1.2449461585413577,OK
cold,2026-06-01 17:53:39,4.584811615979143,0.0763582858416314,2.905535769552901e-09,1.214179535949429,OK
cold,2026-06-01 17:54:39,4.275665161257535,0.0761100552930934,2.8950420591231675e-09,1.212339418941926,OK
cold,2026-06-01 17:55:39,3.497866982096112,0.0779030791422928,2.9625619927082143e-09,1.137967442582443,OK
cold,2026-06-01 17:56:39,4.329623799821746,0.0825042815236133,3.1369211295975343e-09,1.248804731167432,OK
cold,2026-06-01 17:57:39,4.617421663455551,0.0798082098133192,3.035810783491011e-09,1.207044864103668,OK
cold,2026-06-01 17:58:39,4.656423798902519,0.0814022623689814,3.097261985144856e-09,1.2329075983416449,OK
cold,2026-06-01 17:59:39,4.994404919647344,0.0843351305905838,3.2076929029102383e-09,1.127852709214994,OK
cold,2026-06-01 18:00:39,4.781984774601717,0.0877045514885544,3.3358490749070194e-09,1.2277886213187026,OK
cold,2026-06-01 18:01:39,5.310099268125723,0.08832720623575,3.358758243118085e-09,1.1984934007219803,OK
cold,2026-06-01 18:02:39,5.68910387058176,0.0892719443014617,3.395800153988129e-09,1.1666379320127824,OK
cold,2026-06-01 18:03:39,5.8385219108303605,0.0948662557694856,3.6093137824415862e-09,1.3818196833164882,OK
cold,2026-06-01 18:04:39,5.925667826070666,0.0898634046663661,3.4190861359255484e-09,1.3379327971348884,OK
cold,2026-06-01 18:05:39,6.174766768581223,0.0957217279279016,3.6399446605978822e-09,1.3679294115085148,OK
cold,2026-06-01 18:06:39,5.97070243158667,0.0951864299015029,3.619589248768226e-09,1.292956254736883,OK
cold,2026-06-01 18:07:39,6.241627358068685,0.1016670064627429,3.866784856141482e-09,1.448259532501989,OK
cold,2026-06-01 18:08:39,6.004644612358326,0.1019024656699201,3.876122844829204e-09,1.199205533856997,OK
cold,2026-06-01 18:09:39,6.155357701115783,0.1047648051508548,3.984081673414962e-09,1.3622237301679565,OK
cold,2026-06-01 18:10:39,6.357010813182066,0.112079196693081,4.2622393357482535e-09,1.3670683421594518,OK
cold,2026-06-01 18:11:39,6.393347304313553,0.1135377642347269,4.318559310121197e-09,1.5322013995749593,Unstable
cold,2026-06-01 18:12:39,6.589240969899989,0.1179499291934431,4.4862342433464584e-09,1.3721692047657672,OK
cold,2026-06-01 18:13:39,6.609675524960217,0.110095553286479,4.188457115037198e-09,1.4841519794491052,OK
cold,2026-06-01 18:14:39,6.251407566098085,0.1211573216216225,4.608985857092489e-09,1.264891043621072,OK
cold,2026-06-01 18:15:39,6.108014693055292,0.1143755111325515,4.351283127145018e-09,1.3191196688524862,OK
cold,2026-06-01 18:16:39,5.622609491765276,0.121814027856748,4.633917874238714e-09,1.239655716330111,OK
cold,2026-06-01 18:17:38,5.535287087085852,0.117294187496312,4.461432357522666e-09,1.2666819318191094,OK
cold,2026-06-01 18:18:39,5.92898855107399,0.1214106157997384,4.6161189533415e-09,1.347755087342485,OK
cold,2026-06-01 18:19:39,6.102554512693397,0.128198454641247,4.875581864178421e-09,1.343443790699825,OK
cold,2026-06-01 18:20:39,5.7908808092118464,0.135029653779246,5.134722502698645e-09,1.1993922661469951,OK
cold,2026-06-01 18:21:40,5.176417028961156,0.1349512530515133,5.1326010849601895e-09,1.1183753479712926,OK
cold,2026-06-01 18:22:39,5.34690680859398,0.1387801266628018,5.277433985718933e-09,1.2397096618727104,OK
cold,2026-06-01 18:23:39,4.8827450356203626,0.1368072424367177,5.2021718392575404e-09,1.1594266424798996,OK
cold,2026-06-01 18:24:39,4.885227997491559,0.1461154297126604,5.5543659109284154e-09,1.2159358526580877,OK
cold,2026-06-01 18:25:39,5.934167849974804,0.1541876818395002,5.8641539582220966e-09,1.2250869589353814,OK
cold,2026-06-01 18:26:39,6.2546366847236765,0.1491396381610698,5.672011697479412e-09,1.2084376749714691,OK
cold,2026-06-01 18:27:39,6.710493178697895,0.1563818625129838,5.945668479152692e-09,1.2601936678741077,OK
cold,2026-06-01 18:28:39,6.811016472018429,0.160730376519363,6.108991622213874e-09,1.2709780755677689,OK
cold,2026-06-01 18:29:39,7.190687327197561,0.1618303959688145,6.152420153596536e-09,1.219059764230107,OK
cold,2026-06-01 18:30:39,7.868500831635172,0.1686279643067689,6.411692101790513e-09,1.3585370346290375,OK
cold,2026-06-01 18:31:39,8.229269067915347,0.1755192071760638,6.671959066458967e-09,1.2915790677859655,OK
cold,2026-06-01 18:32:39,8.206516982207532,0.1723166655937834,6.550868470960917e-09,1.404839642936506,OK
cold,2026-06-01 18:33:39,7.476323545324256,0.1675500180796222,6.370915352373335e-09,1.3752012824765472,OK
cold,2026-06-01 18:34:39,7.614064504613837,0.1767395868141328,6.7187911488562765e-09,1.2540168188379337,OK
cold,2026-06-01 18:35:39,7.759735348272818,0.1738814653066157,6.612097318906816e-09,1.2794551401211447,OK
cold,2026-06-01 18:36:39,6.537357349676141,0.175730657909437,6.682415575252868e-09,1.2903952074930338,OK
cold,2026-06-01 18:37:39,4.212235274258693,0.1639275918161609,6.233997106166632e-09,1.1442260416205328,OK
cold,2026-06-01 18:38:39,4.142842928201763,0.1726322298282261,6.5652416228938386e-09,1.1858311985837169,OK
cold,2026-06-01 18:39:17,4.039191979877664,0.226532543669938,8.617919387011616e-09,1.1825612548872064,OK
cold,2026-06-01 18:42:53,4.991961878378605,0.1872462702717536,7.122423597120816e-09,1.2301391766362757,OK
cold,2026-06-01 18:43:39,4.835849920992205,0.177228043531898,6.742462981846178e-09,1.22926790430216,OK
cold,2026-06-01 18:44:39,4.789110468627071,0.1658957876310378,6.310923026330551e-09,1.1716608156970931,OK
cold,2026-06-01 18:45:39,4.457015010749304,0.1720830174633461,6.545863368414111e-09,1.2944743943408483,OK
cold,2026-06-01 18:46:39,3.896737074725261,0.1649965706879331,6.279817332740903e-09,1.1431671115883353,OK
cold,2026-06-01 18:47:39,3.84567649077377,0.1618188288406518,6.159683296060093e-09,1.180788510391526,OK
cold,2026-06-01 18:48:39,4.174215198170996,0.1553574532133462,5.917043486643332e-09,1.0789135790541269,OK
cold,2026-06-01 18:49:40,4.496800168445617,0.1565058496334478,5.961568223795552e-09,1.11286883054107,OK
cold,2026-06-01 18:50:40,5.880181537387133,0.1518265380368253,5.783325459138527e-09,1.2182409418810516,OK
cold,2026-06-01 18:51:39,6.222553219804858,0.1549475653588275,5.901237680388798e-09,1.1658005975038936,OK
cold,2026-06-01 18:52:40,7.321388323325624,0.1631155307741279,6.212522598526415e-09,1.2478224403081075,OK
cold,2026-06-01 18:53:39,5.365837325792996,0.1501420632872425,5.718406804886085e-09,1.2287813425359555,OK
cold,2026-06-01 18:54:39,4.966434529793918,0.1417390363371564,5.397296093441951e-09,1.1982762604462076,OK
cold,2026-06-01 18:55:39,3.517229215237484,0.1476857036830638,5.62355451903574e-09,1.164733803282425,OK
cold,2026-06-01 18:56:39,3.073729402068812,0.1343597248578952,5.116129855889788e-09,1.077363132511468,OK
cold,2026-06-01 18:57:39,3.121560238556313,0.1301713899007288,4.956647052962875e-09,1.1289051066892315,OK
cold,2026-06-01 18:58:39,2.946518742849672,0.1291509708177905,4.918421459635321e-09,1.0245153623995735,OK
cold,2026-06-01 18:59:40,2.9070321835612294,0.1354118088486881,5.156629885566248e-09,1.2068040216282536,OK
cold,2026-06-01 19:00:40,2.7209624597369646,0.1313436730528148,5.0007487136230366e-09,1.1339202346280648,OK
cold,2026-06-01 19:01:40,2.895453174965726,0.126741639645854,4.8254434381688705e-09,1.0619696685452704,OK
cold,2026-06-01 19:02:39,2.515317263787273,0.1222079415120967,4.654191776869339e-09,1.2523158845309583,OK
cold,2026-06-01 19:03:39,2.8371928718538584,0.1210382809850991,4.607836304361195e-09,1.1353050530310396,OK
cold,2026-06-01 19:04:39,2.9605146341113664,0.1083922350734318,4.1272274486696785e-09,1.147901773504239,OK
cold,2026-06-01 19:05:39,2.752368030283792,0.1110895262383795,4.229792105318706e-09,1.149905441294094,OK
cold,2026-06-01 19:06:39,2.8745842757242506,0.1100197250236148,4.190579190591571e-09,1.178826343005544,OK
cold,2026-06-01 19:07:39,2.7061087807439472,0.1034862733623372,3.941724300537907e-09,1.1229096970644343,OK
cold,2026-06-01 19:08:39,2.5877651776888317,0.1121023628761426,4.2697646264111505e-09,1.1706582961747811,OK
cold,2026-06-01 19:09:39,2.6580859156258327,0.105678652968461,4.025496232701219e-09,0.9498155182367124,OK
cold,2026-06-01 19:10:40,2.9851038720065324,0.1082317632219754,4.1226129172930095e-09,1.1243222093319385,OK
cold,2026-06-01 19:11:40,3.0694964362398345,0.1034115453872663,3.9397878727096e-09,1.0260392608505315,OK
cold,2026-06-01 19:12:39,3.3548266465233865,0.1048817065830108,3.996853489784348e-09,1.029443352025656,OK
cold,2026-06-01 19:13:39,2.941536688869845,0.1039595659356338,3.961320078116963e-09,1.0801342579092816,OK
cold,2026-06-01 19:14:39,2.684375320210828,0.1054110316610084,4.015964587247978e-09,1.1036020809653704,OK
cold,2026-06-01 19:15:39,2.6924309033607976,0.1000567603071186,3.812102593723903e-09,1.0329297210198456,OK
cold,2026-06-01 19:16:39,2.651167117815895,0.0992704399700321,3.781769839900653e-09,1.0779552599305768,OK
cold,2026-06-01 19:17:39,2.641680824914795,0.0974962796870439,3.714549816849991e-09,1.0193224521046902,OK
cold,2026-06-01 19:18:39,2.5415960896745644,0.0973681202665495,3.709177375528121e-09,1.0654966201522986,OK
cold,2026-06-01 19:19:38,2.4553657245954783,0.0975930935412571,3.718729271819855e-09,1.0785333171733318,OK
cold,2026-06-01 19:20:39,2.2031943438120245,0.0941480177427763,3.586391249513726e-09,1.095484783037241,OK
cold,2026-06-01 19:21:40,2.2749483574024216,0.1033811984918545,3.938568065337731e-09,1.0634889796739837,OK
cold,2026-06-01 19:22:40,2.1999477013315016,0.0956408897779069,3.64315297828905e-09,1.083600406636467,OK
cold,2026-06-01 19:23:40,2.113646951885001,0.1005630248371732,3.831677881685115e-09,0.999736042860994,OK
cold,2026-06-01 19:24:39,2.097654084704927,0.0954642402319657,3.638308858260957e-09,1.1199257943591616,OK
cold,2026-06-01 19:25:39,2.0979974372047416,0.100635420689962,3.835394042868173e-09,1.037663473048822,OK
cold,2026-06-01 19:26:39,2.238727391064824,0.1028810719923139,3.920591765869982e-09,1.1881246064300028,OK
cold,2026-06-01 19:27:39,2.179443856805485,0.102116630903053,3.891717197691817e-09,1.1023015798575788,OK
cold,2026-06-01 19:28:39,2.293516342094332,0.0990612102493578,3.774401948811248e-09,1.30654655791289,OK
cold,2026-06-01 19:29:39,2.652920787009974,0.0978636093582354,3.729509331149584e-09,1.2422746386422774,OK
cold,2026-06-01 19:30:40,2.6460170674398307,0.0997839577350601,3.801689096102948e-09,1.162728277816489,OK
cold,2026-06-01 19:31:40,2.5873200179337354,0.0967187541100485,3.6835709863056637e-09,1.1236644902601822,OK
cold,2026-06-01 19:32:40,2.181769887114436,0.0949865565010529,3.6161689854168203e-09,1.237143726674888,OK
cold,2026-06-01 19:33:39,2.1411004056084995,0.0954206735552103,3.6346123834350193e-09,1.164583815339729,OK
cold,2026-06-01 19:34:39,2.234698425272134,0.0991828459737787,3.779285771710226e-09,1.1659813833144577,OK
cold,2026-06-01 19:35:39,2.322944069471933,0.098210957909204,3.743116960442549e-09,1.2135876848628635,OK
cold,2026-06-01 19:36:39,3.1403750067424427,0.0952391251244477,3.6293724639598075e-09,1.2611014215230447,OK
cold,2026-06-01 19:37:39,3.7338730573133194,0.0963154238550086,3.671235775284359e-09,1.2257677787910677,OK
cold,2026-06-01 19:38:40,4.437462175498352,0.1038346926819935,3.957193413589965e-09,1.2436111491926916,OK
cold,2026-06-01 19:39:19,4.16117141019428,0.1285478066915745,4.9024191273797315e-09,1.1605051023848112,OK
cold,2026-06-01 19:41:51,3.3392057110849014,0.1010493872196756,3.850662903088455e-09,1.2578352634904633,OK
cold,2026-06-01 19:42:40,3.0092468737679825,0.0941755553048683,3.587303600975541e-09,1.299487331292955,OK
cold,2026-06-01 19:43:40,2.9801412168892525,0.0914063365349632,3.4836573069701542e-09,1.3158057304329622,OK
cold,2026-06-01 19:44:40,2.718009751616419,0.0926969090675463,3.5320276540042167e-09,1.3832433672056097,OK
cold,2026-06-01 19:45:39,2.5294986841103886,0.0950991464060571,3.621887603361839e-09,1.3449438229370303,OK
cold,2026-06-01 19:46:39,2.4974778010178613,0.0939121128980917,3.5785665915194103e-09,1.228791213586751,OK
cold,2026-06-01 19:47:39,2.345929483592781,0.0932005935081786,3.5519224379348253e-09,1.333819027009432,OK
cold,2026-06-01 19:48:40,2.225992244696854,0.0932461587807428,3.5536589538508686e-09,1.35451511105319,OK
cold,2026-06-01 19:49:39,2.169689730560807,0.0968416412176507,3.692755588831984e-09,1.399214057606875,OK
cold,2026-06-01 19:50:40,1.969487404533066,0.0923177983225009,3.5194396935832915e-09,1.4914004283060276,OK
cold,2026-06-01 19:51:40,1.952613997666737,0.0899629955487652,3.430006907563562e-09,1.4237859080328277,OK
cold,2026-06-01 19:52:40,1.8061067693583053,0.0909174789949066,3.4654833891114954e-09,1.447884228005821,OK
cold,2026-06-01 19:53:40,1.8890887735430315,0.0875995668018486,3.33967634017829e-09,1.3901570611438234,OK
cold,2026-06-01 19:54:39,1.7870952332880368,0.090512918096897,3.449948992510932e-09,1.4235258456719555,OK
cold,2026-06-01 19:55:40,1.7396111623488726,0.0852080042426129,3.2468923113629007e-09,1.379053211422981,OK
cold,2026-06-01 19:56:39,1.9712166226636456,0.0843899455221595,3.216993129485414e-09,1.4133732244112345,OK
cold,2026-06-01 19:57:39,1.920729262595236,0.0845503368337596,3.2241712456413534e-09,1.3705497713181063,OK
cold,2026-06-01 19:58:39,2.0774802278060367,0.0845544949807551,3.224436243513624e-09,1.6729563983356663,Unstable
cold,2026-06-01 19:59:39,2.0335978474038665,0.0846296178156032,3.227194479747314e-09,1.4394126473939866,OK
cold,2026-06-01 20:00:40,2.0225328592988547,0.079321239087654,3.025568203488842e-09,1.476952527783262,OK
cold,2026-06-01 20:01:40,1.8114033517835035,0.081311785110966,3.099447338745374e-09,1.3893067878073035,OK
cold,2026-06-01 20:02:40,1.608605330309809,0.0885091311923635,3.375466831155549e-09,1.6061555888640993,Unstable
cold,2026-06-01 20:03:40,1.7962246769868735,0.0842243145172267,3.211103018620201e-09,1.6822088901235184,Unstable
cold,2026-06-01 20:04:40,1.807869803301869,0.088203284948016,3.3622488687343204e-09,1.5310573122300657,Unstable
cold,2026-06-01 20:05:40,2.011625919653072,0.0886577592476477,3.3801307849884154e-09,1.725603964434164,Unstable
cold,2026-06-01 20:06:40,2.004569128528048,0.0878039588663861,3.347579128174307e-09,1.652052304421741,Unstable
cold,2026-06-01 20:07:39,2.011616279986129,0.0879830922898789,3.35684593191491e-09,1.623770474352515,Unstable
cold,2026-06-01 20:08:39,2.052682523454805,0.0865847223567641,3.303493494541797e-09,1.504806053345345,Unstable
cold,2026-06-01 20:09:39,2.2110857789016536,0.0895350531406923,3.416735421239547e-09,1.637254264226162,Unstable
cold,2026-06-01 20:10:39,2.1682883887574964,0.0908286242518076,3.4655268396151076e-09,1.798334531201934,Unstable
cold,2026-06-01 20:11:40,2.137747207441169,0.0911795381807851,3.479605340078744e-09,1.8841208737705888,Unstable
cold,2026-06-01 20:12:40,2.308591866210367,0.0917569540040767,3.500831236513843e-09,1.9200712152345587,Unstable
cold,2026-06-01 20:13:40,2.313478955493065,0.0945383018199323,3.606710621817746e-09,1.8059110866265733,Unstable
cold,2026-06-01 20:14:40,2.2582143144551856,0.0934296585277678,3.564768176455235e-09,1.875455129075793,Unstable
cold,2026-06-01 20:15:40,2.2869919384578314,0.0973164112525025,3.713188180642691e-09,2.035355036017128,Unstable
cold,2026-06-01 20:16:40,2.3248171493249896,0.0947070487855273,3.6130291346646253e-09,1.8128330089980609,Unstable
cold,2026-06-01 20:17:39,2.327166028410994,0.0943788270938225,3.601459077805588e-09,1.9202550650547772,Unstable
cold,2026-06-01 20:18:39,2.516288526302235,0.0952840207994665,3.636121022144125e-09,2.0346209987423163,Unstable
cold,2026-06-01 20:19:40,2.800043057365133,0.0980802822880682,3.741963539066511e-09,2.178024789519342,Unstable
cold,2026-06-01 20:20:39,2.7846023886896134,0.100814310355932,3.847542961270248e-09,1.892232159177179,Unstable
cold,2026-06-01 20:21:40,2.134790203958824,0.0953116494287635,3.636814952804951e-09,1.9485999666868463,Unstable
cold,2026-06-01 20:22:40,1.990335136909486,0.1002514592400854,3.825556420451584e-09,2.141109559340559,Unstable
cold,2026-06-01 20:23:40,2.005607139575018,0.096853374144083,3.6961310026399805e-09,1.7912344471613275,Unstable
cold,2026-06-01 20:24:40,2.102593929370812,0.1002386859965763,3.825827238669359e-09,2.0180358221548387,Unstable
cold,2026-06-01 20:25:40,2.39402856964823,0.103095287429357,3.934725642639513e-09,2.264145137502814,Unstable
cold,2026-06-01 20:26:40,2.2958850142536384,0.1042303689847587,3.976601935737532e-09,2.168710549442887,Unstable
cold,2026-06-01 20:27:40,2.152898231811385,0.1064425904020464,4.061539242155124e-09,2.099279034078861,Unstable
cold,2026-06-01 20:28:39,2.013468198703348,0.1045404382396735,3.988563435225141e-09,2.085676975026595,Unstable
cold,2026-06-01 20:29:39,2.0725365113313714,0.10220129709507,3.8997038420703514e-09,1.9685371133806508,Unstable
cold,2026-06-01 20:30:39,2.12451897561109,0.1034608498359319,3.948416776705669e-09,2.057044396313076,Unstable
cold,2026-06-01 20:31:39,2.0884532467560324,0.1045055515726727,3.987232393508469e-09,1.9794698028214213,Unstable
cold,2026-06-01 20:32:39,2.402998533190943,0.1068559127128348,4.075829570708918e-09,2.102648220355777,Unstable
cold,2026-06-01 20:33:40,2.5916988482163235,0.1044941635626146,3.98653458316915e-09,1.9546046562920407,Unstable
cold,2026-06-01 20:34:40,2.553373044510201,0.100135974603574,3.8197616688556745e-09,1.928373585326024,Unstable
cold,2026-06-01 20:35:40,2.2645369334661125,0.1058152788785319,4.036269703245399e-09,2.047123996411149,Unstable
cold,2026-06-01 20:36:40,2.2972742319528363,0.104914322985347,4.001638944728997e-09,1.9816700854309448,Unstable
cold,2026-06-01 20:37:40,2.299704440761338,0.1091037191561038,4.1622553027067705e-09,2.031632564961245,Unstable
cold,2026-06-01 20:38:40,2.353030901342182,0.1037066490907064,3.956098347568291e-09,1.9821288686366485,Unstable
cold,2026-06-01 20:39:20,2.515803764317638,0.1253079842617235,4.7798089823204115e-09,1.6595367995340913,Unstable
cold,2026-06-01 20:41:52,3.527230450584127,0.1226880132285904,4.678172395515371e-09,2.092577459437569,Unstable
cold,2026-06-01 20:42:40,3.548331583280025,0.1035613016586679,3.948597993711116e-09,2.0500395572510364,Unstable
cold,2026-06-01 20:43:40,3.7944173034712656,0.1115479618914514,4.254518531134599e-09,2.0817212503962703,Unstable
cold,2026-06-01 20:44:40,3.873821152972872,0.1202654163165861,4.587462806614741e-09,2.428293517943597,Unstable
cold,2026-06-01 20:45:40,3.474567838338056,0.1191704686501855,4.5458466850863246e-09,2.272578506887249,Unstable
cold,2026-06-01 20:46:40,3.492870949786763,0.1194248770227336,4.556303520457299e-09,2.6310919979690217,Unstable
cold,2026-06-01 20:47:40,3.546594608785965,0.1287603010995188,4.913604964581737e-09,2.835502305375253,Unstable
cold,2026-06-01 20:48:40,3.592794641954423,0.1327672265914338,5.066178023372221e-09,3.011538157258773,Unstable
cold,2026-06-01 20:49:40,3.402977932714507,0.1395420645868692,5.325046427097767e-09,3.786786371882188,Unstable
cold,2026-06-01 20:50:41,3.4486999436359502,0.1423593344404379,5.433094302422068e-09,3.850993813468256,Unstable
cold,2026-06-01 20:51:40,4.025665598498532,0.150313565252193,5.736475234345878e-09,3.998252308216181,Unstable
cold,2026-06-01 20:52:40,5.483495827531082,0.1622928446980102,6.1948730321883805e-09,4.622202632163338,Unstable
cold,2026-06-01 20:53:40,5.947454719867668,0.1697403764697681,6.478510261220012e-09,5.275658867155495,Unstable
cold,2026-06-01 20:54:40,5.982467942560214,0.1805185514226076,6.891931998693075e-09,5.726243651633056,Unstable
cold,2026-06-01 20:55:40,7.118356681791771,0.1921150626346735,7.334427301712875e-09,6.773262546200088,Unstable
cold,2026-06-01 20:56:39,6.951266845323553,0.1976522526065598,7.546819657175689e-09,6.952997482707777,Unstable
cold,2026-06-01 20:57:40,7.220084012354397,0.2036957525067046,7.778088597981458e-09,7.040058785291735,Unstable
cold,2026-06-01 20:58:40,7.856847869670602,0.2192948017427839,8.373735711430754e-09,8.017935744423557,Unstable
cold,2026-06-01 20:59:40,7.033158732017909,0.217633472697607,8.312221371720311e-09,9.917242242347768,Unstable
cold,2026-06-01 21:00:40,6.967995622996288,0.2262247439025636,8.640924919694421e-09,8.605124841348324,Unstable
cold,2026-06-01 21:01:40,6.500118148534591,0.2241371168980468,8.563733815996466e-09,8.931055283754787,Unstable
cold,2026-06-01 21:02:40,6.344036920219343,0.2297309898002142,8.776010835365588e-09,10.16885334599532,Unstable
cold,2026-06-01 21:03:40,6.629111393888036,0.23700011818391,9.054299431168805e-09,11.351528623517384,Unstable
cold,2026-06-01 21:04:40,7.236214004872989,0.246617094093012,9.419835148045371e-09,11.922936923142371,Unstable
cold,2026-06-01 21:05:40,7.709658737164255,0.2597423532157035,9.923466852280692e-09,12.852614659791351,Unstable
cold,2026-06-01 21:06:40,6.987672401393653,0.2588311937559431,9.887348032399772e-09,12.804020384405336,Unstable
cold,2026-06-01 21:07:40,7.318216961138346,0.2637998421803129,1.007515142791801e-08,12.016224025823616,Unstable
cold,2026-06-01 21:08:40,6.960351518789694,0.2608618885634643,9.964591050937581e-09,14.414985723277104,Unstable
cold,2026-06-01 21:09:40,7.793034233693607,0.268730914652896,1.0267893904259542e-08,12.822488716579654,Unstable
cold,2026-06-01 21:10:40,8.106426797509956,0.2739031311133212,1.0465864395710077e-08,14.313425693002,Unstable
cold,2026-06-01 21:11:40,7.811767913661577,0.280580814739432,1.0723147345813554e-08,14.750125585517072,Unstable
cold,2026-06-01 21:12:40,8.01088286929015,0.2869349335443227,1.096526151127308e-08,17.671585901128402,Unstable
cold,2026-06-01 21:13:40,7.930094402915546,0.2945519212001941,1.1258580420980517e-08,16.603817172338438,Unstable
cold,2026-06-01 21:14:40,7.489478325420915,0.2995578636193781,1.1449163617503328e-08,17.487537140495846,Unstable
cold,2026-06-01 21:15:40,7.470980954961696,0.3052338402137086,1.16657146693628e-08,18.152590534638424,Unstable
cold,2026-06-01 21:16:40,7.5373835856174685,0.3040456219930738,1.1622993890170941e-08,18.0452118182011,Unstable
cold,2026-06-01 21:17:40,7.385563977951717,0.3097478425095024,1.1838626722101304e-08,19.209882816283148,Unstable
cold,2026-06-01 21:18:40,7.521300444775778,0.3207586191680123,1.2258244228554974e-08,20.87333007147677,Unstable
cold,2026-06-01 21:19:40,7.367936517724652,0.3466555404293512,1.324705524957931e-08,21.525151636687934,Unstable
cold,2026-06-01 21:20:40,5.920512910383295,0.4872726843965125,1.8616272131849933e-08,31.37363066658281,Unstable
cold,2026-06-01 21:21:41,3.745366014345698,0.6858471827805926,2.6211487070123762e-08,41.14738486121473,Unstable
cold,2026-06-01 21:22:40,1.568787221730783,0.696025208171404,2.6595188653407523e-08,45.44780715293024,Unstable
cold,2026-06-01 21:23:40,1.4248329965076854,0.679060643829337,2.5951262789604616e-08,40.52787092176879,Unstable
cold,2026-06-01 21:24:40,1.3140766763806695,0.6785373371361718,2.5928690657529168e-08,45.39142600397958,Unstable
cold,2026-06-01 21:25:40,0.6479411028568788,0.6789402749151657,2.5944946161328537e-08,42.830716557862665,Unstable
cold,2026-06-01 21:26:40,0.1863411559821489,0.6702766515156614,2.5611333882383484e-08,41.41613231994728,Unstable
cold,2026-06-01 21:27:39,0.7954548788315953,0.6790281783004288,2.595345631960403e-08,38.01660268256701,Unstable
cold,2026-06-01 21:28:40,0.6514269546334152,0.6914797173997316,2.642325294004452e-08,43.18302058080679,Unstable
cold,2026-06-01 21:29:40,-0.180036714951406,0.6538635077307762,2.49899719787143e-08,39.400511834102645,Unstable
cold,2026-06-01 21:30:40,0.3470923925239025,0.6505242212160445,2.4861525484550242e-08,39.17443654595506,Unstable
cold,2026-06-01 21:31:41,0.3076676625690573,0.6585914613541989,2.5169836673808943e-08,39.04532480196932,Unstable
cold,2026-06-01 21:32:40,0.1017277974997191,0.6649372602706588,2.5417403513711243e-08,40.19066281088223,Unstable
cold,2026-06-01 21:33:40,-0.134508064908359,0.6323169761521173,2.4169684744734703e-08,36.60320619855163,Unstable
cold,2026-06-01 21:34:40,0.0052658623999771,0.6427869666915225,2.45723287760653e-08,38.92662709967643,Unstable
cold,2026-06-01 21:35:40,-0.2200191053599525,0.6329108571983773,2.4191584818204706e-08,38.04928592151785,Unstable
cold,2026-06-01 21:36:40,-0.5369433065850207,0.6580420006273573,2.5152165887285768e-08,38.24345721453403,Unstable
cold,2026-06-01 21:37:40,-0.4953038695400025,0.625571851516257,2.3918981842524784e-08,38.16576132804757,Unstable
cold,2026-06-01 21:38:40,-0.5456058096422132,0.6079203367223622,2.324330005407233e-08,33.68056252756435,Unstable
cold,2026-06-01 21:39:21,-0.640372157160456,0.6241344558295794,2.386639219727378e-08,18.14563403927152,Unstable
cold,2026-06-01 21:42:56,2.151180150364732,0.2649031117990928,1.0125656817005972e-08,10.819107584142913,Unstable
cold,2026-06-01 21:43:40,0.6925775986250514,0.4266863388484293,1.6311278146171363e-08,25.89419570638219,Unstable
cold,2026-06-01 21:44:40,0.403763470467648,0.4863650863159499,1.859512640658386e-08,29.98504893461734,Unstable
cold,2026-06-01 21:45:40,0.1944205449245898,0.5163175989764672,1.974291008631456e-08,26.22369906612088,Unstable
cold,2026-06-01 21:46:40,-0.2970102593524915,0.5359753792336193,2.0491869601823093e-08,28.96578305926541,Unstable
cold,2026-06-01 21:47:40,-0.4241821730259872,0.5476151340679668,2.094035578512817e-08,33.08926369231353,Unstable
cold,2026-06-01 21:48:40,-0.398783297801931,0.5381528751379335,2.0582614498597043e-08,30.73765897885521,Unstable
cold,2026-06-01 21:49:41,-0.4361000922614308,0.5288143602785306,2.021875253446189e-08,34.88321083513524,Unstable
cold,2026-06-01 21:50:41,-0.4077606093912562,0.5075069427124709,1.9404724362632853e-08,31.020833364903048,Unstable
cold,2026-06-01 21:51:40,-0.4002672133910872,0.5088788367921953,1.945975552047288e-08,29.130326081015603,Unstable
cold,2026-06-01 21:52:41,0.0362867684610926,0.5058433416848093,1.9339195711529697e-08,27.304098844303724,Unstable
cold,2026-06-01 21:53:40,0.3240240474423949,0.4729262093302457,1.8080721372919363e-08,26.0070195659973,Unstable
cold,2026-06-01 21:54:40,-0.2288476255653642,0.5087214739632419,1.944472676721121e-08,26.217134103730128,Unstable
cold,2026-06-01 21:55:40,2.39539812507428,0.2559550839370455,9.783303686909192e-09,16.692622248626076,Unstable
cold,2026-06-01 21:56:40,1.4786304240248027,0.2727136385916916,1.0423171774680012e-08,15.476695213225884,Unstable
cold,2026-06-01 21:57:40,0.2342677451564768,0.3709797506552864,1.4183615460499366e-08,22.46512376046371,Unstable
cold,2026-06-01 21:58:40,-0.0037679269345714,0.368690323629237,1.4095151166791913e-08,22.217868699835023,Unstable
cold,2026-06-01 21:59:41,-0.1246515238749225,0.372503692750771,1.4241408799373784e-08,20.651259098333504,Unstable
cold,2026-06-01 22:00:41,-0.2980052108784387,0.359277845420002,1.3738491580613196e-08,19.389070898628027,Unstable
cold,2026-06-01 22:01:41,-0.2345548319188273,0.331257104352093,1.2664905236443377e-08,18.94974079697918,Unstable
cold,2026-06-01 22:02:40,-0.0305670666652552,0.3128029801050255,1.1958955575558736e-08,18.855693487278938,Unstable
cold,2026-06-01 22:03:40,-0.3255091035339899,0.3125330730919485,1.19490320417605e-08,18.107497813386225,Unstable
cold,2026-06-01 22:04:40,-0.346840318671047,0.3033467084237892,1.1597427264964158e-08,18.533760641230955,Unstable
cold,2026-06-01 22:05:40,0.399481911910963,0.2896568335081631,1.1074041567372798e-08,15.22664023554507,Unstable
cold,2026-06-01 22:06:40,0.753085556397504,0.2748783502948921,1.0508688868604846e-08,15.718150742749064,Unstable
cold,2026-06-01 22:07:40,1.1791734332487012,0.2564028108795275,9.8033362399294e-09,14.127435215081809,Unstable
cold,2026-06-01 22:08:40,1.4423405799836624,0.2412521913951927,9.223760341927028e-09,14.1920480545213,Unstable
cold,2026-06-01 22:09:40,1.5588231318110453,0.2272789331584101,8.691248592879965e-09,11.173147835047684,Unstable
cold,2026-06-01 22:10:41,1.6139570025957013,0.2185310615443914,8.360323672711455e-09,10.93720713459402,Unstable
cold,2026-06-01 22:11:41,1.6050120095530338,0.2094963106908302,8.01017251550628e-09,11.059178745021695,Unstable
cold,2026-06-01 22:12:40,1.2289715742642533,0.2016947283603012,7.711365546014937e-09,9.064104710981386,Unstable
cold,2026-06-01 22:13:40,0.6615805456840423,0.1952990600364844,7.467829471406029e-09,9.761642134504363,Unstable
cold,2026-06-01 22:14:40,0.8667904530852208,0.1871502007809166,7.1574185906219865e-09,9.23408236111119,Unstable
cold,2026-06-01 22:15:40,0.838787897200797,0.1846820685094118,7.062792916149598e-09,9.986481882221822,Unstable
cold,2026-06-01 22:16:40,0.4710387069426252,0.1888566414088436,7.224354259425664e-09,8.619143025169341,Unstable
cold,2026-06-01 22:17:40,0.3415177238223797,0.1779016540991322,6.8041653852479665e-09,7.326315949658196,Unstable
cold,2026-06-01 22:18:40,0.6257106865534056,0.1649733425950149,6.309908005102127e-09,7.06885064307827,Unstable
cold,2026-06-01 22:19:40,0.8334632957821646,0.1583507655713072,6.0562063539561635e-09,5.712631800696142,Unstable
cold,2026-06-01 22:20:40,0.7342700876462187,0.1478813945552774,5.6561743893416625e-09,6.542108731213814,Unstable
cold,2026-06-01 22:21:41,0.7278474416542183,0.1448108607115026,5.539099248662257e-09,5.826097993821436,Unstable
cold,2026-06-01 22:22:41,0.80573773454112,0.1414549635454551,5.410734239437749e-09,5.255364294417035,Unstable
cold,2026-06-01 22:23:41,1.1925668358463106,0.125924044541737,4.8169865817946515e-09,4.67067553463984,Unstable
cold,2026-06-01 22:24:40,1.2344285233355856,0.1156886772128531,4.4247193593725004e-09,3.787745027225389,Unstable
cold,2026-06-01 22:25:40,1.1962135973457968,0.1155969193337316,4.420770839251175e-09,3.620381588390683,Unstable
cold,2026-06-01 22:26:40,1.225775890000175,0.11298003617749,4.321551784374282e-09,3.5366596614615773,Unstable
cold,2026-06-01 22:27:40,1.1826271924521032,0.1132444046945807,4.330947036459509e-09,3.4921054146505397,Unstable
cold,2026-06-01 22:28:40,0.8165466719827753,0.1165857042325115,4.458289748986537e-09,3.5282692142039385,Unstable
cold,2026-06-01 22:29:40,0.7022075308222612,0.1201492273890299,4.5951689068954835e-09,3.551117333660456,Unstable
cold,2026-06-01 22:30:40,0.93359364540988,0.1158841723707474,4.4307295335001406e-09,3.197938928105954,Unstable
cold,2026-06-01 22:31:40,1.1555416463044872,0.1059728656300939,4.051377171852226e-09,2.645696253299878,Unstable
cold,2026-06-01 22:32:41,0.9911251502055654,0.1034717861743019,3.955891001315651e-09,2.8453864227733745,Unstable
cold,2026-06-01 22:33:40,0.8889311507360234,0.099577548843094,3.807638161709081e-09,2.676862704725458,Unstable
cold,2026-06-01 22:34:40,1.1356786254985485,0.0957245239487437,3.661154786163164e-09,2.4620514778701628,Unstable
cold,2026-06-01 22:35:40,1.053026100053641,0.0986394279719912,3.769645229742925e-09,3.096311962163104,Unstable
cold,2026-06-01 22:36:40,1.041010184449773,0.0983330967469759,3.757689733895633e-09,2.6812098236964053,Unstable
cold,2026-06-01 22:37:41,1.3278562504578313,0.0944015561924888,3.6076889667524316e-09,2.377529565413426,Unstable
cold,2026-06-01 22:38:41,1.4869438457439852,0.0897144743600591,3.429927083803106e-09,2.4186062566524504,Unstable
cold,2026-06-01 22:39:22,1.5629802584990733,0.1030373846737845,3.939674279045536e-09,1.818569169952638,Unstable
cold,2026-06-01 22:41:55,3.2223570196758,0.0491736607638405,1.8789302017218702e-09,1.3400281166283434,OK
cold,2026-06-01 22:42:41,2.269420682394287,0.0584488196479167,2.234147742147841e-09,1.5292817109117387,Unstable
cold,2026-06-01 22:43:41,2.0474973741120097,0.0722547759100205,2.7615925068519834e-09,1.9395130966085417,Unstable
cold,2026-06-01 22:44:41,2.3403957168709897,0.0816939004333951,3.121944655057869e-09,2.1407072260703366,Unstable
cold,2026-06-01 22:45:40,1.8337888146607868,0.0762506503893695,2.9164383876687287e-09,2.3667396611156213,Unstable
cold,2026-06-01 22:46:40,1.852316378429348,0.0808825472334448,3.0920638015844237e-09,2.3053594567341618,Unstable
cold,2026-06-01 22:47:40,1.7290479739579452,0.0807356274159096,3.085936599553023e-09,2.3826659624115294,Unstable
cold,2026-06-01 22:48:41,1.3918715432084947,0.0815931781850421,3.119540248578126e-09,2.5023133332459087,Unstable
cold,2026-06-01 22:49:41,1.0035450630452356,0.0861314702559435,3.2931611040536807e-09,2.326689658142789,Unstable
cold,2026-06-01 22:50:41,1.0308359011635306,0.0968126369591628,3.700076630964193e-09,2.746709403059756,Unstable
cold,2026-06-01 22:51:41,0.8703897021357476,0.0973861402290283,3.7240897890066212e-09,2.778690548348669,Unstable
cold,2026-06-01 22:52:41,0.9742602718057504,0.0945435023029903,3.614070089210303e-09,2.6450850817445297,Unstable
cold,2026-06-01 22:53:41,0.8594565485859657,0.0986469060382309,3.772426913864301e-09,3.03144318941173,Unstable
cold,2026-06-01 22:54:41,1.0367257274829271,0.1001206814333983,3.829927642333375e-09,3.184488118036711,Unstable
cold,2026-06-01 22:55:40,1.0516648875042585,0.1012753528916197,3.8710211108028296e-09,2.859070710067076,Unstable
cold,2026-06-01 22:56:40,0.664877799399079,0.1019071046930466,3.8968445109477984e-09,2.933439182749236,Unstable
cold,2026-06-01 22:57:40,0.3026808772146713,0.1050276970780832,4.012454614782631e-09,2.9441622984137683,Unstable
cold,2026-06-01 22:58:40,0.415568668126975,0.1065049402858818,4.067276831299111e-09,3.191809200445637,Unstable
cold,2026-06-01 22:59:41,0.3217003070749698,0.1055329147069958,4.0300232950651905e-09,2.838437871523665,Unstable
cold,2026-06-01 23:00:41,0.4004824231739178,0.1093558250960652,4.176010146330234e-09,2.9089870270679827,Unstable
cold,2026-06-01 23:01:41,0.4122088291994766,0.1045657138134543,3.9950693425177396e-09,2.950885400019079,Unstable
cold,2026-06-01 23:02:41,0.3046154636756129,0.1089485301308852,4.163346693425849e-09,3.023202899376931,Unstable
cold,2026-06-01 23:03:41,0.1401786965704985,0.1111143426294918,4.246110805009751e-09,3.09774381804526,Unstable
cold,2026-06-01 23:04:40,0.256053764897671,0.1071949585617499,4.093763004462046e-09,2.7417413174787875,Unstable
cold,2026-06-01 23:05:41,0.116428779894831,0.1117264632965148,4.2680904885318005e-09,2.8131486459312867,Unstable
cold,2026-06-01 23:06:40,0.2928474298421711,0.1115312123842976,4.261759071947154e-09,3.204850087145063,Unstable
cold,2026-06-01 23:07:40,0.3722061952282891,0.1159043013999796,4.429007237186113e-09,2.9053272552332774,Unstable
cold,2026-06-01 23:08:40,0.3602082848570471,0.115067196824362,4.396001414415083e-09,3.0184178173853744,Unstable
cold,2026-06-01 23:09:41,0.6972870190216919,0.1193715057337395,4.560740280567356e-09,3.1444931005078574,Unstable
cold,2026-06-01 23:10:41,0.7041097048549999,0.1241877801721346,4.742891345824394e-09,2.6959920861276427,Unstable
cold,2026-06-01 23:11:41,0.0726736163161802,0.118786770042169,4.5364841464221516e-09,2.7849026161800943,Unstable
cold,2026-06-01 23:12:41,0.1975896441324015,0.1209465844416231,4.617592990966991e-09,2.514080680661712,Unstable
cold,2026-06-01 23:13:41,0.1679942490726884,0.1223755355521062,4.672457645891724e-09,2.5191035429048187,Unstable
cold,2026-06-01 23:14:41,0.7379627765139403,0.1199495755301879,4.579528407476444e-09,2.4878749224457115,Unstable
cold,2026-06-01 23:15:41,0.4439655227547755,0.1197572501991561,4.572715993970842e-09,2.5891385252915557,Unstable
cold,2026-06-01 23:16:40,-0.2261367336970735,0.1103590496371036,4.215787717761855e-09,2.246962119883344,Unstable
cold,2026-06-01 23:17:40,0.5328911650257849,0.1152558609687281,4.401378880452027e-09,2.394953735151736,Unstable
cold,2026-06-01 23:18:40,-0.1360384606085456,0.1190101395347301,4.544810647890331e-09,2.604211803773251,Unstable
cold,2026-06-01 23:19:40,0.1878638395044449,0.1151985563748283,4.402326800611233e-09,2.2397872660161653,Unstable
cold,2026-06-01 23:20:41,0.4156068470547686,0.1210773511802787,4.627094376192629e-09,2.446428680647733,Unstable
cold,2026-06-01 23:21:41,0.7107312890979954,0.1285572776830704,4.913160695796128e-09,2.469434512399303,Unstable
cold,2026-06-01 23:22:41,1.61800988208929,0.140833037088975,5.3814215824691484e-09,2.5203382280765605,Unstable
cold,2026-06-01 23:23:41,2.23727649721742,0.1308458769581028,5.000294808285624e-09,2.4095005029979246,Unstable
cold,2026-06-01 23:24:41,3.199122545289586,0.1266293720524033,4.839640722960631e-09,2.1526815394448,Unstable
cold,2026-06-01 23:25:41,3.955357200104927,0.1377034624695083,5.2607922369900685e-09,2.2498296223299006,Unstable
cold,2026-06-01 23:26:41,3.332819069077249,0.1419410741357373,5.4248377885330485e-09,2.2273745929938764,Unstable
cold,2026-06-01 23:27:40,2.75821123330609,0.1582133761132555,6.046147892254707e-09,2.777809122588545,Unstable
cold,2026-06-01 23:28:40,2.377355537057441,0.167772182453051,6.4112270282638515e-09,2.6685140281092443,Unstable
cold,2026-06-01 23:29:40,2.117214517164449,0.1744780073140122,6.669909600034176e-09,2.583170093418408,Unstable
cold,2026-06-01 23:30:41,2.8760544529426046,0.1706535071393574,6.521549364814125e-09,2.6402776410196718,Unstable
cold,2026-06-01 23:31:41,3.4661257284488665,0.1780011614205783,6.804817191031414e-09,2.435433040869987,Unstable
cold,2026-06-01 23:32:41,3.0594119465305147,0.1787389081443297,6.8318901587930334e-09,2.4511940256494924,Unstable
cold,2026-06-01 23:33:41,3.142858434028532,0.1916798275938352,7.32531567328453e-09,2.625299656700177,Unstable
cold,2026-06-01 23:34:41,3.080841741252837,0.206248828162106,7.883916277292818e-09,2.8434724890609986,Unstable
cold,2026-06-01 23:35:40,3.1396825005826825,0.2193037641496401,8.381003472831374e-09,2.815290024652461,Unstable
cold,2026-06-01 23:36:41,2.854646265981776,0.2098810937853102,8.020106864850486e-09,3.1620889015164275,Unstable
cold,2026-06-01 23:37:40,2.602864004624254,0.2079274296902447,7.945189430342942e-09,2.622023451831102,Unstable
cold,2026-06-01 23:38:41,3.467724524780804,0.2084779489546917,7.965698565084473e-09,2.813041451463246,Unstable
cold,2026-06-01 23:39:23,3.5308111262299127,0.2271864909730082,8.67880780107946e-09,2.1059948762481104,Unstable
cold,2026-06-01 23:41:56,7.244339494863967,0.0937720532176462,3.583631620364557e-09,1.1422664968555618,OK
cold,2026-06-01 23:42:41,5.3756634141646025,0.1344714271890991,5.137995936624747e-09,1.566599239762832,Unstable
cold,2026-06-01 23:43:41,4.455600187589416,0.1726306606495879,6.596888359447776e-09,2.3425668527495667,Unstable
cold,2026-06-01 23:44:41,4.587237303006903,0.2006705301252042,7.668908084617615e-09,3.0643518977664543,Unstable
cold,2026-06-01 23:45:41,3.982642140886455,0.2296848421916207,8.772754551078712e-09,3.776253356789392,Unstable
cold,2026-06-01 23:46:41,3.2190641213218023,0.2580334868977536,9.85150644878e-09,3.4428923229135235,Unstable
cold,2026-06-01 23:47:41,3.658075120221501,0.2838805536053927,1.0836779558030033e-08,3.987850182781584,Unstable
cold,2026-06-01 23:48:41,4.431223561695829,0.3096932303788796,1.1826056181669581e-08,5.021322210003187,Unstable
cold,2026-06-01 23:49:41,4.713559071388863,0.3421354978304622,1.3066204774194569e-08,5.609558382975263,Unstable
cold,2026-06-01 23:50:41,4.378305359311604,0.383136928928342,1.4631087416603692e-08,7.05261383650807,Unstable
cold,2026-06-01 23:51:41,3.5405196541680937,0.4082527375018033,1.559277930694123e-08,6.471182853485513,Unstable
cold,2026-06-01 23:52:41,3.792185982409523,0.4236701506410334,1.6182701792219888e-08,6.972526015239928,Unstable
cold,2026-06-01 23:53:41,2.710960195641225,0.4700773565306009,1.7948760539480234e-08,7.614554495217473,Unstable
cold,2026-06-01 23:54:41,3.341481703425209,0.462321124984701,1.7651384183105988e-08,7.476062776238101,Unstable
cold,2026-06-01 23:55:41,3.92973926965908,0.4882280013594813,1.864212842167709e-08,7.162180231876654,Unstable
cold,2026-06-01 23:56:41,3.3422346134389507,0.5413831443054671,2.067403953332969e-08,8.387211076988638,Unstable
cold,2026-06-01 23:57:41,2.9854444136424827,0.5821942931871171,2.2230227436632525e-08,8.497417401925096,Unstable
cold,2026-06-01 23:58:41,3.739687683826972,0.590860998438349,2.2562583328055825e-08,9.124490141669565,Unstable
cold,2026-06-01 23:59:41,3.516093241842132,0.6302290113400761,2.4068340822094408e-08,7.780500868087552,Unstable
