ch,test,method,k,m,j,sec,dNO2
1,knot,raw_half_vs_half,0,0,0,11846552.306857143,0.03480599706688991
1,knot,raw_mean_noise,0,0,0,11846552.306857143,0.017365683330565915
1,knot,lowrank_half_vs_half,1,0,0,11846552.306857143,0.1473395156206751
1,knot,lowrank_half_vs_half,2,0,0,11846552.306857143,-0.032079825890817155
1,knot,lowrank_half_vs_half,3,0,0,11846552.306857143,0.012637592631372686
1,knot,lowrank_half_vs_half,5,0,0,11846552.306857143,0.04914178846891969
1,knot,raw_half_vs_half,0,0,1,11850084.612941176,-0.021940842792240664
1,knot,raw_mean_noise,0,0,1,11850084.612941176,-0.011008684335328003
1,knot,lowrank_half_vs_half,1,0,1,11850084.612941176,0.1048501359705756
1,knot,lowrank_half_vs_half,2,0,1,11850084.612941176,-0.08175385120814066
1,knot,lowrank_half_vs_half,3,0,1,11850084.612941176,0.009353638043155954
1,knot,lowrank_half_vs_half,5,0,1,11850084.612941176,0.004281884057047231
1,knot,raw_half_vs_half,0,0,2,11853687.672,-0.049983695150911084
1,knot,raw_mean_noise,0,0,2,11853687.672,-0.02501906585606397
1,knot,lowrank_half_vs_half,1,0,2,11853687.672,0.07406523455662894
1,knot,lowrank_half_vs_half,2,0,2,11853687.672,-0.12318803293224138
1,knot,lowrank_half_vs_half,3,0,2,11853687.672,-0.03611980913010405
1,knot,lowrank_half_vs_half,5,0,2,11853687.672,-0.03542875559779217
1,knot,raw_half_vs_half,0,0,3,11857356.149142856,-0.0666472084462138
1,knot,raw_mean_noise,0,0,3,11857356.149142856,-0.03328595334869225
1,knot,lowrank_half_vs_half,1,0,3,11857356.149142856,0.0566983668598168
1,knot,lowrank_half_vs_half,2,0,3,11857356.149142856,-0.09783928911364087
1,knot,lowrank_half_vs_half,3,0,3,11857356.149142856,-0.03413784759861798
1,knot,lowrank_half_vs_half,5,0,3,11857356.149142856,-0.037038827695639695
1,knot,raw_half_vs_half,0,0,4,11860889.428823529,0.05781555475354349
1,knot,raw_mean_noise,0,0,4,11860889.428823529,0.0290040004073224
1,knot,lowrank_half_vs_half,1,0,4,11860889.428823529,0.0864422877268931
1,knot,lowrank_half_vs_half,2,0,4,11860889.428823529,0.014137162459834441
1,knot,lowrank_half_vs_half,3,0,4,11860889.428823529,0.06756139714626448
1,knot,lowrank_half_vs_half,5,0,4,11860889.428823529,0.06174388945930884
1,knot,raw_half_vs_half,0,0,5,11864491.993529411,-0.08633455476213285
1,knot,raw_mean_noise,0,0,5,11864491.993529411,-0.04323279886208779
1,knot,lowrank_half_vs_half,1,0,5,11864491.993529411,-0.03685053997042315
1,knot,lowrank_half_vs_half,2,0,5,11864491.993529411,-0.09033986567413173
1,knot,lowrank_half_vs_half,3,0,5,11864491.993529411,-0.04283603185023504
1,knot,lowrank_half_vs_half,5,0,5,11864491.993529411,-0.045350157469977316
1,knot,raw_half_vs_half,0,0,6,11868160.443235295,-0.005317559198126281
1,knot,raw_mean_noise,0,0,6,11868160.443235295,-0.0026904893142291617
1,knot,lowrank_half_vs_half,1,0,6,11868160.443235295,0.08148930455351432
1,knot,lowrank_half_vs_half,2,0,6,11868160.443235295,-0.015403188020797364
1,knot,lowrank_half_vs_half,3,0,6,11868160.443235295,0.04509763093760786
1,knot,lowrank_half_vs_half,5,0,6,11868160.443235295,0.02901509087242318
1,knot,raw_half_vs_half,0,0,7,11871695.61714286,-0.013860931355561533
1,knot,raw_mean_noise,0,0,7,11871695.61714286,-0.006955601051059958
1,knot,lowrank_half_vs_half,1,0,7,11871695.61714286,-0.08268733957524525
1,knot,lowrank_half_vs_half,2,0,7,11871695.61714286,-0.07370629067016697
1,knot,lowrank_half_vs_half,3,0,7,11871695.61714286,-0.03089862563874612
1,knot,lowrank_half_vs_half,5,0,7,11871695.61714286,-0.029057085488858027
1,knot,raw_half_vs_half,0,0,8,11875295.744117647,0.04522973821157637
1,knot,raw_mean_noise,0,0,8,11875295.744117647,0.022578149211049375
1,knot,lowrank_half_vs_half,1,0,8,11875295.744117647,-0.1685970873765176
1,knot,lowrank_half_vs_half,2,0,8,11875295.744117647,-0.04829695267422183
1,knot,lowrank_half_vs_half,3,0,8,11875295.744117647,-0.009180824872366723
1,knot,lowrank_half_vs_half,5,0,8,11875295.744117647,-0.011337542306268945
1,knot,raw_half_vs_half,0,0,9,11878965.629142856,0.035081374337491845
1,knot,raw_mean_noise,0,0,9,11878965.629142856,0.017528917225724493
1,knot,lowrank_half_vs_half,1,0,9,11878965.629142856,-0.19592120776434635
1,knot,lowrank_half_vs_half,2,0,9,11878965.629142856,-0.011369191953731525
1,knot,lowrank_half_vs_half,3,0,9,11878965.629142856,0.02367999755081083
1,knot,lowrank_half_vs_half,5,0,9,11878965.629142856,0.01723039694441412
1,knot,raw_half_vs_half,0,0,10,11882499.378857143,0.050791959307427345
1,knot,raw_mean_noise,0,0,10,11882499.378857143,0.02537521513632206
1,knot,lowrank_half_vs_half,1,0,10,11882499.378857143,-0.1754449460902335
1,knot,lowrank_half_vs_half,2,0,10,11882499.378857143,0.05389042132381916
1,knot,lowrank_half_vs_half,3,0,10,11882499.378857143,0.08112904439905906
1,knot,lowrank_half_vs_half,5,0,10,11882499.378857143,0.06883939960246592
1,knot,raw_half_vs_half,0,0,11,11886100.471470585,0.019198130501288668
1,knot,raw_mean_noise,0,0,11,11886100.471470585,0.009569346220030634
1,knot,lowrank_half_vs_half,1,0,11,11886100.471470585,-0.1642453560580864
1,knot,lowrank_half_vs_half,2,0,11,11886100.471470585,0.038837204556688536
1,knot,lowrank_half_vs_half,3,0,11,11886100.471470585,0.0705880097210627
1,knot,lowrank_half_vs_half,5,0,11,11886100.471470585,0.06343199788735358
1,knot,raw_half_vs_half,0,0,12,11889769.907058822,0.058245849352499636
1,knot,raw_mean_noise,0,0,12,11889769.907058822,0.029047394903678834
1,knot,lowrank_half_vs_half,1,0,12,11889769.907058822,-0.20522433901467088
1,knot,lowrank_half_vs_half,2,0,12,11889769.907058822,-0.010678951627725081
1,knot,lowrank_half_vs_half,3,0,12,11889769.907058822,0.01832047684060119
1,knot,lowrank_half_vs_half,5,0,12,11889769.907058822,0.010398098959009366
1,knot,raw_half_vs_half,0,0,13,11893304.126285715,-0.022954564559339318
1,knot,raw_mean_noise,0,0,13,11893304.126285715,-0.011512889579534202
1,knot,lowrank_half_vs_half,1,0,13,11893304.126285715,-0.17677450218202354
1,knot,lowrank_half_vs_half,2,0,13,11893304.126285715,-0.007886914453935927
1,knot,lowrank_half_vs_half,3,0,13,11893304.126285715,0.022580469909704956
1,knot,lowrank_half_vs_half,5,0,13,11893304.126285715,0.010384052070098937
1,knot,raw_half_vs_half,0,0,14,11896906.631142857,0.027163158325735594
1,knot,raw_mean_noise,0,0,14,11896906.631142857,0.013565010343052557
1,knot,lowrank_half_vs_half,1,0,14,11896906.631142857,-0.16940433234303476
1,knot,lowrank_half_vs_half,2,0,14,11896906.631142857,0.007515839053330651
1,knot,lowrank_half_vs_half,3,0,14,11896906.631142857,0.03291130518852973
1,knot,lowrank_half_vs_half,5,0,14,11896906.631142857,0.0052819418081971985
1,knot,raw_half_vs_half,0,0,15,11900573.641764706,0.022140623720861202
1,knot,raw_mean_noise,0,0,15,11900573.641764706,0.011031475620923062
1,knot,lowrank_half_vs_half,1,0,15,11900573.641764706,-0.2108105056144865
1,knot,lowrank_half_vs_half,2,0,15,11900573.641764706,-0.03606422350238616
1,knot,lowrank_half_vs_half,3,0,15,11900573.641764706,-0.02883537085561204
1,knot,lowrank_half_vs_half,5,0,15,11900573.641764706,-0.03258272468342835
1,knot,raw_half_vs_half,0,0,16,11904109.791714286,-0.028468622807031146
1,knot,raw_mean_noise,0,0,16,11904109.791714286,-0.014271027313407694
1,knot,lowrank_half_vs_half,1,0,16,11904109.791714286,-0.12888731228351644
1,knot,lowrank_half_vs_half,2,0,16,11904109.791714286,0.011952916872486185
1,knot,lowrank_half_vs_half,3,0,16,11904109.791714286,0.03124029532339131
1,knot,lowrank_half_vs_half,5,0,16,11904109.791714286,0.033316589757998394
1,knot,raw_half_vs_half,0,0,17,11907709.925294116,0.008058883172666733
1,knot,raw_mean_noise,0,0,17,11907709.925294116,0.004030377114428342
1,knot,lowrank_half_vs_half,1,0,17,11907709.925294116,-0.1558471135500267
1,knot,lowrank_half_vs_half,2,0,17,11907709.925294116,-0.0017954556641305915
1,knot,lowrank_half_vs_half,3,0,17,11907709.925294116,0.017953723560528375
1,knot,lowrank_half_vs_half,5,0,17,11907709.925294116,0.008921652703428111
1,knot,raw_half_vs_half,0,0,18,11911379.832571428,0.0961581287998161
1,knot,raw_mean_noise,0,0,18,11911379.832571428,0.04805440992346604
1,knot,lowrank_half_vs_half,1,0,18,11911379.832571428,-0.15257549717899052
1,knot,lowrank_half_vs_half,2,0,18,11911379.832571428,0.001711377305399036
1,knot,lowrank_half_vs_half,3,0,18,11911379.832571428,0.025762131169504206
1,knot,lowrank_half_vs_half,5,0,18,11911379.832571428,0.02845730130200603
1,knot,raw_half_vs_half,0,0,19,11914914.03764706,-0.024133242540911624
1,knot,raw_mean_noise,0,0,19,11914914.03764706,-0.01214138950640885
1,knot,lowrank_half_vs_half,1,0,19,11914914.03764706,-0.22051285502908058
1,knot,lowrank_half_vs_half,2,0,19,11914914.03764706,-0.07932858778503124
1,knot,lowrank_half_vs_half,3,0,19,11914914.03764706,-0.06959000472828465
1,knot,lowrank_half_vs_half,5,0,19,11914914.03764706,-0.07503660850665045
1,knot,raw_half_vs_half,0,0,20,11918515.142571429,0.0374582436269636
1,knot,raw_mean_noise,0,0,20,11918515.142571429,0.018803412697450107
1,knot,lowrank_half_vs_half,1,0,20,11918515.142571429,-0.12445694581663777
1,knot,lowrank_half_vs_half,2,0,20,11918515.142571429,0.07299589502339407
1,knot,lowrank_half_vs_half,3,0,20,11918515.142571429,0.08444546009043831
1,knot,lowrank_half_vs_half,5,0,20,11918515.142571429,0.08332047028508036
1,knot,raw_half_vs_half,0,0,21,11922185.065588234,0.09004992315564149
1,knot,raw_mean_noise,0,0,21,11922185.065588234,0.044979548550921136
1,knot,lowrank_half_vs_half,1,0,21,11922185.065588234,-0.2023875899543479
1,knot,lowrank_half_vs_half,2,0,21,11922185.065588234,0.02951268120951654
1,knot,lowrank_half_vs_half,3,0,21,11922185.065588234,0.04131338968093339
1,knot,lowrank_half_vs_half,5,0,21,11922185.065588234,0.02406035502465146
1,knot,raw_half_vs_half,0,0,22,11925718.333714286,-0.10886179770119339
1,knot,raw_mean_noise,0,0,22,11925718.333714286,-0.05445416880499875
1,knot,lowrank_half_vs_half,1,0,22,11925718.333714286,-0.21538542288354817
1,knot,lowrank_half_vs_half,2,0,22,11925718.333714286,0.056665089901683195
1,knot,lowrank_half_vs_half,3,0,22,11925718.333714286,0.06269846173748762
1,knot,lowrank_half_vs_half,5,0,22,11925718.333714286,0.041282583838881975
1,knot,raw_half_vs_half,0,0,23,11929319.942000002,0.06331772717952021
1,knot,raw_mean_noise,0,0,23,11929319.942000002,0.03166245553467021
1,knot,lowrank_half_vs_half,1,0,23,11929319.942000002,-0.011942791162755458
1,knot,lowrank_half_vs_half,2,0,23,11929319.942000002,0.13865814010919744
1,knot,lowrank_half_vs_half,3,0,23,11929319.942000002,0.14426147395695166
1,knot,lowrank_half_vs_half,5,0,23,11929319.942000002,0.13502948073928428
1,knot,raw_half_vs_half,0,0,24,11932989.343142858,-0.02314231578266308
1,knot,raw_mean_noise,0,0,24,11932989.343142858,-0.011554712559685704
1,knot,lowrank_half_vs_half,1,0,24,11932989.343142858,-0.13042289145621913
1,knot,lowrank_half_vs_half,2,0,24,11932989.343142858,-0.06736210352465243
1,knot,lowrank_half_vs_half,3,0,24,11932989.343142858,-0.05412444558630154
1,knot,lowrank_half_vs_half,5,0,24,11932989.343142858,-0.05492208906326258
1,knot,raw_half_vs_half,0,0,25,11936522.600882353,0.035131757921803904
1,knot,raw_mean_noise,0,0,25,11936522.600882353,0.01759130603285512
1,knot,lowrank_half_vs_half,1,0,25,11936522.600882353,-0.06543275011251161
1,knot,lowrank_half_vs_half,2,0,25,11936522.600882353,-0.032098195133193015
1,knot,lowrank_half_vs_half,3,0,25,11936522.600882353,-0.02597063961077921
1,knot,lowrank_half_vs_half,5,0,25,11936522.600882353,-0.027398590086655815
1,knot,raw_half_vs_half,0,0,26,11940125.16647059,0.014058339423917196
1,knot,raw_mean_noise,0,0,26,11940125.16647059,0.00701162081805804
1,knot,lowrank_half_vs_half,1,0,26,11940125.16647059,-0.017045789119276376
1,knot,lowrank_half_vs_half,2,0,26,11940125.16647059,0.03838548879875271
1,knot,lowrank_half_vs_half,3,0,26,11940125.16647059,0.036929808126455146
1,knot,lowrank_half_vs_half,5,0,26,11940125.16647059,0.03584000917311126
1,knot,raw_half_vs_half,0,0,27,11943793.66382353,0.05789743284268679
1,knot,raw_mean_noise,0,0,27,11943793.66382353,0.02893381531692145
1,knot,lowrank_half_vs_half,1,0,27,11943793.66382353,-0.13726278988472862
1,knot,lowrank_half_vs_half,2,0,27,11943793.66382353,-0.02748367426524591
1,knot,lowrank_half_vs_half,3,0,27,11943793.66382353,-0.03826950237225975
1,knot,lowrank_half_vs_half,5,0,27,11943793.66382353,-0.033460093301098386
1,knot,raw_half_vs_half,0,0,28,11947328.37611111,-0.012504616038172985
1,knot,raw_mean_noise,0,0,28,11947328.37611111,-0.006224308410246146
1,knot,lowrank_half_vs_half,1,0,28,11947328.37611111,-0.10377211689335795
1,knot,lowrank_half_vs_half,2,0,28,11947328.37611111,-0.03799138207983313
1,knot,lowrank_half_vs_half,3,0,28,11947328.37611111,-0.05092891064174645
1,knot,lowrank_half_vs_half,5,0,28,11947328.37611111,-0.0333547510739786
1,knot,raw_half_vs_half,0,0,29,11950930.41542857,-0.030143367570193192
1,knot,raw_mean_noise,0,0,29,11950930.41542857,-0.015089507916325476
1,knot,lowrank_half_vs_half,1,0,29,11950930.41542857,-0.02190267197098166
1,knot,lowrank_half_vs_half,2,0,29,11950930.41542857,-0.10751560181197956
1,knot,lowrank_half_vs_half,3,0,29,11950930.41542857,-0.10244249894994487
1,knot,lowrank_half_vs_half,5,0,29,11950930.41542857,-0.10152474789415802
1,knot,raw_half_vs_half,0,0,30,11954598.400588235,-0.04994387289265954
1,knot,raw_mean_noise,0,0,30,11954598.400588235,-0.024989831980447578
1,knot,lowrank_half_vs_half,1,0,30,11954598.400588235,-0.022931625728950758
1,knot,lowrank_half_vs_half,2,0,30,11954598.400588235,-0.059420288674655805
1,knot,lowrank_half_vs_half,3,0,30,11954598.400588235,-0.06504066302211949
1,knot,lowrank_half_vs_half,5,0,30,11954598.400588235,-0.048499227577191835
1,knot,raw_half_vs_half,0,0,31,11958133.073529411,-0.13373792926201425
1,knot,raw_mean_noise,0,0,31,11958133.073529411,-0.06682013342481603
1,knot,lowrank_half_vs_half,1,0,31,11958133.073529411,-0.1901216996585885
1,knot,lowrank_half_vs_half,2,0,31,11958133.073529411,-0.055378294489593353
1,knot,lowrank_half_vs_half,3,0,31,11958133.073529411,-0.08566523011904208
1,knot,lowrank_half_vs_half,5,0,31,11958133.073529411,-0.07967417665456324
1,knot,raw_half_vs_half,0,0,32,11961733.694705883,-0.031720827922868254
1,knot,raw_mean_noise,0,0,32,11961733.694705883,-0.01586673755802468
1,knot,lowrank_half_vs_half,1,0,32,11961733.694705883,-0.19965294076804518
1,knot,lowrank_half_vs_half,2,0,32,11961733.694705883,-0.04774096291233279
1,knot,lowrank_half_vs_half,3,0,32,11961733.694705883,-0.08001898522558398
1,knot,lowrank_half_vs_half,5,0,32,11961733.694705883,-0.08402697985847257
1,knot,raw_half_vs_half,0,0,33,11965404.596285712,0.1094099700362714
1,knot,raw_mean_noise,0,0,33,11965404.596285712,0.05463394358456952
1,knot,lowrank_half_vs_half,1,0,33,11965404.596285712,-0.05603817444080445
1,knot,lowrank_half_vs_half,2,0,33,11965404.596285712,0.06761046279768158
1,knot,lowrank_half_vs_half,3,0,33,11965404.596285712,0.052645800148847774
1,knot,lowrank_half_vs_half,5,0,33,11965404.596285712,0.045283437564976846
1,knot,raw_half_vs_half,0,0,34,11968936.872058824,0.065017439980934
1,knot,raw_mean_noise,0,0,34,11968936.872058824,0.032510708339903695
1,knot,lowrank_half_vs_half,1,0,34,11968936.872058824,-0.02710081837338392
1,knot,lowrank_half_vs_half,2,0,34,11968936.872058824,0.08408643983760626
1,knot,lowrank_half_vs_half,3,0,34,11968936.872058824,0.057277242244370766
1,knot,lowrank_half_vs_half,5,0,34,11968936.872058824,0.05409487876984132
1,knot,raw_half_vs_half,0,0,35,11972538.414411766,-0.013013953302301864
1,knot,raw_mean_noise,0,0,35,11972538.414411766,-0.006472889089417532
1,knot,lowrank_half_vs_half,1,0,35,11972538.414411766,0.003237067923311057
1,knot,lowrank_half_vs_half,2,0,35,11972538.414411766,0.10646427639482726
1,knot,lowrank_half_vs_half,3,0,35,11972538.414411766,0.07643397130701216
1,knot,lowrank_half_vs_half,5,0,35,11972538.414411766,0.08740820217934146
1,knot,raw_half_vs_half,0,0,36,11976207.822058823,0.01921268910163282
1,knot,raw_mean_noise,0,0,36,11976207.822058823,0.00968224287028144
1,knot,lowrank_half_vs_half,1,0,36,11976207.822058823,-0.09952930853719236
1,knot,lowrank_half_vs_half,2,0,36,11976207.822058823,0.02204136944739173
1,knot,lowrank_half_vs_half,3,0,36,11976207.822058823,-0.012714480761974399
1,knot,lowrank_half_vs_half,5,0,36,11976207.822058823,-0.009594966015661469
1,knot,raw_half_vs_half,0,0,37,11979741.570588237,0.008175260268913246
1,knot,raw_mean_noise,0,0,37,11979741.570588237,0.0040166602398069556
1,knot,lowrank_half_vs_half,1,0,37,11979741.570588237,-0.07349680418357639
1,knot,lowrank_half_vs_half,2,0,37,11979741.570588237,0.046757309377669164
1,knot,lowrank_half_vs_half,3,0,37,11979741.570588237,0.014527108233631677
1,knot,lowrank_half_vs_half,5,0,37,11979741.570588237,0.012228319907552531
1,knot,raw_half_vs_half,0,0,38,11983344.594857143,0.020893537297356612
1,knot,raw_mean_noise,0,0,38,11983344.594857143,0.010449184275547871
1,knot,lowrank_half_vs_half,1,0,38,11983344.594857143,-0.05808777617886704
1,knot,lowrank_half_vs_half,2,0,38,11983344.594857143,0.06301126230870424
1,knot,lowrank_half_vs_half,3,0,38,11983344.594857143,0.03548172739205749
1,knot,lowrank_half_vs_half,5,0,38,11983344.594857143,0.03501178234960897
1,knot,raw_half_vs_half,0,0,39,11987011.597058823,-0.010188840271706363
1,knot,raw_mean_noise,0,0,39,11987011.597058823,-0.005043413201984473
1,knot,lowrank_half_vs_half,1,0,39,11987011.597058823,-0.10054811154869636
1,knot,lowrank_half_vs_half,2,0,39,11987011.597058823,0.022276245678425254
1,knot,lowrank_half_vs_half,3,0,39,11987011.597058823,-0.004177153907081246
1,knot,lowrank_half_vs_half,5,0,39,11987011.597058823,-0.008783565143322162
1,knot,raw_half_vs_half,0,0,40,11990547.260294119,-0.043195083614275306
1,knot,raw_mean_noise,0,0,40,11990547.260294119,-0.021523218699994826
1,knot,lowrank_half_vs_half,1,0,40,11990547.260294119,-0.09388340989009046
1,knot,lowrank_half_vs_half,2,0,40,11990547.260294119,-0.03073632847816957
1,knot,lowrank_half_vs_half,3,0,40,11990547.260294119,-0.05169886972571443
1,knot,lowrank_half_vs_half,5,0,40,11990547.260294119,-0.05450793968171113
1,knot,raw_half_vs_half,0,0,41,11994147.885294119,-0.00486089365229376
1,knot,raw_mean_noise,0,0,41,11994147.885294119,-0.0023816061233039878
1,knot,lowrank_half_vs_half,1,0,41,11994147.885294119,0.012513490184834991
1,knot,lowrank_half_vs_half,2,0,41,11994147.885294119,0.014793411281512882
1,knot,lowrank_half_vs_half,3,0,41,11994147.885294119,0.002752579062221423
1,knot,lowrank_half_vs_half,5,0,41,11994147.885294119,-0.005553642617022845
1,knot,raw_half_vs_half,0,0,42,11997818.766,0.11374767897074343
1,knot,raw_mean_noise,0,0,42,11997818.766,0.05685934510050249
1,knot,lowrank_half_vs_half,1,0,42,11997818.766,0.07046266221406489
1,knot,lowrank_half_vs_half,2,0,42,11997818.766,0.05404608566394015
1,knot,lowrank_half_vs_half,3,0,42,11997818.766,0.041092144047162514
1,knot,lowrank_half_vs_half,5,0,42,11997818.766,0.05155774562997296
1,knot,raw_half_vs_half,0,0,43,12001352.017058823,0.07291079323119816
1,knot,raw_mean_noise,0,0,43,12001352.017058823,0.03643197822802906
1,knot,lowrank_half_vs_half,1,0,43,12001352.017058823,0.04558391846472316
1,knot,lowrank_half_vs_half,2,0,43,12001352.017058823,0.00995475875039387
1,knot,lowrank_half_vs_half,3,0,43,12001352.017058823,0.005771989700548427
1,knot,lowrank_half_vs_half,5,0,43,12001352.017058823,0.007589029711896941
1,knot,raw_half_vs_half,0,0,44,12004953.079714285,-0.02656136574474432
1,knot,raw_mean_noise,0,0,44,12004953.079714285,-0.013277259391651282
1,knot,lowrank_half_vs_half,1,0,44,12004953.079714285,0.04437333555400744
1,knot,lowrank_half_vs_half,2,0,44,12004953.079714285,0.013544392088872453
1,knot,lowrank_half_vs_half,3,0,44,12004953.079714285,0.009586869775753175
1,knot,lowrank_half_vs_half,5,0,44,12004953.079714285,0.008053596382259068
1,knot,raw_half_vs_half,0,0,45,12008623.025588235,0.10031191889322731
1,knot,raw_mean_noise,0,0,45,12008623.025588235,0.05014004491559232
1,knot,lowrank_half_vs_half,1,0,45,12008623.025588235,0.07359686975229891
1,knot,lowrank_half_vs_half,2,0,45,12008623.025588235,0.056796107850456815
1,knot,lowrank_half_vs_half,3,0,45,12008623.025588235,0.0434529020574625
1,knot,lowrank_half_vs_half,5,0,45,12008623.025588235,0.04601712624905844
1,knot,raw_half_vs_half,0,0,46,12012156.266571429,-0.047152035168975856
1,knot,raw_mean_noise,0,0,46,12012156.266571429,-0.023497155280818794
1,knot,lowrank_half_vs_half,1,0,46,12012156.266571429,-0.005638441412309046
1,knot,lowrank_half_vs_half,2,0,46,12012156.266571429,-0.014854052929833376
1,knot,lowrank_half_vs_half,3,0,46,12012156.266571429,-0.02478837353558275
1,knot,lowrank_half_vs_half,5,0,46,12012156.266571429,-0.030900780822469782
1,knot,raw_half_vs_half,0,0,47,12015758.35388889,0.03323888396697353
1,knot,raw_mean_noise,0,0,47,12015758.35388889,0.016592095050445836
1,knot,lowrank_half_vs_half,1,0,47,12015758.35388889,0.137325412726595
1,knot,lowrank_half_vs_half,2,0,47,12015758.35388889,0.019952435490260493
1,knot,lowrank_half_vs_half,3,0,47,12015758.35388889,0.032463879193572305
1,knot,lowrank_half_vs_half,5,0,47,12015758.35388889,0.03183657647644652
1,knot,raw_half_vs_half,0,0,48,12019427.286857141,0.05895238503828555
1,knot,raw_mean_noise,0,0,48,12019427.286857141,0.029466217117348724
1,knot,lowrank_half_vs_half,1,0,48,12019427.286857141,0.10883158396958005
1,knot,lowrank_half_vs_half,2,0,48,12019427.286857141,0.0013816109011641272
1,knot,lowrank_half_vs_half,3,0,48,12019427.286857141,0.011834432545596492
1,knot,lowrank_half_vs_half,5,0,48,12019427.286857141,0.013981321798722019
1,knot,raw_half_vs_half,0,0,49,12022961.047999999,-0.016570287409115862
1,knot,raw_mean_noise,0,0,49,12022961.047999999,-0.008229273757338985
1,knot,lowrank_half_vs_half,1,0,49,12022961.047999999,0.07080739853530033
1,knot,lowrank_half_vs_half,2,0,49,12022961.047999999,-0.02506591241001247
1,knot,lowrank_half_vs_half,3,0,49,12022961.047999999,-0.01828760618514482
1,knot,lowrank_half_vs_half,5,0,49,12022961.047999999,-0.02482100946157761
1,knot,raw_half_vs_half,0,0,50,12026563.594571428,-0.026264755538188706
1,knot,raw_mean_noise,0,0,50,12026563.594571428,-0.013150255727474284
1,knot,lowrank_half_vs_half,1,0,50,12026563.594571428,0.03272416417669561
1,knot,lowrank_half_vs_half,2,0,50,12026563.594571428,-0.02575736054336775
1,knot,lowrank_half_vs_half,3,0,50,12026563.594571428,-0.025147290240190474
1,knot,lowrank_half_vs_half,5,0,50,12026563.594571428,-0.025644343359862345
1,knot,raw_half_vs_half,0,0,51,12030232.037714286,-0.09999489190149206
1,knot,raw_mean_noise,0,0,51,12030232.037714286,-0.04999866853274149
1,knot,lowrank_half_vs_half,1,0,51,12030232.037714286,0.0050455059458911385
1,knot,lowrank_half_vs_half,2,0,51,12030232.037714286,-0.02295751301289037
1,knot,lowrank_half_vs_half,3,0,51,12030232.037714286,-0.022276485936012464
1,knot,lowrank_half_vs_half,5,0,51,12030232.037714286,-0.021396361120268513
1,knot,raw_half_vs_half,0,0,52,12033766.765714286,-0.014695087161434946
1,knot,raw_mean_noise,0,0,52,12033766.765714286,-0.007340002287532898
1,knot,lowrank_half_vs_half,1,0,52,12033766.765714286,0.009200445366878357
1,knot,lowrank_half_vs_half,2,0,52,12033766.765714286,-0.02560423215572483
1,knot,lowrank_half_vs_half,3,0,52,12033766.765714286,-0.024365484273726163
1,knot,lowrank_half_vs_half,5,0,52,12033766.765714286,-0.01866368180513687
1,knot,raw_half_vs_half,0,0,53,12037366.84617647,-0.0567409210653826
1,knot,raw_mean_noise,0,0,53,12037366.84617647,-0.028326882039489427
1,knot,lowrank_half_vs_half,1,0,53,12037366.84617647,-0.061979364233579165
1,knot,lowrank_half_vs_half,2,0,53,12037366.84617647,-0.0654083786868778
1,knot,lowrank_half_vs_half,3,0,53,12037366.84617647,-0.06821084802909358
1,knot,lowrank_half_vs_half,5,0,53,12037366.84617647,-0.07239177325791897
1,knot,raw_half_vs_half,0,0,54,12041036.292058824,0.04500304919705343
1,knot,raw_mean_noise,0,0,54,12041036.292058824,0.0225104243025828
1,knot,lowrank_half_vs_half,1,0,54,12041036.292058824,0.06228081298545663
1,knot,lowrank_half_vs_half,2,0,54,12041036.292058824,0.0742919082424539
1,knot,lowrank_half_vs_half,3,0,54,12041036.292058824,0.06414415103285592
1,knot,lowrank_half_vs_half,5,0,54,12041036.292058824,0.0645852537567991
1,knot,raw_half_vs_half,0,0,55,12044571.493714284,-0.059403662365031036
1,knot,raw_mean_noise,0,0,55,12044571.493714284,-0.0297322980005229
1,knot,lowrank_half_vs_half,1,0,55,12044571.493714284,-0.07960155603959122
1,knot,lowrank_half_vs_half,2,0,55,12044571.493714284,-0.05122155192427328
1,knot,lowrank_half_vs_half,3,0,55,12044571.493714284,-0.05517391488067971
1,knot,lowrank_half_vs_half,5,0,55,12044571.493714284,-0.06494722674401353
1,knot,raw_half_vs_half,0,0,56,12048171.637058824,-0.1019147275303532
1,knot,raw_mean_noise,0,0,56,12048171.637058824,-0.05098074205186709
1,knot,lowrank_half_vs_half,1,0,56,12048171.637058824,-0.03257848949598471
1,knot,lowrank_half_vs_half,2,0,56,12048171.637058824,0.0030196821164734044
1,knot,lowrank_half_vs_half,3,0,56,12048171.637058824,0.0005028868246252025
1,knot,lowrank_half_vs_half,5,0,56,12048171.637058824,0.009343608094824651
1,knot,raw_half_vs_half,0,0,57,12051841.103235293,-0.10592702499578092
1,knot,raw_mean_noise,0,0,57,12051841.103235293,-0.05289631179405802
1,knot,lowrank_half_vs_half,1,0,57,12051841.103235293,-0.08424929680187114
1,knot,lowrank_half_vs_half,2,0,57,12051841.103235293,-0.054902799130571646
1,knot,lowrank_half_vs_half,3,0,57,12051841.103235293,-0.05867106724859118
1,knot,lowrank_half_vs_half,5,0,57,12051841.103235293,-0.05357614704026148
1,knot,raw_half_vs_half,0,0,58,12055374.859705882,0.04623040247704821
1,knot,raw_mean_noise,0,0,58,12055374.859705882,0.023144153456204016
1,knot,lowrank_half_vs_half,1,0,58,12055374.859705882,0.016109466714262423
1,knot,lowrank_half_vs_half,2,0,58,12055374.859705882,0.03742158966691115
1,knot,lowrank_half_vs_half,3,0,58,12055374.859705882,0.03306299453411746
1,knot,lowrank_half_vs_half,5,0,58,12055374.859705882,0.032276374420876934
1,knot,raw_half_vs_half,0,0,59,12058976.944285717,0.016675602909745305
1,knot,raw_mean_noise,0,0,59,12058976.944285717,0.008323492250548244
1,knot,lowrank_half_vs_half,1,0,59,12058976.944285717,0.02704180464199833
1,knot,lowrank_half_vs_half,2,0,59,12058976.944285717,0.04917399023911034
1,knot,lowrank_half_vs_half,3,0,59,12058976.944285717,0.045451190196797525
1,knot,lowrank_half_vs_half,5,0,59,12058976.944285717,0.03472578245655188
1,knot,raw_half_vs_half,0,0,60,12062646.376857143,0.01837935980267478
1,knot,raw_mean_noise,0,0,60,12062646.376857143,0.009180557606502014
1,knot,lowrank_half_vs_half,1,0,60,12062646.376857143,-0.006483219521810046
1,knot,lowrank_half_vs_half,2,0,60,12062646.376857143,0.03334044310585437
1,knot,lowrank_half_vs_half,3,0,60,12062646.376857143,0.027854611479307897
1,knot,lowrank_half_vs_half,5,0,60,12062646.376857143,0.03161168413541595
1,knot,raw_half_vs_half,0,0,61,12066179.612941176,-0.019774754289713637
1,knot,raw_mean_noise,0,0,61,12066179.612941176,-0.009859285375214006
1,knot,lowrank_half_vs_half,1,0,61,12066179.612941176,-0.02842807836537294
1,knot,lowrank_half_vs_half,2,0,61,12066179.612941176,-0.01536278189051853
1,knot,lowrank_half_vs_half,3,0,61,12066179.612941176,-0.019110259711068885
1,knot,lowrank_half_vs_half,5,0,61,12066179.612941176,-0.01443241294644689
1,knot,raw_half_vs_half,0,0,62,12069782.658571428,-0.04745209627298672
1,knot,raw_mean_noise,0,0,62,12069782.658571428,-0.023748992612189584
1,knot,lowrank_half_vs_half,1,0,62,12069782.658571428,-0.03178588097340612
1,knot,lowrank_half_vs_half,2,0,62,12069782.658571428,-0.027436150779527463
1,knot,lowrank_half_vs_half,3,0,62,12069782.658571428,-0.03217043140773998
1,knot,lowrank_half_vs_half,5,0,62,12069782.658571428,-0.029308949006409034
1,knot,raw_half_vs_half,0,0,63,12073452.05542857,-0.04403737992677432
1,knot,raw_mean_noise,0,0,63,12073452.05542857,-0.02205812608001666
1,knot,lowrank_half_vs_half,1,0,63,12073452.05542857,-0.05175516758346236
1,knot,lowrank_half_vs_half,2,0,63,12073452.05542857,-0.030019476100826743
1,knot,lowrank_half_vs_half,3,0,63,12073452.05542857,-0.04753469656135798
1,knot,lowrank_half_vs_half,5,0,63,12073452.05542857,-0.053086035748527965
1,knot,raw_half_vs_half,0,0,64,12076985.299999999,0.030108601901503655
1,knot,raw_mean_noise,0,0,64,12076985.299999999,0.014992926564850092
1,knot,lowrank_half_vs_half,1,0,64,12076985.299999999,0.08985140355021665
1,knot,lowrank_half_vs_half,2,0,64,12076985.299999999,0.0956617751441155
1,knot,lowrank_half_vs_half,3,0,64,12076985.299999999,0.0952178837634484
1,knot,lowrank_half_vs_half,5,0,64,12076985.299999999,0.09666315621834537
1,knot,raw_half_vs_half,0,0,65,12080586.375714287,-0.04589322122424135
1,knot,raw_mean_noise,0,0,65,12080586.375714287,-0.022852305537430347
1,knot,lowrank_half_vs_half,1,0,65,12080586.375714287,-0.0007631733174141806
1,knot,lowrank_half_vs_half,2,0,65,12080586.375714287,0.016897711335982238
1,knot,lowrank_half_vs_half,3,0,65,12080586.375714287,0.01220365069608693
1,knot,lowrank_half_vs_half,5,0,65,12080586.375714287,0.004819983772915551
1,knot,raw_half_vs_half,0,0,66,12084257.269705882,0.00539626877855734
1,knot,raw_mean_noise,0,0,66,12084257.269705882,0.002780786344778289
1,knot,lowrank_half_vs_half,1,0,66,12084257.269705882,0.0379354060264529
1,knot,lowrank_half_vs_half,2,0,66,12084257.269705882,0.03104278469844897
1,knot,lowrank_half_vs_half,3,0,66,12084257.269705882,0.029031908731596695
1,knot,lowrank_half_vs_half,5,0,66,12084257.269705882,0.01714859937908795
1,knot,raw_half_vs_half,0,0,67,12087790.063529411,0.02847009005284139
1,knot,raw_mean_noise,0,0,67,12087790.063529411,0.01420404929140805
1,knot,lowrank_half_vs_half,1,0,67,12087790.063529411,0.030244491308736274
1,knot,lowrank_half_vs_half,2,0,67,12087790.063529411,0.02677843025271957
1,knot,lowrank_half_vs_half,3,0,67,12087790.063529411,0.02153287240527386
1,knot,lowrank_half_vs_half,5,0,67,12087790.063529411,0.02639277192685941
1,knot,raw_half_vs_half,0,0,68,12091391.159142857,-0.011386046340316746
1,knot,raw_mean_noise,0,0,68,12091391.159142857,-0.005700900949500135
1,knot,lowrank_half_vs_half,1,0,68,12091391.159142857,0.0032166667424797383
1,knot,lowrank_half_vs_half,2,0,68,12091391.159142857,0.02013184000926706
1,knot,lowrank_half_vs_half,3,0,68,12091391.159142857,0.008863722874298893
1,knot,lowrank_half_vs_half,5,0,68,12091391.159142857,-0.003135760375633002
1,knot,raw_half_vs_half,0,0,69,12095060.135882355,-0.05926010251248822
1,knot,raw_mean_noise,0,0,69,12095060.135882355,-0.029559612239554143
1,knot,lowrank_half_vs_half,1,0,69,12095060.135882355,-0.010999071943350902
1,knot,lowrank_half_vs_half,2,0,69,12095060.135882355,-0.005082761238133127
1,knot,lowrank_half_vs_half,3,0,69,12095060.135882355,-0.006021022604550476
1,knot,lowrank_half_vs_half,5,0,69,12095060.135882355,-0.0019208616128762878
1,knot,raw_half_vs_half,0,0,70,12096623.247058824,-0.05163119342663481
1,knot,raw_mean_noise,0,0,70,12096623.247058824,-0.025777578776241112
1,knot,lowrank_half_vs_half,1,0,70,12096623.247058824,-0.07466945908197359
1,knot,lowrank_half_vs_half,2,0,70,12096623.247058824,-0.06902641337492761
1,knot,lowrank_half_vs_half,3,0,70,12096623.247058824,-0.0677030942158807
1,knot,lowrank_half_vs_half,5,0,70,12096623.247058824,-0.0644396803778179
1,knot,raw_half_vs_half,0,0,71,12100156.965588234,0.015787934460629118
1,knot,raw_mean_noise,0,0,71,12100156.965588234,0.007945815526280308
1,knot,lowrank_half_vs_half,1,0,71,12100156.965588234,-0.06929452927372053
1,knot,lowrank_half_vs_half,2,0,71,12100156.965588234,-0.0582954903272246
1,knot,lowrank_half_vs_half,3,0,71,12100156.965588234,-0.0641847763728275
1,knot,lowrank_half_vs_half,5,0,71,12100156.965588234,-0.0606867339550544
1,knot,raw_half_vs_half,0,0,72,12103758.055142855,0.013271259735943158
1,knot,raw_mean_noise,0,0,72,12103758.055142855,0.006663211477861055
1,knot,lowrank_half_vs_half,1,0,72,12103758.055142855,0.06776958687206888
1,knot,lowrank_half_vs_half,2,0,72,12103758.055142855,-0.0060167815276476345
1,knot,lowrank_half_vs_half,3,0,72,12103758.055142855,0.0008734543959259863
1,knot,lowrank_half_vs_half,5,0,72,12103758.055142855,-0.0004551280313125449
1,knot,raw_half_vs_half,0,0,73,12107426.994705882,0.005946284899105035
1,knot,raw_mean_noise,0,0,73,12107426.994705882,0.0029632117840413487
1,knot,lowrank_half_vs_half,1,0,73,12107426.994705882,-0.03653442339240124
1,knot,lowrank_half_vs_half,2,0,73,12107426.994705882,0.0015357421333786652
1,knot,lowrank_half_vs_half,3,0,73,12107426.994705882,-0.01159374612984504
1,knot,lowrank_half_vs_half,5,0,73,12107426.994705882,-0.006720933802216352
1,knot,raw_half_vs_half,0,0,74,12110960.729117647,-0.008925774036839343
1,knot,raw_mean_noise,0,0,74,12110960.729117647,-0.00446160593551901
1,knot,lowrank_half_vs_half,1,0,74,12110960.729117647,-0.13659845167323278
1,knot,lowrank_half_vs_half,2,0,74,12110960.729117647,-0.05673956470988311
1,knot,lowrank_half_vs_half,3,0,74,12110960.729117647,-0.06705202297632036
1,knot,lowrank_half_vs_half,5,0,74,12110960.729117647,-0.06929348837860481
1,knot,raw_half_vs_half,0,0,75,12114563.282941176,-0.018109157970002822
1,knot,raw_mean_noise,0,0,75,12114563.282941176,-0.009040386316330272
1,knot,lowrank_half_vs_half,1,0,75,12114563.282941176,-0.1385402497389551
1,knot,lowrank_half_vs_half,2,0,75,12114563.282941176,-0.05368309716285176
1,knot,lowrank_half_vs_half,3,0,75,12114563.282941176,-0.06229871482116324
1,knot,lowrank_half_vs_half,5,0,75,12114563.282941176,-0.06482729418101066
1,knot,raw_half_vs_half,0,0,76,12118232.213142857,-0.05212587159398371
1,knot,raw_mean_noise,0,0,76,12118232.213142857,-0.026044233843242035
1,knot,lowrank_half_vs_half,1,0,76,12118232.213142857,-0.21640447386159842
1,knot,lowrank_half_vs_half,2,0,76,12118232.213142857,-0.06705307424419042
1,knot,lowrank_half_vs_half,3,0,76,12118232.213142857,-0.0747670585700752
1,knot,lowrank_half_vs_half,5,0,76,12118232.213142857,-0.06995686168581455
1,knot,raw_half_vs_half,0,0,77,12121765.470588233,0.08568342127062265
1,knot,raw_mean_noise,0,0,77,12121765.470588233,0.042812050435494624
1,knot,lowrank_half_vs_half,1,0,77,12121765.470588233,-0.12403009803365547
1,knot,lowrank_half_vs_half,2,0,77,12121765.470588233,0.009304136009508373
1,knot,lowrank_half_vs_half,3,0,77,12121765.470588233,-0.00128167415984126
1,knot,lowrank_half_vs_half,5,0,77,12121765.470588233,0.0054846395867837105
1,knot,raw_half_vs_half,0,0,78,12125368.49857143,-0.07921838211843213
1,knot,raw_mean_noise,0,0,78,12125368.49857143,-0.039529602442809945
1,knot,lowrank_half_vs_half,1,0,78,12125368.49857143,-0.13461023488176346
1,knot,lowrank_half_vs_half,2,0,78,12125368.49857143,-0.057300067261725034
1,knot,lowrank_half_vs_half,3,0,78,12125368.49857143,-0.06053016879326785
1,knot,lowrank_half_vs_half,5,0,78,12125368.49857143,-0.05887198773139496
1,knot,raw_half_vs_half,0,0,79,12129036.457352942,0.0820430243995554
1,knot,raw_mean_noise,0,0,79,12129036.457352942,0.0409937431021075
1,knot,lowrank_half_vs_half,1,0,79,12129036.457352942,-0.05152823116727579
1,knot,lowrank_half_vs_half,2,0,79,12129036.457352942,0.016063341400793272
1,knot,lowrank_half_vs_half,3,0,79,12129036.457352942,0.0066706212711946
1,knot,lowrank_half_vs_half,5,0,79,12129036.457352942,0.011425384177595692
1,knot,raw_half_vs_half,0,0,80,12132571.164411766,0.042959877257968446
1,knot,raw_mean_noise,0,0,80,12132571.164411766,0.021446361145900494
1,knot,lowrank_half_vs_half,1,0,80,12132571.164411766,-0.020987424920865468
1,knot,lowrank_half_vs_half,2,0,80,12132571.164411766,-0.03305646673039392
1,knot,lowrank_half_vs_half,3,0,80,12132571.164411766,-0.031105840459232762
1,knot,lowrank_half_vs_half,5,0,80,12132571.164411766,-0.02349077213611146
1,knot,raw_half_vs_half,0,0,81,12136172.267142856,0.09544431675467875
1,knot,raw_mean_noise,0,0,81,12136172.267142856,0.04775097978471546
1,knot,lowrank_half_vs_half,1,0,81,12136172.267142856,0.13684126039838115
1,knot,lowrank_half_vs_half,2,0,81,12136172.267142856,0.0730071860967433
1,knot,lowrank_half_vs_half,3,0,81,12136172.267142856,0.0838223617652177
1,knot,lowrank_half_vs_half,5,0,81,12136172.267142856,0.07821196700354725
1,knot,raw_half_vs_half,0,0,82,12139842.683714287,0.027808079762873486
1,knot,raw_mean_noise,0,0,82,12139842.683714287,0.013915722436868184
1,knot,lowrank_half_vs_half,1,0,82,12139842.683714287,0.026738224614434848
1,knot,lowrank_half_vs_half,2,0,82,12139842.683714287,-0.046406318528143
1,knot,lowrank_half_vs_half,3,0,82,12139842.683714287,-0.03649629020258837
1,knot,lowrank_half_vs_half,5,0,82,12139842.683714287,-0.04062364485284745
1,knot,raw_half_vs_half,0,0,83,12143375.924705882,-0.02785691808246903
1,knot,raw_mean_noise,0,0,83,12143375.924705882,-0.013908075469252454
1,knot,lowrank_half_vs_half,1,0,83,12143375.924705882,-0.025715644910988582
1,knot,lowrank_half_vs_half,2,0,83,12143375.924705882,-0.09626783477244283
1,knot,lowrank_half_vs_half,3,0,83,12143375.924705882,-0.08849638757795805
1,knot,lowrank_half_vs_half,5,0,83,12143375.924705882,-0.08220696517873473
1,knot,raw_half_vs_half,0,0,84,12146977.002857143,0.024951761338107274
1,knot,raw_mean_noise,0,0,84,12146977.002857143,0.01247145135623185
1,knot,lowrank_half_vs_half,1,0,84,12146977.002857143,0.049999583396762345
1,knot,lowrank_half_vs_half,2,0,84,12146977.002857143,-0.016893224506534018
1,knot,lowrank_half_vs_half,3,0,84,12146977.002857143,-0.004185369557171194
1,knot,lowrank_half_vs_half,5,0,84,12146977.002857143,-0.0035703383265317636
1,knot,raw_half_vs_half,0,0,85,12150645.93382353,0.06743869292814542
1,knot,raw_mean_noise,0,0,85,12150645.93382353,0.03374740832728999
1,knot,lowrank_half_vs_half,1,0,85,12150645.93382353,0.03339174994777367
1,knot,lowrank_half_vs_half,2,0,85,12150645.93382353,-0.03300352324935849
1,knot,lowrank_half_vs_half,3,0,85,12150645.93382353,-0.02458842788189605
1,knot,lowrank_half_vs_half,5,0,85,12150645.93382353,-0.012627545918250082
1,knot,raw_half_vs_half,0,0,86,12154179.667058824,-0.05110572701209051
1,knot,raw_mean_noise,0,0,86,12154179.667058824,-0.025614637821524625
1,knot,lowrank_half_vs_half,1,0,86,12154179.667058824,0.010813788006656161
1,knot,lowrank_half_vs_half,2,0,86,12154179.667058824,-0.0522296195896944
1,knot,lowrank_half_vs_half,3,0,86,12154179.667058824,-0.04281784720281985
1,knot,lowrank_half_vs_half,5,0,86,12154179.667058824,-0.04790148987218326
1,knot,raw_half_vs_half,0,0,87,12157782.691142859,0.02909072571812099
1,knot,raw_mean_noise,0,0,87,12157782.691142859,0.014569723164737798
1,knot,lowrank_half_vs_half,1,0,87,12157782.691142859,0.049639036219016275
1,knot,lowrank_half_vs_half,2,0,87,12157782.691142859,-0.01351091942754853
1,knot,lowrank_half_vs_half,3,0,87,12157782.691142859,-0.00464770122642743
1,knot,lowrank_half_vs_half,5,0,87,12157782.691142859,-0.0013678416657471094
1,knot,raw_half_vs_half,0,0,88,12161450.64235294,0.08898898776377372
1,knot,raw_mean_noise,0,0,88,12161450.64235294,0.04448522898465683
1,knot,lowrank_half_vs_half,1,0,88,12161450.64235294,0.11753037863358011
1,knot,lowrank_half_vs_half,2,0,88,12161450.64235294,0.05629186904274733
1,knot,lowrank_half_vs_half,3,0,88,12161450.64235294,0.0666056386201
1,knot,lowrank_half_vs_half,5,0,88,12161450.64235294,0.07931938658922429
1,knot,raw_half_vs_half,0,0,89,12164985.314166665,-0.08695420125600473
1,knot,raw_mean_noise,0,0,89,12164985.314166665,-0.043465993238885996
1,knot,lowrank_half_vs_half,1,0,89,12164985.314166665,-0.03679079906370804
1,knot,lowrank_half_vs_half,2,0,89,12164985.314166665,-0.09708401452623505
1,knot,lowrank_half_vs_half,3,0,89,12164985.314166665,-0.08669859941792149
1,knot,lowrank_half_vs_half,5,0,89,12164985.314166665,-0.08381758704792194
1,knot,raw_half_vs_half,0,0,90,12168586.384,-0.012095694722198872
1,knot,raw_mean_noise,0,0,90,12168586.384,-0.006113278725844288
1,knot,lowrank_half_vs_half,1,0,90,12168586.384,0.04982950980097783
1,knot,lowrank_half_vs_half,2,0,90,12168586.384,-0.01190084162293269
1,knot,lowrank_half_vs_half,3,0,90,12168586.384,-0.00461124261438753
1,knot,lowrank_half_vs_half,5,0,90,12168586.384,-0.00032648278237029735
1,knot,raw_half_vs_half,0,0,91,12172256.788285714,-0.056558542185021085
1,knot,raw_mean_noise,0,0,91,12172256.788285714,-0.028251904710173442
1,knot,lowrank_half_vs_half,1,0,91,12172256.788285714,-0.030573122463708084
1,knot,lowrank_half_vs_half,2,0,91,12172256.788285714,-0.09446911058507602
1,knot,lowrank_half_vs_half,3,0,91,12172256.788285714,-0.08607050980018789
1,knot,lowrank_half_vs_half,5,0,91,12172256.788285714,-0.0724049474801401
1,knot,raw_half_vs_half,0,0,92,12175790.035882352,0.07067037156910508
1,knot,raw_mean_noise,0,0,92,12175790.035882352,0.03531273078133162
1,knot,lowrank_half_vs_half,1,0,92,12175790.035882352,0.07078489733021472
1,knot,lowrank_half_vs_half,2,0,92,12175790.035882352,-0.0016641248598253727
1,knot,lowrank_half_vs_half,3,0,92,12175790.035882352,0.004969216390666646
1,knot,lowrank_half_vs_half,5,0,92,12175790.035882352,0.016636880641978803
1,knot,raw_half_vs_half,0,0,93,12179390.67147059,0.005878693267542041
1,knot,raw_mean_noise,0,0,93,12179390.67147059,0.0029094902286949343
1,knot,lowrank_half_vs_half,1,0,93,12179390.67147059,0.06525918304563628
1,knot,lowrank_half_vs_half,2,0,93,12179390.67147059,-0.003524086984263128
1,knot,lowrank_half_vs_half,3,0,93,12179390.67147059,0.004708990059917354
1,knot,lowrank_half_vs_half,5,0,93,12179390.67147059,0.0038133394645546237
1,knot,raw_half_vs_half,0,0,94,12183060.582571428,-0.06414460176029162
1,knot,raw_mean_noise,0,0,94,12183060.582571428,-0.03206804291435261
1,knot,lowrank_half_vs_half,1,0,94,12183060.582571428,0.04399339267552585
1,knot,lowrank_half_vs_half,2,0,94,12183060.582571428,-0.0435956679377977
1,knot,lowrank_half_vs_half,3,0,94,12183060.582571428,-0.02963497776943553
1,knot,lowrank_half_vs_half,5,0,94,12183060.582571428,-0.027861539521327448
1,knot,raw_half_vs_half,0,0,95,12186594.296571428,-0.011668469810331048
1,knot,raw_mean_noise,0,0,95,12186594.296571428,-0.005786830227785028
1,knot,lowrank_half_vs_half,1,0,95,12186594.296571428,-0.057517536963413676
1,knot,lowrank_half_vs_half,2,0,95,12186594.296571428,-0.02936430377822317
1,knot,lowrank_half_vs_half,3,0,95,12186594.296571428,-0.03521400321148417
1,knot,lowrank_half_vs_half,5,0,95,12186594.296571428,-0.03990638711616683
1,knot,raw_half_vs_half,0,0,96,12190196.377777778,-0.011983922900937196
1,knot,raw_mean_noise,0,0,96,12190196.377777778,-0.006032557627982601
1,knot,lowrank_half_vs_half,1,0,96,12190196.377777778,0.036412065812355024
1,knot,lowrank_half_vs_half,2,0,96,12190196.377777778,0.00364492368966449
1,knot,lowrank_half_vs_half,3,0,96,12190196.377777778,0.012354981376509996
1,knot,lowrank_half_vs_half,5,0,96,12190196.377777778,0.0026858345599708186
1,knot,raw_half_vs_half,0,0,97,12193865.865,-0.03205653442959784
1,knot,raw_mean_noise,0,0,97,12193865.865,-0.016046742702252408
1,knot,lowrank_half_vs_half,1,0,97,12193865.865,0.054454830533295896
1,knot,lowrank_half_vs_half,2,0,97,12193865.865,0.006890935909711015
1,knot,lowrank_half_vs_half,3,0,97,12193865.865,0.01651929557123919
1,knot,lowrank_half_vs_half,5,0,97,12193865.865,0.01718698381488099
1,knot,raw_half_vs_half,0,0,98,12197399.116857145,0.07077026642974032
1,knot,raw_mean_noise,0,0,98,12197399.116857145,0.03542048909957971
1,knot,lowrank_half_vs_half,1,0,98,12197399.116857145,0.08167104906620834
1,knot,lowrank_half_vs_half,2,0,98,12197399.116857145,0.015628988132942334
1,knot,lowrank_half_vs_half,3,0,98,12197399.116857145,0.02026591103949269
1,knot,lowrank_half_vs_half,5,0,98,12197399.116857145,0.015624734740656834
1,knot,raw_half_vs_half,0,0,99,12201001.628285715,-0.11594557292032132
1,knot,raw_mean_noise,0,0,99,12201001.628285715,-0.05792910135643463
1,knot,lowrank_half_vs_half,1,0,99,12201001.628285715,0.0037930043915331965
1,knot,lowrank_half_vs_half,2,0,99,12201001.628285715,-0.0915515750223191
1,knot,lowrank_half_vs_half,3,0,99,12201001.628285715,-0.08387851209306886
1,knot,lowrank_half_vs_half,5,0,99,12201001.628285715,-0.08145781186784418
1,knot,raw_half_vs_half,0,0,100,12204669.602647059,0.014463451449184688
1,knot,raw_mean_noise,0,0,100,12204669.602647059,0.007237512104875861
1,knot,lowrank_half_vs_half,1,0,100,12204669.602647059,0.08177666836195045
1,knot,lowrank_half_vs_half,2,0,100,12204669.602647059,-0.014153376732519748
1,knot,lowrank_half_vs_half,3,0,100,12204669.602647059,-0.0028217265335069874
1,knot,lowrank_half_vs_half,5,0,100,12204669.602647059,0.006854817558605861
1,knot,raw_half_vs_half,0,0,101,12208204.77542857,-0.0006540044284809301
1,knot,raw_mean_noise,0,0,101,12208204.77542857,-0.00029157996679696045
1,knot,lowrank_half_vs_half,1,0,101,12208204.77542857,0.061394001477963873
1,knot,lowrank_half_vs_half,2,0,101,12208204.77542857,0.008294241322896108
1,knot,lowrank_half_vs_half,3,0,101,12208204.77542857,0.011127124539645004
1,knot,lowrank_half_vs_half,5,0,101,12208204.77542857,0.020897378949709222
1,knot,raw_half_vs_half,0,0,102,12211804.916764708,0.023942606529157563
1,knot,raw_mean_noise,0,0,102,12211804.916764708,0.0119820048321539
1,knot,lowrank_half_vs_half,1,0,102,12211804.916764708,0.028903420238119308
1,knot,lowrank_half_vs_half,2,0,102,12211804.916764708,0.020524564615046818
1,knot,lowrank_half_vs_half,3,0,102,12211804.916764708,0.014451467875377976
1,knot,lowrank_half_vs_half,5,0,102,12211804.916764708,0.031193857878517084
1,knot,raw_half_vs_half,0,0,103,12215475.780571429,-0.08209570910787763
1,knot,raw_mean_noise,0,0,103,12215475.780571429,-0.04099932982609561
1,knot,lowrank_half_vs_half,1,0,103,12215475.780571429,-0.05593887584535858
1,knot,lowrank_half_vs_half,2,0,103,12215475.780571429,-0.05143466873083634
1,knot,lowrank_half_vs_half,3,0,103,12215475.780571429,-0.05868242382384972
1,knot,lowrank_half_vs_half,5,0,103,12215475.780571429,-0.04351270892002667
1,knot,raw_half_vs_half,0,0,104,12219009.526857143,-0.01617992149492355
1,knot,raw_mean_noise,0,0,104,12219009.526857143,-0.008092794142816153
1,knot,lowrank_half_vs_half,1,0,104,12219009.526857143,0.029508976912780906
1,knot,lowrank_half_vs_half,2,0,104,12219009.526857143,0.018585995058474858
1,knot,lowrank_half_vs_half,3,0,104,12219009.526857143,0.0068212056994942285
1,knot,lowrank_half_vs_half,5,0,104,12219009.526857143,5.0396657838138675e-05
1,knot,raw_half_vs_half,0,0,105,12222609.658529412,0.022382418362675873
1,knot,raw_mean_noise,0,0,105,12222609.658529412,0.011198442784019028
1,knot,lowrank_half_vs_half,1,0,105,12222609.658529412,0.15081049525565415
1,knot,lowrank_half_vs_half,2,0,105,12222609.658529412,0.052398352034041466
1,knot,lowrank_half_vs_half,3,0,105,12222609.658529412,0.05532705064103652
1,knot,lowrank_half_vs_half,5,0,105,12222609.658529412,0.05263658264566797
1,knot,raw_half_vs_half,0,0,106,12226279.581999999,0.04217737583054295
1,knot,raw_mean_noise,0,0,106,12226279.581999999,0.02115246138452479
1,knot,lowrank_half_vs_half,1,0,106,12226279.581999999,0.1143757093270874
1,knot,lowrank_half_vs_half,2,0,106,12226279.581999999,0.011245514296438193
1,knot,lowrank_half_vs_half,3,0,106,12226279.581999999,0.008096688811311021
1,knot,lowrank_half_vs_half,5,0,106,12226279.581999999,0.01019206719305902
1,knot,raw_half_vs_half,0,0,107,12229812.830294117,0.11822347156850602
1,knot,raw_mean_noise,0,0,107,12229812.830294117,0.05911531295762186
1,knot,lowrank_half_vs_half,1,0,107,12229812.830294117,0.19560171994271408
1,knot,lowrank_half_vs_half,2,0,107,12229812.830294117,0.05483817935451209
1,knot,lowrank_half_vs_half,3,0,107,12229812.830294117,0.05760781545781085
1,knot,lowrank_half_vs_half,5,0,107,12229812.830294117,0.04753207127166164
1,knot,raw_half_vs_half,0,0,108,12233414.39,-0.024653238995631342
1,knot,raw_mean_noise,0,0,108,12233414.39,-0.01228362831593604
1,knot,lowrank_half_vs_half,1,0,108,12233414.39,0.1486107032775131
1,knot,lowrank_half_vs_half,2,0,108,12233414.39,-0.003926517785411831
1,knot,lowrank_half_vs_half,3,0,108,12233414.39,0.001961154762821598
1,knot,lowrank_half_vs_half,5,0,108,12233414.39,-0.006044654245356213
1,knot,raw_half_vs_half,0,0,109,12237084.774117647,-0.03876259149229949
1,knot,raw_mean_noise,0,0,109,12237084.774117647,-0.019418446246104566
1,knot,lowrank_half_vs_half,1,0,109,12237084.774117647,0.10746464710726338
1,knot,lowrank_half_vs_half,2,0,109,12237084.774117647,-0.03664428520464457
1,knot,lowrank_half_vs_half,3,0,109,12237084.774117647,-0.03474075025121675
1,knot,lowrank_half_vs_half,5,0,109,12237084.774117647,-0.03970218492366847
1,knot,raw_half_vs_half,0,0,110,12240617.558235295,0.007109716428841745
1,knot,raw_mean_noise,0,0,110,12240617.558235295,0.003520296503670581
1,knot,lowrank_half_vs_half,1,0,110,12240617.558235295,0.16343092459395014
1,knot,lowrank_half_vs_half,2,0,110,12240617.558235295,0.01363170469757817
1,knot,lowrank_half_vs_half,3,0,110,12240617.558235295,0.018045303864488993
1,knot,lowrank_half_vs_half,5,0,110,12240617.558235295,0.01298304776679103
1,knot,raw_half_vs_half,0,0,111,12244220.585142858,0.030393613090735305
1,knot,raw_mean_noise,0,0,111,12244220.585142858,0.01519371898971317
1,knot,lowrank_half_vs_half,1,0,111,12244220.585142858,0.1362061769835693
1,knot,lowrank_half_vs_half,2,0,111,12244220.585142858,-0.008147354180623304
1,knot,lowrank_half_vs_half,3,0,111,12244220.585142858,-0.0027039789028526816
1,knot,lowrank_half_vs_half,5,0,111,12244220.585142858,-0.016361687234282177
1,knot,raw_half_vs_half,0,0,112,12247888.113999998,0.023448199625357147
1,knot,raw_mean_noise,0,0,112,12247888.113999998,0.011739828975962818
1,knot,lowrank_half_vs_half,1,0,112,12247888.113999998,0.14608718218290884
1,knot,lowrank_half_vs_half,2,0,112,12247888.113999998,-0.00295341299726253
1,knot,lowrank_half_vs_half,3,0,112,12247888.113999998,-0.0002320205418985907
1,knot,lowrank_half_vs_half,5,0,112,12247888.113999998,-0.00979783257669341
1,knot,raw_half_vs_half,0,0,113,12251423.785142856,0.014463956323827102
1,knot,raw_mean_noise,0,0,113,12251423.785142856,0.007277495772535869
1,knot,lowrank_half_vs_half,1,0,113,12251423.785142856,0.13030964848796406
1,knot,lowrank_half_vs_half,2,0,113,12251423.785142856,-0.00864340736749558
1,knot,lowrank_half_vs_half,3,0,113,12251423.785142856,-0.004930428564377387
1,knot,lowrank_half_vs_half,5,0,113,12251423.785142856,-0.01932453638727693
1,knot,raw_half_vs_half,0,0,114,12255023.916176472,-0.031152790940413934
1,knot,raw_mean_noise,0,0,114,12255023.916176472,-0.015503746633472011
1,knot,lowrank_half_vs_half,1,0,114,12255023.916176472,0.09212162972372731
1,knot,lowrank_half_vs_half,2,0,114,12255023.916176472,-0.04787291584919924
1,knot,lowrank_half_vs_half,3,0,114,12255023.916176472,-0.04943562806656691
1,knot,lowrank_half_vs_half,5,0,114,12255023.916176472,-0.054364800268151436
1,knot,raw_half_vs_half,0,0,115,12258694.317222219,0.02676725629740502
1,knot,raw_mean_noise,0,0,115,12258694.317222219,0.013493729048949566
1,knot,lowrank_half_vs_half,1,0,115,12258694.317222219,0.13344085649734086
1,knot,lowrank_half_vs_half,2,0,115,12258694.317222219,-0.005670218282274443
1,knot,lowrank_half_vs_half,3,0,115,12258694.317222219,-0.0025161319499844037
1,knot,lowrank_half_vs_half,5,0,115,12258694.317222219,-0.017169940353551464
1,knot,raw_half_vs_half,0,0,116,12262228.03735294,-0.09272700900055707
1,knot,raw_mean_noise,0,0,116,12262228.03735294,-0.04640855962567369
1,knot,lowrank_half_vs_half,1,0,116,12262228.03735294,0.06996479313219753
1,knot,lowrank_half_vs_half,2,0,116,12262228.03735294,-0.06330558856065001
1,knot,lowrank_half_vs_half,3,0,116,12262228.03735294,-0.05988822590819693
1,knot,lowrank_half_vs_half,5,0,116,12262228.03735294,-0.06369011071592531
1,knot,raw_half_vs_half,0,0,117,12265828.654411765,-0.08469075215222951
1,knot,raw_mean_noise,0,0,117,12265828.654411765,-0.0423716992614949
1,knot,lowrank_half_vs_half,1,0,117,12265828.654411765,0.11509851353751185
1,knot,lowrank_half_vs_half,2,0,117,12265828.654411765,-0.02832893290640211
1,knot,lowrank_half_vs_half,3,0,117,12265828.654411765,-0.02467667514877616
1,knot,lowrank_half_vs_half,5,0,117,12265828.654411765,-0.030436487839592775
1,knot,raw_half_vs_half,0,0,118,12269499.507714285,0.02370405103907546
1,knot,raw_mean_noise,0,0,118,12269499.507714285,0.01191087190755422
1,knot,lowrank_half_vs_half,1,0,118,12269499.507714285,0.14424467546573125
1,knot,lowrank_half_vs_half,2,0,118,12269499.507714285,-0.002701361352079639
1,knot,lowrank_half_vs_half,3,0,118,12269499.507714285,0.0020472081298393854
1,knot,lowrank_half_vs_half,5,0,118,12269499.507714285,-0.009400362313836827
1,knot,raw_half_vs_half,0,0,119,12273032.298571426,0.027396465328708326
1,knot,raw_mean_noise,0,0,119,12273032.298571426,0.013681670742804311
1,knot,lowrank_half_vs_half,1,0,119,12273032.298571426,0.028916647914830524
1,knot,lowrank_half_vs_half,2,0,119,12273032.298571426,0.015674631447814034
1,knot,lowrank_half_vs_half,3,0,119,12273032.298571426,-0.006778173544590928
1,knot,lowrank_half_vs_half,5,0,119,12273032.298571426,-0.004698574493191336
1,knot,raw_half_vs_half,0,0,120,12276633.854000002,0.06366970037002201
1,knot,raw_mean_noise,0,0,120,12276633.854000002,0.03178530473823411
1,knot,lowrank_half_vs_half,1,0,120,12276633.854000002,0.044733894723157364
1,knot,lowrank_half_vs_half,2,0,120,12276633.854000002,0.04193310016894762
1,knot,lowrank_half_vs_half,3,0,120,12276633.854000002,0.005842757170564595
1,knot,lowrank_half_vs_half,5,0,120,12276633.854000002,0.012482990658619804
1,knot,raw_half_vs_half,0,0,121,12280304.279428571,-0.041488219843006886
1,knot,raw_mean_noise,0,0,121,12280304.279428571,-0.020719345077818276
1,knot,lowrank_half_vs_half,1,0,121,12280304.279428571,-0.03570937154710839
1,knot,lowrank_half_vs_half,2,0,121,12280304.279428571,-0.005187791611895434
1,knot,lowrank_half_vs_half,3,0,121,12280304.279428571,-0.02205127945434008
1,knot,lowrank_half_vs_half,5,0,121,12280304.279428571,-0.017463736558529452
1,knot,raw_half_vs_half,0,0,122,12283836.543529412,-0.015195849038505934
1,knot,raw_mean_noise,0,0,122,12283836.543529412,-0.0075824237023700645
1,knot,lowrank_half_vs_half,1,0,122,12283836.543529412,0.00546669849753818
1,knot,lowrank_half_vs_half,2,0,122,12283836.543529412,0.05994257964158709
1,knot,lowrank_half_vs_half,3,0,122,12283836.543529412,0.036745391518890995
1,knot,lowrank_half_vs_half,5,0,122,12283836.543529412,0.04420837256487224
1,knot,raw_half_vs_half,0,0,123,12287439.102058824,0.02376111848233836
1,knot,raw_mean_noise,0,0,123,12287439.102058824,0.011861774483516128
1,knot,lowrank_half_vs_half,1,0,123,12287439.102058824,-0.08839914701487135
1,knot,lowrank_half_vs_half,2,0,123,12287439.102058824,0.03253541457421065
1,knot,lowrank_half_vs_half,3,0,123,12287439.102058824,0.0013280983411909871
1,knot,lowrank_half_vs_half,5,0,123,12287439.102058824,0.011339171143489203
1,knot,raw_half_vs_half,0,0,124,12291108.040285714,0.002780428696032452
1,knot,raw_mean_noise,0,0,124,12291108.040285714,0.0014141201721116546
1,knot,lowrank_half_vs_half,1,0,124,12291108.040285714,-0.17309240603766024
1,knot,lowrank_half_vs_half,2,0,124,12291108.040285714,0.024220186967447082
1,knot,lowrank_half_vs_half,3,0,124,12291108.040285714,-0.014352653352023473
1,knot,lowrank_half_vs_half,5,0,124,12291108.040285714,-0.004798997684067509
1,knot,raw_half_vs_half,0,0,125,12294642.725428572,-0.03178855385941821
1,knot,raw_mean_noise,0,0,125,12294642.725428572,-0.015885967346830517
1,knot,lowrank_half_vs_half,1,0,125,12294642.725428572,-0.1419377018849231
1,knot,lowrank_half_vs_half,2,0,125,12294642.725428572,-0.03045776255342593
1,knot,lowrank_half_vs_half,3,0,125,12294642.725428572,-0.049772739336248664
1,knot,lowrank_half_vs_half,5,0,125,12294642.725428572,-0.046924146236680994
1,knot,raw_half_vs_half,0,0,126,12298243.344571427,0.06172433692203513
1,knot,raw_mean_noise,0,0,126,12298243.344571427,0.030865177249804164
1,knot,lowrank_half_vs_half,1,0,126,12298243.344571427,-0.00025028463888145043
1,knot,lowrank_half_vs_half,2,0,126,12298243.344571427,0.0007390008120771941
1,knot,lowrank_half_vs_half,3,0,126,12298243.344571427,-0.017826367861779397
1,knot,lowrank_half_vs_half,5,0,126,12298243.344571427,-0.005287255329926693
1,knot,raw_half_vs_half,0,0,127,12301913.713428572,0.009699897716647617
1,knot,raw_mean_noise,0,0,127,12301913.713428572,0.00483592629017256
1,knot,lowrank_half_vs_half,1,0,127,12301913.713428572,0.07392865363604484
1,knot,lowrank_half_vs_half,2,0,127,12301913.713428572,0.03210699261157547
1,knot,lowrank_half_vs_half,3,0,127,12301913.713428572,0.024014596164922075
1,knot,lowrank_half_vs_half,5,0,127,12301913.713428572,0.032296481882339995
1,knot,raw_half_vs_half,0,0,128,12305446.97764706,-0.06909319313157963
1,knot,raw_mean_noise,0,0,128,12305446.97764706,-0.03460224674867266
1,knot,lowrank_half_vs_half,1,0,128,12305446.97764706,0.02056837772844337
1,knot,lowrank_half_vs_half,2,0,128,12305446.97764706,-0.03413783781802503
1,knot,lowrank_half_vs_half,3,0,128,12305446.97764706,-0.03843304196843197
1,knot,lowrank_half_vs_half,5,0,128,12305446.97764706,-0.030439538130534908
1,knot,raw_half_vs_half,0,0,129,12309048.100571427,-0.023956965504632215
1,knot,raw_mean_noise,0,0,129,12309048.100571427,-0.011953381543142506
1,knot,lowrank_half_vs_half,1,0,129,12309048.100571427,0.06175854107544045
1,knot,lowrank_half_vs_half,2,0,129,12309048.100571427,-0.011170642334247973
1,knot,lowrank_half_vs_half,3,0,129,12309048.100571427,-0.011704601988986535
1,knot,lowrank_half_vs_half,5,0,129,12309048.100571427,-0.018042242177594404
1,knot,raw_half_vs_half,0,0,130,12312718.49742857,0.020609149051034104
1,knot,raw_mean_noise,0,0,130,12312718.49742857,0.010296054243725922
1,knot,lowrank_half_vs_half,1,0,130,12312718.49742857,0.09233252764705957
1,knot,lowrank_half_vs_half,2,0,130,12312718.49742857,-0.023660025154258645
1,knot,lowrank_half_vs_half,3,0,130,12312718.49742857,-0.018760848280885332
1,knot,lowrank_half_vs_half,5,0,130,12312718.49742857,-0.03048181338851099
1,knot,raw_half_vs_half,0,0,131,12316250.755588235,0.033951339661656504
1,knot,raw_mean_noise,0,0,131,12316250.755588235,0.01695672399574265
1,knot,lowrank_half_vs_half,1,0,131,12316250.755588235,0.15370978773035326
1,knot,lowrank_half_vs_half,2,0,131,12316250.755588235,0.019540862829754556
1,knot,lowrank_half_vs_half,3,0,131,12316250.755588235,0.02621570034941911
1,knot,lowrank_half_vs_half,5,0,131,12316250.755588235,0.025386146543814183
1,knot,raw_half_vs_half,0,0,132,12319853.34611111,0.03899785312869752
1,knot,raw_mean_noise,0,0,132,12319853.34611111,0.01949228053728718
1,knot,lowrank_half_vs_half,1,0,132,12319853.34611111,0.20689322828981654
1,knot,lowrank_half_vs_half,2,0,132,12319853.34611111,0.08370142157009129
1,knot,lowrank_half_vs_half,3,0,132,12319853.34611111,0.08468381990034239
1,knot,lowrank_half_vs_half,5,0,132,12319853.34611111,0.08113598209685921
1,knot,raw_half_vs_half,0,0,133,12323521.782647058,0.0057312205555113205
1,knot,raw_mean_noise,0,0,133,12323521.782647058,0.0028365570828561954
1,knot,lowrank_half_vs_half,1,0,133,12323521.782647058,0.07697019014660472
1,knot,lowrank_half_vs_half,2,0,133,12323521.782647058,-0.027026637349681887
1,knot,lowrank_half_vs_half,3,0,133,12323521.782647058,-0.02754824126394574
1,knot,lowrank_half_vs_half,5,0,133,12323521.782647058,-0.027928905541275827
1,knot,raw_half_vs_half,0,0,134,12327055.527352942,-0.019194338473148418
1,knot,raw_mean_noise,0,0,134,12327055.527352942,-0.009537184175301054
1,knot,lowrank_half_vs_half,1,0,134,12327055.527352942,0.15999559585703785
1,knot,lowrank_half_vs_half,2,0,134,12327055.527352942,0.07220236983438574
1,knot,lowrank_half_vs_half,3,0,134,12327055.527352942,0.06918870882460468
1,knot,lowrank_half_vs_half,5,0,134,12327055.527352942,0.07317872066119328
1,knot,raw_half_vs_half,0,0,135,12330658.07647059,0.049144947997690494
1,knot,raw_mean_noise,0,0,135,12330658.07647059,0.02455264188526805
1,knot,lowrank_half_vs_half,1,0,135,12330658.07647059,0.13389252895184112
1,knot,lowrank_half_vs_half,2,0,135,12330658.07647059,0.040721637505883077
1,knot,lowrank_half_vs_half,3,0,135,12330658.07647059,0.03633261191609516
1,knot,lowrank_half_vs_half,5,0,135,12330658.07647059,0.041430191376292946
1,knot,raw_half_vs_half,0,0,136,12334327.059714288,0.016652437656161843
1,knot,raw_mean_noise,0,0,136,12334327.059714288,0.008258402564696487
1,knot,lowrank_half_vs_half,1,0,136,12334327.059714288,0.12247623390492804
1,knot,lowrank_half_vs_half,2,0,136,12334327.059714288,0.03382910359737468
1,knot,lowrank_half_vs_half,3,0,136,12334327.059714288,0.031386571640077396
1,knot,lowrank_half_vs_half,5,0,136,12334327.059714288,0.0349215474873909
1,knot,raw_half_vs_half,0,0,137,12337861.275882352,0.06167778754463477
1,knot,raw_mean_noise,0,0,137,12337861.275882352,0.030791367605756955
1,knot,lowrank_half_vs_half,1,0,137,12337861.275882352,0.19490328473176816
1,knot,lowrank_half_vs_half,2,0,137,12337861.275882352,0.10841430874504289
1,knot,lowrank_half_vs_half,3,0,137,12337861.275882352,0.10454953269842232
1,knot,lowrank_half_vs_half,5,0,137,12337861.275882352,0.1074543578641574
1,knot,raw_half_vs_half,0,0,138,12341462.348,-0.02505488919633417
1,knot,raw_mean_noise,0,0,138,12341462.348,-0.01253517516026445
1,knot,lowrank_half_vs_half,1,0,138,12341462.348,0.11557446057950511
1,knot,lowrank_half_vs_half,2,0,138,12341462.348,0.03258195707087629
1,knot,lowrank_half_vs_half,3,0,138,12341462.348,0.024695642389845757
1,knot,lowrank_half_vs_half,5,0,138,12341462.348,0.03415974958135709
1,knot,raw_half_vs_half,0,0,139,12345131.287058821,-0.004369631126492685
1,knot,raw_mean_noise,0,0,139,12345131.287058821,-0.0022002865411774133
1,knot,lowrank_half_vs_half,1,0,139,12345131.287058821,0.11469716200018841
1,knot,lowrank_half_vs_half,2,0,139,12345131.287058821,0.020182888758383616
1,knot,lowrank_half_vs_half,3,0,139,12345131.287058821,0.014786674854133382
1,knot,lowrank_half_vs_half,5,0,139,12345131.287058821,0.018555859223687153
1,knot,raw_half_vs_half,0,0,140,12348666.010294117,0.07979006169097667
1,knot,raw_mean_noise,0,0,140,12348666.010294117,0.03984612700407042
1,knot,lowrank_half_vs_half,1,0,140,12348666.010294117,0.17357491396700386
1,knot,lowrank_half_vs_half,2,0,140,12348666.010294117,0.08538643649238464
1,knot,lowrank_half_vs_half,3,0,140,12348666.010294117,0.08251157657953569
1,knot,lowrank_half_vs_half,5,0,140,12348666.010294117,0.08584308204465213
1,knot,raw_half_vs_half,0,0,141,12352266.660294117,-0.004659896231852908
1,knot,raw_mean_noise,0,0,141,12352266.660294117,-0.002351579449857993
1,knot,lowrank_half_vs_half,1,0,141,12352266.660294117,0.1364810224715857
1,knot,lowrank_half_vs_half,2,0,141,12352266.660294117,0.056223632246377324
1,knot,lowrank_half_vs_half,3,0,141,12352266.660294117,0.04613912203506163
1,knot,lowrank_half_vs_half,5,0,141,12352266.660294117,0.04537784047358487
1,knot,raw_half_vs_half,0,0,142,12355937.550571427,0.01678533372851552
1,knot,raw_mean_noise,0,0,142,12355937.550571427,0.008393670083932782
1,knot,lowrank_half_vs_half,1,0,142,12355937.550571427,0.12162041163331827
1,knot,lowrank_half_vs_half,2,0,142,12355937.550571427,0.072208726694916
1,knot,lowrank_half_vs_half,3,0,142,12355937.550571427,0.06526029073212591
1,knot,lowrank_half_vs_half,5,0,142,12355937.550571427,0.06885730036121288
1,knot,raw_half_vs_half,0,0,143,12359470.295714285,-0.032557772534039256
1,knot,raw_mean_noise,0,0,143,12359470.295714285,-0.01630053187924055
1,knot,lowrank_half_vs_half,1,0,143,12359470.295714285,0.0685060474519347
1,knot,lowrank_half_vs_half,2,0,143,12359470.295714285,0.047403081082586326
1,knot,lowrank_half_vs_half,3,0,143,12359470.295714285,0.03376827685667245
1,knot,lowrank_half_vs_half,5,0,143,12359470.295714285,0.04291495087660943
1,knot,raw_half_vs_half,0,0,144,12364146.72235294,0.006122484412857565
1,knot,raw_mean_noise,0,0,144,12364146.72235294,0.003080956039671371
1,knot,lowrank_half_vs_half,1,0,144,12364146.72235294,-0.20005960570344672
1,knot,lowrank_half_vs_half,2,0,144,12364146.72235294,0.03494365411758179
1,knot,lowrank_half_vs_half,3,0,144,12364146.72235294,-0.01615940070749418
1,knot,lowrank_half_vs_half,5,0,144,12364146.72235294,-0.009043557141504548
1,knot,raw_half_vs_half,0,0,145,12367680.468235295,0.039232401804615666
1,knot,raw_mean_noise,0,0,145,12367680.468235295,0.019656190996234096
1,knot,lowrank_half_vs_half,1,0,145,12367680.468235295,-0.1410352812014643
1,knot,lowrank_half_vs_half,2,0,145,12367680.468235295,0.11677214599638407
1,knot,lowrank_half_vs_half,3,0,145,12367680.468235295,0.06996682776048231
1,knot,lowrank_half_vs_half,5,0,145,12367680.468235295,0.07816463180009633
1,knot,raw_half_vs_half,0,0,146,12371282.983235294,-0.0388595353212806
1,knot,raw_mean_noise,0,0,146,12371282.983235294,-0.01942226203353138
1,knot,lowrank_half_vs_half,1,0,146,12371282.983235294,-0.036077516746611464
1,knot,lowrank_half_vs_half,2,0,146,12371282.983235294,0.017379159011713725
1,knot,lowrank_half_vs_half,3,0,146,12371282.983235294,-0.0037828797278101323
1,knot,lowrank_half_vs_half,5,0,146,12371282.983235294,0.0029745263358524486
1,knot,raw_half_vs_half,0,0,147,12374951.466176469,-0.07777668542634679
1,knot,raw_mean_noise,0,0,147,12374951.466176469,-0.0388673563466367
1,knot,lowrank_half_vs_half,1,0,147,12374951.466176469,0.07778575033183284
1,knot,lowrank_half_vs_half,2,0,147,12374951.466176469,-0.011023196926896534
1,knot,lowrank_half_vs_half,3,0,147,12374951.466176469,-0.010897365931549333
1,knot,lowrank_half_vs_half,5,0,147,12374951.466176469,-0.0036913473414100085
1,knot,raw_half_vs_half,0,0,148,12378486.167058825,0.00918791139429938
1,knot,raw_mean_noise,0,0,148,12378486.167058825,0.004591467951046576
1,knot,lowrank_half_vs_half,1,0,148,12378486.167058825,0.13958966655214133
1,knot,lowrank_half_vs_half,2,0,148,12378486.167058825,0.015983477335336515
1,knot,lowrank_half_vs_half,3,0,148,12378486.167058825,0.013113648978006959
1,knot,lowrank_half_vs_half,5,0,148,12378486.167058825,0.0047771012956897355
1,knot,raw_half_vs_half,0,0,149,12382087.253999999,0.060613554537122125
1,knot,raw_mean_noise,0,0,149,12382087.253999999,0.030328405787414844
1,knot,lowrank_half_vs_half,1,0,149,12382087.253999999,0.21879152533377363
1,knot,lowrank_half_vs_half,2,0,149,12382087.253999999,0.07675947986612837
1,knot,lowrank_half_vs_half,3,0,149,12382087.253999999,0.07520553114592651
1,knot,lowrank_half_vs_half,5,0,149,12382087.253999999,0.06251448776246109
1,knot,raw_half_vs_half,0,0,150,12385757.648285715,-0.01684603501610376
1,knot,raw_mean_noise,0,0,150,12385757.648285715,-0.008442177975412293
1,knot,lowrank_half_vs_half,1,0,150,12385757.648285715,0.1649386466695314
1,knot,lowrank_half_vs_half,2,0,150,12385757.648285715,0.009590015898635172
1,knot,lowrank_half_vs_half,3,0,150,12385757.648285715,0.01963278336175036
1,knot,lowrank_half_vs_half,5,0,150,12385757.648285715,0.024502073402352324
1,knot,raw_half_vs_half,0,0,151,12389290.40057143,0.02472476128047874
1,knot,raw_mean_noise,0,0,151,12389290.40057143,0.01237161101768589
1,knot,lowrank_half_vs_half,1,0,151,12389290.40057143,-0.1157146930860856
1,knot,lowrank_half_vs_half,2,0,151,12389290.40057143,0.07109079807933101
1,knot,lowrank_half_vs_half,3,0,151,12389290.40057143,-0.004651004044721995
1,knot,lowrank_half_vs_half,5,0,151,12389290.40057143,0.015372721334918286
1,knot,raw_half_vs_half,0,0,152,12392891.956285713,-0.047437733478372025
1,knot,raw_mean_noise,0,0,152,12392891.956285713,-0.023683459185392837
1,knot,lowrank_half_vs_half,1,0,152,12392891.956285713,-0.12497146623269771
1,knot,lowrank_half_vs_half,2,0,152,12392891.956285713,-0.021378508279325806
1,knot,lowrank_half_vs_half,3,0,152,12392891.956285713,-0.03870170940640413
1,knot,lowrank_half_vs_half,5,0,152,12392891.956285713,-0.04707845239802635
1,knot,raw_half_vs_half,0,0,153,12396561.387428572,-0.02334977247944155
1,knot,raw_mean_noise,0,0,153,12396561.387428572,-0.011616749481957518
1,knot,lowrank_half_vs_half,1,0,153,12396561.387428572,-0.11743733919257494
1,knot,lowrank_half_vs_half,2,0,153,12396561.387428572,-0.012896464365499148
1,knot,lowrank_half_vs_half,3,0,153,12396561.387428572,-0.02309627571216434
1,knot,lowrank_half_vs_half,5,0,153,12396561.387428572,-0.026425100417171193
1,knot,raw_half_vs_half,0,0,154,12400094.615882352,-0.09802331862689877
1,knot,raw_mean_noise,0,0,154,12400094.615882352,-0.04907463300378696
1,knot,lowrank_half_vs_half,1,0,154,12400094.615882352,-0.11373474072639655
1,knot,lowrank_half_vs_half,2,0,154,12400094.615882352,-0.0443567541714543
1,knot,lowrank_half_vs_half,3,0,154,12400094.615882352,-0.053788029540421084
1,knot,lowrank_half_vs_half,5,0,154,12400094.615882352,-0.05972586484496819
1,knot,raw_half_vs_half,0,0,155,12403697.672,-0.04796355185542589
1,knot,raw_mean_noise,0,0,155,12403697.672,-0.024003220720411434
1,knot,lowrank_half_vs_half,1,0,155,12403697.672,-0.0708732606645221
1,knot,lowrank_half_vs_half,2,0,155,12403697.672,-0.001673088722801255
1,knot,lowrank_half_vs_half,3,0,155,12403697.672,-0.013837069241952497
1,knot,lowrank_half_vs_half,5,0,155,12403697.672,-0.005549768345942103
1,knot,raw_half_vs_half,0,0,156,12407365.676764706,-0.03221726243672254
1,knot,raw_mean_noise,0,0,156,12407365.676764706,-0.016162922988916823
1,knot,lowrank_half_vs_half,1,0,156,12407365.676764706,-0.04519043528448547
1,knot,lowrank_half_vs_half,2,0,156,12407365.676764706,0.01809238867312784
1,knot,lowrank_half_vs_half,3,0,156,12407365.676764706,0.008438689911725689
1,knot,lowrank_half_vs_half,5,0,156,12407365.676764706,0.003082709115062982
1,heldout,raw_pchip,0,2,1,11850084.612941176,-0.03207826406685426
1,heldout,lowrank3_pchip,3,2,1,11850084.612941176,-0.051081246184576254
1,heldout,raw_pchip,0,2,3,11857356.149142856,-0.05810970699984712
1,heldout,lowrank3_pchip,3,2,3,11857356.149142856,-0.04776757208665496
1,heldout,raw_pchip,0,2,5,11864491.993529411,-0.045635792546204305
1,heldout,lowrank3_pchip,3,2,5,11864491.993529411,0.005064456280998364
1,heldout,raw_pchip,0,2,7,11871695.61714286,-0.0337020698314873
1,heldout,lowrank3_pchip,3,2,7,11871695.61714286,-0.03155503102262318
1,heldout,raw_pchip,0,2,9,11878965.629142856,-0.020742540421230037
1,heldout,lowrank3_pchip,3,2,9,11878965.629142856,-0.02713584267351383
1,heldout,raw_pchip,0,2,11,11886100.471470585,0.07459037856310431
1,heldout,lowrank3_pchip,3,2,11,11886100.471470585,0.08440229589778611
1,heldout,raw_pchip,0,2,13,11893304.126285715,0.051513663235259945
1,heldout,lowrank3_pchip,3,2,13,11893304.126285715,0.039334653862817696
1,heldout,raw_pchip,0,2,15,11900573.641764706,-0.11730822072030736
1,heldout,lowrank3_pchip,3,2,15,11900573.641764706,-0.08902802016872534
1,heldout,raw_pchip,0,2,17,11907709.925294116,-0.011962285810877831
1,heldout,lowrank3_pchip,3,2,17,11907709.925294116,0.0032998577777089123
1,heldout,raw_pchip,0,2,19,11914914.03764706,-0.04694953348478649
1,heldout,lowrank3_pchip,3,2,19,11914914.03764706,-0.048172114513706635
1,heldout,raw_pchip,0,2,21,11922185.065588234,-0.0778722351095511
1,heldout,lowrank3_pchip,3,2,21,11922185.065588234,0.01071758462170151
1,heldout,raw_pchip,0,2,23,11929319.942000002,0.07122193991328636
1,heldout,lowrank3_pchip,3,2,23,11929319.942000002,0.1013364255605036
1,heldout,raw_pchip,0,2,25,11936522.600882353,-0.02254114229591365
1,heldout,lowrank3_pchip,3,2,25,11936522.600882353,-0.024125818430953697
1,heldout,raw_pchip,0,2,27,11943793.66382353,-0.035201798891179366
1,heldout,lowrank3_pchip,3,2,27,11943793.66382353,-0.05825030539365287
1,heldout,raw_pchip,0,2,29,11950930.41542857,0.05476525181985339
1,heldout,lowrank3_pchip,3,2,29,11950930.41542857,0.01685888556992022
1,heldout,raw_pchip,0,2,31,11958133.073529411,0.031439234137761
1,heldout,lowrank3_pchip,3,2,31,11958133.073529411,-0.036909888573250164
1,heldout,raw_pchip,0,2,33,11965404.596285712,0.00480278282003241
1,heldout,lowrank3_pchip,3,2,33,11965404.596285712,-0.02000819462527706
1,heldout,raw_pchip,0,2,35,11972538.414411766,0.08487911358339449
1,heldout,lowrank3_pchip,3,2,35,11972538.414411766,0.09609098319377585
1,heldout,raw_pchip,0,2,37,11979741.570588237,0.01672113611027697
1,heldout,lowrank3_pchip,3,2,37,11979741.570588237,0.015059690877469108
1,heldout,raw_pchip,0,2,39,11987011.597058823,-0.02595296640274914
1,heldout,lowrank3_pchip,3,2,39,11987011.597058823,-0.021925121810968378
1,heldout,raw_pchip,0,2,41,11994147.885294119,0.026171021543687625
1,heldout,lowrank3_pchip,3,2,41,11994147.885294119,-0.0009509739184280732
1,heldout,raw_pchip,0,2,43,12001352.017058823,-0.03630852960208895
1,heldout,lowrank3_pchip,3,2,43,12001352.017058823,-0.03813897048980031
1,heldout,raw_pchip,0,2,45,12008623.025588235,-0.01376995923404222
1,heldout,lowrank3_pchip,3,2,45,12008623.025588235,0.00017766028926580578
1,heldout,raw_pchip,0,2,47,12015758.35388889,0.1640756557626859
1,heldout,lowrank3_pchip,3,2,47,12015758.35388889,0.15461171910673774
1,heldout,raw_pchip,0,2,49,12022961.047999999,-0.006935919394099225
1,heldout,lowrank3_pchip,3,2,49,12022961.047999999,-0.025140213781227272
1,heldout,raw_pchip,0,2,51,12030232.037714286,0.01690074658524889
1,heldout,lowrank3_pchip,3,2,51,12030232.037714286,-0.013335936829989877
1,heldout,raw_pchip,0,2,53,12037366.84617647,-0.07600902128898288
1,heldout,lowrank3_pchip,3,2,53,12037366.84617647,-0.05799724093920275
1,heldout,raw_pchip,0,2,55,12044571.493714284,-0.08319811895280249
1,heldout,lowrank3_pchip,3,2,55,12044571.493714284,-0.031543541986280184
1,heldout,raw_pchip,0,2,57,12051841.103235293,-0.02409973535196586
1,heldout,lowrank3_pchip,3,2,57,12051841.103235293,-0.013717694188361225
1,heldout,raw_pchip,0,2,59,12058976.944285717,0.03076193504339704
1,heldout,lowrank3_pchip,3,2,59,12058976.944285717,0.037506809851973875
1,heldout,raw_pchip,0,2,61,12066179.612941176,-0.009040584233974929
1,heldout,lowrank3_pchip,3,2,61,12066179.612941176,-0.010237777958711683
1,heldout,raw_pchip,0,2,63,12073452.05542857,-0.07249318722046291
1,heldout,lowrank3_pchip,3,2,63,12073452.05542857,-0.03679008173489597
1,heldout,raw_pchip,0,2,65,12080586.375714287,-0.050373415292054476
1,heldout,lowrank3_pchip,3,2,65,12080586.375714287,0.002006312476513389
1,heldout,raw_pchip,0,2,67,12087790.063529411,-0.01660859794600599
1,heldout,lowrank3_pchip,3,2,67,12087790.063529411,-0.007358512927277769
1,heldout,raw_pchip,0,2,69,12095060.135882355,0.05493226571604318
1,heldout,lowrank3_pchip,3,2,69,12095060.135882355,0.018190272029702404
1,heldout,raw_pchip,0,2,71,12100156.965588234,-0.06761073597999702
1,heldout,lowrank3_pchip,3,2,71,12100156.965588234,-0.09510799291784175
1,heldout,raw_pchip,0,2,73,12107426.994705882,-0.018044712253229442
1,heldout,lowrank3_pchip,3,2,73,12107426.994705882,-0.05027527693698948
1,heldout,raw_pchip,0,2,75,12114563.282941176,0.03954347089502948
1,heldout,lowrank3_pchip,3,2,75,12114563.282941176,-0.027260240072916282
1,heldout,raw_pchip,0,2,77,12121765.470588233,0.026070025706866645
1,heldout,lowrank3_pchip,3,2,77,12121765.470588233,-0.013745883399536479
1,heldout,raw_pchip,0,2,79,12129036.457352942,-0.029754144356323575
1,heldout,lowrank3_pchip,3,2,79,12129036.457352942,-0.07127206723929122
1,heldout,raw_pchip,0,2,81,12136172.267142856,0.07945601668794108
1,heldout,lowrank3_pchip,3,2,81,12136172.267142856,0.029020972109622574
1,heldout,raw_pchip,0,2,83,12143375.924705882,-0.04981072349406635
1,heldout,lowrank3_pchip,3,2,83,12143375.924705882,-0.08162516494277876
1,heldout,raw_pchip,0,2,85,12150645.93382353,-0.029874910032625702
1,heldout,lowrank3_pchip,3,2,85,12150645.93382353,-0.05190325368605869
1,heldout,raw_pchip,0,2,87,12157782.691142859,-0.025556026679959723
1,heldout,lowrank3_pchip,3,2,87,12157782.691142859,-0.028365564840885402
1,heldout,raw_pchip,0,2,89,12164985.314166665,-0.07272336747114773
1,heldout,lowrank3_pchip,3,2,89,12164985.314166665,-0.062398679218790415
1,heldout,raw_pchip,0,2,91,12172256.788285714,-0.05488839381689593
1,heldout,lowrank3_pchip,3,2,91,12172256.788285714,-0.0667593145845691
1,heldout,raw_pchip,0,2,93,12179390.67147059,-0.008017942075417773
1,heldout,lowrank3_pchip,3,2,93,12179390.67147059,-0.021916013559368525
1,heldout,raw_pchip,0,2,95,12186594.296571428,-0.17280606556029424
1,heldout,lowrank3_pchip,3,2,95,12186594.296571428,-0.1645887172459562
1,heldout,raw_pchip,0,2,97,12193865.865,0.026530259692310692
1,heldout,lowrank3_pchip,3,2,97,12193865.865,0.021056136018809603
1,heldout,raw_pchip,0,2,99,12201001.628285715,-0.02369650830471506
1,heldout,lowrank3_pchip,3,2,99,12201001.628285715,-0.034966213860162194
1,heldout,raw_pchip,0,2,101,12208204.77542857,0.026792872344057746
1,heldout,lowrank3_pchip,3,2,101,12208204.77542857,0.007923230258229389
1,heldout,raw_pchip,0,2,103,12215475.780571429,-0.02904894074437606
1,heldout,lowrank3_pchip,3,2,103,12215475.780571429,-0.02151756066580896
1,heldout,raw_pchip,0,2,105,12222609.658529412,0.16854347582028914
1,heldout,lowrank3_pchip,3,2,105,12222609.658529412,0.16533262954846883
1,heldout,raw_pchip,0,2,107,12229812.830294117,-0.024024628229424857
1,heldout,lowrank3_pchip,3,2,107,12229812.830294117,-0.022857487039552673
1,heldout,raw_pchip,0,2,109,12237084.774117647,-0.04482890274481623
1,heldout,lowrank3_pchip,3,2,109,12237084.774117647,-0.026019010372657907
1,heldout,raw_pchip,0,2,111,12244220.585142858,-0.02015801722432977
1,heldout,lowrank3_pchip,3,2,111,12244220.585142858,-0.0251775487136396
1,heldout,raw_pchip,0,2,113,12251423.785142856,0.0005171334642859331
1,heldout,lowrank3_pchip,3,2,113,12251423.785142856,-0.022165007959923204
1,heldout,raw_pchip,0,2,115,12258694.317222219,0.014630114098013939
1,heldout,lowrank3_pchip,3,2,115,12258694.317222219,-0.007483948323338676
1,heldout,raw_pchip,0,2,117,12265828.654411765,-0.00976665655198043
1,heldout,lowrank3_pchip,3,2,117,12265828.654411765,-0.02371407357328707
1,heldout,raw_pchip,0,2,119,12273032.298571426,-0.03152158011293152
1,heldout,lowrank3_pchip,3,2,119,12273032.298571426,-0.051615802851689534
1,heldout,raw_pchip,0,2,121,12280304.279428571,-0.04752152266882255
1,heldout,lowrank3_pchip,3,2,121,12280304.279428571,-0.026605788215544893
1,heldout,raw_pchip,0,2,123,12287439.102058824,0.0038656710580262333
1,heldout,lowrank3_pchip,3,2,123,12287439.102058824,0.014030363090880637
1,heldout,raw_pchip,0,2,125,12294642.725428572,0.053976604515808144
1,heldout,lowrank3_pchip,3,2,125,12294642.725428572,0.015604814512872291
1,heldout,raw_pchip,0,2,127,12301913.713428572,0.026068696714167873
1,heldout,lowrank3_pchip,3,2,127,12301913.713428572,0.014495748710040302
1,heldout,raw_pchip,0,2,129,12309048.100571427,0.034826133369037025
1,heldout,lowrank3_pchip,3,2,129,12309048.100571427,0.01391934767340811
1,heldout,raw_pchip,0,2,131,12316250.755588235,-0.01731844813237595
1,heldout,lowrank3_pchip,3,2,131,12316250.755588235,-0.006549151522093704
1,heldout,raw_pchip,0,2,133,12323521.782647058,-0.09700919365193708
1,heldout,lowrank3_pchip,3,2,133,12323521.782647058,-0.017993531505895992
1,heldout,raw_pchip,0,2,135,12330658.07647059,-0.02296292253227811
1,heldout,lowrank3_pchip,3,2,135,12330658.07647059,0.025550718303608732
1,heldout,raw_pchip,0,2,137,12337861.275882352,0.05841706666935917
1,heldout,lowrank3_pchip,3,2,137,12337861.275882352,0.08182834251663315
1,heldout,raw_pchip,0,2,139,12345131.287058821,0.0019651034655309408
1,heldout,lowrank3_pchip,3,2,139,12345131.287058821,0.036178835624436384
1,heldout,raw_pchip,0,2,141,12352266.660294117,-0.009619763578159374
1,heldout,lowrank3_pchip,3,2,141,12352266.660294117,0.043611849178260456
1,heldout,raw_pchip,0,2,143,12359470.295714285,0.09302097915322
1,heldout,lowrank3_pchip,3,2,143,12359470.295714285,0.11649186832796844
1,heldout,raw_pchip,0,2,145,12367680.468235295,-0.06777207797578388
1,heldout,lowrank3_pchip,3,2,145,12367680.468235295,-0.07248121591205493
1,heldout,raw_pchip,0,2,147,12374951.466176469,0.06664560334883346
1,heldout,lowrank3_pchip,3,2,147,12374951.466176469,0.08661215911226827
1,heldout,raw_pchip,0,2,149,12382087.253999999,-0.040365011353636515
1,heldout,lowrank3_pchip,3,2,149,12382087.253999999,-0.019782237156888687
1,heldout,raw_pchip,0,2,151,12389290.40057143,-0.17845049073169927
1,heldout,lowrank3_pchip,3,2,151,12389290.40057143,-0.1814927190624484
1,heldout,raw_pchip,0,2,153,12396561.387428572,-0.013987559751798098
1,heldout,lowrank3_pchip,3,2,153,12396561.387428572,-0.03429747648736457
1,heldout,raw_pchip,0,2,155,12403697.672,-0.00243857237734146
1,heldout,lowrank3_pchip,3,2,155,12403697.672,0.0002642931553154177
1,heldout,raw_pchip,0,2,2,11853687.672,0.005957247808957426
1,heldout,lowrank3_pchip,3,2,2,11853687.672,0.020909869154434158
1,heldout,raw_pchip,0,2,4,11860889.428823529,0.02859669831390448
1,heldout,lowrank3_pchip,3,2,4,11860889.428823529,0.04979945161987274
1,heldout,raw_pchip,0,2,6,11868160.443235295,0.1835655475371529
1,heldout,lowrank3_pchip,3,2,6,11868160.443235295,0.18849222701918233
1,heldout,raw_pchip,0,2,8,11875295.744117647,-0.05292658580123292
1,heldout,lowrank3_pchip,3,2,8,11875295.744117647,-0.06484183323779287
1,heldout,raw_pchip,0,2,10,11882499.378857143,-0.03749873971905568
1,heldout,lowrank3_pchip,3,2,10,11882499.378857143,0.018073337239837714
1,heldout,raw_pchip,0,2,12,11889769.907058822,-0.07335989535966947
1,heldout,lowrank3_pchip,3,2,12,11889769.907058822,-0.013039432785399804
1,heldout,raw_pchip,0,2,14,11896906.631142857,0.029235279457907846
1,heldout,lowrank3_pchip,3,2,14,11896906.631142857,0.02272288771005795
1,heldout,raw_pchip,0,2,16,11904109.791714286,0.09009517715558867
1,heldout,lowrank3_pchip,3,2,16,11904109.791714286,0.09550334133654051
1,heldout,raw_pchip,0,2,18,11911379.832571428,-0.018361219675129603
1,heldout,lowrank3_pchip,3,2,18,11911379.832571428,-0.03303317812505569
1,heldout,raw_pchip,0,2,20,11918515.142571429,0.10156859268041875
1,heldout,lowrank3_pchip,3,2,20,11918515.142571429,0.050119978763941746
1,heldout,raw_pchip,0,2,22,11925718.333714286,0.0321076721322162
1,heldout,lowrank3_pchip,3,2,22,11925718.333714286,0.11134414946947446
1,heldout,raw_pchip,0,2,24,11932989.343142858,-0.08550181672036904
1,heldout,lowrank3_pchip,3,2,24,11932989.343142858,-0.03905223369140017
1,heldout,raw_pchip,0,2,26,11940125.16647059,0.08052584798044893
1,heldout,lowrank3_pchip,3,2,26,11940125.16647059,0.007261945722777472
1,heldout,raw_pchip,0,2,28,11947328.37611111,-0.015604011863199428
1,heldout,lowrank3_pchip,3,2,28,11947328.37611111,-0.10024399471631289
1,heldout,raw_pchip,0,2,30,11954598.400588235,-0.040763373069176524
1,heldout,lowrank3_pchip,3,2,30,11954598.400588235,-0.08360188488869337
1,heldout,raw_pchip,0,2,32,11961733.694705883,-0.026425312523924348
1,heldout,lowrank3_pchip,3,2,32,11961733.694705883,-0.04359379630696722
1,heldout,raw_pchip,0,2,34,11968936.872058824,-0.008123790697914385
1,heldout,lowrank3_pchip,3,2,34,11968936.872058824,0.03529814706423547
1,heldout,raw_pchip,0,2,36,11976207.822058823,-0.0916894646785782
1,heldout,lowrank3_pchip,3,2,36,11976207.822058823,-0.04434195340337037
1,heldout,raw_pchip,0,2,38,11983344.594857143,0.02822732206077007
1,heldout,lowrank3_pchip,3,2,38,11983344.594857143,0.028993057684194853
1,heldout,raw_pchip,0,2,40,11990547.260294119,0.009286953511449373
1,heldout,lowrank3_pchip,3,2,40,11990547.260294119,0.0097883078230188
1,heldout,raw_pchip,0,2,42,11997818.766,-0.018418918649592796
1,heldout,lowrank3_pchip,3,2,42,11997818.766,-0.03576125208775814
1,heldout,raw_pchip,0,2,44,12004953.079714285,0.055702482529234855
1,heldout,lowrank3_pchip,3,2,44,12004953.079714285,0.03777324296108694
1,heldout,raw_pchip,0,2,46,12012156.266571429,-0.09264414282500939
1,heldout,lowrank3_pchip,3,2,46,12012156.266571429,-0.08640142136830216
1,heldout,raw_pchip,0,2,48,12019427.286857141,-0.08132666150164675
1,heldout,lowrank3_pchip,3,2,48,12019427.286857141,-0.07551286077232382
1,heldout,raw_pchip,0,2,50,12026563.594571428,0.036233633546939426
1,heldout,lowrank3_pchip,3,2,50,12026563.594571428,0.04178587669386948
1,heldout,raw_pchip,0,2,52,12033766.765714286,0.007226496801375623
1,heldout,lowrank3_pchip,3,2,52,12033766.765714286,0.003461942113880617
1,heldout,raw_pchip,0,2,54,12041036.292058824,0.07618693349438276
1,heldout,lowrank3_pchip,3,2,54,12041036.292058824,0.043133529041686755
1,heldout,raw_pchip,0,2,56,12048171.637058824,0.07272005295145935
1,heldout,lowrank3_pchip,3,2,56,12048171.637058824,0.0648890797050087
1,heldout,raw_pchip,0,2,58,12055374.859705882,0.005339236231215234
1,heldout,lowrank3_pchip,3,2,58,12055374.859705882,0.016472751226770103
1,heldout,raw_pchip,0,2,60,12062646.376857143,-0.012005588795052662
1,heldout,lowrank3_pchip,3,2,60,12062646.376857143,0.003779092356457624
1,heldout,raw_pchip,0,2,62,12069782.658571428,0.02940839277593043
1,heldout,lowrank3_pchip,3,2,62,12069782.658571428,0.013252220675663779
1,heldout,raw_pchip,0,2,64,12076985.299999999,0.07903656094459743
1,heldout,lowrank3_pchip,3,2,64,12076985.299999999,0.0926906019281506
1,heldout,raw_pchip,0,2,66,12084257.269705882,0.029375705371129362
1,heldout,lowrank3_pchip,3,2,66,12084257.269705882,0.043902787278809405
1,heldout,raw_pchip,0,2,68,12091391.159142857,-0.006833207410519965
1,heldout,lowrank3_pchip,3,2,68,12091391.159142857,0.02625449374550294
1,heldout,raw_pchip,0,2,70,12096623.247058824,-0.037234644050585755
1,heldout,lowrank3_pchip,3,2,70,12096623.247058824,-0.041962637714422504
1,heldout,raw_pchip,0,2,72,12103758.055142855,0.04335725969973023
1,heldout,lowrank3_pchip,3,2,72,12103758.055142855,0.002465892970146897
1,heldout,raw_pchip,0,2,74,12110960.729117647,-0.02583281042630528
1,heldout,lowrank3_pchip,3,2,74,12110960.729117647,-0.05967827367282256
1,heldout,raw_pchip,0,2,76,12118232.213142857,-0.02446513716869254
1,heldout,lowrank3_pchip,3,2,76,12118232.213142857,-0.05800133382900858
1,heldout,raw_pchip,0,2,78,12125368.49857143,-0.007276639827982684
1,heldout,lowrank3_pchip,3,2,78,12125368.49857143,-0.04808825258432554
1,heldout,raw_pchip,0,2,80,12132571.164411766,-0.018898900174947823
1,heldout,lowrank3_pchip,3,2,80,12132571.164411766,-0.010676130078767455
1,heldout,raw_pchip,0,2,82,12139842.683714287,-0.006464966698182574
1,heldout,lowrank3_pchip,3,2,82,12139842.683714287,-0.025478506159330047
1,heldout,raw_pchip,0,2,84,12146977.002857143,0.05402089535233006
1,heldout,lowrank3_pchip,3,2,84,12146977.002857143,-0.01210753062773612
1,heldout,raw_pchip,0,2,86,12154179.667058824,0.012969663732082089
1,heldout,lowrank3_pchip,3,2,86,12154179.667058824,-0.01502339792526711
1,heldout,raw_pchip,0,2,88,12161450.64235294,0.06119637307775133
1,heldout,lowrank3_pchip,3,2,88,12161450.64235294,0.03778413309390044
1,heldout,raw_pchip,0,2,90,12168586.384,0.06408218067277707
1,heldout,lowrank3_pchip,3,2,90,12168586.384,0.013550437230469878
1,heldout,raw_pchip,0,2,92,12175790.035882352,0.00965261987778751
1,heldout,lowrank3_pchip,3,2,92,12175790.035882352,-0.01256113112259648
1,heldout,raw_pchip,0,2,94,12183060.582571428,0.09896416622206589
1,heldout,lowrank3_pchip,3,2,94,12183060.582571428,0.0830080106588233
1,heldout,raw_pchip,0,2,96,12190196.377777778,0.12927671602377397
1,heldout,lowrank3_pchip,3,2,96,12190196.377777778,0.13478889868332017
1,heldout,raw_pchip,0,2,98,12197399.116857145,-0.009282262423039605
1,heldout,lowrank3_pchip,3,2,98,12197399.116857145,0.010581359911714968
1,heldout,raw_pchip,0,2,100,12204669.602647059,-0.022537838898211253
1,heldout,lowrank3_pchip,3,2,100,12204669.602647059,-0.023006604817750506
1,heldout,raw_pchip,0,2,102,12211804.916764708,0.021829063574848356
1,heldout,lowrank3_pchip,3,2,102,12211804.916764708,0.02480324846850042
1,heldout,raw_pchip,0,2,104,12219009.526857143,-0.0456729293458678
1,heldout,lowrank3_pchip,3,2,104,12219009.526857143,-0.031820840830809
1,heldout,raw_pchip,0,2,106,12226279.581999999,-0.1090393110241459
1,heldout,lowrank3_pchip,3,2,106,12226279.581999999,-0.08970658082457483
1,heldout,raw_pchip,0,2,108,12233414.39,0.039321959644351034
1,heldout,lowrank3_pchip,3,2,108,12233414.39,0.034524520892743236
1,heldout,raw_pchip,0,2,110,12240617.558235295,0.03576152668866025
1,heldout,lowrank3_pchip,3,2,110,12240617.558235295,0.020853426971867137
1,heldout,raw_pchip,0,2,112,12247888.113999998,0.006409481853094357
1,heldout,lowrank3_pchip,3,2,112,12247888.113999998,-0.012036155742326166
1,heldout,raw_pchip,0,2,114,12255023.916176472,-0.006988746594069172
1,heldout,lowrank3_pchip,3,2,114,12255023.916176472,-0.023024198907066477
1,heldout,raw_pchip,0,2,116,12262228.03735294,-0.04159488457777523
1,heldout,lowrank3_pchip,3,2,116,12262228.03735294,-0.037062531337743496
1,heldout,raw_pchip,0,2,118,12269499.507714285,0.059733717728768315
1,heldout,lowrank3_pchip,3,2,118,12269499.507714285,0.0654421978838804
1,heldout,raw_pchip,0,2,120,12276633.854000002,0.030744622328909663
1,heldout,lowrank3_pchip,3,2,120,12276633.854000002,0.02744779000366273
1,heldout,raw_pchip,0,2,122,12283836.543529412,0.060990295530766604
1,heldout,lowrank3_pchip,3,2,122,12283836.543529412,0.05323634373842426
1,heldout,raw_pchip,0,2,124,12291108.040285714,-0.05850224752506214
1,heldout,lowrank3_pchip,3,2,124,12291108.040285714,-0.07893247434561035
1,heldout,raw_pchip,0,2,126,12298243.344571427,-0.034751261600400526
1,heldout,lowrank3_pchip,3,2,126,12298243.344571427,-0.04754651921332649
1,heldout,raw_pchip,0,2,128,12305446.97764706,-0.030643378111528022
1,heldout,lowrank3_pchip,3,2,128,12305446.97764706,-0.013422198367375356
1,heldout,raw_pchip,0,2,130,12312718.49742857,-0.022763631326945324
1,heldout,lowrank3_pchip,3,2,130,12312718.49742857,-0.016878742829724996
1,heldout,raw_pchip,0,2,132,12319853.34611111,0.06569355183684623
1,heldout,lowrank3_pchip,3,2,132,12319853.34611111,0.05446336843744758
1,heldout,raw_pchip,0,2,134,12327055.527352942,0.07587668914154078
1,heldout,lowrank3_pchip,3,2,134,12327055.527352942,0.06695219625268084
1,heldout,raw_pchip,0,2,136,12334327.059714288,-0.03497260578456221
1,heldout,lowrank3_pchip,3,2,136,12334327.059714288,0.00967974847839808
1,heldout,raw_pchip,0,2,138,12341462.348,-0.04311365047379751
1,heldout,lowrank3_pchip,3,2,138,12341462.348,0.015167287938390863
1,heldout,raw_pchip,0,2,140,12348666.010294117,0.013154843308049868
1,heldout,lowrank3_pchip,3,2,140,12348666.010294117,0.03485048294889342
1,heldout,raw_pchip,0,2,142,12355937.550571427,-0.029159005973052626
1,heldout,lowrank3_pchip,3,2,142,12355937.550571427,0.014720854175966048
1,heldout,raw_pchip,0,2,144,12364146.72235294,-0.10144558921130828
1,heldout,lowrank3_pchip,3,2,144,12364146.72235294,-0.05900924060687676
1,heldout,raw_pchip,0,2,146,12371282.983235294,0.1177977791988675
1,heldout,lowrank3_pchip,3,2,146,12371282.983235294,0.15740201384757188
1,heldout,raw_pchip,0,2,148,12378486.167058825,-0.05799202593223284
1,heldout,lowrank3_pchip,3,2,148,12378486.167058825,-0.02314777863972917
1,heldout,raw_pchip,0,2,150,12385757.648285715,0.21895030927588485
1,heldout,lowrank3_pchip,3,2,150,12385757.648285715,0.23689390632885687
1,heldout,raw_pchip,0,2,152,12392891.956285713,0.08360484236753059
1,heldout,lowrank3_pchip,3,2,152,12392891.956285713,0.05030249677217016
1,heldout,raw_pchip,0,2,154,12400094.615882352,0.016661203249821004
1,heldout,lowrank3_pchip,3,2,154,12400094.615882352,0.017177581392118047
1,heldout,raw_pchip,0,3,1,11850084.612941176,-0.04470766797106755
1,heldout,lowrank3_pchip,3,3,1,11850084.612941176,-0.05559059283934908
1,heldout,raw_pchip,0,3,2,11853687.672,0.009433303835394825
1,heldout,lowrank3_pchip,3,3,2,11853687.672,-0.0007076134948221741
1,heldout,raw_pchip,0,3,4,11860889.428823529,-0.007668063343750427
1,heldout,lowrank3_pchip,3,3,4,11860889.428823529,0.010223496181271892
1,heldout,raw_pchip,0,3,5,11864491.993529411,-0.11632365826435334
1,heldout,lowrank3_pchip,3,3,5,11864491.993529411,-0.08326105106035127
1,heldout,raw_pchip,0,3,7,11871695.61714286,-0.13151522862580478
1,heldout,lowrank3_pchip,3,3,7,11871695.61714286,-0.09107476494180594
1,heldout,raw_pchip,0,3,8,11875295.744117647,-0.11762209278829576
1,heldout,lowrank3_pchip,3,3,8,11875295.744117647,-0.07366499692208801
1,heldout,raw_pchip,0,3,10,11882499.378857143,0.01301166595794981
1,heldout,lowrank3_pchip,3,3,10,11882499.378857143,0.0553234522932445
1,heldout,raw_pchip,0,3,11,11886100.471470585,0.06696205573452384
1,heldout,lowrank3_pchip,3,3,11,11886100.471470585,0.09600986829499704
1,heldout,raw_pchip,0,3,13,11893304.126285715,0.08672944617141683
1,heldout,lowrank3_pchip,3,3,13,11893304.126285715,0.096351829392606
1,heldout,raw_pchip,0,3,14,11896906.631142857,0.06828815016912072
1,heldout,lowrank3_pchip,3,3,14,11896906.631142857,0.07059303710201252
1,heldout,raw_pchip,0,3,16,11904109.791714286,0.1183882423805883
1,heldout,lowrank3_pchip,3,3,16,11904109.791714286,0.1152531130601204
1,heldout,raw_pchip,0,3,17,11907709.925294116,0.044675938278905244
1,heldout,lowrank3_pchip,3,3,17,11907709.925294116,0.04190239988081509
1,heldout,raw_pchip,0,3,19,11914914.03764706,-0.017169814655910862
1,heldout,lowrank3_pchip,3,3,19,11914914.03764706,-0.02528653197233263
1,heldout,raw_pchip,0,3,20,11918515.142571429,0.06129322001970247
1,heldout,lowrank3_pchip,3,3,20,11918515.142571429,0.07702427183372493
1,heldout,raw_pchip,0,3,22,11925718.333714286,0.11050925233398984
1,heldout,lowrank3_pchip,3,3,22,11925718.333714286,0.12143938564299972
1,heldout,raw_pchip,0,3,23,11929319.942000002,0.12261580555013037
1,heldout,lowrank3_pchip,3,3,23,11929319.942000002,0.11443921617076133
1,heldout,raw_pchip,0,3,25,11936522.600882353,0.035122450528188826
1,heldout,lowrank3_pchip,3,3,25,11936522.600882353,-0.014805384236067356
1,heldout,raw_pchip,0,3,26,11940125.16647059,0.07372623545621827
1,heldout,lowrank3_pchip,3,3,26,11940125.16647059,0.005646316292147013
1,heldout,raw_pchip,0,3,28,11947328.37611111,0.03686770715149828
1,heldout,lowrank3_pchip,3,3,28,11947328.37611111,-0.005721899783274907
1,heldout,raw_pchip,0,3,29,11950930.41542857,0.08182307318384396
1,heldout,lowrank3_pchip,3,3,29,11950930.41542857,0.04282493058311205
1,heldout,raw_pchip,0,3,31,11958133.073529411,0.01747641517358335
1,heldout,lowrank3_pchip,3,3,31,11958133.073529411,-0.012027267509666267
1,heldout,raw_pchip,0,3,32,11961733.694705883,-0.03703795584151516
1,heldout,lowrank3_pchip,3,3,32,11961733.694705883,-0.037929107842919134
1,heldout,raw_pchip,0,3,34,11968936.872058824,0.06013750705771622
1,heldout,lowrank3_pchip,3,3,34,11968936.872058824,0.06952973161304932
1,heldout,raw_pchip,0,3,35,11972538.414411766,0.12336236463893965
1,heldout,lowrank3_pchip,3,3,35,11972538.414411766,0.1355825554137681
1,heldout,raw_pchip,0,3,37,11979741.570588237,0.02585365699156994
1,heldout,lowrank3_pchip,3,3,37,11979741.570588237,0.0253016319524211
1,heldout,raw_pchip,0,3,38,11983344.594857143,0.025870745488653774
1,heldout,lowrank3_pchip,3,3,38,11983344.594857143,0.030655058307587812
1,heldout,raw_pchip,0,3,40,11990547.260294119,0.0368290350337378
1,heldout,lowrank3_pchip,3,3,40,11990547.260294119,0.048607067443274664
1,heldout,raw_pchip,0,3,41,11994147.885294119,0.0416080635324235
1,heldout,lowrank3_pchip,3,3,41,11994147.885294119,0.04611000912752528
1,heldout,raw_pchip,0,3,43,12001352.017058823,-0.003621199694458991
1,heldout,lowrank3_pchip,3,3,43,12001352.017058823,-0.012536184799066393
1,heldout,raw_pchip,0,3,44,12004953.079714285,0.054927201155392215
1,heldout,lowrank3_pchip,3,3,44,12004953.079714285,0.04894965149898861
1,heldout,raw_pchip,0,3,46,12012156.266571429,-0.0340326683671992
1,heldout,lowrank3_pchip,3,3,46,12012156.266571429,-0.045964147796425464
1,heldout,raw_pchip,0,3,47,12015758.35388889,0.12147775422113287
1,heldout,lowrank3_pchip,3,3,47,12015758.35388889,0.09579471541260993
1,heldout,raw_pchip,0,3,49,12022961.047999999,0.04505091954036303
1,heldout,lowrank3_pchip,3,3,49,12022961.047999999,0.036691278130450346
1,heldout,raw_pchip,0,3,50,12026563.594571428,0.05665012785915887
1,heldout,lowrank3_pchip,3,3,50,12026563.594571428,0.06102455446179873
1,heldout,raw_pchip,0,3,52,12033766.765714286,-0.04934948290609671
1,heldout,lowrank3_pchip,3,3,52,12033766.765714286,-0.028279502125465032
1,heldout,raw_pchip,0,3,53,12037366.84617647,-0.09534265307799818
1,heldout,lowrank3_pchip,3,3,53,12037366.84617647,-0.06090031687150917
1,heldout,raw_pchip,0,3,55,12044571.493714284,-0.050576222651726746
1,heldout,lowrank3_pchip,3,3,55,12044571.493714284,-0.020182132837938432
1,heldout,raw_pchip,0,3,56,12048171.637058824,0.05493711676851775
1,heldout,lowrank3_pchip,3,3,56,12048171.637058824,0.05857024003714619
1,heldout,raw_pchip,0,3,58,12055374.859705882,0.01883858436067016
1,heldout,lowrank3_pchip,3,3,58,12055374.859705882,0.01572381547290519
1,heldout,raw_pchip,0,3,59,12058976.944285717,0.033753024137036555
1,heldout,lowrank3_pchip,3,3,59,12058976.944285717,0.041686130583793446
1,heldout,raw_pchip,0,3,61,12066179.612941176,0.001900805292936676
1,heldout,lowrank3_pchip,3,3,61,12066179.612941176,0.00019802814052282113
1,heldout,raw_pchip,0,3,62,12069782.658571428,0.03850663104767514
1,heldout,lowrank3_pchip,3,3,62,12069782.658571428,0.010528072504731525
1,heldout,raw_pchip,0,3,64,12076985.299999999,0.08005791406963647
1,heldout,lowrank3_pchip,3,3,64,12076985.299999999,0.06526672056996677
1,heldout,raw_pchip,0,3,65,12080586.375714287,-0.00424244732963334
1,heldout,lowrank3_pchip,3,3,65,12080586.375714287,-0.0019728293211602843
1,heldout,raw_pchip,0,3,67,12087790.063529411,-0.03758267593510495
1,heldout,lowrank3_pchip,3,3,67,12087790.063529411,-0.0267537767113257
1,heldout,raw_pchip,0,3,68,12091391.159142857,-0.03862146983609294
1,heldout,lowrank3_pchip,3,3,68,12091391.159142857,-0.02611540960935009
1,heldout,raw_pchip,0,3,70,12096623.247058824,-0.055939845033149645
1,heldout,lowrank3_pchip,3,3,70,12096623.247058824,-0.053517656755284734
1,heldout,raw_pchip,0,3,71,12100156.965588234,-0.10109601611775862
1,heldout,lowrank3_pchip,3,3,71,12100156.965588234,-0.11825926294213653
1,heldout,raw_pchip,0,3,73,12107426.994705882,-0.02724315591286303
1,heldout,lowrank3_pchip,3,3,73,12107426.994705882,-0.04186727755529443
1,heldout,raw_pchip,0,3,74,12110960.729117647,-0.041110733676215254
1,heldout,lowrank3_pchip,3,3,74,12110960.729117647,-0.08096092675890981
1,heldout,raw_pchip,0,3,76,12118232.213142857,-0.013939306655510266
1,heldout,lowrank3_pchip,3,3,76,12118232.213142857,-0.04838944048975465
1,heldout,raw_pchip,0,3,77,12121765.470588233,0.01686149881830577
1,heldout,lowrank3_pchip,3,3,77,12121765.470588233,-0.0022282744653815004
1,heldout,raw_pchip,0,3,79,12129036.457352942,-0.051348211166699596
1,heldout,lowrank3_pchip,3,3,79,12129036.457352942,-0.056957552684221535
1,heldout,raw_pchip,0,3,80,12132571.164411766,-0.05859779188974004
1,heldout,lowrank3_pchip,3,3,80,12132571.164411766,-0.044301933007422536
1,heldout,raw_pchip,0,3,82,12139842.683714287,-0.056029624579908816
1,heldout,lowrank3_pchip,3,3,82,12139842.683714287,-0.04361328680548221
1,heldout,raw_pchip,0,3,83,12143375.924705882,-0.07412627628629087
1,heldout,lowrank3_pchip,3,3,83,12143375.924705882,-0.08313266173376287
1,heldout,raw_pchip,0,3,85,12150645.93382353,-0.02598992588473934
1,heldout,lowrank3_pchip,3,3,85,12150645.93382353,-0.04651113385837494
1,heldout,raw_pchip,0,3,86,12154179.667058824,0.01147386241047467
1,heldout,lowrank3_pchip,3,3,86,12154179.667058824,-0.0143536483367952
1,heldout,raw_pchip,0,3,88,12161450.64235294,0.03299241734994292
1,heldout,lowrank3_pchip,3,3,88,12161450.64235294,0.01665359900792851
1,heldout,raw_pchip,0,3,89,12164985.314166665,-0.055812531477982145
1,heldout,lowrank3_pchip,3,3,89,12164985.314166665,-0.06566939424082813
1,heldout,raw_pchip,0,3,91,12172256.788285714,-0.07279416720001176
1,heldout,lowrank3_pchip,3,3,91,12172256.788285714,-0.07050355004961299
1,heldout,raw_pchip,0,3,92,12175790.035882352,-0.0342406138258558
1,heldout,lowrank3_pchip,3,3,92,12175790.035882352,-0.033907514033941384
1,heldout,raw_pchip,0,3,94,12183060.582571428,0.007474385247881557
1,heldout,lowrank3_pchip,3,3,94,12183060.582571428,-0.0027659802378127924
1,heldout,raw_pchip,0,3,95,12186594.296571428,-0.19778318675860435
1,heldout,lowrank3_pchip,3,3,95,12186594.296571428,-0.20433312158754888
1,heldout,raw_pchip,0,3,97,12193865.865,0.027711413461547606
1,heldout,lowrank3_pchip,3,3,97,12193865.865,0.018453184347282922
1,heldout,raw_pchip,0,3,98,12197399.116857145,0.017782465996494537
1,heldout,lowrank3_pchip,3,3,98,12197399.116857145,-0.01395843609666009
1,heldout,raw_pchip,0,3,100,12204669.602647059,0.009629352722746573
1,heldout,lowrank3_pchip,3,3,100,12204669.602647059,-0.029850091226222064
1,heldout,raw_pchip,0,3,101,12208204.77542857,0.0517265912896986
1,heldout,lowrank3_pchip,3,3,101,12208204.77542857,0.026517563089721814
1,heldout,raw_pchip,0,3,103,12215475.780571429,-0.06930035928391093
1,heldout,lowrank3_pchip,3,3,103,12215475.780571429,-0.06460870878002502
1,heldout,raw_pchip,0,3,104,12219009.526857143,-0.06260267163683403
1,heldout,lowrank3_pchip,3,3,104,12219009.526857143,-0.05016870771088929
1,heldout,raw_pchip,0,3,106,12226279.581999999,-0.1902153240167226
1,heldout,lowrank3_pchip,3,3,106,12226279.581999999,-0.1550214026003894
1,heldout,raw_pchip,0,3,107,12229812.830294117,-0.09450473470560947
1,heldout,lowrank3_pchip,3,3,107,12229812.830294117,-0.07708348381588338
1,heldout,raw_pchip,0,3,109,12237084.774117647,-0.032838632536740846
1,heldout,lowrank3_pchip,3,3,109,12237084.774117647,-0.0319362982628781
1,heldout,raw_pchip,0,3,110,12240617.558235295,0.02553831567321495
1,heldout,lowrank3_pchip,3,3,110,12240617.558235295,0.011949516430644949
1,heldout,raw_pchip,0,3,112,12247888.113999998,0.01530987440717914
1,heldout,lowrank3_pchip,3,3,112,12247888.113999998,-0.00948336093021413
1,heldout,raw_pchip,0,3,113,12251423.785142856,0.025540453658901924
1,heldout,lowrank3_pchip,3,3,113,12251423.785142856,-0.011842912798979435
1,heldout,raw_pchip,0,3,115,12258694.317222219,-0.010695921715703957
1,heldout,lowrank3_pchip,3,3,115,12258694.317222219,-0.03946829824903532
1,heldout,raw_pchip,0,3,116,12262228.03735294,-0.04788324086876824
1,heldout,lowrank3_pchip,3,3,116,12262228.03735294,-0.059338285123473104
1,heldout,raw_pchip,0,3,118,12269499.507714285,0.08685663203590413
1,heldout,lowrank3_pchip,3,3,118,12269499.507714285,0.10921873323027231
1,heldout,raw_pchip,0,3,119,12273032.298571426,0.04249893904166728
1,heldout,lowrank3_pchip,3,3,119,12273032.298571426,0.03551285744812494
1,heldout,raw_pchip,0,3,121,12280304.279428571,-0.07820835984936425
1,heldout,lowrank3_pchip,3,3,121,12280304.279428571,-0.09382124092018992
1,heldout,raw_pchip,0,3,122,12283836.543529412,0.0003828729189817074
1,heldout,lowrank3_pchip,3,3,122,12283836.543529412,0.0004021383212949689
1,heldout,raw_pchip,0,3,124,12291108.040285714,-0.021937992897747324
1,heldout,lowrank3_pchip,3,3,124,12291108.040285714,-0.031622307177218784
1,heldout,raw_pchip,0,3,125,12294642.725428572,0.056622184762202175
1,heldout,lowrank3_pchip,3,3,125,12294642.725428572,0.005084507605806703
1,heldout,raw_pchip,0,3,127,12301913.713428572,0.017105575071694645
1,heldout,lowrank3_pchip,3,3,127,12301913.713428572,-0.007155972119024618
1,heldout,raw_pchip,0,3,128,12305446.97764706,-0.024297059690434223
1,heldout,lowrank3_pchip,3,3,128,12305446.97764706,-0.03074287818887812
1,heldout,raw_pchip,0,3,130,12312718.49742857,-0.04315633692969201
1,heldout,lowrank3_pchip,3,3,130,12312718.49742857,-0.024036478124161053
1,heldout,raw_pchip,0,3,131,12316250.755588235,-0.041073720759209655
1,heldout,lowrank3_pchip,3,3,131,12316250.755588235,-0.0007609254952313298
1,heldout,raw_pchip,0,3,133,12323521.782647058,-0.07489766355055455
1,heldout,lowrank3_pchip,3,3,133,12323521.782647058,-0.024665441909698604
1,heldout,raw_pchip,0,3,134,12327055.527352942,0.04544348389720272
1,heldout,lowrank3_pchip,3,3,134,12327055.527352942,0.0670985315550299
1,heldout,raw_pchip,0,3,136,12334327.059714288,-0.0024847580990025975
1,heldout,lowrank3_pchip,3,3,136,12334327.059714288,0.004844929503799915
1,heldout,raw_pchip,0,3,137,12337861.275882352,0.05635394883277224
1,heldout,lowrank3_pchip,3,3,137,12337861.275882352,0.07238541146302911
1,heldout,raw_pchip,0,3,139,12345131.287058821,0.0017956556884373795
1,heldout,lowrank3_pchip,3,3,139,12345131.287058821,0.030354203692648577
1,heldout,raw_pchip,0,3,140,12348666.010294117,0.0036429872968662476
1,heldout,lowrank3_pchip,3,3,140,12348666.010294117,0.03169380727430287
1,heldout,raw_pchip,0,3,142,12355937.550571427,0.04478953013869456
1,heldout,lowrank3_pchip,3,3,142,12355937.550571427,0.067804593454021
1,heldout,raw_pchip,0,3,143,12359470.295714285,0.13231995511327277
1,heldout,lowrank3_pchip,3,3,143,12359470.295714285,0.1471901867237513
1,heldout,raw_pchip,0,3,145,12367680.468235295,0.004044567522032016
1,heldout,lowrank3_pchip,3,3,145,12367680.468235295,0.011570980759979713
1,heldout,raw_pchip,0,3,146,12371282.983235294,0.07482155016625114
1,heldout,lowrank3_pchip,3,3,146,12371282.983235294,0.0905180893074874
1,heldout,raw_pchip,0,3,148,12378486.167058825,-0.09957593980165765
1,heldout,lowrank3_pchip,3,3,148,12378486.167058825,-0.08276648847215248
1,heldout,raw_pchip,0,3,149,12382087.253999999,-0.08542810453504154
1,heldout,lowrank3_pchip,3,3,149,12382087.253999999,-0.06206023645228155
1,heldout,raw_pchip,0,3,151,12389290.40057143,-0.17510130183843006
1,heldout,lowrank3_pchip,3,3,151,12389290.40057143,-0.17240072292082262
1,heldout,raw_pchip,0,3,152,12392891.956285713,0.015283527529114814
1,heldout,lowrank3_pchip,3,3,152,12392891.956285713,0.00447397811903619
1,heldout,raw_pchip,0,3,154,12400094.615882352,0.016321188585470634
1,heldout,lowrank3_pchip,3,3,154,12400094.615882352,0.009140928774589642
1,heldout,raw_pchip,0,3,155,12403697.672,-0.0027520709765137324
1,heldout,lowrank3_pchip,3,3,155,12403697.672,0.005103520086860073
1,heldout,raw_pchip,0,3,2,11853687.672,-0.043229564035716116
1,heldout,lowrank3_pchip,3,3,2,11853687.672,0.0007489434041081908
1,heldout,raw_pchip,0,3,3,11857356.149142856,-0.06663859387844372
1,heldout,lowrank3_pchip,3,3,3,11857356.149142856,-0.018258290295041557
1,heldout,raw_pchip,0,3,5,11864491.993529411,0.022618867135723787
1,heldout,lowrank3_pchip,3,3,5,11864491.993529411,0.03332862404792685
1,heldout,raw_pchip,0,3,6,11868160.443235295,0.18256997993443871
1,heldout,lowrank3_pchip,3,3,6,11868160.443235295,0.18335741928134924
1,heldout,raw_pchip,0,3,8,11875295.744117647,-0.03863481198971274
1,heldout,lowrank3_pchip,3,3,8,11875295.744117647,-0.06917037319197139
1,heldout,raw_pchip,0,3,9,11878965.629142856,0.007322649693330704
1,heldout,lowrank3_pchip,3,3,9,11878965.629142856,0.01665311801360145
1,heldout,raw_pchip,0,3,11,11886100.471470585,0.05112971005668004
1,heldout,lowrank3_pchip,3,3,11,11886100.471470585,0.07496612504893888
1,heldout,raw_pchip,0,3,12,11889769.907058822,-0.03985523627390703
1,heldout,lowrank3_pchip,3,3,12,11889769.907058822,-0.02232491573121225
1,heldout,raw_pchip,0,3,14,11896906.631142857,-0.05308863279171527
1,heldout,lowrank3_pchip,3,3,14,11896906.631142857,-0.03271995797947664
1,heldout,raw_pchip,0,3,15,11900573.641764706,-0.1305881450357268
1,heldout,lowrank3_pchip,3,3,15,11900573.641764706,-0.09865895056700599
1,heldout,raw_pchip,0,3,17,11907709.925294116,-0.03290558632482255
1,heldout,lowrank3_pchip,3,3,17,11907709.925294116,-0.019426719234207385
1,heldout,raw_pchip,0,3,18,11911379.832571428,-0.028926535850231878
1,heldout,lowrank3_pchip,3,3,18,11911379.832571428,-0.05490060747050485
1,heldout,raw_pchip,0,3,20,11918515.142571429,0.06519524428594586
1,heldout,lowrank3_pchip,3,3,20,11918515.142571429,0.02778985419276163
1,heldout,raw_pchip,0,3,21,11922185.065588234,-0.08897676763912178
1,heldout,lowrank3_pchip,3,3,21,11922185.065588234,-0.03441466657200223
1,heldout,raw_pchip,0,3,23,11929319.942000002,0.05855861302255674
1,heldout,lowrank3_pchip,3,3,23,11929319.942000002,0.11181832840430767
1,heldout,raw_pchip,0,3,24,11932989.343142858,-0.04869663916887351
1,heldout,lowrank3_pchip,3,3,24,11932989.343142858,-0.04821368532436201
1,heldout,raw_pchip,0,3,26,11940125.16647059,0.0758785418056034
1,heldout,lowrank3_pchip,3,3,26,11940125.16647059,0.008047721543423769
1,heldout,raw_pchip,0,3,27,11943793.66382353,0.013363008081272713
1,heldout,lowrank3_pchip,3,3,27,11943793.66382353,-0.051879558062413594
1,heldout,raw_pchip,0,3,29,11950930.41542857,0.011498475677162499
1,heldout,lowrank3_pchip,3,3,29,11950930.41542857,-0.017280798809855443
1,heldout,raw_pchip,0,3,30,11954598.400588235,-0.05712735056608224
1,heldout,lowrank3_pchip,3,3,30,11954598.400588235,-0.07527571672663146
1,heldout,raw_pchip,0,3,32,11961733.694705883,-0.030161083867485797
1,heldout,lowrank3_pchip,3,3,32,11961733.694705883,-0.030063000058908582
1,heldout,raw_pchip,0,3,33,11965404.596285712,-0.02143057425676105
1,heldout,lowrank3_pchip,3,3,33,11965404.596285712,0.004829920888732901
1,heldout,raw_pchip,0,3,35,11972538.414411766,0.059521375118726065
1,heldout,lowrank3_pchip,3,3,35,11972538.414411766,0.08197422420912144
1,heldout,raw_pchip,0,3,36,11976207.822058823,-0.05096261454053596
1,heldout,lowrank3_pchip,3,3,36,11976207.822058823,-0.035112305715268334
1,heldout,raw_pchip,0,3,38,11983344.594857143,0.011842869275516834
1,heldout,lowrank3_pchip,3,3,38,11983344.594857143,0.003125789952516495
1,heldout,raw_pchip,0,3,39,11987011.597058823,-0.020466044659257162
1,heldout,lowrank3_pchip,3,3,39,11987011.597058823,-0.03925582651630833
1,heldout,raw_pchip,0,3,41,11994147.885294119,0.023555697737797147
1,heldout,lowrank3_pchip,3,3,41,11994147.885294119,7.391153298820829e-06
1,heldout,raw_pchip,0,3,42,11997818.766,-0.005460500499439857
1,heldout,lowrank3_pchip,3,3,42,11997818.766,-0.02777739963695028
1,heldout,raw_pchip,0,3,44,12004953.079714285,0.05776405755457513
1,heldout,lowrank3_pchip,3,3,44,12004953.079714285,0.04097504586996939
1,heldout,raw_pchip,0,3,45,12008623.025588235,0.010229323706033808
1,heldout,lowrank3_pchip,3,3,45,12008623.025588235,0.00923268567754634
1,heldout,raw_pchip,0,3,47,12015758.35388889,0.1549318970821504
1,heldout,lowrank3_pchip,3,3,47,12015758.35388889,0.1563108708258229
1,heldout,raw_pchip,0,3,48,12019427.286857141,-0.027127007043640794
1,heldout,lowrank3_pchip,3,3,48,12019427.286857141,-0.03428459777445139
1,heldout,raw_pchip,0,3,50,12026563.594571428,0.05103991559856513
1,heldout,lowrank3_pchip,3,3,50,12026563.594571428,0.05664139566376752
1,heldout,raw_pchip,0,3,51,12030232.037714286,0.04174739236033904
1,heldout,lowrank3_pchip,3,3,51,12030232.037714286,0.04343636186151721
1,heldout,raw_pchip,0,3,53,12037366.84617647,-0.05813863274344051
1,heldout,lowrank3_pchip,3,3,53,12037366.84617647,-0.07987865189469873
1,heldout,raw_pchip,0,3,54,12041036.292058824,0.044336310192462786
1,heldout,lowrank3_pchip,3,3,54,12041036.292058824,0.01814332795466489
1,heldout,raw_pchip,0,3,56,12048171.637058824,0.0848051261451137
1,heldout,lowrank3_pchip,3,3,56,12048171.637058824,0.07072991748267356
1,heldout,raw_pchip,0,3,57,12051841.103235293,0.0031120173954994348
1,heldout,lowrank3_pchip,3,3,57,12051841.103235293,0.0018256103100336145
1,heldout,raw_pchip,0,3,59,12058976.944285717,0.02022522715078143
1,heldout,lowrank3_pchip,3,3,59,12058976.944285717,0.024125341615557013
1,heldout,raw_pchip,0,3,60,12062646.376857143,0.006986066259192346
1,heldout,lowrank3_pchip,3,3,60,12062646.376857143,-0.007284500872776066
1,heldout,raw_pchip,0,3,62,12069782.658571428,-0.01087160385029096
1,heldout,lowrank3_pchip,3,3,62,12069782.658571428,0.010102479721240037
1,heldout,raw_pchip,0,3,63,12073452.05542857,-0.07844797319538094
1,heldout,lowrank3_pchip,3,3,63,12073452.05542857,-0.023957959600259725
1,heldout,raw_pchip,0,3,65,12080586.375714287,-0.05470966351504344
1,heldout,lowrank3_pchip,3,3,65,12080586.375714287,0.02048650221211883
1,heldout,raw_pchip,0,3,66,12084257.269705882,0.008521563922911845
1,heldout,lowrank3_pchip,3,3,66,12084257.269705882,0.04086244717750353
1,heldout,raw_pchip,0,3,68,12091391.159142857,0.012126041472187288
1,heldout,lowrank3_pchip,3,3,68,12091391.159142857,0.005457128319550328
1,heldout,raw_pchip,0,3,69,12095060.135882355,0.06290688523321153
1,heldout,lowrank3_pchip,3,3,69,12095060.135882355,0.02345783250854486
1,heldout,raw_pchip,0,3,71,12100156.965588234,-0.06497530045518915
1,heldout,lowrank3_pchip,3,3,71,12100156.965588234,-0.09594455647601016
1,heldout,raw_pchip,0,3,72,12103758.055142855,0.016596460920734794
1,heldout,lowrank3_pchip,3,3,72,12103758.055142855,-0.00032573735718107236
1,heldout,raw_pchip,0,3,74,12110960.729117647,-0.0013962197568791303
1,heldout,lowrank3_pchip,3,3,74,12110960.729117647,-0.021205366589680724
1,heldout,raw_pchip,0,3,75,12114563.282941176,0.0347495007881854
1,heldout,lowrank3_pchip,3,3,75,12114563.282941176,-0.006935816343550514
1,heldout,raw_pchip,0,3,77,12121765.470588233,0.028909286627475276
1,heldout,lowrank3_pchip,3,3,77,12121765.470588233,-0.030926812183056516
1,heldout,raw_pchip,0,3,78,12125368.49857143,0.010366555162629736
1,heldout,lowrank3_pchip,3,3,78,12125368.49857143,-0.034622792440942546
1,heldout,raw_pchip,0,3,80,12132571.164411766,0.03666213925377986
1,heldout,lowrank3_pchip,3,3,80,12132571.164411766,-0.0004891861539280721
1,heldout,raw_pchip,0,3,81,12136172.267142856,0.08586566839852863
1,heldout,lowrank3_pchip,3,3,81,12136172.267142856,0.043455187153894764
1,heldout,raw_pchip,0,3,83,12143375.924705882,-0.020677811169117526
1,heldout,lowrank3_pchip,3,3,83,12143375.924705882,-0.06220451132739279
1,heldout,raw_pchip,0,3,84,12146977.002857143,0.0481527679518422
1,heldout,lowrank3_pchip,3,3,84,12146977.002857143,-0.008495878087962368
1,heldout,raw_pchip,0,3,86,12154179.667058824,0.0036217451650613153
1,heldout,lowrank3_pchip,3,3,86,12154179.667058824,-0.01705960000261542
1,heldout,raw_pchip,0,3,87,12157782.691142859,-0.027085821663670517
1,heldout,lowrank3_pchip,3,3,87,12157782.691142859,-0.023221502930087793
1,heldout,raw_pchip,0,3,89,12164985.314166665,-0.06586818078783523
1,heldout,lowrank3_pchip,3,3,89,12164985.314166665,-0.05018938131798973
1,heldout,raw_pchip,0,3,90,12168586.384,0.03586916239329847
1,heldout,lowrank3_pchip,3,3,90,12168586.384,0.016073296748630127
1,heldout,raw_pchip,0,3,92,12175790.035882352,0.023412674413966196
1,heldout,lowrank3_pchip,3,3,92,12175790.035882352,-0.024332177429786148
1,heldout,raw_pchip,0,3,93,12179390.67147059,-0.005388136593816677
1,heldout,lowrank3_pchip,3,3,93,12179390.67147059,-0.016767029483287017
1,heldout,raw_pchip,0,3,95,12186594.296571428,-0.17254203505268495
1,heldout,lowrank3_pchip,3,3,95,12186594.296571428,-0.14992166605140775
1,heldout,raw_pchip,0,3,96,12190196.377777778,0.023018298833929224
1,heldout,lowrank3_pchip,3,3,96,12190196.377777778,0.05122923645834787
1,heldout,raw_pchip,0,3,98,12197399.116857145,-0.037868809908473966
1,heldout,lowrank3_pchip,3,3,98,12197399.116857145,-0.011496093433718406
1,heldout,raw_pchip,0,3,99,12201001.628285715,-0.038868503616611774
1,heldout,lowrank3_pchip,3,3,99,12201001.628285715,-0.03226584115824516
1,heldout,raw_pchip,0,3,101,12208204.77542857,0.058731497535878134
1,heldout,lowrank3_pchip,3,3,101,12208204.77542857,0.04984898762598531
1,heldout,raw_pchip,0,3,102,12211804.916764708,0.049539525692034035
1,heldout,lowrank3_pchip,3,3,102,12211804.916764708,0.03290372499976601
1,heldout,raw_pchip,0,3,104,12219009.526857143,0.0395752171982017
1,heldout,lowrank3_pchip,3,3,104,12219009.526857143,0.034768861016374095
1,heldout,raw_pchip,0,3,105,12222609.658529412,0.1991295528828825
1,heldout,lowrank3_pchip,3,3,105,12222609.658529412,0.19764181718622595
1,heldout,raw_pchip,0,3,107,12229812.830294117,-0.013593351203930498
1,heldout,lowrank3_pchip,3,3,107,12229812.830294117,-0.015786777074808984
1,heldout,raw_pchip,0,3,108,12233414.39,0.03848231702708184
1,heldout,lowrank3_pchip,3,3,108,12233414.39,0.03920092754703609
1,heldout,raw_pchip,0,3,110,12240617.558235295,0.03459248200369782
1,heldout,lowrank3_pchip,3,3,110,12240617.558235295,0.0347042229710558
1,heldout,raw_pchip,0,3,111,12244220.585142858,-0.007748444903485325
1,heldout,lowrank3_pchip,3,3,111,12244220.585142858,-0.005470692489263497
1,heldout,raw_pchip,0,3,113,12251423.785142856,0.00022076744904530771
1,heldout,lowrank3_pchip,3,3,113,12251423.785142856,-0.0035506379320521327
1,heldout,raw_pchip,0,3,114,12255023.916176472,-0.008651204388905891
1,heldout,lowrank3_pchip,3,3,114,12255023.916176472,-0.014776713654639406
1,heldout,raw_pchip,0,3,116,12262228.03735294,-0.05537946378617356
1,heldout,lowrank3_pchip,3,3,116,12262228.03735294,-0.04629898532142932
1,heldout,raw_pchip,0,3,117,12265828.654411765,-0.05833917045809172
1,heldout,lowrank3_pchip,3,3,117,12265828.654411765,-0.05215182363066312
1,heldout,raw_pchip,0,3,119,12273032.298571426,-0.02140488521588818
1,heldout,lowrank3_pchip,3,3,119,12273032.298571426,-0.018286077261832175
1,heldout,raw_pchip,0,3,120,12276633.854000002,0.025707687557645555
1,heldout,lowrank3_pchip,3,3,120,12276633.854000002,0.025133815764851703
1,heldout,raw_pchip,0,3,122,12283836.543529412,0.043750527711044075
1,heldout,lowrank3_pchip,3,3,122,12283836.543529412,0.03852764662960398
1,heldout,raw_pchip,0,3,123,12287439.102058824,0.018654948810103163
1,heldout,lowrank3_pchip,3,3,123,12287439.102058824,0.0004478955189724647
1,heldout,raw_pchip,0,3,125,12294642.725428572,0.05870133290421966
1,heldout,lowrank3_pchip,3,3,125,12294642.725428572,0.05366869306770234
1,heldout,raw_pchip,0,3,126,12298243.344571427,0.00576250545156379
1,heldout,lowrank3_pchip,3,3,126,12298243.344571427,0.0293984684677293
1,heldout,raw_pchip,0,3,128,12305446.97764706,-0.03663423154588885
1,heldout,lowrank3_pchip,3,3,128,12305446.97764706,-0.02614522641842707
1,heldout,raw_pchip,0,3,129,12309048.100571427,0.0089160449672117
1,heldout,lowrank3_pchip,3,3,129,12309048.100571427,0.002751296318829459
1,heldout,raw_pchip,0,3,131,12316250.755588235,0.0317935949173562
1,heldout,lowrank3_pchip,3,3,131,12316250.755588235,0.01010625994848318
1,heldout,raw_pchip,0,3,132,12319853.34611111,0.08006648287561843
1,heldout,lowrank3_pchip,3,3,132,12319853.34611111,0.0532759459434444
1,heldout,raw_pchip,0,3,134,12327055.527352942,0.09708859980289207
1,heldout,lowrank3_pchip,3,3,134,12327055.527352942,0.09383195712264596
1,heldout,raw_pchip,0,3,135,12330658.07647059,0.02207404366794726
1,heldout,lowrank3_pchip,3,3,135,12330658.07647059,0.03968134473038349
1,heldout,raw_pchip,0,3,137,12337861.275882352,0.0577820225984718
1,heldout,lowrank3_pchip,3,3,137,12337861.275882352,0.09193151961411526
1,heldout,raw_pchip,0,3,138,12341462.348,0.001940075282728015
1,heldout,lowrank3_pchip,3,3,138,12341462.348,0.038485880595084794
1,heldout,raw_pchip,0,3,140,12348666.010294117,-0.014941718760563966
1,heldout,lowrank3_pchip,3,3,140,12348666.010294117,0.023649092198446582
1,heldout,raw_pchip,0,3,141,12352266.660294117,-0.032835168212466154
1,heldout,lowrank3_pchip,3,3,141,12352266.660294117,0.023777951720328386
1,heldout,raw_pchip,0,3,143,12359470.295714285,0.05755614942839191
1,heldout,lowrank3_pchip,3,3,143,12359470.295714285,0.11665181272243488
1,heldout,raw_pchip,0,3,144,12364146.72235294,-0.09794516030224024
1,heldout,lowrank3_pchip,3,3,144,12364146.72235294,-0.06111639592972385
1,heldout,raw_pchip,0,3,146,12371282.983235294,0.23127597335010605
1,heldout,lowrank3_pchip,3,3,146,12371282.983235294,0.26919052413343014
1,heldout,raw_pchip,0,3,147,12374951.466176469,0.16207361976213458
1,heldout,lowrank3_pchip,3,3,147,12374951.466176469,0.18878845394459545
1,heldout,raw_pchip,0,3,149,12382087.253999999,0.019492752239078093
1,heldout,lowrank3_pchip,3,3,149,12382087.253999999,0.038833352150936445
1,heldout,raw_pchip,0,3,150,12385757.648285715,0.23127694900438336
1,heldout,lowrank3_pchip,3,3,150,12385757.648285715,0.23890798529551535
1,heldout,raw_pchip,0,3,152,12392891.956285713,0.1423397497888399
1,heldout,lowrank3_pchip,3,3,152,12392891.956285713,0.1165156161252101
1,heldout,raw_pchip,0,3,153,12396561.387428572,0.0631522737418731
1,heldout,lowrank3_pchip,3,3,153,12396561.387428572,0.04105907877792184
1,heldout,raw_pchip,0,3,3,11857356.149142856,-0.06220072373741507
1,heldout,lowrank3_pchip,3,3,3,11857356.149142856,-0.046049117641584786
1,heldout,raw_pchip,0,3,4,11860889.428823529,-0.024088940253023088
1,heldout,lowrank3_pchip,3,3,4,11860889.428823529,-0.008375319776202754
1,heldout,raw_pchip,0,3,6,11868160.443235295,0.2090142338095067
1,heldout,lowrank3_pchip,3,3,6,11868160.443235295,0.19802093828629663
1,heldout,raw_pchip,0,3,7,11871695.61714286,0.04277163948254509
1,heldout,lowrank3_pchip,3,3,7,11871695.61714286,0.0016568079457287522
1,heldout,raw_pchip,0,3,9,11878965.629142856,0.015385347085111823
1,heldout,lowrank3_pchip,3,3,9,11878965.629142856,0.009420551761227849
1,heldout,raw_pchip,0,3,10,11882499.378857143,-0.04595556962833727
1,heldout,lowrank3_pchip,3,3,10,11882499.378857143,-0.010115888936586057
1,heldout,raw_pchip,0,3,12,11889769.907058822,-0.05670687937930686
1,heldout,lowrank3_pchip,3,3,12,11889769.907058822,-0.021528063763592946
1,heldout,raw_pchip,0,3,13,11893304.126285715,0.01943649102471813
1,heldout,lowrank3_pchip,3,3,13,11893304.126285715,0.038983771833549126
1,heldout,raw_pchip,0,3,15,11900573.641764706,-0.06374967033146026
1,heldout,lowrank3_pchip,3,3,15,11900573.641764706,-0.07361832763866415
1,heldout,raw_pchip,0,3,16,11904109.791714286,0.06202388390211888
1,heldout,lowrank3_pchip,3,3,16,11904109.791714286,0.0548007332651903
1,heldout,raw_pchip,0,3,18,11911379.832571428,-0.045757411485032644
1,heldout,lowrank3_pchip,3,3,18,11911379.832571428,-0.03691082349416161
1,heldout,raw_pchip,0,3,19,11914914.03764706,-0.08668487896564418
1,heldout,lowrank3_pchip,3,3,19,11914914.03764706,-0.05574644232277548
1,heldout,raw_pchip,0,3,21,11922185.065588234,-0.07528941598258301
1,heldout,lowrank3_pchip,3,3,21,11922185.065588234,-0.015505566264770348
1,heldout,raw_pchip,0,3,22,11925718.333714286,0.0068949084243387195
1,heldout,lowrank3_pchip,3,3,22,11925718.333714286,0.08371466876390488
1,heldout,raw_pchip,0,3,24,11932989.343142858,-0.09648922258599749
1,heldout,lowrank3_pchip,3,3,24,11932989.343142858,-0.017742628981888515
1,heldout,raw_pchip,0,3,25,11936522.600882353,-0.026968920351045672
1,heldout,lowrank3_pchip,3,3,25,11936522.600882353,0.008640621778768424
1,heldout,raw_pchip,0,3,27,11943793.66382353,-0.08071851864448552
1,heldout,lowrank3_pchip,3,3,27,11943793.66382353,-0.10265626024986914
1,heldout,raw_pchip,0,3,28,11947328.37611111,-0.02876656325886756
1,heldout,lowrank3_pchip,3,3,28,11947328.37611111,-0.0952482760270055
1,heldout,raw_pchip,0,3,30,11954598.400588235,-0.061189298883159514
1,heldout,lowrank3_pchip,3,3,30,11954598.400588235,-0.1529834843434976
1,heldout,raw_pchip,0,3,31,11958133.073529411,-0.01065101376075743
1,heldout,lowrank3_pchip,3,3,31,11958133.073529411,-0.09964507935636677
1,heldout,raw_pchip,0,3,33,11965404.596285712,0.02220543696417225
1,heldout,lowrank3_pchip,3,3,33,11965404.596285712,-0.03356791693661928
1,heldout,raw_pchip,0,3,34,11968936.872058824,-9.823118842147923e-05
1,heldout,lowrank3_pchip,3,3,34,11968936.872058824,0.019450579776273475
1,heldout,raw_pchip,0,3,36,11976207.822058823,-0.11959103830923608
1,heldout,lowrank3_pchip,3,3,36,11976207.822058823,-0.06804544440439321
1,heldout,raw_pchip,0,3,37,11979741.570588237,-0.042424625280438236
1,heldout,lowrank3_pchip,3,3,37,11979741.570588237,-0.023432570010696728
1,heldout,raw_pchip,0,3,39,11987011.597058823,-0.024114342337505628
1,heldout,lowrank3_pchip,3,3,39,11987011.597058823,-0.026942228215656408
1,heldout,raw_pchip,0,3,40,11990547.260294119,-0.007312006367268649
1,heldout,lowrank3_pchip,3,3,40,11990547.260294119,-0.014226434874443677
1,heldout,raw_pchip,0,3,42,11997818.766,-0.03694163734904962
1,heldout,lowrank3_pchip,3,3,42,11997818.766,-0.0435219064183059
1,heldout,raw_pchip,0,3,43,12001352.017058823,-0.04177923245894099
1,heldout,lowrank3_pchip,3,3,43,12001352.017058823,-0.03711252367404634
1,heldout,raw_pchip,0,3,45,12008623.025588235,-0.08315379272289812
1,heldout,lowrank3_pchip,3,3,45,12008623.025588235,-0.07133939198217744
1,heldout,raw_pchip,0,3,46,12012156.266571429,-0.1417423910270168
1,heldout,lowrank3_pchip,3,3,46,12012156.266571429,-0.1213688559088828
1,heldout,raw_pchip,0,3,48,12019427.286857141,-0.11399329823842456
1,heldout,lowrank3_pchip,3,3,48,12019427.286857141,-0.10621265014589308
1,heldout,raw_pchip,0,3,49,12022961.047999999,-0.060320135425823956
1,heldout,lowrank3_pchip,3,3,49,12022961.047999999,-0.05805021565854314
1,heldout,raw_pchip,0,3,51,12030232.037714286,0.023960381146680563
1,heldout,lowrank3_pchip,3,3,51,12030232.037714286,0.012954642526405399
1,heldout,raw_pchip,0,3,52,12033766.765714286,0.03282215099519932
1,heldout,lowrank3_pchip,3,3,52,12033766.765714286,0.0010762551177649843
1,heldout,raw_pchip,0,3,54,12041036.292058824,0.051689023859085935
1,heldout,lowrank3_pchip,3,3,54,12041036.292058824,0.03930544446792104
1,heldout,raw_pchip,0,3,55,12044571.493714284,-0.06749883053304698
1,heldout,lowrank3_pchip,3,3,55,12044571.493714284,-0.03436761010505698
1,heldout,raw_pchip,0,3,57,12051841.103235293,-0.04215040656380621
1,heldout,lowrank3_pchip,3,3,57,12051841.103235293,0.010401054921338533
1,heldout,raw_pchip,0,3,58,12055374.859705882,-0.016423103571130006
1,heldout,lowrank3_pchip,3,3,58,12055374.859705882,0.0262553950923787
1,heldout,raw_pchip,0,3,60,12062646.376857143,-0.022923968773389272
1,heldout,lowrank3_pchip,3,3,60,12062646.376857143,0.0038698231080758934
1,heldout,raw_pchip,0,3,61,12066179.612941176,-0.021894390728860354
1,heldout,lowrank3_pchip,3,3,61,12066179.612941176,-0.007716220564919732
1,heldout,raw_pchip,0,3,63,12073452.05542857,-0.03142263826415407
1,heldout,lowrank3_pchip,3,3,63,12073452.05542857,-0.010038994781871554
1,heldout,raw_pchip,0,3,64,12076985.299999999,0.06654417851183067
1,heldout,lowrank3_pchip,3,3,64,12076985.299999999,0.09791675770081817
1,heldout,raw_pchip,0,3,66,12084257.269705882,0.01755231831327133
1,heldout,lowrank3_pchip,3,3,66,12084257.269705882,0.04830047339023985
1,heldout,raw_pchip,0,3,67,12087790.063529411,-0.009609630162678927
1,heldout,lowrank3_pchip,3,3,67,12087790.063529411,0.015581848762403058
1,heldout,raw_pchip,0,3,69,12095060.135882355,0.08009100085795903
1,heldout,lowrank3_pchip,3,3,69,12095060.135882355,0.06666363595819519
1,heldout,raw_pchip,0,3,70,12096623.247058824,0.04877251383338897
1,heldout,lowrank3_pchip,3,3,70,12096623.247058824,0.008952644715063874
1,heldout,raw_pchip,0,3,72,12103758.055142855,0.04725578537367512
1,heldout,lowrank3_pchip,3,3,72,12103758.055142855,-0.025855289804243026
1,heldout,raw_pchip,0,3,73,12107426.994705882,-0.007117012159785096
1,heldout,lowrank3_pchip,3,3,73,12107426.994705882,-0.07479147279623936
1,heldout,raw_pchip,0,3,75,12114563.282941176,0.035106767407936855
1,heldout,lowrank3_pchip,3,3,75,12114563.282941176,-0.01914160500578286
1,heldout,raw_pchip,0,3,76,12118232.213142857,-0.021974636972696283
1,heldout,lowrank3_pchip,3,3,76,12118232.213142857,-0.06574677816461227
1,heldout,raw_pchip,0,3,78,12125368.49857143,-0.016662009804735606
1,heldout,lowrank3_pchip,3,3,78,12125368.49857143,-0.05778492271567743
1,heldout,raw_pchip,0,3,79,12129036.457352942,-0.039839859356277436
1,heldout,lowrank3_pchip,3,3,79,12129036.457352942,-0.08113369501829962
1,heldout,raw_pchip,0,3,81,12136172.267142856,0.09369645831104988
1,heldout,lowrank3_pchip,3,3,81,12136172.267142856,0.042720096795910475
1,heldout,raw_pchip,0,3,82,12139842.683714287,0.03737373285001558
1,heldout,lowrank3_pchip,3,3,82,12139842.683714287,-0.030749753395388896
1,heldout,raw_pchip,0,3,84,12146977.002857143,0.036411804967227616
1,heldout,lowrank3_pchip,3,3,84,12146977.002857143,-0.016357747425460648
1,heldout,raw_pchip,0,3,85,12150645.93382353,-0.01945859504247188
1,heldout,lowrank3_pchip,3,3,85,12150645.93382353,-0.046926105612173884
1,heldout,raw_pchip,0,3,87,12157782.691142859,0.008247883081720921
1,heldout,lowrank3_pchip,3,3,87,12157782.691142859,-0.015404532033845874
1,heldout,raw_pchip,0,3,88,12161450.64235294,0.06898779104582745
1,heldout,lowrank3_pchip,3,3,88,12161450.64235294,0.041704211693865734
1,heldout,raw_pchip,0,3,90,12168586.384,0.05318357275896322
1,heldout,lowrank3_pchip,3,3,90,12168586.384,0.01401128013214698
1,heldout,raw_pchip,0,3,91,12172256.788285714,-0.033735142738070205
1,heldout,lowrank3_pchip,3,3,91,12172256.788285714,-0.0546396857022599
1,heldout,raw_pchip,0,3,93,12179390.67147059,0.059947334444722875
1,heldout,lowrank3_pchip,3,3,93,12179390.67147059,0.033287866579358553
1,heldout,raw_pchip,0,3,94,12183060.582571428,0.13991959513178726
1,heldout,lowrank3_pchip,3,3,94,12183060.582571428,0.10648171684168133
1,heldout,raw_pchip,0,3,96,12190196.377777778,0.20328198751249216
1,heldout,lowrank3_pchip,3,3,96,12190196.377777778,0.18007000519404784
1,heldout,raw_pchip,0,3,97,12193865.865,0.10827668000222687
1,heldout,lowrank3_pchip,3,3,97,12193865.865,0.10514095018416765
1,heldout,raw_pchip,0,3,99,12201001.628285715,-0.057883914185267275
1,heldout,lowrank3_pchip,3,3,99,12201001.628285715,-0.040192918961355774
1,heldout,raw_pchip,0,3,100,12204669.602647059,-0.05686592991507838
1,heldout,lowrank3_pchip,3,3,100,12204669.602647059,-0.028181359712221275
1,heldout,raw_pchip,0,3,102,12211804.916764708,0.004076277367407219
1,heldout,lowrank3_pchip,3,3,102,12211804.916764708,0.031504551895089855
1,heldout,raw_pchip,0,3,103,12215475.780571429,-0.018454225764489535
1,heldout,lowrank3_pchip,3,3,103,12215475.780571429,0.008820141169578306
1,heldout,raw_pchip,0,3,105,12222609.658529412,0.1298626864016438
1,heldout,lowrank3_pchip,3,3,105,12222609.658529412,0.1359904786973547
1,heldout,raw_pchip,0,3,106,12226279.581999999,-0.02999091689050988
1,heldout,lowrank3_pchip,3,3,106,12226279.581999999,-0.04126930722250844
1,heldout,raw_pchip,0,3,108,12233414.39,0.020780030717703533
1,heldout,lowrank3_pchip,3,3,108,12233414.39,0.01402708769453865
1,heldout,raw_pchip,0,3,109,12237084.774117647,-0.036403503401219596
1,heldout,lowrank3_pchip,3,3,109,12237084.774117647,-0.0335994072327012
1,heldout,raw_pchip,0,3,111,12244220.585142858,-0.03222425319744364
1,heldout,lowrank3_pchip,3,3,111,12244220.585142858,-0.031291361258522596
1,heldout,raw_pchip,0,3,112,12247888.113999998,-0.008591719312136085
1,heldout,lowrank3_pchip,3,3,112,12247888.113999998,-0.02449830560843937
1,heldout,raw_pchip,0,3,114,12255023.916176472,-0.011290464684867529
1,heldout,lowrank3_pchip,3,3,114,12255023.916176472,-0.026788435642193412
1,heldout,raw_pchip,0,3,115,12258694.317222219,0.013634666856276836
1,heldout,lowrank3_pchip,3,3,115,12258694.317222219,-0.014009794854546924
1,heldout,raw_pchip,0,3,117,12265828.654411765,0.03619344173609006
1,heldout,lowrank3_pchip,3,3,117,12265828.654411765,0.0035967564230186726
1,heldout,raw_pchip,0,3,118,12269499.507714285,0.06861510395325121
1,heldout,lowrank3_pchip,3,3,118,12269499.507714285,0.04398328295569584
1,heldout,raw_pchip,0,3,120,12276633.854000002,0.02445174951937664
1,heldout,lowrank3_pchip,3,3,120,12276633.854000002,0.02019853959658322
1,heldout,raw_pchip,0,3,121,12280304.279428571,-0.031651610422866606
1,heldout,lowrank3_pchip,3,3,121,12280304.279428571,-0.012099423287669676
1,heldout,raw_pchip,0,3,123,12287439.102058824,-0.024431954857030244
1,heldout,lowrank3_pchip,3,3,123,12287439.102058824,-0.02225285502638777
1,heldout,raw_pchip,0,3,124,12291108.040285714,-0.054151885827718634
1,heldout,lowrank3_pchip,3,3,124,12291108.040285714,-0.08500637709283092
1,heldout,raw_pchip,0,3,126,12298243.344571427,-0.03879169871649522
1,heldout,lowrank3_pchip,3,3,126,12298243.344571427,-0.07284643645358489
1,heldout,raw_pchip,0,3,127,12301913.713428572,0.015196430556094853
1,heldout,lowrank3_pchip,3,3,127,12301913.713428572,0.0012326020164249876
1,heldout,raw_pchip,0,3,129,12309048.100571427,0.030296504748014062
1,heldout,lowrank3_pchip,3,3,129,12309048.100571427,-0.009405147802331513
1,heldout,raw_pchip,0,3,130,12312718.49742857,-0.014136817572704151
1,heldout,lowrank3_pchip,3,3,130,12312718.49742857,-0.035264670527847944
1,heldout,raw_pchip,0,3,132,12319853.34611111,0.026241060983760736
1,heldout,lowrank3_pchip,3,3,132,12319853.34611111,0.06514965768570824
1,heldout,raw_pchip,0,3,133,12323521.782647058,-0.08860159843907255
1,heldout,lowrank3_pchip,3,3,133,12323521.782647058,-0.024125512824002618
1,heldout,raw_pchip,0,3,135,12330658.07647059,-0.05266548174927054
1,heldout,lowrank3_pchip,3,3,135,12330658.07647059,0.013627842760478705
1,heldout,raw_pchip,0,3,136,12334327.059714288,-0.06335288283828029
1,heldout,lowrank3_pchip,3,3,136,12334327.059714288,0.005647755559119677
1,heldout,raw_pchip,0,3,138,12341462.348,-0.03975600274872739
1,heldout,lowrank3_pchip,3,3,138,12341462.348,0.020784068853123994
1,heldout,raw_pchip,0,3,139,12345131.287058821,-0.017890986252620325
1,heldout,lowrank3_pchip,3,3,139,12345131.287058821,0.030641092619936198
1,heldout,raw_pchip,0,3,141,12352266.660294117,-0.017170491140205687
1,heldout,lowrank3_pchip,3,3,141,12352266.660294117,0.029150861440241913
1,heldout,raw_pchip,0,3,142,12355937.550571427,-0.027292224085749713
1,heldout,lowrank3_pchip,3,3,142,12355937.550571427,0.013023136023926133
1,heldout,raw_pchip,0,3,144,12364146.72235294,-0.1973406293569173
1,heldout,lowrank3_pchip,3,3,144,12364146.72235294,-0.16801390533904714
1,heldout,raw_pchip,0,3,145,12367680.468235295,-0.17806906143226603
1,heldout,lowrank3_pchip,3,3,145,12367680.468235295,-0.1610976630840534
1,heldout,raw_pchip,0,3,147,12374951.466176469,0.07715631883585605
1,heldout,lowrank3_pchip,3,3,147,12374951.466176469,0.09117301949689612
1,heldout,raw_pchip,0,3,148,12378486.167058825,0.001988307507025537
1,heldout,lowrank3_pchip,3,3,148,12378486.167058825,0.02087145181927396
1,heldout,raw_pchip,0,3,150,12385757.648285715,0.07201965426898622
1,heldout,lowrank3_pchip,3,3,150,12385757.648285715,0.07901113837139791
1,heldout,raw_pchip,0,3,151,12389290.40057143,-0.17531584215177817
1,heldout,lowrank3_pchip,3,3,151,12389290.40057143,-0.1933976317380362
1,heldout,raw_pchip,0,3,153,12396561.387428572,0.007683633783725141
1,heldout,lowrank3_pchip,3,3,153,12396561.387428572,0.019020587513375056
1,heldout,raw_pchip,0,3,154,12400094.615882352,0.027979440314432447
1,heldout,lowrank3_pchip,3,3,154,12400094.615882352,0.040176755778244526
1,heldout,raw_pchip,0,6,1,11850084.612941176,-0.17601813912634026
1,heldout,lowrank3_pchip,3,6,1,11850084.612941176,-0.1700576331436646
1,heldout,raw_pchip,0,6,2,11853687.672,-0.19805658104417273
1,heldout,lowrank3_pchip,3,6,2,11853687.672,-0.1833918596210166
1,heldout,raw_pchip,0,6,3,11857356.149142856,-0.22941732266965262
1,heldout,lowrank3_pchip,3,6,3,11857356.149142856,-0.2053590687766172
1,heldout,raw_pchip,0,6,4,11860889.428823529,-0.1691673366177916
1,heldout,lowrank3_pchip,3,6,4,11860889.428823529,-0.13823385392829005
1,heldout,raw_pchip,0,6,5,11864491.993529411,-0.17053653693088824
1,heldout,lowrank3_pchip,3,6,5,11864491.993529411,-0.13283085600928346
1,heldout,raw_pchip,0,6,7,11871695.61714286,-0.16319028856490278
1,heldout,lowrank3_pchip,3,6,7,11871695.61714286,-0.13194617648109128
1,heldout,raw_pchip,0,6,8,11875295.744117647,-0.20014439169033293
1,heldout,lowrank3_pchip,3,6,8,11875295.744117647,-0.16960058898701116
1,heldout,raw_pchip,0,6,9,11878965.629142856,-0.15626653184120107
1,heldout,lowrank3_pchip,3,6,9,11878965.629142856,-0.13126478527177143
1,heldout,raw_pchip,0,6,10,11882499.378857143,-0.1080037045913666
1,heldout,lowrank3_pchip,3,6,10,11882499.378857143,-0.08264833885653994
1,heldout,raw_pchip,0,6,11,11886100.471470585,0.02030681890369302
1,heldout,lowrank3_pchip,3,6,11,11886100.471470585,0.0441922217409171
1,heldout,raw_pchip,0,6,13,11893304.126285715,0.08668426340453908
1,heldout,lowrank3_pchip,3,6,13,11893304.126285715,0.1072895049932021
1,heldout,raw_pchip,0,6,14,11896906.631142857,0.06363217085660891
1,heldout,lowrank3_pchip,3,6,14,11896906.631142857,0.08242169547292409
1,heldout,raw_pchip,0,6,15,11900573.641764706,-0.010991344959674755
1,heldout,lowrank3_pchip,3,6,15,11900573.641764706,0.004662693683727866
1,heldout,raw_pchip,0,6,16,11904109.791714286,0.10725908280574827
1,heldout,lowrank3_pchip,3,6,16,11904109.791714286,0.11998836156403399
1,heldout,raw_pchip,0,6,17,11907709.925294116,0.04052993968969935
1,heldout,lowrank3_pchip,3,6,17,11907709.925294116,0.048583193601194403
1,heldout,raw_pchip,0,6,19,11914914.03764706,-0.007886361360733611
1,heldout,lowrank3_pchip,3,6,19,11914914.03764706,-0.02371052366114493
1,heldout,raw_pchip,0,6,20,11918515.142571429,0.09018615731581503
1,heldout,lowrank3_pchip,3,6,20,11918515.142571429,0.07790444582983827
1,heldout,raw_pchip,0,6,21,11922185.065588234,0.025734720687467447
1,heldout,lowrank3_pchip,3,6,21,11922185.065588234,0.014611417596221274
1,heldout,raw_pchip,0,6,22,11925718.333714286,0.13096945781032
1,heldout,lowrank3_pchip,3,6,22,11925718.333714286,0.112741685116003
1,heldout,raw_pchip,0,6,23,11929319.942000002,0.13404386656685244
1,heldout,lowrank3_pchip,3,6,23,11929319.942000002,0.1136271745849009
1,heldout,raw_pchip,0,6,25,11936522.600882353,0.027009914580393955
1,heldout,lowrank3_pchip,3,6,25,11936522.600882353,0.001407631962404909
1,heldout,raw_pchip,0,6,26,11940125.16647059,0.07189417886300378
1,heldout,lowrank3_pchip,3,6,26,11940125.16647059,0.04596187841636352
1,heldout,raw_pchip,0,6,27,11943793.66382353,0.016618282396729044
1,heldout,lowrank3_pchip,3,6,27,11943793.66382353,-0.017514262110748892
1,heldout,raw_pchip,0,6,28,11947328.37611111,0.05378256501198968
1,heldout,lowrank3_pchip,3,6,28,11947328.37611111,0.03270748730655457
1,heldout,raw_pchip,0,6,29,11950930.41542857,0.08501888484844614
1,heldout,lowrank3_pchip,3,6,29,11950930.41542857,0.06797873904682192
1,heldout,raw_pchip,0,6,31,11958133.073529411,0.03365413658125576
1,heldout,lowrank3_pchip,3,6,31,11958133.073529411,0.017339580607812693
1,heldout,raw_pchip,0,6,32,11961733.694705883,0.010129605360664281
1,heldout,lowrank3_pchip,3,6,32,11961733.694705883,-0.0017911358554088203
1,heldout,raw_pchip,0,6,33,11965404.596285712,0.06745704656378963
1,heldout,lowrank3_pchip,3,6,33,11965404.596285712,0.06457374421174313
1,heldout,raw_pchip,0,6,34,11968936.872058824,0.09425885239540072
1,heldout,lowrank3_pchip,3,6,34,11968936.872058824,0.09858959224293164
1,heldout,raw_pchip,0,6,35,11972538.414411766,0.1316872885578947
1,heldout,lowrank3_pchip,3,6,35,11972538.414411766,0.14278757639427964
1,heldout,raw_pchip,0,6,37,11979741.570588237,0.04030499923819315
1,heldout,lowrank3_pchip,3,6,37,11979741.570588237,0.04749327084605961
1,heldout,raw_pchip,0,6,38,11983344.594857143,0.05619567155196096
1,heldout,lowrank3_pchip,3,6,38,11983344.594857143,0.06317029553906726
1,heldout,raw_pchip,0,6,39,11987011.597058823,0.03321880253601794
1,heldout,lowrank3_pchip,3,6,39,11987011.597058823,0.04114356233497951
1,heldout,raw_pchip,0,6,40,11990547.260294119,0.05506201455755358
1,heldout,lowrank3_pchip,3,6,40,11990547.260294119,0.060090449946833296
1,heldout,raw_pchip,0,6,41,11994147.885294119,0.04869377659776236
1,heldout,lowrank3_pchip,3,6,41,11994147.885294119,0.04959508121566518
1,heldout,raw_pchip,0,6,43,12001352.017058823,-0.013381024584844298
1,heldout,lowrank3_pchip,3,6,43,12001352.017058823,-0.02407680749596092
1,heldout,raw_pchip,0,6,44,12004953.079714285,0.02709563404136877
1,heldout,lowrank3_pchip,3,6,44,12004953.079714285,0.009215390049520303
1,heldout,raw_pchip,0,6,45,12008623.025588235,-0.02624049809590801
1,heldout,lowrank3_pchip,3,6,45,12008623.025588235,-0.04709808520343185
1,heldout,raw_pchip,0,6,46,12012156.266571429,-0.04818015345575193
1,heldout,lowrank3_pchip,3,6,46,12012156.266571429,-0.0709374899360132
1,heldout,raw_pchip,0,6,47,12015758.35388889,0.11820403520468961
1,heldout,lowrank3_pchip,3,6,47,12015758.35388889,0.09511339940289706
1,heldout,raw_pchip,0,6,49,12022961.047999999,0.04417729395051619
1,heldout,lowrank3_pchip,3,6,49,12022961.047999999,0.0256745684699242
1,heldout,raw_pchip,0,6,50,12026563.594571428,0.07540353024950992
1,heldout,lowrank3_pchip,3,6,50,12026563.594571428,0.07113981896017217
1,heldout,raw_pchip,0,6,51,12030232.037714286,0.048650350240545745
1,heldout,lowrank3_pchip,3,6,51,12030232.037714286,0.07254373898734025
1,heldout,raw_pchip,0,6,52,12033766.765714286,0.0003254940912478256
1,heldout,lowrank3_pchip,3,6,52,12033766.765714286,0.038313229394305814
1,heldout,raw_pchip,0,6,53,12037366.84617647,-0.07330526433482205
1,heldout,lowrank3_pchip,3,6,53,12037366.84617647,-0.03162128739242786
1,heldout,raw_pchip,0,6,55,12044571.493714284,-0.05573091241707008
1,heldout,lowrank3_pchip,3,6,55,12044571.493714284,-0.024370328145056387
1,heldout,raw_pchip,0,6,56,12048171.637058824,0.04801765059253177
1,heldout,lowrank3_pchip,3,6,56,12048171.637058824,0.07143952220645619
1,heldout,raw_pchip,0,6,57,12051841.103235293,-0.006107811764493797
1,heldout,lowrank3_pchip,3,6,57,12051841.103235293,0.022157524827998695
1,heldout,raw_pchip,0,6,58,12055374.859705882,0.017515566931583026
1,heldout,lowrank3_pchip,3,6,58,12055374.859705882,0.030128759079071227
1,heldout,raw_pchip,0,6,59,12058976.944285717,0.02814188205353856
1,heldout,lowrank3_pchip,3,6,59,12058976.944285717,0.04527468694759927
1,heldout,raw_pchip,0,6,61,12066179.612941176,-0.00919292971558825
1,heldout,lowrank3_pchip,3,6,61,12066179.612941176,-0.005399675427668115
1,heldout,raw_pchip,0,6,62,12069782.658571428,-0.0017389504340438206
1,heldout,lowrank3_pchip,3,6,62,12069782.658571428,0.00014659873599905964
1,heldout,raw_pchip,0,6,63,12073452.05542857,-0.04679772267697872
1,heldout,lowrank3_pchip,3,6,63,12073452.05542857,-0.04408863862029618
1,heldout,raw_pchip,0,6,64,12076985.299999999,0.04602549958292678
1,heldout,lowrank3_pchip,3,6,64,12076985.299999999,0.049608365392871646
1,heldout,raw_pchip,0,6,65,12080586.375714287,-0.020342185021128844
1,heldout,lowrank3_pchip,3,6,65,12080586.375714287,-0.015655739033980483
1,heldout,raw_pchip,0,6,67,12087790.063529411,-0.019994247527031758
1,heldout,lowrank3_pchip,3,6,67,12087790.063529411,-0.021342119932287792
1,heldout,raw_pchip,0,6,68,12091391.159142857,-0.003266262141254112
1,heldout,lowrank3_pchip,3,6,68,12091391.159142857,-0.0010387348644594562
1,heldout,raw_pchip,0,6,69,12095060.135882355,0.05730066322336685
1,heldout,lowrank3_pchip,3,6,69,12095060.135882355,0.0474123209758159
1,heldout,raw_pchip,0,6,70,12096623.247058824,0.005982485469662656
1,heldout,lowrank3_pchip,3,6,70,12096623.247058824,-0.018625137795047472
1,heldout,raw_pchip,0,6,71,12100156.965588234,-0.06973325474756299
1,heldout,lowrank3_pchip,3,6,71,12100156.965588234,-0.08871211842067535
1,heldout,raw_pchip,0,6,73,12107426.994705882,-0.029333900412317468
1,heldout,lowrank3_pchip,3,6,73,12107426.994705882,-0.038636400891312456
1,heldout,raw_pchip,0,6,74,12110960.729117647,-0.01975170836227619
1,heldout,lowrank3_pchip,3,6,74,12110960.729117647,-0.03357570209709518
1,heldout,raw_pchip,0,6,75,12114563.282941176,0.02908137327498127
1,heldout,lowrank3_pchip,3,6,75,12114563.282941176,0.013317409331465599
1,heldout,raw_pchip,0,6,76,12118232.213142857,0.0004911031161575092
1,heldout,lowrank3_pchip,3,6,76,12118232.213142857,-0.020643965737402466
1,heldout,raw_pchip,0,6,77,12121765.470588233,0.014888996608308414
1,heldout,lowrank3_pchip,3,6,77,12121765.470588233,0.0006155592711217827
1,heldout,raw_pchip,0,6,79,12129036.457352942,-0.020556447231883268
1,heldout,lowrank3_pchip,3,6,79,12129036.457352942,-0.03734321426085878
1,heldout,raw_pchip,0,6,80,12132571.164411766,0.02559065031128724
1,heldout,lowrank3_pchip,3,6,80,12132571.164411766,0.005896453299881764
1,heldout,raw_pchip,0,6,81,12136172.267142856,0.0955370263505654
1,heldout,lowrank3_pchip,3,6,81,12136172.267142856,0.07236322273221293
1,heldout,raw_pchip,0,6,82,12139842.683714287,0.0026406178703614006
1,heldout,lowrank3_pchip,3,6,82,12139842.683714287,-0.027062847450431884
1,heldout,raw_pchip,0,6,83,12143375.924705882,-0.04685208685274172
1,heldout,lowrank3_pchip,3,6,83,12143375.924705882,-0.07570098024667049
1,heldout,raw_pchip,0,6,85,12150645.93382353,-0.04244479423963498
1,heldout,lowrank3_pchip,3,6,85,12150645.93382353,-0.05642726810210431
1,heldout,raw_pchip,0,6,86,12154179.667058824,-0.006682901908479438
1,heldout,lowrank3_pchip,3,6,86,12154179.667058824,-0.02186882278313036
1,heldout,raw_pchip,0,6,87,12157782.691142859,-0.011266809641896745
1,heldout,lowrank3_pchip,3,6,87,12157782.691142859,-0.019085746510754696
1,heldout,raw_pchip,0,6,88,12161450.64235294,0.03329196175396778
1,heldout,lowrank3_pchip,3,6,88,12161450.64235294,0.032506249593473265
1,heldout,raw_pchip,0,6,89,12164985.314166665,-0.05061934422737374
1,heldout,lowrank3_pchip,3,6,89,12164985.314166665,-0.053066477628483016
1,heldout,raw_pchip,0,6,91,12172256.788285714,-0.08993855764579148
1,heldout,lowrank3_pchip,3,6,91,12172256.788285714,-0.08983145205366816
1,heldout,raw_pchip,0,6,92,12175790.035882352,-0.07721781491888652
1,heldout,lowrank3_pchip,3,6,92,12175790.035882352,-0.07526411022520575
1,heldout,raw_pchip,0,6,93,12179390.67147059,-0.07530413347073124
1,heldout,lowrank3_pchip,3,6,93,12179390.67147059,-0.0746120417422428
1,heldout,raw_pchip,0,6,94,12183060.582571428,-0.0656566543653878
1,heldout,lowrank3_pchip,3,6,94,12183060.582571428,-0.062444455438666224
1,heldout,raw_pchip,0,6,95,12186594.296571428,-0.22149712689580003
1,heldout,lowrank3_pchip,3,6,95,12186594.296571428,-0.23014245984322856
1,heldout,raw_pchip,0,6,97,12193865.865,0.011554850081074314
1,heldout,lowrank3_pchip,3,6,97,12193865.865,-0.0004633680499011536
1,heldout,raw_pchip,0,6,98,12197399.116857145,-0.03888063006271165
1,heldout,lowrank3_pchip,3,6,98,12197399.116857145,-0.05076080018836908
1,heldout,raw_pchip,0,6,99,12201001.628285715,-0.08457323465673731
1,heldout,lowrank3_pchip,3,6,99,12201001.628285715,-0.09319907708197288
1,heldout,raw_pchip,0,6,100,12204669.602647059,-0.07100399417961413
1,heldout,lowrank3_pchip,3,6,100,12204669.602647059,-0.08015193689514047
1,heldout,raw_pchip,0,6,101,12208204.77542857,-0.0028193465095486055
1,heldout,lowrank3_pchip,3,6,101,12208204.77542857,-0.012785947500709346
1,heldout,raw_pchip,0,6,103,12215475.780571429,-0.03619885496330809
1,heldout,lowrank3_pchip,3,6,103,12215475.780571429,-0.043707708914897676
1,heldout,raw_pchip,0,6,104,12219009.526857143,-0.018394037791825853
1,heldout,lowrank3_pchip,3,6,104,12219009.526857143,-0.017829356261522857
1,heldout,raw_pchip,0,6,105,12222609.658529412,0.10796146463904802
1,heldout,lowrank3_pchip,3,6,105,12222609.658529412,0.11483055375089014
1,heldout,raw_pchip,0,6,106,12226279.581999999,-0.07619268017243645
1,heldout,lowrank3_pchip,3,6,106,12226279.581999999,-0.06259056626212152
1,heldout,raw_pchip,0,6,107,12229812.830294117,-0.048677595560419055
1,heldout,lowrank3_pchip,3,6,107,12229812.830294117,-0.03161116041506112
1,heldout,raw_pchip,0,6,109,12237084.774117647,-0.03865234859488862
1,heldout,lowrank3_pchip,3,6,109,12237084.774117647,-0.034870159977677666
1,heldout,raw_pchip,0,6,110,12240617.558235295,0.00925800506114442
1,heldout,lowrank3_pchip,3,6,110,12240617.558235295,0.0056776533997419006
1,heldout,raw_pchip,0,6,111,12244220.585142858,-0.020030353243551288
1,heldout,lowrank3_pchip,3,6,111,12244220.585142858,-0.030745784064246537
1,heldout,raw_pchip,0,6,112,12247888.113999998,-0.0025537234120194263
1,heldout,lowrank3_pchip,3,6,112,12247888.113999998,-0.020289759508188985
1,heldout,raw_pchip,0,6,113,12251423.785142856,0.003305341654883394
1,heldout,lowrank3_pchip,3,6,113,12251423.785142856,-0.021624283126875025
1,heldout,raw_pchip,0,6,115,12258694.317222219,0.0024237027768604837
1,heldout,lowrank3_pchip,3,6,115,12258694.317222219,-0.03379002405291552
1,heldout,raw_pchip,0,6,116,12262228.03735294,-0.03784158361077649
1,heldout,lowrank3_pchip,3,6,116,12262228.03735294,-0.07804204606863119
1,heldout,raw_pchip,0,6,117,12265828.654411765,-0.012263022044346506
1,heldout,lowrank3_pchip,3,6,117,12265828.654411765,-0.04448278093512201
1,heldout,raw_pchip,0,6,118,12269499.507714285,0.042947181426493584
1,heldout,lowrank3_pchip,3,6,118,12269499.507714285,0.00892536584804862
1,heldout,raw_pchip,0,6,119,12273032.298571426,-0.02151713166921253
1,heldout,lowrank3_pchip,3,6,119,12273032.298571426,-0.046964465165792564
1,heldout,raw_pchip,0,6,121,12280304.279428571,-0.03844828372673184
1,heldout,lowrank3_pchip,3,6,121,12280304.279428571,-0.06042618129339148
1,heldout,raw_pchip,0,6,122,12283836.543529412,0.009770485405969639
1,heldout,lowrank3_pchip,3,6,122,12283836.543529412,-0.02203995272443661
1,heldout,raw_pchip,0,6,123,12287439.102058824,-0.005919284519221075
1,heldout,lowrank3_pchip,3,6,123,12287439.102058824,-0.04855700957753179
1,heldout,raw_pchip,0,6,124,12291108.040285714,-0.02212605293748846
1,heldout,lowrank3_pchip,3,6,124,12291108.040285714,-0.07384922472022092
1,heldout,raw_pchip,0,6,125,12294642.725428572,0.05709966415199968
1,heldout,lowrank3_pchip,3,6,125,12294642.725428572,-0.009358481660274663
1,heldout,raw_pchip,0,6,127,12301913.713428572,0.011902802854311655
1,heldout,lowrank3_pchip,3,6,127,12301913.713428572,-0.014447725621187967
1,heldout,raw_pchip,0,6,128,12305446.97764706,-0.035194712768135364
1,heldout,lowrank3_pchip,3,6,128,12305446.97764706,-0.043091377329368144
1,heldout,raw_pchip,0,6,129,12309048.100571427,-0.029673956533497407
1,heldout,lowrank3_pchip,3,6,129,12309048.100571427,-0.005702202765050546
1,heldout,raw_pchip,0,6,130,12312718.49742857,-0.0627094864713374
1,heldout,lowrank3_pchip,3,6,130,12312718.49742857,-0.030976105972759158
1,heldout,raw_pchip,0,6,131,12316250.755588235,-0.047915002531239766
1,heldout,lowrank3_pchip,3,6,131,12316250.755588235,-0.0010608719199554548
1,heldout,raw_pchip,0,6,133,12323521.782647058,-0.07102849092162629
1,heldout,lowrank3_pchip,3,6,133,12323521.782647058,-0.00032128063819556634
1,heldout,raw_pchip,0,6,134,12327055.527352942,0.05413448415010861
1,heldout,lowrank3_pchip,3,6,134,12327055.527352942,0.1129493224127801
1,heldout,raw_pchip,0,6,135,12330658.07647059,0.014081038332391401
1,heldout,lowrank3_pchip,3,6,135,12330658.07647059,0.06562799370359067
1,heldout,raw_pchip,0,6,136,12334327.059714288,0.014848453188279705
1,heldout,lowrank3_pchip,3,6,136,12334327.059714288,0.05779799590288574
1,heldout,raw_pchip,0,6,137,12337861.275882352,0.07069306619176305
1,heldout,lowrank3_pchip,3,6,137,12337861.275882352,0.10384012758105109
1,heldout,raw_pchip,0,6,139,12345131.287058821,-0.012654644767304574
1,heldout,lowrank3_pchip,3,6,139,12345131.287058821,0.004168895200710682
1,heldout,raw_pchip,0,6,140,12348666.010294117,0.002252270116908356
1,heldout,lowrank3_pchip,3,6,140,12348666.010294117,0.014905239420354703
1,heldout,raw_pchip,0,6,141,12352266.660294117,0.026995192700822828
1,heldout,lowrank3_pchip,3,6,141,12352266.660294117,0.037058195794172695
1,heldout,raw_pchip,0,6,142,12355937.550571427,0.06541260357930263
1,heldout,lowrank3_pchip,3,6,142,12355937.550571427,0.07418845226251698
1,heldout,raw_pchip,0,6,143,12359470.295714285,0.1401791090220909
1,heldout,lowrank3_pchip,3,6,143,12359470.295714285,0.14843407530551464
1,heldout,raw_pchip,0,6,145,12367680.468235295,0.05214457920472113
1,heldout,lowrank3_pchip,3,6,145,12367680.468235295,0.058087054067484295
1,heldout,raw_pchip,0,6,146,12371282.983235294,0.2151035767409559
1,heldout,lowrank3_pchip,3,6,146,12371282.983235294,0.22870349240720647
1,heldout,raw_pchip,0,6,147,12374951.466176469,0.11463897343316855
1,heldout,lowrank3_pchip,3,6,147,12374951.466176469,0.13228997311747395
1,heldout,raw_pchip,0,6,148,12378486.167058825,-0.058328855178325686
1,heldout,lowrank3_pchip,3,6,148,12378486.167058825,-0.03988405211944702
1,heldout,raw_pchip,0,6,149,12382087.253999999,-0.11849419194282691
1,heldout,lowrank3_pchip,3,6,149,12382087.253999999,-0.09664142249166455
1,heldout,raw_pchip,0,6,151,12389290.40057143,-0.06536014588049734
1,heldout,lowrank3_pchip,3,6,151,12389290.40057143,-0.04350601563291778
1,heldout,raw_pchip,0,6,152,12392891.956285713,0.18718965122502637
1,heldout,lowrank3_pchip,3,6,152,12392891.956285713,0.21126983586192943
1,heldout,raw_pchip,0,6,153,12396561.387428572,0.18030868369245584
1,heldout,lowrank3_pchip,3,6,153,12396561.387428572,0.20222631956268755
1,heldout,raw_pchip,0,6,154,12400094.615882352,0.13470473841590147
1,heldout,lowrank3_pchip,3,6,154,12400094.615882352,0.16340191292553558
1,heldout,raw_pchip,0,6,155,12403697.672,0.07518064225685296
1,heldout,lowrank3_pchip,3,6,155,12403697.672,0.09025293944430816
1,heldout,raw_pchip,0,6,2,11853687.672,-0.015371715520132357
1,heldout,lowrank3_pchip,3,6,2,11853687.672,0.015646960670449295
1,heldout,raw_pchip,0,6,3,11857356.149142856,-0.03354114523515401
1,heldout,lowrank3_pchip,3,6,3,11857356.149142856,-0.017469737325729567
1,heldout,raw_pchip,0,6,4,11860889.428823529,0.03155248151716169
1,heldout,lowrank3_pchip,3,6,4,11860889.428823529,0.03951838737232076
1,heldout,raw_pchip,0,6,5,11864491.993529411,0.04018932691636313
1,heldout,lowrank3_pchip,3,6,5,11864491.993529411,0.0399594827049861
1,heldout,raw_pchip,0,6,6,11868160.443235295,0.19922082739484515
1,heldout,lowrank3_pchip,3,6,6,11868160.443235295,0.19532817611569522
1,heldout,raw_pchip,0,6,8,11875295.744117647,-0.07205370470035215
1,heldout,lowrank3_pchip,3,6,8,11875295.744117647,-0.07253987452609538
1,heldout,raw_pchip,0,6,9,11878965.629142856,-0.07390858372746409
1,heldout,lowrank3_pchip,3,6,9,11878965.629142856,-0.06079534974430728
1,heldout,raw_pchip,0,6,10,11882499.378857143,-0.08791271165355219
1,heldout,lowrank3_pchip,3,6,10,11882499.378857143,-0.06089794433910651
1,heldout,raw_pchip,0,6,11,11886100.471470585,-0.013393284509076885
1,heldout,lowrank3_pchip,3,6,11,11886100.471470585,0.029543953691125682
1,heldout,raw_pchip,0,6,12,11889769.907058822,-0.07541197644770313
1,heldout,lowrank3_pchip,3,6,12,11889769.907058822,-0.031659834865750074
1,heldout,raw_pchip,0,6,14,11896906.631142857,-0.004971785963354835
1,heldout,lowrank3_pchip,3,6,14,11896906.631142857,0.015631159837190937
1,heldout,raw_pchip,0,6,15,11900573.641764706,-0.06624093130714857
1,heldout,lowrank3_pchip,3,6,15,11900573.641764706,-0.05273452022780109
1,heldout,raw_pchip,0,6,16,11904109.791714286,0.07409145253908532
1,heldout,lowrank3_pchip,3,6,16,11904109.791714286,0.07192769667459326
1,heldout,raw_pchip,0,6,17,11907709.925294116,0.03445265868877463
1,heldout,lowrank3_pchip,3,6,17,11907709.925294116,0.01078698777189509
1,heldout,raw_pchip,0,6,18,11911379.832571428,0.0014290491995983094
1,heldout,lowrank3_pchip,3,6,18,11911379.832571428,-0.029438335954019842
1,heldout,raw_pchip,0,6,20,11918515.142571429,0.10884349824890359
1,heldout,lowrank3_pchip,3,6,20,11918515.142571429,0.05542014811627776
1,heldout,raw_pchip,0,6,21,11922185.065588234,0.04127116196129039
1,heldout,lowrank3_pchip,3,6,21,11922185.065588234,-0.016387026430215668
1,heldout,raw_pchip,0,6,22,11925718.333714286,0.13627852127535708
1,heldout,lowrank3_pchip,3,6,22,11925718.333714286,0.08600092828047967
1,heldout,raw_pchip,0,6,23,11929319.942000002,0.12867990768583434
1,heldout,lowrank3_pchip,3,6,23,11929319.942000002,0.08619655605849491
1,heldout,raw_pchip,0,6,24,11932989.343142858,-0.01867260427973743
1,heldout,lowrank3_pchip,3,6,24,11932989.343142858,-0.04741284375442924
1,heldout,raw_pchip,0,6,26,11940125.16647059,0.03575370008382835
1,heldout,lowrank3_pchip,3,6,26,11940125.16647059,0.018188683609432717
1,heldout,raw_pchip,0,6,27,11943793.66382353,-0.025744476346783902
1,heldout,lowrank3_pchip,3,6,27,11943793.66382353,-0.038456265829170506
1,heldout,raw_pchip,0,6,28,11947328.37611111,0.026385880032454814
1,heldout,lowrank3_pchip,3,6,28,11947328.37611111,0.014740035785101644
1,heldout,raw_pchip,0,6,29,11950930.41542857,0.07354226529271413
1,heldout,lowrank3_pchip,3,6,29,11950930.41542857,0.06256458521680712
1,heldout,raw_pchip,0,6,30,11954598.400588235,-0.027983715047392162
1,heldout,lowrank3_pchip,3,6,30,11954598.400588235,-0.028512404877293167
1,heldout,raw_pchip,0,6,32,11961733.694705883,-0.024322104911529224
1,heldout,lowrank3_pchip,3,6,32,11961733.694705883,-0.01887697886242546
1,heldout,raw_pchip,0,6,33,11965404.596285712,0.024023981136806535
1,heldout,lowrank3_pchip,3,6,33,11965404.596285712,0.03379336596378818
1,heldout,raw_pchip,0,6,34,11968936.872058824,0.05653396072084052
1,heldout,lowrank3_pchip,3,6,34,11968936.872058824,0.0649316553584729
1,heldout,raw_pchip,0,6,35,11972538.414411766,0.09061835779840069
1,heldout,lowrank3_pchip,3,6,35,11972538.414411766,0.1079539502644564
1,heldout,raw_pchip,0,6,36,11976207.822058823,-0.04258136466580662
1,heldout,lowrank3_pchip,3,6,36,11976207.822058823,-0.024523226191603992
1,heldout,raw_pchip,0,6,38,11983344.594857143,0.02301116367536099
1,heldout,lowrank3_pchip,3,6,38,11983344.594857143,0.035582970730061066
1,heldout,raw_pchip,0,6,39,11987011.597058823,0.004780062981211371
1,heldout,lowrank3_pchip,3,6,39,11987011.597058823,0.019157928174803038
1,heldout,raw_pchip,0,6,40,11990547.260294119,0.034556377216366514
1,heldout,lowrank3_pchip,3,6,40,11990547.260294119,0.0448663056914276
1,heldout,raw_pchip,0,6,41,11994147.885294119,0.04836266266170703
1,heldout,lowrank3_pchip,3,6,41,11994147.885294119,0.04639327715128697
1,heldout,raw_pchip,0,6,42,11997818.766,0.003605327140932296
1,heldout,lowrank3_pchip,3,6,42,11997818.766,-0.0039269350876692255
1,heldout,raw_pchip,0,6,44,12004953.079714285,0.045389383559880404
1,heldout,lowrank3_pchip,3,6,44,12004953.079714285,0.02694480994642263
1,heldout,raw_pchip,0,6,45,12008623.025588235,-0.028231243113266594
1,heldout,lowrank3_pchip,3,6,45,12008623.025588235,-0.04361196753232379
1,heldout,raw_pchip,0,6,46,12012156.266571429,-0.06865183948411739
1,heldout,lowrank3_pchip,3,6,46,12012156.266571429,-0.07894681834538664
1,heldout,raw_pchip,0,6,47,12015758.35388889,0.07905550559836075
1,heldout,lowrank3_pchip,3,6,47,12015758.35388889,0.07509615703801525
1,heldout,raw_pchip,0,6,48,12019427.286857141,-0.05152849278576269
1,heldout,lowrank3_pchip,3,6,48,12019427.286857141,-0.051202622402070776
1,heldout,raw_pchip,0,6,50,12026563.594571428,0.05105414163910967
1,heldout,lowrank3_pchip,3,6,50,12026563.594571428,0.05197365318535807
1,heldout,raw_pchip,0,6,51,12030232.037714286,0.04956777706001511
1,heldout,lowrank3_pchip,3,6,51,12030232.037714286,0.04708371864474815
1,heldout,raw_pchip,0,6,52,12033766.765714286,0.01834066502054357
1,heldout,lowrank3_pchip,3,6,52,12033766.765714286,0.015801802312004874
1,heldout,raw_pchip,0,6,53,12037366.84617647,-0.032488977829520906
1,heldout,lowrank3_pchip,3,6,53,12037366.84617647,-0.04691207794724528
1,heldout,raw_pchip,0,6,54,12041036.292058824,0.05588988729332577
1,heldout,lowrank3_pchip,3,6,54,12041036.292058824,0.037309634162215596
1,heldout,raw_pchip,0,6,56,12048171.637058824,0.09362209978540208
1,heldout,lowrank3_pchip,3,6,56,12048171.637058824,0.07341742471471759
1,heldout,raw_pchip,0,6,57,12051841.103235293,0.03709430764533772
1,heldout,lowrank3_pchip,3,6,57,12051841.103235293,0.020551275436020727
1,heldout,raw_pchip,0,6,58,12055374.859705882,0.04534695106318847
1,heldout,lowrank3_pchip,3,6,58,12055374.859705882,0.02788425683722171
1,heldout,raw_pchip,0,6,59,12058976.944285717,0.052702265904295074
1,heldout,lowrank3_pchip,3,6,59,12058976.944285717,0.041493045558812225
1,heldout,raw_pchip,0,6,60,12062646.376857143,0.012776733977788423
1,heldout,lowrank3_pchip,3,6,60,12062646.376857143,0.003676793748932367
1,heldout,raw_pchip,0,6,62,12069782.658571428,0.003949221735558544
1,heldout,lowrank3_pchip,3,6,62,12069782.658571428,0.0010217566736553062
1,heldout,raw_pchip,0,6,63,12073452.05542857,-0.03963105570588942
1,heldout,lowrank3_pchip,3,6,63,12073452.05542857,-0.041360498388219195
1,heldout,raw_pchip,0,6,64,12076985.299999999,0.05513975349867112
1,heldout,lowrank3_pchip,3,6,64,12076985.299999999,0.05650605923970673
1,heldout,raw_pchip,0,6,65,12080586.375714287,-0.008670517970874614
1,heldout,lowrank3_pchip,3,6,65,12080586.375714287,-0.0032437008070502495
1,heldout,raw_pchip,0,6,66,12084257.269705882,0.014586688851366174
1,heldout,lowrank3_pchip,3,6,66,12084257.269705882,0.023883967132877167
1,heldout,raw_pchip,0,6,68,12091391.159142857,0.026963995199589204
1,heldout,lowrank3_pchip,3,6,68,12091391.159142857,0.038782985276393796
1,heldout,raw_pchip,0,6,69,12095060.135882355,0.09390013633143932
1,heldout,lowrank3_pchip,3,6,69,12095060.135882355,0.10380140549908978
1,heldout,raw_pchip,0,6,70,12096623.247058824,0.04359825152626954
1,heldout,lowrank3_pchip,3,6,70,12096623.247058824,0.051162396035491435
1,heldout,raw_pchip,0,6,71,12100156.965588234,-0.031596685401848484
1,heldout,lowrank3_pchip,3,6,71,12100156.965588234,-0.031270317885853424
1,heldout,raw_pchip,0,6,72,12103758.055142855,0.03208214856153348
1,heldout,lowrank3_pchip,3,6,72,12103758.055142855,0.027175662773308344
1,heldout,raw_pchip,0,6,74,12110960.729117647,0.00941214725481942
1,heldout,lowrank3_pchip,3,6,74,12110960.729117647,-0.0007216085197778644
1,heldout,raw_pchip,0,6,75,12114563.282941176,0.05340916864078317
1,heldout,lowrank3_pchip,3,6,75,12114563.282941176,0.041518928791807276
1,heldout,raw_pchip,0,6,76,12118232.213142857,0.030524924925525176
1,heldout,lowrank3_pchip,3,6,76,12118232.213142857,0.00234263463006485
1,heldout,raw_pchip,0,6,77,12121765.470588233,0.04421916051567728
1,heldout,lowrank3_pchip,3,6,77,12121765.470588233,0.01995049652620544
1,heldout,raw_pchip,0,6,78,12125368.49857143,0.025255055678429783
1,heldout,lowrank3_pchip,3,6,78,12125368.49857143,-0.008423297443041558
1,heldout,raw_pchip,0,6,80,12132571.164411766,0.042078539205413164
1,heldout,lowrank3_pchip,3,6,80,12132571.164411766,0.014353147110132993
1,heldout,raw_pchip,0,6,81,12136172.267142856,0.11506434878026019
1,heldout,lowrank3_pchip,3,6,81,12136172.267142856,0.08688979437809354
1,heldout,raw_pchip,0,6,82,12139842.683714287,0.024249662262860783
1,heldout,lowrank3_pchip,3,6,82,12139842.683714287,-0.0038628788506617916
1,heldout,raw_pchip,0,6,83,12143375.924705882,-0.028140467872935185
1,heldout,lowrank3_pchip,3,6,83,12143375.924705882,-0.05656177398386233
1,heldout,raw_pchip,0,6,84,12146977.002857143,0.035509981690204015
1,heldout,lowrank3_pchip,3,6,84,12146977.002857143,-0.005349358067409872
1,heldout,raw_pchip,0,6,86,12154179.667058824,0.03569210084529278
1,heldout,lowrank3_pchip,3,6,86,12154179.667058824,-0.010206602684303697
1,heldout,raw_pchip,0,6,87,12157782.691142859,0.040348719136098166
1,heldout,lowrank3_pchip,3,6,87,12157782.691142859,-0.010761625001811331
1,heldout,raw_pchip,0,6,88,12161450.64235294,0.08887570247765957
1,heldout,lowrank3_pchip,3,6,88,12161450.64235294,0.04164627350842697
1,heldout,raw_pchip,0,6,89,12164985.314166665,0.012300531323891051
1,heldout,lowrank3_pchip,3,6,89,12164985.314166665,-0.039101068027045625
1,heldout,raw_pchip,0,6,90,12168586.384,0.07408274924768542
1,heldout,lowrank3_pchip,3,6,90,12168586.384,0.023881122562192297
1,heldout,raw_pchip,0,6,92,12175790.035882352,0.021353477862543758
1,heldout,lowrank3_pchip,3,6,92,12175790.035882352,-0.018388196355559903
1,heldout,raw_pchip,0,6,93,12179390.67147059,0.014580083901040684
1,heldout,lowrank3_pchip,3,6,93,12179390.67147059,-0.00994575644170804
1,heldout,raw_pchip,0,6,94,12183060.582571428,0.002018194133670212
1,heldout,lowrank3_pchip,3,6,94,12183060.582571428,-2.0032439062961807e-05
1,heldout,raw_pchip,0,6,95,12186594.296571428,-0.19029872586591437
1,heldout,lowrank3_pchip,3,6,95,12186594.296571428,-0.1743500454455939
1,heldout,raw_pchip,0,6,96,12190196.377777778,0.00718062693877873
1,heldout,lowrank3_pchip,3,6,96,12190196.377777778,0.03382335607760549
1,heldout,raw_pchip,0,6,98,12197399.116857145,-0.05410644945547707
1,heldout,lowrank3_pchip,3,6,98,12197399.116857145,-0.02669326962527282
1,heldout,raw_pchip,0,6,99,12201001.628285715,-0.09322708472460829
1,heldout,lowrank3_pchip,3,6,99,12201001.628285715,-0.07285160138960421
1,heldout,raw_pchip,0,6,100,12204669.602647059,-0.07019633573725294
1,heldout,lowrank3_pchip,3,6,100,12204669.602647059,-0.05876648477464339
1,heldout,raw_pchip,0,6,101,12208204.77542857,0.010591882567183741
1,heldout,lowrank3_pchip,3,6,101,12208204.77542857,0.013823109057718625
1,heldout,raw_pchip,0,6,102,12211804.916764708,0.037332109253495754
1,heldout,lowrank3_pchip,3,6,102,12211804.916764708,0.0219428122226209
1,heldout,raw_pchip,0,6,104,12219009.526857143,0.004198685975341402
1,heldout,lowrank3_pchip,3,6,104,12219009.526857143,-0.01053138671698149
1,heldout,raw_pchip,0,6,105,12222609.658529412,0.10878083557780002
1,heldout,lowrank3_pchip,3,6,105,12222609.658529412,0.10314408045387673
1,heldout,raw_pchip,0,6,106,12226279.581999999,-0.08183753677569523
1,heldout,lowrank3_pchip,3,6,106,12226279.581999999,-0.07421013238661091
1,heldout,raw_pchip,0,6,107,12229812.830294117,-0.04947539404908287
1,heldout,lowrank3_pchip,3,6,107,12229812.830294117,-0.03686466276299081
1,heldout,raw_pchip,0,6,108,12233414.39,0.023995565447286028
1,heldout,lowrank3_pchip,3,6,108,12233414.39,0.03628597914269268
1,heldout,raw_pchip,0,6,110,12240617.558235295,0.04837691132877497
1,heldout,lowrank3_pchip,3,6,110,12240617.558235295,0.049171195865070294
1,heldout,raw_pchip,0,6,111,12244220.585142858,0.01260923911426924
1,heldout,lowrank3_pchip,3,6,111,12244220.585142858,0.009909843948246547
1,heldout,raw_pchip,0,6,112,12247888.113999998,0.018879511905428314
1,heldout,lowrank3_pchip,3,6,112,12247888.113999998,0.015405443076458337
1,heldout,raw_pchip,0,6,113,12251423.785142856,0.011920136079052169
1,heldout,lowrank3_pchip,3,6,113,12251423.785142856,0.009609664878507722
1,heldout,raw_pchip,0,6,114,12255023.916176472,-0.0049918813631703845
1,heldout,lowrank3_pchip,3,6,114,12255023.916176472,-0.0048090124039568295
1,heldout,raw_pchip,0,6,116,12262228.03735294,-0.026999107819743573
1,heldout,lowrank3_pchip,3,6,116,12262228.03735294,-0.016274586916285468
1,heldout,raw_pchip,0,6,117,12265828.654411765,0.021494145677059616
1,heldout,lowrank3_pchip,3,6,117,12265828.654411765,0.02580176226421317
1,heldout,raw_pchip,0,6,118,12269499.507714285,0.09023021915337115
1,heldout,lowrank3_pchip,3,6,118,12269499.507714285,0.09246946563498312
1,heldout,raw_pchip,0,6,119,12273032.298571426,0.025681404795231278
1,heldout,lowrank3_pchip,3,6,119,12273032.298571426,0.025712981134177786
1,heldout,raw_pchip,0,6,120,12276633.854000002,0.048675644243068444
1,heldout,lowrank3_pchip,3,6,120,12276633.854000002,0.047269100223161234
1,heldout,raw_pchip,0,6,122,12283836.543529412,0.032447913363358
1,heldout,lowrank3_pchip,3,6,122,12283836.543529412,0.038710053688173506
1,heldout,raw_pchip,0,6,123,12287439.102058824,-0.005208392297747651
1,heldout,lowrank3_pchip,3,6,123,12287439.102058824,0.0041384690613685965
1,heldout,raw_pchip,0,6,124,12291108.040285714,-0.03653717295744277
1,heldout,lowrank3_pchip,3,6,124,12291108.040285714,-0.018776030125185705
1,heldout,raw_pchip,0,6,125,12294642.725428572,0.022328730471851077
1,heldout,lowrank3_pchip,3,6,125,12294642.725428572,0.04801221699947329
1,heldout,raw_pchip,0,6,126,12298243.344571427,-0.017728690349543535
1,heldout,lowrank3_pchip,3,6,126,12298243.344571427,0.016916077164059715
1,heldout,raw_pchip,0,6,128,12305446.97764706,-0.02921554414568708
1,heldout,lowrank3_pchip,3,6,128,12305446.97764706,0.0030586258099491405
1,heldout,raw_pchip,0,6,129,12309048.100571427,-0.01241883717764925
1,heldout,lowrank3_pchip,3,6,129,12309048.100571427,0.02453621149923139
1,heldout,raw_pchip,0,6,130,12312718.49742857,-0.02898482204795846
1,heldout,lowrank3_pchip,3,6,130,12312718.49742857,-0.016890341183023815
1,heldout,raw_pchip,0,6,131,12316250.755588235,0.001133979105540241
1,heldout,lowrank3_pchip,3,6,131,12316250.755588235,0.00022588237374052017
1,heldout,raw_pchip,0,6,132,12319853.34611111,0.06553474552853263
1,heldout,lowrank3_pchip,3,6,132,12319853.34611111,0.052900280732781545
1,heldout,raw_pchip,0,6,134,12327055.527352942,0.10868467081000414
1,heldout,lowrank3_pchip,3,6,134,12327055.527352942,0.09136681863565478
1,heldout,raw_pchip,0,6,135,12330658.07647059,0.048636261383945015
1,heldout,lowrank3_pchip,3,6,135,12330658.07647059,0.037706241788281254
1,heldout,raw_pchip,0,6,136,12334327.059714288,0.02207831347657189
1,heldout,lowrank3_pchip,3,6,136,12334327.059714288,0.02831338438503992
1,heldout,raw_pchip,0,6,137,12337861.275882352,0.06646913887639862
1,heldout,lowrank3_pchip,3,6,137,12337861.275882352,0.08351466551415003
1,heldout,raw_pchip,0,6,138,12341462.348,-0.002652837875761577
1,heldout,lowrank3_pchip,3,6,138,12341462.348,0.027198152323233648
1,heldout,raw_pchip,0,6,140,12348666.010294117,0.009369135146448306
1,heldout,lowrank3_pchip,3,6,140,12348666.010294117,0.03886346125955412
1,heldout,raw_pchip,0,6,141,12352266.660294117,4.261134462714672e-05
1,heldout,lowrank3_pchip,3,6,141,12352266.660294117,0.043422492820462615
1,heldout,raw_pchip,0,6,142,12355937.550571427,0.021334808486503112
1,heldout,lowrank3_pchip,3,6,142,12355937.550571427,0.05624416872426257
1,heldout,raw_pchip,0,6,143,12359470.295714285,0.07186780890399953
1,heldout,lowrank3_pchip,3,6,143,12359470.295714285,0.11035983414780896
1,heldout,raw_pchip,0,6,144,12364146.72235294,-0.07494065445932233
1,heldout,lowrank3_pchip,3,6,144,12364146.72235294,-0.03311761341784327
1,heldout,raw_pchip,0,6,146,12371282.983235294,0.2234880920547252
1,heldout,lowrank3_pchip,3,6,146,12371282.983235294,0.2730169434894086
1,heldout,raw_pchip,0,6,147,12374951.466176469,0.1720551937273594
1,heldout,lowrank3_pchip,3,6,147,12374951.466176469,0.2102734367396852
1,heldout,raw_pchip,0,6,148,12378486.167058825,0.027131862716714583
1,heldout,lowrank3_pchip,3,6,148,12378486.167058825,0.05592413138455685
1,heldout,raw_pchip,0,6,149,12382087.253999999,-0.0416218182224143
1,heldout,lowrank3_pchip,3,6,149,12382087.253999999,-0.030976683330599577
1,heldout,raw_pchip,0,6,150,12385757.648285715,0.12620358333757503
1,heldout,lowrank3_pchip,3,6,150,12385757.648285715,0.12904877224932837
1,heldout,raw_pchip,0,6,3,11857356.149142856,-0.001545431142261836
1,heldout,lowrank3_pchip,3,6,3,11857356.149142856,-0.012007693028886594
1,heldout,raw_pchip,0,6,4,11860889.428823529,0.07355821351831397
1,heldout,lowrank3_pchip,3,6,4,11860889.428823529,0.05516891920062857
1,heldout,raw_pchip,0,6,5,11864491.993529411,0.10270602325360467
1,heldout,lowrank3_pchip,3,6,5,11864491.993529411,0.06784540667409188
1,heldout,raw_pchip,0,6,6,11868160.443235295,0.2729551868781809
1,heldout,lowrank3_pchip,3,6,6,11868160.443235295,0.24409834169462824
1,heldout,raw_pchip,0,6,7,11871695.61714286,0.06821322602523461
1,heldout,lowrank3_pchip,3,6,7,11871695.61714286,0.040355596717277877
1,heldout,raw_pchip,0,6,9,11878965.629142856,0.024076727014012995
1,heldout,lowrank3_pchip,3,6,9,11878965.629142856,0.018555597071124176
1,heldout,raw_pchip,0,6,10,11882499.378857143,0.0043106820389149265
1,heldout,lowrank3_pchip,3,6,10,11882499.378857143,0.0057407182033764265
1,heldout,raw_pchip,0,6,11,11886100.471470585,0.06156404617793826
1,heldout,lowrank3_pchip,3,6,11,11886100.471470585,0.06986698918808655
1,heldout,raw_pchip,0,6,12,11889769.907058822,-0.020375558169211355
1,heldout,lowrank3_pchip,3,6,12,11889769.907058822,-0.008271191116860994
1,heldout,raw_pchip,0,6,13,11893304.126285715,0.03155775492646695
1,heldout,lowrank3_pchip,3,6,13,11893304.126285715,0.048927404394893875
1,heldout,raw_pchip,0,6,15,11900573.641764706,-0.07892228392993202
1,heldout,lowrank3_pchip,3,6,15,11900573.641764706,-0.04753746247458332
1,heldout,raw_pchip,0,6,16,11904109.791714286,0.05604553434647661
1,heldout,lowrank3_pchip,3,6,16,11904109.791714286,0.0902620160348346
1,heldout,raw_pchip,0,6,17,11907709.925294116,-0.020202415525240134
1,heldout,lowrank3_pchip,3,6,17,11907709.925294116,0.030166784261464342
1,heldout,raw_pchip,0,6,18,11911379.832571428,-0.06690499586323118
1,heldout,lowrank3_pchip,3,6,18,11911379.832571428,-0.010673396268252667
1,heldout,raw_pchip,0,6,19,11914914.03764706,-0.09612328059070603
1,heldout,lowrank3_pchip,3,6,19,11914914.03764706,-0.03609217014629539
1,heldout,raw_pchip,0,6,21,11922185.065588234,-0.06122842673892622
1,heldout,lowrank3_pchip,3,6,21,11922185.065588234,0.011516983639166135
1,heldout,raw_pchip,0,6,22,11925718.333714286,0.04328610069112315
1,heldout,lowrank3_pchip,3,6,22,11925718.333714286,0.10915318266159597
1,heldout,raw_pchip,0,6,23,11929319.942000002,0.05462402192192806
1,heldout,lowrank3_pchip,3,6,23,11929319.942000002,0.11500660696838814
1,heldout,raw_pchip,0,6,24,11932989.343142858,-0.06852353402412505
1,heldout,lowrank3_pchip,3,6,24,11932989.343142858,-0.02128481566604731
1,heldout,raw_pchip,0,6,25,11936522.600882353,-0.038330000426334665
1,heldout,lowrank3_pchip,3,6,25,11936522.600882353,-0.004875527185187546
1,heldout,raw_pchip,0,6,27,11943793.66382353,-0.054816443549986466
1,heldout,lowrank3_pchip,3,6,27,11943793.66382353,-0.059424628205412236
1,heldout,raw_pchip,0,6,28,11947328.37611111,-0.01774803814863391
1,heldout,lowrank3_pchip,3,6,28,11947328.37611111,-0.046039517480481545
1,heldout,raw_pchip,0,6,29,11950930.41542857,0.02989237120350696
1,heldout,lowrank3_pchip,3,6,29,11950930.41542857,-0.014293461863925383
1,heldout,raw_pchip,0,6,30,11954598.400588235,-0.05423632922831057
1,heldout,lowrank3_pchip,3,6,30,11954598.400588235,-0.11528407681158823
1,heldout,raw_pchip,0,6,31,11958133.073529411,-0.013527909579491924
1,heldout,lowrank3_pchip,3,6,31,11958133.073529411,-0.08251416970603634
1,heldout,raw_pchip,0,6,33,11965404.596285712,0.0684302501268265
1,heldout,lowrank3_pchip,3,6,33,11965404.596285712,-0.002158714880702571
1,heldout,raw_pchip,0,6,34,11968936.872058824,0.09800001924842096
1,heldout,lowrank3_pchip,3,6,34,11968936.872058824,0.046552192526123685
1,heldout,raw_pchip,0,6,35,11972538.414411766,0.1290070189220566
1,heldout,lowrank3_pchip,3,6,35,11972538.414411766,0.09304349925519953
1,heldout,raw_pchip,0,6,36,11976207.822058823,-0.023445512144283368
1,heldout,lowrank3_pchip,3,6,36,11976207.822058823,-0.03684910071985222
1,heldout,raw_pchip,0,6,37,11979741.570588237,-0.002013657466063913
1,heldout,lowrank3_pchip,3,6,37,11979741.570588237,0.00031707087576702414
1,heldout,raw_pchip,0,6,39,11987011.597058823,-0.02658078003112208
1,heldout,lowrank3_pchip,3,6,39,11987011.597058823,-0.017568274024999442
1,heldout,raw_pchip,0,6,40,11990547.260294119,-0.010785927228470818
1,heldout,lowrank3_pchip,3,6,40,11990547.260294119,0.004834291960855582
1,heldout,raw_pchip,0,6,41,11994147.885294119,-0.003797065352950928
1,heldout,lowrank3_pchip,3,6,41,11994147.885294119,0.016149733807079736
1,heldout,raw_pchip,0,6,42,11997818.766,-0.04764757700428471
1,heldout,lowrank3_pchip,3,6,42,11997818.766,-0.035052447917306585
1,heldout,raw_pchip,0,6,43,12001352.017058823,-0.05466671390447803
1,heldout,lowrank3_pchip,3,6,43,12001352.017058823,-0.043027059905705295
1,heldout,raw_pchip,0,6,45,12008623.025588235,-0.0604902173207177
1,heldout,lowrank3_pchip,3,6,45,12008623.025588235,-0.04903054007364221
1,heldout,raw_pchip,0,6,46,12012156.266571429,-0.0906782330493282
1,heldout,lowrank3_pchip,3,6,46,12012156.266571429,-0.0886721148637901
1,heldout,raw_pchip,0,6,47,12015758.35388889,0.05807669959583426
1,heldout,lowrank3_pchip,3,6,47,12015758.35388889,0.055090159885495815
1,heldout,raw_pchip,0,6,48,12019427.286857141,-0.08893742413084206
1,heldout,lowrank3_pchip,3,6,48,12019427.286857141,-0.093173455091821
1,heldout,raw_pchip,0,6,49,12022961.047999999,-0.04593174695490179
1,heldout,lowrank3_pchip,3,6,49,12022961.047999999,-0.0546281287510275
1,heldout,raw_pchip,0,6,51,12030232.037714286,-0.013747958841899412
1,heldout,lowrank3_pchip,3,6,51,12030232.037714286,-0.01954993019130726
1,heldout,raw_pchip,0,6,52,12033766.765714286,-0.05562829658444989
1,heldout,lowrank3_pchip,3,6,52,12033766.765714286,-0.0457639179007759
1,heldout,raw_pchip,0,6,53,12037366.84617647,-0.1289772345599433
1,heldout,lowrank3_pchip,3,6,53,12037366.84617647,-0.09803847007081323
1,heldout,raw_pchip,0,6,54,12041036.292058824,-0.05682070303412634
1,heldout,lowrank3_pchip,3,6,54,12041036.292058824,-0.006604948644533987
1,heldout,raw_pchip,0,6,55,12044571.493714284,-0.11125230872630622
1,heldout,lowrank3_pchip,3,6,55,12044571.493714284,-0.05202684121490236
1,heldout,raw_pchip,0,6,57,12051841.103235293,-0.046908156247220376
1,heldout,lowrank3_pchip,3,6,57,12051841.103235293,-0.006264183666354856
1,heldout,raw_pchip,0,6,58,12055374.859705882,-0.023523713338736114
1,heldout,lowrank3_pchip,3,6,58,12055374.859705882,0.008099964689507787
1,heldout,raw_pchip,0,6,59,12058976.944285717,-0.014044050182243162
1,heldout,lowrank3_pchip,3,6,59,12058976.944285717,0.016831547009964073
1,heldout,raw_pchip,0,6,60,12062646.376857143,-0.036928625212682815
1,heldout,lowrank3_pchip,3,6,60,12062646.376857143,-0.019842229677752392
1,heldout,raw_pchip,0,6,61,12066179.612941176,-0.031910890391129404
1,heldout,lowrank3_pchip,3,6,61,12066179.612941176,-0.023873158254600242
1,heldout,raw_pchip,0,6,63,12073452.05542857,-0.02039406444039351
1,heldout,lowrank3_pchip,3,6,63,12073452.05542857,-0.033982839751420746
1,heldout,raw_pchip,0,6,64,12076985.299999999,0.08497558123359497
1,heldout,lowrank3_pchip,3,6,64,12076985.299999999,0.07222958403838634
1,heldout,raw_pchip,0,6,65,12080586.375714287,0.013990064277203028
1,heldout,lowrank3_pchip,3,6,65,12080586.375714287,0.01465309410584779
1,heldout,raw_pchip,0,6,66,12084257.269705882,0.031352677045158976
1,heldout,lowrank3_pchip,3,6,66,12084257.269705882,0.03411637048106428
1,heldout,raw_pchip,0,6,67,12087790.063529411,-0.0036517158832863298
1,heldout,lowrank3_pchip,3,6,67,12087790.063529411,0.007501206794283567
1,heldout,raw_pchip,0,6,69,12095060.135882355,0.05006113797900246
1,heldout,lowrank3_pchip,3,6,69,12095060.135882355,0.057260639124834097
1,heldout,raw_pchip,0,6,70,12096623.247058824,0.0013670061532032186
1,heldout,lowrank3_pchip,3,6,70,12096623.247058824,-0.0015154075616153112
1,heldout,raw_pchip,0,6,71,12100156.965588234,-0.05855460702215808
1,heldout,lowrank3_pchip,3,6,71,12100156.965588234,-0.07386946425256594
1,heldout,raw_pchip,0,6,72,12103758.055142855,0.018320624943125603
1,heldout,lowrank3_pchip,3,6,72,12103758.055142855,-0.024394916661797127
1,heldout,raw_pchip,0,6,73,12107426.994705882,-0.008027408645812074
1,heldout,lowrank3_pchip,3,6,73,12107426.994705882,-0.06259594319158487
1,heldout,raw_pchip,0,6,75,12114563.282941176,0.03930063007212363
1,heldout,lowrank3_pchip,3,6,75,12114563.282941176,-0.019823370072991522
1,heldout,raw_pchip,0,6,76,12118232.213142857,0.016318510887641864
1,heldout,lowrank3_pchip,3,6,76,12118232.213142857,-0.05228222787476591
1,heldout,raw_pchip,0,6,77,12121765.470588233,0.03336303796777103
1,heldout,lowrank3_pchip,3,6,77,12121765.470588233,-0.023415093637608478
1,heldout,raw_pchip,0,6,78,12125368.49857143,0.014604731700209081
1,heldout,lowrank3_pchip,3,6,78,12125368.49857143,-0.0403961747151034
1,heldout,raw_pchip,0,6,79,12129036.457352942,-0.020390918869104435
1,heldout,lowrank3_pchip,3,6,79,12129036.457352942,-0.06487319766650664
1,heldout,raw_pchip,0,6,81,12136172.267142856,0.05660665309568294
1,heldout,lowrank3_pchip,3,6,81,12136172.267142856,0.010768976392162937
1,heldout,raw_pchip,0,6,82,12139842.683714287,-0.03545392937708268
1,heldout,lowrank3_pchip,3,6,82,12139842.683714287,-0.07833070055394109
1,heldout,raw_pchip,0,6,83,12143375.924705882,-0.07192731772591873
1,heldout,lowrank3_pchip,3,6,83,12143375.924705882,-0.10822865360471465
1,heldout,raw_pchip,0,6,84,12146977.002857143,-0.008301130737621622
1,heldout,lowrank3_pchip,3,6,84,12146977.002857143,-0.03728554519367741
1,heldout,raw_pchip,0,6,85,12150645.93382353,-0.02945742545616537
1,heldout,lowrank3_pchip,3,6,85,12150645.93382353,-0.0530230144439511
1,heldout,raw_pchip,0,6,87,12157782.691142859,-0.00283338539189771
1,heldout,lowrank3_pchip,3,6,87,12157782.691142859,-0.03331149069277144
1,heldout,raw_pchip,0,6,88,12161450.64235294,0.04267767031310203
1,heldout,lowrank3_pchip,3,6,88,12161450.64235294,0.01835323909167668
1,heldout,raw_pchip,0,6,89,12164985.314166665,-0.03826422789927111
1,heldout,lowrank3_pchip,3,6,89,12164985.314166665,-0.06472367573931927
1,heldout,raw_pchip,0,6,90,12168586.384,0.027055465602129198
1,heldout,lowrank3_pchip,3,6,90,12168586.384,0.0017588317509635587
1,heldout,raw_pchip,0,6,91,12172256.788285714,-0.03956541177460625
1,heldout,lowrank3_pchip,3,6,91,12172256.788285714,-0.06389469460228814
1,heldout,raw_pchip,0,6,93,12179390.67147059,0.02360969718748481
1,heldout,lowrank3_pchip,3,6,93,12179390.67147059,-0.0002205765068322964
1,heldout,raw_pchip,0,6,94,12183060.582571428,0.043497546678896166
1,heldout,lowrank3_pchip,3,6,94,12183060.582571428,0.02136231398432169
1,heldout,raw_pchip,0,6,95,12186594.296571428,-0.12457315236450593
1,heldout,lowrank3_pchip,3,6,95,12186594.296571428,-0.14018019197342763
1,heldout,raw_pchip,0,6,96,12190196.377777778,0.09255089416151988
1,heldout,lowrank3_pchip,3,6,96,12190196.377777778,0.08425692349988095
1,heldout,raw_pchip,0,6,97,12193865.865,0.0775743957683186
1,heldout,lowrank3_pchip,3,6,97,12193865.865,0.07032110181344274
1,heldout,raw_pchip,0,6,99,12201001.628285715,-0.06474304634110498
1,heldout,lowrank3_pchip,3,6,99,12201001.628285715,-0.06487648292080414
1,heldout,raw_pchip,0,6,100,12204669.602647059,-0.05229721081435447
1,heldout,lowrank3_pchip,3,6,100,12204669.602647059,-0.05029916316714165
1,heldout,raw_pchip,0,6,101,12208204.77542857,0.03308507888545268
1,heldout,lowrank3_pchip,3,6,101,12208204.77542857,0.0316101660494653
1,heldout,raw_pchip,0,6,102,12211804.916764708,0.05019234043577108
1,heldout,lowrank3_pchip,3,6,102,12211804.916764708,0.05207449759183442
1,heldout,raw_pchip,0,6,103,12215475.780571429,0.013449051829421074
1,heldout,lowrank3_pchip,3,6,103,12215475.780571429,0.02893921287702852
1,heldout,raw_pchip,0,6,105,12222609.658529412,0.07644256176033157
1,heldout,lowrank3_pchip,3,6,105,12222609.658529412,0.08587126651374472
1,heldout,raw_pchip,0,6,106,12226279.581999999,-0.13810804122211365
1,heldout,lowrank3_pchip,3,6,106,12226279.581999999,-0.12622860579142645
1,heldout,raw_pchip,0,6,107,12229812.830294117,-0.12661904836261226
1,heldout,lowrank3_pchip,3,6,107,12229812.830294117,-0.11766572046972351
1,heldout,raw_pchip,0,6,108,12233414.39,-0.06624744589000342
1,heldout,lowrank3_pchip,3,6,108,12233414.39,-0.05259796477906793
1,heldout,raw_pchip,0,6,109,12237084.774117647,-0.07230686178988756
1,heldout,lowrank3_pchip,3,6,109,12237084.774117647,-0.0679505233477453
1,heldout,raw_pchip,0,6,111,12244220.585142858,-0.009458026269303046
1,heldout,lowrank3_pchip,3,6,111,12244220.585142858,-0.01736923457238485
1,heldout,raw_pchip,0,6,112,12247888.113999998,0.015274679249208408
1,heldout,lowrank3_pchip,3,6,112,12247888.113999998,-0.00013895297321658435
1,heldout,raw_pchip,0,6,113,12251423.785142856,0.028213265535707452
1,heldout,lowrank3_pchip,3,6,113,12251423.785142856,0.00016525189179949698
1,heldout,raw_pchip,0,6,114,12255023.916176472,0.009104321830058108
1,heldout,lowrank3_pchip,3,6,114,12255023.916176472,-0.01459778100518382
1,heldout,raw_pchip,0,6,115,12258694.317222219,0.020927327547690708
1,heldout,lowrank3_pchip,3,6,115,12258694.317222219,-0.014874407934420124
1,heldout,raw_pchip,0,6,117,12265828.654411765,0.055713696122427096
1,heldout,lowrank3_pchip,3,6,117,12265828.654411765,0.024009792418286963
1,heldout,raw_pchip,0,6,118,12269499.507714285,0.12023949452829197
1,heldout,lowrank3_pchip,3,6,118,12269499.507714285,0.10285979415088688
1,heldout,raw_pchip,0,6,119,12273032.298571426,0.042376998314855176
1,heldout,lowrank3_pchip,3,6,119,12273032.298571426,0.038854419394771196
1,heldout,raw_pchip,0,6,120,12276633.854000002,0.0482791440227301
1,heldout,lowrank3_pchip,3,6,120,12276633.854000002,0.05930492942150256
1,heldout,raw_pchip,0,6,121,12280304.279428571,-0.021221334466637123
1,heldout,lowrank3_pchip,3,6,121,12280304.279428571,0.005820784988049911
1,heldout,raw_pchip,0,6,123,12287439.102058824,-0.030815186278302317
1,heldout,lowrank3_pchip,3,6,123,12287439.102058824,-0.005816020303782928
1,heldout,raw_pchip,0,6,124,12291108.040285714,-0.04958900557320487
1,heldout,lowrank3_pchip,3,6,124,12291108.040285714,-0.032088106987162315
1,heldout,raw_pchip,0,6,125,12294642.725428572,0.024377859458334348
1,heldout,lowrank3_pchip,3,6,125,12294642.725428572,0.04462889064782336
1,heldout,raw_pchip,0,6,126,12298243.344571427,-0.0007775194100214199
1,heldout,lowrank3_pchip,3,6,126,12298243.344571427,-0.003953998341486493
1,heldout,raw_pchip,0,6,127,12301913.713428572,0.02510672598135816
1,heldout,lowrank3_pchip,3,6,127,12301913.713428572,0.011557913881170374
1,heldout,raw_pchip,0,6,129,12309048.100571427,0.017452249541969403
1,heldout,lowrank3_pchip,3,6,129,12309048.100571427,0.006086201277458279
1,heldout,raw_pchip,0,6,130,12312718.49742857,-0.04406917203064966
1,heldout,lowrank3_pchip,3,6,130,12312718.49742857,-0.03595209165695858
1,heldout,raw_pchip,0,6,131,12316250.755588235,-0.049684692871551896
1,heldout,lowrank3_pchip,3,6,131,12316250.755588235,-0.022461497331834595
1,heldout,raw_pchip,0,6,132,12319853.34611111,-0.02548463393269643
1,heldout,lowrank3_pchip,3,6,132,12319853.34611111,0.02840890941049554
1,heldout,raw_pchip,0,6,133,12323521.782647058,-0.11027323660871566
1,heldout,lowrank3_pchip,3,6,133,12323521.782647058,-0.046926120876195514
1,heldout,raw_pchip,0,6,135,12330658.07647059,-0.0392547121211673
1,heldout,lowrank3_pchip,3,6,135,12330658.07647059,0.01482983131158612
1,heldout,raw_pchip,0,6,136,12334327.059714288,-0.0373323874719939
1,heldout,lowrank3_pchip,3,6,136,12334327.059714288,0.01232660792982818
1,heldout,raw_pchip,0,6,137,12337861.275882352,0.034393423757149995
1,heldout,lowrank3_pchip,3,6,137,12337861.275882352,0.07325039981445626
1,heldout,raw_pchip,0,6,138,12341462.348,-0.011997406913155824
1,heldout,lowrank3_pchip,3,6,138,12341462.348,0.022648182279050962
1,heldout,raw_pchip,0,6,139,12345131.287058821,-0.007078536444618858
1,heldout,lowrank3_pchip,3,6,139,12345131.287058821,0.026754609141616287
1,heldout,raw_pchip,0,6,141,12352266.660294117,-0.008441804610316307
1,heldout,lowrank3_pchip,3,6,141,12352266.660294117,0.027684738099558123
1,heldout,raw_pchip,0,6,142,12355937.550571427,-0.0019647408265028336
1,heldout,lowrank3_pchip,3,6,142,12355937.550571427,0.028694263412797207
1,heldout,raw_pchip,0,6,143,12359470.295714285,0.03067822341591432
1,heldout,lowrank3_pchip,3,6,143,12359470.295714285,0.05123596902451196
1,heldout,raw_pchip,0,6,144,12364146.72235294,-0.15512090768658354
1,heldout,lowrank3_pchip,3,6,144,12364146.72235294,-0.13860500648209298
1,heldout,raw_pchip,0,6,145,12367680.468235295,-0.12724061951307647
1,heldout,lowrank3_pchip,3,6,145,12367680.468235295,-0.11279359027836607
1,heldout,raw_pchip,0,6,147,12374951.466176469,-0.029662256745450418
1,heldout,lowrank3_pchip,3,6,147,12374951.466176469,-0.014777587896986142
1,heldout,raw_pchip,0,6,148,12378486.167058825,-0.19134944956721672
1,heldout,lowrank3_pchip,3,6,148,12378486.167058825,-0.18597939353766657
1,heldout,raw_pchip,0,6,149,12382087.253999999,-0.2552822227920582
1,heldout,lowrank3_pchip,3,6,149,12382087.253999999,-0.24745976102184197
1,heldout,raw_pchip,0,6,150,12385757.648285715,-0.16389883780727754
1,heldout,lowrank3_pchip,3,6,150,12385757.648285715,-0.15721683544762624
1,heldout,raw_pchip,0,6,151,12389290.40057143,-0.25387780824935546
1,heldout,lowrank3_pchip,3,6,151,12389290.40057143,-0.2662173746408657
1,heldout,raw_pchip,0,6,4,11860889.428823529,0.06083611083039973
1,heldout,lowrank3_pchip,3,6,4,11860889.428823529,0.07611746432871833
1,heldout,raw_pchip,0,6,5,11864491.993529411,0.07155805931602792
1,heldout,lowrank3_pchip,3,6,5,11864491.993529411,0.09924999439126811
1,heldout,raw_pchip,0,6,6,11868160.443235295,0.23007769217947666
1,heldout,lowrank3_pchip,3,6,6,11868160.443235295,0.2710960221657994
1,heldout,raw_pchip,0,6,7,11871695.61714286,0.022280987709856887
1,heldout,lowrank3_pchip,3,6,7,11871695.61714286,0.06831604551029911
1,heldout,raw_pchip,0,6,8,11875295.744117647,-0.04876953464238795
1,heldout,lowrank3_pchip,3,6,8,11875295.744117647,0.0011025082275774975
1,heldout,raw_pchip,0,6,10,11882499.378857143,0.007211705909329902
1,heldout,lowrank3_pchip,3,6,10,11882499.378857143,0.03659860956678669
1,heldout,raw_pchip,0,6,11,11886100.471470585,0.09393578856203971
1,heldout,lowrank3_pchip,3,6,11,11886100.471470585,0.10904854393892391
1,heldout,raw_pchip,0,6,12,11889769.907058822,0.047842683282450206
1,heldout,lowrank3_pchip,3,6,12,11889769.907058822,0.05185561335257788
1,heldout,raw_pchip,0,6,13,11893304.126285715,0.09788269953655462
1,heldout,lowrank3_pchip,3,6,13,11893304.126285715,0.09882681020429172
1,heldout,raw_pchip,0,6,14,11896906.631142857,0.08083514792348404
1,heldout,lowrank3_pchip,3,6,14,11896906.631142857,0.07018327531497248
1,heldout,raw_pchip,0,6,16,11904109.791714286,0.12784082227128157
1,heldout,lowrank3_pchip,3,6,16,11904109.791714286,0.12035955763615871
1,heldout,raw_pchip,0,6,17,11907709.925294116,0.06298809976172291
1,heldout,lowrank3_pchip,3,6,17,11907709.925294116,0.059324875702028546
1,heldout,raw_pchip,0,6,18,11911379.832571428,0.0132024034510167
1,heldout,lowrank3_pchip,3,6,18,11911379.832571428,0.0162130694452013
1,heldout,raw_pchip,0,6,19,11914914.03764706,-0.009385615445444303
1,heldout,lowrank3_pchip,3,6,19,11914914.03764706,0.001186992968113783
1,heldout,raw_pchip,0,6,20,11918515.142571429,0.07349507944828008
1,heldout,lowrank3_pchip,3,6,20,11918515.142571429,0.08742906054728487
1,heldout,raw_pchip,0,6,22,11925718.333714286,0.09743480954594604
1,heldout,lowrank3_pchip,3,6,22,11925718.333714286,0.1128149460989914
1,heldout,raw_pchip,0,6,23,11929319.942000002,0.11229465045293059
1,heldout,lowrank3_pchip,3,6,23,11929319.942000002,0.11275204940459212
1,heldout,raw_pchip,0,6,24,11932989.343142858,-0.004907705018146552
1,heldout,lowrank3_pchip,3,6,24,11932989.343142858,-0.024486954747953968
1,heldout,raw_pchip,0,6,25,11936522.600882353,0.04192388150566361
1,heldout,lowrank3_pchip,3,6,25,11936522.600882353,0.002729867066264558
1,heldout,raw_pchip,0,6,26,11940125.16647059,0.08059526291114123
1,heldout,lowrank3_pchip,3,6,26,11940125.16647059,0.016602204111911836
1,heldout,raw_pchip,0,6,28,11947328.37611111,0.022188895509000283
1,heldout,lowrank3_pchip,3,6,28,11947328.37611111,-0.036756323189198796
1,heldout,raw_pchip,0,6,29,11950930.41542857,0.03797734350432194
1,heldout,lowrank3_pchip,3,6,29,11950930.41542857,0.002126822993782277
1,heldout,raw_pchip,0,6,30,11954598.400588235,-0.07804790273187373
1,heldout,lowrank3_pchip,3,6,30,11954598.400588235,-0.09353828883788909
1,heldout,raw_pchip,0,6,31,11958133.073529411,-0.049036058473717045
1,heldout,lowrank3_pchip,3,6,31,11958133.073529411,-0.05855658691942021
1,heldout,raw_pchip,0,6,32,11961733.694705883,-0.06159501899273225
1,heldout,lowrank3_pchip,3,6,32,11961733.694705883,-0.05671505545567898
1,heldout,raw_pchip,0,6,34,11968936.872058824,0.04957858446782504
1,heldout,lowrank3_pchip,3,6,34,11968936.872058824,0.0521885324134096
1,heldout,raw_pchip,0,6,35,11972538.414411766,0.09610860091216014
1,heldout,lowrank3_pchip,3,6,35,11972538.414411766,0.10172178895780001
1,heldout,raw_pchip,0,6,36,11976207.822058823,-0.030303625555615655
1,heldout,lowrank3_pchip,3,6,36,11976207.822058823,-0.021060130779844147
1,heldout,raw_pchip,0,6,37,11979741.570588237,0.011748768625799676
1,heldout,lowrank3_pchip,3,6,37,11979741.570588237,0.02389168880461128
1,heldout,raw_pchip,0,6,38,11983344.594857143,0.028683136163871657
1,heldout,lowrank3_pchip,3,6,38,11983344.594857143,0.04258979441480506
1,heldout,raw_pchip,0,6,40,11990547.260294119,0.02121998595316077
1,heldout,lowrank3_pchip,3,6,40,11990547.260294119,0.03139015066082726
1,heldout,raw_pchip,0,6,41,11994147.885294119,0.03340066307509806
1,heldout,lowrank3_pchip,3,6,41,11994147.885294119,0.03888704481455547
1,heldout,raw_pchip,0,6,42,11997818.766,-0.01313726219088067
1,heldout,lowrank3_pchip,3,6,42,11997818.766,-0.012093665684228531
1,heldout,raw_pchip,0,6,43,12001352.017058823,-0.01949734725977924
1,heldout,lowrank3_pchip,3,6,43,12001352.017058823,-0.024079864704613364
1,heldout,raw_pchip,0,6,44,12004953.079714285,0.038178024440257745
1,heldout,lowrank3_pchip,3,6,44,12004953.079714285,0.034233995212755594
1,heldout,raw_pchip,0,6,46,12012156.266571429,-0.022007828250532904
1,heldout,lowrank3_pchip,3,6,46,12012156.266571429,-0.025684390621967278
1,heldout,raw_pchip,0,6,47,12015758.35388889,0.13506979397686725
1,heldout,lowrank3_pchip,3,6,47,12015758.35388889,0.13661862413229064
1,heldout,raw_pchip,0,6,48,12019427.286857141,-0.026339651072875236
1,heldout,lowrank3_pchip,3,6,48,12019427.286857141,-0.015906939068672014
1,heldout,raw_pchip,0,6,49,12022961.047999999,-5.0038368011425124e-05
1,heldout,lowrank3_pchip,3,6,49,12022961.047999999,0.01476921150128685
1,heldout,raw_pchip,0,6,50,12026563.594571428,0.01923639584544226
1,heldout,lowrank3_pchip,3,6,50,12026563.594571428,0.036142094037275724
1,heldout,raw_pchip,0,6,52,12033766.765714286,-0.02326783875991341
1,heldout,lowrank3_pchip,3,6,52,12033766.765714286,-0.01002611209530278
1,heldout,raw_pchip,0,6,53,12037366.84617647,-0.07576438886716211
1,heldout,lowrank3_pchip,3,6,53,12037366.84617647,-0.06649830649317819
1,heldout,raw_pchip,0,6,54,12041036.292058824,0.012979965085820989
1,heldout,lowrank3_pchip,3,6,54,12041036.292058824,0.01804761197910446
1,heldout,raw_pchip,0,6,55,12044571.493714284,-0.04217982593839847
1,heldout,lowrank3_pchip,3,6,55,12044571.493714284,-0.03294093121017923
1,heldout,raw_pchip,0,6,56,12048171.637058824,0.06084409829711882
1,heldout,lowrank3_pchip,3,6,56,12048171.637058824,0.05819883603704691
1,heldout,raw_pchip,0,6,58,12055374.859705882,0.014696263795720827
1,heldout,lowrank3_pchip,3,6,58,12055374.859705882,0.011122949330582131
1,heldout,raw_pchip,0,6,59,12058976.944285717,0.033322535969637315
1,heldout,lowrank3_pchip,3,6,59,12058976.944285717,0.023779470247353163
1,heldout,raw_pchip,0,6,60,12062646.376857143,0.010105340433836374
1,heldout,lowrank3_pchip,3,6,60,12062646.376857143,-0.004089563299498427
1,heldout,raw_pchip,0,6,61,12066179.612941176,0.013747040187535033
1,heldout,lowrank3_pchip,3,6,61,12066179.612941176,-0.0009657157449564742
1,heldout,raw_pchip,0,6,62,12069782.658571428,0.041719240586289466
1,heldout,lowrank3_pchip,3,6,62,12069782.658571428,0.01773846644514714
1,heldout,raw_pchip,0,6,64,12076985.299999999,0.0873763852340461
1,heldout,lowrank3_pchip,3,6,64,12076985.299999999,0.07023394424196419
1,heldout,raw_pchip,0,6,65,12080586.375714287,0.009276177949047436
1,heldout,lowrank3_pchip,3,6,65,12080586.375714287,-0.0012087384224846096
1,heldout,raw_pchip,0,6,66,12084257.269705882,0.010637985562239643
1,heldout,lowrank3_pchip,3,6,66,12084257.269705882,0.008100066768502983
1,heldout,raw_pchip,0,6,67,12087790.063529411,-0.03699057627780944
1,heldout,lowrank3_pchip,3,6,67,12087790.063529411,-0.026861685372592738
1,heldout,raw_pchip,0,6,68,12091391.159142857,-0.033252501815823204
1,heldout,lowrank3_pchip,3,6,68,12091391.159142857,-0.021003782274129912
1,heldout,raw_pchip,0,6,70,12096623.247058824,-0.061817038228316176
1,heldout,lowrank3_pchip,3,6,70,12096623.247058824,-0.04504811538039364
1,heldout,raw_pchip,0,6,71,12100156.965588234,-0.13155601088611918
1,heldout,lowrank3_pchip,3,6,71,12100156.965588234,-0.12301168129143414
1,heldout,raw_pchip,0,6,72,12103758.055142855,-0.07125978918338083
1,heldout,lowrank3_pchip,3,6,72,12103758.055142855,-0.07861004461163504
1,heldout,raw_pchip,0,6,73,12107426.994705882,-0.09302257900271116
1,heldout,lowrank3_pchip,3,6,73,12107426.994705882,-0.1185837813098777
1,heldout,raw_pchip,0,6,74,12110960.729117647,-0.05763840642633243
1,heldout,lowrank3_pchip,3,6,74,12110960.729117647,-0.09699247140686353
1,heldout,raw_pchip,0,6,76,12118232.213142857,-0.03392904387896314
1,heldout,lowrank3_pchip,3,6,76,12118232.213142857,-0.07287264825978919
1,heldout,raw_pchip,0,6,77,12121765.470588233,-0.02097188382526075
1,heldout,lowrank3_pchip,3,6,77,12121765.470588233,-0.0468603882708785
1,heldout,raw_pchip,0,6,78,12125368.49857143,-0.06152853031790575
1,heldout,lowrank3_pchip,3,6,78,12125368.49857143,-0.07050343809826377
1,heldout,raw_pchip,0,6,79,12129036.457352942,-0.09878351419361038
1,heldout,lowrank3_pchip,3,6,79,12129036.457352942,-0.09047110978792657
1,heldout,raw_pchip,0,6,80,12132571.164411766,-0.07227197441365428
1,heldout,lowrank3_pchip,3,6,80,12132571.164411766,-0.050982217982816797
1,heldout,raw_pchip,0,6,82,12139842.683714287,-0.06887205779974702
1,heldout,lowrank3_pchip,3,6,82,12139842.683714287,-0.04666896274202231
1,heldout,raw_pchip,0,6,83,12143375.924705882,-0.0939697616278672
1,heldout,lowrank3_pchip,3,6,83,12143375.924705882,-0.07981484982689509
1,heldout,raw_pchip,0,6,84,12146977.002857143,-0.020413398883399898
1,heldout,lowrank3_pchip,3,6,84,12146977.002857143,-0.017249018966970044
1,heldout,raw_pchip,0,6,85,12150645.93382353,-0.03628812959588597
1,heldout,lowrank3_pchip,3,6,85,12150645.93382353,-0.04113256151910709
1,heldout,raw_pchip,0,6,86,12154179.667058824,0.0022080031594419133
1,heldout,lowrank3_pchip,3,6,86,12154179.667058824,-0.011918175317838411
1,heldout,raw_pchip,0,6,88,12161450.64235294,0.03462329322292904
1,heldout,lowrank3_pchip,3,6,88,12161450.64235294,0.013033389746647034
1,heldout,raw_pchip,0,6,89,12164985.314166665,-0.05619777335116036
1,heldout,lowrank3_pchip,3,6,89,12164985.314166665,-0.07774890020888392
1,heldout,raw_pchip,0,6,90,12168586.384,7.352103967027305e-05
1,heldout,lowrank3_pchip,3,6,90,12168586.384,-0.012173651185325329
1,heldout,raw_pchip,0,6,91,12172256.788285714,-0.07630112459863453
1,heldout,lowrank3_pchip,3,6,91,12172256.788285714,-0.08468514461361476
1,heldout,raw_pchip,0,6,92,12175790.035882352,-0.036271403528972165
1,heldout,lowrank3_pchip,3,6,92,12175790.035882352,-0.03915320063791784
1,heldout,raw_pchip,0,6,94,12183060.582571428,0.03935625332004573
1,heldout,lowrank3_pchip,3,6,94,12183060.582571428,0.028515602163239746
1,heldout,raw_pchip,0,6,95,12186594.296571428,-0.11565726510669179
1,heldout,lowrank3_pchip,3,6,95,12186594.296571428,-0.13020101425592315
1,heldout,raw_pchip,0,6,96,12190196.377777778,0.13081965194107983
1,heldout,lowrank3_pchip,3,6,96,12190196.377777778,0.10834946172466799
1,heldout,raw_pchip,0,6,97,12193865.865,0.12766138479932376
1,heldout,lowrank3_pchip,3,6,97,12193865.865,0.10041796352176088
1,heldout,raw_pchip,0,6,98,12197399.116857145,0.06738735853589589
1,heldout,lowrank3_pchip,3,6,98,12197399.116857145,0.036213232666195805
1,heldout,raw_pchip,0,6,100,12204669.602647059,-0.011183337046331211
1,heldout,lowrank3_pchip,3,6,100,12204669.602647059,-0.037280983213190455
1,heldout,raw_pchip,0,6,101,12208204.77542857,0.03988580382170262
1,heldout,lowrank3_pchip,3,6,101,12208204.77542857,0.020519843088314293
1,heldout,raw_pchip,0,6,102,12211804.916764708,0.02437254531760585
1,heldout,lowrank3_pchip,3,6,102,12211804.916764708,0.01867352692907824
1,heldout,raw_pchip,0,6,103,12215475.780571429,-0.044612457312259275
1,heldout,lowrank3_pchip,3,6,103,12215475.780571429,-0.03499200964092301
1,heldout,raw_pchip,0,6,104,12219009.526857143,-0.06694467897399511
1,heldout,lowrank3_pchip,3,6,104,12219009.526857143,-0.04373633430830823
1,heldout,raw_pchip,0,6,106,12226279.581999999,-0.20535888802704272
1,heldout,lowrank3_pchip,3,6,106,12226279.581999999,-0.17688700577762154
1,heldout,raw_pchip,0,6,107,12229812.830294117,-0.1875643643944892
1,heldout,lowrank3_pchip,3,6,107,12229812.830294117,-0.16901016020333257
1,heldout,raw_pchip,0,6,108,12233414.39,-0.09787582404008167
1,heldout,lowrank3_pchip,3,6,108,12233414.39,-0.09847277416264424
1,heldout,raw_pchip,0,6,109,12237084.774117647,-0.08757253579388025
1,heldout,lowrank3_pchip,3,6,109,12237084.774117647,-0.10558561020357145
1,heldout,raw_pchip,0,6,110,12240617.558235295,0.0018774060972607497
1,heldout,lowrank3_pchip,3,6,110,12240617.558235295,-0.029554293711066635
1,heldout,raw_pchip,0,6,112,12247888.113999998,0.02256022591422651
1,heldout,lowrank3_pchip,3,6,112,12247888.113999998,-0.003362548162607775
1,heldout,raw_pchip,0,6,113,12251423.785142856,0.016030599564183033
1,heldout,lowrank3_pchip,3,6,113,12251423.785142856,0.0007818305896716881
1,heldout,raw_pchip,0,6,114,12255023.916176472,-0.01147083598548047
1,heldout,lowrank3_pchip,3,6,114,12255023.916176472,-0.019039489655911252
1,heldout,raw_pchip,0,6,115,12258694.317222219,-0.026197416030224248
1,heldout,lowrank3_pchip,3,6,115,12258694.317222219,-0.029230922536557815
1,heldout,raw_pchip,0,6,116,12262228.03735294,-0.060720959263030304
1,heldout,lowrank3_pchip,3,6,116,12262228.03735294,-0.050119344390494765
1,heldout,raw_pchip,0,6,118,12269499.507714285,0.0904214432565509
1,heldout,lowrank3_pchip,3,6,118,12269499.507714285,0.10231675824067875
1,heldout,raw_pchip,0,6,119,12273032.298571426,0.04126969556498126
1,heldout,lowrank3_pchip,3,6,119,12273032.298571426,0.05349612670250267
1,heldout,raw_pchip,0,6,120,12276633.854000002,0.07304645091878952
1,heldout,lowrank3_pchip,3,6,120,12276633.854000002,0.0843485530938824
1,heldout,raw_pchip,0,6,121,12280304.279428571,0.02221641189123344
1,heldout,lowrank3_pchip,3,6,121,12280304.279428571,0.03235929610238046
1,heldout,raw_pchip,0,6,122,12283836.543529412,0.04412046739477302
1,heldout,lowrank3_pchip,3,6,122,12283836.543529412,0.05268411319094572
1,heldout,raw_pchip,0,6,124,12291108.040285714,-0.027051844924190552
1,heldout,lowrank3_pchip,3,6,124,12291108.040285714,-0.019440524048257492
1,heldout,raw_pchip,0,6,125,12294642.725428572,0.03594523267606408
1,heldout,lowrank3_pchip,3,6,125,12294642.725428572,0.04207576288910035
1,heldout,raw_pchip,0,6,126,12298243.344571427,-0.009894377191332076
1,heldout,lowrank3_pchip,3,6,126,12298243.344571427,0.002078641249786569
1,heldout,raw_pchip,0,6,127,12301913.713428572,0.020531991668778928
1,heldout,lowrank3_pchip,3,6,127,12301913.713428572,0.017664816919911525
1,heldout,raw_pchip,0,6,128,12305446.97764706,-0.023895656205170368
1,heldout,lowrank3_pchip,3,6,128,12305446.97764706,-0.0209635910269615
1,heldout,raw_pchip,0,6,130,12312718.49742857,-0.03845545052005036
1,heldout,lowrank3_pchip,3,6,130,12312718.49742857,-0.03793200068045023
1,heldout,raw_pchip,0,6,131,12316250.755588235,-0.02972160426843599
1,heldout,lowrank3_pchip,3,6,131,12316250.755588235,-0.02759789572754198
1,heldout,raw_pchip,0,6,132,12319853.34611111,0.01246363549228625
1,heldout,lowrank3_pchip,3,6,132,12319853.34611111,0.014913359430927925
1,heldout,raw_pchip,0,6,133,12323521.782647058,-0.0587059325079669
1,heldout,lowrank3_pchip,3,6,133,12323521.782647058,-0.05502597375351682
1,heldout,raw_pchip,0,6,134,12327055.527352942,0.04697601247104582
1,heldout,lowrank3_pchip,3,6,134,12327055.527352942,0.05348703821370016
1,heldout,raw_pchip,0,6,136,12334327.059714288,0.0006265545144242903
1,heldout,lowrank3_pchip,3,6,136,12334327.059714288,0.004252534062394844
1,heldout,raw_pchip,0,6,137,12337861.275882352,0.06458240523952208
1,heldout,lowrank3_pchip,3,6,137,12337861.275882352,0.07378737649845844
1,heldout,raw_pchip,0,6,138,12341462.348,0.013661671695930683
1,heldout,lowrank3_pchip,3,6,138,12341462.348,0.02945627733662355
1,heldout,raw_pchip,0,6,139,12345131.287058821,0.0176796724973786
1,heldout,lowrank3_pchip,3,6,139,12345131.287058821,0.036522482946238874
1,heldout,raw_pchip,0,6,140,12348666.010294117,0.015000018049386186
1,heldout,lowrank3_pchip,3,6,140,12348666.010294117,0.03862570157224709
1,heldout,raw_pchip,0,6,142,12355937.550571427,0.004775396148300089
1,heldout,lowrank3_pchip,3,6,142,12355937.550571427,0.029650475156437987
1,heldout,raw_pchip,0,6,143,12359470.295714285,0.027022072794375337
1,heldout,lowrank3_pchip,3,6,143,12359470.295714285,0.051683253764235264
1,heldout,raw_pchip,0,6,144,12364146.72235294,-0.16767158211807534
1,heldout,lowrank3_pchip,3,6,144,12364146.72235294,-0.14211064485423078
1,heldout,raw_pchip,0,6,145,12367680.468235295,-0.1363689458710596
1,heldout,lowrank3_pchip,3,6,145,12367680.468235295,-0.11212455803350674
1,heldout,raw_pchip,0,6,146,12371282.983235294,0.0038278123558179926
1,heldout,lowrank3_pchip,3,6,146,12371282.983235294,0.027224743708107624
1,heldout,raw_pchip,0,6,148,12378486.167058825,-0.1338227372598968
1,heldout,lowrank3_pchip,3,6,148,12378486.167058825,-0.1219692717440037
1,heldout,raw_pchip,0,6,149,12382087.253999999,-0.1929781152729692
1,heldout,lowrank3_pchip,3,6,149,12382087.253999999,-0.17059326093781307
1,heldout,raw_pchip,0,6,150,12385757.648285715,-0.11181335190495598
1,heldout,lowrank3_pchip,3,6,150,12385757.648285715,-0.09912421041286915
1,heldout,raw_pchip,0,6,151,12389290.40057143,-0.22462345062229447
1,heldout,lowrank3_pchip,3,6,151,12389290.40057143,-0.22220823670294368
1,heldout,raw_pchip,0,6,152,12392891.956285713,0.003441907063968479
1,heldout,lowrank3_pchip,3,6,152,12392891.956285713,-0.0023769547232855475
1,heldout,raw_pchip,0,6,5,11864491.993529411,0.040086419023800696
1,heldout,lowrank3_pchip,3,6,5,11864491.993529411,0.04107101649763859
1,heldout,raw_pchip,0,6,6,11868160.443235295,0.2389209219374796
1,heldout,lowrank3_pchip,3,6,6,11868160.443235295,0.23747184080147535
1,heldout,raw_pchip,0,6,7,11871695.61714286,0.04876147824098442
1,heldout,lowrank3_pchip,3,6,7,11871695.61714286,0.04861154993578202
1,heldout,raw_pchip,0,6,8,11875295.744117647,-0.010890158166528068
1,heldout,lowrank3_pchip,3,6,8,11875295.744117647,-0.0123153273481302
1,heldout,raw_pchip,0,6,9,11878965.629142856,0.03001714151830597
1,heldout,lowrank3_pchip,3,6,9,11878965.629142856,0.02641183792094463
1,heldout,raw_pchip,0,6,11,11886100.471470585,0.04841590983212226
1,heldout,lowrank3_pchip,3,6,11,11886100.471470585,0.042893557941840715
1,heldout,raw_pchip,0,6,12,11889769.907058822,-0.03641215777555962
1,heldout,lowrank3_pchip,3,6,12,11889769.907058822,-0.038681599923156354
1,heldout,raw_pchip,0,6,13,11893304.126285715,0.022386167149986282
1,heldout,lowrank3_pchip,3,6,13,11893304.126285715,0.024133446888738953
1,heldout,raw_pchip,0,6,14,11896906.631142857,-0.0160024295237814
1,heldout,lowrank3_pchip,3,6,14,11896906.631142857,-0.009847960376682277
1,heldout,raw_pchip,0,6,15,11900573.641764706,-0.09832870195645946
1,heldout,lowrank3_pchip,3,6,15,11900573.641764706,-0.08857809241683051
1,heldout,raw_pchip,0,6,17,11907709.925294116,-0.08843655264137151
1,heldout,lowrank3_pchip,3,6,17,11907709.925294116,-0.07121308623815002
1,heldout,raw_pchip,0,6,18,11911379.832571428,-0.13962503380764302
1,heldout,lowrank3_pchip,3,6,18,11911379.832571428,-0.11297415713171347
1,heldout,raw_pchip,0,6,19,11914914.03764706,-0.1672962055393335
1,heldout,lowrank3_pchip,3,6,19,11914914.03764706,-0.12945456880169906
1,heldout,raw_pchip,0,6,20,11918515.142571429,-0.07325085957296215
1,heldout,lowrank3_pchip,3,6,20,11918515.142571429,-0.023038478076213054
1,heldout,raw_pchip,0,6,21,11922185.065588234,-0.11204517030370205
1,heldout,lowrank3_pchip,3,6,21,11922185.065588234,-0.05370929522267639
1,heldout,raw_pchip,0,6,23,11929319.942000002,0.03465420108733883
1,heldout,lowrank3_pchip,3,6,23,11929319.942000002,0.09007952931963784
1,heldout,raw_pchip,0,6,24,11932989.343142858,-0.06442800517486755
1,heldout,lowrank3_pchip,3,6,24,11932989.343142858,-0.03447738390151973
1,heldout,raw_pchip,0,6,25,11936522.600882353,-0.014178127673101623
1,heldout,lowrank3_pchip,3,6,25,11936522.600882353,-0.011426678136138613
1,heldout,raw_pchip,0,6,26,11940125.16647059,0.03976251075344424
1,heldout,lowrank3_pchip,3,6,26,11940125.16647059,0.01675175294272096
1,heldout,raw_pchip,0,6,27,11943793.66382353,-0.024599821944830468
1,heldout,lowrank3_pchip,3,6,27,11943793.66382353,-0.06431873766774727
1,heldout,raw_pchip,0,6,29,11950930.41542857,0.00805260567580113
1,heldout,lowrank3_pchip,3,6,29,11950930.41542857,-0.03261065676246382
1,heldout,raw_pchip,0,6,30,11954598.400588235,-0.09608242298850389
1,heldout,lowrank3_pchip,3,6,30,11954598.400588235,-0.1288749813425127
1,heldout,raw_pchip,0,6,31,11958133.073529411,-0.0831846564618232
1,heldout,lowrank3_pchip,3,6,31,11958133.073529411,-0.09744577967067876
1,heldout,raw_pchip,0,6,32,11961733.694705883,-0.09264651570425397
1,heldout,lowrank3_pchip,3,6,32,11961733.694705883,-0.09278125285512204
1,heldout,raw_pchip,0,6,33,11965404.596285712,-0.04731136315395773
1,heldout,lowrank3_pchip,3,6,33,11965404.596285712,-0.031473427820434295
1,heldout,raw_pchip,0,6,35,11972538.414411766,0.048811046484673055
1,heldout,lowrank3_pchip,3,6,35,11972538.414411766,0.06888023938821503
1,heldout,raw_pchip,0,6,36,11976207.822058823,-0.08128837749410354
1,heldout,lowrank3_pchip,3,6,36,11976207.822058823,-0.0700806117495026
1,heldout,raw_pchip,0,6,37,11979741.570588237,-0.039164788438277885
1,heldout,lowrank3_pchip,3,6,37,11979741.570588237,-0.0436179209450445
1,heldout,raw_pchip,0,6,38,11983344.594857143,-0.022734508941466124
1,heldout,lowrank3_pchip,3,6,38,11983344.594857143,-0.0381271515435832
1,heldout,raw_pchip,0,6,39,11987011.597058823,-0.03413713377396667
1,heldout,lowrank3_pchip,3,6,39,11987011.597058823,-0.06293282991501553
1,heldout,raw_pchip,0,6,41,11994147.885294119,0.025411255998443148
1,heldout,lowrank3_pchip,3,6,41,11994147.885294119,0.007179718064027219
1,heldout,raw_pchip,0,6,42,11997818.766,-0.018137356452910845
1,heldout,lowrank3_pchip,3,6,42,11997818.766,-0.030027144962061793
1,heldout,raw_pchip,0,6,43,12001352.017058823,-0.01802251135176402
1,heldout,lowrank3_pchip,3,6,43,12001352.017058823,-0.028071258646362902
1,heldout,raw_pchip,0,6,44,12004953.079714285,0.043736490776565135
1,heldout,lowrank3_pchip,3,6,44,12004953.079714285,0.0350409436970047
1,heldout,raw_pchip,0,6,45,12008623.025588235,0.004187952485401205
1,heldout,lowrank3_pchip,3,6,45,12008623.025588235,-0.00460769660374095
1,heldout,raw_pchip,0,6,47,12015758.35388889,0.1907377898960394
1,heldout,lowrank3_pchip,3,6,47,12015758.35388889,0.19092094850791155
1,heldout,raw_pchip,0,6,48,12019427.286857141,0.05171019741201099
1,heldout,lowrank3_pchip,3,6,48,12019427.286857141,0.050428993632897476
1,heldout,raw_pchip,0,6,49,12022961.047999999,0.08023844825231972
1,heldout,lowrank3_pchip,3,6,49,12022961.047999999,0.07542315523090348
1,heldout,raw_pchip,0,6,50,12026563.594571428,0.09052177218415071
1,heldout,lowrank3_pchip,3,6,50,12026563.594571428,0.08142535308460076
1,heldout,raw_pchip,0,6,51,12030232.037714286,0.049197464463983195
1,heldout,lowrank3_pchip,3,6,51,12030232.037714286,0.04032713701095806
1,heldout,raw_pchip,0,6,53,12037366.84617647,-0.06403943292407348
1,heldout,lowrank3_pchip,3,6,53,12037366.84617647,-0.07863377818071214
1,heldout,raw_pchip,0,6,54,12041036.292058824,0.01618866047405179
1,heldout,lowrank3_pchip,3,6,54,12041036.292058824,0.004602173573683427
1,heldout,raw_pchip,0,6,55,12044571.493714284,-0.04050159961159803
1,heldout,lowrank3_pchip,3,6,55,12044571.493714284,-0.04657488018451393
1,heldout,raw_pchip,0,6,56,12048171.637058824,0.055970556092883726
1,heldout,lowrank3_pchip,3,6,56,12048171.637058824,0.05389253737628817
1,heldout,raw_pchip,0,6,57,12051841.103235293,-0.005259009244942829
1,heldout,lowrank3_pchip,3,6,57,12051841.103235293,-0.0028805965071886774
1,heldout,raw_pchip,0,6,59,12058976.944285717,-0.004426801931515757
1,heldout,lowrank3_pchip,3,6,59,12058976.944285717,0.024586908816016145
1,heldout,raw_pchip,0,6,60,12062646.376857143,-0.043381547186708364
1,heldout,lowrank3_pchip,3,6,60,12062646.376857143,-0.0072027454908186045
1,heldout,raw_pchip,0,6,61,12066179.612941176,-0.06295484962608423
1,heldout,lowrank3_pchip,3,6,61,12066179.612941176,-0.008886218107435994
1,heldout,raw_pchip,0,6,62,12069782.658571428,-0.05562758188396273
1,heldout,lowrank3_pchip,3,6,62,12069782.658571428,0.009299640415200086
1,heldout,raw_pchip,0,6,63,12073452.05542857,-0.09908720424544201
1,heldout,lowrank3_pchip,3,6,63,12073452.05542857,-0.024060482013506863
1,heldout,raw_pchip,0,6,65,12080586.375714287,-0.056049384673229466
1,heldout,lowrank3_pchip,3,6,65,12080586.375714287,0.022324643058351083
1,heldout,raw_pchip,0,6,66,12084257.269705882,-0.011732330658850671
1,heldout,lowrank3_pchip,3,6,66,12084257.269705882,0.04380291780988595
1,heldout,raw_pchip,0,6,67,12087790.063529411,-0.014005141481577818
1,heldout,lowrank3_pchip,3,6,67,12087790.063529411,0.01747798266575235
1,heldout,raw_pchip,0,6,68,12091391.159142857,0.017634909417233138
1,heldout,lowrank3_pchip,3,6,68,12091391.159142857,0.014979248704972846
1,heldout,raw_pchip,0,6,69,12095060.135882355,0.06772702410402591
1,heldout,lowrank3_pchip,3,6,69,12095060.135882355,0.035190804970741466
1,heldout,raw_pchip,0,6,71,12100156.965588234,-0.08904310880091587
1,heldout,lowrank3_pchip,3,6,71,12100156.965588234,-0.14578186710079943
1,heldout,raw_pchip,0,6,72,12103758.055142855,-0.04601530280652562
1,heldout,lowrank3_pchip,3,6,72,12103758.055142855,-0.11062850951652456
1,heldout,raw_pchip,0,6,73,12107426.994705882,-0.07599847119398036
1,heldout,lowrank3_pchip,3,6,73,12107426.994705882,-0.14327859784412708
1,heldout,raw_pchip,0,6,74,12110960.729117647,-0.04767654359637353
1,heldout,lowrank3_pchip,3,6,74,12110960.729117647,-0.11022184118142986
1,heldout,raw_pchip,0,6,75,12114563.282941176,0.024595131116579193
1,heldout,lowrank3_pchip,3,6,75,12114563.282941176,-0.03957040002253657
1,heldout,raw_pchip,0,6,77,12121765.470588233,0.026338463692492584
1,heldout,lowrank3_pchip,3,6,77,12121765.470588233,-0.048278173215056494
1,heldout,raw_pchip,0,6,78,12125368.49857143,0.00388606072296479
1,heldout,lowrank3_pchip,3,6,78,12125368.49857143,-0.06390714619753807
1,heldout,raw_pchip,0,6,79,12129036.457352942,-0.01820092628357628
1,heldout,lowrank3_pchip,3,6,79,12129036.457352942,-0.08402943253655962
1,heldout,raw_pchip,0,6,80,12132571.164411766,0.020190747325817063
1,heldout,lowrank3_pchip,3,6,80,12132571.164411766,-0.04279946657021597
1,heldout,raw_pchip,0,6,81,12136172.267142856,0.08779032434980753
1,heldout,lowrank3_pchip,3,6,81,12136172.267142856,0.031049217117740332
1,heldout,raw_pchip,0,6,83,12143375.924705882,-0.046085671059811706
1,heldout,lowrank3_pchip,3,6,83,12143375.924705882,-0.08314682806781108
1,heldout,raw_pchip,0,6,84,12146977.002857143,0.0008726943132480737
1,heldout,lowrank3_pchip,3,6,84,12146977.002857143,-0.02247993171955079
1,heldout,raw_pchip,0,6,85,12150645.93382353,-0.04195496721537637
1,heldout,lowrank3_pchip,3,6,85,12150645.93382353,-0.04647567295431173
1,heldout,raw_pchip,0,6,86,12154179.667058824,-0.021707559079064923
1,heldout,lowrank3_pchip,3,6,86,12154179.667058824,-0.015082837253772905
1,heldout,raw_pchip,0,6,87,12157782.691142859,-0.03245658845076157
1,heldout,lowrank3_pchip,3,6,87,12157782.691142859,-0.020662567044147984
1,heldout,raw_pchip,0,6,89,12164985.314166665,-0.09030177899705175
1,heldout,lowrank3_pchip,3,6,89,12164985.314166665,-0.07311388655085943
1,heldout,raw_pchip,0,6,90,12168586.384,-0.03616067628043509
1,heldout,lowrank3_pchip,3,6,90,12168586.384,-0.013576616074997614
1,heldout,raw_pchip,0,6,91,12172256.788285714,-0.10952562780159007
1,heldout,lowrank3_pchip,3,6,91,12172256.788285714,-0.09484552824306809
1,heldout,raw_pchip,0,6,92,12175790.035882352,-0.07230786379111026
1,heldout,lowrank3_pchip,3,6,92,12175790.035882352,-0.05637384593880492
1,heldout,raw_pchip,0,6,93,12179390.67147059,-0.04011854541829347
1,heldout,lowrank3_pchip,3,6,93,12179390.67147059,-0.03054887931444463
1,heldout,raw_pchip,0,6,95,12186594.296571428,-0.15175960109847927
1,heldout,lowrank3_pchip,3,6,95,12186594.296571428,-0.14940479057726272
1,heldout,raw_pchip,0,6,96,12190196.377777778,0.09962996461245224
1,heldout,lowrank3_pchip,3,6,96,12190196.377777778,0.09354246786580685
1,heldout,raw_pchip,0,6,97,12193865.865,0.10138299278795436
1,heldout,lowrank3_pchip,3,6,97,12193865.865,0.09201415492662758
1,heldout,raw_pchip,0,6,98,12197399.116857145,0.049684783516259365
1,heldout,lowrank3_pchip,3,6,98,12197399.116857145,0.03844110105296228
1,heldout,raw_pchip,0,6,99,12201001.628285715,-0.006011937931331519
1,heldout,lowrank3_pchip,3,6,99,12201001.628285715,-0.01428101406965118
1,heldout,raw_pchip,0,6,101,12208204.77542857,0.08106277048998499
1,heldout,lowrank3_pchip,3,6,101,12208204.77542857,0.07556113147622084
1,heldout,raw_pchip,0,6,102,12211804.916764708,0.11582048185369617
1,heldout,lowrank3_pchip,3,6,102,12211804.916764708,0.11278359989273147
1,heldout,raw_pchip,0,6,103,12215475.780571429,0.12459106879869318
1,heldout,lowrank3_pchip,3,6,103,12215475.780571429,0.1194626704224983
1,heldout,raw_pchip,0,6,104,12219009.526857143,0.14554613293624605
1,heldout,lowrank3_pchip,3,6,104,12219009.526857143,0.139128189867466
1,heldout,raw_pchip,0,6,105,12222609.658529412,0.2381655036787104
1,heldout,lowrank3_pchip,3,6,105,12222609.658529412,0.22870257550742112
1,heldout,raw_pchip,0,6,107,12229812.830294117,-0.023729045993875337
1,heldout,lowrank3_pchip,3,6,107,12229812.830294117,-0.03420769913161808
1,heldout,raw_pchip,0,6,108,12233414.39,0.009720138879199947
1,heldout,lowrank3_pchip,3,6,108,12233414.39,-0.007104324803212955
1,heldout,raw_pchip,0,6,109,12237084.774117647,-0.03161433808650739
1,heldout,lowrank3_pchip,3,6,109,12237084.774117647,-0.04210366193944163
1,heldout,raw_pchip,0,6,110,12240617.558235295,0.01659003307185577
1,heldout,lowrank3_pchip,3,6,110,12240617.558235295,0.00715743403300555
1,heldout,raw_pchip,0,6,111,12244220.585142858,-0.012986269953249979
1,heldout,lowrank3_pchip,3,6,111,12244220.585142858,-0.02244549603842925
1,heldout,raw_pchip,0,6,113,12251423.785142856,-0.004066433473403465
1,heldout,lowrank3_pchip,3,6,113,12251423.785142856,-0.013794776181944326
1,heldout,raw_pchip,0,6,114,12255023.916176472,-0.024358458782058424
1,heldout,lowrank3_pchip,3,6,114,12255023.916176472,-0.03165958498528961
1,heldout,raw_pchip,0,6,115,12258694.317222219,-0.03309826525160463
1,heldout,lowrank3_pchip,3,6,115,12258694.317222219,-0.03700664738432436
1,heldout,raw_pchip,0,6,116,12262228.03735294,-0.07671863190320359
1,heldout,lowrank3_pchip,3,6,116,12262228.03735294,-0.07737217008149669
1,heldout,raw_pchip,0,6,117,12265828.654411765,-0.047855883845370595
1,heldout,lowrank3_pchip,3,6,117,12265828.654411765,-0.04606667936027523
1,heldout,raw_pchip,0,6,119,12273032.298571426,-0.05847800756780173
1,heldout,lowrank3_pchip,3,6,119,12273032.298571426,-0.062388702873514945
1,heldout,raw_pchip,0,6,120,12276633.854000002,-0.011462447741065954
1,heldout,lowrank3_pchip,3,6,120,12276633.854000002,-0.020100686628607284
1,heldout,raw_pchip,0,6,121,12280304.279428571,-0.013407210001218821
1,heldout,lowrank3_pchip,3,6,121,12280304.279428571,-0.02209656238231618
1,heldout,raw_pchip,0,6,122,12283836.543529412,0.05534433147251561
1,heldout,lowrank3_pchip,3,6,122,12283836.543529412,0.046913513183214454
1,heldout,raw_pchip,0,6,123,12287439.102058824,0.037929470079673726
1,heldout,lowrank3_pchip,3,6,123,12287439.102058824,0.017467415874297655
1,heldout,raw_pchip,0,6,125,12294642.725428572,0.039805398895407705
1,heldout,lowrank3_pchip,3,6,125,12294642.725428572,0.012214373862853675
1,heldout,raw_pchip,0,6,126,12298243.344571427,-0.005640957565391199
1,heldout,lowrank3_pchip,3,6,126,12298243.344571427,-0.04843515181719201
1,heldout,raw_pchip,0,6,127,12301913.713428572,0.01645261392176389
1,heldout,lowrank3_pchip,3,6,127,12301913.713428572,-0.026769461907366773
1,heldout,raw_pchip,0,6,128,12305446.97764706,-0.010658576636632923
1,heldout,lowrank3_pchip,3,6,128,12305446.97764706,-0.03749646201452342
1,heldout,raw_pchip,0,6,129,12309048.100571427,0.029005985895064302
1,heldout,lowrank3_pchip,3,6,129,12309048.100571427,0.005550180941447766
1,heldout,raw_pchip,0,6,131,12316250.755588235,0.017524479402947463
1,heldout,lowrank3_pchip,3,6,131,12316250.755588235,-0.008679580613981986
1,heldout,raw_pchip,0,6,132,12319853.34611111,0.06155401650385586
1,heldout,lowrank3_pchip,3,6,132,12319853.34611111,0.04397104826770492
1,heldout,raw_pchip,0,6,133,12323521.782647058,-0.022377664009691094
1,heldout,lowrank3_pchip,3,6,133,12323521.782647058,-0.029932356756802583
1,heldout,raw_pchip,0,6,134,12327055.527352942,0.07754729910335588
1,heldout,lowrank3_pchip,3,6,134,12327055.527352942,0.08097762350638105
1,heldout,raw_pchip,0,6,135,12330658.07647059,0.013671509598052469
1,heldout,lowrank3_pchip,3,6,135,12330658.07647059,0.030323835649053384
1,heldout,raw_pchip,0,6,137,12337861.275882352,0.05431175784971336
1,heldout,lowrank3_pchip,3,6,137,12337861.275882352,0.0895907338361081
1,heldout,raw_pchip,0,6,138,12341462.348,-0.008499799191220877
1,heldout,lowrank3_pchip,3,6,138,12341462.348,0.039791672765733345
1,heldout,raw_pchip,0,6,139,12345131.287058821,-0.009954417528866728
1,heldout,lowrank3_pchip,3,6,139,12345131.287058821,0.04317235872783865
1,heldout,raw_pchip,0,6,140,12348666.010294117,-0.011787068146579038
1,heldout,lowrank3_pchip,3,6,140,12348666.010294117,0.04923157917184302
1,heldout,raw_pchip,0,6,141,12352266.660294117,-0.019039718474657536
1,heldout,lowrank3_pchip,3,6,141,12352266.660294117,0.05238881157879554
1,heldout,raw_pchip,0,6,143,12359470.295714285,0.05020319375629095
1,heldout,lowrank3_pchip,3,6,143,12359470.295714285,0.10643080354255231
1,heldout,raw_pchip,0,6,144,12364146.72235294,-0.09012167682215358
1,heldout,lowrank3_pchip,3,6,144,12364146.72235294,-0.046736198827315854
1,heldout,raw_pchip,0,6,145,12367680.468235295,-0.018017950573446025
1,heldout,lowrank3_pchip,3,6,145,12367680.468235295,0.030741353662627622
1,heldout,raw_pchip,0,6,146,12371282.983235294,0.16777158528912092
1,heldout,lowrank3_pchip,3,6,146,12371282.983235294,0.1896441897691229
1,heldout,raw_pchip,0,6,147,12374951.466176469,0.1463036708746936
1,heldout,lowrank3_pchip,3,6,147,12374951.466176469,0.1637007863143841
1,heldout,raw_pchip,0,6,149,12382087.253999999,-0.06205703045554024
1,heldout,lowrank3_pchip,3,6,149,12382087.253999999,-0.049081798150507575
1,heldout,raw_pchip,0,6,150,12385757.648285715,0.022774575568998128
1,heldout,lowrank3_pchip,3,6,150,12385757.648285715,0.032003426373551566
1,heldout,raw_pchip,0,6,151,12389290.40057143,-0.11632510885013538
1,heldout,lowrank3_pchip,3,6,151,12389290.40057143,-0.10909026602318152
1,heldout,raw_pchip,0,6,152,12392891.956285713,0.09803389012771672
1,heldout,lowrank3_pchip,3,6,152,12392891.956285713,0.10108284921045507
1,heldout,raw_pchip,0,6,153,12396561.387428572,0.06129961045045377
1,heldout,lowrank3_pchip,3,6,153,12396561.387428572,0.059330825190107336
1,heldout,raw_pchip,0,6,6,11868160.443235295,0.1567201153797373
1,heldout,lowrank3_pchip,3,6,6,11868160.443235295,0.18028992731355156
1,heldout,raw_pchip,0,6,7,11871695.61714286,-0.04606078849401477
1,heldout,lowrank3_pchip,3,6,7,11871695.61714286,-0.02227459355248119
1,heldout,raw_pchip,0,6,8,11875295.744117647,-0.11853821642107536
1,heldout,lowrank3_pchip,3,6,8,11875295.744117647,-0.08961341605342686
1,heldout,raw_pchip,0,6,9,11878965.629142856,-0.09470633656701384
1,heldout,lowrank3_pchip,3,6,9,11878965.629142856,-0.07621702841330913
1,heldout,raw_pchip,0,6,10,11882499.378857143,-0.09365984000230797
1,heldout,lowrank3_pchip,3,6,10,11882499.378857143,-0.06778455643414721
1,heldout,raw_pchip,0,6,12,11889769.907058822,-0.04869786090334794
1,heldout,lowrank3_pchip,3,6,12,11889769.907058822,-0.03870858147677039
1,heldout,raw_pchip,0,6,13,11893304.126285715,0.024094734925990277
1,heldout,lowrank3_pchip,3,6,13,11893304.126285715,0.025928275008340846
1,heldout,raw_pchip,0,6,14,11896906.631142857,0.0008996656649979652
1,heldout,lowrank3_pchip,3,6,14,11896906.631142857,-0.009909665666310255
1,heldout,raw_pchip,0,6,15,11900573.641764706,-0.07193832155586433
1,heldout,lowrank3_pchip,3,6,15,11900573.641764706,-0.08509703042013322
1,heldout,raw_pchip,0,6,16,11904109.791714286,0.055352493093593365
1,heldout,lowrank3_pchip,3,6,16,11904109.791714286,0.03654020280017195
1,heldout,raw_pchip,0,6,18,11911379.832571428,-0.041321715190631526
1,heldout,lowrank3_pchip,3,6,18,11911379.832571428,-0.059332237216361425
1,heldout,raw_pchip,0,6,19,11914914.03764706,-0.0794419973474379
1,heldout,lowrank3_pchip,3,6,19,11914914.03764706,-0.07962876391841528
1,heldout,raw_pchip,0,6,20,11918515.142571429,-0.014246789525412576
1,heldout,lowrank3_pchip,3,6,20,11918515.142571429,0.019918367970334874
1,heldout,raw_pchip,0,6,21,11922185.065588234,-0.0892715010104083
1,heldout,lowrank3_pchip,3,6,21,11922185.065588234,-0.041588051041185875
1,heldout,raw_pchip,0,6,22,11925718.333714286,-0.010758495526004622
1,heldout,lowrank3_pchip,3,6,22,11925718.333714286,0.0580325686882031
1,heldout,raw_pchip,0,6,24,11932989.343142858,-0.11341000055423972
1,heldout,lowrank3_pchip,3,6,24,11932989.343142858,-0.05594592064380369
1,heldout,raw_pchip,0,6,25,11936522.600882353,-0.07943154560175819
1,heldout,lowrank3_pchip,3,6,25,11936522.600882353,-0.05109317278980207
1,heldout,raw_pchip,0,6,26,11940125.16647059,-0.033098094518145306
1,heldout,lowrank3_pchip,3,6,26,11940125.16647059,-0.04386532712814426
1,heldout,raw_pchip,0,6,27,11943793.66382353,-0.08692855694135466
1,heldout,lowrank3_pchip,3,6,27,11943793.66382353,-0.13750286527526925
1,heldout,raw_pchip,0,6,28,11947328.37611111,-0.03963566526361715
1,heldout,lowrank3_pchip,3,6,28,11947328.37611111,-0.11819395082265588
1,heldout,raw_pchip,0,6,30,11954598.400588235,-0.06669525234801167
1,heldout,lowrank3_pchip,3,6,30,11954598.400588235,-0.128117610451473
1,heldout,raw_pchip,0,6,31,11958133.073529411,-0.06135521807063723
1,heldout,lowrank3_pchip,3,6,31,11958133.073529411,-0.1006749431190041
1,heldout,raw_pchip,0,6,32,11961733.694705883,-0.09054742806088775
1,heldout,lowrank3_pchip,3,6,32,11961733.694705883,-0.10214738800212798
1,heldout,raw_pchip,0,6,33,11965404.596285712,-0.06983918867101416
1,heldout,lowrank3_pchip,3,6,33,11965404.596285712,-0.0543358923244749
1,heldout,raw_pchip,0,6,34,11968936.872058824,-0.042690140588647583
1,heldout,lowrank3_pchip,3,6,34,11968936.872058824,-0.007075702673789827
1,heldout,raw_pchip,0,6,36,11976207.822058823,-0.12103903033383717
1,heldout,lowrank3_pchip,3,6,36,11976207.822058823,-0.08167941220359407
1,heldout,raw_pchip,0,6,37,11979741.570588237,-0.0796302345376373
1,heldout,lowrank3_pchip,3,6,37,11979741.570588237,-0.05509297817901589
1,heldout,raw_pchip,0,6,38,11983344.594857143,-0.06303130861607618
1,heldout,lowrank3_pchip,3,6,38,11983344.594857143,-0.057296928963286364
1,heldout,raw_pchip,0,6,39,11987011.597058823,-0.08258398771620507
1,heldout,lowrank3_pchip,3,6,39,11987011.597058823,-0.09419594188487954
1,heldout,raw_pchip,0,6,40,11990547.260294119,-0.04360295305290745
1,heldout,lowrank3_pchip,3,6,40,11990547.260294119,-0.06294113925179706
1,heldout,raw_pchip,0,6,42,11997818.766,-0.020584940577486024
1,heldout,lowrank3_pchip,3,6,42,11997818.766,-0.022346741518286282
1,heldout,raw_pchip,0,6,43,12001352.017058823,-0.03672579954521989
1,heldout,lowrank3_pchip,3,6,43,12001352.017058823,-0.026989775435845072
1,heldout,raw_pchip,0,6,44,12004953.079714285,-0.01787411926833886
1,heldout,lowrank3_pchip,3,6,44,12004953.079714285,0.00456062316994053
1,heldout,raw_pchip,0,6,45,12008623.025588235,-0.09919632982268209
1,heldout,lowrank3_pchip,3,6,45,12008623.025588235,-0.06878056615108566
1,heldout,raw_pchip,0,6,46,12012156.266571429,-0.14662819738164704
1,heldout,lowrank3_pchip,3,6,46,12012156.266571429,-0.11134927869196855
1,heldout,raw_pchip,0,6,48,12019427.286857141,-0.10787208167687325
1,heldout,lowrank3_pchip,3,6,48,12019427.286857141,-0.08030143239436159
1,heldout,raw_pchip,0,6,49,12022961.047999999,-0.0377549925513842
1,heldout,lowrank3_pchip,3,6,49,12022961.047999999,-0.01769059093108407
1,heldout,raw_pchip,0,6,50,12026563.594571428,0.034888493792109086
1,heldout,lowrank3_pchip,3,6,50,12026563.594571428,0.037958129765873844
1,heldout,raw_pchip,0,6,51,12030232.037714286,0.05783071373044647
1,heldout,lowrank3_pchip,3,6,51,12030232.037714286,0.04583536073758727
1,heldout,raw_pchip,0,6,52,12033766.765714286,0.047415415281571165
1,heldout,lowrank3_pchip,3,6,52,12033766.765714286,0.02130412603124667
1,heldout,raw_pchip,0,6,54,12041036.292058824,0.08041423774914365
1,heldout,lowrank3_pchip,3,6,54,12041036.292058824,0.05575487809494789
1,heldout,raw_pchip,0,6,55,12044571.493714284,0.012158400664667947
1,heldout,lowrank3_pchip,3,6,55,12044571.493714284,0.0009235987206805136
1,heldout,raw_pchip,0,6,56,12048171.637058824,0.09012044824720986
1,heldout,lowrank3_pchip,3,6,56,12048171.637058824,0.0963016076966187
1,heldout,raw_pchip,0,6,57,12051841.103235293,0.009603543418233098
1,heldout,lowrank3_pchip,3,6,57,12051841.103235293,0.0402933750057456
1,heldout,raw_pchip,0,6,58,12055374.859705882,0.004128617162299775
1,heldout,lowrank3_pchip,3,6,58,12055374.859705882,0.04344001221865428
1,heldout,raw_pchip,0,6,60,12062646.376857143,-0.027873979867157745
1,heldout,lowrank3_pchip,3,6,60,12062646.376857143,0.017827725512715095
1,heldout,raw_pchip,0,6,61,12066179.612941176,-0.03599877899768766
1,heldout,lowrank3_pchip,3,6,61,12066179.612941176,0.015637832506698958
1,heldout,raw_pchip,0,6,62,12069782.658571428,-0.005350568602997935
1,heldout,lowrank3_pchip,3,6,62,12069782.658571428,0.03791318587661716
1,heldout,raw_pchip,0,6,63,12073452.05542857,-0.044289524282762206
1,heldout,lowrank3_pchip,3,6,63,12073452.05542857,0.01821928204472465
1,heldout,raw_pchip,0,6,64,12076985.299999999,0.06448723323877849
1,heldout,lowrank3_pchip,3,6,64,12076985.299999999,0.11122338407352042
1,heldout,raw_pchip,0,6,66,12084257.269705882,0.03654189387265359
1,heldout,lowrank3_pchip,3,6,66,12084257.269705882,0.06867915582459656
1,heldout,raw_pchip,0,6,67,12087790.063529411,0.03548994357066579
1,heldout,lowrank3_pchip,3,6,67,12087790.063529411,0.04536788132672213
1,heldout,raw_pchip,0,6,68,12091391.159142857,0.07306811353729545
1,heldout,lowrank3_pchip,3,6,68,12091391.159142857,0.05393997278153894
1,heldout,raw_pchip,0,6,69,12095060.135882355,0.1441252014957398
1,heldout,lowrank3_pchip,3,6,69,12095060.135882355,0.10020502998031872
1,heldout,raw_pchip,0,6,70,12096623.247058824,0.08461841614562836
1,heldout,lowrank3_pchip,3,6,70,12096623.247058824,0.03844164987610707
1,heldout,raw_pchip,0,6,72,12103758.055142855,0.03703108539081951
1,heldout,lowrank3_pchip,3,6,72,12103758.055142855,-0.03654220174994049
1,heldout,raw_pchip,0,6,73,12107426.994705882,-0.026606426969313604
1,heldout,lowrank3_pchip,3,6,73,12107426.994705882,-0.09347010962890548
1,heldout,raw_pchip,0,6,74,12110960.729117647,-0.028968591047448023
1,heldout,lowrank3_pchip,3,6,74,12110960.729117647,-0.09151008683102883
1,heldout,raw_pchip,0,6,75,12114563.282941176,0.012448025450150566
1,heldout,lowrank3_pchip,3,6,75,12114563.282941176,-0.044512016120994216
1,heldout,raw_pchip,0,6,76,12118232.213142857,-0.02345389105722825
1,heldout,lowrank3_pchip,3,6,76,12118232.213142857,-0.07333314236411077
1,heldout,raw_pchip,0,6,78,12125368.49857143,-0.01206091587541107
1,heldout,lowrank3_pchip,3,6,78,12125368.49857143,-0.0677833188231549
1,heldout,raw_pchip,0,6,79,12129036.457352942,-0.0273547852815349
1,heldout,lowrank3_pchip,3,6,79,12129036.457352942,-0.07972820709517711
1,heldout,raw_pchip,0,6,80,12132571.164411766,0.03189818084652279
1,heldout,lowrank3_pchip,3,6,80,12132571.164411766,-0.02369100065694646
1,heldout,raw_pchip,0,6,81,12136172.267142856,0.11611874052397199
1,heldout,lowrank3_pchip,3,6,81,12136172.267142856,0.0617199559838575
1,heldout,raw_pchip,0,6,82,12139842.683714287,0.03992782261260415
1,heldout,lowrank3_pchip,3,6,82,12139842.683714287,-0.018314778553252753
1,heldout,raw_pchip,0,6,84,12146977.002857143,0.05263397760018641
1,heldout,lowrank3_pchip,3,6,84,12146977.002857143,-0.00434307127978114
1,heldout,raw_pchip,0,6,85,12150645.93382353,0.016943185498990463
1,heldout,lowrank3_pchip,3,6,85,12150645.93382353,-0.0356974231909672
1,heldout,raw_pchip,0,6,86,12154179.667058824,0.0431744841820949
1,heldout,lowrank3_pchip,3,6,86,12154179.667058824,-0.005673227211296317
1,heldout,raw_pchip,0,6,87,12157782.691142859,0.036913706644978374
1,heldout,lowrank3_pchip,3,6,87,12157782.691142859,-0.007336643908825433
1,heldout,raw_pchip,0,6,88,12161450.64235294,0.07874711544406524
1,heldout,lowrank3_pchip,3,6,88,12161450.64235294,0.04281149530273907
1,heldout,raw_pchip,0,6,90,12168586.384,0.06775569818286169
1,heldout,lowrank3_pchip,3,6,90,12168586.384,0.03386028991016388
1,heldout,raw_pchip,0,6,91,12172256.788285714,0.009914003586706646
1,heldout,lowrank3_pchip,3,6,91,12172256.788285714,-0.022760032679222362
1,heldout,raw_pchip,0,6,92,12175790.035882352,0.06746407850247517
1,heldout,lowrank3_pchip,3,6,92,12175790.035882352,0.03170952626117297
1,heldout,raw_pchip,0,6,93,12179390.67147059,0.11764526083018734
1,heldout,lowrank3_pchip,3,6,93,12179390.67147059,0.07877821476552034
1,heldout,raw_pchip,0,6,94,12183060.582571428,0.1606689618547973
1,heldout,lowrank3_pchip,3,6,94,12183060.582571428,0.12166322747936396
1,heldout,raw_pchip,0,6,96,12190196.377777778,0.24307110546873512
1,heldout,lowrank3_pchip,3,6,96,12190196.377777778,0.2103291067728221
1,heldout,raw_pchip,0,6,97,12193865.865,0.2109081588223931
1,heldout,lowrank3_pchip,3,6,97,12193865.865,0.1935703356565405
1,heldout,raw_pchip,0,6,98,12197399.116857145,0.11275843124679354
1,heldout,lowrank3_pchip,3,6,98,12197399.116857145,0.12427463125582046
1,heldout,raw_pchip,0,6,99,12201001.628285715,0.022290727915508814
1,heldout,lowrank3_pchip,3,6,99,12201001.628285715,0.04930875627044015
1,heldout,raw_pchip,0,6,100,12204669.602647059,-0.027277906621852685
1,heldout,lowrank3_pchip,3,6,100,12204669.602647059,0.021445345124213096
1,heldout,raw_pchip,0,6,102,12211804.916764708,-0.004011341545099254
1,heldout,lowrank3_pchip,3,6,102,12211804.916764708,0.0413582097514649
1,heldout,raw_pchip,0,6,103,12215475.780571429,-0.020966565311767417
1,heldout,lowrank3_pchip,3,6,103,12215475.780571429,0.027842812597783994
1,heldout,raw_pchip,0,6,104,12219009.526857143,0.04063933442402236
1,heldout,lowrank3_pchip,3,6,104,12219009.526857143,0.05258552698555706
1,heldout,raw_pchip,0,6,105,12222609.658529412,0.17586547377522202
1,heldout,lowrank3_pchip,3,6,105,12222609.658529412,0.16818731710699186
1,heldout,raw_pchip,0,6,106,12226279.581999999,-0.020697388127981865
1,heldout,lowrank3_pchip,3,6,106,12226279.581999999,-0.025420365302656938
1,heldout,raw_pchip,0,6,108,12233414.39,0.025918808546564642
1,heldout,lowrank3_pchip,3,6,108,12233414.39,0.009871100981954727
1,heldout,raw_pchip,0,6,109,12237084.774117647,-0.022315489848132322
1,heldout,lowrank3_pchip,3,6,109,12237084.774117647,-0.036411656045654
1,heldout,raw_pchip,0,6,110,12240617.558235295,0.019733412060362488
1,heldout,lowrank3_pchip,3,6,110,12240617.558235295,0.004441347199826536
1,heldout,raw_pchip,0,6,111,12244220.585142858,-0.016125962289766076
1,heldout,lowrank3_pchip,3,6,111,12244220.585142858,-0.031748884361209824
1,heldout,raw_pchip,0,6,112,12247888.113999998,-0.0007361550913333996
1,heldout,lowrank3_pchip,3,6,112,12247888.113999998,-0.02221065437389836
1,heldout,raw_pchip,0,6,114,12255023.916176472,-0.013365018457603945
1,heldout,lowrank3_pchip,3,6,114,12255023.916176472,-0.03497023748897074
1,heldout,raw_pchip,0,6,115,12258694.317222219,-0.016057671790123625
1,heldout,lowrank3_pchip,3,6,115,12258694.317222219,-0.03871972461899998
1,heldout,raw_pchip,0,6,116,12262228.03735294,-0.05204507236636208
1,heldout,lowrank3_pchip,3,6,116,12262228.03735294,-0.07134012099117797
1,heldout,raw_pchip,0,6,117,12265828.654411765,-0.006336418297993933
1,heldout,lowrank3_pchip,3,6,117,12265828.654411765,-0.024101207601760037
1,heldout,raw_pchip,0,6,118,12269499.507714285,0.05364595810050245
1,heldout,lowrank3_pchip,3,6,118,12269499.507714285,0.03536024364237094
1,heldout,raw_pchip,0,6,120,12276633.854000002,0.022479219259033307
1,heldout,lowrank3_pchip,3,6,120,12276633.854000002,-0.0020743475830054636
1,heldout,raw_pchip,0,6,121,12280304.279428571,-0.027694477215534058
1,heldout,lowrank3_pchip,3,6,121,12280304.279428571,-0.0613159457197505
1,heldout,raw_pchip,0,6,122,12283836.543529412,0.004108183145590328
1,heldout,lowrank3_pchip,3,6,122,12283836.543529412,-0.040736437708166574
1,heldout,raw_pchip,0,6,123,12287439.102058824,-0.02933464168628526
1,heldout,lowrank3_pchip,3,6,123,12287439.102058824,-0.07806444831597219
1,heldout,raw_pchip,0,6,124,12291108.040285714,-0.05765431399279941
1,heldout,lowrank3_pchip,3,6,124,12291108.040285714,-0.11241158368410122
1,heldout,raw_pchip,0,6,126,12298243.344571427,-0.05115645792137667
1,heldout,lowrank3_pchip,3,6,126,12298243.344571427,-0.10584079163528068
1,heldout,raw_pchip,0,6,127,12301913.713428572,-0.007431363009414962
1,heldout,lowrank3_pchip,3,6,127,12301913.713428572,-0.04704671005577914
1,heldout,raw_pchip,0,6,128,12305446.97764706,-0.037923477706224236
1,heldout,lowrank3_pchip,3,6,128,12305446.97764706,-0.06154399088980293
1,heldout,raw_pchip,0,6,129,12309048.100571427,0.0023233665042297525
1,heldout,lowrank3_pchip,3,6,129,12309048.100571427,-0.013773090720816445
1,heldout,raw_pchip,0,6,130,12312718.49742857,-0.02426820610320429
1,heldout,lowrank3_pchip,3,6,130,12312718.49742857,-0.019016977163487638
1,heldout,raw_pchip,0,6,132,12319853.34611111,0.044680416283701944
1,heldout,lowrank3_pchip,3,6,132,12319853.34611111,0.059585046891722795
1,heldout,raw_pchip,0,6,133,12323521.782647058,-0.047080317950301764
1,heldout,lowrank3_pchip,3,6,133,12323521.782647058,-0.017957818380631783
1,heldout,raw_pchip,0,6,134,12327055.527352942,0.041808810768944826
1,heldout,lowrank3_pchip,3,6,134,12327055.527352942,0.08887759045431676
1,heldout,raw_pchip,0,6,135,12330658.07647059,-0.030044938390938032
1,heldout,lowrank3_pchip,3,6,135,12330658.07647059,0.032991181347129
1,heldout,raw_pchip,0,6,136,12334327.059714288,-0.05650263219465276
1,heldout,lowrank3_pchip,3,6,136,12334327.059714288,0.022000575451234624
1,heldout,raw_pchip,0,6,138,12341462.348,-0.05387324148771977
1,heldout,lowrank3_pchip,3,6,138,12341462.348,0.015244480647464097
1,heldout,raw_pchip,0,6,139,12345131.287058821,-0.050638461086665296
1,heldout,lowrank3_pchip,3,6,139,12345131.287058821,0.010029424796404875
1,heldout,raw_pchip,0,6,140,12348666.010294117,-0.04892221622486564
1,heldout,lowrank3_pchip,3,6,140,12348666.010294117,0.009253203292919877
1,heldout,raw_pchip,0,6,141,12352266.660294117,-0.05496086375514509
1,heldout,lowrank3_pchip,3,6,141,12352266.660294117,0.005346517364829643
1,heldout,raw_pchip,0,6,142,12355937.550571427,-0.038633594766144086
1,heldout,lowrank3_pchip,3,6,142,12355937.550571427,0.006910095260712367
1,heldout,raw_pchip,0,6,144,12364146.72235294,-0.14633311527878784
1,heldout,lowrank3_pchip,3,6,144,12364146.72235294,-0.1051684925609743
1,heldout,raw_pchip,0,6,145,12367680.468235295,-0.06336018741169366
1,heldout,lowrank3_pchip,3,6,145,12367680.468235295,-0.02522898867492508
1,heldout,raw_pchip,0,6,146,12371282.983235294,0.1515920459826905
1,heldout,lowrank3_pchip,3,6,146,12371282.983235294,0.18680412748475647
1,heldout,raw_pchip,0,6,147,12374951.466176469,0.161862471347085
1,heldout,lowrank3_pchip,3,6,147,12374951.466176469,0.18923305096237153
1,heldout,raw_pchip,0,6,148,12378486.167058825,0.0417644875812391
1,heldout,lowrank3_pchip,3,6,148,12378486.167058825,0.05970041901197398
1,heldout,raw_pchip,0,6,150,12385757.648285715,0.11980284159854858
1,heldout,lowrank3_pchip,3,6,150,12385757.648285715,0.13329725387534713
1,heldout,raw_pchip,0,6,151,12389290.40057143,-0.017828992041605353
1,heldout,lowrank3_pchip,3,6,151,12389290.40057143,-0.001911646124429631
1,heldout,raw_pchip,0,6,152,12392891.956285713,0.2107077271417087
1,heldout,lowrank3_pchip,3,6,152,12392891.956285713,0.22923755062681164
1,heldout,raw_pchip,0,6,153,12396561.387428572,0.16357424349553037
1,heldout,lowrank3_pchip,3,6,153,12396561.387428572,0.1992935750035188
1,heldout,raw_pchip,0,6,154,12400094.615882352,0.11022393590966871
1,heldout,lowrank3_pchip,3,6,154,12400094.615882352,0.12732399762069382
2,knot,raw_half_vs_half,0,0,0,11846552.306857143,-0.1715624232644493
2,knot,raw_mean_noise,0,0,0,11846552.306857143,-0.08578109360929653
2,knot,lowrank_half_vs_half,1,0,0,11846552.306857143,0.04328370050269269
2,knot,lowrank_half_vs_half,2,0,0,11846552.306857143,0.10812939085234444
2,knot,lowrank_half_vs_half,3,0,0,11846552.306857143,0.053310204665759794
2,knot,lowrank_half_vs_half,5,0,0,11846552.306857143,0.024251371297863204
2,knot,raw_half_vs_half,0,0,1,11850084.612941176,-0.04155083747893987
2,knot,raw_mean_noise,0,0,1,11850084.612941176,-0.020797775592940958
2,knot,lowrank_half_vs_half,1,0,1,11850084.612941176,0.10369397890642086
2,knot,lowrank_half_vs_half,2,0,1,11850084.612941176,0.13503604613763195
2,knot,lowrank_half_vs_half,3,0,1,11850084.612941176,0.028964344677756274
2,knot,lowrank_half_vs_half,5,0,1,11850084.612941176,-0.06852627023927456
2,knot,raw_half_vs_half,0,0,2,11853687.672,-0.16904685393241978
2,knot,raw_mean_noise,0,0,2,11853687.672,-0.08446403547680899
2,knot,lowrank_half_vs_half,1,0,2,11853687.672,0.055780098618611836
2,knot,lowrank_half_vs_half,2,0,2,11853687.672,0.10875640443724076
2,knot,lowrank_half_vs_half,3,0,2,11853687.672,0.015549451734930884
2,knot,lowrank_half_vs_half,5,0,2,11853687.672,-0.09581732901344825
2,knot,raw_half_vs_half,0,0,3,11857356.149142856,0.04359824448008141
2,knot,raw_mean_noise,0,0,3,11857356.149142856,0.021849149847889222
2,knot,lowrank_half_vs_half,1,0,3,11857356.149142856,0.18379122256894517
2,knot,lowrank_half_vs_half,2,0,3,11857356.149142856,0.22165274203233945
2,knot,lowrank_half_vs_half,3,0,3,11857356.149142856,0.11115499216517219
2,knot,lowrank_half_vs_half,5,0,3,11857356.149142856,0.031430325575757465
2,knot,raw_half_vs_half,0,0,4,11860889.428823529,0.02068328487723002
2,knot,raw_mean_noise,0,0,4,11860889.428823529,0.010321594865804244
2,knot,lowrank_half_vs_half,1,0,4,11860889.428823529,0.2228546773441693
2,knot,lowrank_half_vs_half,2,0,4,11860889.428823529,0.25155973643835916
2,knot,lowrank_half_vs_half,3,0,4,11860889.428823529,0.15226179391737948
2,knot,lowrank_half_vs_half,5,0,4,11860889.428823529,0.09480504035231532
2,knot,raw_half_vs_half,0,0,5,11864491.993529411,-0.1459195011246891
2,knot,raw_mean_noise,0,0,5,11864491.993529411,-0.07301527312009878
2,knot,lowrank_half_vs_half,1,0,5,11864491.993529411,0.09842790586658481
2,knot,lowrank_half_vs_half,2,0,5,11864491.993529411,0.11145212465642432
2,knot,lowrank_half_vs_half,3,0,5,11864491.993529411,0.009020021322995323
2,knot,lowrank_half_vs_half,5,0,5,11864491.993529411,-0.048807145237126
2,knot,raw_half_vs_half,0,0,6,11868160.443235295,0.06293972903295639
2,knot,raw_mean_noise,0,0,6,11868160.443235295,0.03144818201249924
2,knot,lowrank_half_vs_half,1,0,6,11868160.443235295,0.15543185728269834
2,knot,lowrank_half_vs_half,2,0,6,11868160.443235295,0.17449942819259395
2,knot,lowrank_half_vs_half,3,0,6,11868160.443235295,0.09026807243680086
2,knot,lowrank_half_vs_half,5,0,6,11868160.443235295,0.04380871823274881
2,knot,raw_half_vs_half,0,0,7,11871695.61714286,0.09104259137607928
2,knot,raw_mean_noise,0,0,7,11871695.61714286,0.0455286935040857
2,knot,lowrank_half_vs_half,1,0,7,11871695.61714286,0.24806941007826733
2,knot,lowrank_half_vs_half,2,0,7,11871695.61714286,0.27082815000111854
2,knot,lowrank_half_vs_half,3,0,7,11871695.61714286,0.1644337659338805
2,knot,lowrank_half_vs_half,5,0,7,11871695.61714286,0.11948897518520891
2,knot,raw_half_vs_half,0,0,8,11875295.744117647,-0.002826260249550038
2,knot,raw_mean_noise,0,0,8,11875295.744117647,-0.0015043440778807545
2,knot,lowrank_half_vs_half,1,0,8,11875295.744117647,0.10074507799315426
2,knot,lowrank_half_vs_half,2,0,8,11875295.744117647,0.10900245296559234
2,knot,lowrank_half_vs_half,3,0,8,11875295.744117647,0.041453962818520436
2,knot,lowrank_half_vs_half,5,0,8,11875295.744117647,-0.008975434535013474
2,knot,raw_half_vs_half,0,0,9,11878965.629142856,-0.02609688462371462
2,knot,raw_mean_noise,0,0,9,11878965.629142856,-0.012985593081915037
2,knot,lowrank_half_vs_half,1,0,9,11878965.629142856,0.18381176357761056
2,knot,lowrank_half_vs_half,2,0,9,11878965.629142856,0.15052789932300448
2,knot,lowrank_half_vs_half,3,0,9,11878965.629142856,0.08601406142142584
2,knot,lowrank_half_vs_half,5,0,9,11878965.629142856,0.031363720965732346
2,knot,raw_half_vs_half,0,0,10,11882499.378857143,-0.08675032170506654
2,knot,raw_mean_noise,0,0,10,11882499.378857143,-0.043449938907947454
2,knot,lowrank_half_vs_half,1,0,10,11882499.378857143,0.08262000279732981
2,knot,lowrank_half_vs_half,2,0,10,11882499.378857143,0.04902086818727762
2,knot,lowrank_half_vs_half,3,0,10,11882499.378857143,-0.04954629233966076
2,knot,lowrank_half_vs_half,5,0,10,11882499.378857143,-0.11412681234957388
2,knot,raw_half_vs_half,0,0,11,11886100.471470585,0.046007473127479236
2,knot,raw_mean_noise,0,0,11,11886100.471470585,0.022943861287078777
2,knot,lowrank_half_vs_half,1,0,11,11886100.471470585,0.13871140373119703
2,knot,lowrank_half_vs_half,2,0,11,11886100.471470585,0.12671626533811753
2,knot,lowrank_half_vs_half,3,0,11,11886100.471470585,-8.237886026060974e-05
2,knot,lowrank_half_vs_half,5,0,11,11886100.471470585,-0.058390631347423366
2,knot,raw_half_vs_half,0,0,12,11889769.907058822,0.10751711951068303
2,knot,raw_mean_noise,0,0,12,11889769.907058822,0.05368703597924191
2,knot,lowrank_half_vs_half,1,0,12,11889769.907058822,0.1376843292990901
2,knot,lowrank_half_vs_half,2,0,12,11889769.907058822,0.14329947246881602
2,knot,lowrank_half_vs_half,3,0,12,11889769.907058822,0.029797800907064916
2,knot,lowrank_half_vs_half,5,0,12,11889769.907058822,-0.0032475364629413095
2,knot,raw_half_vs_half,0,0,13,11893304.126285715,-0.04886747318716764
2,knot,raw_mean_noise,0,0,13,11893304.126285715,-0.02439972494619984
2,knot,lowrank_half_vs_half,1,0,13,11893304.126285715,0.06433059834599686
2,knot,lowrank_half_vs_half,2,0,13,11893304.126285715,0.03543797046103094
2,knot,lowrank_half_vs_half,3,0,13,11893304.126285715,-0.05602206819434601
2,knot,lowrank_half_vs_half,5,0,13,11893304.126285715,-0.09274445212683569
2,knot,raw_half_vs_half,0,0,14,11896906.631142857,-0.13962821322371327
2,knot,raw_mean_noise,0,0,14,11896906.631142857,-0.06983609250815898
2,knot,lowrank_half_vs_half,1,0,14,11896906.631142857,0.04565125227679213
2,knot,lowrank_half_vs_half,2,0,14,11896906.631142857,0.030179558409181812
2,knot,lowrank_half_vs_half,3,0,14,11896906.631142857,-0.07171124428390785
2,knot,lowrank_half_vs_half,5,0,14,11896906.631142857,-0.1122855738179527
2,knot,raw_half_vs_half,0,0,15,11900573.641764706,0.01749374232016345
2,knot,raw_mean_noise,0,0,15,11900573.641764706,0.008812661014013585
2,knot,lowrank_half_vs_half,1,0,15,11900573.641764706,0.16445227130795706
2,knot,lowrank_half_vs_half,2,0,15,11900573.641764706,0.1523308002432793
2,knot,lowrank_half_vs_half,3,0,15,11900573.641764706,0.06418472393901035
2,knot,lowrank_half_vs_half,5,0,15,11900573.641764706,0.024664712813844584
2,knot,raw_half_vs_half,0,0,16,11904109.791714286,0.0208474078944471
2,knot,raw_mean_noise,0,0,16,11904109.791714286,0.010470950735855598
2,knot,lowrank_half_vs_half,1,0,16,11904109.791714286,0.1604470313987263
2,knot,lowrank_half_vs_half,2,0,16,11904109.791714286,0.1505618038290731
2,knot,lowrank_half_vs_half,3,0,16,11904109.791714286,0.06718312492414265
2,knot,lowrank_half_vs_half,5,0,16,11904109.791714286,0.03349286079057593
2,knot,raw_half_vs_half,0,0,17,11907709.925294116,-0.012889480679298165
2,knot,raw_mean_noise,0,0,17,11907709.925294116,-0.006502050530452592
2,knot,lowrank_half_vs_half,1,0,17,11907709.925294116,0.12053661804505068
2,knot,lowrank_half_vs_half,2,0,17,11907709.925294116,0.11465843015987105
2,knot,lowrank_half_vs_half,3,0,17,11907709.925294116,0.01102880780152419
2,knot,lowrank_half_vs_half,5,0,17,11907709.925294116,-0.005415223765207988
2,knot,raw_half_vs_half,0,0,18,11911379.832571428,-0.0387304976938845
2,knot,raw_mean_noise,0,0,18,11911379.832571428,-0.01930963358568343
2,knot,lowrank_half_vs_half,1,0,18,11911379.832571428,0.053908255111251475
2,knot,lowrank_half_vs_half,2,0,18,11911379.832571428,0.04269666363042977
2,knot,lowrank_half_vs_half,3,0,18,11911379.832571428,-0.0292717948007174
2,knot,lowrank_half_vs_half,5,0,18,11911379.832571428,-0.0675977488687348
2,knot,raw_half_vs_half,0,0,19,11914914.03764706,0.01783436698645486
2,knot,raw_mean_noise,0,0,19,11914914.03764706,0.008827166700343348
2,knot,lowrank_half_vs_half,1,0,19,11914914.03764706,0.13127086851623324
2,knot,lowrank_half_vs_half,2,0,19,11914914.03764706,0.12423821341182184
2,knot,lowrank_half_vs_half,3,0,19,11914914.03764706,0.04045205211481992
2,knot,lowrank_half_vs_half,5,0,19,11914914.03764706,0.013751090641754728
2,knot,raw_half_vs_half,0,0,20,11918515.142571429,-0.18651820015251142
2,knot,raw_mean_noise,0,0,20,11918515.142571429,-0.09318737342371256
2,knot,lowrank_half_vs_half,1,0,20,11918515.142571429,0.048942490568153016
2,knot,lowrank_half_vs_half,2,0,20,11918515.142571429,0.044981027014540584
2,knot,lowrank_half_vs_half,3,0,20,11918515.142571429,-0.020081676224830237
2,knot,lowrank_half_vs_half,5,0,20,11918515.142571429,-0.05516691395747397
2,knot,raw_half_vs_half,0,0,21,11922185.065588234,-0.032042287742347256
2,knot,raw_mean_noise,0,0,21,11922185.065588234,-0.016010800321203587
2,knot,lowrank_half_vs_half,1,0,21,11922185.065588234,0.15447763815521925
2,knot,lowrank_half_vs_half,2,0,21,11922185.065588234,0.10802176268321298
2,knot,lowrank_half_vs_half,3,0,21,11922185.065588234,0.031549914494949316
2,knot,lowrank_half_vs_half,5,0,21,11922185.065588234,-0.011264037966500103
2,knot,raw_half_vs_half,0,0,22,11925718.333714286,0.001893675113920375
2,knot,raw_mean_noise,0,0,22,11925718.333714286,0.0009722009933855294
2,knot,lowrank_half_vs_half,1,0,22,11925718.333714286,0.10879322270507313
2,knot,lowrank_half_vs_half,2,0,22,11925718.333714286,0.07144515835399723
2,knot,lowrank_half_vs_half,3,0,22,11925718.333714286,0.012621159763337976
2,knot,lowrank_half_vs_half,5,0,22,11925718.333714286,-0.03039261059023855
2,knot,raw_half_vs_half,0,0,23,11929319.942000002,0.13587563164109862
2,knot,raw_mean_noise,0,0,23,11929319.942000002,0.06785317260174177
2,knot,lowrank_half_vs_half,1,0,23,11929319.942000002,0.22884881782888647
2,knot,lowrank_half_vs_half,2,0,23,11929319.942000002,0.1836959916700594
2,knot,lowrank_half_vs_half,3,0,23,11929319.942000002,0.17223588453006045
2,knot,lowrank_half_vs_half,5,0,23,11929319.942000002,0.08226191868037085
2,knot,raw_half_vs_half,0,0,24,11932989.343142858,0.10827718551086575
2,knot,raw_mean_noise,0,0,24,11932989.343142858,0.05423047294225499
2,knot,lowrank_half_vs_half,1,0,24,11932989.343142858,0.1411336132823156
2,knot,lowrank_half_vs_half,2,0,24,11932989.343142858,0.11288040603753872
2,knot,lowrank_half_vs_half,3,0,24,11932989.343142858,0.12282757278810348
2,knot,lowrank_half_vs_half,5,0,24,11932989.343142858,0.028882563124065428
2,knot,raw_half_vs_half,0,0,25,11936522.600882353,0.19686296516660495
2,knot,raw_mean_noise,0,0,25,11936522.600882353,0.09833073485260498
2,knot,lowrank_half_vs_half,1,0,25,11936522.600882353,0.11696243829389256
2,knot,lowrank_half_vs_half,2,0,25,11936522.600882353,0.08896941964436661
2,knot,lowrank_half_vs_half,3,0,25,11936522.600882353,0.1093741327417116
2,knot,lowrank_half_vs_half,5,0,25,11936522.600882353,0.04316894816863314
2,knot,raw_half_vs_half,0,0,26,11940125.16647059,-0.029315221596014053
2,knot,raw_mean_noise,0,0,26,11940125.16647059,-0.014633081097674142
2,knot,lowrank_half_vs_half,1,0,26,11940125.16647059,0.12718932104246972
2,knot,lowrank_half_vs_half,2,0,26,11940125.16647059,0.12188502011572776
2,knot,lowrank_half_vs_half,3,0,26,11940125.16647059,0.10462678654419688
2,knot,lowrank_half_vs_half,5,0,26,11940125.16647059,0.05216221505652709
2,knot,raw_half_vs_half,0,0,27,11943793.66382353,0.02886405627484609
2,knot,raw_mean_noise,0,0,27,11943793.66382353,0.014463324234036783
2,knot,lowrank_half_vs_half,1,0,27,11943793.66382353,0.10924290399319815
2,knot,lowrank_half_vs_half,2,0,27,11943793.66382353,0.08924591419275468
2,knot,lowrank_half_vs_half,3,0,27,11943793.66382353,0.08436056521925632
2,knot,lowrank_half_vs_half,5,0,27,11943793.66382353,0.046780792443592165
2,knot,raw_half_vs_half,0,0,28,11947328.37611111,0.10535715893614384
2,knot,raw_mean_noise,0,0,28,11947328.37611111,0.05272186104363483
2,knot,lowrank_half_vs_half,1,0,28,11947328.37611111,0.08626782083079701
2,knot,lowrank_half_vs_half,2,0,28,11947328.37611111,0.06470543434343291
2,knot,lowrank_half_vs_half,3,0,28,11947328.37611111,0.07306157924399181
2,knot,lowrank_half_vs_half,5,0,28,11947328.37611111,0.03637644046297491
2,knot,raw_half_vs_half,0,0,29,11950930.41542857,-0.0994767976034591
2,knot,raw_mean_noise,0,0,29,11950930.41542857,-0.04978681323116486
2,knot,lowrank_half_vs_half,1,0,29,11950930.41542857,0.05913338463600897
2,knot,lowrank_half_vs_half,2,0,29,11950930.41542857,0.04076650746542241
2,knot,lowrank_half_vs_half,3,0,29,11950930.41542857,0.01313618687943071
2,knot,lowrank_half_vs_half,5,0,29,11950930.41542857,-0.018319286219224584
2,knot,raw_half_vs_half,0,0,30,11954598.400588235,0.018767664985985564
2,knot,raw_mean_noise,0,0,30,11954598.400588235,0.009378901911392247
2,knot,lowrank_half_vs_half,1,0,30,11954598.400588235,-0.021142678420140813
2,knot,lowrank_half_vs_half,2,0,30,11954598.400588235,-0.004282078099632127
2,knot,lowrank_half_vs_half,3,0,30,11954598.400588235,-0.02458880043418013
2,knot,lowrank_half_vs_half,5,0,30,11954598.400588235,-0.03003689653870216
2,knot,raw_half_vs_half,0,0,31,11958133.073529411,-0.03365925282150116
2,knot,raw_mean_noise,0,0,31,11958133.073529411,-0.016782191313866105
2,knot,lowrank_half_vs_half,1,0,31,11958133.073529411,-0.05473936282355623
2,knot,lowrank_half_vs_half,2,0,31,11958133.073529411,-0.055560256308409196
2,knot,lowrank_half_vs_half,3,0,31,11958133.073529411,-0.038976572215389194
2,knot,lowrank_half_vs_half,5,0,31,11958133.073529411,0.007793673823955539
2,knot,raw_half_vs_half,0,0,32,11961733.694705883,0.05750650818592313
2,knot,raw_mean_noise,0,0,32,11961733.694705883,0.028798931067079984
2,knot,lowrank_half_vs_half,1,0,32,11961733.694705883,0.0008773710032739294
2,knot,lowrank_half_vs_half,2,0,32,11961733.694705883,-0.02940403441255217
2,knot,lowrank_half_vs_half,3,0,32,11961733.694705883,-0.013916974914723166
2,knot,lowrank_half_vs_half,5,0,32,11961733.694705883,0.008701808797847427
2,knot,raw_half_vs_half,0,0,33,11965404.596285712,-0.08847310406475366
2,knot,raw_mean_noise,0,0,33,11965404.596285712,-0.044115427896324555
2,knot,lowrank_half_vs_half,1,0,33,11965404.596285712,-0.1126037005423977
2,knot,lowrank_half_vs_half,2,0,33,11965404.596285712,-0.11404749425209228
2,knot,lowrank_half_vs_half,3,0,33,11965404.596285712,-0.08104321426581847
2,knot,lowrank_half_vs_half,5,0,33,11965404.596285712,-0.06810334044343544
2,knot,raw_half_vs_half,0,0,34,11968936.872058824,0.00492479006662859
2,knot,raw_mean_noise,0,0,34,11968936.872058824,0.0024515907338432583
2,knot,lowrank_half_vs_half,1,0,34,11968936.872058824,0.03199926333352901
2,knot,lowrank_half_vs_half,2,0,34,11968936.872058824,0.020432191846211024
2,knot,lowrank_half_vs_half,3,0,34,11968936.872058824,0.05533354037105518
2,knot,lowrank_half_vs_half,5,0,34,11968936.872058824,0.05693260169165775
2,knot,raw_half_vs_half,0,0,35,11972538.414411766,-0.03833706505282555
2,knot,raw_mean_noise,0,0,35,11972538.414411766,-0.019088732283094094
2,knot,lowrank_half_vs_half,1,0,35,11972538.414411766,-0.09219757759774383
2,knot,lowrank_half_vs_half,2,0,35,11972538.414411766,-0.0886982706301832
2,knot,lowrank_half_vs_half,3,0,35,11972538.414411766,-0.05754123123835457
2,knot,lowrank_half_vs_half,5,0,35,11972538.414411766,-0.05737155707092087
2,knot,raw_half_vs_half,0,0,36,11976207.822058823,-0.022588155917900844
2,knot,raw_mean_noise,0,0,36,11976207.822058823,-0.011402782706418563
2,knot,lowrank_half_vs_half,1,0,36,11976207.822058823,0.01619821026506048
2,knot,lowrank_half_vs_half,2,0,36,11976207.822058823,0.027219630726289072
2,knot,lowrank_half_vs_half,3,0,36,11976207.822058823,0.04802888688856131
2,knot,lowrank_half_vs_half,5,0,36,11976207.822058823,0.05367813548698031
2,knot,raw_half_vs_half,0,0,37,11979741.570588237,-0.04855147222153537
2,knot,raw_mean_noise,0,0,37,11979741.570588237,-0.024277905519691285
2,knot,lowrank_half_vs_half,1,0,37,11979741.570588237,0.008177863193508007
2,knot,lowrank_half_vs_half,2,0,37,11979741.570588237,-0.004906929102450114
2,knot,lowrank_half_vs_half,3,0,37,11979741.570588237,0.037193562635956676
2,knot,lowrank_half_vs_half,5,0,37,11979741.570588237,0.0444022427958299
2,knot,raw_half_vs_half,0,0,38,11983344.594857143,0.005852838666081175
2,knot,raw_mean_noise,0,0,38,11983344.594857143,0.002984548281894967
2,knot,lowrank_half_vs_half,1,0,38,11983344.594857143,0.013729624662961704
2,knot,lowrank_half_vs_half,2,0,38,11983344.594857143,-0.003235678648099863
2,knot,lowrank_half_vs_half,3,0,38,11983344.594857143,0.025763989613549507
2,knot,lowrank_half_vs_half,5,0,38,11983344.594857143,0.045354880018438216
2,knot,raw_half_vs_half,0,0,39,11987011.597058823,0.08454107530798449
2,knot,raw_mean_noise,0,0,39,11987011.597058823,0.0422411547541912
2,knot,lowrank_half_vs_half,1,0,39,11987011.597058823,-0.02944535012103669
2,knot,lowrank_half_vs_half,2,0,39,11987011.597058823,-0.04720785725567601
2,knot,lowrank_half_vs_half,3,0,39,11987011.597058823,-0.009257201485431313
2,knot,lowrank_half_vs_half,5,0,39,11987011.597058823,0.005972797591152073
2,knot,raw_half_vs_half,0,0,40,11990547.260294119,0.04295615366558307
2,knot,raw_mean_noise,0,0,40,11990547.260294119,0.021448273480324166
2,knot,lowrank_half_vs_half,1,0,40,11990547.260294119,0.02470212587378267
2,knot,lowrank_half_vs_half,2,0,40,11990547.260294119,0.01777487336198796
2,knot,lowrank_half_vs_half,3,0,40,11990547.260294119,0.0604780453131234
2,knot,lowrank_half_vs_half,5,0,40,11990547.260294119,0.058838919467045316
2,knot,raw_half_vs_half,0,0,41,11994147.885294119,-0.04872677885381028
2,knot,raw_mean_noise,0,0,41,11994147.885294119,-0.024477655833206092
2,knot,lowrank_half_vs_half,1,0,41,11994147.885294119,-0.04129485776803688
2,knot,lowrank_half_vs_half,2,0,41,11994147.885294119,-0.03064869007024305
2,knot,lowrank_half_vs_half,3,0,41,11994147.885294119,-0.02084790031396064
2,knot,lowrank_half_vs_half,5,0,41,11994147.885294119,-0.0013463836113190544
2,knot,raw_half_vs_half,0,0,42,11997818.766,-0.026211697608842253
2,knot,raw_mean_noise,0,0,42,11997818.766,-0.013143096587912236
2,knot,lowrank_half_vs_half,1,0,42,11997818.766,-0.05096663514954772
2,knot,lowrank_half_vs_half,2,0,42,11997818.766,-0.040336571526567264
2,knot,lowrank_half_vs_half,3,0,42,11997818.766,-0.03382269740885081
2,knot,lowrank_half_vs_half,5,0,42,11997818.766,-0.0336031875831473
2,knot,raw_half_vs_half,0,0,43,12001352.017058823,0.12196098829002323
2,knot,raw_mean_noise,0,0,43,12001352.017058823,0.06101544800382298
2,knot,lowrank_half_vs_half,1,0,43,12001352.017058823,0.08111868618405918
2,knot,lowrank_half_vs_half,2,0,43,12001352.017058823,0.09026817794882709
2,knot,lowrank_half_vs_half,3,0,43,12001352.017058823,0.10169340194679759
2,knot,lowrank_half_vs_half,5,0,43,12001352.017058823,0.09264564631572213
2,knot,raw_half_vs_half,0,0,44,12004953.079714285,-0.09572487169220038
2,knot,raw_mean_noise,0,0,44,12004953.079714285,-0.04780909866679871
2,knot,lowrank_half_vs_half,1,0,44,12004953.079714285,-0.043093550510972065
2,knot,lowrank_half_vs_half,2,0,44,12004953.079714285,-0.03670565208074866
2,knot,lowrank_half_vs_half,3,0,44,12004953.079714285,-0.01937716712967056
2,knot,lowrank_half_vs_half,5,0,44,12004953.079714285,-0.024987304597220702
2,knot,raw_half_vs_half,0,0,45,12008623.025588235,-0.08744020134217219
2,knot,raw_mean_noise,0,0,45,12008623.025588235,-0.04375297421408794
2,knot,lowrank_half_vs_half,1,0,45,12008623.025588235,-0.020362497401250065
2,knot,lowrank_half_vs_half,2,0,45,12008623.025588235,-0.015069026482855508
2,knot,lowrank_half_vs_half,3,0,45,12008623.025588235,-0.006558585354498002
2,knot,lowrank_half_vs_half,5,0,45,12008623.025588235,-0.010916358255612284
2,knot,raw_half_vs_half,0,0,46,12012156.266571429,-0.04481568310719647
2,knot,raw_mean_noise,0,0,46,12012156.266571429,-0.022279099783931895
2,knot,lowrank_half_vs_half,1,0,46,12012156.266571429,-0.05000395311899556
2,knot,lowrank_half_vs_half,2,0,46,12012156.266571429,-0.0526283468412218
2,knot,lowrank_half_vs_half,3,0,46,12012156.266571429,-0.03407111383305938
2,knot,lowrank_half_vs_half,5,0,46,12012156.266571429,-0.03129953978071656
2,knot,raw_half_vs_half,0,0,47,12015758.35388889,0.00047921383557968843
2,knot,raw_mean_noise,0,0,47,12015758.35388889,0.0002444300169949497
2,knot,lowrank_half_vs_half,1,0,47,12015758.35388889,-0.04572997467771213
2,knot,lowrank_half_vs_half,2,0,47,12015758.35388889,-0.039479811303161215
2,knot,lowrank_half_vs_half,3,0,47,12015758.35388889,-0.0411712219926623
2,knot,lowrank_half_vs_half,5,0,47,12015758.35388889,-0.05062138631379717
2,knot,raw_half_vs_half,0,0,48,12019427.286857141,0.05868948429294129
2,knot,raw_mean_noise,0,0,48,12019427.286857141,0.029244397413108976
2,knot,lowrank_half_vs_half,1,0,48,12019427.286857141,0.03106210369042045
2,knot,lowrank_half_vs_half,2,0,48,12019427.286857141,0.03291952775283997
2,knot,lowrank_half_vs_half,3,0,48,12019427.286857141,0.029614400064700824
2,knot,lowrank_half_vs_half,5,0,48,12019427.286857141,0.02511392566144133
2,knot,raw_half_vs_half,0,0,49,12022961.047999999,-0.03150994116681609
2,knot,raw_mean_noise,0,0,49,12022961.047999999,-0.01583949762012799
2,knot,lowrank_half_vs_half,1,0,49,12022961.047999999,-0.009256952964810237
2,knot,lowrank_half_vs_half,2,0,49,12022961.047999999,-0.010432504237709144
2,knot,lowrank_half_vs_half,3,0,49,12022961.047999999,-0.005563572617015447
2,knot,lowrank_half_vs_half,5,0,49,12022961.047999999,0.006342366883624739
2,knot,raw_half_vs_half,0,0,50,12026563.594571428,0.03406105919903738
2,knot,raw_mean_noise,0,0,50,12026563.594571428,0.01694242834687929
2,knot,lowrank_half_vs_half,1,0,50,12026563.594571428,0.029853313959477844
2,knot,lowrank_half_vs_half,2,0,50,12026563.594571428,0.032293772376391375
2,knot,lowrank_half_vs_half,3,0,50,12026563.594571428,0.059043037760564215
2,knot,lowrank_half_vs_half,5,0,50,12026563.594571428,0.06559510860043588
2,knot,raw_half_vs_half,0,0,51,12030232.037714286,-0.1470234135116203
2,knot,raw_mean_noise,0,0,51,12030232.037714286,-0.07357335574741783
2,knot,lowrank_half_vs_half,1,0,51,12030232.037714286,-0.1298385595757889
2,knot,lowrank_half_vs_half,2,0,51,12030232.037714286,-0.1295050084811498
2,knot,lowrank_half_vs_half,3,0,51,12030232.037714286,-0.1136448035774745
2,knot,lowrank_half_vs_half,5,0,51,12030232.037714286,-0.11654790175175506
2,knot,raw_half_vs_half,0,0,52,12033766.765714286,-0.02994497352730586
2,knot,raw_mean_noise,0,0,52,12033766.765714286,-0.014960001976122617
2,knot,lowrank_half_vs_half,1,0,52,12033766.765714286,-0.05765397027989095
2,knot,lowrank_half_vs_half,2,0,52,12033766.765714286,-0.0642812441355238
2,knot,lowrank_half_vs_half,3,0,52,12033766.765714286,-0.061110521080855296
2,knot,lowrank_half_vs_half,5,0,52,12033766.765714286,-0.04007362447051244
2,knot,raw_half_vs_half,0,0,53,12037366.84617647,0.07734235923011631
2,knot,raw_mean_noise,0,0,53,12037366.84617647,0.03857015282439944
2,knot,lowrank_half_vs_half,1,0,53,12037366.84617647,0.0004423170751257442
2,knot,lowrank_half_vs_half,2,0,53,12037366.84617647,-0.0058472989358055285
2,knot,lowrank_half_vs_half,3,0,53,12037366.84617647,-0.009648123945769188
2,knot,lowrank_half_vs_half,5,0,53,12037366.84617647,0.011721296443564106
2,knot,raw_half_vs_half,0,0,54,12041036.292058824,0.046868299271502795
2,knot,raw_mean_noise,0,0,54,12041036.292058824,0.023259683396646327
2,knot,lowrank_half_vs_half,1,0,54,12041036.292058824,-0.04037288004720002
2,knot,lowrank_half_vs_half,2,0,54,12041036.292058824,-0.04540219453599241
2,knot,lowrank_half_vs_half,3,0,54,12041036.292058824,-0.04123222455609619
2,knot,lowrank_half_vs_half,5,0,54,12041036.292058824,-0.011926098891175376
2,knot,raw_half_vs_half,0,0,55,12044571.493714284,0.12098644936070092
2,knot,raw_mean_noise,0,0,55,12044571.493714284,0.06038431172568457
2,knot,lowrank_half_vs_half,1,0,55,12044571.493714284,0.04526432043934625
2,knot,lowrank_half_vs_half,2,0,55,12044571.493714284,0.04285274066344854
2,knot,lowrank_half_vs_half,3,0,55,12044571.493714284,0.04997945301313406
2,knot,lowrank_half_vs_half,5,0,55,12044571.493714284,0.07548971208655311
2,knot,raw_half_vs_half,0,0,56,12048171.637058824,0.0906910021336609
2,knot,raw_mean_noise,0,0,56,12048171.637058824,0.04538888716383959
2,knot,lowrank_half_vs_half,1,0,56,12048171.637058824,-0.006648036982789796
2,knot,lowrank_half_vs_half,2,0,56,12048171.637058824,-0.019432238512406313
2,knot,lowrank_half_vs_half,3,0,56,12048171.637058824,-0.016421199455563754
2,knot,lowrank_half_vs_half,5,0,56,12048171.637058824,-0.005679958996493831
2,knot,raw_half_vs_half,0,0,57,12051841.103235293,0.0019634815089299377
2,knot,raw_mean_noise,0,0,57,12051841.103235293,0.0009931447487709897
2,knot,lowrank_half_vs_half,1,0,57,12051841.103235293,-0.013479040612977836
2,knot,lowrank_half_vs_half,2,0,57,12051841.103235293,-0.02308632156046424
2,knot,lowrank_half_vs_half,3,0,57,12051841.103235293,-0.004278060941154313
2,knot,lowrank_half_vs_half,5,0,57,12051841.103235293,0.007696977085826779
2,knot,raw_half_vs_half,0,0,58,12055374.859705882,0.027286905087015527
2,knot,raw_mean_noise,0,0,58,12055374.859705882,0.013605238118911782
2,knot,lowrank_half_vs_half,1,0,58,12055374.859705882,0.039906195097396444
2,knot,lowrank_half_vs_half,2,0,58,12055374.859705882,0.034939863689890126
2,knot,lowrank_half_vs_half,3,0,58,12055374.859705882,0.044809925667835745
2,knot,lowrank_half_vs_half,5,0,58,12055374.859705882,0.06642561526016567
2,knot,raw_half_vs_half,0,0,59,12058976.944285717,0.08638568343479207
2,knot,raw_mean_noise,0,0,59,12058976.944285717,0.04334135999448212
2,knot,lowrank_half_vs_half,1,0,59,12058976.944285717,0.07104703495969222
2,knot,lowrank_half_vs_half,2,0,59,12058976.944285717,0.06560891502816862
2,knot,lowrank_half_vs_half,3,0,59,12058976.944285717,0.08048602293043279
2,knot,lowrank_half_vs_half,5,0,59,12058976.944285717,0.10059487727093665
2,knot,raw_half_vs_half,0,0,60,12062646.376857143,0.01188529021619648
2,knot,raw_mean_noise,0,0,60,12062646.376857143,0.005944327063598044
2,knot,lowrank_half_vs_half,1,0,60,12062646.376857143,-0.04873291004527913
2,knot,lowrank_half_vs_half,2,0,60,12062646.376857143,-0.05736799895338736
2,knot,lowrank_half_vs_half,3,0,60,12062646.376857143,-0.04504588665224852
2,knot,lowrank_half_vs_half,5,0,60,12062646.376857143,-0.014406935351744818
2,knot,raw_half_vs_half,0,0,61,12066179.612941176,0.001558341883361218
2,knot,raw_mean_noise,0,0,61,12066179.612941176,0.0007793159212474813
2,knot,lowrank_half_vs_half,1,0,61,12066179.612941176,-0.05105125449505266
2,knot,lowrank_half_vs_half,2,0,61,12066179.612941176,-0.03977351284697904
2,knot,lowrank_half_vs_half,3,0,61,12066179.612941176,-0.01898543770750562
2,knot,lowrank_half_vs_half,5,0,61,12066179.612941176,-0.0032707943355292386
2,knot,raw_half_vs_half,0,0,62,12069782.658571428,-0.0005943628584918206
2,knot,raw_mean_noise,0,0,62,12069782.658571428,-0.00025015203346953136
2,knot,lowrank_half_vs_half,1,0,62,12069782.658571428,0.0025533027076111493
2,knot,lowrank_half_vs_half,2,0,62,12069782.658571428,-0.002246584058474717
2,knot,lowrank_half_vs_half,3,0,62,12069782.658571428,0.009282027790254133
2,knot,lowrank_half_vs_half,5,0,62,12069782.658571428,0.03690593338878339
2,knot,raw_half_vs_half,0,0,63,12073452.05542857,-0.03080114887732261
2,knot,raw_mean_noise,0,0,63,12073452.05542857,-0.01546719796628486
2,knot,lowrank_half_vs_half,1,0,63,12073452.05542857,-0.13305597781202272
2,knot,lowrank_half_vs_half,2,0,63,12073452.05542857,-0.13817580614796227
2,knot,lowrank_half_vs_half,3,0,63,12073452.05542857,-0.1176763321376767
2,knot,lowrank_half_vs_half,5,0,63,12073452.05542857,-0.10763622845622564
2,knot,raw_half_vs_half,0,0,64,12076985.299999999,0.018357504213328317
2,knot,raw_mean_noise,0,0,64,12076985.299999999,0.009257668068724682
2,knot,lowrank_half_vs_half,1,0,64,12076985.299999999,-0.014615219801029918
2,knot,lowrank_half_vs_half,2,0,64,12076985.299999999,-0.020140426873975856
2,knot,lowrank_half_vs_half,3,0,64,12076985.299999999,-0.009033386959540689
2,knot,lowrank_half_vs_half,5,0,64,12076985.299999999,0.014275257546428635
2,knot,raw_half_vs_half,0,0,65,12080586.375714287,0.19353387355160123
2,knot,raw_mean_noise,0,0,65,12080586.375714287,0.09677051883937152
2,knot,lowrank_half_vs_half,1,0,65,12080586.375714287,0.05408733207390539
2,knot,lowrank_half_vs_half,2,0,65,12080586.375714287,0.04992672897697603
2,knot,lowrank_half_vs_half,3,0,65,12080586.375714287,0.058812543517820975
2,knot,lowrank_half_vs_half,5,0,65,12080586.375714287,0.08220769796782085
2,knot,raw_half_vs_half,0,0,66,12084257.269705882,0.10353843290973691
2,knot,raw_mean_noise,0,0,66,12084257.269705882,0.051770987204746245
2,knot,lowrank_half_vs_half,1,0,66,12084257.269705882,-0.001273368963979557
2,knot,lowrank_half_vs_half,2,0,66,12084257.269705882,-0.00847910285429347
2,knot,lowrank_half_vs_half,3,0,66,12084257.269705882,0.015731682727464686
2,knot,lowrank_half_vs_half,5,0,66,12084257.269705882,0.040958269707661005
2,knot,raw_half_vs_half,0,0,67,12087790.063529411,-0.018812705398139833
2,knot,raw_mean_noise,0,0,67,12087790.063529411,-0.009416570177114504
2,knot,lowrank_half_vs_half,1,0,67,12087790.063529411,-0.08588314710400673
2,knot,lowrank_half_vs_half,2,0,67,12087790.063529411,-0.09126817218320263
2,knot,lowrank_half_vs_half,3,0,67,12087790.063529411,-0.07543122295552568
2,knot,lowrank_half_vs_half,5,0,67,12087790.063529411,-0.05883027425569808
2,knot,raw_half_vs_half,0,0,68,12091391.159142857,-0.09333436344447402
2,knot,raw_mean_noise,0,0,68,12091391.159142857,-0.04661947047271187
2,knot,lowrank_half_vs_half,1,0,68,12091391.159142857,-0.10339318326112518
2,knot,lowrank_half_vs_half,2,0,68,12091391.159142857,-0.10093549250480005
2,knot,lowrank_half_vs_half,3,0,68,12091391.159142857,-0.07548351747572332
2,knot,lowrank_half_vs_half,5,0,68,12091391.159142857,-0.053448095345937065
2,knot,raw_half_vs_half,0,0,69,12095060.135882355,-0.10135610444677294
2,knot,raw_mean_noise,0,0,69,12095060.135882355,-0.05069365460665635
2,knot,lowrank_half_vs_half,1,0,69,12095060.135882355,-0.11012702476729798
2,knot,lowrank_half_vs_half,2,0,69,12095060.135882355,-0.1260584391884347
2,knot,lowrank_half_vs_half,3,0,69,12095060.135882355,-0.10527892038989227
2,knot,lowrank_half_vs_half,5,0,69,12095060.135882355,-0.07290184572508428
2,knot,raw_half_vs_half,0,0,70,12096623.247058824,-0.03938648738630627
2,knot,raw_mean_noise,0,0,70,12096623.247058824,-0.01960902709930537
2,knot,lowrank_half_vs_half,1,0,70,12096623.247058824,-0.019225819854493505
2,knot,lowrank_half_vs_half,2,0,70,12096623.247058824,-0.04366330964268631
2,knot,lowrank_half_vs_half,3,0,70,12096623.247058824,-0.030922384639510282
2,knot,lowrank_half_vs_half,5,0,70,12096623.247058824,-0.028242457081762345
2,knot,raw_half_vs_half,0,0,71,12100156.965588234,-0.03579161998055918
2,knot,raw_mean_noise,0,0,71,12100156.965588234,-0.01798626849111604
2,knot,lowrank_half_vs_half,1,0,71,12100156.965588234,0.040318844884530476
2,knot,lowrank_half_vs_half,2,0,71,12100156.965588234,0.014208960010834782
2,knot,lowrank_half_vs_half,3,0,71,12100156.965588234,0.012457866183808333
2,knot,lowrank_half_vs_half,5,0,71,12100156.965588234,0.025757347557811276
2,knot,raw_half_vs_half,0,0,72,12103758.055142855,0.13481641589628826
2,knot,raw_mean_noise,0,0,72,12103758.055142855,0.06737286213555957
2,knot,lowrank_half_vs_half,1,0,72,12103758.055142855,0.06437315409535949
2,knot,lowrank_half_vs_half,2,0,72,12103758.055142855,0.05803586942107237
2,knot,lowrank_half_vs_half,3,0,72,12103758.055142855,0.05382260642361268
2,knot,lowrank_half_vs_half,5,0,72,12103758.055142855,0.03199373990388058
2,knot,raw_half_vs_half,0,0,73,12107426.994705882,0.024306690793225758
2,knot,raw_mean_noise,0,0,73,12107426.994705882,0.012234116137393215
2,knot,lowrank_half_vs_half,1,0,73,12107426.994705882,0.0638728665775859
2,knot,lowrank_half_vs_half,2,0,73,12107426.994705882,0.026401463990315097
2,knot,lowrank_half_vs_half,3,0,73,12107426.994705882,0.02278018976442617
2,knot,lowrank_half_vs_half,5,0,73,12107426.994705882,0.0502582280103429
2,knot,raw_half_vs_half,0,0,74,12110960.729117647,-0.005345787283430619
2,knot,raw_mean_noise,0,0,74,12110960.729117647,-0.0026810291439127165
2,knot,lowrank_half_vs_half,1,0,74,12110960.729117647,0.027882043677974675
2,knot,lowrank_half_vs_half,2,0,74,12110960.729117647,0.00979127445449705
2,knot,lowrank_half_vs_half,3,0,74,12110960.729117647,0.00421146718044596
2,knot,lowrank_half_vs_half,5,0,74,12110960.729117647,0.016225530009429088
2,knot,raw_half_vs_half,0,0,75,12114563.282941176,-0.07381907423570337
2,knot,raw_mean_noise,0,0,75,12114563.282941176,-0.03693367337323681
2,knot,lowrank_half_vs_half,1,0,75,12114563.282941176,-0.044698052560042535
2,knot,lowrank_half_vs_half,2,0,75,12114563.282941176,-0.060692014915377165
2,knot,lowrank_half_vs_half,3,0,75,12114563.282941176,-0.05638586871226594
2,knot,lowrank_half_vs_half,5,0,75,12114563.282941176,-0.036475720460188994
2,knot,raw_half_vs_half,0,0,76,12118232.213142857,0.03778595724733906
2,knot,raw_mean_noise,0,0,76,12118232.213142857,0.01878630780701342
2,knot,lowrank_half_vs_half,1,0,76,12118232.213142857,-0.009791981572808087
2,knot,lowrank_half_vs_half,2,0,76,12118232.213142857,-0.029618283884530663
2,knot,lowrank_half_vs_half,3,0,76,12118232.213142857,-0.024589317159086133
2,knot,lowrank_half_vs_half,5,0,76,12118232.213142857,-0.024164604831319728
2,knot,raw_half_vs_half,0,0,77,12121765.470588233,0.08181776856018388
2,knot,raw_mean_noise,0,0,77,12121765.470588233,0.04086865999673127
2,knot,lowrank_half_vs_half,1,0,77,12121765.470588233,0.018071954204688847
2,knot,lowrank_half_vs_half,2,0,77,12121765.470588233,-0.01079951750887701
2,knot,lowrank_half_vs_half,3,0,77,12121765.470588233,0.011634768473687314
2,knot,lowrank_half_vs_half,5,0,77,12121765.470588233,0.015290790061919277
2,knot,raw_half_vs_half,0,0,78,12125368.49857143,0.14528164196633567
2,knot,raw_mean_noise,0,0,78,12125368.49857143,0.07263913994340598
2,knot,lowrank_half_vs_half,1,0,78,12125368.49857143,0.16236027298553257
2,knot,lowrank_half_vs_half,2,0,78,12125368.49857143,0.1507015113449127
2,knot,lowrank_half_vs_half,3,0,78,12125368.49857143,0.17363325782636574
2,knot,lowrank_half_vs_half,5,0,78,12125368.49857143,0.1753448584126029
2,knot,raw_half_vs_half,0,0,79,12129036.457352942,-0.1516983054215032
2,knot,raw_mean_noise,0,0,79,12129036.457352942,-0.0758211505422917
2,knot,lowrank_half_vs_half,1,0,79,12129036.457352942,-0.032606595524767495
2,knot,lowrank_half_vs_half,2,0,79,12129036.457352942,-0.06297136259262606
2,knot,lowrank_half_vs_half,3,0,79,12129036.457352942,-0.0320409844459927
2,knot,lowrank_half_vs_half,5,0,79,12129036.457352942,-0.013060232094192438
2,knot,raw_half_vs_half,0,0,80,12132571.164411766,0.05848889017513447
2,knot,raw_mean_noise,0,0,80,12132571.164411766,0.029281936412849936
2,knot,lowrank_half_vs_half,1,0,80,12132571.164411766,0.005916391458812003
2,knot,lowrank_half_vs_half,2,0,80,12132571.164411766,0.0051865325153879005
2,knot,lowrank_half_vs_half,3,0,80,12132571.164411766,0.06552621360395942
2,knot,lowrank_half_vs_half,5,0,80,12132571.164411766,0.04598947550477217
2,knot,raw_half_vs_half,0,0,81,12136172.267142856,-0.050064862830908045
2,knot,raw_mean_noise,0,0,81,12136172.267142856,-0.02507277570666258
2,knot,lowrank_half_vs_half,1,0,81,12136172.267142856,-0.05862009322516542
2,knot,lowrank_half_vs_half,2,0,81,12136172.267142856,-0.05404904691133674
2,knot,lowrank_half_vs_half,3,0,81,12136172.267142856,-0.01735034294982512
2,knot,lowrank_half_vs_half,5,0,81,12136172.267142856,-0.03670090801192
2,knot,raw_half_vs_half,0,0,82,12139842.683714287,0.06250827768883338
2,knot,raw_mean_noise,0,0,82,12139842.683714287,0.03136342597403373
2,knot,lowrank_half_vs_half,1,0,82,12139842.683714287,0.017755776580968448
2,knot,lowrank_half_vs_half,2,0,82,12139842.683714287,0.02140900650374679
2,knot,lowrank_half_vs_half,3,0,82,12139842.683714287,0.05181823528579549
2,knot,lowrank_half_vs_half,5,0,82,12139842.683714287,0.0323406000035375
2,knot,raw_half_vs_half,0,0,83,12143375.924705882,-0.13170397289629102
2,knot,raw_mean_noise,0,0,83,12143375.924705882,-0.06588879253114757
2,knot,lowrank_half_vs_half,1,0,83,12143375.924705882,-0.06839423107881012
2,knot,lowrank_half_vs_half,2,0,83,12143375.924705882,-0.06056860396062049
2,knot,lowrank_half_vs_half,3,0,83,12143375.924705882,-0.021441290967309064
2,knot,lowrank_half_vs_half,5,0,83,12143375.924705882,-0.04079640324861684
2,knot,raw_half_vs_half,0,0,84,12146977.002857143,-0.050613692300962965
2,knot,raw_mean_noise,0,0,84,12146977.002857143,-0.02530808353035959
2,knot,lowrank_half_vs_half,1,0,84,12146977.002857143,-0.06682513309526718
2,knot,lowrank_half_vs_half,2,0,84,12146977.002857143,-0.06764576639478595
2,knot,lowrank_half_vs_half,3,0,84,12146977.002857143,-0.03069100767106702
2,knot,lowrank_half_vs_half,5,0,84,12146977.002857143,-0.03688147912525755
2,knot,raw_half_vs_half,0,0,85,12150645.93382353,0.03844846694035867
2,knot,raw_mean_noise,0,0,85,12150645.93382353,0.01929586106736209
2,knot,lowrank_half_vs_half,1,0,85,12150645.93382353,-0.051302663618405846
2,knot,lowrank_half_vs_half,2,0,85,12150645.93382353,-0.04540028228419177
2,knot,lowrank_half_vs_half,3,0,85,12150645.93382353,-0.019438831913006455
2,knot,lowrank_half_vs_half,5,0,85,12150645.93382353,-0.03811431865712076
2,knot,raw_half_vs_half,0,0,86,12154179.667058824,-0.016453618541124076
2,knot,raw_mean_noise,0,0,86,12154179.667058824,-0.0082434092168603
2,knot,lowrank_half_vs_half,1,0,86,12154179.667058824,-0.029966566950722508
2,knot,lowrank_half_vs_half,2,0,86,12154179.667058824,-0.02387131959762153
2,knot,lowrank_half_vs_half,3,0,86,12154179.667058824,0.00036510762612561185
2,knot,lowrank_half_vs_half,5,0,86,12154179.667058824,0.00569398499876498
2,knot,raw_half_vs_half,0,0,87,12157782.691142859,-0.061833916054639046
2,knot,raw_mean_noise,0,0,87,12157782.691142859,-0.030957700423117112
2,knot,lowrank_half_vs_half,1,0,87,12157782.691142859,-0.043045849847038846
2,knot,lowrank_half_vs_half,2,0,87,12157782.691142859,-0.028625719782438688
2,knot,lowrank_half_vs_half,3,0,87,12157782.691142859,0.006713157543087943
2,knot,lowrank_half_vs_half,5,0,87,12157782.691142859,-0.011126879174081854
2,knot,raw_half_vs_half,0,0,88,12161450.64235294,0.036622715489505575
2,knot,raw_mean_noise,0,0,88,12161450.64235294,0.018209947665437484
2,knot,lowrank_half_vs_half,1,0,88,12161450.64235294,-0.015422366521973319
2,knot,lowrank_half_vs_half,2,0,88,12161450.64235294,-0.01646877060745451
2,knot,lowrank_half_vs_half,3,0,88,12161450.64235294,0.0010589885488310302
2,knot,lowrank_half_vs_half,5,0,88,12161450.64235294,-0.0009734891110565139
2,knot,raw_half_vs_half,0,0,89,12164985.314166665,0.0358638927016593
2,knot,raw_mean_noise,0,0,89,12164985.314166665,0.017973182876270692
2,knot,lowrank_half_vs_half,1,0,89,12164985.314166665,-0.03323871303788586
2,knot,lowrank_half_vs_half,2,0,89,12164985.314166665,-0.026241477961765736
2,knot,lowrank_half_vs_half,3,0,89,12164985.314166665,0.01626221269938135
2,knot,lowrank_half_vs_half,5,0,89,12164985.314166665,0.002232860829229782
2,knot,raw_half_vs_half,0,0,90,12168586.384,-0.07269907173546962
2,knot,raw_mean_noise,0,0,90,12168586.384,-0.03642208240508012
2,knot,lowrank_half_vs_half,1,0,90,12168586.384,-0.09372302586460608
2,knot,lowrank_half_vs_half,2,0,90,12168586.384,-0.08689868844611699
2,knot,lowrank_half_vs_half,3,0,90,12168586.384,-0.04420068358661852
2,knot,lowrank_half_vs_half,5,0,90,12168586.384,-0.07215001746448625
2,knot,raw_half_vs_half,0,0,91,12172256.788285714,0.1000834821251155
2,knot,raw_mean_noise,0,0,91,12172256.788285714,0.04996020113928328
2,knot,lowrank_half_vs_half,1,0,91,12172256.788285714,0.08145716577475033
2,knot,lowrank_half_vs_half,2,0,91,12172256.788285714,0.083965993020875
2,knot,lowrank_half_vs_half,3,0,91,12172256.788285714,0.12977573407289902
2,knot,lowrank_half_vs_half,5,0,91,12172256.788285714,0.1216043483146319
2,knot,raw_half_vs_half,0,0,92,12175790.035882352,0.03591485399528148
2,knot,raw_mean_noise,0,0,92,12175790.035882352,0.017865058966278005
2,knot,lowrank_half_vs_half,1,0,92,12175790.035882352,0.028787290099913175
2,knot,lowrank_half_vs_half,2,0,92,12175790.035882352,0.027487421116421152
2,knot,lowrank_half_vs_half,3,0,92,12175790.035882352,0.06338996411591429
2,knot,lowrank_half_vs_half,5,0,92,12175790.035882352,0.04769557172888342
2,knot,raw_half_vs_half,0,0,93,12179390.67147059,0.09517792334099265
2,knot,raw_mean_noise,0,0,93,12179390.67147059,0.047460941213294576
2,knot,lowrank_half_vs_half,1,0,93,12179390.67147059,-5.889853707204706e-05
2,knot,lowrank_half_vs_half,2,0,93,12179390.67147059,-0.008873814490357082
2,knot,lowrank_half_vs_half,3,0,93,12179390.67147059,0.02102064017308871
2,knot,lowrank_half_vs_half,5,0,93,12179390.67147059,0.005910806383086823
2,knot,raw_half_vs_half,0,0,94,12183060.582571428,0.03585191239738695
2,knot,raw_mean_noise,0,0,94,12183060.582571428,0.017936992428771704
2,knot,lowrank_half_vs_half,1,0,94,12183060.582571428,0.00517883459387944
2,knot,lowrank_half_vs_half,2,0,94,12183060.582571428,0.020153316348860518
2,knot,lowrank_half_vs_half,3,0,94,12183060.582571428,0.05430080548036282
2,knot,lowrank_half_vs_half,5,0,94,12183060.582571428,0.04224750111803353
2,knot,raw_half_vs_half,0,0,95,12186594.296571428,0.11564294996725748
2,knot,raw_mean_noise,0,0,95,12186594.296571428,0.057772142173987996
2,knot,lowrank_half_vs_half,1,0,95,12186594.296571428,0.03537808005354726
2,knot,lowrank_half_vs_half,2,0,95,12186594.296571428,0.03833075063881977
2,knot,lowrank_half_vs_half,3,0,95,12186594.296571428,0.041378511147675406
2,knot,lowrank_half_vs_half,5,0,95,12186594.296571428,0.06407759844437474
2,knot,raw_half_vs_half,0,0,96,12190196.377777778,0.03248458048539215
2,knot,raw_mean_noise,0,0,96,12190196.377777778,0.01626098751582831
2,knot,lowrank_half_vs_half,1,0,96,12190196.377777778,0.025194806412188717
2,knot,lowrank_half_vs_half,2,0,96,12190196.377777778,-0.01185053649916369
2,knot,lowrank_half_vs_half,3,0,96,12190196.377777778,0.010186419498172469
2,knot,lowrank_half_vs_half,5,0,96,12190196.377777778,0.03828155568342452
2,knot,raw_half_vs_half,0,0,97,12193865.865,0.058258155599096355
2,knot,raw_mean_noise,0,0,97,12193865.865,0.02912915400515606
2,knot,lowrank_half_vs_half,1,0,97,12193865.865,0.02618417902734702
2,knot,lowrank_half_vs_half,2,0,97,12193865.865,0.01813075717893908
2,knot,lowrank_half_vs_half,3,0,97,12193865.865,0.03330712976325516
2,knot,lowrank_half_vs_half,5,0,97,12193865.865,0.06291861705076637
2,knot,raw_half_vs_half,0,0,98,12197399.116857145,-0.11533290663831276
2,knot,raw_mean_noise,0,0,98,12197399.116857145,-0.057706035947667426
2,knot,lowrank_half_vs_half,1,0,98,12197399.116857145,-0.06658288866213363
2,knot,lowrank_half_vs_half,2,0,98,12197399.116857145,-0.08474677286975366
2,knot,lowrank_half_vs_half,3,0,98,12197399.116857145,-0.06261748841890871
2,knot,lowrank_half_vs_half,5,0,98,12197399.116857145,-0.05064056140601616
2,knot,raw_half_vs_half,0,0,99,12201001.628285715,0.0874586388882396
2,knot,raw_mean_noise,0,0,99,12201001.628285715,0.04372401113625736
2,knot,lowrank_half_vs_half,1,0,99,12201001.628285715,0.08868425273804934
2,knot,lowrank_half_vs_half,2,0,99,12201001.628285715,0.08343233678044279
2,knot,lowrank_half_vs_half,3,0,99,12201001.628285715,0.11327712599754948
2,knot,lowrank_half_vs_half,5,0,99,12201001.628285715,0.11537115135869078
2,knot,raw_half_vs_half,0,0,100,12204669.602647059,-0.05972103479036366
2,knot,raw_mean_noise,0,0,100,12204669.602647059,-0.029969963467445567
2,knot,lowrank_half_vs_half,1,0,100,12204669.602647059,0.06686214810077801
2,knot,lowrank_half_vs_half,2,0,100,12204669.602647059,0.06392059937388032
2,knot,lowrank_half_vs_half,3,0,100,12204669.602647059,0.07728322929932249
2,knot,lowrank_half_vs_half,5,0,100,12204669.602647059,0.08077209628067442
2,knot,raw_half_vs_half,0,0,101,12208204.77542857,0.05069705594945442
2,knot,raw_mean_noise,0,0,101,12208204.77542857,0.02537010703045372
2,knot,lowrank_half_vs_half,1,0,101,12208204.77542857,0.006829131367290578
2,knot,lowrank_half_vs_half,2,0,101,12208204.77542857,0.018926003924190946
2,knot,lowrank_half_vs_half,3,0,101,12208204.77542857,0.032081818316450024
2,knot,lowrank_half_vs_half,5,0,101,12208204.77542857,0.03433385426288071
2,knot,raw_half_vs_half,0,0,102,12211804.916764708,-0.08938679889003301
2,knot,raw_mean_noise,0,0,102,12211804.916764708,-0.044699146802196665
2,knot,lowrank_half_vs_half,1,0,102,12211804.916764708,-0.14344918920830796
2,knot,lowrank_half_vs_half,2,0,102,12211804.916764708,-0.15057005522299496
2,knot,lowrank_half_vs_half,3,0,102,12211804.916764708,-0.10248298277200725
2,knot,lowrank_half_vs_half,5,0,102,12211804.916764708,-0.09468748228179956
2,knot,raw_half_vs_half,0,0,103,12215475.780571429,-0.013488041784112838
2,knot,raw_mean_noise,0,0,103,12215475.780571429,-0.006786466269740355
2,knot,lowrank_half_vs_half,1,0,103,12215475.780571429,-0.09051162550569776
2,knot,lowrank_half_vs_half,2,0,103,12215475.780571429,-0.1160140971917943
2,knot,lowrank_half_vs_half,3,0,103,12215475.780571429,-0.08753807154343544
2,knot,lowrank_half_vs_half,5,0,103,12215475.780571429,-0.0690987503104798
2,knot,raw_half_vs_half,0,0,104,12219009.526857143,-0.02367006070676334
2,knot,raw_mean_noise,0,0,104,12219009.526857143,-0.011853667454986273
2,knot,lowrank_half_vs_half,1,0,104,12219009.526857143,0.0043282644649551465
2,knot,lowrank_half_vs_half,2,0,104,12219009.526857143,-0.004568775433183331
2,knot,lowrank_half_vs_half,3,0,104,12219009.526857143,0.0386739347697174
2,knot,lowrank_half_vs_half,5,0,104,12219009.526857143,0.043967710286452445
2,knot,raw_half_vs_half,0,0,105,12222609.658529412,-0.04707639353162986
2,knot,raw_mean_noise,0,0,105,12222609.658529412,-0.023453584868090727
2,knot,lowrank_half_vs_half,1,0,105,12222609.658529412,-0.09858905904123771
2,knot,lowrank_half_vs_half,2,0,105,12222609.658529412,-0.10298348094455438
2,knot,lowrank_half_vs_half,3,0,105,12222609.658529412,-0.09044940998201585
2,knot,lowrank_half_vs_half,5,0,105,12222609.658529412,-0.08076743122687725
2,knot,raw_half_vs_half,0,0,106,12226279.581999999,0.1018176571958457
2,knot,raw_mean_noise,0,0,106,12226279.581999999,0.05070162475139812
2,knot,lowrank_half_vs_half,1,0,106,12226279.581999999,0.14840672236302285
2,knot,lowrank_half_vs_half,2,0,106,12226279.581999999,0.1244896480415684
2,knot,lowrank_half_vs_half,3,0,106,12226279.581999999,0.09723750937123657
2,knot,lowrank_half_vs_half,5,0,106,12226279.581999999,0.09698471614542821
2,knot,raw_half_vs_half,0,0,107,12229812.830294117,0.08832259916477214
2,knot,raw_mean_noise,0,0,107,12229812.830294117,0.044208076721854
2,knot,lowrank_half_vs_half,1,0,107,12229812.830294117,0.11014860700809069
2,knot,lowrank_half_vs_half,2,0,107,12229812.830294117,0.09521870434619494
2,knot,lowrank_half_vs_half,3,0,107,12229812.830294117,0.051565626882293485
2,knot,lowrank_half_vs_half,5,0,107,12229812.830294117,0.03492670884196431
2,knot,raw_half_vs_half,0,0,108,12233414.39,0.049267143726697014
2,knot,raw_mean_noise,0,0,108,12233414.39,0.024582291438421635
2,knot,lowrank_half_vs_half,1,0,108,12233414.39,0.1118688993785657
2,knot,lowrank_half_vs_half,2,0,108,12233414.39,0.09740735272788548
2,knot,lowrank_half_vs_half,3,0,108,12233414.39,0.05292154254064947
2,knot,lowrank_half_vs_half,5,0,108,12233414.39,0.04151878519826714
2,knot,raw_half_vs_half,0,0,109,12237084.774117647,0.10834156338088786
2,knot,raw_mean_noise,0,0,109,12237084.774117647,0.054224998410007975
2,knot,lowrank_half_vs_half,1,0,109,12237084.774117647,0.12521405396220422
2,knot,lowrank_half_vs_half,2,0,109,12237084.774117647,0.111932454562525
2,knot,lowrank_half_vs_half,3,0,109,12237084.774117647,0.06222395270760133
2,knot,lowrank_half_vs_half,5,0,109,12237084.774117647,0.049097802264447474
2,knot,raw_half_vs_half,0,0,110,12240617.558235295,-0.06145820330476171
2,knot,raw_mean_noise,0,0,110,12240617.558235295,-0.03084254252097112
2,knot,lowrank_half_vs_half,1,0,110,12240617.558235295,0.050279166590072845
2,knot,lowrank_half_vs_half,2,0,110,12240617.558235295,0.0049426954658288854
2,knot,lowrank_half_vs_half,3,0,110,12240617.558235295,-0.05027552046572826
2,knot,lowrank_half_vs_half,5,0,110,12240617.558235295,-0.06182297590167981
2,knot,raw_half_vs_half,0,0,111,12244220.585142858,0.018466708068051986
2,knot,raw_mean_noise,0,0,111,12244220.585142858,0.009198938668107151
2,knot,lowrank_half_vs_half,1,0,111,12244220.585142858,0.016128754743625528
2,knot,lowrank_half_vs_half,2,0,111,12244220.585142858,0.006640212831635964
2,knot,lowrank_half_vs_half,3,0,111,12244220.585142858,-0.04296510572995636
2,knot,lowrank_half_vs_half,5,0,111,12244220.585142858,-0.060152838512348
2,knot,raw_half_vs_half,0,0,112,12247888.113999998,0.09003739738860729
2,knot,raw_mean_noise,0,0,112,12247888.113999998,0.0450654236107154
2,knot,lowrank_half_vs_half,1,0,112,12247888.113999998,0.1271585007492768
2,knot,lowrank_half_vs_half,2,0,112,12247888.113999998,0.11378168199708026
2,knot,lowrank_half_vs_half,3,0,112,12247888.113999998,0.06262376944985999
2,knot,lowrank_half_vs_half,5,0,112,12247888.113999998,0.055846095940218256
2,knot,raw_half_vs_half,0,0,113,12251423.785142856,-0.03234906585146548
2,knot,raw_mean_noise,0,0,113,12251423.785142856,-0.01628734820442216
2,knot,lowrank_half_vs_half,1,0,113,12251423.785142856,0.036064719174913856
2,knot,lowrank_half_vs_half,2,0,113,12251423.785142856,0.02274844397900665
2,knot,lowrank_half_vs_half,3,0,113,12251423.785142856,-0.014812451284829832
2,knot,lowrank_half_vs_half,5,0,113,12251423.785142856,-0.020577408450699636
2,knot,raw_half_vs_half,0,0,114,12255023.916176472,0.14089650403743464
2,knot,raw_mean_noise,0,0,114,12255023.916176472,0.07047222827643373
2,knot,lowrank_half_vs_half,1,0,114,12255023.916176472,0.12544881309817335
2,knot,lowrank_half_vs_half,2,0,114,12255023.916176472,0.1070350780397553
2,knot,lowrank_half_vs_half,3,0,114,12255023.916176472,0.07378742424162849
2,knot,lowrank_half_vs_half,5,0,114,12255023.916176472,0.05837839748103076
2,knot,raw_half_vs_half,0,0,115,12258694.317222219,0.1591754601992458
2,knot,raw_mean_noise,0,0,115,12258694.317222219,0.07959654178079724
2,knot,lowrank_half_vs_half,1,0,115,12258694.317222219,0.10908051461632685
2,knot,lowrank_half_vs_half,2,0,115,12258694.317222219,0.09880111403218912
2,knot,lowrank_half_vs_half,3,0,115,12258694.317222219,0.05523564989688705
2,knot,lowrank_half_vs_half,5,0,115,12258694.317222219,0.0441935978270238
2,knot,raw_half_vs_half,0,0,116,12262228.03735294,0.03407993616947805
2,knot,raw_mean_noise,0,0,116,12262228.03735294,0.01706690490118123
2,knot,lowrank_half_vs_half,1,0,116,12262228.03735294,0.07494666483576902
2,knot,lowrank_half_vs_half,2,0,116,12262228.03735294,0.032307237386397736
2,knot,lowrank_half_vs_half,3,0,116,12262228.03735294,0.012817423200666185
2,knot,lowrank_half_vs_half,5,0,116,12262228.03735294,-0.011703680596601816
2,knot,raw_half_vs_half,0,0,117,12265828.654411765,-0.17996588290954368
2,knot,raw_mean_noise,0,0,117,12265828.654411765,-0.08999952949398761
2,knot,lowrank_half_vs_half,1,0,117,12265828.654411765,-0.07648044866903349
2,knot,lowrank_half_vs_half,2,0,117,12265828.654411765,-0.08336010749300861
2,knot,lowrank_half_vs_half,3,0,117,12265828.654411765,-0.10463714982356355
2,knot,lowrank_half_vs_half,5,0,117,12265828.654411765,-0.11618386345471242
2,knot,raw_half_vs_half,0,0,118,12269499.507714285,0.0184355064510896
2,knot,raw_mean_noise,0,0,118,12269499.507714285,0.00926249550070867
2,knot,lowrank_half_vs_half,1,0,118,12269499.507714285,-0.02404807543331066
2,knot,lowrank_half_vs_half,2,0,118,12269499.507714285,-0.025920154056198855
2,knot,lowrank_half_vs_half,3,0,118,12269499.507714285,-0.037993561399704834
2,knot,lowrank_half_vs_half,5,0,118,12269499.507714285,-0.03493092676479478
2,knot,raw_half_vs_half,0,0,119,12273032.298571426,0.1191145777199921
2,knot,raw_mean_noise,0,0,119,12273032.298571426,0.05957308200946243
2,knot,lowrank_half_vs_half,1,0,119,12273032.298571426,-0.0027830093650366827
2,knot,lowrank_half_vs_half,2,0,119,12273032.298571426,0.004743775670768551
2,knot,lowrank_half_vs_half,3,0,119,12273032.298571426,0.042237783263546366
2,knot,lowrank_half_vs_half,5,0,119,12273032.298571426,0.0753856616255269
2,knot,raw_half_vs_half,0,0,120,12276633.854000002,0.09734215105079413
2,knot,raw_mean_noise,0,0,120,12276633.854000002,0.048637642858190736
2,knot,lowrank_half_vs_half,1,0,120,12276633.854000002,-0.015252195304140655
2,knot,lowrank_half_vs_half,2,0,120,12276633.854000002,-0.023748795342697037
2,knot,lowrank_half_vs_half,3,0,120,12276633.854000002,0.020489308790778236
2,knot,lowrank_half_vs_half,5,0,120,12276633.854000002,0.04810423301480452
2,knot,raw_half_vs_half,0,0,121,12280304.279428571,0.08793566041078775
2,knot,raw_mean_noise,0,0,121,12280304.279428571,0.043977665340538284
2,knot,lowrank_half_vs_half,1,0,121,12280304.279428571,0.009077769007247037
2,knot,lowrank_half_vs_half,2,0,121,12280304.279428571,0.013253246481857332
2,knot,lowrank_half_vs_half,3,0,121,12280304.279428571,0.04721660357487873
2,knot,lowrank_half_vs_half,5,0,121,12280304.279428571,0.09852982501560861
2,knot,raw_half_vs_half,0,0,122,12283836.543529412,-0.1034427891798868
2,knot,raw_mean_noise,0,0,122,12283836.543529412,-0.051571191535240965
2,knot,lowrank_half_vs_half,1,0,122,12283836.543529412,-0.016818062840773466
2,knot,lowrank_half_vs_half,2,0,122,12283836.543529412,-0.008129459894343456
2,knot,lowrank_half_vs_half,3,0,122,12283836.543529412,0.014183942205450068
2,knot,lowrank_half_vs_half,5,0,122,12283836.543529412,0.05668259042196488
2,knot,raw_half_vs_half,0,0,123,12287439.102058824,-0.04558762664397784
2,knot,raw_mean_noise,0,0,123,12287439.102058824,-0.022751344128586298
2,knot,lowrank_half_vs_half,1,0,123,12287439.102058824,-0.06886672418702343
2,knot,lowrank_half_vs_half,2,0,123,12287439.102058824,-0.05763660290661954
2,knot,lowrank_half_vs_half,3,0,123,12287439.102058824,-0.042933620540977845
2,knot,lowrank_half_vs_half,5,0,123,12287439.102058824,-0.0029517570695068458
2,knot,raw_half_vs_half,0,0,124,12291108.040285714,-0.02133014048312206
2,knot,raw_mean_noise,0,0,124,12291108.040285714,-0.010537152013526091
2,knot,lowrank_half_vs_half,1,0,124,12291108.040285714,-0.026413325151083997
2,knot,lowrank_half_vs_half,2,0,124,12291108.040285714,-0.036997046500489725
2,knot,lowrank_half_vs_half,3,0,124,12291108.040285714,-0.013475155968514759
2,knot,lowrank_half_vs_half,5,0,124,12291108.040285714,0.035127928786572477
2,knot,raw_half_vs_half,0,0,125,12294642.725428572,-0.008993476437876513
2,knot,raw_mean_noise,0,0,125,12294642.725428572,-0.0045645065972305466
2,knot,lowrank_half_vs_half,1,0,125,12294642.725428572,-0.11690258840382291
2,knot,lowrank_half_vs_half,2,0,125,12294642.725428572,-0.12413612125074724
2,knot,lowrank_half_vs_half,3,0,125,12294642.725428572,-0.05348014543123962
2,knot,lowrank_half_vs_half,5,0,125,12294642.725428572,-0.04162304253743801
2,knot,raw_half_vs_half,0,0,126,12298243.344571427,0.14586595632078575
2,knot,raw_mean_noise,0,0,126,12298243.344571427,0.07292004883922959
2,knot,lowrank_half_vs_half,1,0,126,12298243.344571427,-0.04338623020428717
2,knot,lowrank_half_vs_half,2,0,126,12298243.344571427,-0.02263108945314115
2,knot,lowrank_half_vs_half,3,0,126,12298243.344571427,0.043747370475549094
2,knot,lowrank_half_vs_half,5,0,126,12298243.344571427,0.046889587605527125
2,knot,raw_half_vs_half,0,0,127,12301913.713428572,0.01800088386410844
2,knot,raw_mean_noise,0,0,127,12301913.713428572,0.008959258968328498
2,knot,lowrank_half_vs_half,1,0,127,12301913.713428572,-0.05932125419344638
2,knot,lowrank_half_vs_half,2,0,127,12301913.713428572,-0.014599162144567976
2,knot,lowrank_half_vs_half,3,0,127,12301913.713428572,0.028220678605850154
2,knot,lowrank_half_vs_half,5,0,127,12301913.713428572,0.026573983731319417
2,knot,raw_half_vs_half,0,0,128,12305446.97764706,0.027525670764471287
2,knot,raw_mean_noise,0,0,128,12305446.97764706,0.013802736998962607
2,knot,lowrank_half_vs_half,1,0,128,12305446.97764706,-0.04575311212504468
2,knot,lowrank_half_vs_half,2,0,128,12305446.97764706,-0.029436963358111305
2,knot,lowrank_half_vs_half,3,0,128,12305446.97764706,-0.0019411163426448102
2,knot,lowrank_half_vs_half,5,0,128,12305446.97764706,0.006328001360157075
2,knot,raw_half_vs_half,0,0,129,12309048.100571427,0.04107998087016467
2,knot,raw_mean_noise,0,0,129,12309048.100571427,0.020576319246081567
2,knot,lowrank_half_vs_half,1,0,129,12309048.100571427,0.0240520973084541
2,knot,lowrank_half_vs_half,2,0,129,12309048.100571427,0.04434193829439742
2,knot,lowrank_half_vs_half,3,0,129,12309048.100571427,0.05819152708596736
2,knot,lowrank_half_vs_half,5,0,129,12309048.100571427,0.06102780645276302
2,knot,raw_half_vs_half,0,0,130,12312718.49742857,0.06985451978589548
2,knot,raw_mean_noise,0,0,130,12312718.49742857,0.03490825829081412
2,knot,lowrank_half_vs_half,1,0,130,12312718.49742857,0.019642585026687833
2,knot,lowrank_half_vs_half,2,0,130,12312718.49742857,0.02961014836959671
2,knot,lowrank_half_vs_half,3,0,130,12312718.49742857,0.0141436717018813
2,knot,lowrank_half_vs_half,5,0,130,12312718.49742857,0.01793009652764373
2,knot,raw_half_vs_half,0,0,131,12316250.755588235,-0.058874681420846085
2,knot,raw_mean_noise,0,0,131,12316250.755588235,-0.02951427985672551
2,knot,lowrank_half_vs_half,1,0,131,12316250.755588235,-0.043425240190876735
2,knot,lowrank_half_vs_half,2,0,131,12316250.755588235,-0.047952864033245265
2,knot,lowrank_half_vs_half,3,0,131,12316250.755588235,-0.08428347248981088
2,knot,lowrank_half_vs_half,5,0,131,12316250.755588235,-0.08527452525660166
2,knot,raw_half_vs_half,0,0,132,12319853.34611111,0.046197179317014
2,knot,raw_mean_noise,0,0,132,12319853.34611111,0.0231457994800075
2,knot,lowrank_half_vs_half,1,0,132,12319853.34611111,0.04755060881724731
2,knot,lowrank_half_vs_half,2,0,132,12319853.34611111,0.05136481074467965
2,knot,lowrank_half_vs_half,3,0,132,12319853.34611111,0.03471349092399137
2,knot,lowrank_half_vs_half,5,0,132,12319853.34611111,0.04028807276379135
2,knot,raw_half_vs_half,0,0,133,12323521.782647058,0.024228911957727965
2,knot,raw_mean_noise,0,0,133,12323521.782647058,0.012149915602175971
2,knot,lowrank_half_vs_half,1,0,133,12323521.782647058,-0.0392301790179154
2,knot,lowrank_half_vs_half,2,0,133,12323521.782647058,-0.03823896079638776
2,knot,lowrank_half_vs_half,3,0,133,12323521.782647058,-0.031779222674702706
2,knot,lowrank_half_vs_half,5,0,133,12323521.782647058,-0.03256144596672699
2,knot,raw_half_vs_half,0,0,134,12327055.527352942,0.15746341468723213
2,knot,raw_mean_noise,0,0,134,12327055.527352942,0.07873057826104317
2,knot,lowrank_half_vs_half,1,0,134,12327055.527352942,0.062230000524581414
2,knot,lowrank_half_vs_half,2,0,134,12327055.527352942,0.07127624578801084
2,knot,lowrank_half_vs_half,3,0,134,12327055.527352942,0.07410161172081854
2,knot,lowrank_half_vs_half,5,0,134,12327055.527352942,0.09526666412488312
2,knot,raw_half_vs_half,0,0,135,12330658.07647059,0.17245433109704592
2,knot,raw_mean_noise,0,0,135,12330658.07647059,0.08622598757723425
2,knot,lowrank_half_vs_half,1,0,135,12330658.07647059,0.0795427299211974
2,knot,lowrank_half_vs_half,2,0,135,12330658.07647059,0.08306661804855052
2,knot,lowrank_half_vs_half,3,0,135,12330658.07647059,0.0901769193925906
2,knot,lowrank_half_vs_half,5,0,135,12330658.07647059,0.10346603020656273
2,knot,raw_half_vs_half,0,0,136,12334327.059714288,0.021797566953157006
2,knot,raw_mean_noise,0,0,136,12334327.059714288,0.010883408077983176
2,knot,lowrank_half_vs_half,1,0,136,12334327.059714288,0.042817652105004954
2,knot,lowrank_half_vs_half,2,0,136,12334327.059714288,0.05223815117208582
2,knot,lowrank_half_vs_half,3,0,136,12334327.059714288,0.05947922001870504
2,knot,lowrank_half_vs_half,5,0,136,12334327.059714288,0.07006205887359608
2,knot,raw_half_vs_half,0,0,137,12337861.275882352,-0.007807103564196636
2,knot,raw_mean_noise,0,0,137,12337861.275882352,-0.003893442083600195
2,knot,lowrank_half_vs_half,1,0,137,12337861.275882352,-0.052085779123383
2,knot,lowrank_half_vs_half,2,0,137,12337861.275882352,-0.04624883764513547
2,knot,lowrank_half_vs_half,3,0,137,12337861.275882352,-0.03590146018902744
2,knot,lowrank_half_vs_half,5,0,137,12337861.275882352,-0.018762982124144435
2,knot,raw_half_vs_half,0,0,138,12341462.348,-0.1031015688362922
2,knot,raw_mean_noise,0,0,138,12341462.348,-0.051540146503472356
2,knot,lowrank_half_vs_half,1,0,138,12341462.348,-0.03454783626208186
2,knot,lowrank_half_vs_half,2,0,138,12341462.348,-0.02460642351931493
2,knot,lowrank_half_vs_half,3,0,138,12341462.348,-0.013312335789564294
2,knot,lowrank_half_vs_half,5,0,138,12341462.348,0.004915212015277662
2,knot,raw_half_vs_half,0,0,139,12345131.287058821,0.07833382211138493
2,knot,raw_mean_noise,0,0,139,12345131.287058821,0.039146826719305354
2,knot,lowrank_half_vs_half,1,0,139,12345131.287058821,-0.033446008777562
2,knot,lowrank_half_vs_half,2,0,139,12345131.287058821,-0.0353485865961215
2,knot,lowrank_half_vs_half,3,0,139,12345131.287058821,-0.03127620021711838
2,knot,lowrank_half_vs_half,5,0,139,12345131.287058821,-0.014855616761228162
2,knot,raw_half_vs_half,0,0,140,12348666.010294117,0.06577369764066653
2,knot,raw_mean_noise,0,0,140,12348666.010294117,0.03284601142309553
2,knot,lowrank_half_vs_half,1,0,140,12348666.010294117,-0.032704907509204934
2,knot,lowrank_half_vs_half,2,0,140,12348666.010294117,-0.021496556763499566
2,knot,lowrank_half_vs_half,3,0,140,12348666.010294117,-0.0075400507463264255
2,knot,lowrank_half_vs_half,5,0,140,12348666.010294117,0.014372181454609733
2,knot,raw_half_vs_half,0,0,141,12352266.660294117,-0.0027713535106677132
2,knot,raw_mean_noise,0,0,141,12352266.660294117,-0.0012866579376722969
2,knot,lowrank_half_vs_half,1,0,141,12352266.660294117,-0.0029722582204937628
2,knot,lowrank_half_vs_half,2,0,141,12352266.660294117,0.007364218415767509
2,knot,lowrank_half_vs_half,3,0,141,12352266.660294117,0.025554547448928728
2,knot,lowrank_half_vs_half,5,0,141,12352266.660294117,0.04671561352813726
2,knot,raw_half_vs_half,0,0,142,12355937.550571427,0.06312448902794854
2,knot,raw_mean_noise,0,0,142,12355937.550571427,0.03155985820899272
2,knot,lowrank_half_vs_half,1,0,142,12355937.550571427,-0.008192383902677432
2,knot,lowrank_half_vs_half,2,0,142,12355937.550571427,0.0030665699389265987
2,knot,lowrank_half_vs_half,3,0,142,12355937.550571427,0.0321038384401212
2,knot,lowrank_half_vs_half,5,0,142,12355937.550571427,0.05808653815248051
2,knot,raw_half_vs_half,0,0,143,12359470.295714285,-0.04871028873620601
2,knot,raw_mean_noise,0,0,143,12359470.295714285,-0.024339247989669553
2,knot,lowrank_half_vs_half,1,0,143,12359470.295714285,-0.16570478482430728
2,knot,lowrank_half_vs_half,2,0,143,12359470.295714285,-0.15958701181111606
2,knot,lowrank_half_vs_half,3,0,143,12359470.295714285,-0.11569220488220432
2,knot,lowrank_half_vs_half,5,0,143,12359470.295714285,-0.08786688298462077
2,knot,raw_half_vs_half,0,0,144,12364146.72235294,-0.016286349063380605
2,knot,raw_mean_noise,0,0,144,12364146.72235294,-0.00801647096603042
2,knot,lowrank_half_vs_half,1,0,144,12364146.72235294,-0.18735769385324094
2,knot,lowrank_half_vs_half,2,0,144,12364146.72235294,-0.17685108021287496
2,knot,lowrank_half_vs_half,3,0,144,12364146.72235294,-0.13847163554483766
2,knot,lowrank_half_vs_half,5,0,144,12364146.72235294,-0.06543142525526503
2,knot,raw_half_vs_half,0,0,145,12367680.468235295,0.038286060487348186
2,knot,raw_mean_noise,0,0,145,12367680.468235295,0.019184486358856334
2,knot,lowrank_half_vs_half,1,0,145,12367680.468235295,0.019041185205786116
2,knot,lowrank_half_vs_half,2,0,145,12367680.468235295,0.015507156966064202
2,knot,lowrank_half_vs_half,3,0,145,12367680.468235295,0.0518582795342388
2,knot,lowrank_half_vs_half,5,0,145,12367680.468235295,0.09496616561978248
2,knot,raw_half_vs_half,0,0,146,12371282.983235294,-0.031537604457176356
2,knot,raw_mean_noise,0,0,146,12371282.983235294,-0.015891690157374842
2,knot,lowrank_half_vs_half,1,0,146,12371282.983235294,-0.08116889574795905
2,knot,lowrank_half_vs_half,2,0,146,12371282.983235294,-0.09788459968878042
2,knot,lowrank_half_vs_half,3,0,146,12371282.983235294,-0.06124204191211445
2,knot,lowrank_half_vs_half,5,0,146,12371282.983235294,-0.0234185875713311
2,knot,raw_half_vs_half,0,0,147,12374951.466176469,-0.13901722761310006
2,knot,raw_mean_noise,0,0,147,12374951.466176469,-0.06955188862765552
2,knot,lowrank_half_vs_half,1,0,147,12374951.466176469,-0.06639502233952825
2,knot,lowrank_half_vs_half,2,0,147,12374951.466176469,-0.054813323583111286
2,knot,lowrank_half_vs_half,3,0,147,12374951.466176469,-0.04666089991009581
2,knot,lowrank_half_vs_half,5,0,147,12374951.466176469,-0.039254900828495524
2,knot,raw_half_vs_half,0,0,148,12378486.167058825,0.03773346389915503
2,knot,raw_mean_noise,0,0,148,12378486.167058825,0.01882203645051919
2,knot,lowrank_half_vs_half,1,0,148,12378486.167058825,0.020938648361120395
2,knot,lowrank_half_vs_half,2,0,148,12378486.167058825,0.009041753019450692
2,knot,lowrank_half_vs_half,3,0,148,12378486.167058825,-0.01875211991533958
2,knot,lowrank_half_vs_half,5,0,148,12378486.167058825,-0.005688961578325619
2,knot,raw_half_vs_half,0,0,149,12382087.253999999,-0.048936889616273425
2,knot,raw_mean_noise,0,0,149,12382087.253999999,-0.024482496032567993
2,knot,lowrank_half_vs_half,1,0,149,12382087.253999999,-0.014477844942779502
2,knot,lowrank_half_vs_half,2,0,149,12382087.253999999,0.0026682098486394685
2,knot,lowrank_half_vs_half,3,0,149,12382087.253999999,-0.03322334612376731
2,knot,lowrank_half_vs_half,5,0,149,12382087.253999999,-0.009886499622382148
2,knot,raw_half_vs_half,0,0,150,12385757.648285715,0.0018385918778657704
2,knot,raw_mean_noise,0,0,150,12385757.648285715,0.0009472858214100542
2,knot,lowrank_half_vs_half,1,0,150,12385757.648285715,-0.1552828163089542
2,knot,lowrank_half_vs_half,2,0,150,12385757.648285715,-0.09088465380419532
2,knot,lowrank_half_vs_half,3,0,150,12385757.648285715,-0.10436997050382976
2,knot,lowrank_half_vs_half,5,0,150,12385757.648285715,-0.06591606010367916
2,knot,raw_half_vs_half,0,0,151,12389290.40057143,-0.010629896189552972
2,knot,raw_mean_noise,0,0,151,12389290.40057143,-0.005185516456843525
2,knot,lowrank_half_vs_half,1,0,151,12389290.40057143,-0.2891828352563258
2,knot,lowrank_half_vs_half,2,0,151,12389290.40057143,-0.254992891981923
2,knot,lowrank_half_vs_half,3,0,151,12389290.40057143,-0.174122970340864
2,knot,lowrank_half_vs_half,5,0,151,12389290.40057143,-0.056841297705454256
2,knot,raw_half_vs_half,0,0,152,12392891.956285713,-0.0891769260146702
2,knot,raw_mean_noise,0,0,152,12392891.956285713,-0.04457111947784304
2,knot,lowrank_half_vs_half,1,0,152,12392891.956285713,-0.28345444522279767
2,knot,lowrank_half_vs_half,2,0,152,12392891.956285713,-0.25114740430676724
2,knot,lowrank_half_vs_half,3,0,152,12392891.956285713,-0.1773893213909601
2,knot,lowrank_half_vs_half,5,0,152,12392891.956285713,-0.09257103268557454
2,knot,raw_half_vs_half,0,0,153,12396561.387428572,-0.12213820118027992
2,knot,raw_mean_noise,0,0,153,12396561.387428572,-0.06101962552144254
2,knot,lowrank_half_vs_half,1,0,153,12396561.387428572,-0.2535254204010096
2,knot,lowrank_half_vs_half,2,0,153,12396561.387428572,-0.21279621324013745
2,knot,lowrank_half_vs_half,3,0,153,12396561.387428572,-0.105866358897837
2,knot,lowrank_half_vs_half,5,0,153,12396561.387428572,-0.04587514805653794
2,knot,raw_half_vs_half,0,0,154,12400094.615882352,0.001152090812666807
2,knot,raw_mean_noise,0,0,154,12400094.615882352,0.0005236578871997971
2,knot,lowrank_half_vs_half,1,0,154,12400094.615882352,-0.3011730512542233
2,knot,lowrank_half_vs_half,2,0,154,12400094.615882352,-0.26443566379872036
2,knot,lowrank_half_vs_half,3,0,154,12400094.615882352,-0.1685412753717686
2,knot,lowrank_half_vs_half,5,0,154,12400094.615882352,-0.07195720331212384
2,knot,raw_half_vs_half,0,0,155,12403697.672,-0.03239145382678186
2,knot,raw_mean_noise,0,0,155,12403697.672,-0.016155442499433275
2,knot,lowrank_half_vs_half,1,0,155,12403697.672,-0.2854061043207698
2,knot,lowrank_half_vs_half,2,0,155,12403697.672,-0.2403834943391279
2,knot,lowrank_half_vs_half,3,0,155,12403697.672,-0.13914857335354075
2,knot,lowrank_half_vs_half,5,0,155,12403697.672,-0.055419826159358136
2,knot,raw_half_vs_half,0,0,156,12407365.676764706,-0.0531845449824247
2,knot,raw_mean_noise,0,0,156,12407365.676764706,-0.026399107737537866
2,knot,lowrank_half_vs_half,1,0,156,12407365.676764706,-0.27322596989810216
2,knot,lowrank_half_vs_half,2,0,156,12407365.676764706,-0.22606657601898048
2,knot,lowrank_half_vs_half,3,0,156,12407365.676764706,-0.12536924931219895
2,knot,lowrank_half_vs_half,5,0,156,12407365.676764706,-0.0407754288965502
2,heldout,raw_pchip,0,2,1,11850084.612941176,-0.03417616358910604
2,heldout,lowrank3_pchip,3,2,1,11850084.612941176,0.04116352725873606
2,heldout,raw_pchip,0,2,3,11857356.149142856,-0.014717975017918156
2,heldout,lowrank3_pchip,3,2,3,11857356.149142856,0.10373626735787528
2,heldout,raw_pchip,0,2,5,11864491.993529411,-0.040448728079276255
2,heldout,lowrank3_pchip,3,2,5,11864491.993529411,0.04226641093442042
2,heldout,raw_pchip,0,2,7,11871695.61714286,0.10801891817300978
2,heldout,lowrank3_pchip,3,2,7,11871695.61714286,0.1604038053377855
2,heldout,raw_pchip,0,2,9,11878965.629142856,0.06558910564846732
2,heldout,lowrank3_pchip,3,2,9,11878965.629142856,0.061744606375635364
2,heldout,raw_pchip,0,2,11,11886100.471470585,0.017287554348725656
2,heldout,lowrank3_pchip,3,2,11,11886100.471470585,-0.009754753353037235
2,heldout,raw_pchip,0,2,13,11893304.126285715,-0.006862767491768628
2,heldout,lowrank3_pchip,3,2,13,11893304.126285715,-0.026557896145835532
2,heldout,raw_pchip,0,2,15,11900573.641764706,0.012994562510738219
2,heldout,lowrank3_pchip,3,2,15,11900573.641764706,0.042362060389067334
2,heldout,raw_pchip,0,2,17,11907709.925294116,0.018316125479305608
2,heldout,lowrank3_pchip,3,2,17,11907709.925294116,0.008787639806345874
2,heldout,raw_pchip,0,2,19,11914914.03764706,0.030288350511791517
2,heldout,lowrank3_pchip,3,2,19,11914914.03764706,0.039351656198373164
2,heldout,raw_pchip,0,2,21,11922185.065588234,0.0065095237556012054
2,heldout,lowrank3_pchip,3,2,21,11922185.065588234,0.05296385702597221
2,heldout,raw_pchip,0,2,23,11929319.942000002,0.013559843071686877
2,heldout,lowrank3_pchip,3,2,23,11929319.942000002,0.0763379835680279
2,heldout,raw_pchip,0,2,25,11936522.600882353,-0.10200241517413416
2,heldout,lowrank3_pchip,3,2,25,11936522.600882353,-0.013790915962328232
2,heldout,raw_pchip,0,2,27,11943793.66382353,-0.04197095429770496
2,heldout,lowrank3_pchip,3,2,27,11943793.66382353,0.011542088091801982
2,heldout,raw_pchip,0,2,29,11950930.41542857,0.10932486336932946
2,heldout,lowrank3_pchip,3,2,29,11950930.41542857,0.07174311551840323
2,heldout,raw_pchip,0,2,31,11958133.073529411,-0.05539436937702756
2,heldout,lowrank3_pchip,3,2,31,11958133.073529411,-0.09540984663415779
2,heldout,raw_pchip,0,2,33,11965404.596285712,-0.06768841212768803
2,heldout,lowrank3_pchip,3,2,33,11965404.596285712,-0.05936544556566758
2,heldout,raw_pchip,0,2,35,11972538.414411766,-0.0988689202984237
2,heldout,lowrank3_pchip,3,2,35,11972538.414411766,-0.04163455671557831
2,heldout,raw_pchip,0,2,37,11979741.570588237,0.008419210610801494
2,heldout,lowrank3_pchip,3,2,37,11979741.570588237,0.02788986761189075
2,heldout,raw_pchip,0,2,39,11987011.597058823,-0.07594706570086307
2,heldout,lowrank3_pchip,3,2,39,11987011.597058823,-0.051461908314979175
2,heldout,raw_pchip,0,2,41,11994147.885294119,0.03945005566241361
2,heldout,lowrank3_pchip,3,2,41,11994147.885294119,0.03428037547682124
2,heldout,raw_pchip,0,2,43,12001352.017058823,0.04178753090810628
2,heldout,lowrank3_pchip,3,2,43,12001352.017058823,0.026306818352814797
2,heldout,raw_pchip,0,2,45,12008623.025588235,0.03245177156984567
2,heldout,lowrank3_pchip,3,2,45,12008623.025588235,0.02713272945674805
2,heldout,raw_pchip,0,2,47,12015758.35388889,-0.03241004620132069
2,heldout,lowrank3_pchip,3,2,47,12015758.35388889,-0.04550295363186075
2,heldout,raw_pchip,0,2,49,12022961.047999999,0.015273564439465292
2,heldout,lowrank3_pchip,3,2,49,12022961.047999999,0.017092560558288863
2,heldout,raw_pchip,0,2,51,12030232.037714286,-0.0611411768847594
2,heldout,lowrank3_pchip,3,2,51,12030232.037714286,-0.07659198558111759
2,heldout,raw_pchip,0,2,53,12037366.84617647,-0.004208213797409065
2,heldout,lowrank3_pchip,3,2,53,12037366.84617647,-0.0442609561773858
2,heldout,raw_pchip,0,2,55,12044571.493714284,0.029134607285533496
2,heldout,lowrank3_pchip,3,2,55,12044571.493714284,-0.025702033663132826
2,heldout,raw_pchip,0,2,57,12051841.103235293,-0.006843391735005338
2,heldout,lowrank3_pchip,3,2,57,12051841.103235293,-0.013256473320150711
2,heldout,raw_pchip,0,2,59,12058976.944285717,0.03327645418504461
2,heldout,lowrank3_pchip,3,2,59,12058976.944285717,0.01720961116201879
2,heldout,raw_pchip,0,2,61,12066179.612941176,-0.01601089793237523
2,heldout,lowrank3_pchip,3,2,61,12066179.612941176,-0.052021057983845494
2,heldout,raw_pchip,0,2,63,12073452.05542857,-0.12041352797968927
2,heldout,lowrank3_pchip,3,2,63,12073452.05542857,-0.11974808818177235
2,heldout,raw_pchip,0,2,65,12080586.375714287,-0.01721813289212681
2,heldout,lowrank3_pchip,3,2,65,12080586.375714287,-0.04508332147555861
2,heldout,raw_pchip,0,2,67,12087790.063529411,-0.027645489179016058
2,heldout,lowrank3_pchip,3,2,67,12087790.063529411,-0.057988693524004625
2,heldout,raw_pchip,0,2,69,12095060.135882355,-0.05589636491497342
2,heldout,lowrank3_pchip,3,2,69,12095060.135882355,-0.07024914480615099
2,heldout,raw_pchip,0,2,71,12100156.965588234,0.006641068611049733
2,heldout,lowrank3_pchip,3,2,71,12100156.965588234,-0.0163110538392361
2,heldout,raw_pchip,0,2,73,12107426.994705882,0.032643688548319304
2,heldout,lowrank3_pchip,3,2,73,12107426.994705882,0.024224728628479
2,heldout,raw_pchip,0,2,75,12114563.282941176,0.01730319852624465
2,heldout,lowrank3_pchip,3,2,75,12114563.282941176,0.020809795223239152
2,heldout,raw_pchip,0,2,77,12121765.470588233,-0.07033443403303695
2,heldout,lowrank3_pchip,3,2,77,12121765.470588233,-0.04535348379918983
2,heldout,raw_pchip,0,2,79,12129036.457352942,-0.008786945978653827
2,heldout,lowrank3_pchip,3,2,79,12129036.457352942,0.057638731979748836
2,heldout,raw_pchip,0,2,81,12136172.267142856,0.0061328627872722485
2,heldout,lowrank3_pchip,3,2,81,12136172.267142856,0.03729831229189674
2,heldout,raw_pchip,0,2,83,12143375.924705882,0.02884876137929022
2,heldout,lowrank3_pchip,3,2,83,12143375.924705882,0.03447782246086771
2,heldout,raw_pchip,0,2,85,12150645.93382353,-0.0438269812975436
2,heldout,lowrank3_pchip,3,2,85,12150645.93382353,-0.037638033932090253
2,heldout,raw_pchip,0,2,87,12157782.691142859,0.007940422643844796
2,heldout,lowrank3_pchip,3,2,87,12157782.691142859,0.014136745494008274
2,heldout,raw_pchip,0,2,89,12164985.314166665,0.004362734039572839
2,heldout,lowrank3_pchip,3,2,89,12164985.314166665,-0.010732858838382051
2,heldout,raw_pchip,0,2,91,12172256.788285714,0.07155832563802876
2,heldout,lowrank3_pchip,3,2,91,12172256.788285714,0.06827195615808072
2,heldout,raw_pchip,0,2,93,12179390.67147059,-0.06767765997733095
2,heldout,lowrank3_pchip,3,2,93,12179390.67147059,-0.02139494097892842
2,heldout,raw_pchip,0,2,95,12186594.296571428,-0.040569359802101454
2,heldout,lowrank3_pchip,3,2,95,12186594.296571428,-0.02507509133347017
2,heldout,raw_pchip,0,2,97,12193865.865,0.01016679975048376
2,heldout,lowrank3_pchip,3,2,97,12193865.865,0.011027798646102708
2,heldout,raw_pchip,0,2,99,12201001.628285715,0.003249747132797159
2,heldout,lowrank3_pchip,3,2,99,12201001.628285715,0.05812025195557869
2,heldout,raw_pchip,0,2,101,12208204.77542857,-0.023881651391900686
2,heldout,lowrank3_pchip,3,2,101,12208204.77542857,-0.0025177665338996214
2,heldout,raw_pchip,0,2,103,12215475.780571429,-0.04416676927767255
2,heldout,lowrank3_pchip,3,2,103,12215475.780571429,-0.07655601396516398
2,heldout,raw_pchip,0,2,105,12222609.658529412,-0.14004950222424237
2,heldout,lowrank3_pchip,3,2,105,12222609.658529412,-0.0791745065079355
2,heldout,raw_pchip,0,2,107,12229812.830294117,-0.007233179515482983
2,heldout,lowrank3_pchip,3,2,107,12229812.830294117,0.008863540491988498
2,heldout,raw_pchip,0,2,109,12237084.774117647,-0.009358044817008816
2,heldout,lowrank3_pchip,3,2,109,12237084.774117647,-0.007718507586645183
2,heldout,raw_pchip,0,2,111,12244220.585142858,-0.06408728453933699
2,heldout,lowrank3_pchip,3,2,111,12244220.585142858,-0.05780763171489333
2,heldout,raw_pchip,0,2,113,12251423.785142856,-0.01449276840483875
2,heldout,lowrank3_pchip,3,2,113,12251423.785142856,-0.016143158300637655
2,heldout,raw_pchip,0,2,115,12258694.317222219,-0.021403721836579376
2,heldout,lowrank3_pchip,3,2,115,12258694.317222219,-0.03845438007495978
2,heldout,raw_pchip,0,2,117,12265828.654411765,0.003599276074379713
2,heldout,lowrank3_pchip,3,2,117,12265828.654411765,-0.03366506913794589
2,heldout,raw_pchip,0,2,119,12273032.298571426,-0.07550811192864529
2,heldout,lowrank3_pchip,3,2,119,12273032.298571426,-0.11056022396679047
2,heldout,raw_pchip,0,2,121,12280304.279428571,-0.017394716375833584
2,heldout,lowrank3_pchip,3,2,121,12280304.279428571,-0.009099463154107338
2,heldout,raw_pchip,0,2,123,12287439.102058824,-0.04651555957365346
2,heldout,lowrank3_pchip,3,2,123,12287439.102058824,-9.487435571178704e-05
2,heldout,raw_pchip,0,2,125,12294642.725428572,-0.08646149046348232
2,heldout,lowrank3_pchip,3,2,125,12294642.725428572,-0.09033445069262182
2,heldout,raw_pchip,0,2,127,12301913.713428572,0.06905875968048523
2,heldout,lowrank3_pchip,3,2,127,12301913.713428572,0.046990373099285554
2,heldout,raw_pchip,0,2,129,12309048.100571427,0.031078126201505393
2,heldout,lowrank3_pchip,3,2,129,12309048.100571427,-0.010929458682384107
2,heldout,raw_pchip,0,2,131,12316250.755588235,-0.020040193552764776
2,heldout,lowrank3_pchip,3,2,131,12316250.755588235,-0.03037696919172237
2,heldout,raw_pchip,0,2,133,12323521.782647058,-0.0659394981003214
2,heldout,lowrank3_pchip,3,2,133,12323521.782647058,-0.06209422692612824
2,heldout,raw_pchip,0,2,135,12330658.07647059,-0.01630679127800264
2,heldout,lowrank3_pchip,3,2,135,12330658.07647059,0.009634076465067129
2,heldout,raw_pchip,0,2,137,12337861.275882352,-0.07694253946411128
2,heldout,lowrank3_pchip,3,2,137,12337861.275882352,-0.03527767784095743
2,heldout,raw_pchip,0,2,139,12345131.287058821,-0.04244122508135244
2,heldout,lowrank3_pchip,3,2,139,12345131.287058821,-0.04734597660498769
2,heldout,raw_pchip,0,2,141,12352266.660294117,0.06059998590548917
2,heldout,lowrank3_pchip,3,2,141,12352266.660294117,0.028955376302832403
2,heldout,raw_pchip,0,2,143,12359470.295714285,-0.026945610887047465
2,heldout,lowrank3_pchip,3,2,143,12359470.295714285,-0.05075699336908316
2,heldout,raw_pchip,0,2,145,12367680.468235295,0.05687455511556733
2,heldout,lowrank3_pchip,3,2,145,12367680.468235295,-0.0068540865305374895
2,heldout,raw_pchip,0,2,147,12374951.466176469,0.07852839882658383
2,heldout,lowrank3_pchip,3,2,147,12374951.466176469,0.04504799541009891
2,heldout,raw_pchip,0,2,149,12382087.253999999,0.020190321517930414
2,heldout,lowrank3_pchip,3,2,149,12382087.253999999,-0.036205328123343726
2,heldout,raw_pchip,0,2,151,12389290.40057143,-0.17561151429425925
2,heldout,lowrank3_pchip,3,2,151,12389290.40057143,-0.26919896836919605
2,heldout,raw_pchip,0,2,153,12396561.387428572,0.09873998662813965
2,heldout,lowrank3_pchip,3,2,153,12396561.387428572,-0.040037470004846566
2,heldout,raw_pchip,0,2,155,12403697.672,-0.0037417957902421395
2,heldout,lowrank3_pchip,3,2,155,12403697.672,-0.08558621098690702
2,heldout,raw_pchip,0,2,2,11853687.672,0.04036343898751133
2,heldout,lowrank3_pchip,3,2,2,11853687.672,0.13090156530946412
2,heldout,raw_pchip,0,2,4,11860889.428823529,0.026033355705601408
2,heldout,lowrank3_pchip,3,2,4,11860889.428823529,0.10203477767013085
2,heldout,raw_pchip,0,2,6,11868160.443235295,-0.04881122999238287
2,heldout,lowrank3_pchip,3,2,6,11868160.443235295,0.05856604891051039
2,heldout,raw_pchip,0,2,8,11875295.744117647,-0.07266959903913259
2,heldout,lowrank3_pchip,3,2,8,11875295.744117647,0.05440562560695275
2,heldout,raw_pchip,0,2,10,11882499.378857143,-0.047215110586846125
2,heldout,lowrank3_pchip,3,2,10,11882499.378857143,0.0051305788588026265
2,heldout,raw_pchip,0,2,12,11889769.907058822,-0.0013397956897782302
2,heldout,lowrank3_pchip,3,2,12,11889769.907058822,-0.025537335561571943
2,heldout,raw_pchip,0,2,14,11896906.631142857,-0.006046144215372015
2,heldout,lowrank3_pchip,3,2,14,11896906.631142857,0.005517687390504062
2,heldout,raw_pchip,0,2,16,11904109.791714286,0.004918315457167132
2,heldout,lowrank3_pchip,3,2,16,11904109.791714286,0.06338081708819238
2,heldout,raw_pchip,0,2,18,11911379.832571428,-0.05347118825013973
2,heldout,lowrank3_pchip,3,2,18,11911379.832571428,-0.017062528129439942
2,heldout,raw_pchip,0,2,20,11918515.142571429,0.01716192940616038
2,heldout,lowrank3_pchip,3,2,20,11918515.142571429,0.06619331452452143
2,heldout,raw_pchip,0,2,22,11925718.333714286,-0.08004683629235368
2,heldout,lowrank3_pchip,3,2,22,11925718.333714286,0.01659850227334985
2,heldout,raw_pchip,0,2,24,11932989.343142858,0.05345410757801184
2,heldout,lowrank3_pchip,3,2,24,11932989.343142858,0.13138500562650318
2,heldout,raw_pchip,0,2,26,11940125.16647059,0.17618538659801714
2,heldout,lowrank3_pchip,3,2,26,11940125.16647059,0.22586617687205202
2,heldout,raw_pchip,0,2,28,11947328.37611111,-0.11385475854006048
2,heldout,lowrank3_pchip,3,2,28,11947328.37611111,-0.051556117362866
2,heldout,raw_pchip,0,2,30,11954598.400588235,0.05912153030887922
2,heldout,lowrank3_pchip,3,2,30,11954598.400588235,0.09184386408857062
2,heldout,raw_pchip,0,2,32,11961733.694705883,-0.015012046422958104
2,heldout,lowrank3_pchip,3,2,32,11961733.694705883,-0.05666413983287798
2,heldout,raw_pchip,0,2,34,11968936.872058824,0.11335355116797667
2,heldout,lowrank3_pchip,3,2,34,11968936.872058824,0.049063277724477466
2,heldout,raw_pchip,0,2,36,11976207.822058823,0.04327517542719991
2,heldout,lowrank3_pchip,3,2,36,11976207.822058823,0.058012168217688745
2,heldout,raw_pchip,0,2,38,11983344.594857143,0.01842170149520835
2,heldout,lowrank3_pchip,3,2,38,11983344.594857143,0.023847592711850163
2,heldout,raw_pchip,0,2,40,11990547.260294119,0.0358444739076169
2,heldout,lowrank3_pchip,3,2,40,11990547.260294119,0.004101353000313397
2,heldout,raw_pchip,0,2,42,11997818.766,-0.04227506733128162
2,heldout,lowrank3_pchip,3,2,42,11997818.766,-0.012260243953495458
2,heldout,raw_pchip,0,2,44,12004953.079714285,-0.023257517347648228
2,heldout,lowrank3_pchip,3,2,44,12004953.079714285,0.022564033603847032
2,heldout,raw_pchip,0,2,46,12012156.266571429,-0.02200464043055
2,heldout,lowrank3_pchip,3,2,46,12012156.266571429,-0.019488645587687883
2,heldout,raw_pchip,0,2,48,12019427.286857141,0.04937096576712669
2,heldout,lowrank3_pchip,3,2,48,12019427.286857141,0.02286437574157168
2,heldout,raw_pchip,0,2,50,12026563.594571428,0.016645680501360036
2,heldout,lowrank3_pchip,3,2,50,12026563.594571428,-0.026290031687197738
2,heldout,raw_pchip,0,2,52,12033766.765714286,0.015707032483184787
2,heldout,lowrank3_pchip,3,2,52,12033766.765714286,-0.04727980872869586
2,heldout,raw_pchip,0,2,54,12041036.292058824,0.004866991416500044
2,heldout,lowrank3_pchip,3,2,54,12041036.292058824,-0.04828485661144991
2,heldout,raw_pchip,0,2,56,12048171.637058824,-0.044144341606739926
2,heldout,lowrank3_pchip,3,2,56,12048171.637058824,-0.06332969707697741
2,heldout,raw_pchip,0,2,58,12055374.859705882,0.030607988350033127
2,heldout,lowrank3_pchip,3,2,58,12055374.859705882,0.024701026115197516
2,heldout,raw_pchip,0,2,60,12062646.376857143,-0.048389829540774136
2,heldout,lowrank3_pchip,3,2,60,12062646.376857143,-0.047798536335341445
2,heldout,raw_pchip,0,2,62,12069782.658571428,0.09793526842886549
2,heldout,lowrank3_pchip,3,2,62,12069782.658571428,0.0056153011749486
2,heldout,raw_pchip,0,2,64,12076985.299999999,0.0633247057146756
2,heldout,lowrank3_pchip,3,2,64,12076985.299999999,-0.017670148233328416
2,heldout,raw_pchip,0,2,66,12084257.269705882,0.010247115508054558
2,heldout,lowrank3_pchip,3,2,66,12084257.269705882,-0.0378683674743957
2,heldout,raw_pchip,0,2,68,12091391.159142857,0.02749869956125326
2,heldout,lowrank3_pchip,3,2,68,12091391.159142857,-0.05460464347796153
2,heldout,raw_pchip,0,2,70,12096623.247058824,0.04196496234843905
2,heldout,lowrank3_pchip,3,2,70,12096623.247058824,0.007459716916823679
2,heldout,raw_pchip,0,2,72,12103758.055142855,0.024756519890360044
2,heldout,lowrank3_pchip,3,2,72,12103758.055142855,0.059851526350888924
2,heldout,raw_pchip,0,2,74,12110960.729117647,-0.03200490807868942
2,heldout,lowrank3_pchip,3,2,74,12110960.729117647,-0.03463416592242201
2,heldout,raw_pchip,0,2,76,12118232.213142857,-0.03318548216271719
2,heldout,lowrank3_pchip,3,2,76,12118232.213142857,-0.051443289091997225
2,heldout,raw_pchip,0,2,78,12125368.49857143,0.11072046983451936
2,heldout,lowrank3_pchip,3,2,78,12125368.49857143,0.14464896526623414
2,heldout,raw_pchip,0,2,80,12132571.164411766,-0.05539160692209774
2,heldout,lowrank3_pchip,3,2,80,12132571.164411766,-0.017983448250879133
2,heldout,raw_pchip,0,2,82,12139842.683714287,-0.004509280461951623
2,heldout,lowrank3_pchip,3,2,82,12139842.683714287,0.02988898728202889
2,heldout,raw_pchip,0,2,84,12146977.002857143,-0.011409871476341938
2,heldout,lowrank3_pchip,3,2,84,12146977.002857143,-0.001353842958438054
2,heldout,raw_pchip,0,2,86,12154179.667058824,0.038247546099552464
2,heldout,lowrank3_pchip,3,2,86,12154179.667058824,0.02698991786791089
2,heldout,raw_pchip,0,2,88,12161450.64235294,0.007666164669985894
2,heldout,lowrank3_pchip,3,2,88,12161450.64235294,0.016446044316287874
2,heldout,raw_pchip,0,2,90,12168586.384,-0.062475839071757425
2,heldout,lowrank3_pchip,3,2,90,12168586.384,-0.02220572292044076
2,heldout,raw_pchip,0,2,92,12175790.035882352,0.02006492588404979
2,heldout,lowrank3_pchip,3,2,92,12175790.035882352,0.04313178951749198
2,heldout,raw_pchip,0,2,94,12183060.582571428,0.08214130077029197
2,heldout,lowrank3_pchip,3,2,94,12183060.582571428,0.05779063819990568
2,heldout,raw_pchip,0,2,96,12190196.377777778,0.0032746702332188686
2,heldout,lowrank3_pchip,3,2,96,12190196.377777778,-0.006727454138516219
2,heldout,raw_pchip,0,2,98,12197399.116857145,-0.04950719906600781
2,heldout,lowrank3_pchip,3,2,98,12197399.116857145,-0.00503664451286878
2,heldout,raw_pchip,0,2,100,12204669.602647059,0.10316496369585072
2,heldout,lowrank3_pchip,3,2,100,12204669.602647059,0.14215898789482434
2,heldout,raw_pchip,0,2,102,12211804.916764708,-0.06178556407220325
2,heldout,lowrank3_pchip,3,2,102,12211804.916764708,-0.09570893109507586
2,heldout,raw_pchip,0,2,104,12219009.526857143,0.0962825795451548
2,heldout,lowrank3_pchip,3,2,104,12219009.526857143,0.032024069589590004
2,heldout,raw_pchip,0,2,106,12226279.581999999,0.06617301987018369
2,heldout,lowrank3_pchip,3,2,106,12226279.581999999,0.0702925476647738
2,heldout,raw_pchip,0,2,108,12233414.39,0.010574282373270544
2,heldout,lowrank3_pchip,3,2,108,12233414.39,0.03755434439010742
2,heldout,raw_pchip,0,2,110,12240617.558235295,0.039281937478762984
2,heldout,lowrank3_pchip,3,2,110,12240617.558235295,0.033119347450029035
2,heldout,raw_pchip,0,2,112,12247888.113999998,0.04689847482240357
2,heldout,lowrank3_pchip,3,2,112,12247888.113999998,0.040100646995762906
2,heldout,raw_pchip,0,2,114,12255023.916176472,0.008267442123996938
2,heldout,lowrank3_pchip,3,2,114,12255023.916176472,0.023026211490327478
2,heldout,raw_pchip,0,2,116,12262228.03735294,0.02359762918345601
2,heldout,lowrank3_pchip,3,2,116,12262228.03735294,0.01559830464773425
2,heldout,raw_pchip,0,2,118,12269499.507714285,0.07680156718068014
2,heldout,lowrank3_pchip,3,2,118,12269499.507714285,0.05016572258888283
2,heldout,raw_pchip,0,2,120,12276633.854000002,-0.04094358480923497
2,heldout,lowrank3_pchip,3,2,120,12276633.854000002,-0.038569412921733236
2,heldout,raw_pchip,0,2,122,12283836.543529412,0.0718544108274204
2,heldout,lowrank3_pchip,3,2,122,12283836.543529412,0.0627107773425974
2,heldout,raw_pchip,0,2,124,12291108.040285714,0.04050102078611359
2,heldout,lowrank3_pchip,3,2,124,12291108.040285714,-0.0007920343500164632
2,heldout,raw_pchip,0,2,126,12298243.344571427,-0.005459496538236167
2,heldout,lowrank3_pchip,3,2,126,12298243.344571427,-0.03121823493315267
2,heldout,raw_pchip,0,2,128,12305446.97764706,-0.032710381533446936
2,heldout,lowrank3_pchip,3,2,128,12305446.97764706,-0.0005757367550327871
2,heldout,raw_pchip,0,2,130,12312718.49742857,-0.017303825956709838
2,heldout,lowrank3_pchip,3,2,130,12312718.49742857,-0.01345917724805515
2,heldout,raw_pchip,0,2,132,12319853.34611111,0.0776519838512741
2,heldout,lowrank3_pchip,3,2,132,12319853.34611111,0.03831792890058762
2,heldout,raw_pchip,0,2,134,12327055.527352942,0.011826163647842112
2,heldout,lowrank3_pchip,3,2,134,12327055.527352942,0.0006431562978051837
2,heldout,raw_pchip,0,2,136,12334327.059714288,0.05588645551387584
2,heldout,lowrank3_pchip,3,2,136,12334327.059714288,0.05826590708357293
2,heldout,raw_pchip,0,2,138,12341462.348,0.07633291741886916
2,heldout,lowrank3_pchip,3,2,138,12341462.348,0.03899196710713449
2,heldout,raw_pchip,0,2,140,12348666.010294117,-0.029517933481704152
2,heldout,lowrank3_pchip,3,2,140,12348666.010294117,-0.03991322730473793
2,heldout,raw_pchip,0,2,142,12355937.550571427,0.041762906773304666
2,heldout,lowrank3_pchip,3,2,142,12355937.550571427,0.016764198857841518
2,heldout,raw_pchip,0,2,144,12364146.72235294,-0.10988674134812285
2,heldout,lowrank3_pchip,3,2,144,12364146.72235294,-0.12088623494959964
2,heldout,raw_pchip,0,2,146,12371282.983235294,-0.08128621944209385
2,heldout,lowrank3_pchip,3,2,146,12371282.983235294,-0.05808524286682441
2,heldout,raw_pchip,0,2,148,12378486.167058825,-0.031179517944769412
2,heldout,lowrank3_pchip,3,2,148,12378486.167058825,-0.006233724336536404
2,heldout,raw_pchip,0,2,150,12385757.648285715,0.18212651458118917
2,heldout,lowrank3_pchip,3,2,150,12385757.648285715,0.0733025627468135
2,heldout,raw_pchip,0,2,152,12392891.956285713,-0.04243281481106206
2,heldout,lowrank3_pchip,3,2,152,12392891.956285713,-0.13868495741712764
2,heldout,raw_pchip,0,2,154,12400094.615882352,-0.08923790562779269
2,heldout,lowrank3_pchip,3,2,154,12400094.615882352,-0.15509325816635933
2,heldout,raw_pchip,0,3,1,11850084.612941176,-0.03730201098159377
2,heldout,lowrank3_pchip,3,3,1,11850084.612941176,0.06615088819850515
2,heldout,raw_pchip,0,3,2,11853687.672,0.011825859065568479
2,heldout,lowrank3_pchip,3,3,2,11853687.672,0.09844682434283886
2,heldout,raw_pchip,0,3,4,11860889.428823529,0.005216817332274786
2,heldout,lowrank3_pchip,3,3,4,11860889.428823529,0.08020479112562169
2,heldout,raw_pchip,0,3,5,11864491.993529411,-0.026312948281880643
2,heldout,lowrank3_pchip,3,3,5,11864491.993529411,0.03540086554875061
2,heldout,raw_pchip,0,3,7,11871695.61714286,0.10742268120976327
2,heldout,lowrank3_pchip,3,3,7,11871695.61714286,0.18553131139741275
2,heldout,raw_pchip,0,3,8,11875295.744117647,-0.010608352493661882
2,heldout,lowrank3_pchip,3,3,8,11875295.744117647,0.0950686251744003
2,heldout,raw_pchip,0,3,10,11882499.378857143,-0.05810950662542857
2,heldout,lowrank3_pchip,3,3,10,11882499.378857143,0.014963137240503419
2,heldout,raw_pchip,0,3,11,11886100.471470585,-0.0047068657120748845
2,heldout,lowrank3_pchip,3,3,11,11886100.471470585,0.023216132064015547
2,heldout,raw_pchip,0,3,13,11893304.126285715,-0.025048671771410375
2,heldout,lowrank3_pchip,3,3,13,11893304.126285715,0.00869766375576966
2,heldout,raw_pchip,0,3,14,11896906.631142857,-0.026980785421111552
2,heldout,lowrank3_pchip,3,3,14,11896906.631142857,0.02905744753392711
2,heldout,raw_pchip,0,3,16,11904109.791714286,0.0297568305028549
2,heldout,lowrank3_pchip,3,3,16,11904109.791714286,0.08255046382911972
2,heldout,raw_pchip,0,3,17,11907709.925294116,0.03478529058735305
2,heldout,lowrank3_pchip,3,3,17,11907709.925294116,0.03034409031867163
2,heldout,raw_pchip,0,3,19,11914914.03764706,0.05074625766953981
2,heldout,lowrank3_pchip,3,3,19,11914914.03764706,0.0647416467830437
2,heldout,raw_pchip,0,3,20,11918515.142571429,0.04169133605252801
2,heldout,lowrank3_pchip,3,3,20,11918515.142571429,0.09734562388562798
2,heldout,raw_pchip,0,3,22,11925718.333714286,-0.07799571428791796
2,heldout,lowrank3_pchip,3,3,22,11925718.333714286,0.005946406641182094
2,heldout,raw_pchip,0,3,23,11929319.942000002,-0.052522700571966716
2,heldout,lowrank3_pchip,3,3,23,11929319.942000002,0.05760694516536453
2,heldout,raw_pchip,0,3,25,11936522.600882353,-0.015076775991839464
2,heldout,lowrank3_pchip,3,3,25,11936522.600882353,0.04692460541747251
2,heldout,raw_pchip,0,3,26,11940125.16647059,0.13146477095612885
2,heldout,lowrank3_pchip,3,3,26,11940125.16647059,0.20065027324526136
2,heldout,raw_pchip,0,3,28,11947328.37611111,-0.057037574360054244
2,heldout,lowrank3_pchip,3,3,28,11947328.37611111,0.0033158897749180527
2,heldout,raw_pchip,0,3,29,11950930.41542857,0.05583077925899423
2,heldout,lowrank3_pchip,3,3,29,11950930.41542857,0.05299880916933992
2,heldout,raw_pchip,0,3,31,11958133.073529411,-0.10026480854214917
2,heldout,lowrank3_pchip,3,3,31,11958133.073529411,-0.14709703572013003
2,heldout,raw_pchip,0,3,32,11961733.694705883,-0.05232500235779852
2,heldout,lowrank3_pchip,3,3,32,11961733.694705883,-0.10307511466100379
2,heldout,raw_pchip,0,3,34,11968936.872058824,0.08698675433657213
2,heldout,lowrank3_pchip,3,3,34,11968936.872058824,0.05218095637646219
2,heldout,raw_pchip,0,3,35,11972538.414411766,-0.06688036916843146
2,heldout,lowrank3_pchip,3,3,35,11972538.414411766,-0.04038899286222667
2,heldout,raw_pchip,0,3,37,11979741.570588237,0.016988725830565182
2,heldout,lowrank3_pchip,3,3,37,11979741.570588237,0.04119320737178751
2,heldout,raw_pchip,0,3,38,11983344.594857143,0.05087714253889835
2,heldout,lowrank3_pchip,3,3,38,11983344.594857143,0.022250953152562033
2,heldout,raw_pchip,0,3,40,11990547.260294119,0.053984309317262856
2,heldout,lowrank3_pchip,3,3,40,11990547.260294119,0.007599767099311438
2,heldout,raw_pchip,0,3,41,11994147.885294119,0.043810426895191656
2,heldout,lowrank3_pchip,3,3,41,11994147.885294119,0.010160149498202653
2,heldout,raw_pchip,0,3,43,12001352.017058823,0.050013370561494915
2,heldout,lowrank3_pchip,3,3,43,12001352.017058823,0.035692251971789775
2,heldout,raw_pchip,0,3,44,12004953.079714285,0.0006234261456957667
2,heldout,lowrank3_pchip,3,3,44,12004953.079714285,0.015087294766185935
2,heldout,raw_pchip,0,3,46,12012156.266571429,-0.06233496005851049
2,heldout,lowrank3_pchip,3,3,46,12012156.266571429,-0.0279495117157712
2,heldout,raw_pchip,0,3,47,12015758.35388889,-0.07997694848527562
2,heldout,lowrank3_pchip,3,3,47,12015758.35388889,-0.059992133089490064
2,heldout,raw_pchip,0,3,49,12022961.047999999,0.02281649706616989
2,heldout,lowrank3_pchip,3,3,49,12022961.047999999,-0.008815042646191255
2,heldout,raw_pchip,0,3,50,12026563.594571428,0.04800373291569882
2,heldout,lowrank3_pchip,3,3,50,12026563.594571428,-0.02288574161825996
2,heldout,raw_pchip,0,3,52,12033766.765714286,0.023874317511756553
2,heldout,lowrank3_pchip,3,3,52,12033766.765714286,-0.03746126318112603
2,heldout,raw_pchip,0,3,53,12037366.84617647,0.005761912507280648
2,heldout,lowrank3_pchip,3,3,53,12037366.84617647,-0.0411426758540384
2,heldout,raw_pchip,0,3,55,12044571.493714284,0.007584146178712103
2,heldout,lowrank3_pchip,3,3,55,12044571.493714284,-0.022654905862373197
2,heldout,raw_pchip,0,3,56,12048171.637058824,-0.043186746930384844
2,heldout,lowrank3_pchip,3,3,56,12048171.637058824,-0.05615582152457416
2,heldout,raw_pchip,0,3,58,12055374.859705882,0.062044308430989216
2,heldout,lowrank3_pchip,3,3,58,12055374.859705882,0.03081109119200248
2,heldout,raw_pchip,0,3,59,12058976.944285717,0.0663956675071595
2,heldout,lowrank3_pchip,3,3,59,12058976.944285717,0.025540180113540815
2,heldout,raw_pchip,0,3,61,12066179.612941176,0.029415321661120982
2,heldout,lowrank3_pchip,3,3,61,12066179.612941176,-0.04226891193538311
2,heldout,raw_pchip,0,3,62,12069782.658571428,0.11281762406667376
2,heldout,lowrank3_pchip,3,3,62,12069782.658571428,0.009167627248272655
2,heldout,raw_pchip,0,3,64,12076985.299999999,0.08281156863920265
2,heldout,lowrank3_pchip,3,3,64,12076985.299999999,-0.015130050963204454
2,heldout,raw_pchip,0,3,65,12080586.375714287,0.01551550711857
2,heldout,lowrank3_pchip,3,3,65,12080586.375714287,-0.043260247118622745
2,heldout,raw_pchip,0,3,67,12087790.063529411,-0.03386734857388877
2,heldout,lowrank3_pchip,3,3,67,12087790.063529411,-0.060881633392969814
2,heldout,raw_pchip,0,3,68,12091391.159142857,-0.009170197391954085
2,heldout,lowrank3_pchip,3,3,68,12091391.159142857,-0.046516618028565465
2,heldout,raw_pchip,0,3,70,12096623.247058824,0.059138840533217406
2,heldout,lowrank3_pchip,3,3,70,12096623.247058824,0.007069512024701997
2,heldout,raw_pchip,0,3,71,12100156.965588234,0.022063203058989372
2,heldout,lowrank3_pchip,3,3,71,12100156.965588234,-0.0010423634370709091
2,heldout,raw_pchip,0,3,73,12107426.994705882,0.031161793852603873
2,heldout,lowrank3_pchip,3,3,73,12107426.994705882,0.017807515483220595
2,heldout,raw_pchip,0,3,74,12110960.729117647,0.0017153226055767045
2,heldout,lowrank3_pchip,3,3,74,12110960.729117647,-0.014135723516311866
2,heldout,raw_pchip,0,3,76,12118232.213142857,-0.10632118559855643
2,heldout,lowrank3_pchip,3,3,76,12118232.213142857,-0.05759661599366553
2,heldout,raw_pchip,0,3,77,12121765.470588233,-0.12726730409251483
2,heldout,lowrank3_pchip,3,3,77,12121765.470588233,-0.0521719846604318
2,heldout,raw_pchip,0,3,79,12129036.457352942,-0.038801912867680206
2,heldout,lowrank3_pchip,3,3,79,12129036.457352942,0.03534984904180241
2,heldout,raw_pchip,0,3,80,12132571.164411766,-0.05673364728650837
2,heldout,lowrank3_pchip,3,3,80,12132571.164411766,-0.02704633060903113
2,heldout,raw_pchip,0,3,82,12139842.683714287,0.025710431825034324
2,heldout,lowrank3_pchip,3,3,82,12139842.683714287,0.027034979095859814
2,heldout,raw_pchip,0,3,83,12143375.924705882,0.041388299917923574
2,heldout,lowrank3_pchip,3,3,83,12143375.924705882,0.03775302224210974
2,heldout,raw_pchip,0,3,85,12150645.93382353,-0.03514299406348461
2,heldout,lowrank3_pchip,3,3,85,12150645.93382353,-0.026305447832074783
2,heldout,raw_pchip,0,3,86,12154179.667058824,0.025897454504299682
2,heldout,lowrank3_pchip,3,3,86,12154179.667058824,0.026349838991090876
2,heldout,raw_pchip,0,3,88,12161450.64235294,-0.00636003688971265
2,heldout,lowrank3_pchip,3,3,88,12161450.64235294,0.004556734565147332
2,heldout,raw_pchip,0,3,89,12164985.314166665,-0.002619066780266664
2,heldout,lowrank3_pchip,3,3,89,12164985.314166665,-0.011963306161092499
2,heldout,raw_pchip,0,3,91,12172256.788285714,0.10623421227313436
2,heldout,lowrank3_pchip,3,3,91,12172256.788285714,0.06803973672884933
2,heldout,raw_pchip,0,3,92,12175790.035882352,0.07614144309790002
2,heldout,lowrank3_pchip,3,3,92,12175790.035882352,0.04021478321895184
2,heldout,raw_pchip,0,3,94,12183060.582571428,0.06886053752141716
2,heldout,lowrank3_pchip,3,3,94,12183060.582571428,0.05987901470519917
2,heldout,raw_pchip,0,3,95,12186594.296571428,-0.0001166349923171823
2,heldout,lowrank3_pchip,3,3,95,12186594.296571428,-0.0026443712784512585
2,heldout,raw_pchip,0,3,97,12193865.865,-0.023382149244380347
2,heldout,lowrank3_pchip,3,3,97,12193865.865,0.006587412000686746
2,heldout,raw_pchip,0,3,98,12197399.116857145,-0.07083683561735571
2,heldout,lowrank3_pchip,3,3,98,12197399.116857145,-0.011734152884501196
2,heldout,raw_pchip,0,3,100,12204669.602647059,0.12659921991187123
2,heldout,lowrank3_pchip,3,3,100,12204669.602647059,0.1648735439666106
2,heldout,raw_pchip,0,3,101,12208204.77542857,0.06948800730584902
2,heldout,lowrank3_pchip,3,3,101,12208204.77542857,0.05166773343425622
2,heldout,raw_pchip,0,3,103,12215475.780571429,-0.017604709144706552
2,heldout,lowrank3_pchip,3,3,103,12215475.780571429,-0.0829491070240973
2,heldout,raw_pchip,0,3,104,12219009.526857143,0.07240686572857286
2,heldout,lowrank3_pchip,3,3,104,12219009.526857143,0.00875146640439994
2,heldout,raw_pchip,0,3,106,12226279.581999999,0.10742995704729183
2,heldout,lowrank3_pchip,3,3,106,12226279.581999999,0.09450950512000715
2,heldout,raw_pchip,0,3,107,12229812.830294117,0.026232054592690558
2,heldout,lowrank3_pchip,3,3,107,12229812.830294117,0.05816928298483653
2,heldout,raw_pchip,0,3,109,12237084.774117647,0.0013135716935834768
2,heldout,lowrank3_pchip,3,3,109,12237084.774117647,0.029151364585073915
2,heldout,raw_pchip,0,3,110,12240617.558235295,0.03858208322585254
2,heldout,lowrank3_pchip,3,3,110,12240617.558235295,0.031477481547463666
2,heldout,raw_pchip,0,3,112,12247888.113999998,0.05622936230537314
2,heldout,lowrank3_pchip,3,3,112,12247888.113999998,0.03967113568278689
2,heldout,raw_pchip,0,3,113,12251423.785142856,0.009664876058633334
2,heldout,lowrank3_pchip,3,3,113,12251423.785142856,0.018896623832109227
2,heldout,raw_pchip,0,3,115,12258694.317222219,-0.020960011509917144
2,heldout,lowrank3_pchip,3,3,115,12258694.317222219,0.00026517712292180724
2,heldout,raw_pchip,0,3,116,12262228.03735294,0.01770365512623277
2,heldout,lowrank3_pchip,3,3,116,12262228.03735294,0.02193512708831345
2,heldout,raw_pchip,0,3,118,12269499.507714285,0.02303976697159197
2,heldout,lowrank3_pchip,3,3,118,12269499.507714285,-0.009878309469463466
2,heldout,raw_pchip,0,3,119,12273032.298571426,-0.04340366977053053
2,heldout,lowrank3_pchip,3,3,119,12273032.298571426,-0.07705705909268605
2,heldout,raw_pchip,0,3,121,12280304.279428571,0.050030654870882506
2,heldout,lowrank3_pchip,3,3,121,12280304.279428571,0.03295814932692812
2,heldout,raw_pchip,0,3,122,12283836.543529412,0.10428209008421523
2,heldout,lowrank3_pchip,3,3,122,12283836.543529412,0.09257991770265049
2,heldout,raw_pchip,0,3,124,12291108.040285714,-0.015866062605489808
2,heldout,lowrank3_pchip,3,3,124,12291108.040285714,-0.03669642889537997
2,heldout,raw_pchip,0,3,125,12294642.725428572,-0.08742177523528823
2,heldout,lowrank3_pchip,3,3,125,12294642.725428572,-0.13050523451591503
2,heldout,raw_pchip,0,3,127,12301913.713428572,0.07202513534250421
2,heldout,lowrank3_pchip,3,3,127,12301913.713428572,0.05677717928739544
2,heldout,raw_pchip,0,3,128,12305446.97764706,-0.0037977243555740894
2,heldout,lowrank3_pchip,3,3,128,12305446.97764706,0.012762947263388825
2,heldout,raw_pchip,0,3,130,12312718.49742857,-0.03470055581936417
2,heldout,lowrank3_pchip,3,3,130,12312718.49742857,0.0005547902316114414
2,heldout,raw_pchip,0,3,131,12316250.755588235,-0.038134519701925385
2,heldout,lowrank3_pchip,3,3,131,12316250.755588235,-0.007434123283891363
2,heldout,raw_pchip,0,3,133,12323521.782647058,-0.08817334547608857
2,heldout,lowrank3_pchip,3,3,133,12323521.782647058,-0.06147933173597131
2,heldout,raw_pchip,0,3,134,12327055.527352942,-0.02400263543817591
2,heldout,lowrank3_pchip,3,3,134,12327055.527352942,-0.005528807500614059
2,heldout,raw_pchip,0,3,136,12334327.059714288,0.028663764421449366
2,heldout,lowrank3_pchip,3,3,136,12334327.059714288,0.055880047115261657
2,heldout,raw_pchip,0,3,137,12337861.275882352,-0.0685849315085109
2,heldout,lowrank3_pchip,3,3,137,12337861.275882352,-0.023695169264921417
2,heldout,raw_pchip,0,3,139,12345131.287058821,-0.07592173645540856
2,heldout,lowrank3_pchip,3,3,139,12345131.287058821,-0.03923654361246593
2,heldout,raw_pchip,0,3,140,12348666.010294117,-0.07064336256949014
2,heldout,lowrank3_pchip,3,3,140,12348666.010294117,-0.03429275408978584
2,heldout,raw_pchip,0,3,142,12355937.550571427,0.03046957248867799
2,heldout,lowrank3_pchip,3,3,142,12355937.550571427,0.019263380059606344
2,heldout,raw_pchip,0,3,143,12359470.295714285,0.033182982222498776
2,heldout,lowrank3_pchip,3,3,143,12359470.295714285,-0.034325104279569044
2,heldout,raw_pchip,0,3,145,12367680.468235295,0.023013488992590366
2,heldout,lowrank3_pchip,3,3,145,12367680.468235295,-0.057975559510233234
2,heldout,raw_pchip,0,3,146,12371282.983235294,-0.10956743374705274
2,heldout,lowrank3_pchip,3,3,146,12371282.983235294,-0.12481893309128123
2,heldout,raw_pchip,0,3,148,12378486.167058825,0.047830230246250875
2,heldout,lowrank3_pchip,3,3,148,12378486.167058825,0.03370414985416078
2,heldout,raw_pchip,0,3,149,12382087.253999999,0.06872239301401109
2,heldout,lowrank3_pchip,3,3,149,12382087.253999999,0.006325697544399528
2,heldout,raw_pchip,0,3,151,12389290.40057143,-0.28986252746274777
2,heldout,lowrank3_pchip,3,3,151,12389290.40057143,-0.3874677069960748
2,heldout,raw_pchip,0,3,152,12392891.956285713,-0.15070458983678564
2,heldout,lowrank3_pchip,3,3,152,12392891.956285713,-0.22356987813914594
2,heldout,raw_pchip,0,3,154,12400094.615882352,-0.08441108647923073
2,heldout,lowrank3_pchip,3,3,154,12400094.615882352,-0.17255955466674727
2,heldout,raw_pchip,0,3,155,12403697.672,-0.036374126335868846
2,heldout,lowrank3_pchip,3,3,155,12403697.672,-0.12870850450774426
2,heldout,raw_pchip,0,3,2,11853687.672,0.03833651992534985
2,heldout,lowrank3_pchip,3,3,2,11853687.672,0.11964522574354629
2,heldout,raw_pchip,0,3,3,11857356.149142856,0.013595259412376492
2,heldout,lowrank3_pchip,3,3,3,11857356.149142856,0.131734941526261
2,heldout,raw_pchip,0,3,5,11864491.993529411,-0.08456289815180502
2,heldout,lowrank3_pchip,3,3,5,11864491.993529411,0.04520514642640675
2,heldout,raw_pchip,0,3,6,11868160.443235295,-0.10162726651931434
2,heldout,lowrank3_pchip,3,3,6,11868160.443235295,0.0273166819490142
2,heldout,raw_pchip,0,3,8,11875295.744117647,-0.04465652947943731
2,heldout,lowrank3_pchip,3,3,8,11875295.744117647,0.02350419354119768
2,heldout,raw_pchip,0,3,9,11878965.629142856,0.060680201628533326
2,heldout,lowrank3_pchip,3,3,9,11878965.629142856,0.07355644912909652
2,heldout,raw_pchip,0,3,11,11886100.471470585,0.010356870721721357
2,heldout,lowrank3_pchip,3,3,11,11886100.471470585,-0.016247627157640457
2,heldout,raw_pchip,0,3,12,11889769.907058822,-0.012573780340735316
2,heldout,lowrank3_pchip,3,3,12,11889769.907058822,-0.040449292193239006
2,heldout,raw_pchip,0,3,14,11896906.631142857,0.006995158608745635
2,heldout,lowrank3_pchip,3,3,14,11896906.631142857,-0.010686834079940484
2,heldout,raw_pchip,0,3,15,11900573.641764706,0.012367549548789944
2,heldout,lowrank3_pchip,3,3,15,11900573.641764706,0.03598277018151616
2,heldout,raw_pchip,0,3,17,11907709.925294116,-0.018370790126834385
2,heldout,lowrank3_pchip,3,3,17,11907709.925294116,0.002891419678833402
2,heldout,raw_pchip,0,3,18,11911379.832571428,-0.06181858874764273
2,heldout,lowrank3_pchip,3,3,18,11911379.832571428,-0.025632135965472723
2,heldout,raw_pchip,0,3,20,11918515.142571429,0.03223583429302974
2,heldout,lowrank3_pchip,3,3,20,11918515.142571429,0.05298370301153504
2,heldout,raw_pchip,0,3,21,11922185.065588234,0.037989282603756155
2,heldout,lowrank3_pchip,3,3,21,11922185.065588234,0.057083208053223276
2,heldout,raw_pchip,0,3,23,11929319.942000002,0.0625416369670277
2,heldout,lowrank3_pchip,3,3,23,11929319.942000002,0.09192837328822748
2,heldout,raw_pchip,0,3,24,11932989.343142858,0.056847613755947005
2,heldout,lowrank3_pchip,3,3,24,11932989.343142858,0.08843161906439195
2,heldout,raw_pchip,0,3,26,11940125.16647059,0.16299762666062173
2,heldout,lowrank3_pchip,3,3,26,11940125.16647059,0.18195485881025988
2,heldout,raw_pchip,0,3,27,11943793.66382353,0.025226036397529003
2,heldout,lowrank3_pchip,3,3,27,11943793.66382353,0.03812032832496436
2,heldout,raw_pchip,0,3,29,11950930.41542857,0.16519034968114257
2,heldout,lowrank3_pchip,3,3,29,11950930.41542857,0.15612027822621155
2,heldout,raw_pchip,0,3,30,11954598.400588235,0.17180009254968606
2,heldout,lowrank3_pchip,3,3,30,11954598.400588235,0.1386022700500532
2,heldout,raw_pchip,0,3,32,11961733.694705883,-0.08145075928114316
2,heldout,lowrank3_pchip,3,3,32,11961733.694705883,-0.08062230798473682
2,heldout,raw_pchip,0,3,33,11965404.596285712,-0.11254078499124623
2,heldout,lowrank3_pchip,3,3,33,11965404.596285712,-0.08700163331111468
2,heldout,raw_pchip,0,3,35,11972538.414411766,-0.08846908692557064
2,heldout,lowrank3_pchip,3,3,35,11972538.414411766,-0.048222016320146416
2,heldout,raw_pchip,0,3,36,11976207.822058823,0.012584162968214536
2,heldout,lowrank3_pchip,3,3,36,11976207.822058823,0.04936472119058707
2,heldout,raw_pchip,0,3,38,11983344.594857143,-0.025722933407232643
2,heldout,lowrank3_pchip,3,3,38,11983344.594857143,0.009113668792487829
2,heldout,raw_pchip,0,3,39,11987011.597058823,-0.09021518734837464
2,heldout,lowrank3_pchip,3,3,39,11987011.597058823,-0.05705959375578909
2,heldout,raw_pchip,0,3,41,11994147.885294119,0.018030452563325663
2,heldout,lowrank3_pchip,3,3,41,11994147.885294119,0.06760194384074505
2,heldout,raw_pchip,0,3,42,11997818.766,-0.04005352718468202
2,heldout,lowrank3_pchip,3,3,42,11997818.766,-0.004827872963304224
2,heldout,raw_pchip,0,3,44,12004953.079714285,-0.0036815495936285652
2,heldout,lowrank3_pchip,3,3,44,12004953.079714285,-0.0006077698954627331
2,heldout,raw_pchip,0,3,45,12008623.025588235,0.04864243482174799
2,heldout,lowrank3_pchip,3,3,45,12008623.025588235,0.029027207829724254
2,heldout,raw_pchip,0,3,47,12015758.35388889,-0.021060707595799123
2,heldout,lowrank3_pchip,3,3,47,12015758.35388889,-0.03363635940379025
2,heldout,raw_pchip,0,3,48,12019427.286857141,0.040598430443285996
2,heldout,lowrank3_pchip,3,3,48,12019427.286857141,0.018014652697830695
2,heldout,raw_pchip,0,3,50,12026563.594571428,-0.027908351478566625
2,heldout,lowrank3_pchip,3,3,50,12026563.594571428,-0.05009233885883722
2,heldout,raw_pchip,0,3,51,12030232.037714286,-0.06349632116916445
2,heldout,lowrank3_pchip,3,3,51,12030232.037714286,-0.10475055640894455
2,heldout,raw_pchip,0,3,53,12037366.84617647,0.005757602681952807
2,heldout,lowrank3_pchip,3,3,53,12037366.84617647,-0.03962409277525468
2,heldout,raw_pchip,0,3,54,12041036.292058824,-0.005366926433941066
2,heldout,lowrank3_pchip,3,3,54,12041036.292058824,-0.04257387835140342
2,heldout,raw_pchip,0,3,56,12048171.637058824,-0.06419172226338156
2,heldout,lowrank3_pchip,3,3,56,12048171.637058824,-0.07345610305797073
2,heldout,raw_pchip,0,3,57,12051841.103235293,-0.05038137472976283
2,heldout,lowrank3_pchip,3,3,57,12051841.103235293,-0.028141432543527713
2,heldout,raw_pchip,0,3,59,12058976.944285717,0.02049697268940308
2,heldout,lowrank3_pchip,3,3,59,12058976.944285717,0.017000611754507813
2,heldout,raw_pchip,0,3,60,12062646.376857143,-0.02478583467651682
2,heldout,lowrank3_pchip,3,3,60,12062646.376857143,-0.05136673391619727
2,heldout,raw_pchip,0,3,62,12069782.658571428,0.04299731537944317
2,heldout,lowrank3_pchip,3,3,62,12069782.658571428,0.006997745517400607
2,heldout,raw_pchip,0,3,63,12073452.05542857,-0.09613935248020339
2,heldout,lowrank3_pchip,3,3,63,12073452.05542857,-0.1194349218400034
2,heldout,raw_pchip,0,3,65,12080586.375714287,-0.023778113802367166
2,heldout,lowrank3_pchip,3,3,65,12080586.375714287,-0.05775840180884449
2,heldout,raw_pchip,0,3,66,12084257.269705882,0.0008977109022155871
2,heldout,lowrank3_pchip,3,3,66,12084257.269705882,-0.04977743837882484
2,heldout,raw_pchip,0,3,68,12091391.159142857,0.003202820001521271
2,heldout,lowrank3_pchip,3,3,68,12091391.159142857,-0.06439223708083686
2,heldout,raw_pchip,0,3,69,12095060.135882355,-0.05394041952901067
2,heldout,lowrank3_pchip,3,3,69,12095060.135882355,-0.08705941898061238
2,heldout,raw_pchip,0,3,71,12100156.965588234,0.014065936624468419
2,heldout,lowrank3_pchip,3,3,71,12100156.965588234,0.028184405747881534
2,heldout,raw_pchip,0,3,72,12103758.055142855,0.02896115968425529
2,heldout,lowrank3_pchip,3,3,72,12103758.055142855,0.049467619528028264
2,heldout,raw_pchip,0,3,74,12110960.729117647,-0.044378962719584754
2,heldout,lowrank3_pchip,3,3,74,12110960.729117647,-0.04077410477791457
2,heldout,raw_pchip,0,3,75,12114563.282941176,0.0052998526601393875
2,heldout,lowrank3_pchip,3,3,75,12114563.282941176,-0.0035885583809574097
2,heldout,raw_pchip,0,3,77,12121765.470588233,-0.026741213231089727
2,heldout,lowrank3_pchip,3,3,77,12121765.470588233,-0.042167529684440465
2,heldout,raw_pchip,0,3,78,12125368.49857143,0.08708214382244475
2,heldout,lowrank3_pchip,3,3,78,12125368.49857143,0.11111890905187885
2,heldout,raw_pchip,0,3,80,12132571.164411766,-0.05449350821676219
2,heldout,lowrank3_pchip,3,3,80,12132571.164411766,0.003508981218084708
2,heldout,raw_pchip,0,3,81,12136172.267142856,-0.024207308038937354
2,heldout,lowrank3_pchip,3,3,81,12136172.267142856,0.015300371960572823
2,heldout,raw_pchip,0,3,83,12143375.924705882,0.03508099234866784
2,heldout,lowrank3_pchip,3,3,83,12143375.924705882,0.030015368915976472
2,heldout,raw_pchip,0,3,84,12146977.002857143,0.02086251644533126
2,heldout,lowrank3_pchip,3,3,84,12146977.002857143,-0.008337542585407238
2,heldout,raw_pchip,0,3,86,12154179.667058824,0.04915177675235375
2,heldout,lowrank3_pchip,3,3,86,12154179.667058824,0.013133200685257796
2,heldout,raw_pchip,0,3,87,12157782.691142859,0.031126016576507716
2,heldout,lowrank3_pchip,3,3,87,12157782.691142859,0.01691113683278188
2,heldout,raw_pchip,0,3,89,12164985.314166665,-0.03701812616951853
2,heldout,lowrank3_pchip,3,3,89,12164985.314166665,-0.006878562434167082
2,heldout,raw_pchip,0,3,90,12168586.384,-0.08156999140618504
2,heldout,lowrank3_pchip,3,3,90,12168586.384,-0.024289113965350197
2,heldout,raw_pchip,0,3,92,12175790.035882352,-0.027430700712008992
2,heldout,lowrank3_pchip,3,3,92,12175790.035882352,0.041805124377414495
2,heldout,raw_pchip,0,3,93,12179390.67147059,-0.07063852538624174
2,heldout,lowrank3_pchip,3,3,93,12179390.67147059,-0.018608005947835734
2,heldout,raw_pchip,0,3,95,12186594.296571428,-0.07184187257779191
2,heldout,lowrank3_pchip,3,3,95,12186594.296571428,-0.04426029764256464
2,heldout,raw_pchip,0,3,96,12190196.377777778,-0.023608657184152396
2,heldout,lowrank3_pchip,3,3,96,12190196.377777778,-0.025285045133815364
2,heldout,raw_pchip,0,3,98,12197399.116857145,-0.03824892426765983
2,heldout,lowrank3_pchip,3,3,98,12197399.116857145,-0.008419976328591868
2,heldout,raw_pchip,0,3,99,12201001.628285715,-0.027457484833326978
2,heldout,lowrank3_pchip,3,3,99,12201001.628285715,0.048463373905265714
2,heldout,raw_pchip,0,3,101,12208204.77542857,-0.08966267255820735
2,heldout,lowrank3_pchip,3,3,101,12208204.77542857,-0.03474533941073433
2,heldout,raw_pchip,0,3,102,12211804.916764708,-0.08454339477243705
2,heldout,lowrank3_pchip,3,3,102,12211804.916764708,-0.10876793166884069
2,heldout,raw_pchip,0,3,104,12219009.526857143,0.0701573432841008
2,heldout,lowrank3_pchip,3,3,104,12219009.526857143,0.021066614618162956
2,heldout,raw_pchip,0,3,105,12222609.658529412,-0.12382961967752605
2,heldout,lowrank3_pchip,3,3,105,12222609.658529412,-0.0999936576396321
2,heldout,raw_pchip,0,3,107,12229812.830294117,0.007788733035922659
2,heldout,lowrank3_pchip,3,3,107,12229812.830294117,0.031389884765030095
2,heldout,raw_pchip,0,3,108,12233414.39,0.020846626602984794
2,heldout,lowrank3_pchip,3,3,108,12233414.39,0.030652395498604018
2,heldout,raw_pchip,0,3,110,12240617.558235295,-0.023419762245058505
2,heldout,lowrank3_pchip,3,3,110,12240617.558235295,0.0045477776133433885
2,heldout,raw_pchip,0,3,111,12244220.585142858,-0.06719721986869506
2,heldout,lowrank3_pchip,3,3,111,12244220.585142858,-0.04776581579176822
2,heldout,raw_pchip,0,3,113,12251423.785142856,-0.013622211094506764
2,heldout,lowrank3_pchip,3,3,113,12251423.785142856,-0.00929372705132636
2,heldout,raw_pchip,0,3,114,12255023.916176472,0.003917910110533947
2,heldout,lowrank3_pchip,3,3,114,12255023.916176472,-0.004397455288989216
2,heldout,raw_pchip,0,3,116,12262228.03735294,0.044465721723966393
2,heldout,lowrank3_pchip,3,3,116,12262228.03735294,-0.0005613863735343582
2,heldout,raw_pchip,0,3,117,12265828.654411765,0.026647419660348868
2,heldout,lowrank3_pchip,3,3,117,12265828.654411765,-0.013459562661444468
2,heldout,raw_pchip,0,3,119,12273032.298571426,-0.1291659062557787
2,heldout,lowrank3_pchip,3,3,119,12273032.298571426,-0.15594262077157883
2,heldout,raw_pchip,0,3,120,12276633.854000002,-0.08159956858723158
2,heldout,lowrank3_pchip,3,3,120,12276633.854000002,-0.0984046098469104
2,heldout,raw_pchip,0,3,122,12283836.543529412,0.0830705229425974
2,heldout,lowrank3_pchip,3,3,122,12283836.543529412,0.09616168667114136
2,heldout,raw_pchip,0,3,123,12287439.102058824,-0.0017702697240249146
2,heldout,lowrank3_pchip,3,3,123,12287439.102058824,0.02482966539975211
2,heldout,raw_pchip,0,3,125,12294642.725428572,-0.13144056850352528
2,heldout,lowrank3_pchip,3,3,125,12294642.725428572,-0.1022062370654957
2,heldout,raw_pchip,0,3,126,12298243.344571427,-0.09775878047728306
2,heldout,lowrank3_pchip,3,3,126,12298243.344571427,-0.07539154915251553
2,heldout,raw_pchip,0,3,128,12305446.97764706,-0.015019597401936896
2,heldout,lowrank3_pchip,3,3,128,12305446.97764706,-0.022655278955186934
2,heldout,raw_pchip,0,3,129,12309048.100571427,0.0183367886853546
2,heldout,lowrank3_pchip,3,3,129,12309048.100571427,-0.007872965546997507
2,heldout,raw_pchip,0,3,131,12316250.755588235,0.025732419302140132
2,heldout,lowrank3_pchip,3,3,131,12316250.755588235,-0.009778401984964465
2,heldout,raw_pchip,0,3,132,12319853.34611111,0.09291889663933392
2,heldout,lowrank3_pchip,3,3,132,12319853.34611111,0.048051167315050936
2,heldout,raw_pchip,0,3,134,12327055.527352942,0.011775385650091013
2,heldout,lowrank3_pchip,3,3,134,12327055.527352942,-0.012299745844249818
2,heldout,raw_pchip,0,3,135,12330658.07647059,-0.024861429211545057
2,heldout,lowrank3_pchip,3,3,135,12330658.07647059,0.003494320932718627
2,heldout,raw_pchip,0,3,137,12337861.275882352,-0.05354928479332212
2,heldout,lowrank3_pchip,3,3,137,12337861.275882352,-0.03563597273531203
2,heldout,raw_pchip,0,3,138,12341462.348,0.04987674027498764
2,heldout,lowrank3_pchip,3,3,138,12341462.348,0.029306921897322775
2,heldout,raw_pchip,0,3,140,12348666.010294117,0.008658364376854747
2,heldout,lowrank3_pchip,3,3,140,12348666.010294117,-0.04406833519584054
2,heldout,raw_pchip,0,3,141,12352266.660294117,0.06031858310545224
2,heldout,lowrank3_pchip,3,3,141,12352266.660294117,0.0355984466115695
2,heldout,raw_pchip,0,3,143,12359470.295714285,-0.09731536299726631
2,heldout,lowrank3_pchip,3,3,143,12359470.295714285,-0.07331308453480904
2,heldout,raw_pchip,0,3,144,12364146.72235294,-0.13794102534922936
2,heldout,lowrank3_pchip,3,3,144,12364146.72235294,-0.10464740895973063
2,heldout,raw_pchip,0,3,146,12371282.983235294,-0.04869431520624061
2,heldout,lowrank3_pchip,3,3,146,12371282.983235294,-0.03025496114368526
2,heldout,raw_pchip,0,3,147,12374951.466176469,0.025118263309357392
2,heldout,lowrank3_pchip,3,3,147,12374951.466176469,0.009808194585054806
2,heldout,raw_pchip,0,3,149,12382087.253999999,0.13857956142669534
2,heldout,lowrank3_pchip,3,3,149,12382087.253999999,0.09227717506502316
2,heldout,raw_pchip,0,3,150,12385757.648285715,0.2860066886852011
2,heldout,lowrank3_pchip,3,3,150,12385757.648285715,0.17557054899715374
2,heldout,raw_pchip,0,3,152,12392891.956285713,-0.005666909862884815
2,heldout,lowrank3_pchip,3,3,152,12392891.956285713,-0.1374723281100714
2,heldout,raw_pchip,0,3,153,12396561.387428572,0.08389762924846024
2,heldout,lowrank3_pchip,3,3,153,12396561.387428572,-0.07021803447476493
2,heldout,raw_pchip,0,3,3,11857356.149142856,0.04947651374499137
2,heldout,lowrank3_pchip,3,3,3,11857356.149142856,0.15937639346652177
2,heldout,raw_pchip,0,3,4,11860889.428823529,0.06272174789023835
2,heldout,lowrank3_pchip,3,3,4,11860889.428823529,0.17564429399916487
2,heldout,raw_pchip,0,3,6,11868160.443235295,-0.014967855667615973
2,heldout,lowrank3_pchip,3,3,6,11868160.443235295,0.08715847291866584
2,heldout,raw_pchip,0,3,7,11871695.61714286,0.09140409299917293
2,heldout,lowrank3_pchip,3,3,7,11871695.61714286,0.17041992681828153
2,heldout,raw_pchip,0,3,9,11878965.629142856,0.048827941627697005
2,heldout,lowrank3_pchip,3,3,9,11878965.629142856,0.10232325496441635
2,heldout,raw_pchip,0,3,10,11882499.378857143,-0.021317955738887402
2,heldout,lowrank3_pchip,3,3,10,11882499.378857143,0.015907935310486142
2,heldout,raw_pchip,0,3,12,11889769.907058822,-0.02658394643040785
2,heldout,lowrank3_pchip,3,3,12,11889769.907058822,-0.025851127829257307
2,heldout,raw_pchip,0,3,13,11893304.126285715,-0.024532459565387035
2,heldout,lowrank3_pchip,3,3,13,11893304.126285715,-0.016513568209323815
2,heldout,raw_pchip,0,3,15,11900573.641764706,0.04488840188159825
2,heldout,lowrank3_pchip,3,3,15,11900573.641764706,0.05695908735440392
2,heldout,raw_pchip,0,3,16,11904109.791714286,0.025889090881545528
2,heldout,lowrank3_pchip,3,3,16,11904109.791714286,0.061976799105891586
2,heldout,raw_pchip,0,3,18,11911379.832571428,-0.05855540732612974
2,heldout,lowrank3_pchip,3,3,18,11911379.832571428,-0.01948078812050669
2,heldout,raw_pchip,0,3,19,11914914.03764706,-0.009920815379154943
2,heldout,lowrank3_pchip,3,3,19,11914914.03764706,0.034161088810750855
2,heldout,raw_pchip,0,3,21,11922185.065588234,-0.029042776015579277
2,heldout,lowrank3_pchip,3,3,21,11922185.065588234,0.0995832334684698
2,heldout,raw_pchip,0,3,22,11925718.333714286,-0.08246737554545251
2,heldout,lowrank3_pchip,3,3,22,11925718.333714286,0.06776219717857491
2,heldout,raw_pchip,0,3,24,11932989.343142858,0.0005307549759499116
2,heldout,lowrank3_pchip,3,3,24,11932989.343142858,0.11243194966296073
2,heldout,raw_pchip,0,3,25,11936522.600882353,-0.08600383109605424
2,heldout,lowrank3_pchip,3,3,25,11936522.600882353,0.021258336863528193
2,heldout,raw_pchip,0,3,27,11943793.66382353,-0.13293467156631386
2,heldout,lowrank3_pchip,3,3,27,11943793.66382353,-0.042481678038275426
2,heldout,raw_pchip,0,3,28,11947328.37611111,-0.1744534795930467
2,heldout,lowrank3_pchip,3,3,28,11947328.37611111,-0.08660847228279954
2,heldout,raw_pchip,0,3,30,11954598.400588235,0.04711624543700667
2,heldout,lowrank3_pchip,3,3,30,11954598.400588235,0.04487817926484511
2,heldout,raw_pchip,0,3,31,11958133.073529411,0.02280208562083902
2,heldout,lowrank3_pchip,3,3,31,11958133.073529411,-0.022016088487258258
2,heldout,raw_pchip,0,3,33,11965404.596285712,-0.005560230459410262
2,heldout,lowrank3_pchip,3,3,33,11965404.596285712,-0.055257052866716776
2,heldout,raw_pchip,0,3,34,11968936.872058824,0.10056665736685455
2,heldout,lowrank3_pchip,3,3,34,11968936.872058824,0.04882296737773153
2,heldout,raw_pchip,0,3,36,11976207.822058823,0.08758188364491035
2,heldout,lowrank3_pchip,3,3,36,11976207.822058823,0.04375936262265268
2,heldout,raw_pchip,0,3,37,11979741.570588237,0.05114198013645239
2,heldout,lowrank3_pchip,3,3,37,11979741.570588237,0.030918228204449772
2,heldout,raw_pchip,0,3,39,11987011.597058823,-0.10274589844532993
2,heldout,lowrank3_pchip,3,3,39,11987011.597058823,-0.08674719456240318
2,heldout,raw_pchip,0,3,40,11990547.260294119,-0.05635884142408493
2,heldout,lowrank3_pchip,3,3,40,11990547.260294119,-0.03613003380575444
2,heldout,raw_pchip,0,3,42,11997818.766,-0.014484613838263497
2,heldout,lowrank3_pchip,3,3,42,11997818.766,-0.0009624533121782446
2,heldout,raw_pchip,0,3,43,12001352.017058823,0.030295592360382633
2,heldout,lowrank3_pchip,3,3,43,12001352.017058823,0.04116526016595131
2,heldout,raw_pchip,0,3,45,12008623.025588235,0.031180696912516518
2,heldout,lowrank3_pchip,3,3,45,12008623.025588235,0.02351887515695121
2,heldout,raw_pchip,0,3,46,12012156.266571429,0.008620561614290572
2,heldout,lowrank3_pchip,3,3,46,12012156.266571429,-0.030287603002431104
2,heldout,raw_pchip,0,3,48,12019427.286857141,0.06479876192981578
2,heldout,lowrank3_pchip,3,3,48,12019427.286857141,0.033144513976684914
2,heldout,raw_pchip,0,3,49,12022961.047999999,0.04499324374061206
2,heldout,lowrank3_pchip,3,3,49,12022961.047999999,0.04643576694651972
2,heldout,raw_pchip,0,3,51,12030232.037714286,-0.06550611783441701
2,heldout,lowrank3_pchip,3,3,51,12030232.037714286,-0.07222687169040648
2,heldout,raw_pchip,0,3,52,12033766.765714286,-0.019984835540061297
2,heldout,lowrank3_pchip,3,3,52,12033766.765714286,-0.06283433268651129
2,heldout,raw_pchip,0,3,54,12041036.292058824,0.032035553487735055
2,heldout,lowrank3_pchip,3,3,54,12041036.292058824,-0.05779835806402504
2,heldout,raw_pchip,0,3,55,12044571.493714284,0.05184653787051668
2,heldout,lowrank3_pchip,3,3,55,12044571.493714284,-0.02867199719490074
2,heldout,raw_pchip,0,3,57,12051841.103235293,0.013530178199306868
2,heldout,lowrank3_pchip,3,3,57,12051841.103235293,-0.022108457491182783
2,heldout,raw_pchip,0,3,58,12055374.859705882,0.023490183800346575
2,heldout,lowrank3_pchip,3,3,58,12055374.859705882,0.018286338749547253
2,heldout,raw_pchip,0,3,60,12062646.376857143,-0.07577621991104282
2,heldout,lowrank3_pchip,3,3,60,12062646.376857143,-0.061107778259188665
2,heldout,raw_pchip,0,3,61,12066179.612941176,-0.0651853394100944
2,heldout,lowrank3_pchip,3,3,61,12066179.612941176,-0.0579088718852931
2,heldout,raw_pchip,0,3,63,12073452.05542857,-0.11899372358558698
2,heldout,lowrank3_pchip,3,3,63,12073452.05542857,-0.1272214963885717
2,heldout,raw_pchip,0,3,64,12076985.299999999,0.011836426550434827
2,heldout,lowrank3_pchip,3,3,64,12076985.299999999,-0.021475832245433278
2,heldout,raw_pchip,0,3,66,12084257.269705882,0.012818540854537245
2,heldout,lowrank3_pchip,3,3,66,12084257.269705882,-0.038522958026037724
2,heldout,raw_pchip,0,3,67,12087790.063529411,-0.02649916324578579
2,heldout,lowrank3_pchip,3,3,67,12087790.063529411,-0.06818194527612625
2,heldout,raw_pchip,0,3,69,12095060.135882355,-0.05525070011710189
2,heldout,lowrank3_pchip,3,3,69,12095060.135882355,-0.07606165436356346
2,heldout,raw_pchip,0,3,70,12096623.247058824,-0.013768494884573695
2,heldout,lowrank3_pchip,3,3,70,12096623.247058824,-0.011479775376450774
2,heldout,raw_pchip,0,3,72,12103758.055142855,0.04956850668087978
2,heldout,lowrank3_pchip,3,3,72,12103758.055142855,0.0736390820499352
2,heldout,raw_pchip,0,3,73,12107426.994705882,0.06105795085523055
2,heldout,lowrank3_pchip,3,3,73,12107426.994705882,0.07240439437992613
2,heldout,raw_pchip,0,3,75,12114563.282941176,-0.00605009096475888
2,heldout,lowrank3_pchip,3,3,75,12114563.282941176,-0.004821419917531869
2,heldout,raw_pchip,0,3,76,12118232.213142857,-0.025023520610677447
2,heldout,lowrank3_pchip,3,3,76,12118232.213142857,-0.038601818784568795
2,heldout,raw_pchip,0,3,78,12125368.49857143,0.13876744960796752
2,heldout,lowrank3_pchip,3,3,78,12125368.49857143,0.14076772622126615
2,heldout,raw_pchip,0,3,79,12129036.457352942,0.062134760341595804
2,heldout,lowrank3_pchip,3,3,79,12129036.457352942,0.08650142231346634
2,heldout,raw_pchip,0,3,81,12136172.267142856,0.013253651928005582
2,heldout,lowrank3_pchip,3,3,81,12136172.267142856,0.05540175033119236
2,heldout,raw_pchip,0,3,82,12139842.683714287,-0.0011894772974872755
2,heldout,lowrank3_pchip,3,3,82,12139842.683714287,0.04271306133167351
2,heldout,raw_pchip,0,3,84,12146977.002857143,-0.03792155318940489
2,heldout,lowrank3_pchip,3,3,84,12146977.002857143,0.005402721197699451
2,heldout,raw_pchip,0,3,85,12150645.93382353,-0.055855111497612825
2,heldout,lowrank3_pchip,3,3,85,12150645.93382353,-0.028932016048089457
2,heldout,raw_pchip,0,3,87,12157782.691142859,0.007568930560989443
2,heldout,lowrank3_pchip,3,3,87,12157782.691142859,0.021368931257973553
2,heldout,raw_pchip,0,3,88,12161450.64235294,0.005413793826168428
2,heldout,lowrank3_pchip,3,3,88,12161450.64235294,0.01253871650867215
2,heldout,raw_pchip,0,3,90,12168586.384,-0.03592570266429893
2,heldout,lowrank3_pchip,3,3,90,12168586.384,-0.019238044716814912
2,heldout,raw_pchip,0,3,91,12172256.788285714,0.041069144323958015
2,heldout,lowrank3_pchip,3,3,91,12172256.788285714,0.07598792531566621
2,heldout,raw_pchip,0,3,93,12179390.67147059,-0.039114084336431244
2,heldout,lowrank3_pchip,3,3,93,12179390.67147059,-0.0062495583804860365
2,heldout,raw_pchip,0,3,94,12183060.582571428,0.0690875652174376
2,heldout,lowrank3_pchip,3,3,94,12183060.582571428,0.061713692163654216
2,heldout,raw_pchip,0,3,96,12190196.377777778,0.006228388920865424
2,heldout,lowrank3_pchip,3,3,96,12190196.377777778,-0.0256233155413165
2,heldout,raw_pchip,0,3,97,12193865.865,-0.0003355133702696883
2,heldout,lowrank3_pchip,3,3,97,12193865.865,-0.017496342742761576
2,heldout,raw_pchip,0,3,99,12201001.628285715,0.09205596076919895
2,heldout,lowrank3_pchip,3,3,99,12201001.628285715,0.08876664832868236
2,heldout,raw_pchip,0,3,100,12204669.602647059,0.15917194826712505
2,heldout,lowrank3_pchip,3,3,100,12204669.602647059,0.15783884779455376
2,heldout,raw_pchip,0,3,102,12211804.916764708,-0.1256971797592263
2,heldout,lowrank3_pchip,3,3,102,12211804.916764708,-0.11767385368423673
2,heldout,raw_pchip,0,3,103,12215475.780571429,-0.13628703544543963
2,heldout,lowrank3_pchip,3,3,103,12215475.780571429,-0.11677798148576746
2,heldout,raw_pchip,0,3,105,12222609.658529412,-0.07909636987318394
2,heldout,lowrank3_pchip,3,3,105,12222609.658529412,-0.052312571665858745
2,heldout,raw_pchip,0,3,106,12226279.581999999,0.023825677887594272
2,heldout,lowrank3_pchip,3,3,106,12226279.581999999,0.04343387374998695
2,heldout,raw_pchip,0,3,108,12233414.39,0.023515388326700186
2,heldout,lowrank3_pchip,3,3,108,12233414.39,0.03619420483253319
2,heldout,raw_pchip,0,3,109,12237084.774117647,-0.0033686872329462365
2,heldout,lowrank3_pchip,3,3,109,12237084.774117647,0.017698435656827913
2,heldout,raw_pchip,0,3,111,12244220.585142858,-0.055395634938469905
2,heldout,lowrank3_pchip,3,3,111,12244220.585142858,-0.03905180984080989
2,heldout,raw_pchip,0,3,112,12247888.113999998,0.024760012292050344
2,heldout,lowrank3_pchip,3,3,112,12247888.113999998,0.027585705946379938
2,heldout,raw_pchip,0,3,114,12255023.916176472,0.006170272529353118
2,heldout,lowrank3_pchip,3,3,114,12255023.916176472,0.0026952896481581626
2,heldout,raw_pchip,0,3,115,12258694.317222219,-0.01997314833699817
2,heldout,lowrank3_pchip,3,3,115,12258694.317222219,-0.030615644248888428
2,heldout,raw_pchip,0,3,117,12265828.654411765,0.054114941931778175
2,heldout,lowrank3_pchip,3,3,117,12265828.654411765,0.020403609347560282
2,heldout,raw_pchip,0,3,118,12269499.507714285,0.13105548176995038
2,heldout,lowrank3_pchip,3,3,118,12269499.507714285,0.07709867839219829
2,heldout,raw_pchip,0,3,120,12276633.854000002,-0.05088883807447254
2,heldout,lowrank3_pchip,3,3,120,12276633.854000002,-0.05302269428451938
2,heldout,raw_pchip,0,3,121,12280304.279428571,-0.03506734720821353
2,heldout,lowrank3_pchip,3,3,121,12280304.279428571,-0.029008452361998477
2,heldout,raw_pchip,0,3,123,12287439.102058824,-0.06091303877238612
2,heldout,lowrank3_pchip,3,3,123,12287439.102058824,-0.031194963766767787
2,heldout,raw_pchip,0,3,124,12291108.040285714,0.023719627706225693
2,heldout,lowrank3_pchip,3,3,124,12291108.040285714,-0.0030566042016221618
2,heldout,raw_pchip,0,3,126,12298243.344571427,0.052708086973599105
2,heldout,lowrank3_pchip,3,3,126,12298243.344571427,0.00815389667765114
2,heldout,raw_pchip,0,3,127,12301913.713428572,0.07374408833141158
2,heldout,lowrank3_pchip,3,3,127,12301913.713428572,0.05428665074821442
2,heldout,raw_pchip,0,3,129,12309048.100571427,0.026085557033503924
2,heldout,lowrank3_pchip,3,3,129,12309048.100571427,0.0029871043441496176
2,heldout,raw_pchip,0,3,130,12312718.49742857,-0.004690581983685183
2,heldout,lowrank3_pchip,3,3,130,12312718.49742857,-0.03932080185277929
2,heldout,raw_pchip,0,3,132,12319853.34611111,0.05530639453319811
2,heldout,lowrank3_pchip,3,3,132,12319853.34611111,0.030848977488605718
2,heldout,raw_pchip,0,3,133,12323521.782647058,-0.039498570208723854
2,heldout,lowrank3_pchip,3,3,133,12323521.782647058,-0.04336820386091909
2,heldout,raw_pchip,0,3,135,12330658.07647059,0.017932467413435883
2,heldout,lowrank3_pchip,3,3,135,12330658.07647059,0.009384883890891246
2,heldout,raw_pchip,0,3,136,12334327.059714288,0.07010307179979691
2,heldout,lowrank3_pchip,3,3,136,12334327.059714288,0.0468713462725944
2,heldout,raw_pchip,0,3,138,12341462.348,0.0764465058538504
2,heldout,lowrank3_pchip,3,3,138,12341462.348,0.038418118115634156
2,heldout,raw_pchip,0,3,139,12345131.287058821,-0.006381304307186703
2,heldout,lowrank3_pchip,3,3,139,12345131.287058821,-0.04176953572899213
2,heldout,raw_pchip,0,3,141,12352266.660294117,0.09504801766194071
2,heldout,lowrank3_pchip,3,3,141,12352266.660294117,0.03724873756454707
2,heldout,raw_pchip,0,3,142,12355937.550571427,0.1076749412463941
2,heldout,lowrank3_pchip,3,3,142,12355937.550571427,0.019044911207095852
2,heldout,raw_pchip,0,3,144,12364146.72235294,-0.13090528664934137
2,heldout,lowrank3_pchip,3,3,144,12364146.72235294,-0.19389677084846837
2,heldout,raw_pchip,0,3,145,12367680.468235295,-0.018484591118096402
2,heldout,lowrank3_pchip,3,3,145,12367680.468235295,-0.08372087598070968
2,heldout,raw_pchip,0,3,147,12374951.466176469,0.10423259864670255
2,heldout,lowrank3_pchip,3,3,147,12374951.466176469,0.0993807149829898
2,heldout,raw_pchip,0,3,148,12378486.167058825,0.047439343436935635
2,heldout,lowrank3_pchip,3,3,148,12378486.167058825,0.022632295263549863
2,heldout,raw_pchip,0,3,150,12385757.648285715,0.05663365761422533
2,heldout,lowrank3_pchip,3,3,150,12385757.648285715,0.013063758969080179
2,heldout,raw_pchip,0,3,151,12389290.40057143,-0.09804321800956156
2,heldout,lowrank3_pchip,3,3,151,12389290.40057143,-0.19642830960788693
2,heldout,raw_pchip,0,3,153,12396561.387428572,0.06577992229241807
2,heldout,lowrank3_pchip,3,3,153,12396561.387428572,-0.05502828582286988
2,heldout,raw_pchip,0,3,154,12400094.615882352,-0.036233511556430585
2,heldout,lowrank3_pchip,3,3,154,12400094.615882352,-0.14760063593089376
2,heldout,raw_pchip,0,6,1,11850084.612941176,0.011216993736370534
2,heldout,lowrank3_pchip,3,6,1,11850084.612941176,0.14436442475228917
2,heldout,raw_pchip,0,6,2,11853687.672,0.09822375738535044
2,heldout,lowrank3_pchip,3,6,2,11853687.672,0.21902828990413922
2,heldout,raw_pchip,0,6,3,11857356.149142856,0.10523524037733581
2,heldout,lowrank3_pchip,3,6,3,11857356.149142856,0.21216305037653468
2,heldout,raw_pchip,0,6,4,11860889.428823529,0.11058055482306559
2,heldout,lowrank3_pchip,3,6,4,11860889.428823529,0.20330026146005442
2,heldout,raw_pchip,0,6,5,11864491.993529411,0.03993550881248467
2,heldout,lowrank3_pchip,3,6,5,11864491.993529411,0.11073772199828102
2,heldout,raw_pchip,0,6,7,11871695.61714286,0.07845643394228954
2,heldout,lowrank3_pchip,3,6,7,11871695.61714286,0.1420833088423399
2,heldout,raw_pchip,0,6,8,11875295.744117647,-0.014533617411644877
2,heldout,lowrank3_pchip,3,6,8,11875295.744117647,0.03772262258421103
2,heldout,raw_pchip,0,6,9,11878965.629142856,0.032846373478840785
2,heldout,lowrank3_pchip,3,6,9,11878965.629142856,0.07418740894690248
2,heldout,raw_pchip,0,6,10,11882499.378857143,-0.036215949761531176
2,heldout,lowrank3_pchip,3,6,10,11882499.378857143,0.0037618013696716955
2,heldout,raw_pchip,0,6,11,11886100.471470585,0.010045957050089822
2,heldout,lowrank3_pchip,3,6,11,11886100.471470585,0.029987614807461586
2,heldout,raw_pchip,0,6,13,11893304.126285715,-0.013828963409297715
2,heldout,lowrank3_pchip,3,6,13,11893304.126285715,-0.0001893431933337121
2,heldout,raw_pchip,0,6,14,11896906.631142857,0.020339822222354746
2,heldout,lowrank3_pchip,3,6,14,11896906.631142857,0.0234202299125612
2,heldout,raw_pchip,0,6,15,11900573.641764706,0.06595111528263022
2,heldout,lowrank3_pchip,3,6,15,11900573.641764706,0.07319690655646836
2,heldout,raw_pchip,0,6,16,11904109.791714286,0.0775905935227677
2,heldout,lowrank3_pchip,3,6,16,11904109.791714286,0.08901772936718333
2,heldout,raw_pchip,0,6,17,11907709.925294116,0.04753366742154782
2,heldout,lowrank3_pchip,3,6,17,11907709.925294116,0.040016155782493706
2,heldout,raw_pchip,0,6,19,11914914.03764706,0.04738392073876865
2,heldout,lowrank3_pchip,3,6,19,11914914.03764706,0.04779787348595457
2,heldout,raw_pchip,0,6,20,11918515.142571429,0.03961435238207881
2,heldout,lowrank3_pchip,3,6,20,11918515.142571429,0.04962347706404741
2,heldout,raw_pchip,0,6,21,11922185.065588234,-0.015903591889600128
2,heldout,lowrank3_pchip,3,6,21,11922185.065588234,0.012861185262489113
2,heldout,raw_pchip,0,6,22,11925718.333714286,-0.09467058305559019
2,heldout,lowrank3_pchip,3,6,22,11925718.333714286,-0.04206477556838353
2,heldout,raw_pchip,0,6,23,11929319.942000002,-0.03800575722246866
2,heldout,lowrank3_pchip,3,6,23,11929319.942000002,0.04413852585935931
2,heldout,raw_pchip,0,6,25,11936522.600882353,-0.054220041944505075
2,heldout,lowrank3_pchip,3,6,25,11936522.600882353,0.040373891011412706
2,heldout,raw_pchip,0,6,26,11940125.16647059,0.09444557898197209
2,heldout,lowrank3_pchip,3,6,26,11940125.16647059,0.1605666514908412
2,heldout,raw_pchip,0,6,27,11943793.66382353,-0.04150922106897385
2,heldout,lowrank3_pchip,3,6,27,11943793.66382353,-0.015072675011483608
2,heldout,raw_pchip,0,6,28,11947328.37611111,-0.0643315132745895
2,heldout,lowrank3_pchip,3,6,28,11947328.37611111,-0.07672623908519961
2,heldout,raw_pchip,0,6,29,11950930.41542857,0.0734991617080563
2,heldout,lowrank3_pchip,3,6,29,11950930.41542857,0.03534406667155294
2,heldout,raw_pchip,0,6,31,11958133.073529411,-0.14386859971399973
2,heldout,lowrank3_pchip,3,6,31,11958133.073529411,-0.19320214253696086
2,heldout,raw_pchip,0,6,32,11961733.694705883,-0.2016216802913017
2,heldout,lowrank3_pchip,3,6,32,11961733.694705883,-0.20175056266447056
2,heldout,raw_pchip,0,6,33,11965404.596285712,-0.19428091335198724
2,heldout,lowrank3_pchip,3,6,33,11965404.596285712,-0.1743096166756557
2,heldout,raw_pchip,0,6,34,11968936.872058824,-0.05957076315468227
2,heldout,lowrank3_pchip,3,6,34,11968936.872058824,-0.01752206428000283
2,heldout,raw_pchip,0,6,35,11972538.414411766,-0.10888187474961565
2,heldout,lowrank3_pchip,3,6,35,11972538.414411766,-0.06244315067165854
2,heldout,raw_pchip,0,6,37,11979741.570588237,-0.00948928338904093
2,heldout,lowrank3_pchip,3,6,37,11979741.570588237,0.03342681207690476
2,heldout,raw_pchip,0,6,38,11983344.594857143,-0.04448109986778866
2,heldout,lowrank3_pchip,3,6,38,11983344.594857143,-0.012368778994898294
2,heldout,raw_pchip,0,6,39,11987011.597058823,-0.12432258941953792
2,heldout,lowrank3_pchip,3,6,39,11987011.597058823,-0.10875903462923671
2,heldout,raw_pchip,0,6,40,11990547.260294119,-0.03784186885986061
2,heldout,lowrank3_pchip,3,6,40,11990547.260294119,-0.03906045113436258
2,heldout,raw_pchip,0,6,41,11994147.885294119,0.016755581426599272
2,heldout,lowrank3_pchip,3,6,41,11994147.885294119,-0.00886641506233391
2,heldout,raw_pchip,0,6,43,12001352.017058823,0.04380086280494244
2,heldout,lowrank3_pchip,3,6,43,12001352.017058823,0.01156445462227266
2,heldout,raw_pchip,0,6,44,12004953.079714285,0.004282677240526873
2,heldout,lowrank3_pchip,3,6,44,12004953.079714285,-0.02367639285092023
2,heldout,raw_pchip,0,6,45,12008623.025588235,-0.0018767617373067818
2,heldout,lowrank3_pchip,3,6,45,12008623.025588235,-0.022694866947053208
2,heldout,raw_pchip,0,6,46,12012156.266571429,-0.062475896693362926
2,heldout,lowrank3_pchip,3,6,46,12012156.266571429,-0.07500597347317016
2,heldout,raw_pchip,0,6,47,12015758.35388889,-0.0782118667564397
2,heldout,lowrank3_pchip,3,6,47,12015758.35388889,-0.08486907475340312
2,heldout,raw_pchip,0,6,49,12022961.047999999,-0.0126840606740855
2,heldout,lowrank3_pchip,3,6,49,12022961.047999999,-0.023788965745840496
2,heldout,raw_pchip,0,6,50,12026563.594571428,-0.04299865244088935
2,heldout,lowrank3_pchip,3,6,50,12026563.594571428,-0.060118471497056056
2,heldout,raw_pchip,0,6,51,12030232.037714286,-0.08851995128143686
2,heldout,lowrank3_pchip,3,6,51,12030232.037714286,-0.11338018536952729
2,heldout,raw_pchip,0,6,52,12033766.765714286,-0.038543448735953625
2,heldout,lowrank3_pchip,3,6,52,12033766.765714286,-0.06251835154817967
2,heldout,raw_pchip,0,6,53,12037366.84617647,-0.017932463161274653
2,heldout,lowrank3_pchip,3,6,53,12037366.84617647,-0.041095142380255724
2,heldout,raw_pchip,0,6,55,12044571.493714284,0.015237992621571942
2,heldout,lowrank3_pchip,3,6,55,12044571.493714284,-0.03773907195839668
2,heldout,raw_pchip,0,6,56,12048171.637058824,-0.04197243468153621
2,heldout,lowrank3_pchip,3,6,56,12048171.637058824,-0.0836288449185259
2,heldout,raw_pchip,0,6,57,12051841.103235293,0.024682838471803508
2,heldout,lowrank3_pchip,3,6,57,12051841.103235293,-0.03625685744473202
2,heldout,raw_pchip,0,6,58,12055374.859705882,0.06638542734881582
2,heldout,lowrank3_pchip,3,6,58,12055374.859705882,0.008626660547413083
2,heldout,raw_pchip,0,6,59,12058976.944285717,0.07503064276781694
2,heldout,lowrank3_pchip,3,6,59,12058976.944285717,0.013961073623441896
2,heldout,raw_pchip,0,6,61,12066179.612941176,0.009104621046971163
2,heldout,lowrank3_pchip,3,6,61,12066179.612941176,-0.04259790685001741
2,heldout,raw_pchip,0,6,62,12069782.658571428,0.05612410152118914
2,heldout,lowrank3_pchip,3,6,62,12069782.658571428,0.009623889053190521
2,heldout,raw_pchip,0,6,63,12073452.05542857,-0.08158118376078921
2,heldout,lowrank3_pchip,3,6,63,12073452.05542857,-0.10958633930307683
2,heldout,raw_pchip,0,6,64,12076985.299999999,0.025758855686870186
2,heldout,lowrank3_pchip,3,6,64,12076985.299999999,-0.012167126427322697
2,heldout,raw_pchip,0,6,65,12080586.375714287,-0.004535895759199744
2,heldout,lowrank3_pchip,3,6,65,12080586.375714287,-0.038832316053313116
2,heldout,raw_pchip,0,6,67,12087790.063529411,-0.03908892568923046
2,heldout,lowrank3_pchip,3,6,67,12087790.063529411,-0.0668007093603373
2,heldout,raw_pchip,0,6,68,12091391.159142857,-0.058440782577559726
2,heldout,lowrank3_pchip,3,6,68,12091391.159142857,-0.08172107496606805
2,heldout,raw_pchip,0,6,69,12095060.135882355,-0.10581237430189926
2,heldout,lowrank3_pchip,3,6,69,12095060.135882355,-0.12427771621135068
2,heldout,raw_pchip,0,6,70,12096623.247058824,-0.04694606886508094
2,heldout,lowrank3_pchip,3,6,70,12096623.247058824,-0.06434354228543089
2,heldout,raw_pchip,0,6,71,12100156.965588234,-0.023987765744120055
2,heldout,lowrank3_pchip,3,6,71,12100156.965588234,-0.03305034728199605
2,heldout,raw_pchip,0,6,73,12107426.994705882,-0.01388636717353079
2,heldout,lowrank3_pchip,3,6,73,12107426.994705882,-0.016571885119189993
2,heldout,raw_pchip,0,6,74,12110960.729117647,-0.09737324483185092
2,heldout,lowrank3_pchip,3,6,74,12110960.729117647,-0.07785715487461965
2,heldout,raw_pchip,0,6,75,12114563.282941176,-0.10712689577712595
2,heldout,lowrank3_pchip,3,6,75,12114563.282941176,-0.05869174345848868
2,heldout,raw_pchip,0,6,76,12118232.213142857,-0.17723577621978792
2,heldout,lowrank3_pchip,3,6,76,12118232.213142857,-0.09438361968633027
2,heldout,raw_pchip,0,6,77,12121765.470588233,-0.1599841624239878
2,heldout,lowrank3_pchip,3,6,77,12121765.470588233,-0.05647497608256494
2,heldout,raw_pchip,0,6,79,12129036.457352942,-0.03362661434311765
2,heldout,lowrank3_pchip,3,6,79,12129036.457352942,0.07102143080635154
2,heldout,raw_pchip,0,6,80,12132571.164411766,-0.055481695789952316
2,heldout,lowrank3_pchip,3,6,80,12132571.164411766,0.030869818870063626
2,heldout,raw_pchip,0,6,81,12136172.267142856,-0.00796695185391164
2,heldout,lowrank3_pchip,3,6,81,12136172.267142856,0.056325996380640696
2,heldout,raw_pchip,0,6,82,12139842.683714287,0.01614925788403081
2,heldout,lowrank3_pchip,3,6,82,12139842.683714287,0.05564390379885808
2,heldout,raw_pchip,0,6,83,12143375.924705882,0.03660704619954146
2,heldout,lowrank3_pchip,3,6,83,12143375.924705882,0.05190241785535955
2,heldout,raw_pchip,0,6,85,12150645.93382353,-0.02625295461684608
2,heldout,lowrank3_pchip,3,6,85,12150645.93382353,-0.020401417444858343
2,heldout,raw_pchip,0,6,86,12154179.667058824,0.04359462441124777
2,heldout,lowrank3_pchip,3,6,86,12154179.667058824,0.031270266774221206
2,heldout,raw_pchip,0,6,87,12157782.691142859,0.031232962423565977
2,heldout,lowrank3_pchip,3,6,87,12157782.691142859,0.028969380141090306
2,heldout,raw_pchip,0,6,88,12161450.64235294,0.020367378025879995
2,heldout,lowrank3_pchip,3,6,88,12161450.64235294,0.013115296831816746
2,heldout,raw_pchip,0,6,89,12164985.314166665,0.010837839069136693
2,heldout,lowrank3_pchip,3,6,89,12164985.314166665,-0.002142030775872051
2,heldout,raw_pchip,0,6,91,12172256.788285714,0.105568410977473
2,heldout,lowrank3_pchip,3,6,91,12172256.788285714,0.08375104730100888
2,heldout,raw_pchip,0,6,92,12175790.035882352,0.08151625075823273
2,heldout,lowrank3_pchip,3,6,92,12175790.035882352,0.06805570150371876
2,heldout,raw_pchip,0,6,93,12179390.67147059,0.02718798187684362
2,heldout,lowrank3_pchip,3,6,93,12179390.67147059,0.02701232426067
2,heldout,raw_pchip,0,6,94,12183060.582571428,0.0893836404762551
2,heldout,lowrank3_pchip,3,6,94,12183060.582571428,0.10198765524795098
2,heldout,raw_pchip,0,6,95,12186594.296571428,-0.013717795080713191
2,heldout,lowrank3_pchip,3,6,95,12186594.296571428,0.01857287076193738
2,heldout,raw_pchip,0,6,97,12193865.865,0.028105351908916776
2,heldout,lowrank3_pchip,3,6,97,12193865.865,0.030731538221503544
2,heldout,raw_pchip,0,6,98,12197399.116857145,0.056475460735980504
2,heldout,lowrank3_pchip,3,6,98,12197399.116857145,0.057229632305267224
2,heldout,raw_pchip,0,6,99,12201001.628285715,0.17610106308507453
2,heldout,lowrank3_pchip,3,6,99,12201001.628285715,0.14481248262905647
2,heldout,raw_pchip,0,6,100,12204669.602647059,0.2599523541498357
2,heldout,lowrank3_pchip,3,6,100,12204669.602647059,0.20997435257241687
2,heldout,raw_pchip,0,6,101,12208204.77542857,0.1179201931611438
2,heldout,lowrank3_pchip,3,6,101,12208204.77542857,0.07342903700967482
2,heldout,raw_pchip,0,6,103,12215475.780571429,-0.025639307086195197
2,heldout,lowrank3_pchip,3,6,103,12215475.780571429,-0.08138502015382956
2,heldout,raw_pchip,0,6,104,12219009.526857143,0.04975346349926032
2,heldout,lowrank3_pchip,3,6,104,12219009.526857143,0.010611360645961937
2,heldout,raw_pchip,0,6,105,12222609.658529412,-0.06587721269990253
2,heldout,lowrank3_pchip,3,6,105,12222609.658529412,-0.08019764281462652
2,heldout,raw_pchip,0,6,106,12226279.581999999,0.04035417496543053
2,heldout,lowrank3_pchip,3,6,106,12226279.581999999,0.04689305403702066
2,heldout,raw_pchip,0,6,107,12229812.830294117,0.0006739005631755638
2,heldout,lowrank3_pchip,3,6,107,12229812.830294117,0.023503567461554263
2,heldout,raw_pchip,0,6,109,12237084.774117647,-0.012290695868742974
2,heldout,lowrank3_pchip,3,6,109,12237084.774117647,0.015081035143016591
2,heldout,raw_pchip,0,6,110,12240617.558235295,-0.027784490275632276
2,heldout,lowrank3_pchip,3,6,110,12240617.558235295,0.021691635886853092
2,heldout,raw_pchip,0,6,111,12244220.585142858,-0.060814873856554465
2,heldout,lowrank3_pchip,3,6,111,12244220.585142858,-0.0383956221612971
2,heldout,raw_pchip,0,6,112,12247888.113999998,0.007226162373823893
2,heldout,lowrank3_pchip,3,6,112,12247888.113999998,0.023941067857755842
2,heldout,raw_pchip,0,6,113,12251423.785142856,-0.013203120024188837
2,heldout,lowrank3_pchip,3,6,113,12251423.785142856,-0.0012026107378559356
2,heldout,raw_pchip,0,6,115,12258694.317222219,0.0022257908212164
2,heldout,lowrank3_pchip,3,6,115,12258694.317222219,0.0030162301637045186
2,heldout,raw_pchip,0,6,116,12262228.03735294,0.059385747337375186
2,heldout,lowrank3_pchip,3,6,116,12262228.03735294,0.05741455356551377
2,heldout,raw_pchip,0,6,117,12265828.654411765,0.10173033011268723
2,heldout,lowrank3_pchip,3,6,117,12265828.654411765,0.09417198796790748
2,heldout,raw_pchip,0,6,118,12269499.507714285,0.12257602179712325
2,heldout,lowrank3_pchip,3,6,118,12269499.507714285,0.09326768873665842
2,heldout,raw_pchip,0,6,119,12273032.298571426,0.0012734733714301056
2,heldout,lowrank3_pchip,3,6,119,12273032.298571426,-0.025663639057644343
2,heldout,raw_pchip,0,6,121,12280304.279428571,0.03435668715109065
2,heldout,lowrank3_pchip,3,6,121,12280304.279428571,0.004067796392137238
2,heldout,raw_pchip,0,6,122,12283836.543529412,0.09767462375330371
2,heldout,lowrank3_pchip,3,6,122,12283836.543529412,0.0650753105965514
2,heldout,raw_pchip,0,6,123,12287439.102058824,0.002386213697746879
2,heldout,lowrank3_pchip,3,6,123,12287439.102058824,-0.03027800438301863
2,heldout,raw_pchip,0,6,124,12291108.040285714,-0.018060742949670264
2,heldout,lowrank3_pchip,3,6,124,12291108.040285714,-0.050209614448116016
2,heldout,raw_pchip,0,6,125,12294642.725428572,-0.10277720895262295
2,heldout,lowrank3_pchip,3,6,125,12294642.725428572,-0.13312806263146312
2,heldout,raw_pchip,0,6,127,12301913.713428572,0.11372176272463523
2,heldout,lowrank3_pchip,3,6,127,12301913.713428572,0.09014901227256969
2,heldout,raw_pchip,0,6,128,12305446.97764706,0.06616788369066424
2,heldout,lowrank3_pchip,3,6,128,12305446.97764706,0.053481282337832316
2,heldout,raw_pchip,0,6,129,12309048.100571427,0.0698490625498172
2,heldout,lowrank3_pchip,3,6,129,12309048.100571427,0.07372681299530222
2,heldout,raw_pchip,0,6,130,12312718.49742857,-0.002272099408035509
2,heldout,lowrank3_pchip,3,6,130,12312718.49742857,0.0135960768267744
2,heldout,raw_pchip,0,6,131,12316250.755588235,-0.029382842727663273
2,heldout,lowrank3_pchip,3,6,131,12316250.755588235,-0.0051176291747742405
2,heldout,raw_pchip,0,6,133,12323521.782647058,-0.10639681291985235
2,heldout,lowrank3_pchip,3,6,133,12323521.782647058,-0.07695149896969902
2,heldout,raw_pchip,0,6,134,12327055.527352942,-0.07514025330423235
2,heldout,lowrank3_pchip,3,6,134,12327055.527352942,-0.043590064959699616
2,heldout,raw_pchip,0,6,135,12330658.07647059,-0.06348034333487312
2,heldout,lowrank3_pchip,3,6,135,12330658.07647059,-0.029047816175724956
2,heldout,raw_pchip,0,6,136,12334327.059714288,-0.01634525435086987
2,heldout,lowrank3_pchip,3,6,136,12334327.059714288,0.021234064990118772
2,heldout,raw_pchip,0,6,137,12337861.275882352,-0.08263358906244739
2,heldout,lowrank3_pchip,3,6,137,12337861.275882352,-0.04288739628915651
2,heldout,raw_pchip,0,6,139,12345131.287058821,-0.04642521016857353
2,heldout,lowrank3_pchip,3,6,139,12345131.287058821,-0.013396660300348808
2,heldout,raw_pchip,0,6,140,12348666.010294117,0.012602644495259514
2,heldout,lowrank3_pchip,3,6,140,12348666.010294117,0.03694613699738356
2,heldout,raw_pchip,0,6,141,12352266.660294117,0.14026261038280222
2,heldout,lowrank3_pchip,3,6,141,12352266.660294117,0.1455211378248373
2,heldout,raw_pchip,0,6,142,12355937.550571427,0.15736283775499543
2,heldout,lowrank3_pchip,3,6,142,12355937.550571427,0.13981270575096194
2,heldout,raw_pchip,0,6,143,12359470.295714285,0.08768839119093877
2,heldout,lowrank3_pchip,3,6,143,12359470.295714285,0.05559567859266269
2,heldout,raw_pchip,0,6,145,12367680.468235295,0.08241858522009125
2,heldout,lowrank3_pchip,3,6,145,12367680.468235295,-0.021693825898866426
2,heldout,raw_pchip,0,6,146,12371282.983235294,0.05305257219783049
2,heldout,lowrank3_pchip,3,6,146,12371282.983235294,-0.05597644370313176
2,heldout,raw_pchip,0,6,147,12374951.466176469,0.1386114870953929
2,heldout,lowrank3_pchip,3,6,147,12374951.466176469,0.037380290761856144
2,heldout,raw_pchip,0,6,148,12378486.167058825,0.14903631103286635
2,heldout,lowrank3_pchip,3,6,148,12378486.167058825,0.04194713351575597
2,heldout,raw_pchip,0,6,149,12382087.253999999,0.1133235373948207
2,heldout,lowrank3_pchip,3,6,149,12382087.253999999,0.030672454052724677
2,heldout,raw_pchip,0,6,151,12389290.40057143,-0.37471924259189643
2,heldout,lowrank3_pchip,3,6,151,12389290.40057143,-0.4654468060150231
2,heldout,raw_pchip,0,6,152,12392891.956285713,-0.3412354158421719
2,heldout,lowrank3_pchip,3,6,152,12392891.956285713,-0.425205376665274
2,heldout,raw_pchip,0,6,153,12396561.387428572,-0.30977457877900566
2,heldout,lowrank3_pchip,3,6,153,12396561.387428572,-0.3703284869724413
2,heldout,raw_pchip,0,6,154,12400094.615882352,-0.299115397931984
2,heldout,lowrank3_pchip,3,6,154,12400094.615882352,-0.3821304588788868
2,heldout,raw_pchip,0,6,155,12403697.672,-0.14438065635651573
2,heldout,lowrank3_pchip,3,6,155,12403697.672,-0.22454968864461827
2,heldout,raw_pchip,0,6,2,11853687.672,0.06132260341737026
2,heldout,lowrank3_pchip,3,6,2,11853687.672,0.19262816755895415
2,heldout,raw_pchip,0,6,3,11857356.149142856,0.048860986783138105
2,heldout,lowrank3_pchip,3,6,3,11857356.149142856,0.20460297088725288
2,heldout,raw_pchip,0,6,4,11860889.428823529,0.035253652743523524
2,heldout,lowrank3_pchip,3,6,4,11860889.428823529,0.20988276563684036
2,heldout,raw_pchip,0,6,5,11864491.993529411,-0.05476569856621893
2,heldout,lowrank3_pchip,3,6,5,11864491.993529411,0.12804555363760936
2,heldout,raw_pchip,0,6,6,11868160.443235295,-0.07699721271410695
2,heldout,lowrank3_pchip,3,6,6,11868160.443235295,0.09968676680192443
2,heldout,raw_pchip,0,6,8,11875295.744117647,-0.10904292668474692
2,heldout,lowrank3_pchip,3,6,8,11875295.744117647,0.029801678670340035
2,heldout,raw_pchip,0,6,9,11878965.629142856,-0.05664084970148371
2,heldout,lowrank3_pchip,3,6,9,11878965.629142856,0.050556042971683826
2,heldout,raw_pchip,0,6,10,11882499.378857143,-0.10666494015428313
2,heldout,lowrank3_pchip,3,6,10,11882499.378857143,-0.030023714207964
2,heldout,raw_pchip,0,6,11,11886100.471470585,-0.047214077669673206
2,heldout,lowrank3_pchip,3,6,11,11886100.471470585,0.011453147254412573
2,heldout,raw_pchip,0,6,12,11889769.907058822,-0.023563396358553666
2,heldout,lowrank3_pchip,3,6,12,11889769.907058822,0.010938451172396233
2,heldout,raw_pchip,0,6,14,11896906.631142857,0.024583249057051934
2,heldout,lowrank3_pchip,3,6,14,11896906.631142857,0.027439864128091858
2,heldout,raw_pchip,0,6,15,11900573.641764706,0.06884689049326774
2,heldout,lowrank3_pchip,3,6,15,11900573.641764706,0.0707723521784637
2,heldout,raw_pchip,0,6,16,11904109.791714286,0.05708130322811844
2,heldout,lowrank3_pchip,3,6,16,11904109.791714286,0.08371265507028694
2,heldout,raw_pchip,0,6,17,11907709.925294116,-0.009248322259070515
2,heldout,lowrank3_pchip,3,6,17,11907709.925294116,0.03585380024671637
2,heldout,raw_pchip,0,6,18,11911379.832571428,-0.05056763817500275
2,heldout,lowrank3_pchip,3,6,18,11911379.832571428,0.005975210143119975
2,heldout,raw_pchip,0,6,20,11918515.142571429,0.010172629676678901
2,heldout,lowrank3_pchip,3,6,20,11918515.142571429,0.04860421189999744
2,heldout,raw_pchip,0,6,21,11922185.065588234,-0.028893615927630033
2,heldout,lowrank3_pchip,3,6,21,11922185.065588234,0.0067107801645621395
2,heldout,raw_pchip,0,6,22,11925718.333714286,-0.08982834632848546
2,heldout,lowrank3_pchip,3,6,22,11925718.333714286,-0.052605512145281474
2,heldout,raw_pchip,0,6,23,11929319.942000002,-0.024999072084205057
2,heldout,lowrank3_pchip,3,6,23,11929319.942000002,0.04227456365144646
2,heldout,raw_pchip,0,6,24,11932989.343142858,0.03363658746811877
2,heldout,lowrank3_pchip,3,6,24,11932989.343142858,0.09610258517214504
2,heldout,raw_pchip,0,6,26,11940125.16647059,0.18105552586673773
2,heldout,lowrank3_pchip,3,6,26,11940125.16647059,0.2501485833955332
2,heldout,raw_pchip,0,6,27,11943793.66382353,0.06658789675698973
2,heldout,lowrank3_pchip,3,6,27,11943793.66382353,0.11711447861004269
2,heldout,raw_pchip,0,6,28,11947328.37611111,0.06836517700651677
2,heldout,lowrank3_pchip,3,6,28,11947328.37611111,0.07988812747516852
2,heldout,raw_pchip,0,6,29,11950930.41542857,0.22819535355949824
2,heldout,lowrank3_pchip,3,6,29,11950930.41542857,0.207321228550661
2,heldout,raw_pchip,0,6,30,11954598.400588235,0.18273561887088147
2,heldout,lowrank3_pchip,3,6,30,11954598.400588235,0.14241413911391662
2,heldout,raw_pchip,0,6,32,11961733.694705883,-0.06451353934624195
2,heldout,lowrank3_pchip,3,6,32,11961733.694705883,-0.08234343229626968
2,heldout,raw_pchip,0,6,33,11965404.596285712,-0.093521707226912
2,heldout,lowrank3_pchip,3,6,33,11965404.596285712,-0.08904377435872918
2,heldout,raw_pchip,0,6,34,11968936.872058824,0.024301129639018915
2,heldout,lowrank3_pchip,3,6,34,11968936.872058824,0.02348061413005388
2,heldout,raw_pchip,0,6,35,11972538.414411766,-0.07440122594841729
2,heldout,lowrank3_pchip,3,6,35,11972538.414411766,-0.052339665001343336
2,heldout,raw_pchip,0,6,36,11976207.822058823,0.014049644758962653
2,heldout,lowrank3_pchip,3,6,36,11976207.822058823,0.04417366226334478
2,heldout,raw_pchip,0,6,38,11983344.594857143,-0.046705022896384236
2,heldout,lowrank3_pchip,3,6,38,11983344.594857143,-0.010671639721987912
2,heldout,raw_pchip,0,6,39,11987011.597058823,-0.14682087328668833
2,heldout,lowrank3_pchip,3,6,39,11987011.597058823,-0.11185306717836985
2,heldout,raw_pchip,0,6,40,11990547.260294119,-0.08619356061862303
2,heldout,lowrank3_pchip,3,6,40,11990547.260294119,-0.04702316641529992
2,heldout,raw_pchip,0,6,41,11994147.885294119,-0.04815335260699388
2,heldout,lowrank3_pchip,3,6,41,11994147.885294119,-0.010069451151499534
2,heldout,raw_pchip,0,6,42,11997818.766,-0.055520545550314195
2,heldout,lowrank3_pchip,3,6,42,11997818.766,-0.026340666667894003
2,heldout,raw_pchip,0,6,44,12004953.079714285,-0.025379911535534875
2,heldout,lowrank3_pchip,3,6,44,12004953.079714285,0.010996014238061022
2,heldout,raw_pchip,0,6,45,12008623.025588235,0.0059791520856749165
2,heldout,lowrank3_pchip,3,6,45,12008623.025588235,0.02168225182604922
2,heldout,raw_pchip,0,6,46,12012156.266571429,-0.04314321271023626
2,heldout,lowrank3_pchip,3,6,46,12012156.266571429,-0.028797188782655404
2,heldout,raw_pchip,0,6,47,12015758.35388889,-0.05183667954399284
2,heldout,lowrank3_pchip,3,6,47,12015758.35388889,-0.040483973941655246
2,heldout,raw_pchip,0,6,48,12019427.286857141,0.028304288788967905
2,heldout,lowrank3_pchip,3,6,48,12019427.286857141,0.02556634991441706
2,heldout,raw_pchip,0,6,50,12026563.594571428,-0.04154907490114878
2,heldout,lowrank3_pchip,3,6,50,12026563.594571428,-0.06326965369235334
2,heldout,raw_pchip,0,6,51,12030232.037714286,-0.11338446504138264
2,heldout,lowrank3_pchip,3,6,51,12030232.037714286,-0.13147132942953224
2,heldout,raw_pchip,0,6,52,12033766.765714286,-0.058532496041818746
2,heldout,lowrank3_pchip,3,6,52,12033766.765714286,-0.08549996025054708
2,heldout,raw_pchip,0,6,53,12037366.84617647,-0.03291521618038221
2,heldout,lowrank3_pchip,3,6,53,12037366.84617647,-0.06047941069811807
2,heldout,raw_pchip,0,6,54,12041036.292058824,-0.01874442185214339
2,heldout,lowrank3_pchip,3,6,54,12041036.292058824,-0.05391700838687204
2,heldout,raw_pchip,0,6,56,12048171.637058824,-0.04783818355389807
2,heldout,lowrank3_pchip,3,6,56,12048171.637058824,-0.08580125154185728
2,heldout,raw_pchip,0,6,57,12051841.103235293,-0.004247468600078676
2,heldout,lowrank3_pchip,3,6,57,12051841.103235293,-0.04102384715630947
2,heldout,raw_pchip,0,6,58,12055374.859705882,0.058174886832613716
2,heldout,lowrank3_pchip,3,6,58,12055374.859705882,0.001739698118802856
2,heldout,raw_pchip,0,6,59,12058976.944285717,0.06368268646827564
2,heldout,lowrank3_pchip,3,6,59,12058976.944285717,0.005128278379967616
2,heldout,raw_pchip,0,6,60,12062646.376857143,-0.014829486196796714
2,heldout,lowrank3_pchip,3,6,60,12062646.376857143,-0.06757973695144652
2,heldout,raw_pchip,0,6,62,12069782.658571428,0.05725835101054549
2,heldout,lowrank3_pchip,3,6,62,12069782.658571428,-0.005412195557280717
2,heldout,raw_pchip,0,6,63,12073452.05542857,-0.07120331976954686
2,heldout,lowrank3_pchip,3,6,63,12073452.05542857,-0.12782342716624742
2,heldout,raw_pchip,0,6,64,12076985.299999999,0.0362553805863624
2,heldout,lowrank3_pchip,3,6,64,12076985.299999999,-0.03357338796523305
2,heldout,raw_pchip,0,6,65,12080586.375714287,0.027947049871127623
2,heldout,lowrank3_pchip,3,6,65,12080586.375714287,-0.06385140663716873
2,heldout,raw_pchip,0,6,66,12084257.269705882,0.02554059547803698
2,heldout,lowrank3_pchip,3,6,66,12084257.269705882,-0.05868393537642792
2,heldout,raw_pchip,0,6,68,12091391.159142857,0.01665266459204006
2,heldout,lowrank3_pchip,3,6,68,12091391.159142857,-0.07591850120778033
2,heldout,raw_pchip,0,6,69,12095060.135882355,-0.031535567718061125
2,heldout,lowrank3_pchip,3,6,69,12095060.135882355,-0.0900225531135278
2,heldout,raw_pchip,0,6,70,12096623.247058824,0.021940775309833092
2,heldout,lowrank3_pchip,3,6,70,12096623.247058824,-0.029086579176852322
2,heldout,raw_pchip,0,6,71,12100156.965588234,0.02166571289841988
2,heldout,lowrank3_pchip,3,6,71,12100156.965588234,0.02013847173866407
2,heldout,raw_pchip,0,6,72,12103758.055142855,0.03687058248238388
2,heldout,lowrank3_pchip,3,6,72,12103758.055142855,0.050189761058688685
2,heldout,raw_pchip,0,6,74,12110960.729117647,-0.08597479553892759
2,heldout,lowrank3_pchip,3,6,74,12110960.729117647,-0.060095142234399455
2,heldout,raw_pchip,0,6,75,12114563.282941176,-0.09278391839285591
2,heldout,lowrank3_pchip,3,6,75,12114563.282941176,-0.06142955899503839
2,heldout,raw_pchip,0,6,76,12118232.213142857,-0.1572049247626802
2,heldout,lowrank3_pchip,3,6,76,12118232.213142857,-0.1154493507841378
2,heldout,raw_pchip,0,6,77,12121765.470588233,-0.13580803082653048
2,heldout,lowrank3_pchip,3,6,77,12121765.470588233,-0.09186010591228168
2,heldout,raw_pchip,0,6,78,12125368.49857143,0.03203611269280627
2,heldout,lowrank3_pchip,3,6,78,12125368.49857143,0.08683328401588288
2,heldout,raw_pchip,0,6,80,12132571.164411766,-0.022156087893244327
2,heldout,lowrank3_pchip,3,6,80,12132571.164411766,0.02676007074826834
2,heldout,raw_pchip,0,6,81,12136172.267142856,0.027793855835438933
2,heldout,lowrank3_pchip,3,6,81,12136172.267142856,0.06058241188720672
2,heldout,raw_pchip,0,6,82,12139842.683714287,0.05163483635184313
2,heldout,lowrank3_pchip,3,6,82,12139842.683714287,0.06288261406797849
2,heldout,raw_pchip,0,6,83,12143375.924705882,0.06644717210044197
2,heldout,lowrank3_pchip,3,6,83,12143375.924705882,0.05779266272316693
2,heldout,raw_pchip,0,6,84,12146977.002857143,0.03179591146625903
2,heldout,lowrank3_pchip,3,6,84,12146977.002857143,0.008113944155663202
2,heldout,raw_pchip,0,6,86,12154179.667058824,0.048121716626365725
2,heldout,lowrank3_pchip,3,6,86,12154179.667058824,0.023853271755659218
2,heldout,raw_pchip,0,6,87,12157782.691142859,0.029623978203726597
2,heldout,lowrank3_pchip,3,6,87,12157782.691142859,0.022128202380372792
2,heldout,raw_pchip,0,6,88,12161450.64235294,-0.005326956292560223
2,heldout,lowrank3_pchip,3,6,88,12161450.64235294,0.007144025619618139
2,heldout,raw_pchip,0,6,89,12164985.314166665,-0.04161093459979895
2,heldout,lowrank3_pchip,3,6,89,12164985.314166665,-0.018654019636779144
2,heldout,raw_pchip,0,6,90,12168586.384,-0.0831800566462894
2,heldout,lowrank3_pchip,3,6,90,12168586.384,-0.025266949414645374
2,heldout,raw_pchip,0,6,92,12175790.035882352,-0.032137254207339955
2,heldout,lowrank3_pchip,3,6,92,12175790.035882352,0.04919672104786143
2,heldout,raw_pchip,0,6,93,12179390.67147059,-0.07435659289706792
2,heldout,lowrank3_pchip,3,6,93,12179390.67147059,0.0006898252887649765
2,heldout,raw_pchip,0,6,94,12183060.582571428,0.011202137234798331
2,heldout,lowrank3_pchip,3,6,94,12183060.582571428,0.0706760494700951
2,heldout,raw_pchip,0,6,95,12186594.296571428,-0.05664683198517057
2,heldout,lowrank3_pchip,3,6,95,12186594.296571428,-0.015445143413390296
2,heldout,raw_pchip,0,6,96,12190196.377777778,-0.027803982556044885
2,heldout,lowrank3_pchip,3,6,96,12190196.377777778,-0.002869843421134597
2,heldout,raw_pchip,0,6,98,12197399.116857145,0.023935974536988015
2,heldout,lowrank3_pchip,3,6,98,12197399.116857145,0.014753469071671417
2,heldout,raw_pchip,0,6,99,12201001.628285715,0.14133348688589106
2,heldout,lowrank3_pchip,3,6,99,12201001.628285715,0.11783114678904631
2,heldout,raw_pchip,0,6,100,12204669.602647059,0.22613738851953005
2,heldout,lowrank3_pchip,3,6,100,12204669.602647059,0.18874439409759342
2,heldout,raw_pchip,0,6,101,12208204.77542857,0.08510994558839363
2,heldout,lowrank3_pchip,3,6,101,12208204.77542857,0.03302380919127245
2,heldout,raw_pchip,0,6,102,12211804.916764708,-0.0336378606391685
2,heldout,lowrank3_pchip,3,6,102,12211804.916764708,-0.08413017420958083
2,heldout,raw_pchip,0,6,104,12219009.526857143,0.13142061708426786
2,heldout,lowrank3_pchip,3,6,104,12219009.526857143,0.045468696804688
2,heldout,raw_pchip,0,6,105,12222609.658529412,0.05333086558398445
2,heldout,lowrank3_pchip,3,6,105,12222609.658529412,-0.010130829788078981
2,heldout,raw_pchip,0,6,106,12226279.581999999,0.1430594757401182
2,heldout,lowrank3_pchip,3,6,106,12226279.581999999,0.11417408850343526
2,heldout,raw_pchip,0,6,107,12229812.830294117,0.08590746672431239
2,heldout,lowrank3_pchip,3,6,107,12229812.830294117,0.08865737264822199
2,heldout,raw_pchip,0,6,108,12233414.39,0.04350746781674321
2,heldout,lowrank3_pchip,3,6,108,12233414.39,0.0719014863870602
2,heldout,raw_pchip,0,6,110,12240617.558235295,0.005329244663977902
2,heldout,lowrank3_pchip,3,6,110,12240617.558235295,0.041283068479732704
2,heldout,raw_pchip,0,6,111,12244220.585142858,-0.05080542702649592
2,heldout,lowrank3_pchip,3,6,111,12244220.585142858,-0.024463766851948215
2,heldout,raw_pchip,0,6,112,12247888.113999998,0.01788691804048042
2,heldout,lowrank3_pchip,3,6,112,12247888.113999998,0.04228364782563465
2,heldout,raw_pchip,0,6,113,12251423.785142856,-0.001607959405474423
2,heldout,lowrank3_pchip,3,6,113,12251423.785142856,0.010894780099887737
2,heldout,raw_pchip,0,6,114,12255023.916176472,0.011630938971748942
2,heldout,lowrank3_pchip,3,6,114,12255023.916176472,0.016333837232163625
2,heldout,raw_pchip,0,6,116,12262228.03735294,0.03464483522655841
2,heldout,lowrank3_pchip,3,6,116,12262228.03735294,0.02881334000485562
2,heldout,raw_pchip,0,6,117,12265828.654411765,0.061095177097616554
2,heldout,lowrank3_pchip,3,6,117,12265828.654411765,0.049053616038271325
2,heldout,raw_pchip,0,6,118,12269499.507714285,0.07249727411162589
2,heldout,lowrank3_pchip,3,6,118,12269499.507714285,0.055525355427908214
2,heldout,raw_pchip,0,6,119,12273032.298571426,-0.05763272080466197
2,heldout,lowrank3_pchip,3,6,119,12273032.298571426,-0.07511927414935413
2,heldout,raw_pchip,0,6,120,12276633.854000002,-0.03707876143997802
2,heldout,lowrank3_pchip,3,6,120,12276633.854000002,-0.06233194115359819
2,heldout,raw_pchip,0,6,122,12283836.543529412,0.053454808468138854
2,heldout,lowrank3_pchip,3,6,122,12283836.543529412,0.026399829998283494
2,heldout,raw_pchip,0,6,123,12287439.102058824,-0.059831683603643465
2,heldout,lowrank3_pchip,3,6,123,12287439.102058824,-0.0824003043986408
2,heldout,raw_pchip,0,6,124,12291108.040285714,-0.10875456100864098
2,heldout,lowrank3_pchip,3,6,124,12291108.040285714,-0.12381240027397582
2,heldout,raw_pchip,0,6,125,12294642.725428572,-0.21476826515102268
2,heldout,lowrank3_pchip,3,6,125,12294642.725428572,-0.2218619054026634
2,heldout,raw_pchip,0,6,126,12298243.344571427,-0.1327115677178078
2,heldout,lowrank3_pchip,3,6,126,12298243.344571427,-0.13140184296722804
2,heldout,raw_pchip,0,6,128,12305446.97764706,-0.0021339853728541097
2,heldout,lowrank3_pchip,3,6,128,12305446.97764706,-0.0014979392935075928
2,heldout,raw_pchip,0,6,129,12309048.100571427,0.06288900955878106
2,heldout,lowrank3_pchip,3,6,129,12309048.100571427,0.045662990478961246
2,heldout,raw_pchip,0,6,130,12312718.49742857,0.046889172897808244
2,heldout,lowrank3_pchip,3,6,130,12312718.49742857,0.02574858117980308
2,heldout,raw_pchip,0,6,131,12316250.755588235,0.06182153351433411
2,heldout,lowrank3_pchip,3,6,131,12316250.755588235,0.030016695218774293
2,heldout,raw_pchip,0,6,132,12319853.34611111,0.10927796586192917
2,heldout,lowrank3_pchip,3,6,132,12319853.34611111,0.06839865376616633
2,heldout,raw_pchip,0,6,134,12327055.527352942,0.025316520100831397
2,heldout,lowrank3_pchip,3,6,134,12327055.527352942,-0.016985526938164828
2,heldout,raw_pchip,0,6,135,12330658.07647059,0.030231454347448655
2,heldout,lowrank3_pchip,3,6,135,12330658.07647059,-0.011718283977490241
2,heldout,raw_pchip,0,6,136,12334327.059714288,0.07060556493587172
2,heldout,lowrank3_pchip,3,6,136,12334327.059714288,0.02814217809488693
2,heldout,raw_pchip,0,6,137,12337861.275882352,-0.002928826340558518
2,heldout,lowrank3_pchip,3,6,137,12337861.275882352,-0.046906768698731637
2,heldout,raw_pchip,0,6,138,12341462.348,0.0712337635740294
2,heldout,lowrank3_pchip,3,6,138,12341462.348,0.025698129223081272
2,heldout,raw_pchip,0,6,140,12348666.010294117,0.020768121617558304
2,heldout,lowrank3_pchip,3,6,140,12348666.010294117,-0.025778136273312303
2,heldout,raw_pchip,0,6,141,12352266.660294117,0.1115326894936012
2,heldout,lowrank3_pchip,3,6,141,12352266.660294117,0.06507923220859539
2,heldout,raw_pchip,0,6,142,12355937.550571427,0.09987065470209527
2,heldout,lowrank3_pchip,3,6,142,12355937.550571427,0.05635854003962803
2,heldout,raw_pchip,0,6,143,12359470.295714285,0.0012670355666746036
2,heldout,lowrank3_pchip,3,6,143,12359470.295714285,-0.0080128381206566
2,heldout,raw_pchip,0,6,144,12364146.72235294,-0.10961039087198897
2,heldout,lowrank3_pchip,3,6,144,12364146.72235294,-0.10775218212467115
2,heldout,raw_pchip,0,6,146,12371282.983235294,0.03445803028404808
2,heldout,lowrank3_pchip,3,6,146,12371282.983235294,0.04898419885869913
2,heldout,raw_pchip,0,6,147,12374951.466176469,0.2524437057263739
2,heldout,lowrank3_pchip,3,6,147,12374951.466176469,0.24381237838208308
2,heldout,raw_pchip,0,6,148,12378486.167058825,0.36854528467066894
2,heldout,lowrank3_pchip,3,6,148,12378486.167058825,0.32370216201966207
2,heldout,raw_pchip,0,6,149,12382087.253999999,0.4141242363641832
2,heldout,lowrank3_pchip,3,6,149,12382087.253999999,0.33757540830028204
2,heldout,raw_pchip,0,6,150,12385757.648285715,0.4053402332485276
2,heldout,lowrank3_pchip,3,6,150,12385757.648285715,0.2428548801316133
2,heldout,raw_pchip,0,6,3,11857356.149142856,0.07212757434479962
2,heldout,lowrank3_pchip,3,6,3,11857356.149142856,0.12226189180363824
2,heldout,raw_pchip,0,6,4,11860889.428823529,0.0773628696416102
2,heldout,lowrank3_pchip,3,6,4,11860889.428823529,0.14412487948579517
2,heldout,raw_pchip,0,6,5,11864491.993529411,0.023241175795293154
2,heldout,lowrank3_pchip,3,6,5,11864491.993529411,0.08086593396233498
2,heldout,raw_pchip,0,6,6,11868160.443235295,0.04159715848001071
2,heldout,lowrank3_pchip,3,6,6,11868160.443235295,0.07874949848113572
2,heldout,raw_pchip,0,6,7,11871695.61714286,0.1280411556900577
2,heldout,lowrank3_pchip,3,6,7,11871695.61714286,0.16450137133838127
2,heldout,raw_pchip,0,6,9,11878965.629142856,0.01360917020776368
2,heldout,lowrank3_pchip,3,6,9,11878965.629142856,0.03684271816100027
2,heldout,raw_pchip,0,6,10,11882499.378857143,-0.07748058327271858
2,heldout,lowrank3_pchip,3,6,10,11882499.378857143,-0.043698579500000376
2,heldout,raw_pchip,0,6,11,11886100.471470585,-0.04931942189884003
2,heldout,lowrank3_pchip,3,6,11,11886100.471470585,-0.017723220259116594
2,heldout,raw_pchip,0,6,12,11889769.907058822,-0.053361732748775995
2,heldout,lowrank3_pchip,3,6,12,11889769.907058822,-0.021432306099192087
2,heldout,raw_pchip,0,6,13,11893304.126285715,-0.04969904364925461
2,heldout,lowrank3_pchip,3,6,13,11893304.126285715,-0.007643768257184371
2,heldout,raw_pchip,0,6,15,11900573.641764706,0.045999640819116526
2,heldout,lowrank3_pchip,3,6,15,11900573.641764706,0.07363241070427197
2,heldout,raw_pchip,0,6,16,11904109.791714286,0.055398843695519236
2,heldout,lowrank3_pchip,3,6,16,11904109.791714286,0.0891414739926151
2,heldout,raw_pchip,0,6,17,11907709.925294116,0.0010888880467663203
2,heldout,lowrank3_pchip,3,6,17,11907709.925294116,0.042724516509757046
2,heldout,raw_pchip,0,6,18,11911379.832571428,-0.038953060882924606
2,heldout,lowrank3_pchip,3,6,18,11911379.832571428,0.014693944508338434
2,heldout,raw_pchip,0,6,19,11914914.03764706,0.008302113102824794
2,heldout,lowrank3_pchip,3,6,19,11914914.03764706,0.0690905439415391
2,heldout,raw_pchip,0,6,21,11922185.065588234,-0.05366990376418835
2,heldout,lowrank3_pchip,3,6,21,11922185.065588234,0.03111772626056849
2,heldout,raw_pchip,0,6,22,11925718.333714286,-0.12655495264763697
2,heldout,lowrank3_pchip,3,6,22,11925718.333714286,-0.038600327360662066
2,heldout,raw_pchip,0,6,23,11929319.942000002,-0.07544575964216574
2,heldout,lowrank3_pchip,3,6,23,11929319.942000002,0.03934337470553896
2,heldout,raw_pchip,0,6,24,11932989.343142858,-0.05641820087472184
2,heldout,lowrank3_pchip,3,6,24,11932989.343142858,0.05399409392103437
2,heldout,raw_pchip,0,6,25,11936522.600882353,-0.1276552919466162
2,heldout,lowrank3_pchip,3,6,25,11936522.600882353,-0.015731324972801677
2,heldout,raw_pchip,0,6,27,11943793.66382353,-0.10389389974359174
2,heldout,lowrank3_pchip,3,6,27,11943793.66382353,-0.009913036330637769
2,heldout,raw_pchip,0,6,28,11947328.37611111,-0.07799869665969748
2,heldout,lowrank3_pchip,3,6,28,11947328.37611111,-0.004654828812423014
2,heldout,raw_pchip,0,6,29,11950930.41542857,0.13648970934462912
2,heldout,lowrank3_pchip,3,6,29,11950930.41542857,0.16944915652145634
2,heldout,raw_pchip,0,6,30,11954598.400588235,0.16408870194516284
2,heldout,lowrank3_pchip,3,6,30,11954598.400588235,0.16012344575051324
2,heldout,raw_pchip,0,6,31,11958133.073529411,0.06222527153977679
2,heldout,lowrank3_pchip,3,6,31,11958133.073529411,0.008462005072006668
2,heldout,raw_pchip,0,6,33,11965404.596285712,-0.013874982219623196
2,heldout,lowrank3_pchip,3,6,33,11965404.596285712,-0.049994244329207835
2,heldout,raw_pchip,0,6,34,11968936.872058824,0.09746842682334876
2,heldout,lowrank3_pchip,3,6,34,11968936.872058824,0.06719372958778369
2,heldout,raw_pchip,0,6,35,11972538.414411766,-0.0040090968431862615
2,heldout,lowrank3_pchip,3,6,35,11972538.414411766,-0.02737041919910293
2,heldout,raw_pchip,0,6,36,11976207.822058823,0.08369642328683033
2,heldout,lowrank3_pchip,3,6,36,11976207.822058823,0.0521059870661894
2,heldout,raw_pchip,0,6,37,11979741.570588237,0.05408124790350311
2,heldout,lowrank3_pchip,3,6,37,11979741.570588237,0.03465466321935069
2,heldout,raw_pchip,0,6,39,11987011.597058823,-0.10794439564675765
2,heldout,lowrank3_pchip,3,6,39,11987011.597058823,-0.09826014970568397
2,heldout,raw_pchip,0,6,40,11990547.260294119,-0.061461551091383924
2,heldout,lowrank3_pchip,3,6,40,11990547.260294119,-0.03608958445922964
2,heldout,raw_pchip,0,6,41,11994147.885294119,-0.00947299728884478
2,heldout,lowrank3_pchip,3,6,41,11994147.885294119,-0.01177057886731326
2,heldout,raw_pchip,0,6,42,11997818.766,-0.026925620807432805
2,heldout,lowrank3_pchip,3,6,42,11997818.766,-0.02878976607737282
2,heldout,raw_pchip,0,6,43,12001352.017058823,0.021363231541549302
2,heldout,lowrank3_pchip,3,6,43,12001352.017058823,0.016527850958439644
2,heldout,raw_pchip,0,6,45,12008623.025588235,0.020735439393892288
2,heldout,lowrank3_pchip,3,6,45,12008623.025588235,0.009401441250880688
2,heldout,raw_pchip,0,6,46,12012156.266571429,-0.026025730889602732
2,heldout,lowrank3_pchip,3,6,46,12012156.266571429,-0.025207072448680607
2,heldout,raw_pchip,0,6,47,12015758.35388889,-0.02793409987606893
2,heldout,lowrank3_pchip,3,6,47,12015758.35388889,-0.020499810282236224
2,heldout,raw_pchip,0,6,48,12019427.286857141,0.06569981683793956
2,heldout,lowrank3_pchip,3,6,48,12019427.286857141,0.06892878326161263
2,heldout,raw_pchip,0,6,49,12022961.047999999,0.03703971265173073
2,heldout,lowrank3_pchip,3,6,49,12022961.047999999,0.0512275936085383
2,heldout,raw_pchip,0,6,51,12030232.037714286,-0.0643293846644331
2,heldout,lowrank3_pchip,3,6,51,12030232.037714286,-0.07760208409818681
2,heldout,raw_pchip,0,6,52,12033766.765714286,-0.01539851465375378
2,heldout,lowrank3_pchip,3,6,52,12033766.765714286,-0.04418085320260648
2,heldout,raw_pchip,0,6,53,12037366.84617647,0.012258554141983164
2,heldout,lowrank3_pchip,3,6,53,12037366.84617647,-0.03129482596488278
2,heldout,raw_pchip,0,6,54,12041036.292058824,0.04313999581146528
2,heldout,lowrank3_pchip,3,6,54,12041036.292058824,-0.033179066861230025
2,heldout,raw_pchip,0,6,55,12044571.493714284,0.05312471100189212
2,heldout,lowrank3_pchip,3,6,55,12044571.493714284,-0.016196406955605088
2,heldout,raw_pchip,0,6,57,12051841.103235293,0.02923620435033901
2,heldout,lowrank3_pchip,3,6,57,12051841.103235293,-0.03693190942064574
2,heldout,raw_pchip,0,6,58,12055374.859705882,0.06399211666402027
2,heldout,lowrank3_pchip,3,6,58,12055374.859705882,0.010047228861412306
2,heldout,raw_pchip,0,6,59,12058976.944285717,0.046926217102562374
2,heldout,lowrank3_pchip,3,6,59,12058976.944285717,0.006982447541563352
2,heldout,raw_pchip,0,6,60,12062646.376857143,-0.047605844769435086
2,heldout,lowrank3_pchip,3,6,60,12062646.376857143,-0.07078613131761828
2,heldout,raw_pchip,0,6,61,12066179.612941176,-0.05035903874586591
2,heldout,lowrank3_pchip,3,6,61,12066179.612941176,-0.06134686765992375
2,heldout,raw_pchip,0,6,63,12073452.05542857,-0.1296145867289599
2,heldout,lowrank3_pchip,3,6,63,12073452.05542857,-0.13149954308371464
2,heldout,raw_pchip,0,6,64,12076985.299999999,-0.02015001270505652
2,heldout,lowrank3_pchip,3,6,64,12076985.299999999,-0.03378376193864007
2,heldout,raw_pchip,0,6,65,12080586.375714287,-0.03780948675538055
2,heldout,lowrank3_pchip,3,6,65,12080586.375714287,-0.05966413400775245
2,heldout,raw_pchip,0,6,66,12084257.269705882,-0.018723213549079618
2,heldout,lowrank3_pchip,3,6,66,12084257.269705882,-0.04999482288229052
2,heldout,raw_pchip,0,6,67,12087790.063529411,-0.03924123304023703
2,heldout,lowrank3_pchip,3,6,67,12087790.063529411,-0.0744396511669399
2,heldout,raw_pchip,0,6,69,12095060.135882355,0.000921998519116935
2,heldout,lowrank3_pchip,3,6,69,12095060.135882355,-0.05805428192822963
2,heldout,raw_pchip,0,6,70,12096623.247058824,0.06703547496994906
2,heldout,lowrank3_pchip,3,6,70,12096623.247058824,0.01570440126273944
2,heldout,raw_pchip,0,6,71,12100156.965588234,0.1102969505900822
2,heldout,lowrank3_pchip,3,6,71,12100156.965588234,0.07593013085729589
2,heldout,raw_pchip,0,6,72,12103758.055142855,0.1354817087709885
2,heldout,lowrank3_pchip,3,6,72,12103758.055142855,0.12363490264708395
2,heldout,raw_pchip,0,6,73,12107426.994705882,0.09513825746431456
2,heldout,lowrank3_pchip,3,6,73,12107426.994705882,0.10260081281982045
2,heldout,raw_pchip,0,6,75,12114563.282941176,-0.03610272695548986
2,heldout,lowrank3_pchip,3,6,75,12114563.282941176,-0.015303769534444478
2,heldout,raw_pchip,0,6,76,12118232.213142857,-0.08863113156902298
2,heldout,lowrank3_pchip,3,6,76,12118232.213142857,-0.07117733597286159
2,heldout,raw_pchip,0,6,77,12121765.470588233,-0.07916603825701832
2,heldout,lowrank3_pchip,3,6,77,12121765.470588233,-0.07193688327209828
2,heldout,raw_pchip,0,6,78,12125368.49857143,0.07321435526865495
2,heldout,lowrank3_pchip,3,6,78,12125368.49857143,0.09745327819725375
2,heldout,raw_pchip,0,6,79,12129036.457352942,0.03161627166594003
2,heldout,lowrank3_pchip,3,6,79,12129036.457352942,0.04225215543026762
2,heldout,raw_pchip,0,6,81,12136172.267142856,0.040034064996498135
2,heldout,lowrank3_pchip,3,6,81,12136172.267142856,0.06395075141570385
2,heldout,raw_pchip,0,6,82,12139842.683714287,0.053250936810328324
2,heldout,lowrank3_pchip,3,6,82,12139842.683714287,0.06436573036273993
2,heldout,raw_pchip,0,6,83,12143375.924705882,0.04508568668700178
2,heldout,lowrank3_pchip,3,6,83,12143375.924705882,0.05683905339502242
2,heldout,raw_pchip,0,6,84,12146977.002857143,-0.009333933596975428
2,heldout,lowrank3_pchip,3,6,84,12146977.002857143,0.0015003003812046483
2,heldout,raw_pchip,0,6,85,12150645.93382353,-0.04628826419300424
2,heldout,lowrank3_pchip,3,6,85,12150645.93382353,-0.04528804398410042
2,heldout,raw_pchip,0,6,87,12157782.691142859,-0.0245430442042972
2,heldout,lowrank3_pchip,3,6,87,12157782.691142859,-0.0024543916471706758
2,heldout,raw_pchip,0,6,88,12161450.64235294,-0.024122209624542763
2,heldout,lowrank3_pchip,3,6,88,12161450.64235294,-0.016345092404949208
2,heldout,raw_pchip,0,6,89,12164985.314166665,-0.05492837980351511
2,heldout,lowrank3_pchip,3,6,89,12164985.314166665,-0.028929084888333543
2,heldout,raw_pchip,0,6,90,12168586.384,-0.07642293528340308
2,heldout,lowrank3_pchip,3,6,90,12168586.384,-0.04380503023895731
2,heldout,raw_pchip,0,6,91,12172256.788285714,0.03098929305948931
2,heldout,lowrank3_pchip,3,6,91,12172256.788285714,0.058840332921483905
2,heldout,raw_pchip,0,6,93,12179390.67147059,-0.05665386055005823
2,heldout,lowrank3_pchip,3,6,93,12179390.67147059,-0.018265861731502762
2,heldout,raw_pchip,0,6,94,12183060.582571428,0.02244134337069964
2,heldout,lowrank3_pchip,3,6,94,12183060.582571428,0.049173726097168545
2,heldout,raw_pchip,0,6,95,12186594.296571428,-0.05445746558561667
2,heldout,lowrank3_pchip,3,6,95,12186594.296571428,-0.03752925441038284
2,heldout,raw_pchip,0,6,96,12190196.377777778,-0.04285477298816
2,heldout,lowrank3_pchip,3,6,96,12190196.377777778,-0.0369692222450086
2,heldout,raw_pchip,0,6,97,12193865.865,-0.013287674866970814
2,heldout,lowrank3_pchip,3,6,97,12193865.865,-0.014915723382652344
2,heldout,raw_pchip,0,6,99,12201001.628285715,0.09614644480311445
2,heldout,lowrank3_pchip,3,6,99,12201001.628285715,0.09798237601569888
2,heldout,raw_pchip,0,6,100,12204669.602647059,0.16099834189879575
2,heldout,lowrank3_pchip,3,6,100,12204669.602647059,0.1682875061272847
2,heldout,raw_pchip,0,6,101,12208204.77542857,-0.0034756122432823416
2,heldout,lowrank3_pchip,3,6,101,12208204.77542857,0.010246438655898036
2,heldout,raw_pchip,0,6,102,12211804.916764708,-0.13056360435029987
2,heldout,lowrank3_pchip,3,6,102,12211804.916764708,-0.11188937440405138
2,heldout,raw_pchip,0,6,103,12215475.780571429,-0.1390277377250875
2,heldout,lowrank3_pchip,3,6,103,12215475.780571429,-0.11267177346432901
2,heldout,raw_pchip,0,6,105,12222609.658529412,-0.033951337839985635
2,heldout,lowrank3_pchip,3,6,105,12222609.658529412,-0.0028337564250154757
2,heldout,raw_pchip,0,6,106,12226279.581999999,0.12295413523586793
2,heldout,lowrank3_pchip,3,6,106,12226279.581999999,0.13869926226279908
2,heldout,raw_pchip,0,6,107,12229812.830294117,0.08496763494406524
2,heldout,lowrank3_pchip,3,6,107,12229812.830294117,0.10657291726797101
2,heldout,raw_pchip,0,6,108,12233414.39,0.061748984410065044
2,heldout,lowrank3_pchip,3,6,108,12233414.39,0.07780102381088763
2,heldout,raw_pchip,0,6,109,12237084.774117647,0.030954857091372297
2,heldout,lowrank3_pchip,3,6,109,12237084.774117647,0.022197638340326238
2,heldout,raw_pchip,0,6,111,12244220.585142858,-0.05947034662205579
2,heldout,lowrank3_pchip,3,6,111,12244220.585142858,-0.05014583709824475
2,heldout,raw_pchip,0,6,112,12247888.113999998,0.024947498820065552
2,heldout,lowrank3_pchip,3,6,112,12247888.113999998,0.012458764631081276
2,heldout,raw_pchip,0,6,113,12251423.785142856,-0.015259792505084632
2,heldout,lowrank3_pchip,3,6,113,12251423.785142856,-0.01914495611944472
2,heldout,raw_pchip,0,6,114,12255023.916176472,-0.002921035309774008
2,heldout,lowrank3_pchip,3,6,114,12255023.916176472,-0.013064541472977996
2,heldout,raw_pchip,0,6,115,12258694.317222219,-0.02095754063530432
2,heldout,lowrank3_pchip,3,6,115,12258694.317222219,-0.03215314357084636
2,heldout,raw_pchip,0,6,117,12265828.654411765,-2.566279616689492e-05
2,heldout,lowrank3_pchip,3,6,117,12265828.654411765,-0.01711487836311338
2,heldout,raw_pchip,0,6,118,12269499.507714285,-0.013563294610276192
2,heldout,lowrank3_pchip,3,6,118,12269499.507714285,-0.025159078254692033
2,heldout,raw_pchip,0,6,119,12273032.298571426,-0.15929609155914215
2,heldout,lowrank3_pchip,3,6,119,12273032.298571426,-0.12206699642359671
2,heldout,raw_pchip,0,6,120,12276633.854000002,-0.15329402300317485
2,heldout,lowrank3_pchip,3,6,120,12276633.854000002,-0.08910731189151952
2,heldout,raw_pchip,0,6,121,12280304.279428571,-0.08628253134573075
2,heldout,lowrank3_pchip,3,6,121,12280304.279428571,-0.03260799996213495
2,heldout,raw_pchip,0,6,123,12287439.102058824,-0.08048812781988364
2,heldout,lowrank3_pchip,3,6,123,12287439.102058824,-0.06795215047056839
2,heldout,raw_pchip,0,6,124,12291108.040285714,-0.10774609026469427
2,heldout,lowrank3_pchip,3,6,124,12291108.040285714,-0.11574111304565056
2,heldout,raw_pchip,0,6,125,12294642.725428572,-0.20189703175878043
2,heldout,lowrank3_pchip,3,6,125,12294642.725428572,-0.22401066067026865
2,heldout,raw_pchip,0,6,126,12298243.344571427,-0.12759893028036737
2,heldout,lowrank3_pchip,3,6,126,12298243.344571427,-0.14769728786506436
2,heldout,raw_pchip,0,6,127,12301913.713428572,0.00840515049251933
2,heldout,lowrank3_pchip,3,6,127,12301913.713428572,-0.0241416307938517
2,heldout,raw_pchip,0,6,129,12309048.100571427,0.05578800393924888
2,heldout,lowrank3_pchip,3,6,129,12309048.100571427,0.02567823291300409
2,heldout,raw_pchip,0,6,130,12312718.49742857,0.038897678804432595
2,heldout,lowrank3_pchip,3,6,130,12312718.49742857,0.022947311443841722
2,heldout,raw_pchip,0,6,131,12316250.755588235,0.048512752011576774
2,heldout,lowrank3_pchip,3,6,131,12316250.755588235,0.035546147248633114
2,heldout,raw_pchip,0,6,132,12319853.34611111,0.09136125613980026
2,heldout,lowrank3_pchip,3,6,132,12319853.34611111,0.07565459649523115
2,heldout,raw_pchip,0,6,133,12323521.782647058,-0.02322279459440303
2,heldout,lowrank3_pchip,3,6,133,12323521.782647058,-0.03998419723249769
2,heldout,raw_pchip,0,6,135,12330658.07647059,0.004618313549750483
2,heldout,lowrank3_pchip,3,6,135,12330658.07647059,-0.011256575869581585
2,heldout,raw_pchip,0,6,136,12334327.059714288,0.04733403223998628
2,heldout,lowrank3_pchip,3,6,136,12334327.059714288,0.026699704786462164
2,heldout,raw_pchip,0,6,137,12337861.275882352,-0.022470280287101137
2,heldout,lowrank3_pchip,3,6,137,12337861.275882352,-0.050647269269521074
2,heldout,raw_pchip,0,6,138,12341462.348,0.05734873573688084
2,heldout,lowrank3_pchip,3,6,138,12341462.348,0.019313634918525693
2,heldout,raw_pchip,0,6,139,12345131.287058821,-0.012421731801003987
2,heldout,lowrank3_pchip,3,6,139,12345131.287058821,-0.05730884155621948
2,heldout,raw_pchip,0,6,141,12352266.660294117,0.07342260351366438
2,heldout,lowrank3_pchip,3,6,141,12352266.660294117,0.019873346489490927
2,heldout,raw_pchip,0,6,142,12355937.550571427,0.04580733903547788
2,heldout,lowrank3_pchip,3,6,142,12355937.550571427,-0.006535308715928915
2,heldout,raw_pchip,0,6,143,12359470.295714285,-0.05981297399462548
2,heldout,lowrank3_pchip,3,6,143,12359470.295714285,-0.1081935496707445
2,heldout,raw_pchip,0,6,144,12364146.72235294,-0.16601978966309033
2,heldout,lowrank3_pchip,3,6,144,12364146.72235294,-0.20662888408435748
2,heldout,raw_pchip,0,6,145,12367680.468235295,-0.04093912023554158
2,heldout,lowrank3_pchip,3,6,145,12367680.468235295,-0.07835395830188048
2,heldout,raw_pchip,0,6,147,12374951.466176469,0.22715452674057746
2,heldout,lowrank3_pchip,3,6,147,12374951.466176469,0.18622129892571726
2,heldout,raw_pchip,0,6,148,12378486.167058825,0.3405739320013047
2,heldout,lowrank3_pchip,3,6,148,12378486.167058825,0.296865699331016
2,heldout,raw_pchip,0,6,149,12382087.253999999,0.3901779235974813
2,heldout,lowrank3_pchip,3,6,149,12382087.253999999,0.3431144190741614
2,heldout,raw_pchip,0,6,150,12385757.648285715,0.39859688473229293
2,heldout,lowrank3_pchip,3,6,150,12385757.648285715,0.3009065248279616
2,heldout,raw_pchip,0,6,151,12389290.40057143,0.03139805103696152
2,heldout,lowrank3_pchip,3,6,151,12389290.40057143,-0.09591755278588875
2,heldout,raw_pchip,0,6,4,11860889.428823529,0.03868536573487559
2,heldout,lowrank3_pchip,3,6,4,11860889.428823529,0.08646503315719198
2,heldout,raw_pchip,0,6,5,11864491.993529411,-0.0055441780816164335
2,heldout,lowrank3_pchip,3,6,5,11864491.993529411,0.06490659532871697
2,heldout,raw_pchip,0,6,6,11868160.443235295,0.007705014030318047
2,heldout,lowrank3_pchip,3,6,6,11868160.443235295,0.09720960147679952
2,heldout,raw_pchip,0,6,7,11871695.61714286,0.1063627199109148
2,heldout,lowrank3_pchip,3,6,7,11871695.61714286,0.20962285756181187
2,heldout,raw_pchip,0,6,8,11875295.744117647,-0.004296388039585533
2,heldout,lowrank3_pchip,3,6,8,11875295.744117647,0.10243227745207766
2,heldout,raw_pchip,0,6,10,11882499.378857143,-0.09179820023258256
2,heldout,lowrank3_pchip,3,6,10,11882499.378857143,-0.026193488564870245
2,heldout,raw_pchip,0,6,11,11886100.471470585,-0.10136584268921174
2,heldout,lowrank3_pchip,3,6,11,11886100.471470585,-0.02903672808383273
2,heldout,raw_pchip,0,6,12,11889769.907058822,-0.11198021445388665
2,heldout,lowrank3_pchip,3,6,12,11889769.907058822,-0.045128654554494343
2,heldout,raw_pchip,0,6,13,11893304.126285715,-0.0995340789306977
2,heldout,lowrank3_pchip,3,6,13,11893304.126285715,-0.04408298254256737
2,heldout,raw_pchip,0,6,14,11896906.631142857,-0.05839803778324168
2,heldout,lowrank3_pchip,3,6,14,11896906.631142857,0.0077795603497348076
2,heldout,raw_pchip,0,6,16,11904109.791714286,0.019804305918618887
2,heldout,lowrank3_pchip,3,6,16,11904109.791714286,0.08691627575666076
2,heldout,raw_pchip,0,6,17,11907709.925294116,-0.02015494873120989
2,heldout,lowrank3_pchip,3,6,17,11907709.925294116,0.049547988699840596
2,heldout,raw_pchip,0,6,18,11911379.832571428,-0.04065057015422586
2,heldout,lowrank3_pchip,3,6,18,11911379.832571428,0.03145597822275629
2,heldout,raw_pchip,0,6,19,11914914.03764706,0.022676501548966724
2,heldout,lowrank3_pchip,3,6,19,11914914.03764706,0.09536002404111889
2,heldout,raw_pchip,0,6,20,11918515.142571429,0.0317185395820674
2,heldout,lowrank3_pchip,3,6,20,11918515.142571429,0.11262715742061866
2,heldout,raw_pchip,0,6,22,11925718.333714286,-0.05762103275043275
2,heldout,lowrank3_pchip,3,6,22,11925718.333714286,0.0318220769904389
2,heldout,raw_pchip,0,6,23,11929319.942000002,0.02462681295385165
2,heldout,lowrank3_pchip,3,6,23,11929319.942000002,0.11782185033492265
2,heldout,raw_pchip,0,6,24,11932989.343142858,0.05253005890583355
2,heldout,lowrank3_pchip,3,6,24,11932989.343142858,0.13906922647978803
2,heldout,raw_pchip,0,6,25,11936522.600882353,-0.005508949389322174
2,heldout,lowrank3_pchip,3,6,25,11936522.600882353,0.08022482569192578
2,heldout,raw_pchip,0,6,26,11940125.16647059,0.13093142265841276
2,heldout,lowrank3_pchip,3,6,26,11940125.16647059,0.21809544149911483
2,heldout,raw_pchip,0,6,28,11947328.37611111,-0.015081934409112967
2,heldout,lowrank3_pchip,3,6,28,11947328.37611111,0.06256772360321167
2,heldout,raw_pchip,0,6,29,11950930.41542857,0.15101650829840654
2,heldout,lowrank3_pchip,3,6,29,11950930.41542857,0.20421509825856896
2,heldout,raw_pchip,0,6,30,11954598.400588235,0.1524645081288657
2,heldout,lowrank3_pchip,3,6,30,11954598.400588235,0.17468335133567456
2,heldout,raw_pchip,0,6,31,11958133.073529411,0.04110625841183239
2,heldout,lowrank3_pchip,3,6,31,11958133.073529411,0.035716736094767824
2,heldout,raw_pchip,0,6,32,11961733.694705883,-0.012238254326159164
2,heldout,lowrank3_pchip,3,6,32,11961733.694705883,-0.04818825092781991
2,heldout,raw_pchip,0,6,34,11968936.872058824,0.12444271795779054
2,heldout,lowrank3_pchip,3,6,34,11968936.872058824,0.07123583064571869
2,heldout,raw_pchip,0,6,35,11972538.414411766,0.036858148464458174
2,heldout,lowrank3_pchip,3,6,35,11972538.414411766,-0.015216255490102826
2,heldout,raw_pchip,0,6,36,11976207.822058823,0.13711747253346432
2,heldout,lowrank3_pchip,3,6,36,11976207.822058823,0.07964730949684941
2,heldout,raw_pchip,0,6,37,11979741.570588237,0.12165515072241749
2,heldout,lowrank3_pchip,3,6,37,11979741.570588237,0.06933488506051956
2,heldout,raw_pchip,0,6,38,11983344.594857143,0.08755918263538691
2,heldout,lowrank3_pchip,3,6,38,11983344.594857143,0.04971453685166341
2,heldout,raw_pchip,0,6,40,11990547.260294119,0.0693975183684093
2,heldout,lowrank3_pchip,3,6,40,11990547.260294119,0.024596345104912737
2,heldout,raw_pchip,0,6,41,11994147.885294119,0.08875202325549261
2,heldout,lowrank3_pchip,3,6,41,11994147.885294119,0.07548402722339509
2,heldout,raw_pchip,0,6,42,11997818.766,0.04337326749172398
2,heldout,lowrank3_pchip,3,6,42,11997818.766,0.03723389079793126
2,heldout,raw_pchip,0,6,43,12001352.017058823,0.0475193360380386
2,heldout,lowrank3_pchip,3,6,43,12001352.017058823,0.061675292455840476
2,heldout,raw_pchip,0,6,44,12004953.079714285,-0.002058796745436958
2,heldout,lowrank3_pchip,3,6,44,12004953.079714285,0.015052612807180385
2,heldout,raw_pchip,0,6,46,12012156.266571429,-0.042191078888138674
2,heldout,lowrank3_pchip,3,6,46,12012156.266571429,-0.021712127864276193
2,heldout,raw_pchip,0,6,47,12015758.35388889,-0.019035037407273088
2,heldout,lowrank3_pchip,3,6,47,12015758.35388889,-0.01589993122470189
2,heldout,raw_pchip,0,6,48,12019427.286857141,0.09434448772394613
2,heldout,lowrank3_pchip,3,6,48,12019427.286857141,0.07361737904191629
2,heldout,raw_pchip,0,6,49,12022961.047999999,0.10256625369520156
2,heldout,lowrank3_pchip,3,6,49,12022961.047999999,0.06296605316846458
2,heldout,raw_pchip,0,6,50,12026563.594571428,0.0696168298189829
2,heldout,lowrank3_pchip,3,6,50,12026563.594571428,0.017766213324073927
2,heldout,raw_pchip,0,6,52,12033766.765714286,0.028828655843582796
2,heldout,lowrank3_pchip,3,6,52,12033766.765714286,-0.033781000079258654
2,heldout,raw_pchip,0,6,53,12037366.84617647,0.022720467263769844
2,heldout,lowrank3_pchip,3,6,53,12037366.84617647,-0.02560245595746467
2,heldout,raw_pchip,0,6,54,12041036.292058824,0.02248266170450798
2,heldout,lowrank3_pchip,3,6,54,12041036.292058824,-0.02916858778804669
2,heldout,raw_pchip,0,6,55,12044571.493714284,0.002121501888744767
2,heldout,lowrank3_pchip,3,6,55,12044571.493714284,-0.010225573815754053
2,heldout,raw_pchip,0,6,56,12048171.637058824,-0.047215882238637034
2,heldout,lowrank3_pchip,3,6,56,12048171.637058824,-0.050767818575395016
2,heldout,raw_pchip,0,6,58,12055374.859705882,0.06827878703571662
2,heldout,lowrank3_pchip,3,6,58,12055374.859705882,0.03623179229088934
2,heldout,raw_pchip,0,6,59,12058976.944285717,0.08517185539281143
2,heldout,lowrank3_pchip,3,6,59,12058976.944285717,0.033853824264499545
2,heldout,raw_pchip,0,6,60,12062646.376857143,0.017424165257685878
2,heldout,lowrank3_pchip,3,6,60,12062646.376857143,-0.045288228672062156
2,heldout,raw_pchip,0,6,61,12066179.612941176,0.05434436720960381
2,heldout,lowrank3_pchip,3,6,61,12066179.612941176,-0.03799717622005296
2,heldout,raw_pchip,0,6,62,12069782.658571428,0.12461526481280291
2,heldout,lowrank3_pchip,3,6,62,12069782.658571428,0.009207441996630138
2,heldout,raw_pchip,0,6,64,12076985.299999999,0.10191915907054414
2,heldout,lowrank3_pchip,3,6,64,12076985.299999999,-0.014959457097264003
2,heldout,raw_pchip,0,6,65,12080586.375714287,0.08244987689919878
2,heldout,lowrank3_pchip,3,6,65,12080586.375714287,-0.040991252062045576
2,heldout,raw_pchip,0,6,66,12084257.269705882,0.06313621881816273
2,heldout,lowrank3_pchip,3,6,66,12084257.269705882,-0.03179273900236021
2,heldout,raw_pchip,0,6,67,12087790.063529411,0.01885596027654562
2,heldout,lowrank3_pchip,3,6,67,12087790.063529411,-0.054478799570499045
2,heldout,raw_pchip,0,6,68,12091391.159142857,0.03097602257510983
2,heldout,lowrank3_pchip,3,6,68,12091391.159142857,-0.03877416769378437
2,heldout,raw_pchip,0,6,70,12096623.247058824,0.06393071915421372
2,heldout,lowrank3_pchip,3,6,70,12096623.247058824,0.0287466772666775
2,heldout,raw_pchip,0,6,71,12100156.965588234,0.10995023487956794
2,heldout,lowrank3_pchip,3,6,71,12100156.965588234,0.0861567995284091
2,heldout,raw_pchip,0,6,72,12103758.055142855,0.14991210854522427
2,heldout,lowrank3_pchip,3,6,72,12103758.055142855,0.13764247186100348
2,heldout,raw_pchip,0,6,73,12107426.994705882,0.1090400983938669
2,heldout,lowrank3_pchip,3,6,73,12107426.994705882,0.10704785839038672
2,heldout,raw_pchip,0,6,74,12110960.729117647,0.03738778833827452
2,heldout,lowrank3_pchip,3,6,74,12110960.729117647,0.04052314313588765
2,heldout,raw_pchip,0,6,76,12118232.213142857,-0.059351909233168645
2,heldout,lowrank3_pchip,3,6,76,12118232.213142857,-0.05661139245226126
2,heldout,raw_pchip,0,6,77,12121765.470588233,-0.07652115552249115
2,heldout,lowrank3_pchip,3,6,77,12121765.470588233,-0.0784369106336718
2,heldout,raw_pchip,0,6,78,12125368.49857143,0.05453549723836901
2,heldout,lowrank3_pchip,3,6,78,12125368.49857143,0.04138225914783372
2,heldout,raw_pchip,0,6,79,12129036.457352942,-0.0034473337587437253
2,heldout,lowrank3_pchip,3,6,79,12129036.457352942,-0.015011828322620897
2,heldout,raw_pchip,0,6,80,12132571.164411766,-0.04329891348403788
2,heldout,lowrank3_pchip,3,6,80,12132571.164411766,-0.06254483435737998
2,heldout,raw_pchip,0,6,82,12139842.683714287,0.024502312660289908
2,heldout,lowrank3_pchip,3,6,82,12139842.683714287,0.015206022110648764
2,heldout,raw_pchip,0,6,83,12143375.924705882,0.04434248471162271
2,heldout,lowrank3_pchip,3,6,83,12143375.924705882,0.029428839408692023
2,heldout,raw_pchip,0,6,84,12146977.002857143,0.0011702269271828504
2,heldout,lowrank3_pchip,3,6,84,12146977.002857143,-0.006090396395002405
2,heldout,raw_pchip,0,6,85,12150645.93382353,-0.03934599585056342
2,heldout,lowrank3_pchip,3,6,85,12150645.93382353,-0.03880535031086474
2,heldout,raw_pchip,0,6,86,12154179.667058824,0.02680131842871443
2,heldout,lowrank3_pchip,3,6,86,12154179.667058824,0.010755756997947707
2,heldout,raw_pchip,0,6,88,12161450.64235294,-0.014239332004061812
2,heldout,lowrank3_pchip,3,6,88,12161450.64235294,-0.009755502305846793
2,heldout,raw_pchip,0,6,89,12164985.314166665,-0.02057023604102139
2,heldout,lowrank3_pchip,3,6,89,12164985.314166665,-0.02426844977884402
2,heldout,raw_pchip,0,6,90,12168586.384,-0.0268157180271139
2,heldout,lowrank3_pchip,3,6,90,12168586.384,-0.04079246868051308
2,heldout,raw_pchip,0,6,91,12172256.788285714,0.0838340007681512
2,heldout,lowrank3_pchip,3,6,91,12172256.788285714,0.06039756019633878
2,heldout,raw_pchip,0,6,92,12175790.035882352,0.06635691205451238
2,heldout,lowrank3_pchip,3,6,92,12175790.035882352,0.0346127229135047
2,heldout,raw_pchip,0,6,94,12183060.582571428,0.04489577875930473
2,heldout,lowrank3_pchip,3,6,94,12183060.582571428,0.039711309188294
2,heldout,raw_pchip,0,6,95,12186594.296571428,-0.06879799303433969
2,heldout,lowrank3_pchip,3,6,95,12186594.296571428,-0.055286156492661456
2,heldout,raw_pchip,0,6,96,12190196.377777778,-0.09446794078372732
2,heldout,lowrank3_pchip,3,6,96,12190196.377777778,-0.04288161365664835
2,heldout,raw_pchip,0,6,97,12193865.865,-0.0974902162990932
2,heldout,lowrank3_pchip,3,6,97,12193865.865,-0.04497488977907798
2,heldout,raw_pchip,0,6,98,12197399.116857145,-0.09841458825458183
2,heldout,lowrank3_pchip,3,6,98,12197399.116857145,-0.03232005516011782
2,heldout,raw_pchip,0,6,100,12204669.602647059,0.07803589821087853
2,heldout,lowrank3_pchip,3,6,100,12204669.602647059,0.148118172521986
2,heldout,raw_pchip,0,6,101,12208204.77542857,-0.06136531246633522
2,heldout,lowrank3_pchip,3,6,101,12208204.77542857,-0.008409600413791435
2,heldout,raw_pchip,0,6,102,12211804.916764708,-0.16125309264434506
2,heldout,lowrank3_pchip,3,6,102,12211804.916764708,-0.1283985276899676
2,heldout,raw_pchip,0,6,103,12215475.780571429,-0.14845630507148297
2,heldout,lowrank3_pchip,3,6,103,12215475.780571429,-0.1389132381763056
2,heldout,raw_pchip,0,6,104,12219009.526857143,0.008187657222416496
2,heldout,lowrank3_pchip,3,6,104,12219009.526857143,-0.006754759328242434
2,heldout,raw_pchip,0,6,106,12226279.581999999,0.1756558288452189
2,heldout,lowrank3_pchip,3,6,106,12226279.581999999,0.11599100608252534
2,heldout,raw_pchip,0,6,107,12229812.830294117,0.1639913316440745
2,heldout,lowrank3_pchip,3,6,107,12229812.830294117,0.11725924299937367
2,heldout,raw_pchip,0,6,108,12233414.39,0.1517131829021922
2,heldout,lowrank3_pchip,3,6,108,12233414.39,0.11545543941000158
2,heldout,raw_pchip,0,6,109,12237084.774117647,0.09575223180047619
2,heldout,lowrank3_pchip,3,6,109,12237084.774117647,0.0736158544638353
2,heldout,raw_pchip,0,6,110,12240617.558235295,0.07238502334778625
2,heldout,lowrank3_pchip,3,6,110,12240617.558235295,0.062213465161330875
2,heldout,raw_pchip,0,6,112,12247888.113999998,0.062125207729598224
2,heldout,lowrank3_pchip,3,6,112,12247888.113999998,0.04999171007161933
2,heldout,raw_pchip,0,6,113,12251423.785142856,0.031018501875530638
2,heldout,lowrank3_pchip,3,6,113,12251423.785142856,0.028573036946611344
2,heldout,raw_pchip,0,6,114,12255023.916176472,0.032114546030301054
2,heldout,lowrank3_pchip,3,6,114,12255023.916176472,0.03330289753989339
2,heldout,raw_pchip,0,6,115,12258694.317222219,0.009619748440112243
2,heldout,lowrank3_pchip,3,6,115,12258694.317222219,0.0077084817717487245
2,heldout,raw_pchip,0,6,116,12262228.03735294,0.03061152595249363
2,heldout,lowrank3_pchip,3,6,116,12262228.03735294,0.03262933655081323
2,heldout,raw_pchip,0,6,118,12269499.507714285,-0.01982932470488378
2,heldout,lowrank3_pchip,3,6,118,12269499.507714285,-0.027936074453277202
2,heldout,raw_pchip,0,6,119,12273032.298571426,-0.13819219331857013
2,heldout,lowrank3_pchip,3,6,119,12273032.298571426,-0.13751048711393224
2,heldout,raw_pchip,0,6,120,12276633.854000002,-0.10090459345158082
2,heldout,lowrank3_pchip,3,6,120,12276633.854000002,-0.11063170865203036
2,heldout,raw_pchip,0,6,121,12280304.279428571,-0.02518260569779284
2,heldout,lowrank3_pchip,3,6,121,12280304.279428571,-0.046724475267345016
2,heldout,raw_pchip,0,6,122,12283836.543529412,0.0852300158554137
2,heldout,lowrank3_pchip,3,6,122,12283836.543529412,0.050164256422236965
2,heldout,raw_pchip,0,6,124,12291108.040285714,-0.029450553889760187
2,heldout,lowrank3_pchip,3,6,124,12291108.040285714,-0.0570181003093722
2,heldout,raw_pchip,0,6,125,12294642.725428572,-0.1652575217334008
2,heldout,lowrank3_pchip,3,6,125,12294642.725428572,-0.16634063285123393
2,heldout,raw_pchip,0,6,126,12298243.344571427,-0.10371163832399162
2,heldout,lowrank3_pchip,3,6,126,12298243.344571427,-0.10278152737233741
2,heldout,raw_pchip,0,6,127,12301913.713428572,-0.008706088351131758
2,heldout,lowrank3_pchip,3,6,127,12301913.713428572,0.001910785154477383
2,heldout,raw_pchip,0,6,128,12305446.97764706,-0.045300984689806395
2,heldout,lowrank3_pchip,3,6,128,12305446.97764706,-0.02673163319459974
2,heldout,raw_pchip,0,6,130,12312718.49742857,-0.006098441783454662
2,heldout,lowrank3_pchip,3,6,130,12312718.49742857,0.024714775276347203
2,heldout,raw_pchip,0,6,131,12316250.755588235,0.013141571804787103
2,heldout,lowrank3_pchip,3,6,131,12316250.755588235,0.04559922673885195
2,heldout,raw_pchip,0,6,132,12319853.34611111,0.0689029189328576
2,heldout,lowrank3_pchip,3,6,132,12319853.34611111,0.09420283729449559
2,heldout,raw_pchip,0,6,133,12323521.782647058,-0.03599577865072528
2,heldout,lowrank3_pchip,3,6,133,12323521.782647058,-0.009494160666997091
2,heldout,raw_pchip,0,6,134,12327055.527352942,-0.007076428145180733
2,heldout,lowrank3_pchip,3,6,134,12327055.527352942,0.014622136521047805
2,heldout,raw_pchip,0,6,136,12334327.059714288,0.03886741594355789
2,heldout,lowrank3_pchip,3,6,136,12334327.059714288,0.05364292617868898
2,heldout,raw_pchip,0,6,137,12337861.275882352,-0.041053630827571734
2,heldout,lowrank3_pchip,3,6,137,12337861.275882352,-0.02476500785711722
2,heldout,raw_pchip,0,6,138,12341462.348,0.026541498191792197
2,heldout,lowrank3_pchip,3,6,138,12341462.348,0.043766205749936456
2,heldout,raw_pchip,0,6,139,12345131.287058821,-0.05893692612247745
2,heldout,lowrank3_pchip,3,6,139,12345131.287058821,-0.03486760329578999
2,heldout,raw_pchip,0,6,140,12348666.010294117,-0.058544871453795784
2,heldout,lowrank3_pchip,3,6,140,12348666.010294117,-0.03176645642073656
2,heldout,raw_pchip,0,6,142,12355937.550571427,-0.05298844845603507
2,heldout,lowrank3_pchip,3,6,142,12355937.550571427,-0.028261470546590565
2,heldout,raw_pchip,0,6,143,12359470.295714285,-0.1880834370863921
2,heldout,lowrank3_pchip,3,6,143,12359470.295714285,-0.16475084478069973
2,heldout,raw_pchip,0,6,144,12364146.72235294,-0.333150671628028
2,heldout,lowrank3_pchip,3,6,144,12364146.72235294,-0.3101470235258365
2,heldout,raw_pchip,0,6,145,12367680.468235295,-0.24320930090431805
2,heldout,lowrank3_pchip,3,6,145,12367680.468235295,-0.22000790507582804
2,heldout,raw_pchip,0,6,146,12371282.983235294,-0.22583019701275722
2,heldout,lowrank3_pchip,3,6,146,12371282.983235294,-0.20419094808222515
2,heldout,raw_pchip,0,6,148,12378486.167058825,0.09537610116497607
2,heldout,lowrank3_pchip,3,6,148,12378486.167058825,0.11434460524683947
2,heldout,raw_pchip,0,6,149,12382087.253999999,0.1843246905963948
2,heldout,lowrank3_pchip,3,6,149,12382087.253999999,0.1839264961918689
2,heldout,raw_pchip,0,6,150,12385757.648285715,0.1797820607854445
2,heldout,lowrank3_pchip,3,6,150,12385757.648285715,0.14925269503673658
2,heldout,raw_pchip,0,6,151,12389290.40057143,-0.12270280787983273
2,heldout,lowrank3_pchip,3,6,151,12389290.40057143,-0.18561159030976915
2,heldout,raw_pchip,0,6,152,12392891.956285713,-0.09480805941911133
2,heldout,lowrank3_pchip,3,6,152,12392891.956285713,-0.18986554123409774
2,heldout,raw_pchip,0,6,5,11864491.993529411,-0.011056267419044771
2,heldout,lowrank3_pchip,3,6,5,11864491.993529411,0.04187359152228046
2,heldout,raw_pchip,0,6,6,11868160.443235295,0.03127084824686584
2,heldout,lowrank3_pchip,3,6,6,11868160.443235295,0.05920379176420549
2,heldout,raw_pchip,0,6,7,11871695.61714286,0.1611110157014667
2,heldout,lowrank3_pchip,3,6,7,11871695.61714286,0.16951432482672496
2,heldout,raw_pchip,0,6,8,11875295.744117647,0.08018248219670697
2,heldout,lowrank3_pchip,3,6,8,11875295.744117647,0.07269067529129664
2,heldout,raw_pchip,0,6,9,11878965.629142856,0.08702678740179592
2,heldout,lowrank3_pchip,3,6,9,11878965.629142856,0.08623433197977788
2,heldout,raw_pchip,0,6,11,11886100.471470585,-0.014575083585878501
2,heldout,lowrank3_pchip,3,6,11,11886100.471470585,-0.04483700484103482
2,heldout,raw_pchip,0,6,12,11889769.907058822,-0.05429607105372442
2,heldout,lowrank3_pchip,3,6,12,11889769.907058822,-0.07361603161981338
2,heldout,raw_pchip,0,6,13,11893304.126285715,-0.06681768593788706
2,heldout,lowrank3_pchip,3,6,13,11893304.126285715,-0.0829239762057287
2,heldout,raw_pchip,0,6,14,11896906.631142857,-0.053251186134146165
2,heldout,lowrank3_pchip,3,6,14,11896906.631142857,-0.03813088222214815
2,heldout,raw_pchip,0,6,15,11900573.641764706,-0.01139151223356326
2,heldout,lowrank3_pchip,3,6,15,11900573.641764706,0.012132789467850224
2,heldout,raw_pchip,0,6,17,11907709.925294116,-0.039156115466505
2,heldout,lowrank3_pchip,3,6,17,11907709.925294116,0.009143520690625672
2,heldout,raw_pchip,0,6,18,11911379.832571428,-0.04804853931115472
2,heldout,lowrank3_pchip,3,6,18,11911379.832571428,-0.020493036339375846
2,heldout,raw_pchip,0,6,19,11914914.03764706,0.03834790168874768
2,heldout,lowrank3_pchip,3,6,19,11914914.03764706,0.051988277068884106
2,heldout,raw_pchip,0,6,20,11918515.142571429,0.06566589026738356
2,heldout,lowrank3_pchip,3,6,20,11918515.142571429,0.08030287004580902
2,heldout,raw_pchip,0,6,21,11922185.065588234,0.04768034995974413
2,heldout,lowrank3_pchip,3,6,21,11922185.065588234,0.05762547520694028
2,heldout,raw_pchip,0,6,23,11929319.942000002,0.08851341091531596
2,heldout,lowrank3_pchip,3,6,23,11929319.942000002,0.10413470516391564
2,heldout,raw_pchip,0,6,24,11932989.343142858,0.10765466858864702
2,heldout,lowrank3_pchip,3,6,24,11932989.343142858,0.11761618503927579
2,heldout,raw_pchip,0,6,25,11936522.600882353,0.043121186272033526
2,heldout,lowrank3_pchip,3,6,25,11936522.600882353,0.04932614226205911
2,heldout,raw_pchip,0,6,26,11940125.16647059,0.17295880024729754
2,heldout,lowrank3_pchip,3,6,26,11940125.16647059,0.1743846546380018
2,heldout,raw_pchip,0,6,27,11943793.66382353,0.045452974907762476
2,heldout,lowrank3_pchip,3,6,27,11943793.66382353,0.03188598987493727
2,heldout,raw_pchip,0,6,29,11950930.41542857,0.14655350299303216
2,heldout,lowrank3_pchip,3,6,29,11950930.41542857,0.13405701618580812
2,heldout,raw_pchip,0,6,30,11954598.400588235,0.11137381494851062
2,heldout,lowrank3_pchip,3,6,30,11954598.400588235,0.11324780469026627
2,heldout,raw_pchip,0,6,31,11958133.073529411,-0.0522229003209124
2,heldout,lowrank3_pchip,3,6,31,11958133.073529411,-0.03509359291036494
2,heldout,raw_pchip,0,6,32,11961733.694705883,-0.10965596961923675
2,heldout,lowrank3_pchip,3,6,32,11961733.694705883,-0.0863860027487654
2,heldout,raw_pchip,0,6,33,11965404.596285712,-0.12758565548958128
2,heldout,lowrank3_pchip,3,6,33,11965404.596285712,-0.09851185850322874
2,heldout,raw_pchip,0,6,35,11972538.414411766,-0.08178155729578995
2,heldout,lowrank3_pchip,3,6,35,11972538.414411766,-0.04534113585981794
2,heldout,raw_pchip,0,6,36,11976207.822058823,0.026684982334519203
2,heldout,lowrank3_pchip,3,6,36,11976207.822058823,0.05870053932029512
2,heldout,raw_pchip,0,6,37,11979741.570588237,0.018061400071473152
2,heldout,lowrank3_pchip,3,6,37,11979741.570588237,0.050553456100349406
2,heldout,raw_pchip,0,6,38,11983344.594857143,-0.012585591861293788
2,heldout,lowrank3_pchip,3,6,38,11983344.594857143,0.018016076626292777
2,heldout,raw_pchip,0,6,39,11987011.597058823,-0.08853108373924534
2,heldout,lowrank3_pchip,3,6,39,11987011.597058823,-0.05676517761293824
2,heldout,raw_pchip,0,6,41,11994147.885294119,0.05470591065631178
2,heldout,lowrank3_pchip,3,6,41,11994147.885294119,0.09804547184092052
2,heldout,raw_pchip,0,6,42,11997818.766,0.044710023225717266
2,heldout,lowrank3_pchip,3,6,42,11997818.766,0.06453575416680506
2,heldout,raw_pchip,0,6,43,12001352.017058823,0.091198740495779
2,heldout,lowrank3_pchip,3,6,43,12001352.017058823,0.08902632685906525
2,heldout,raw_pchip,0,6,44,12004953.079714285,0.051178388755737034
2,heldout,lowrank3_pchip,3,6,44,12004953.079714285,0.030078004543106877
2,heldout,raw_pchip,0,6,45,12008623.025588235,0.060037797776773025
2,heldout,lowrank3_pchip,3,6,45,12008623.025588235,0.030511180638852185
2,heldout,raw_pchip,0,6,47,12015758.35388889,-0.003978591893315892
2,heldout,lowrank3_pchip,3,6,47,12015758.35388889,-0.0401577606512072
2,heldout,raw_pchip,0,6,48,12019427.286857141,0.08636806384571365
2,heldout,lowrank3_pchip,3,6,48,12019427.286857141,0.03714632306118712
2,heldout,raw_pchip,0,6,49,12022961.047999999,0.07393624589743965
2,heldout,lowrank3_pchip,3,6,49,12022961.047999999,0.028193364179916306
2,heldout,raw_pchip,0,6,50,12026563.594571428,0.04318066477803762
2,heldout,lowrank3_pchip,3,6,50,12026563.594571428,-0.024060185191175455
2,heldout,raw_pchip,0,6,51,12030232.037714286,-0.02902236440870267
2,heldout,lowrank3_pchip,3,6,51,12030232.037714286,-0.0941979905174159
2,heldout,raw_pchip,0,6,53,12037366.84617647,-0.0025112290077490304
2,heldout,lowrank3_pchip,3,6,53,12037366.84617647,-0.05349052028373456
2,heldout,raw_pchip,0,6,54,12041036.292058824,-0.02245810143360447
2,heldout,lowrank3_pchip,3,6,54,12041036.292058824,-0.057103087769589264
2,heldout,raw_pchip,0,6,55,12044571.493714284,-0.020364061460730665
2,heldout,lowrank3_pchip,3,6,55,12044571.493714284,-0.037761612178996234
2,heldout,raw_pchip,0,6,56,12048171.637058824,-0.08462523012538604
2,heldout,lowrank3_pchip,3,6,56,12048171.637058824,-0.07715893957527352
2,heldout,raw_pchip,0,6,57,12051841.103235293,-0.05645844437022763
2,heldout,lowrank3_pchip,3,6,57,12051841.103235293,-0.027435494765348793
2,heldout,raw_pchip,0,6,59,12058976.944285717,0.0010398454074756946
2,heldout,lowrank3_pchip,3,6,59,12058976.944285717,0.014073310743250845
2,heldout,raw_pchip,0,6,60,12062646.376857143,-0.06872208931256693
2,heldout,lowrank3_pchip,3,6,60,12062646.376857143,-0.06225569757663433
2,heldout,raw_pchip,0,6,61,12066179.612941176,-0.06063507832956172
2,heldout,lowrank3_pchip,3,6,61,12066179.612941176,-0.052220835233813497
2,heldout,raw_pchip,0,6,62,12069782.658571428,0.0041393380621681025
2,heldout,lowrank3_pchip,3,6,62,12069782.658571428,-0.002588225606890644
2,heldout,raw_pchip,0,6,63,12073452.05542857,-0.11652540845013801
2,heldout,lowrank3_pchip,3,6,63,12073452.05542857,-0.12312788346809385
2,heldout,raw_pchip,0,6,65,12080586.375714287,-0.023665139834244477
2,heldout,lowrank3_pchip,3,6,65,12080586.375714287,-0.0545220682996103
2,heldout,raw_pchip,0,6,66,12084257.269705882,-0.01504509184475924
2,heldout,lowrank3_pchip,3,6,66,12084257.269705882,-0.05322053836607926
2,heldout,raw_pchip,0,6,67,12087790.063529411,-0.06213737358377674
2,heldout,lowrank3_pchip,3,6,67,12087790.063529411,-0.08632470014164671
2,heldout,raw_pchip,0,6,68,12091391.159142857,-0.059872618459918606
2,heldout,lowrank3_pchip,3,6,68,12091391.159142857,-0.07791639754144332
2,heldout,raw_pchip,0,6,69,12095060.135882355,-0.07418327918526706
2,heldout,lowrank3_pchip,3,6,69,12095060.135882355,-0.08778433570706967
2,heldout,raw_pchip,0,6,71,12100156.965588234,0.06561498032220031
2,heldout,lowrank3_pchip,3,6,71,12100156.965588234,0.045798262263257665
2,heldout,raw_pchip,0,6,72,12103758.055142855,0.11645140982535407
2,heldout,lowrank3_pchip,3,6,72,12103758.055142855,0.09337685975478159
2,heldout,raw_pchip,0,6,73,12107426.994705882,0.13028184308320015
2,heldout,lowrank3_pchip,3,6,73,12107426.994705882,0.08436454628814655
2,heldout,raw_pchip,0,6,74,12110960.729117647,0.061046022298765
2,heldout,lowrank3_pchip,3,6,74,12110960.729117647,0.008950436432682967
2,heldout,raw_pchip,0,6,75,12114563.282941176,0.03826264988499258
2,heldout,lowrank3_pchip,3,6,75,12114563.282941176,0.013220710951448621
2,heldout,raw_pchip,0,6,77,12121765.470588233,-0.0100428417709365
2,heldout,lowrank3_pchip,3,6,77,12121765.470588233,-0.018020917451410556
2,heldout,raw_pchip,0,6,78,12125368.49857143,0.12673690118574937
2,heldout,lowrank3_pchip,3,6,78,12125368.49857143,0.12474108278404926
2,heldout,raw_pchip,0,6,79,12129036.457352942,0.04455324757098996
2,heldout,lowrank3_pchip,3,6,79,12129036.457352942,0.03916634707370998
2,heldout,raw_pchip,0,6,80,12132571.164411766,-0.042224870421290056
2,heldout,lowrank3_pchip,3,6,80,12132571.164411766,-0.014889296875399818
2,heldout,raw_pchip,0,6,81,12136172.267142856,-0.01170400763401976
2,heldout,lowrank3_pchip,3,6,81,12136172.267142856,0.00012755742061173951
2,heldout,raw_pchip,0,6,83,12143375.924705882,0.024619620924133154
2,heldout,lowrank3_pchip,3,6,83,12143375.924705882,0.031815182244102534
2,heldout,raw_pchip,0,6,84,12146977.002857143,-0.012934813099974879
2,heldout,lowrank3_pchip,3,6,84,12146977.002857143,0.00022726575134536474
2,heldout,raw_pchip,0,6,85,12150645.93382353,-0.04071577001683896
2,heldout,lowrank3_pchip,3,6,85,12150645.93382353,-0.029057081389238095
2,heldout,raw_pchip,0,6,86,12154179.667058824,0.025754999299803797
2,heldout,lowrank3_pchip,3,6,86,12154179.667058824,0.02286926921139695
2,heldout,raw_pchip,0,6,87,12157782.691142859,0.01327941932401013
2,heldout,lowrank3_pchip,3,6,87,12157782.691142859,0.019880060075187878
2,heldout,raw_pchip,0,6,89,12164985.314166665,-0.016835831509492975
2,heldout,lowrank3_pchip,3,6,89,12164985.314166665,-0.015338299764588113
2,heldout,raw_pchip,0,6,90,12168586.384,-0.042879902394503795
2,heldout,lowrank3_pchip,3,6,90,12168586.384,-0.03825787333119961
2,heldout,raw_pchip,0,6,91,12172256.788285714,0.04515428911621263
2,heldout,lowrank3_pchip,3,6,91,12172256.788285714,0.05581402524519767
2,heldout,raw_pchip,0,6,92,12175790.035882352,0.018593481343806364
2,heldout,lowrank3_pchip,3,6,92,12175790.035882352,0.02449017696627036
2,heldout,raw_pchip,0,6,93,12179390.67147059,-0.05781343085466025
2,heldout,lowrank3_pchip,3,6,93,12179390.67147059,-0.032679916712577646
2,heldout,raw_pchip,0,6,95,12186594.296571428,-0.09816460076230477
2,heldout,lowrank3_pchip,3,6,95,12186594.296571428,-0.06168245402768316
2,heldout,raw_pchip,0,6,96,12190196.377777778,-0.1136236241339689
2,heldout,lowrank3_pchip,3,6,96,12190196.377777778,-0.06986384121759036
2,heldout,raw_pchip,0,6,97,12193865.865,-0.1151249253797577
2,heldout,lowrank3_pchip,3,6,97,12193865.865,-0.05999422297582088
2,heldout,raw_pchip,0,6,98,12197399.116857145,-0.12520176000884023
2,heldout,lowrank3_pchip,3,6,98,12197399.116857145,-0.05752929095043018
2,heldout,raw_pchip,0,6,99,12201001.628285715,-0.049226885660164275
2,heldout,lowrank3_pchip,3,6,99,12201001.628285715,0.0376163967111978
2,heldout,raw_pchip,0,6,101,12208204.77542857,-0.17929602095609812
2,heldout,lowrank3_pchip,3,6,101,12208204.77542857,-0.07512096440227183
2,heldout,raw_pchip,0,6,102,12211804.916764708,-0.3006759980648445
2,heldout,lowrank3_pchip,3,6,102,12211804.916764708,-0.20594363359274243
2,heldout,raw_pchip,0,6,103,12215475.780571429,-0.32288416040978685
2,heldout,lowrank3_pchip,3,6,103,12215475.780571429,-0.24728037264840452
2,heldout,raw_pchip,0,6,104,12219009.526857143,-0.18446415807370367
2,heldout,lowrank3_pchip,3,6,104,12219009.526857143,-0.13089889210059438
2,heldout,raw_pchip,0,6,105,12222609.658529412,-0.22215837135144942
2,heldout,lowrank3_pchip,3,6,105,12222609.658529412,-0.1754115022002215
2,heldout,raw_pchip,0,6,107,12229812.830294117,0.019257629177760745
2,heldout,lowrank3_pchip,3,6,107,12229812.830294117,0.04172153900303787
2,heldout,raw_pchip,0,6,108,12233414.39,0.03733422766359129
2,heldout,lowrank3_pchip,3,6,108,12233414.39,0.05837245029912648
2,heldout,raw_pchip,0,6,109,12237084.774117647,0.00989855522757405
2,heldout,lowrank3_pchip,3,6,109,12237084.774117647,0.03138467341873592
2,heldout,raw_pchip,0,6,110,12240617.558235295,0.009605507083433386
2,heldout,lowrank3_pchip,3,6,110,12240617.558235295,0.02307851226559304
2,heldout,raw_pchip,0,6,111,12244220.585142858,-0.0589811882125365
2,heldout,lowrank3_pchip,3,6,111,12244220.585142858,-0.05111687859521877
2,heldout,raw_pchip,0,6,113,12251423.785142856,-0.021169690094535083
2,heldout,lowrank3_pchip,3,6,113,12251423.785142856,-0.03641503096973872
2,heldout,raw_pchip,0,6,114,12255023.916176472,-0.005794977812004937
2,heldout,lowrank3_pchip,3,6,114,12255023.916176472,-0.028733526868960742
2,heldout,raw_pchip,0,6,115,12258694.317222219,-0.010272161330340552
2,heldout,lowrank3_pchip,3,6,115,12258694.317222219,-0.04232768733642031
2,heldout,raw_pchip,0,6,116,12262228.03735294,0.04861102214992897
2,heldout,lowrank3_pchip,3,6,116,12262228.03735294,-0.017615839602721076
2,heldout,raw_pchip,0,6,117,12265828.654411765,0.025322772175996655
2,heldout,lowrank3_pchip,3,6,117,12265828.654411765,-0.017477753376327208
2,heldout,raw_pchip,0,6,119,12273032.298571426,-0.15127580429070936
2,heldout,lowrank3_pchip,3,6,119,12273032.298571426,-0.18781927734796158
2,heldout,raw_pchip,0,6,120,12276633.854000002,-0.12940275806397591
2,heldout,lowrank3_pchip,3,6,120,12276633.854000002,-0.15157589914924227
2,heldout,raw_pchip,0,6,121,12280304.279428571,-0.05378904986085883
2,heldout,lowrank3_pchip,3,6,121,12280304.279428571,-0.05686744761286425
2,heldout,raw_pchip,0,6,122,12283836.543529412,0.05915248700127292
2,heldout,lowrank3_pchip,3,6,122,12283836.543529412,0.07078079590327888
2,heldout,raw_pchip,0,6,123,12287439.102058824,-0.008038721503289981
2,heldout,lowrank3_pchip,3,6,123,12287439.102058824,0.02741808208713321
2,heldout,raw_pchip,0,6,125,12294642.725428572,-0.11280390124543249
2,heldout,lowrank3_pchip,3,6,125,12294642.725428572,-0.06264046113371759
2,heldout,raw_pchip,0,6,126,12298243.344571427,-0.02652573159196532
2,heldout,lowrank3_pchip,3,6,126,12298243.344571427,-0.011563663588926906
2,heldout,raw_pchip,0,6,127,12301913.713428572,0.05568372349777392
2,heldout,lowrank3_pchip,3,6,127,12301913.713428572,0.04977656860796836
2,heldout,raw_pchip,0,6,128,12305446.97764706,0.0012619196447491803
2,heldout,lowrank3_pchip,3,6,128,12305446.97764706,-0.023861949836795106
2,heldout,raw_pchip,0,6,129,12309048.100571427,0.01787738533848488
2,heldout,lowrank3_pchip,3,6,129,12309048.100571427,-0.021272696121534557
2,heldout,raw_pchip,0,6,131,12316250.755588235,0.014193095070382689
2,heldout,lowrank3_pchip,3,6,131,12316250.755588235,-0.02272293188672912
2,heldout,raw_pchip,0,6,132,12319853.34611111,0.05644525753389484
2,heldout,lowrank3_pchip,3,6,132,12319853.34611111,0.033672929009615216
2,heldout,raw_pchip,0,6,133,12323521.782647058,-0.05779895745646632
2,heldout,lowrank3_pchip,3,6,133,12323521.782647058,-0.06313760247835601
2,heldout,raw_pchip,0,6,134,12327055.527352942,-0.04026491770577364
2,heldout,lowrank3_pchip,3,6,134,12327055.527352942,-0.02553760049089504
2,heldout,raw_pchip,0,6,135,12330658.07647059,-0.04016069877639001
2,heldout,lowrank3_pchip,3,6,135,12330658.07647059,-0.010259381154300778
2,heldout,raw_pchip,0,6,137,12337861.275882352,-0.06749247187513478
2,heldout,lowrank3_pchip,3,6,137,12337861.275882352,-0.03092290891969494
2,heldout,raw_pchip,0,6,138,12341462.348,0.02649661958775051
2,heldout,lowrank3_pchip,3,6,138,12341462.348,0.055638633854962476
2,heldout,raw_pchip,0,6,139,12345131.287058821,-0.04112692372176081
2,heldout,lowrank3_pchip,3,6,139,12345131.287058821,-0.01738008411412765
2,heldout,raw_pchip,0,6,140,12348666.010294117,-0.02047137531132048
2,heldout,lowrank3_pchip,3,6,140,12348666.010294117,-0.004236647473860857
2,heldout,raw_pchip,0,6,141,12352266.660294117,0.0498077107636781
2,heldout,lowrank3_pchip,3,6,141,12352266.660294117,0.06545396040323993
2,heldout,raw_pchip,0,6,143,12359470.295714285,-0.14437453395515124
2,heldout,lowrank3_pchip,3,6,143,12359470.295714285,-0.13933911392408543
2,heldout,raw_pchip,0,6,144,12364146.72235294,-0.31159263560616374
2,heldout,lowrank3_pchip,3,6,144,12364146.72235294,-0.3181663519358465
2,heldout,raw_pchip,0,6,145,12367680.468235295,-0.24463614506170964
2,heldout,lowrank3_pchip,3,6,145,12367680.468235295,-0.26456606418510614
2,heldout,raw_pchip,0,6,146,12371282.983235294,-0.2578614273346519
2,heldout,lowrank3_pchip,3,6,146,12371282.983235294,-0.289610918115476
2,heldout,raw_pchip,0,6,147,12374951.466176469,-0.06251281150290704
2,heldout,lowrank3_pchip,3,6,147,12374951.466176469,-0.09621157626809718
2,heldout,raw_pchip,0,6,149,12382087.253999999,0.06953653797922255
2,heldout,lowrank3_pchip,3,6,149,12382087.253999999,0.036251152336932595
2,heldout,raw_pchip,0,6,150,12385757.648285715,0.052588713691797136
2,heldout,lowrank3_pchip,3,6,150,12385757.648285715,-0.00013853639201471006
2,heldout,raw_pchip,0,6,151,12389290.40057143,-0.19022129094213416
2,heldout,lowrank3_pchip,3,6,151,12389290.40057143,-0.2600042532576617
2,heldout,raw_pchip,0,6,152,12392891.956285713,-0.11538883151554323
2,heldout,lowrank3_pchip,3,6,152,12392891.956285713,-0.20093011408464753
2,heldout,raw_pchip,0,6,153,12396561.387428572,-0.045637299951098574
2,heldout,lowrank3_pchip,3,6,153,12396561.387428572,-0.15892213355493653
2,heldout,raw_pchip,0,6,6,11868160.443235295,0.011833029631681126
2,heldout,lowrank3_pchip,3,6,6,11868160.443235295,0.07535471016039304
2,heldout,raw_pchip,0,6,7,11871695.61714286,0.13368772962623354
2,heldout,lowrank3_pchip,3,6,7,11871695.61714286,0.17032436124181424
2,heldout,raw_pchip,0,6,8,11875295.744117647,0.046311261495363104
2,heldout,lowrank3_pchip,3,6,8,11875295.744117647,0.06730281650626267
2,heldout,raw_pchip,0,6,9,11878965.629142856,0.07975988399830392
2,heldout,lowrank3_pchip,3,6,9,11878965.629142856,0.04170770803748257
2,heldout,raw_pchip,0,6,10,11882499.378857143,-0.014956941116219927
2,heldout,lowrank3_pchip,3,6,10,11882499.378857143,-0.03685525601184748
2,heldout,raw_pchip,0,6,12,11889769.907058822,-0.025595921481802893
2,heldout,lowrank3_pchip,3,6,12,11889769.907058822,-0.04635424325389426
2,heldout,raw_pchip,0,6,13,11893304.126285715,-0.03944282987366107
2,heldout,lowrank3_pchip,3,6,13,11893304.126285715,-0.058055876425519806
2,heldout,raw_pchip,0,6,14,11896906.631142857,0.0028356686028276163
2,heldout,lowrank3_pchip,3,6,14,11896906.631142857,0.004107154229112192
2,heldout,raw_pchip,0,6,15,11900573.641764706,0.04950589890269857
2,heldout,lowrank3_pchip,3,6,15,11900573.641764706,0.06339632042324447
2,heldout,raw_pchip,0,6,16,11904109.791714286,0.05744106128681273
2,heldout,lowrank3_pchip,3,6,16,11904109.791714286,0.07619166649639063
2,heldout,raw_pchip,0,6,18,11911379.832571428,-0.057415471641631174
2,heldout,lowrank3_pchip,3,6,18,11911379.832571428,-0.04870897239545395
2,heldout,raw_pchip,0,6,19,11914914.03764706,0.0016580538775424094
2,heldout,lowrank3_pchip,3,6,19,11914914.03764706,0.01594110310093493
2,heldout,raw_pchip,0,6,20,11918515.142571429,0.0019808737251786855
2,heldout,lowrank3_pchip,3,6,20,11918515.142571429,0.03755080759012652
2,heldout,raw_pchip,0,6,21,11922185.065588234,-0.03459293897841267
2,heldout,lowrank3_pchip,3,6,21,11922185.065588234,0.02186565678502665
2,heldout,raw_pchip,0,6,22,11925718.333714286,-0.08816193070264583
2,heldout,lowrank3_pchip,3,6,22,11925718.333714286,-0.022404207076440245
2,heldout,raw_pchip,0,6,24,11932989.343142858,0.046721212202225526
2,heldout,lowrank3_pchip,3,6,24,11932989.343142858,0.08421226631970384
2,heldout,raw_pchip,0,6,25,11936522.600882353,-0.028077824884825093
2,heldout,lowrank3_pchip,3,6,25,11936522.600882353,0.008192005042361027
2,heldout,raw_pchip,0,6,26,11940125.16647059,0.08234870082148157
2,heldout,lowrank3_pchip,3,6,26,11940125.16647059,0.12318340065065281
2,heldout,raw_pchip,0,6,27,11943793.66382353,-0.07721224640098519
2,heldout,lowrank3_pchip,3,6,27,11943793.66382353,-0.03339264141829038
2,heldout,raw_pchip,0,6,28,11947328.37611111,-0.14451610954559851
2,heldout,lowrank3_pchip,3,6,28,11947328.37611111,-0.08432487976627022
2,heldout,raw_pchip,0,6,30,11954598.400588235,-0.005120813794020314
2,heldout,lowrank3_pchip,3,6,30,11954598.400588235,-0.008951882279556157
2,heldout,raw_pchip,0,6,31,11958133.073529411,-0.1060195631453837
2,heldout,lowrank3_pchip,3,6,31,11958133.073529411,-0.12162182229064461
2,heldout,raw_pchip,0,6,32,11961733.694705883,-0.10428100986579555
2,heldout,lowrank3_pchip,3,6,32,11961733.694705883,-0.13363363194024852
2,heldout,raw_pchip,0,6,33,11965404.596285712,-0.0807959933570412
2,heldout,lowrank3_pchip,3,6,33,11965404.596285712,-0.12209778114303085
2,heldout,raw_pchip,0,6,34,11968936.872058824,0.08051373129719909
2,heldout,lowrank3_pchip,3,6,34,11968936.872058824,0.03358947057954688
2,heldout,raw_pchip,0,6,36,11976207.822058823,0.08529653779885145
2,heldout,lowrank3_pchip,3,6,36,11976207.822058823,0.04361627577184792
2,heldout,raw_pchip,0,6,37,11979741.570588237,0.051003980370367394
2,heldout,lowrank3_pchip,3,6,37,11979741.570588237,0.021924984157111343
2,heldout,raw_pchip,0,6,38,11983344.594857143,-0.007379294952917957
2,heldout,lowrank3_pchip,3,6,38,11983344.594857143,-0.021331403807016366
2,heldout,raw_pchip,0,6,39,11987011.597058823,-0.11088841653130053
2,heldout,lowrank3_pchip,3,6,39,11987011.597058823,-0.11193470535722423
2,heldout,raw_pchip,0,6,40,11990547.260294119,-0.04093389176351109
2,heldout,lowrank3_pchip,3,6,40,11990547.260294119,-0.03662655442043123
2,heldout,raw_pchip,0,6,42,11997818.766,0.001558749081964131
2,heldout,lowrank3_pchip,3,6,42,11997818.766,-0.013660909984301965
2,heldout,raw_pchip,0,6,43,12001352.017058823,0.06509006835253793
2,heldout,lowrank3_pchip,3,6,43,12001352.017058823,0.02699362607950139
2,heldout,raw_pchip,0,6,44,12004953.079714285,0.04072872144183261
2,heldout,lowrank3_pchip,3,6,44,12004953.079714285,-0.004978520444140342
2,heldout,raw_pchip,0,6,45,12008623.025588235,0.06182074873261827
2,heldout,lowrank3_pchip,3,6,45,12008623.025588235,0.004374837450913879
2,heldout,raw_pchip,0,6,46,12012156.266571429,0.01054458738696392
2,heldout,lowrank3_pchip,3,6,46,12012156.266571429,-0.046990447606843885
2,heldout,raw_pchip,0,6,48,12019427.286857141,0.07769928932256931
2,heldout,lowrank3_pchip,3,6,48,12019427.286857141,0.03188330786891151
2,heldout,raw_pchip,0,6,49,12022961.047999999,0.061853514576909824
2,heldout,lowrank3_pchip,3,6,49,12022961.047999999,0.014808431871705215
2,heldout,raw_pchip,0,6,50,12026563.594571428,0.02937981396347201
2,heldout,lowrank3_pchip,3,6,50,12026563.594571428,-0.02798270309558292
2,heldout,raw_pchip,0,6,51,12030232.037714286,-0.04447152660790623
2,heldout,lowrank3_pchip,3,6,51,12030232.037714286,-0.09633668686333731
2,heldout,raw_pchip,0,6,52,12033766.765714286,-0.003056340088429934
2,heldout,lowrank3_pchip,3,6,52,12033766.765714286,-0.05556769625122183
2,heldout,raw_pchip,0,6,54,12041036.292058824,0.001955321979849962
2,heldout,lowrank3_pchip,3,6,54,12041036.292058824,-0.04447406689056958
2,heldout,raw_pchip,0,6,55,12044571.493714284,-0.012476451088224547
2,heldout,lowrank3_pchip,3,6,55,12044571.493714284,-0.023419524870389848
2,heldout,raw_pchip,0,6,56,12048171.637058824,-0.0726441722220797
2,heldout,lowrank3_pchip,3,6,56,12048171.637058824,-0.061937289947395224
2,heldout,raw_pchip,0,6,57,12051841.103235293,-0.04862073990355784
2,heldout,lowrank3_pchip,3,6,57,12051841.103235293,-0.01120526551973899
2,heldout,raw_pchip,0,6,58,12055374.859705882,0.002328739672727148
2,heldout,lowrank3_pchip,3,6,58,12055374.859705882,0.03363524560697208
2,heldout,raw_pchip,0,6,60,12062646.376857143,-0.06935495015654551
2,heldout,lowrank3_pchip,3,6,60,12062646.376857143,-0.03949702423837699
2,heldout,raw_pchip,0,6,61,12066179.612941176,-0.061481271334177266
2,heldout,lowrank3_pchip,3,6,61,12066179.612941176,-0.02745146330566061
2,heldout,raw_pchip,0,6,62,12069782.658571428,0.002988517041761592
2,heldout,lowrank3_pchip,3,6,62,12069782.658571428,0.02433227072946501
2,heldout,raw_pchip,0,6,63,12073452.05542857,-0.1165672107565276
2,heldout,lowrank3_pchip,3,6,63,12073452.05542857,-0.09969814426599288
2,heldout,raw_pchip,0,6,64,12076985.299999999,0.01295162261832128
2,heldout,lowrank3_pchip,3,6,64,12076985.299999999,0.005816144562461377
2,heldout,raw_pchip,0,6,66,12084257.269705882,0.005533038810783675
2,heldout,lowrank3_pchip,3,6,66,12084257.269705882,-0.00875199350926784
2,heldout,raw_pchip,0,6,67,12087790.063529411,-0.05790173345926321
2,heldout,lowrank3_pchip,3,6,67,12087790.063529411,-0.05404255311416595
2,heldout,raw_pchip,0,6,68,12091391.159142857,-0.06379682395481318
2,heldout,lowrank3_pchip,3,6,68,12091391.159142857,-0.058577485622968495
2,heldout,raw_pchip,0,6,69,12095060.135882355,-0.1059421563072021
2,heldout,lowrank3_pchip,3,6,69,12095060.135882355,-0.08422325821133697
2,heldout,raw_pchip,0,6,70,12096623.247058824,-0.04109939288467328
2,heldout,lowrank3_pchip,3,6,70,12096623.247058824,-0.02400128448951697
2,heldout,raw_pchip,0,6,72,12103758.055142855,0.045173551243017834
2,heldout,lowrank3_pchip,3,6,72,12103758.055142855,0.07471800773634245
2,heldout,raw_pchip,0,6,73,12107426.994705882,0.06943725649506138
2,heldout,lowrank3_pchip,3,6,73,12107426.994705882,0.08758656185795005
2,heldout,raw_pchip,0,6,74,12110960.729117647,-0.0041425490791856855
2,heldout,lowrank3_pchip,3,6,74,12110960.729117647,0.010392379192944178
2,heldout,raw_pchip,0,6,75,12114563.282941176,0.011312468994730842
2,heldout,lowrank3_pchip,3,6,75,12114563.282941176,0.011088507465834976
2,heldout,raw_pchip,0,6,76,12118232.213142857,-0.024421288388718307
2,heldout,lowrank3_pchip,3,6,76,12118232.213142857,-0.024018243751894996
2,heldout,raw_pchip,0,6,78,12125368.49857143,0.14435942978368901
2,heldout,lowrank3_pchip,3,6,78,12125368.49857143,0.14594523614353438
2,heldout,raw_pchip,0,6,79,12129036.457352942,0.07346391062015661
2,heldout,lowrank3_pchip,3,6,79,12129036.457352942,0.08406522572608591
2,heldout,raw_pchip,0,6,80,12132571.164411766,0.00492603392123139
2,heldout,lowrank3_pchip,3,6,80,12132571.164411766,0.026705822384350566
2,heldout,raw_pchip,0,6,81,12136172.267142856,0.007553055284833899
2,heldout,lowrank3_pchip,3,6,81,12136172.267142856,0.04091661414214312
2,heldout,raw_pchip,0,6,82,12139842.683714287,-0.010085936090600916
2,heldout,lowrank3_pchip,3,6,82,12139842.683714287,0.03802446964635452
2,heldout,raw_pchip,0,6,84,12146977.002857143,-0.03406152451629501
2,heldout,lowrank3_pchip,3,6,84,12146977.002857143,0.011409945224241103
2,heldout,raw_pchip,0,6,85,12150645.93382353,-0.049864713095372465
2,heldout,lowrank3_pchip,3,6,85,12150645.93382353,-0.009308949496430598
2,heldout,raw_pchip,0,6,86,12154179.667058824,0.021552296654453615
2,heldout,lowrank3_pchip,3,6,86,12154179.667058824,0.033609342335310335
2,heldout,raw_pchip,0,6,87,12157782.691142859,0.01859895206908818
2,heldout,lowrank3_pchip,3,6,87,12157782.691142859,0.03170891953725495
2,heldout,raw_pchip,0,6,88,12161450.64235294,0.011466469324753847
2,heldout,lowrank3_pchip,3,6,88,12161450.64235294,0.01728640843207433
2,heldout,raw_pchip,0,6,90,12168586.384,-0.013859258053601714
2,heldout,lowrank3_pchip,3,6,90,12168586.384,-0.009692065070033003
2,heldout,raw_pchip,0,6,91,12172256.788285714,0.09306425031175097
2,heldout,lowrank3_pchip,3,6,91,12172256.788285714,0.09549469618482762
2,heldout,raw_pchip,0,6,92,12175790.035882352,0.07419355496278382
2,heldout,lowrank3_pchip,3,6,92,12175790.035882352,0.07439065972831294
2,heldout,raw_pchip,0,6,93,12179390.67147059,0.025683344806496436
2,heldout,lowrank3_pchip,3,6,93,12179390.67147059,0.023668475119466743
2,heldout,raw_pchip,0,6,94,12183060.582571428,0.09141965953222712
2,heldout,lowrank3_pchip,3,6,94,12183060.582571428,0.08803926053268628
2,heldout,raw_pchip,0,6,96,12190196.377777778,0.00619889466599218
2,heldout,lowrank3_pchip,3,6,96,12190196.377777778,-0.002389468149250515
2,heldout,raw_pchip,0,6,97,12193865.865,0.007930452831130629
2,heldout,lowrank3_pchip,3,6,97,12193865.865,0.006891568529782196
2,heldout,raw_pchip,0,6,98,12197399.116857145,0.004780458789441438
2,heldout,lowrank3_pchip,3,6,98,12197399.116857145,0.01770742575018185
2,heldout,raw_pchip,0,6,99,12201001.628285715,0.098918048925838
2,heldout,lowrank3_pchip,3,6,99,12201001.628285715,0.11566642462783955
2,heldout,raw_pchip,0,6,100,12204669.602647059,0.16498152511797748
2,heldout,lowrank3_pchip,3,6,100,12204669.602647059,0.18575809169150032
2,heldout,raw_pchip,0,6,102,12211804.916764708,-0.13881877091211395
2,heldout,lowrank3_pchip,3,6,102,12211804.916764708,-0.11444373688145934
2,heldout,raw_pchip,0,6,103,12215475.780571429,-0.18906964553921982
2,heldout,lowrank3_pchip,3,6,103,12215475.780571429,-0.16650328452052546
2,heldout,raw_pchip,0,6,104,12219009.526857143,-0.100327332468667
2,heldout,lowrank3_pchip,3,6,104,12219009.526857143,-0.08046635792341392
2,heldout,raw_pchip,0,6,105,12222609.658529412,-0.17329006860379623
2,heldout,lowrank3_pchip,3,6,105,12222609.658529412,-0.1671203972032365
2,heldout,raw_pchip,0,6,106,12226279.581999999,-0.009492717315894444
2,heldout,lowrank3_pchip,3,6,106,12226279.581999999,0.004147805580275506
2,heldout,raw_pchip,0,6,108,12233414.39,0.020382231729283107
2,heldout,lowrank3_pchip,3,6,108,12233414.39,0.0415025213087179
2,heldout,raw_pchip,0,6,109,12237084.774117647,0.008264357049582182
2,heldout,lowrank3_pchip,3,6,109,12237084.774117647,0.024793253098554482
2,heldout,raw_pchip,0,6,110,12240617.558235295,-0.006894735615421935
2,heldout,lowrank3_pchip,3,6,110,12240617.558235295,0.03358615290236471
2,heldout,raw_pchip,0,6,111,12244220.585142858,-0.038336753236193497
2,heldout,lowrank3_pchip,3,6,111,12244220.585142858,-0.028555139457889036
2,heldout,raw_pchip,0,6,112,12247888.113999998,0.02427799945526657
2,heldout,lowrank3_pchip,3,6,112,12247888.113999998,0.02572370536034199
2,heldout,raw_pchip,0,6,114,12255023.916176472,0.020072085098713593
2,heldout,lowrank3_pchip,3,6,114,12255023.916176472,0.017284153682795338
2,heldout,raw_pchip,0,6,115,12258694.317222219,0.033087053117546616
2,heldout,lowrank3_pchip,3,6,115,12258694.317222219,0.029555602110136383
2,heldout,raw_pchip,0,6,116,12262228.03735294,0.09217411433448308
2,heldout,lowrank3_pchip,3,6,116,12262228.03735294,0.08915115036231205
2,heldout,raw_pchip,0,6,117,12265828.654411765,0.12940670062019885
2,heldout,lowrank3_pchip,3,6,117,12265828.654411765,0.12653429376186628
2,heldout,raw_pchip,0,6,118,12269499.507714285,0.14122504998940497
2,heldout,lowrank3_pchip,3,6,118,12269499.507714285,0.13667735934852304
2,heldout,raw_pchip,0,6,120,12276633.854000002,-0.001423363962064798
2,heldout,lowrank3_pchip,3,6,120,12276633.854000002,-0.01091152265608041
2,heldout,raw_pchip,0,6,121,12280304.279428571,0.060947741171921865
2,heldout,lowrank3_pchip,3,6,121,12280304.279428571,0.03837116114645098
2,heldout,raw_pchip,0,6,122,12283836.543529412,0.15983544119957133
2,heldout,lowrank3_pchip,3,6,122,12283836.543529412,0.11755400253867852
2,heldout,raw_pchip,0,6,123,12287439.102058824,0.06914653780901522
2,heldout,lowrank3_pchip,3,6,123,12287439.102058824,0.03785537582297637
2,heldout,raw_pchip,0,6,124,12291108.040285714,0.07202384600669155
2,heldout,lowrank3_pchip,3,6,124,12291108.040285714,0.038205667478035915
2,heldout,raw_pchip,0,6,126,12298243.344571427,0.08881966804971136
2,heldout,lowrank3_pchip,3,6,126,12298243.344571427,0.0550975350857898
2,heldout,raw_pchip,0,6,127,12301913.713428572,0.16323615478497938
2,heldout,lowrank3_pchip,3,6,127,12301913.713428572,0.13215137255962825
2,heldout,raw_pchip,0,6,128,12305446.97764706,0.08838799205302453
2,heldout,lowrank3_pchip,3,6,128,12305446.97764706,0.060274142946977034
2,heldout,raw_pchip,0,6,129,12309048.100571427,0.06896754259490444
2,heldout,lowrank3_pchip,3,6,129,12309048.100571427,0.043795854038759886
2,heldout,raw_pchip,0,6,130,12312718.49742857,0.004311632423049136
2,heldout,lowrank3_pchip,3,6,130,12312718.49742857,-0.023671077129208164
2,heldout,raw_pchip,0,6,132,12319853.34611111,0.05187340863697944
2,heldout,lowrank3_pchip,3,6,132,12319853.34611111,0.03130252061769991
2,heldout,raw_pchip,0,6,133,12323521.782647058,-0.04388214738496972
2,heldout,lowrank3_pchip,3,6,133,12323521.782647058,-0.06903580147805258
2,heldout,raw_pchip,0,6,134,12327055.527352942,-0.008819942345278244
2,heldout,lowrank3_pchip,3,6,134,12327055.527352942,-0.02548373309813432
2,heldout,raw_pchip,0,6,135,12330658.07647059,0.009892956402701446
2,heldout,lowrank3_pchip,3,6,135,12330658.07647059,-0.0012525249601967473
2,heldout,raw_pchip,0,6,136,12334327.059714288,0.06288664137672555
2,heldout,lowrank3_pchip,3,6,136,12334327.059714288,0.05444699435151136
2,heldout,raw_pchip,0,6,138,12341462.348,0.095988338101477
2,heldout,lowrank3_pchip,3,6,138,12341462.348,0.08318844251872787
2,heldout,raw_pchip,0,6,139,12345131.287058821,0.056901022298752664
2,heldout,lowrank3_pchip,3,6,139,12345131.287058821,0.02281970374767085
2,heldout,raw_pchip,0,6,140,12348666.010294117,0.08373114818132533
2,heldout,lowrank3_pchip,3,6,140,12348666.010294117,0.05299106873680894
2,heldout,raw_pchip,0,6,141,12352266.660294117,0.16913432475790138
2,heldout,lowrank3_pchip,3,6,141,12352266.660294117,0.14396506479361157
2,heldout,raw_pchip,0,6,142,12355937.550571427,0.1264690219000159
2,heldout,lowrank3_pchip,3,6,142,12355937.550571427,0.08878390145958326
2,heldout,raw_pchip,0,6,144,12364146.72235294,-0.1944131401813885
2,heldout,lowrank3_pchip,3,6,144,12364146.72235294,-0.2239140655502471
2,heldout,raw_pchip,0,6,145,12367680.468235295,-0.14861821373845596
2,heldout,lowrank3_pchip,3,6,145,12367680.468235295,-0.18325818506433164
2,heldout,raw_pchip,0,6,146,12371282.983235294,-0.19492486476073453
2,heldout,lowrank3_pchip,3,6,146,12371282.983235294,-0.2174739241355097
2,heldout,raw_pchip,0,6,147,12374951.466176469,-0.05571927670534024
2,heldout,lowrank3_pchip,3,6,147,12374951.466176469,-0.06675152429781817
2,heldout,raw_pchip,0,6,148,12378486.167058825,-0.019849877032593565
2,heldout,lowrank3_pchip,3,6,148,12378486.167058825,-0.023271059561830384
2,heldout,raw_pchip,0,6,150,12385757.648285715,-0.0810660729110145
2,heldout,lowrank3_pchip,3,6,150,12385757.648285715,-0.05124661896492092
2,heldout,raw_pchip,0,6,151,12389290.40057143,-0.36986041529536784
2,heldout,lowrank3_pchip,3,6,151,12389290.40057143,-0.3523088365144644
2,heldout,raw_pchip,0,6,152,12392891.956285713,-0.3057007782211825
2,heldout,lowrank3_pchip,3,6,152,12392891.956285713,-0.2953828116978915
2,heldout,raw_pchip,0,6,153,12396561.387428572,-0.2712158744098887
2,heldout,lowrank3_pchip,3,6,153,12396561.387428572,-0.24924674780740913
2,heldout,raw_pchip,0,6,154,12400094.615882352,-0.21373418973849326
2,heldout,lowrank3_pchip,3,6,154,12400094.615882352,-0.22641800811356688
