tk,NO2,Chi2
2026-05-22 20:00:31,0.2914580041372943,1.2233935993512877
2026-05-22 20:01:31,0.3011478853913145,1.1355686131270528
2026-05-22 20:02:31,0.2708346154222067,1.075306032381885
2026-05-22 20:03:31,0.2174004025467909,1.2071123226970495
2026-05-22 20:04:31,0.3169556636740893,1.1170964021065446
2026-05-22 20:05:31,0.3045632866752545,1.2305945082888057
2026-05-22 20:06:31,0.2860737044851565,1.195058455938096
2026-05-22 20:07:31,0.3108433826465075,1.2183958821464749
2026-05-22 20:08:24,0.245350086453648,1.0931921222438676
2026-05-22 20:09:58,0.0402088868528735,1.017954295920397
2026-05-22 20:10:31,0.2339485340526091,1.1270723369365858
2026-05-22 20:11:31,0.3047277753174544,1.1014359059077603
2026-05-22 20:12:31,0.2600393853530567,1.27683386123663
2026-05-22 20:13:31,0.3632410554292622,1.0957922994294202
2026-05-22 20:14:31,0.3591767420737197,1.172089770192235
2026-05-22 20:15:31,0.4969773409741132,1.1929366730400237
2026-05-22 20:16:31,0.4123885578214933,1.3350002560926542
2026-05-22 20:17:31,0.5393344673219053,1.3367964015298774
2026-05-22 20:18:31,0.5129689941872208,1.405362974801649
2026-05-22 20:19:31,0.5418518652032268,1.336374187632485
2026-05-22 20:20:31,0.6199081296405492,1.5374103893491975
2026-05-22 20:21:31,0.7424362209238601,1.359470801752827
2026-05-22 20:22:32,0.3832766711861223,1.2495632856268644
2026-05-22 20:23:31,0.3572559634783131,1.1720074883016651
2026-05-22 20:24:31,0.5208283318335475,1.183572648306881
2026-05-22 20:25:31,0.4279809805897175,1.270849195934032
2026-05-22 20:26:31,0.3042954379303509,1.3826882253242818
2026-05-22 20:27:31,0.359509522205136,1.2927878393763184
2026-05-22 20:28:31,0.4760717017269789,1.3335368451737786
2026-05-22 20:29:32,0.4518729720552343,1.2242720505345843
2026-05-22 20:30:31,0.3974587918112023,1.1577931871180864
2026-05-22 20:31:31,0.4441383741274857,1.249474927647
2026-05-22 20:32:31,0.3880198375966885,1.3723439657631042
2026-05-22 20:33:31,0.363572303490115,1.2938848596958596
2026-05-22 20:34:31,0.3096262037060906,1.2448573346557892
2026-05-22 20:35:31,0.4433977286925126,1.1990623650570216
2026-05-22 20:36:31,0.4554085321776879,1.2983912782988012
2026-05-22 20:37:31,0.3863267191404883,1.2760333983422114
2026-05-22 20:38:31,0.4993241173554785,1.209478682527196
2026-05-22 20:39:31,0.5442712374865494,1.2784550479556898
2026-05-22 20:40:31,0.4812414936575782,1.2883461771029836
2026-05-22 20:41:31,0.5944782850881764,1.3806019713295112
2026-05-22 20:42:31,0.5435097321631776,1.2824597245551463
2026-05-22 20:43:31,0.5513653481980163,1.3929626787372442
2026-05-22 20:44:31,0.5355738888266371,1.4390370728299116
2026-05-22 20:45:31,0.6183114028352198,1.342919245792305
2026-05-22 20:46:31,0.5801903530942828,1.2890417857386207
2026-05-22 20:47:31,0.7190478882896182,1.3798542582063784
2026-05-22 20:48:31,0.7651052161199188,1.5504068644640177
2026-05-22 20:49:30,0.7420408160390738,1.330680574304527
2026-05-22 20:50:31,0.7658471928131125,1.4512784534115948
2026-05-22 20:51:31,0.6596357681003799,1.3423853420135827
2026-05-22 20:52:31,0.7842034125598714,1.460650421144258
2026-05-22 20:53:32,0.8473038834689891,1.5728044545274693
2026-05-22 20:54:31,0.8086647665266836,1.3917019523732015
2026-05-22 20:55:31,0.7173352399034835,1.3298639458618686
2026-05-22 20:56:31,0.5908384840884988,1.413935034244316
2026-05-22 20:57:31,0.573491451514988,1.1486166968500326
2026-05-22 20:58:31,0.5661768636061361,1.2415802243130163
2026-05-22 20:59:30,0.6729887707190423,1.2333727783209003
2026-05-22 21:00:31,0.7510339605800069,1.2594038492805433
2026-05-22 21:01:31,0.7023744212132896,1.2737594790190772
2026-05-22 21:02:31,0.6170075824561241,1.258830809753236
2026-05-22 21:03:31,0.5029487538896528,1.233936386055
2026-05-22 21:04:31,0.490573432334221,1.118972449085852
2026-05-22 21:05:31,0.5465665458346856,1.2309306859909852
2026-05-22 21:06:31,0.5125524209974845,1.0820534653551634
2026-05-22 21:07:31,0.5147762098773653,1.2022504740399174
2026-05-22 21:08:25,0.583153013694034,1.121076931410104
2026-05-22 21:11:01,-0.751654507659452,1.015529048098604
2026-05-22 21:11:32,0.2558503410772087,0.9800921256560808
2026-05-22 21:12:31,0.51130030158219,1.0985617980208788
2026-05-22 21:13:31,0.481399985026433,1.12182179594387
2026-05-22 21:14:31,0.5833871695782229,1.1852720252622937
2026-05-22 21:15:31,0.6107583345651051,1.1131261286900571
2026-05-22 21:16:31,0.3856138688800486,1.1609249554966543
2026-05-22 21:17:31,0.5428794971542894,1.120112722404671
2026-05-22 21:18:31,0.6752679916708852,1.3357445923455478
2026-05-22 21:19:32,0.6345559227265691,1.2267920192663817
2026-05-22 21:20:31,0.6408120858707206,1.1742376214753778
2026-05-22 21:21:32,0.6556093021193138,1.258948506075215
2026-05-22 21:22:31,0.6326617120211477,1.185241847996464
2026-05-22 21:23:31,0.6370369280806936,1.1889728183458508
2026-05-22 21:24:32,0.4490062883406597,1.3976395582717276
2026-05-22 21:25:31,0.6186609485709905,1.1887160555216356
2026-05-22 21:26:31,0.572378798554539,1.3852878890532223
2026-05-22 21:27:31,0.7178993617181666,1.3389178602484997
2026-05-22 21:28:31,0.6736086328009294,1.4956836873239765
2026-05-22 21:29:31,0.5370325587547212,1.4039732822493338
2026-05-22 21:30:31,0.6213049684974886,1.4360239128499157
2026-05-22 21:31:31,0.5389707535782591,1.4045573547126426
2026-05-22 21:32:32,0.4427960692528698,1.2874386318264557
2026-05-22 21:33:32,0.5893631037737195,1.2424919484664154
2026-05-22 21:34:32,0.6006971086022537,1.1241290499481964
2026-05-22 21:35:32,0.4065367323054746,1.2741736319922998
2026-05-22 21:36:31,0.3800273757618299,1.3158896837509422
2026-05-22 21:37:31,0.4163157166406293,1.1605790653635697
2026-05-22 21:38:31,0.4655990439299002,1.2405959245163931
2026-05-22 21:39:31,0.6333204000550076,1.3588178116052811
2026-05-22 21:40:31,0.5683680231260969,1.2650269848457494
2026-05-22 21:41:31,0.6255519349318719,1.3704897927832578
2026-05-22 21:42:32,0.4640348295203325,1.189954131688893
2026-05-22 21:43:32,0.6408419251809049,1.1928248456330937
2026-05-22 21:44:32,0.626692822900514,1.2606263283161714
2026-05-22 21:45:32,0.5527523358652644,1.1977094248186702
2026-05-22 21:46:31,0.5868344397651428,1.2577858337197343
2026-05-22 21:47:31,0.5933144575590196,1.2955307573430397
2026-05-22 21:48:31,0.5779762760823841,1.3289657434743103
2026-05-22 21:49:31,0.6215002494912428,1.2774476545152234
2026-05-22 21:50:31,0.6723813113096097,1.1971428292853177
2026-05-22 21:51:31,0.7012473181999883,1.2160826921765726
2026-05-22 21:52:31,0.7427587037606441,1.3572115035164958
2026-05-22 21:53:32,0.6920943896782451,1.291937172208245
2026-05-22 21:54:32,0.572049114853857,1.171556926936114
2026-05-22 21:55:31,0.496362137676644,1.1387545914959585
2026-05-22 21:56:31,0.5536288043094008,1.1804651729144011
2026-05-22 21:57:31,0.5663646479511961,1.2109888715000825
2026-05-22 21:58:31,0.6406350437256113,1.0733984353513553
2026-05-22 21:59:31,0.6214661186782954,1.1498665723433643
2026-05-22 22:00:31,0.4666758792468216,1.1405412555711516
2026-05-22 22:01:31,0.6229576758587277,1.2378903344126877
2026-05-22 22:02:31,0.6426389150513552,1.2351125527650135
2026-05-22 22:03:32,0.635603577920349,1.1524025453931417
2026-05-22 22:04:32,0.6852372133103084,1.1402476090841185
2026-05-22 22:05:32,0.5119977529534211,1.1947622990032951
2026-05-22 22:06:32,0.3076093484992764,1.1908687374746376
2026-05-22 22:07:31,0.3587631179624088,1.178993039518807
2026-05-22 22:08:26,0.4444892290433306,1.1536391701645332
2026-05-22 22:09:59,-0.0725322391685026,1.062062872714538
2026-05-22 22:10:32,0.2907333537916671,0.9535699288286684
2026-05-22 22:11:32,0.353342879609877,1.1374596196996898
2026-05-22 22:12:31,0.4830360668839588,1.120170363348779
2026-05-22 22:13:32,0.4969935686049868,1.130365252199659
2026-05-22 22:14:32,0.613901077007891,1.185180568622801
2026-05-22 22:15:32,0.5335241994376181,1.1054442520510157
2026-05-22 22:16:32,0.4696722441487785,1.2839553751489217
2026-05-22 22:17:31,0.5546746630972922,1.136063686310089
2026-05-22 22:18:32,0.4859769593308849,1.18697854468106
2026-05-22 22:19:32,0.4180869333761277,1.0777785069832722
2026-05-22 22:20:32,0.3036145963559888,1.1281517335488982
2026-05-22 22:21:32,0.3817259925709535,1.110629044074256
2026-05-22 22:22:32,0.4203680116055207,1.09292025305102
2026-05-22 22:23:32,0.4051939281287092,1.1072582180085
2026-05-22 22:24:32,0.3221681494766669,1.027686037269547
2026-05-22 22:25:32,0.3174984489187906,1.2327397326125793
2026-05-22 22:26:31,0.3977890944162454,1.163887462228972
2026-05-22 22:27:31,0.3555366989438381,1.152972416272444
2026-05-22 22:28:31,0.396304725771547,1.1324932094524622
2026-05-22 22:29:32,0.574874633168094,1.1772875310850175
2026-05-22 22:30:32,0.3921726383777961,1.097755497172515
2026-05-22 22:31:32,0.3517148179881499,1.0927831462244295
2026-05-22 22:32:32,0.3647539309613849,1.1326202142618818
2026-05-22 22:33:32,0.3324249743368153,1.1263133911583891
2026-05-22 22:34:32,0.3165247630761969,1.1392406872256609
2026-05-22 22:35:32,0.4051723980906309,1.215320208408019
2026-05-22 22:36:32,0.518929441668951,1.2722738355357983
2026-05-22 22:37:32,0.6690382601550225,1.2748571910712123
2026-05-22 22:38:31,0.5148727814996585,1.3956707226047775
2026-05-22 22:39:32,0.520620243462586,1.3815676925529827
2026-05-22 22:40:32,0.564135320474976,1.3401634821446984
2026-05-22 22:41:32,0.5581571622194614,1.2432308816745772
2026-05-22 22:42:32,0.5717966818006858,1.4099248455968734
2026-05-22 22:43:32,0.6472706570502876,1.2628930070415083
2026-05-22 22:44:32,0.7144035141893027,1.3370431617917249
2026-05-22 22:45:32,0.6783100518530218,1.2627133274776388
2026-05-22 22:46:32,0.6777258506673718,1.2552845985388217
2026-05-22 22:47:32,0.7200892412364868,1.329414352154889
2026-05-22 22:48:31,0.7204360344142878,1.2943783988293445
2026-05-22 22:49:31,0.5476280261432726,1.3554887763556205
2026-05-22 22:50:31,0.6971003172338599,1.446192967412902
2026-05-22 22:51:32,0.7699522813092147,1.2955746088763511
2026-05-22 22:52:32,0.6221288825977005,1.2850848572435056
2026-05-22 22:53:32,0.6778854795820669,1.2512494509171563
2026-05-22 22:54:32,0.6625318359318324,1.339330397564397
2026-05-22 22:55:32,0.7166295956598926,1.2914567737262663
2026-05-22 22:56:32,0.7754679676013223,1.2876835253874384
2026-05-22 22:57:31,0.8153590903454018,1.2642715472785888
2026-05-22 22:58:32,0.6261964199947975,1.2071023336335671
2026-05-22 22:59:31,0.7713133581667164,1.363322884906054
2026-05-22 23:00:32,0.8310996892876751,1.1935791546023338
2026-05-22 23:01:33,0.8907736594379317,1.3307073828842904
2026-05-22 23:02:32,0.8550073959140017,1.259223125176674
2026-05-22 23:03:32,0.8284293139422492,1.2870784491989051
2026-05-22 23:04:32,0.6801638993910488,1.229211844415477
2026-05-22 23:05:32,0.8046213723840835,1.2638328698381396
2026-05-22 23:06:32,0.5272997489403691,1.2278842840030295
2026-05-22 23:07:32,0.6438139332184576,1.2246614926128507
2026-05-22 23:08:28,0.7224733257810462,1.1154991502345537
2026-05-22 23:10:01,-0.1703340450782071,1.100934886998016
2026-05-22 23:10:32,0.3751913382072726,0.9839317504683308
2026-05-22 23:11:32,0.457143656480343,1.0794705871645396
2026-05-22 23:12:32,0.5079987467688212,1.1250029424579
2026-05-22 23:13:32,0.5679588713235476,1.2234837205303346
2026-05-22 23:14:32,0.489042328171677,1.1824149866694105
2026-05-22 23:15:32,0.402737482433332,1.1781173658771391
2026-05-22 23:16:32,0.3768366826274325,1.1505118428187031
2026-05-22 23:17:32,0.4493187456400073,1.1370154176273417
2026-05-22 23:18:32,0.4297973626507387,1.0920159160724496
2026-05-22 23:19:32,0.4698775032366195,1.030238325772582
2026-05-22 23:20:32,0.4408315816503084,1.064911991111371
2026-05-22 23:21:32,0.426007736491493,1.0449584305840989
2026-05-22 23:22:32,0.4890576333179779,1.1105835337945538
2026-05-22 23:23:32,0.4808786623112116,1.062032536879359
2026-05-22 23:24:32,0.4740060948641079,1.1173170379699089
2026-05-22 23:25:32,0.421516748117126,1.0239450901060492
2026-05-22 23:26:32,0.4927076290850326,1.1299188097946966
2026-05-22 23:27:32,0.3987645561165533,1.078082069853189
2026-05-22 23:28:31,0.5977549397119544,1.0527074763361677
2026-05-22 23:29:32,0.6241042678283332,1.1102038413526718
2026-05-22 23:30:32,0.704072892153011,1.2262388026343205
2026-05-22 23:31:32,0.8882499673888506,1.313124325079318
2026-05-22 23:32:33,0.8788740078781497,1.3194881635009916
2026-05-22 23:33:32,0.7732711437236207,1.263378603850368
2026-05-22 23:34:32,0.7851508258922967,1.254887524415759
2026-05-22 23:35:32,0.7577047333634036,1.2855615603210262
2026-05-22 23:36:32,0.8413108457867031,1.2828050943916234
2026-05-22 23:37:32,0.8452060633992694,1.2802248491093264
2026-05-22 23:38:32,0.7035178920562624,1.3796206735172505
2026-05-22 23:39:33,0.9730838563069796,1.3449595609694731
2026-05-22 23:40:32,0.8422276354364868,1.3379220813269277
2026-05-22 23:41:32,0.8837045875976477,1.4352096609990208
2026-05-22 23:42:32,0.890200968248618,1.3362741172306252
2026-05-22 23:43:32,0.9662573646273912,1.3230903515348311
2026-05-22 23:44:32,0.9179550162635758,1.353204817510929
2026-05-22 23:45:32,0.8298570078307516,1.2191059439346037
2026-05-22 23:46:32,0.873572738382639,1.427742311510153
2026-05-22 23:47:32,0.7377791494314,1.416150355197998
2026-05-22 23:48:32,0.6721105748325628,1.166939934000542
2026-05-22 23:49:32,0.4472172636288948,1.0474395856120704
2026-05-22 23:50:32,0.6511656276930092,1.1388323479041025
2026-05-22 23:51:32,0.7842529147994048,1.2835044054598292
2026-05-22 23:52:32,0.8576882771978224,1.342892591330296
2026-05-22 23:53:32,0.8220242780044452,1.138358337577616
2026-05-22 23:54:32,0.807109286052044,1.274612615498088
2026-05-22 23:55:32,0.6356436703996923,1.1488703715925876
2026-05-22 23:56:32,0.8105640185444724,1.1403399198390691
2026-05-22 23:57:32,0.8277284259935862,1.1728235461963092
2026-05-22 23:58:32,0.861922288145262,1.1776294552199802
2026-05-22 23:59:32,0.822086796284164,1.1915303532895751
2026-05-23 00:00:32,0.838942919071506,1.2039400006929704
2026-05-23 00:01:32,0.8687227537121468,1.091205246312103
2026-05-23 00:02:32,0.8403965647421999,1.086228641103644
2026-05-23 00:03:33,0.8868678964631777,1.1861213427373074
2026-05-23 00:04:32,0.9586745005042144,1.2198502620185312
2026-05-23 00:05:32,0.5904245220633451,1.1841539419567388
2026-05-23 00:06:32,0.5773167855620088,1.0898495550727587
2026-05-23 00:07:22,0.7376240244944043,1.0291916514073878
2026-05-23 00:08:11,0.9009229062586682,0.9940235396634975
2026-05-23 00:10:48,0.778509485534953,1.1845401766233885
2026-05-23 00:11:42,1.058786216013327,1.3289977414980902
2026-05-23 00:12:41,0.9757648663919544,1.3992492184334306
2026-05-23 00:13:41,1.167985021595332,1.281645552744803
2026-05-23 00:14:41,1.0402161576888618,1.2966734154197386
2026-05-23 00:15:41,1.050677441586739,1.256080038183233
2026-05-23 00:16:41,1.1022094335913104,1.3819184629304553
2026-05-23 00:17:41,1.1305506471684543,1.426530555523009
2026-05-23 00:18:41,1.2560938780382949,1.4072520521159095
2026-05-23 00:19:42,1.185372180250969,1.5251337951341155
2026-05-23 00:20:42,1.354258308578357,1.5353797019160116
2026-05-23 00:21:41,1.2229788481333947,1.591615389006915
2026-05-23 00:22:41,1.1866165603031005,1.5046773716971036
2026-05-23 00:23:41,0.926845420827699,1.2691944325558202
2026-05-23 00:24:41,1.054819591039945,1.54473932529995
2026-05-23 00:25:41,0.9904944773394856,1.3728499207934144
2026-05-23 00:26:41,0.8752379015041806,1.327136125391828
2026-05-23 00:27:41,0.9582217595445244,1.5262382470060163
2026-05-23 00:28:41,1.0959629815125898,1.5179388601554091
2026-05-23 00:29:42,0.8967278036055832,1.4034459514248732
2026-05-23 00:30:42,0.8759992047780599,1.4021038336298646
2026-05-23 00:31:42,0.822739400666201,1.2092896592654072
2026-05-23 00:32:42,0.8036891973777761,1.3458070794666026
2026-05-23 00:33:41,0.7349750614449323,1.1705222243645987
2026-05-23 00:34:41,0.7471348825879066,1.3476896903928173
2026-05-23 00:35:41,0.7847095418090109,1.2963027248891192
2026-05-23 00:36:41,0.6768780517044801,1.2960853055739836
2026-05-23 00:37:41,0.7194519175092753,1.238977711726807
2026-05-23 00:38:41,0.7394405789570971,1.3059066789122464
2026-05-23 00:39:42,0.8087275928702171,1.3455783233293646
2026-05-23 00:40:42,0.6859324085823659,1.189967026189358
2026-05-23 00:41:42,0.7129441394889164,1.245991698712729
2026-05-23 00:42:42,0.5220217354281044,1.1952393366991658
2026-05-23 00:43:41,0.4957374338939966,1.2887617870258845
2026-05-23 00:44:41,0.702771370072845,1.3874910585806324
2026-05-23 00:45:41,0.708090878282372,1.2533359018611143
2026-05-23 00:46:41,0.7425785273168679,1.208481842458193
2026-05-23 00:47:41,0.7524075050879184,1.2563907070097178
2026-05-23 00:48:41,0.5744354715314498,1.2653425076802542
2026-05-23 00:49:42,0.6907253238681145,1.3075382108290328
2026-05-23 00:50:42,0.5902134064526735,1.1801646354119588
2026-05-23 00:51:42,0.4791908483404704,1.1667604868120565
2026-05-23 00:52:41,0.4267700725849244,1.031376377924004
2026-05-23 00:53:41,0.5584603109226814,1.0398684791514352
2026-05-23 00:54:41,0.3660024387363312,1.0553527247721894
2026-05-23 00:55:41,0.2815119145591508,1.00298473950527
2026-05-23 00:56:42,0.3601702340486337,0.9601564435056856
2026-05-23 00:57:41,0.4052752169348483,1.0971323183538726
2026-05-23 00:58:41,0.4810230368099636,1.0822465452357126
2026-05-23 00:59:41,0.4291956857251396,1.0442859424999131
2026-05-23 01:00:42,0.4336659086116394,1.0617469975602607
2026-05-23 01:01:42,0.4632752488447252,1.0873604581061729
2026-05-23 01:02:41,0.5279551789711401,1.087490105848758
2026-05-23 01:03:42,0.3877046683465526,1.0805238274544025
2026-05-23 01:04:41,0.3443389723862359,1.0200304772167823
2026-05-23 01:05:41,0.4431122773522613,1.0604869404812567
2026-05-23 01:06:41,0.2836868574925676,1.0434532304765145
2026-05-23 01:07:35,0.2466471349877939,1.0010317474399644
2026-05-23 01:08:07,0.5531054005708342,1.001808272328013
2026-05-23 01:09:40,0.2081664090675496,0.9650460717488902
2026-05-23 01:10:30,0.4271534043077329,0.9700421771423174
2026-05-23 01:11:30,0.2926162532064341,1.0358695228872057
2026-05-23 01:12:30,0.3341966600771532,1.0219235089589571
2026-05-23 01:13:30,0.3909474855514122,0.9885277699376812
2026-05-23 01:14:30,0.2885414228109693,1.010416396709597
2026-05-23 01:15:30,0.4486226306927318,0.9630268721984526
2026-05-23 01:16:29,0.3422709130667812,1.0152843480044995
2026-05-23 01:17:30,0.346741900157021,1.035625151494597
2026-05-23 01:18:30,0.3815105128801884,1.027533064015315
2026-05-23 01:19:30,0.3632392769829505,1.0471484393450097
2026-05-23 01:20:31,0.2618271912735135,1.0668420117416086
2026-05-23 01:21:30,0.3511418864539953,0.984146472069314
2026-05-23 01:22:30,0.336054758126486,1.0019719222440748
2026-05-23 01:23:30,0.3897209820858282,1.0474533899409595
2026-05-23 01:24:30,0.4213446163036799,0.9588744720732436
2026-05-23 01:25:30,0.3242710742255185,1.0552298733423549
2026-05-23 01:26:30,0.4441396371842432,1.104381506374642
2026-05-23 01:27:30,0.3480255104237625,1.1512483949734602
2026-05-23 01:28:30,0.405924810618952,1.1959191757858112
2026-05-23 01:29:30,0.4367795960183498,1.133336486981113
2026-05-23 01:30:30,0.4230023201849608,1.1935014412412497
2026-05-23 01:31:30,0.3249938509195254,1.0605479462018368
2026-05-23 01:32:30,0.3402430466949405,1.1130051644142973
2026-05-23 01:33:30,0.6164886050752676,1.161886475070718
2026-05-23 01:34:30,0.3965928481332876,1.1305664437372605
2026-05-23 01:35:30,0.4034362010323937,1.2788290006867111
2026-05-23 01:36:30,0.4492706012242015,1.2083580139077277
2026-05-23 01:37:30,0.3503885330020032,1.2522127114297918
2026-05-23 01:38:30,0.5650912648070953,1.4020685113123843
2026-05-23 01:39:30,0.515571765387099,1.3110670945538283
2026-05-23 01:40:30,0.4612202717674163,1.3228503187997187
2026-05-23 01:41:30,0.5470604120103256,1.2254241238022474
2026-05-23 01:42:30,0.5842367060667675,1.3127392423524358
2026-05-23 01:43:30,0.4693127287368018,1.3441997392330085
2026-05-23 01:44:30,0.3767066589021156,1.1936798546090095
2026-05-23 01:45:30,0.3095004122319429,1.1754668218941446
2026-05-23 01:46:30,0.4169177716745827,1.2252321255448857
2026-05-23 01:47:30,0.5269040025191603,1.2062533078093975
2026-05-23 01:48:30,0.3586500724267138,1.2554962161167291
2026-05-23 01:49:30,0.1427004056824346,1.184610964232338
2026-05-23 01:50:30,0.2301947980925144,1.1907910386886966
2026-05-23 01:51:31,0.301997591195606,1.1739521863658056
2026-05-23 01:52:30,0.3478882052866223,1.160388246681165
2026-05-23 01:53:30,0.2543722602602886,1.2237771032482403
2026-05-23 01:54:30,0.308025657459734,1.088428408527215
2026-05-23 01:55:30,0.361315356349587,1.1239231927261797
2026-05-23 01:56:30,0.440058358791035,1.2601246979985663
2026-05-23 01:57:29,0.2735462326283269,1.1935913027348626
2026-05-23 01:58:30,0.388542067009812,1.1176805695564316
2026-05-23 01:59:30,0.2930177106502876,1.1601205258489582
2026-05-23 02:00:30,0.2095291741867048,1.128551849621568
2026-05-23 02:01:30,0.2589997301664191,1.0845473887116035
2026-05-23 02:02:30,0.1964696873175193,1.17121841278064
2026-05-23 02:03:30,0.2508625234118029,1.0633640409990048
2026-05-23 02:04:30,0.1773376580480951,1.00723868969392
2026-05-23 02:05:30,0.1801594499928305,0.9947563108525388
2026-05-23 02:06:30,0.3294209328546782,1.160553429696069
2026-05-23 02:07:30,0.1678742299733162,1.1353998111459251
2026-05-23 02:08:08,0.147705864123277,1.0564798133969733
2026-05-23 02:09:41,0.0715234895775808,1.00267552108423
2026-05-23 02:10:30,0.3047461932938558,1.1325053425259404
2026-05-23 02:11:30,0.1924388274612867,1.13177403189242
2026-05-23 02:12:30,0.2107339190991971,0.9897869433925696
2026-05-23 02:13:30,0.2080378659593684,1.152297327149196
2026-05-23 02:14:30,0.1743749271145913,1.0966096792818685
2026-05-23 02:15:30,0.1485323691050772,1.1845073769384231
2026-05-23 02:16:30,0.2051134396638101,1.018843920871488
2026-05-23 02:17:30,0.2209387211616225,1.209898410885725
2026-05-23 02:18:30,0.3377376012474249,1.0706856266057898
2026-05-23 02:19:31,0.2549715370261348,1.0570075143008462
2026-05-23 02:20:30,0.3485323635015835,1.1875371908412198
2026-05-23 02:21:30,0.554103692239357,1.1192291435484585
2026-05-23 02:22:30,0.4328025696340316,1.142280251069257
2026-05-23 02:23:30,0.4109620468579839,1.2144224469208535
2026-05-23 02:24:30,0.513414235497758,1.301656054618887
2026-05-23 02:25:30,0.5143429689005988,1.2179030118230154
2026-05-23 02:26:30,0.5575497357331081,1.3111697375108473
2026-05-23 02:27:30,0.506718783125671,1.232903489950067
2026-05-23 02:28:30,0.4489173975119012,1.1766146030973044
2026-05-23 02:29:31,0.4606319077936228,1.246356345232033
2026-05-23 02:30:30,0.5255562563128178,1.2465205465464777
2026-05-23 02:31:30,0.5821347277357264,1.2470372109604917
2026-05-23 02:32:31,0.8037573543064769,1.3191190459739313
2026-05-23 02:33:30,0.7700290997444316,1.3902815835918694
2026-05-23 02:34:30,0.7025830989676125,1.4602357408733395
2026-05-23 02:35:30,0.7016615025797718,1.2464277640167252
2026-05-23 02:36:30,0.6946082125862669,1.3076381640901016
2026-05-23 02:37:30,0.8297611966501406,1.3496759075216922
2026-05-23 02:38:29,1.211664283400821,1.5660033075276407
2026-05-23 02:39:30,1.344295017921444,1.5485997414002526
2026-05-23 02:40:30,2.046809927158313,2.547466366251752
2026-05-23 02:41:30,2.180307161993267,3.0462368351498386
2026-05-23 02:42:30,2.4055559221829728,3.3215065537155164
2026-05-23 02:43:30,2.5379304727724894,3.436815677400189
2026-05-23 02:44:30,2.6281936995254447,3.441898724222805
2026-05-23 02:45:30,2.5615804371844906,3.2102113812825883
2026-05-23 02:46:30,2.629497307469814,2.899953517559462
2026-05-23 02:47:30,2.741742657563196,3.2108793043951125
2026-05-23 02:48:30,2.655810008832255,3.4954794605839288
2026-05-23 02:49:30,2.574365397417124,3.712409164900959
2026-05-23 02:50:30,1.8186873243485568,2.233449654332038
2026-05-23 02:51:30,1.918162631450629,2.143009632013174
2026-05-23 02:52:30,1.9985431247262009,2.2740918552335674
2026-05-23 02:53:30,1.2566868116680876,1.582847608166731
2026-05-23 02:54:30,0.9600462528391196,1.2478934356561957
2026-05-23 02:55:30,0.9793318333031502,1.278077347778646
2026-05-23 02:56:30,0.9205420660521912,1.2044421366986404
2026-05-23 02:57:30,0.7767101394369262,1.1054596824837026
2026-05-23 02:58:30,1.196795396626117,1.226869975473459
2026-05-23 02:59:30,0.7604421173184667,1.132408355775434
2026-05-23 03:00:31,0.5628624984586006,1.1140547874798823
2026-05-23 03:01:30,0.4281567687314609,1.1033324970140423
2026-05-23 03:02:30,0.4327923767071054,1.03822969341625
2026-05-23 03:03:30,0.4190896597116696,1.0223392654496122
2026-05-23 03:04:30,0.336920995650755,1.0506309666296862
2026-05-23 03:05:30,0.4756909656190455,1.0821347535965746
2026-05-23 03:06:30,0.4553404861221532,1.0381323967875258
2026-05-23 03:07:30,0.4931247981463224,1.0761377419262883
2026-05-23 03:08:09,0.4992630000066201,1.112014598328411
2026-05-23 03:10:46,0.4239970767159383,1.107509836181488
2026-05-23 03:11:31,0.492888162466667,0.9722118791439928
2026-05-23 03:12:30,0.4180227134880246,0.9784276363728528
2026-05-23 03:13:30,0.4153492085809839,1.03113111523927
2026-05-23 03:14:30,0.4603493046373937,1.021829799635528
2026-05-23 03:15:30,0.3854773855803436,0.9873227308729776
2026-05-23 03:16:30,0.3530207490567931,0.9655095085794068
2026-05-23 03:17:30,0.4322169112844088,1.022444337906756
2026-05-23 03:18:30,0.3322957306710428,1.0156222879612782
2026-05-23 03:19:30,0.4196760185165966,0.998073851108445
2026-05-23 03:20:31,0.4743653391182355,0.9642234706171467
2026-05-23 03:21:31,0.5067325662428526,1.049242313320578
2026-05-23 03:22:30,0.5408116247470733,1.1081318992269291
2026-05-23 03:23:30,0.3665322509725477,1.0575693272170807
2026-05-23 03:24:30,0.3445058814261582,0.9882133369684152
2026-05-23 03:25:30,0.3195276441047665,0.9545265963949516
2026-05-23 03:26:30,0.2239107274920362,1.0654361100152498
2026-05-23 03:27:30,0.2787851846644965,1.031622451088204
2026-05-23 03:28:30,0.2301084399872505,1.0810235126987606
2026-05-23 03:29:30,0.3858938283795948,1.1066235807032505
2026-05-23 03:30:31,0.2459879541049525,0.9843844155780064
2026-05-23 03:31:31,0.2037349975551987,1.072204392217616
2026-05-23 03:32:31,0.2977716166836961,1.146263924459842
2026-05-23 03:33:30,0.153129869846975,1.2691746603714398
2026-05-23 03:34:31,0.080154356262336,1.0249021530624087
2026-05-23 03:35:30,0.2563201187892265,1.044286731931051
2026-05-23 03:36:30,0.2798602058860605,1.1086970975936872
2026-05-23 03:37:30,0.2502726597393557,1.0856015834097623
2026-05-23 03:38:30,0.3728818018351735,1.0823151131606237
2026-05-23 03:39:30,0.3554814709803258,1.102383628233172
2026-05-23 03:40:30,0.3933091320523121,1.1016636926205554
2026-05-23 03:41:31,0.4646310236625557,1.100173325880953
2026-05-23 03:42:31,0.456661518740609,1.183894926705014
2026-05-23 03:43:30,0.4860528034314159,1.1171654569426943
2026-05-23 03:44:31,0.4329836129674623,1.1665530750193491
2026-05-23 03:45:30,0.4362942299966025,1.1783355753118407
2026-05-23 03:46:30,0.5162669823970032,1.116376008603123
2026-05-23 03:47:30,0.4838587266320026,1.138796060112596
2026-05-23 03:48:30,0.4658392457852639,1.179396353569704
2026-05-23 03:49:30,0.7611621294177695,1.1540915491459969
2026-05-23 03:50:30,0.7797936633379261,1.2465842229270967
2026-05-23 03:51:31,0.7680752207670242,1.395397045888309
2026-05-23 03:52:31,0.7311884369500459,1.199400397619795
2026-05-23 03:53:30,0.7523129351585355,1.3996333806457883
2026-05-23 03:54:30,0.8754397344533233,1.275736255795572
2026-05-23 03:55:30,0.8560453491471118,1.3431554899446754
2026-05-23 03:56:30,0.5887322372643197,1.094188450680095
2026-05-23 03:57:30,0.5157150286214925,1.1694908864157707
2026-05-23 03:58:30,1.1156778184132046,1.5913364652711142
2026-05-23 03:59:30,1.2039153480987788,1.7447040990224834
2026-05-23 04:00:30,1.1298871122974214,1.3997572773823492
2026-05-23 04:01:31,0.9821859351114955,1.505254426052599
2026-05-23 04:02:31,0.9789493277549972,1.2762600016307075
2026-05-23 04:03:30,0.7907953372232062,1.1996201846640775
2026-05-23 04:04:30,0.7351273173388138,1.2896701249460598
2026-05-23 04:05:30,0.6809330151774652,1.2103411376626318
2026-05-23 04:06:30,0.8461747847197459,1.1468462556175545
2026-05-23 04:07:30,0.6584497593446652,1.1754542975937563
2026-05-23 04:08:10,0.7218236425108735,1.2191511420865255
2026-05-23 04:09:43,0.7287505048135161,1.1650503673874504
2026-05-23 04:10:31,1.2162280758669308,1.5521205709381367
2026-05-23 04:11:31,0.9608428664758966,1.262608835308351
2026-05-23 04:12:31,0.9505104954956582,1.3242085410842228
2026-05-23 04:13:30,1.0697585725866028,1.345246040087117
2026-05-23 04:14:30,1.0131492380440308,1.3033141571880185
2026-05-23 04:15:31,1.2171766459038296,1.4372915724820874
2026-05-23 04:16:30,1.3318035424359091,1.435092011436094
2026-05-23 04:17:30,1.3736987543742258,1.6291412367715974
2026-05-23 04:18:31,1.2722948979915834,1.5832715828262467
2026-05-23 04:19:31,1.2350565704250769,1.437427855773196
2026-05-23 04:20:31,1.204174233714567,1.4515549640065792
2026-05-23 04:21:30,1.3895261358800526,1.640244237234492
2026-05-23 04:22:31,1.5563263111047638,1.710949871067336
2026-05-23 04:23:31,1.4424176922796947,1.8209531262898635
2026-05-23 04:24:30,1.3052368560219536,1.6239107556362868
2026-05-23 04:25:31,1.2842460897095846,1.5691098909820664
2026-05-23 04:26:30,1.173633899629665,1.6315966054335511
2026-05-23 04:27:30,1.373644051888031,1.8629746095196555
2026-05-23 04:28:30,1.5219073432655266,1.9332724573348332
2026-05-23 04:29:31,1.639432458417282,2.054077855030028
2026-05-23 04:30:31,1.7217275539528836,2.216239358728974
2026-05-23 04:31:31,1.836787841183874,2.119268227675792
2026-05-23 04:32:31,1.7597801336024603,2.268139234632287
2026-05-23 04:33:31,1.7732351719913648,2.028261031651029
2026-05-23 04:34:30,1.7060936908776712,2.4085642898001227
2026-05-23 04:35:30,1.9579606494119144,2.2651296029094508
2026-05-23 04:36:30,1.9856281661818285,2.6452286423921536
2026-05-23 04:37:30,2.051702204614653,2.3385814281391206
2026-05-23 04:38:30,1.9784639619835835,2.611098397058625
2026-05-23 04:39:31,1.9036980368963077,2.482954808877136
2026-05-23 04:40:31,1.8972825554370143,2.556186202086915
2026-05-23 04:41:31,1.9261999881885532,2.3881752526261137
2026-05-23 04:42:31,1.684414551497742,2.0644405681142217
2026-05-23 04:43:31,1.721819114854772,2.143951491505998
2026-05-23 04:44:30,1.8668598516513424,2.5116238248950724
2026-05-23 04:45:30,1.7165011890605528,2.35950997142739
2026-05-23 04:46:30,1.9273544326693903,2.2714147191543232
2026-05-23 04:47:30,1.882875285158936,2.503845392806653
2026-05-23 04:48:30,1.939822769116751,2.5629495761077443
2026-05-23 04:49:31,1.8526562953867132,2.3590587893832367
2026-05-23 04:50:31,1.7004866911654517,2.303955689791788
2026-05-23 04:51:31,1.5908336937317709,1.968550303109596
2026-05-23 04:52:31,1.68661666184599,2.051278300162964
2026-05-23 04:53:31,1.6962001581332629,2.0615976924428754
2026-05-23 04:54:31,1.8012163274497237,2.1011247403056164
2026-05-23 04:55:30,1.5057370511143386,2.118811952365117
2026-05-23 04:56:31,1.6223125630901134,1.9221852306132736
2026-05-23 04:57:30,1.7039899240082894,2.025417147924131
2026-05-23 04:58:30,1.8535506787606428,2.3734021375842507
2026-05-23 04:59:31,1.833764855789024,2.184060491975304
2026-05-23 05:00:31,1.5162445380835108,1.8454980246577728
2026-05-23 05:01:31,1.359490884518328,1.682451915136219
2026-05-23 05:02:30,1.5902654552031097,1.8540631418426876
2026-05-23 05:03:31,1.59174823612454,2.015900407788021
2026-05-23 05:04:31,1.7377504113413569,1.81101150856642
2026-05-23 05:05:30,1.7489126960973749,2.0599878048805524
2026-05-23 05:06:31,1.874427125873744,2.0699944732938604
2026-05-23 05:07:30,1.7625831219692265,2.1553115101504656
2026-05-23 05:08:11,1.9144420791217385,1.5471515350029017
2026-05-23 05:09:45,0.9752227690170108,1.2636247985366105
2026-05-23 05:10:31,2.00672786007046,2.117351468492803
2026-05-23 05:11:31,1.8886514134034225,2.199863820745604
2026-05-23 05:12:31,1.896415044845635,2.1693054420091404
2026-05-23 05:13:31,1.9632581042971335,2.272863757629733
2026-05-23 05:14:31,1.8887623105813744,2.259228020404726
2026-05-23 05:15:30,1.876994972701273,2.1049260853656016
2026-05-23 05:16:30,1.8977022355863225,2.1646995330528647
2026-05-23 05:17:30,2.0400080338266355,2.474002186793073
2026-05-23 05:18:31,1.978878404294772,2.368614256726924
2026-05-23 05:19:31,2.135509865089507,2.659536425683775
2026-05-23 05:20:31,2.1528534283969702,2.5391595513599525
2026-05-23 05:21:31,2.2350860508674426,2.7885230593935826
2026-05-23 05:22:31,2.179621239114917,2.5873288645318806
2026-05-23 05:23:31,2.2322776337429198,2.6975888377401134
2026-05-23 05:24:31,2.11440149565409,2.546019080322072
2026-05-23 05:25:31,1.966548195999417,2.464531470698414
2026-05-23 05:26:30,2.629636363008462,3.225867619430744
2026-05-23 05:27:30,2.529241918494923,3.130708863063496
2026-05-23 05:28:30,2.6384730132312137,3.617949163825093
2026-05-23 05:29:31,2.4931687030009466,3.323995321934822
2026-05-23 05:30:31,2.507588868986727,3.161972314413755
2026-05-23 05:31:31,2.570516020144757,3.393405546491599
2026-05-23 05:32:31,2.729323453751686,4.039425920399809
2026-05-23 05:33:30,2.8771404741820783,4.147814802618577
2026-05-23 05:34:31,3.0432552965117274,4.287992208335605
2026-05-23 05:35:31,3.2922793836817057,4.933029720088245
2026-05-23 05:36:30,3.2152037732044167,4.9546562441562765
2026-05-23 05:37:31,3.339944243004379,4.6184527396805
2026-05-23 05:38:30,3.2308746201865355,4.734115192567964
2026-05-23 05:39:31,3.2430939127225,5.23960160728824
2026-05-23 05:40:31,3.3155890977288656,4.880817690682052
2026-05-23 05:41:31,3.24410452292654,5.261446186727926
2026-05-23 05:42:31,3.0951124740700555,5.048988052930527
2026-05-23 05:43:31,3.000583833127173,3.961783567762888
2026-05-23 05:44:31,3.0300608592518814,4.862734540949995
2026-05-23 05:45:31,2.974082196621954,4.654404406864442
2026-05-23 05:46:30,2.8044221905452638,3.951577765941964
2026-05-23 05:47:30,2.757255068766894,4.139263916961909
2026-05-23 05:48:30,2.853703874726219,3.820261160234879
2026-05-23 05:49:31,2.739885591054028,3.318217793262644
2026-05-23 05:50:31,2.370186071356723,2.794448948001236
2026-05-23 05:51:31,2.03624619905157,2.7946095312984784
2026-05-23 05:52:31,2.1185481821571086,2.819203656955517
2026-05-23 05:53:31,2.1413004977984462,2.6847067311970245
2026-05-23 05:54:31,2.2334227306530057,2.9332396026863656
2026-05-23 05:55:31,2.286019469305784,2.761407448360644
2026-05-23 05:56:31,2.3198823116697755,3.042512994180764
2026-05-23 05:57:30,2.41800908175546,2.9438715649540077
2026-05-23 05:58:30,2.40232355340878,2.951216488458171
2026-05-23 05:59:31,2.2276617618776067,2.763102361404793
2026-05-23 06:00:31,2.2082244386877323,2.706387734996076
2026-05-23 06:01:31,2.007194477590261,2.382563334609202
2026-05-23 06:02:31,1.798583604536949,2.100461514382029
2026-05-23 06:03:31,1.564472809016949,1.7755951785997497
2026-05-23 06:04:31,1.39384563071073,1.6160441635284684
2026-05-23 06:05:31,1.427460370518995,1.8223584929042085
2026-05-23 06:06:31,1.3044595617637738,1.5681323196899628
2026-05-23 06:07:30,1.173725619957203,1.3848740245048476
2026-05-23 06:08:12,1.2146936255134946,1.344181563440883
2026-05-23 06:10:49,0.5685849956427333,1.092490827531036
2026-05-23 06:11:31,1.2847355649420669,1.607157465908552
2026-05-23 06:12:31,1.5150216740306537,1.8390023420853343
2026-05-23 06:13:31,1.2750400173080103,1.4309358450040774
2026-05-23 06:14:30,0.6626195712910407,1.2904982819803283
2026-05-23 06:15:31,0.8160648230662827,1.27910423282708
2026-05-23 06:16:31,1.2361710868937867,1.652681535362724
2026-05-23 06:17:30,1.394228657749497,1.817335091918794
2026-05-23 06:18:31,1.6118288096564144,2.2554736334073406
2026-05-23 06:19:31,1.9054692257231205,2.324093824554109
2026-05-23 06:20:31,1.7892983413279464,2.339783130856338
2026-05-23 06:21:31,1.7418569159884725,2.1774462754832
2026-05-23 06:22:31,1.902350682552334,2.3903061084012025
2026-05-23 06:23:31,1.7936004719312186,2.2110105104298814
2026-05-23 06:24:31,1.707514604795083,2.0411487987704766
2026-05-23 06:25:31,1.745098354145452,2.3247892964270584
2026-05-23 06:26:31,1.593548955450914,2.241003592455501
2026-05-23 06:27:30,1.7191386045836508,2.258804101853164
2026-05-23 06:28:31,1.7757215329396878,2.239652703405593
2026-05-23 06:29:31,1.6575158639729857,2.312300635099893
2026-05-23 06:30:31,1.877592911910178,2.123795942301941
2026-05-23 06:31:31,1.6806314195284144,2.336690059445102
2026-05-23 06:32:31,1.876851018200786,2.3942315436153563
2026-05-23 06:33:31,1.8403128572228025,2.591068703907966
2026-05-23 06:34:31,1.9027164207823688,2.437596049716456
2026-05-23 06:35:31,1.6831903487495212,2.434535513013768
2026-05-23 06:36:31,1.7329930695222244,2.380617877600172
2026-05-23 06:37:31,1.5318590219135126,1.8948774421962464
2026-05-23 06:38:31,1.393206286200375,2.039928940500981
2026-05-23 06:39:31,1.4234838016014506,2.100141911235448
2026-05-23 06:40:31,1.7621356566256,2.93177193140391
2026-05-23 06:41:31,1.706989988609474,2.4928438422212174
2026-05-23 06:42:31,1.7826058615271976,2.6686039523933265
2026-05-23 06:43:31,1.7476590716438054,2.771237032013664
2026-05-23 06:44:31,1.768713686743922,2.258548441628616
2026-05-23 06:45:31,1.7761798536768338,2.3811020822990225
2026-05-23 06:46:31,1.8424729378643416,2.751810357063617
2026-05-23 06:47:31,1.8698085962892583,2.4744700571232503
2026-05-23 06:48:30,1.6366889444039414,2.161992077515916
2026-05-23 06:49:31,1.823770535700258,2.592501837184898
2026-05-23 06:50:31,1.7515996167982213,2.287833920837086
2026-05-23 06:51:31,1.815028763300228,2.418327174079841
2026-05-23 06:52:31,1.6335427244922758,2.309416532369213
2026-05-23 06:53:31,1.86141007029312,2.589783186967991
2026-05-23 06:54:31,1.8157335280801208,2.2533394458698988
2026-05-23 06:55:30,1.6997971662149247,2.6136937408788925
2026-05-23 06:56:31,1.7175689667480278,2.838504590177789
2026-05-23 06:57:31,1.527561645904461,2.5581686647784965
2026-05-23 06:58:30,1.7137094765815737,2.5325520060901425
2026-05-23 06:59:31,1.577971036915624,2.6418915068018074
2026-05-23 07:00:31,1.71833468586422,2.5163338233899486
2026-05-23 07:01:31,1.59315280154766,2.43223904303406
2026-05-23 07:02:31,1.5597571047373555,2.277454465172957
2026-05-23 07:03:31,1.5362705493345137,3.147775187150461
2026-05-23 07:04:31,1.6738165696414322,2.683972209477409
2026-05-23 07:05:31,1.747341346112646,2.828205682641505
2026-05-23 07:06:31,1.7890725291422167,2.680147181872914
2026-05-23 07:07:31,1.761379621366872,2.6869539150103243
2026-05-23 07:08:14,1.6271790479251378,1.9738916993327449
2026-05-23 07:09:47,0.8441546650737841,1.1646672714986983
2026-05-23 07:10:31,1.8778191893715104,2.238530521229961
2026-05-23 07:11:31,1.4975079724372289,2.4818071720700963
2026-05-23 07:12:31,1.117164456425115,2.804664268262757
2026-05-23 07:13:31,0.8132356969145972,3.286831878716087
2026-05-23 07:14:31,0.8149100050975246,4.312504187137068
2026-05-23 07:15:31,0.6180568365558321,5.10912235304572
2026-05-23 07:16:31,0.6048310590573669,4.611432319946632
2026-05-23 07:17:31,0.5899799293900916,5.186803627562972
2026-05-23 07:18:31,0.0844464001450815,8.14491747810654
2026-05-23 07:19:31,-0.3077794542058716,8.47084220389445
2026-05-23 07:20:31,-0.5707284564961467,10.755273855951984
2026-05-23 07:21:31,-0.8891002558492774,12.832930331122
2026-05-23 07:22:31,-0.0591520826203734,13.365069316371144
2026-05-23 07:23:31,-0.1972927124828855,15.394446707324832
2026-05-23 07:24:31,-0.1546304466048793,18.644393105767
2026-05-23 07:25:31,-0.4647957520880585,17.435424961656576
2026-05-23 07:26:31,-1.2454603595739324,21.293813847655382
2026-05-23 07:27:31,-1.5719414896944155,24.589877718013614
2026-05-23 07:28:31,-1.861982411409667,25.28173523790434
2026-05-23 07:29:31,-2.5553456861011914,25.49609393719092
2026-05-23 07:30:32,-2.361619816086898,26.53382482016088
2026-05-23 07:31:31,-2.083766428051646,22.16298650710347
2026-05-23 07:32:31,-2.3738161995685805,23.998746228743155
2026-05-23 07:33:31,-2.996229812153401,24.873577089701094
2026-05-23 07:34:31,-3.4441448793692824,27.471002729417783
2026-05-23 07:35:31,-3.339820725213916,28.206408434164175
2026-05-23 07:36:30,-3.257328899438515,28.182078514108643
2026-05-23 07:37:31,-3.6716958762349536,24.86019440198012
2026-05-23 07:38:31,-4.043532000264428,27.294325132124747
2026-05-23 07:39:31,-3.761982637146224,28.004668785340225
2026-05-23 07:40:26,-3.825278385911655,23.90810502001837
2026-05-23 08:00:20,8.636024366785486,1.0047049842233222
2026-05-23 08:02:56,9.98843020642271,1.1739471393116092
2026-05-23 08:03:50,13.28082752461957,1.5928099398638642
2026-05-23 08:04:50,13.91244247619017,1.4605839683698345
2026-05-23 08:05:50,14.429131462219612,1.5859247788678192
2026-05-23 08:06:49,13.638118499196578,1.680920639644717
2026-05-23 08:07:50,14.172692538198946,1.698406589709265
2026-05-23 08:08:50,14.563604408842878,1.7765263144161068
2026-05-23 08:09:49,15.705584371134623,1.7366608695834722
2026-05-23 08:10:50,14.999217817112736,1.9056259212110889
2026-05-23 08:11:50,15.021361566637305,2.049502623036481
2026-05-23 08:12:50,16.00738117302276,1.807628967402921
2026-05-23 08:13:50,14.801943154296051,2.2072221846425544
2026-05-23 08:14:50,16.32252061935198,1.97790128260229
2026-05-23 08:15:50,15.069099768750208,1.993471580087942
2026-05-23 08:16:50,14.771937874312137,2.341554688153168
2026-05-23 08:17:50,15.341777076322687,2.1929900116191923
2026-05-23 08:18:50,15.033541063606547,1.8389971594338836
2026-05-23 08:19:50,14.563396230867488,2.395805763685187
2026-05-23 08:20:50,13.733319952927216,2.417913262787912
2026-05-23 08:21:50,13.1110375350519,2.1183140961516997
2026-05-23 08:22:50,13.530734516257002,2.0477650433222654
2026-05-23 08:23:50,13.636164315305129,1.880874091412876
2026-05-23 08:24:50,14.521798853635268,2.052723479339557
2026-05-23 08:25:50,16.388197653149877,2.0496159021675613
2026-05-23 08:26:50,16.668201548692483,2.0197571024127066
2026-05-23 08:27:50,17.488382947445388,1.968731802466116
2026-05-23 08:28:50,18.344094291366705,2.2872581487148027
2026-05-23 08:29:50,18.79640518753533,2.196245626228792
2026-05-23 08:30:49,20.187147283455342,2.298833861659064
2026-05-23 08:31:50,21.29270878821649,2.028249753985273
2026-05-23 08:32:50,21.48227132279581,2.306969045053444
2026-05-23 08:33:50,22.27557053851288,2.1258250408259496
2026-05-23 08:34:50,22.84530647941788,2.057861106206024
2026-05-23 08:35:50,22.59725156901798,2.173133255485024
2026-05-23 08:36:50,22.581330208792888,2.2393894302471837
2026-05-23 08:37:49,21.810611696711604,2.2773528941889083
2026-05-23 08:38:50,22.12501296318013,2.3491437395438908
2026-05-23 08:39:50,22.221833722870503,2.05614906955658
2026-05-23 08:40:49,22.33764524017871,2.144347566047115
2026-05-23 08:41:50,22.80672831093807,2.084650591344958
2026-05-23 08:42:50,21.752599443198477,2.212333534155835
2026-05-23 08:43:50,21.55122137809208,2.2178299573159626
2026-05-23 08:44:50,21.09341329679594,2.278057539278382
2026-05-23 08:45:50,18.60840372918741,2.1135962578527763
2026-05-23 08:46:50,9.80431042152149,2.279983462703968
2026-05-23 08:47:50,5.554658141043373,2.4388186274879136
2026-05-23 08:48:50,2.0715830622020106,2.871917318960916
2026-05-23 08:49:50,0.7583286264653682,3.566660251104135
2026-05-23 08:50:50,0.1818739145133336,3.354259295915508
2026-05-23 08:51:50,-0.5806975768013064,4.028526396810973
2026-05-23 08:52:50,-1.1550349904285586,4.495306239310915
2026-05-23 08:53:50,-1.234942371243655,4.759867408002759
2026-05-23 08:54:50,-1.214506662082779,4.484180981659907
2026-05-23 08:55:50,-1.1226909925460573,5.048586774558661
2026-05-23 08:56:50,-0.948399044359256,4.486058907849882
2026-05-23 08:57:50,-1.1461408178844243,3.631850994036584
2026-05-23 08:58:50,-0.5676820863688942,4.021490949156205
2026-05-23 08:59:44,-0.8797838236769852,3.50284646205953
2026-05-23 09:00:15,-0.2245779894566111,2.0220012481945724
2026-05-23 09:01:48,0.9608537706132212,1.0980614670840578
2026-05-23 09:02:39,1.0185090670095434,1.9094483748273847
2026-05-23 09:03:39,0.7473198660859325,2.407277813734632
2026-05-23 09:04:39,0.2225709336790807,3.2467901271753443
2026-05-23 09:05:38,-0.3254031801751899,3.823030674492141
2026-05-23 09:06:38,-2.12622670730487,5.964876702944976
2026-05-23 09:07:38,-1.8204260198703637,5.503291750085064
2026-05-23 09:08:38,-1.439589616574439,4.822396152647068
2026-05-23 09:09:38,-1.3185756826888444,4.58130034668357
2026-05-23 09:10:38,-0.83679697267165,3.967524027646566
2026-05-23 09:11:39,-1.116477413172996,4.173465661162124
2026-05-23 09:12:39,-0.6572339823621344,4.180973447821408
2026-05-23 09:13:39,-0.2726215174952079,3.7949365043136094
2026-05-23 09:14:39,-0.4941114097361109,4.875982107091001
2026-05-23 09:15:38,-0.8101446193216041,3.8255317206269273
2026-05-23 09:16:38,-1.1831459021250978,4.699433288032285
2026-05-23 09:17:38,-1.162480442685103,4.75823876503517
2026-05-23 09:18:38,-0.3991170134924337,4.115551239691025
2026-05-23 09:19:38,0.049817833482182,3.960454574026305
2026-05-23 09:20:38,0.0858808947379805,3.983841157259036
2026-05-23 09:21:39,-0.230763644912868,4.684013735885412
2026-05-23 09:22:39,0.1024472873287296,3.50815193246781
2026-05-23 09:23:39,-0.0821008544006907,4.432884920049579
2026-05-23 09:24:39,-0.4831890674451277,3.908363312065252
2026-05-23 09:25:39,-0.757341449217906,5.021785221216014
2026-05-23 09:26:39,-0.5055435542961246,4.235913334373881
2026-05-23 09:27:38,-0.622643425962647,4.378081671753676
2026-05-23 09:28:38,-0.3066755532520565,4.411278436341796
2026-05-23 09:29:38,-0.8216712014172185,4.861765352789741
2026-05-23 09:30:39,-0.6961974132045297,4.354695085794154
2026-05-23 09:31:39,-0.6242913449587429,3.694057877732997
2026-05-23 09:32:38,-1.2915671116823138,5.617318938446488
2026-05-23 09:33:39,-0.6132701161422071,4.57738249484317
2026-05-23 09:34:39,-0.5707973441445255,4.696782597283201
2026-05-23 09:35:39,-0.6693705770136305,5.725821378190371
2026-05-23 09:36:39,-1.070736322282507,5.754452494516691
2026-05-23 09:37:38,-2.0958113950435115,6.672760756871829
2026-05-23 09:38:38,-1.3551461063538288,5.353689692898319
2026-05-23 09:39:38,-1.6769144420400124,5.705493177463502
2026-05-23 09:40:38,-2.273293841373558,6.143071023445333
2026-05-23 09:41:38,-1.8821845254433345,5.421835344494177
2026-05-23 09:42:39,-1.39168114550755,4.98810420073292
2026-05-23 09:43:39,-2.504453845595497,5.43323400820615
2026-05-23 09:44:39,-2.505512293751357,5.626473295968616
2026-05-23 09:45:39,-1.7621431668816234,5.409854199409072
2026-05-23 09:46:38,-1.3969748732289236,4.306261198212024
2026-05-23 09:47:38,-1.9461743947782943,5.3307370886449625
2026-05-23 09:48:38,-1.1771285135789724,4.976427443433311
2026-05-23 09:49:38,-1.2416035536506638,4.819466646405604
2026-05-23 09:50:39,-1.4729165036400964,5.009421070640172
2026-05-23 09:51:38,-1.705555792025841,5.21334273532644
2026-05-23 09:52:39,-2.0214822012744733,4.914074557398156
2026-05-23 09:53:39,-1.3243516035391183,3.882673472690201
2026-05-23 09:54:39,-0.8808287970175281,3.763746226953633
2026-05-23 09:55:39,-1.2072064535370428,4.67536329828808
2026-05-23 09:56:38,-1.1257094455251742,3.6284475527040847
2026-05-23 09:57:38,-0.968058957638943,3.6309352086175095
2026-05-23 09:58:38,-0.7856633037305661,3.6825757572828817
2026-05-23 09:59:38,-0.3105997916983833,3.5378949009149143
2026-05-23 10:00:16,-0.6046382487247061,2.007353123933622
2026-05-23 10:01:50,1.0509294500572584,1.0745259416162332
2026-05-23 10:02:39,1.3881401137730975,1.779830066087526
2026-05-23 10:03:39,0.5380442520807205,2.4802043433423706
2026-05-23 10:04:39,-0.0208221839646148,3.1384077535292287
2026-05-23 10:05:39,-0.0248914534587453,2.936198574050025
2026-05-23 10:06:39,-0.4918339832633787,2.7157013368228813
2026-05-23 10:07:39,-0.5888259483049041,3.115192484404252
2026-05-23 10:08:38,-0.4160650274056415,2.8817650159862325
2026-05-23 10:09:38,-0.5835387950100253,3.0987333535613875
2026-05-23 10:10:39,-0.7483733891081786,3.22173836809546
2026-05-23 10:11:39,-0.8012912194961487,3.526933023486297
2026-05-23 10:12:39,-0.9559565076415896,3.969320336367161
2026-05-23 10:13:39,-0.5619609167347859,3.2274596610323973
2026-05-23 10:14:39,-0.7803858910571737,3.224696982160855
2026-05-23 10:15:39,-0.651199103143402,3.3992300536053626
2026-05-23 10:16:39,-0.4586526706129505,3.180019795872048
2026-05-23 10:17:38,-0.6756339890764888,3.486270350341901
2026-05-23 10:18:38,-0.4959001686868512,3.048314397485801
2026-05-23 10:19:38,-0.5587570384972651,3.303675449080996
2026-05-23 10:20:38,-0.517083035266787,3.1655961968315025
2026-05-23 10:21:39,-1.0332509877905025,4.29990086313424
2026-05-23 10:22:39,-0.8936543909747459,3.537937508308996
2026-05-23 10:23:39,-0.6271246326141007,4.017983146773641
2026-05-23 10:24:39,-0.6419706478570754,4.274286513761028
2026-05-23 10:25:39,-0.813376587317996,5.194726198356542
2026-05-23 10:26:39,-0.6030234880333206,4.24097038887128
2026-05-23 10:27:38,-0.3068059401704694,3.841803557789573
2026-05-23 10:28:38,-0.5589940702685204,3.4343251682204263
2026-05-23 10:29:38,-0.6322364796344863,4.040745070446348
2026-05-23 10:30:39,-0.174504763831057,3.7860923149306127
2026-05-23 10:31:39,-0.1173062197089923,3.338197285910408
2026-05-23 10:32:39,-0.3067848264369599,3.154404650015066
2026-05-23 10:33:39,-0.3020092842616928,3.348117182410057
2026-05-23 10:34:39,-0.4407907806092423,3.781598863784291
2026-05-23 10:35:39,-0.9944374675674889,4.2418034612302895
2026-05-23 10:36:39,-0.3879415088596395,3.94561923187128
2026-05-23 10:37:39,-0.1243367139687153,3.5088644452608984
2026-05-23 10:38:39,-0.7808872718910405,3.65989317946236
2026-05-23 10:39:38,-0.5077703841025025,3.796547119456165
2026-05-23 10:40:38,-0.9534204240247852,4.3824757835987445
2026-05-23 10:41:39,-1.2002196018810207,4.37419060575588
2026-05-23 10:42:39,-1.5947721048660943,4.403525955090134
2026-05-23 10:43:39,-1.882698252952548,4.92406320181041
2026-05-23 10:44:38,-2.3461891602749128,4.779259884624606
2026-05-23 10:45:39,-3.3284032629724503,5.453453785537399
2026-05-23 10:46:39,-3.2366954130725105,4.926352426882249
2026-05-23 10:47:39,-3.824372152683874,6.058857369730849
2026-05-23 10:48:39,-4.725353900007132,5.890162598399539
2026-05-23 10:49:38,-5.997813378951539,5.993690141734758
2026-05-23 10:50:38,-6.916579481744979,7.21169091730353
2026-05-23 10:51:38,-8.87119790972574,7.788239521555246
2026-05-23 10:52:39,-9.686398267893525,7.256409516860046
2026-05-23 10:53:39,-12.461752701917076,9.731458108238948
2026-05-23 10:54:39,-15.28984573411405,10.846872609607514
2026-05-23 10:55:39,-16.95861907331814,9.456435278874274
2026-05-23 10:56:39,-20.36017785441149,10.422958439381992
2026-05-23 10:57:39,-26.39171778841715,13.489827946161162
2026-05-23 10:58:38,-27.325827630567066,14.32395649497057
2026-05-23 10:59:38,-36.20477593080895,15.365747759133978
2026-05-23 11:00:18,-59.33844587713059,7.31087441319704
2026-05-23 11:02:54,0.8994435396020187,1.0676338156459546
2026-05-23 11:03:39,0.7073923418069464,1.7759190945250114
2026-05-23 11:04:39,-2.1347290873969014,3.2234896419178503
2026-05-23 11:05:39,-7.426359365599994,6.084506735124123
2026-05-23 11:06:39,-18.340630720479567,9.859965841453509
2026-05-23 11:07:39,-34.06870285142457,14.263826316534134
2026-05-23 11:08:38,-50.12867106667319,15.44718971147344
2026-05-23 11:09:38,-64.49927097034845,22.08982303978425
2026-05-23 11:10:39,-80.49397598128154,22.44939230196046
2026-05-23 11:11:39,-98.82280668787466,26.13196624975749
2026-05-23 11:12:39,-114.73074019019968,30.422210647098133
2026-05-23 11:13:39,-144.37793338767108,27.605600534691348
2026-05-23 11:14:39,-183.5964711690797,33.848603230758776
2026-05-23 11:15:39,-197.3944072482504,35.38975735235234
2026-05-23 11:16:39,-201.906628329243,36.64594287952422
2026-05-23 11:17:39,-211.71236181418712,43.26798106575895
2026-05-23 11:18:39,-240.30453497705832,39.99347887478815
2026-05-23 11:19:39,-238.65926384725404,46.87501774594749
2026-05-23 11:20:39,-228.6225551885388,38.7866317263406
2026-05-23 11:21:39,-224.76668941489584,42.50569783843697
2026-05-23 11:22:39,-221.866571821952,39.23001864286019
2026-05-23 11:23:39,-224.44521194319083,41.59389604070753
2026-05-23 11:24:39,-236.70843537919305,41.24307241247467
2026-05-23 11:25:38,-254.1711010868416,47.1611876729896
2026-05-23 11:26:39,-278.3558571472868,48.62051574933238
2026-05-23 11:27:39,-314.64192756991,49.60981132326005
2026-05-23 11:28:39,-345.58976187333985,58.513750859030594
2026-05-23 11:29:39,-376.3310766887731,61.52363791236298
2026-05-23 11:30:39,-419.15336293106463,62.01117486029128
2026-05-23 11:31:39,-418.96877080891113,67.19748100854092
2026-05-23 11:32:39,-423.466006959101,66.49123416689163
2026-05-23 11:33:39,-410.4256658985191,63.0913700506915
2026-05-23 11:34:39,-404.10214559239154,69.58684096928947
2026-05-23 11:35:39,-407.6579360171796,68.00429273266646
2026-05-23 11:36:39,-395.4728799365357,76.7460292627797
2026-05-23 11:37:39,-392.8710145500005,69.57805569911946
2026-05-23 11:38:39,-386.15926744411126,76.91657791810911
2026-05-23 11:39:38,-373.8285578182326,84.87686149396755
2026-05-23 11:40:38,-353.0096622360681,62.016072984978464
2026-05-23 11:41:39,-333.8430071288447,88.91825073145057
2026-05-23 11:42:39,-316.5080013557411,80.86256643775435
2026-05-23 11:43:39,-291.8398925782412,84.71032607905649
2026-05-23 11:44:39,-266.1401270413538,78.66377179971593
2026-05-23 11:45:39,-240.223232521688,81.41019720582348
2026-05-23 11:46:39,-215.2032034681092,64.72036590675722
2026-05-23 11:47:39,-194.5109343340732,64.16987611176222
2026-05-23 11:48:39,-170.12484804068322,72.29559720993892
2026-05-23 11:49:39,-150.44346199631445,73.26814635486477
2026-05-23 11:50:39,-127.22544713879952,77.670885878493
2026-05-23 11:51:39,-106.86521674711044,70.95353316735867
2026-05-23 11:52:39,-87.40955577565754,58.54000667684031
2026-05-23 11:53:39,-69.46950704170379,59.240234744158656
2026-05-23 11:54:39,-54.16980087449063,43.15653408174889
2026-05-23 11:55:39,-38.86680205208821,38.16438575871191
2026-05-23 11:56:39,-27.156910329986363,24.29614381493156
2026-05-23 11:57:39,-16.716713132809755,12.59845608364934
2026-05-23 11:58:39,-9.270473303678536,5.328689058752234
2026-05-23 11:59:39,-3.5391444489684067,1.4733446420440688
2026-05-23 12:00:18,-0.922258246182707,0.9470599261822532
2026-05-23 12:01:52,-0.7027004945820755,0.9504605746453786
2026-05-23 12:02:39,-0.0463828585687408,0.96836205107907
2026-05-23 12:03:39,1.0243726470400818,1.125927467299529
2026-05-23 12:04:39,0.4859176759308654,1.1349167399566205
2026-05-23 12:05:39,0.8409931280905136,1.144617617674223
2026-05-23 12:06:39,1.1370062573643316,1.0647952894071329
2026-05-23 12:07:39,1.7942051795035203,1.2695101979806835
2026-05-23 12:08:39,0.8243681424071448,1.143006968497574
2026-05-23 12:09:39,0.791476235530265,1.109357949388753
2026-05-23 12:10:39,0.5403523993782893,1.1238413677150088
2026-05-23 12:11:39,0.8265095509018971,1.082566637689803
2026-05-23 12:12:39,0.6453991483580728,1.1311637962407557
2026-05-23 12:13:39,0.2988514370687118,1.048166149029141
2026-05-23 12:14:40,0.6495453105871366,1.060748129654337
2026-05-23 12:15:39,0.741310568000159,0.9776531366197364
2026-05-23 12:16:39,0.7955287798669164,0.9483373186565324
2026-05-23 12:17:39,0.3213132955647457,1.0314366755878424
2026-05-23 12:18:39,0.3341475508674674,0.9946877696198476
2026-05-23 12:19:39,0.594028447227456,0.9996473323728154
2026-05-23 12:20:39,0.2980697147352665,0.9534524343515176
2026-05-23 12:21:39,0.5856456674716647,0.9686735768915438
2026-05-23 12:22:39,0.5283610618210068,0.9485271437753532
2026-05-23 12:23:39,0.3030212978094528,0.9385946439866404
2026-05-23 12:24:39,0.2813915544607513,0.9200260426386307
2026-05-23 12:25:39,0.5675268739471897,0.9481852739753648
2026-05-23 12:26:39,0.6386171793160987,1.000320480842778
2026-05-23 12:27:39,0.2912682874646793,0.9945673199841496
2026-05-23 12:28:39,0.6004305904046483,0.9439478868080886
2026-05-23 12:29:39,0.485023997262156,0.978613274990445
2026-05-23 12:30:39,0.6697440881969028,0.9314684254347296
2026-05-23 12:31:39,0.3318920241357424,1.0420411201860411
2026-05-23 12:32:39,0.4987016269737894,0.9933119131326172
2026-05-23 12:33:39,0.3868666063744157,0.9558866727629416
2026-05-23 12:34:39,1.0215564153534349,0.9627110289542252
2026-05-23 12:35:39,0.942272880123511,1.0033858233127
2026-05-23 12:36:39,0.2280473187323888,0.9677772356560076
2026-05-23 12:37:39,0.5649801994569026,0.9459264354985656
2026-05-23 12:38:39,0.8862395985457828,0.925053892085484
2026-05-23 12:39:39,0.6627700861350708,0.8543559280666598
2026-05-23 12:40:39,0.5748231646982854,0.9541294973457212
2026-05-23 12:41:39,0.3284267283021762,0.961718470228925
2026-05-23 12:42:39,0.3880062310186308,0.9740030211676473
2026-05-23 12:43:39,0.5502225138711517,0.8792653722072451
2026-05-23 12:44:39,0.6651180977732238,0.990612065330886
2026-05-23 12:45:39,0.6097457072983102,0.9432940352041476
2026-05-23 12:46:39,0.6488713112324299,0.9831792523281356
2026-05-23 12:47:39,0.4627233817157775,0.9696808698290106
2026-05-23 12:48:39,0.4117621334885935,0.93150784192321
2026-05-23 12:49:39,0.5268053589714644,0.9340104488148976
2026-05-23 12:50:39,0.5281562713638138,0.9467157471235492
2026-05-23 12:51:38,0.4428098221444058,0.8591561666302407
2026-05-23 12:52:39,0.7340612391653386,0.9734843998308008
2026-05-23 12:53:39,0.6627212440658603,0.9211971451282532
2026-05-23 12:54:39,0.5479611891321431,0.9820658060386444
2026-05-23 12:55:39,0.6777202849197397,0.9165205035037164
2026-05-23 12:56:39,0.4816347944862819,0.989149599657322
2026-05-23 12:57:39,0.4652232991347428,0.9433254152910292
2026-05-23 12:58:39,0.4197203136008027,0.920662764386408
2026-05-23 12:59:39,0.2959244119452006,0.9437580797192568
2026-05-23 13:00:20,1.0368932816680672,0.9602100948121044
2026-05-23 13:01:54,-0.0262809263115009,0.9603682947449804
2026-05-23 13:02:40,-0.0026364029197569,0.964686209526826
2026-05-23 13:03:39,-0.180500321815081,0.9248221141081384
2026-05-23 13:04:39,0.4008245443335175,0.8899134288610157
2026-05-23 13:05:39,0.048614275691692,0.9125277111217368
2026-05-23 13:06:39,0.558033300179859,0.9854477103262717
2026-05-23 13:07:39,0.8537668737724036,0.9244048302255792
2026-05-23 13:08:38,0.2835879092851648,0.9034144338475274
2026-05-23 13:09:39,0.1883961338875603,1.016465699426763
2026-05-23 13:10:39,0.1576198516649595,0.9067165606184464
2026-05-23 13:11:40,0.4340560756583563,0.9731738861219628
2026-05-23 13:12:40,0.2399834299833425,0.9754545073275268
2026-05-23 13:13:39,0.3029205652879951,0.9540017864110798
2026-05-23 13:14:39,-0.0299375091729073,0.9960268552039332
2026-05-23 13:15:39,-0.0183677623979666,0.9298498710862008
2026-05-23 13:16:39,0.2534315614254737,0.9718121047189195
2026-05-23 13:17:39,0.5135811465190121,0.9235061182808796
2026-05-23 13:18:39,0.1453955727258605,0.945087404648304
2026-05-23 13:19:39,0.3203618526463352,0.908060529512148
2026-05-23 13:20:39,0.174811681390315,0.9267220868253566
2026-05-23 13:21:40,0.0187528040034164,0.9682603002431284
2026-05-23 13:22:39,-0.2294352888202821,0.9829657750813412
2026-05-23 13:23:39,0.5696936461766057,0.941851271915963
2026-05-23 13:24:39,0.5888885966525356,0.8628221050313116
2026-05-23 13:25:39,0.2710664402438842,1.1795287326714097
2026-05-23 13:26:40,0.212063634567141,0.9598441901011204
2026-05-23 13:27:39,0.4900658255748067,1.0034250419186073
2026-05-23 13:28:39,0.0834348201722184,0.9543706549592398
2026-05-23 13:29:39,-0.1470951813205204,0.941559759022965
2026-05-23 13:30:39,0.5814727454944821,0.8993715928975694
2026-05-23 13:31:39,0.4128634715624377,0.9241486240684796
2026-05-23 13:32:39,0.1739876544830876,0.9146489967879802
2026-05-23 13:33:40,0.1846969264058988,0.9470102249988566
2026-05-23 13:34:39,0.1947042266563517,0.977204090287674
2026-05-23 13:35:39,0.5820629959988356,0.9131663876620996
2026-05-23 13:36:39,0.3969735512867428,0.9879124614141468
2026-05-23 13:37:39,0.2267971782258108,0.9679193167495804
2026-05-23 13:38:39,-0.0050727457210931,0.9974299587959168
2026-05-23 13:39:39,0.0626985421942099,0.9954159485391384
2026-05-23 13:40:39,0.0934334158989659,0.8810487422031963
2026-05-23 13:41:39,0.4716885269771559,0.9460582644454112
2026-05-23 13:42:40,0.0905790733928041,0.9823711640979302
2026-05-23 13:43:40,0.5355771947787117,0.9365994266575648
2026-05-23 13:44:39,-0.1460320224242943,0.9789767370389424
2026-05-23 13:45:39,0.347224442246361,0.8652131277543299
2026-05-23 13:46:39,0.4336052493096071,0.9457603962888776
2026-05-23 13:47:39,0.5662559206767385,0.916009191642904
2026-05-23 13:48:39,0.7254959923732938,0.8814195714895425
2026-05-23 13:49:39,0.7810783292851876,0.9371759204768152
2026-05-23 13:50:39,0.2788601441769434,1.010305154585213
2026-05-23 13:51:39,0.5079985156776611,0.9402306397023016
2026-05-23 13:52:40,0.4522896707413795,0.945802065974068
2026-05-23 13:53:40,0.321701043523648,1.0411858955884876
2026-05-23 13:54:39,0.6621349482770995,1.001850998339155
2026-05-23 13:55:39,0.2225345055327161,0.9392034187281304
2026-05-23 13:56:39,0.6562557916298125,0.986930557395956
2026-05-23 13:57:39,0.6276188086633965,0.8927286127475463
2026-05-23 13:58:39,1.0261736252286997,1.0364571562157283
2026-05-23 13:59:39,0.6147384616940563,1.0094343987183014
2026-05-23 14:00:21,1.0082554096171628,0.9665741412704788
2026-05-23 14:02:58,-0.0742806500343006,0.9513754086570756
2026-05-23 14:03:39,-0.3878836262981204,1.0530600424373129
2026-05-23 14:04:40,-1.8846281060172696,1.3262441602364137
2026-05-23 14:05:39,-5.07895059448932,2.585333734631977
2026-05-23 14:06:39,-9.26598479907106,5.964830189463812
2026-05-23 14:07:39,-12.904525121355167,9.244020422977044
2026-05-23 14:08:39,-17.85281934269659,13.57231324164964
2026-05-23 14:09:39,-22.96761383150602,19.107443187936163
2026-05-23 14:10:39,-27.52015942512509,26.33654818116212
2026-05-23 14:11:40,-33.82668305678707,28.719138599092588
2026-05-23 14:12:40,-37.12540060200087,31.01742778210649
2026-05-23 14:13:40,-41.72139873069588,32.01191887632293
2026-05-23 14:14:40,-43.16047502922398,31.07260880934474
2026-05-23 14:15:39,-43.047385670170286,32.09719181005844
2026-05-23 14:16:39,-44.79375818053428,27.00235257380687
2026-05-23 14:17:39,-42.42112283556688,29.149915247145127
2026-05-23 14:18:39,-39.00704159515679,27.156674249784547
2026-05-23 14:19:39,-35.028923743023,26.196542360618384
2026-05-23 14:20:39,-32.30248950456687,21.76838355474362
2026-05-23 14:21:40,-29.062061428485272,18.281656565156894
2026-05-23 14:22:40,-24.96428080027877,15.785718073552324
2026-05-23 14:23:40,-20.36481335705004,12.54908471638296
2026-05-23 14:24:40,-15.043178009139837,11.091408131472148
2026-05-23 14:25:40,-10.207041974556867,7.227840504406885
2026-05-23 14:26:39,-7.443191029388844,5.889637256621279
2026-05-23 14:27:39,-5.5730401416501225,4.748773924084379
2026-05-23 14:28:39,-4.365126508624243,3.863143834160483
2026-05-23 14:29:39,-3.9285911040586265,3.798085303653769
2026-05-23 14:30:39,-3.126815162233796,3.580729811921116
2026-05-23 14:31:40,-3.544068165530375,3.73954636364659
2026-05-23 14:32:40,-2.604401498539916,3.7775566309179385
2026-05-23 14:33:40,-3.8079074929931545,4.1608387648840655
2026-05-23 14:34:39,-3.785513054181734,3.8538867395787073
2026-05-23 14:35:40,-3.201857858882374,4.313135002351983
2026-05-23 14:36:39,-3.880214150708347,4.585844485237714
2026-05-23 14:37:39,-4.031322283478447,4.213992471897863
2026-05-23 14:38:40,-3.122518973759595,4.380545866887488
2026-05-23 14:39:39,-2.4492789690017625,4.148427842360879
2026-05-23 14:40:39,-2.2202802154555066,4.812175985300748
2026-05-23 14:41:39,-3.3664859044604163,5.380257255360664
2026-05-23 14:42:40,-3.4138169917076087,4.503998914630985
2026-05-23 14:43:40,-3.5370892267810228,5.2840293789105885
2026-05-23 14:44:40,-2.4445782736807646,5.82407690650574
2026-05-23 14:45:40,-3.3942895830123665,5.589788023080377
2026-05-23 14:46:39,-2.612812030763084,5.749785859618667
2026-05-23 14:47:39,-2.9816855828266164,6.070850948080258
2026-05-23 14:48:39,-2.5499775020954862,6.934535272449433
2026-05-23 14:49:39,-2.988430326700777,6.415085238952261
2026-05-23 14:50:39,-3.297540556634486,6.534367964410903
2026-05-23 14:51:39,-2.644274918821624,6.43066925495309
2026-05-23 14:52:39,-2.7187293218842097,6.188406929528943
2026-05-23 14:53:40,-3.140395088204711,7.024122325252372
2026-05-23 14:54:40,-2.063209661661553,7.93189107527054
2026-05-23 14:55:40,-2.555744676568808,8.13894756339601
2026-05-23 14:56:40,-2.7099688776900366,7.788692181549955
2026-05-23 14:57:39,-2.104181624628797,8.200877454097318
2026-05-23 14:58:39,-1.32663351053351,8.867165099125693
2026-05-23 14:59:39,-2.147292069442427,8.208208143595943
2026-05-23 15:00:22,-2.429895869123805,6.215061240027702
2026-05-23 15:01:56,0.7777372191234756,1.1916715537122122
2026-05-23 15:02:40,0.075312213555114,8.635575804199052
2026-05-23 15:03:40,-0.8556641474441087,9.723933384165989
2026-05-23 15:04:40,-0.1646094558072804,10.43187187396898
2026-05-23 15:05:39,-0.5817473806170831,9.881498781608652
2026-05-23 15:06:40,-0.5384010319629228,10.276605660412535
2026-05-23 15:07:40,-1.1058097712333224,9.322454794363862
2026-05-23 15:08:39,-0.88466231488207,11.38849303003601
2026-05-23 15:09:40,0.0033179331918418,10.79319870289896
2026-05-23 15:10:40,-0.0300484783618787,11.0798519073321
2026-05-23 15:11:40,0.5258266272695463,11.095069962244333
2026-05-23 15:12:40,0.5552736364632957,11.284015410387967
2026-05-23 15:13:40,0.9814555174128614,11.523650674843484
2026-05-23 15:14:40,0.1727024396784791,11.730526448637312
2026-05-23 15:15:40,0.9412793562558364,12.064847822286149
2026-05-23 15:16:40,1.5391026418654488,11.439458601796884
2026-05-23 15:17:40,0.6800039858149243,11.251891217737777
2026-05-23 15:18:39,1.0263074327116295,11.856756448236045
2026-05-23 15:19:39,0.888269592542856,10.883571823091245
2026-05-23 15:20:39,1.6355988736971347,11.28342761566874
2026-05-23 15:21:40,1.3629758860856875,10.6327970792092
2026-05-23 15:22:40,1.4301054230649366,10.18467170858753
2026-05-23 15:23:40,1.3801150775982327,8.130248684590072
2026-05-23 15:24:40,1.8295522756803395,10.34590337548523
2026-05-23 15:25:40,2.027905845858069,11.034806894003742
2026-05-23 15:26:40,1.9398815513193823,8.819370055569552
2026-05-23 15:27:40,2.1223149633949747,9.373086695866109
2026-05-23 15:28:39,1.850872887073615,9.6431597015387
2026-05-23 15:29:39,2.2325032673393683,8.307669404687946
2026-05-23 15:30:39,1.991347028981061,9.622806219995866
2026-05-23 15:31:40,2.2722908899286467,8.435000764831736
2026-05-23 15:32:40,2.6684630062561085,8.382768128435904
2026-05-23 15:33:40,2.0304633251724398,7.469347399897908
2026-05-23 15:34:40,2.678231154625564,6.751296937622319
2026-05-23 15:35:40,2.2577465393936187,8.420366427081726
2026-05-23 15:36:40,2.3001902975519224,7.139709562455392
2026-05-23 15:37:40,2.659053477863368,6.962257001645514
2026-05-23 15:38:40,2.309560064099111,6.741675527568262
2026-05-23 15:39:39,2.835818677171711,6.485454882362497
2026-05-23 15:40:40,2.4134666025477123,6.340504273961407
2026-05-23 15:41:40,2.6390563415559534,5.735209822874493
2026-05-23 15:42:40,2.673555931488071,6.377803587176548
2026-05-23 15:43:40,2.5883851421490336,5.703102253038992
2026-05-23 15:44:40,2.462838977180477,5.568711314677697
2026-05-23 15:45:40,2.4275750179285525,5.130781873950689
2026-05-23 15:46:39,2.092528319586955,5.682829696477078
2026-05-23 15:47:40,2.2658140586573827,5.923783356000928
2026-05-23 15:48:40,2.351510927763763,5.878890197761035
2026-05-23 15:49:39,2.254726925723019,5.7324760779357815
2026-05-23 15:50:39,2.4540384190827784,5.335156129689583
2026-05-23 15:51:39,2.512629307395818,4.350706762377296
2026-05-23 15:52:40,1.8930443332347715,4.827843664848894
2026-05-23 15:53:40,2.335784221778105,4.061577202218819
2026-05-23 15:54:40,2.6107211002801205,4.037785002793059
2026-05-23 15:55:40,1.9454905147768091,4.472028795191979
2026-05-23 15:56:40,2.162595840123063,5.105434281598993
2026-05-23 15:57:40,1.94537596934422,4.359792220339664
2026-05-23 15:58:40,1.6738069518182326,4.25505309415405
2026-05-23 15:59:39,2.0616595545414955,4.831305292190863
2026-05-23 16:00:23,2.197121718492713,3.154107191285324
2026-05-23 16:01:57,0.8820815811827956,0.9987165362662438
2026-05-23 16:02:40,2.0968363247767448,3.808537308600989
2026-05-23 16:03:40,1.8558021976719463,3.7999731399943633
2026-05-23 16:04:40,2.33956147936046,4.404900106397092
2026-05-23 16:05:40,2.691833030760972,4.660539372707785
2026-05-23 16:06:40,2.2105205838966144,4.143550444115093
2026-05-23 16:07:40,1.884557985322004,3.9048538186534376
2026-05-23 16:08:40,2.2856095457573558,4.5702768139653855
2026-05-23 16:09:40,2.1575151755320867,4.882176850297216
2026-05-23 16:10:39,2.445996811159252,4.367041178566328
2026-05-23 16:11:40,1.9478289576573349,4.622063680101481
2026-05-23 16:12:40,2.0807821890237985,4.9905947374720405
2026-05-23 16:13:40,2.559677379777566,5.359710647147422
2026-05-23 16:14:40,2.398785818702636,4.8665299150547385
2026-05-23 16:15:40,2.316388450795257,4.882067851836549
2026-05-23 16:16:40,2.3955294397032314,4.600636316202538
2026-05-23 16:17:39,2.434150017330711,4.68607369044525
2026-05-23 16:18:40,1.7679969672928522,5.05361754721365
2026-05-23 16:19:40,2.4376259806652705,5.398920741758872
2026-05-23 16:20:40,1.8890230237661096,5.386729667788247
2026-05-23 16:21:41,2.177434017576973,5.507982211236548
2026-05-23 16:22:40,2.1265860589033183,5.8692941491518935
2026-05-23 16:23:40,1.971612381604284,5.518019226903973
2026-05-23 16:24:40,2.575287646433253,5.383675702121388
2026-05-23 16:25:40,2.382621875457871,5.07449296218049
2026-05-23 16:26:40,2.07494117230753,6.088393747480253
2026-05-23 16:27:40,2.052207690252993,5.333146615170334
2026-05-23 16:28:40,2.1941507928959574,4.732935644357591
2026-05-23 16:29:40,2.498474376518946,4.972957740532503
2026-05-23 16:30:40,2.3312881035509445,5.1057329173699335
2026-05-23 16:31:40,2.455317482249668,5.220034409974906
2026-05-23 16:32:40,2.5936272035765517,5.935966014014876
2026-05-23 16:33:40,2.179611782982699,6.381348041030356
2026-05-23 16:34:40,2.255418629697493,5.682579850743508
2026-05-23 16:35:40,2.185597425340552,6.045191987374945
2026-05-23 16:36:40,1.9635872493266064,5.423484099493791
2026-05-23 16:37:40,1.848890491298384,5.98005272036788
2026-05-23 16:38:40,2.3564391274442245,5.200692472224381
2026-05-23 16:39:40,2.4582498312255683,5.493292706226589
2026-05-23 16:40:39,2.376495782920488,4.941331163324441
2026-05-23 16:41:40,2.423993414422495,4.703667103750616
2026-05-23 16:42:40,2.3236189201741877,4.358406527906067
2026-05-23 16:43:40,2.4894680896698205,4.789937481638054
2026-05-23 16:44:40,2.3268871728221043,5.127250047098657
2026-05-23 16:45:40,2.5256082202158714,5.316940472052623
2026-05-23 16:46:40,2.256327956748895,5.677509079308483
2026-05-23 16:47:40,2.6876186185986404,5.114134370336859
2026-05-23 16:48:40,2.1325345929517634,4.963034756247878
2026-05-23 16:49:40,2.309500002133111,5.072578351280721
2026-05-23 16:50:40,2.4738191833220364,4.713728855363304
2026-05-23 16:51:40,1.8001008468585276,4.694338324733684
2026-05-23 16:52:41,2.376149146497049,4.554620888001401
2026-05-23 16:53:40,2.3570396440315533,4.562216033676612
2026-05-23 16:54:40,2.438210441116694,4.709900442994257
2026-05-23 16:55:40,2.332586940316659,4.0375928448383815
2026-05-23 16:56:40,2.3702415901518585,4.207747073035418
2026-05-23 16:57:40,2.443366860190922,4.691817227926087
2026-05-23 16:58:39,2.386558612876015,4.694333505867371
2026-05-23 16:59:40,2.2795427568567868,4.666711798685197
2026-05-23 17:00:24,2.3467023496915584,3.2164919581538243
2026-05-23 17:03:01,0.1098708022074428,0.9393917996441588
2026-05-23 17:03:40,2.061271310193109,2.8852740402054144
2026-05-23 17:04:40,2.2847172345925366,4.211065986078437
2026-05-23 17:05:40,2.4910630264078817,4.306114297720962
2026-05-23 17:06:40,2.3928313741079497,4.521763814104483
2026-05-23 17:07:40,2.080779818730224,5.097528486795691
2026-05-23 17:08:40,2.26505646250963,5.055037553101798
2026-05-23 17:09:40,2.6991068841696677,4.289129672541197
2026-05-23 17:10:40,2.092494721597644,4.567463957297052
2026-05-23 17:11:40,1.9517950070352463,4.746710663729666
2026-05-23 17:12:40,2.442360153740029,4.34172818480391
2026-05-23 17:13:41,2.595341077272987,4.036482800235023
2026-05-23 17:14:40,2.096951435064164,4.574106436981414
2026-05-23 17:15:40,2.3075007099598825,4.450872245955697
2026-05-23 17:16:40,2.642375799502424,3.8090770459263448
2026-05-23 17:17:40,2.2081081387474923,4.91647321963344
2026-05-23 17:18:40,2.544864271436396,5.91238384982071
2026-05-23 17:19:40,2.229522646248149,4.901579175915035
2026-05-23 17:20:40,2.36891776785356,4.941248456241604
2026-05-23 17:21:40,2.861055146661247,4.794266389907581
2026-05-23 17:22:40,2.7330695294961127,5.066757137031008
2026-05-23 17:23:40,2.6863908599544204,5.268707594099817
2026-05-23 17:24:40,2.4662965669413253,5.05445126356875
2026-05-23 17:25:40,2.779941121456856,5.211989166888579
2026-05-23 17:26:40,2.423645612649377,4.824757403235081
2026-05-23 17:27:41,2.692572412278284,6.2111116204416055
2026-05-23 17:28:40,2.4203465482195887,5.333259656427717
2026-05-23 17:29:40,2.4358926547496726,5.13979282549973
2026-05-23 17:30:40,2.0634645590187803,5.489613301750965
2026-05-23 17:31:40,2.0540225269698915,5.194361337491396
2026-05-23 17:32:40,2.5089957606465982,5.936386550128994
2026-05-23 17:33:40,2.083018951811841,4.579167276900632
2026-05-23 17:34:40,2.252964091571518,4.780827253270666
2026-05-23 17:35:40,2.179248544434581,4.435411333531303
2026-05-23 17:36:40,1.6993782399156605,4.495135083819854
2026-05-23 17:37:40,1.7489255296898285,4.773749263868582
2026-05-23 17:38:40,2.3986888426002637,4.190807208255803
2026-05-23 17:39:40,2.280902543615177,4.644071839997857
2026-05-23 17:40:40,2.866911628637397,4.751423726454029
2026-05-23 17:41:40,2.7189695505981883,4.6762427527008095
2026-05-23 17:42:40,2.977601200564456,4.980376733814382
2026-05-23 17:43:40,3.181631695268924,4.297638754595954
2026-05-23 17:44:41,2.920893138762578,4.005584482963073
2026-05-23 17:45:40,2.6051073407602003,4.067379027721425
2026-05-23 17:46:40,2.1413496297918555,4.105824051753509
2026-05-23 17:47:40,2.585979024207028,3.949693739634844
2026-05-23 17:48:40,2.5520126287890643,3.908900025291283
2026-05-23 17:49:40,2.646272557880898,3.299033976916948
2026-05-23 17:50:40,2.7096096652580486,4.034803903211501
2026-05-23 17:51:41,2.097856710508268,3.496236923660232
2026-05-23 17:52:40,1.961406479824037,3.1726378284597865
2026-05-23 17:53:40,3.49526999469433,3.3625070938996573
2026-05-23 17:54:40,3.412583199093323,3.0355916724397933
2026-05-23 17:55:40,3.5649930094816487,2.998877778298465
2026-05-23 17:56:40,3.4685897625002378,3.464866377128097
2026-05-23 17:57:40,3.94582160208844,3.077008250354308
2026-05-23 17:58:40,3.910993062949864,3.694776340172572
2026-05-23 17:59:40,3.451248553395257,3.6755076934283872
2026-05-23 18:00:25,2.957747567207754,2.6185464662733486
2026-05-23 18:01:59,0.5372660551060902,0.9341329452453712
2026-05-23 18:02:41,4.0162563117520005,2.8238132058300525
2026-05-23 18:03:41,3.758412939682536,3.0555534486935905
2026-05-23 18:04:40,3.7284391095464273,3.296928895022849
2026-05-23 18:05:40,4.0902528167911125,3.121929524168994
2026-05-23 18:06:40,3.973433113999799,2.87037949936001
2026-05-23 18:07:40,3.730925603478356,2.692402548141162
2026-05-23 18:08:41,3.1787152502853204,2.9773742300984383
2026-05-23 18:09:40,3.765891808584692,3.2710640289663724
2026-05-23 18:10:40,3.5043794231314878,3.663240457420226
2026-05-23 18:11:41,3.449207496806071,3.773608119678312
2026-05-23 18:12:41,3.109596536432156,3.591194226000664
2026-05-23 18:13:41,3.2846487372751727,3.4381513774751524
2026-05-23 18:14:40,3.567130898158515,3.408764292072377
2026-05-23 18:15:40,3.4520598893819567,3.271423046306825
2026-05-23 18:16:40,3.210417990712396,3.4779688610766124
2026-05-23 18:17:40,3.672905171278436,3.4677826821519413
2026-05-23 18:18:40,3.74963380714492,3.2249462620684555
2026-05-23 18:19:40,3.504937576174329,3.341747470393533
2026-05-23 18:20:41,3.597873813761589,3.654665339049636
2026-05-23 18:21:41,3.210983240054096,3.659604949322575
2026-05-23 18:22:41,3.0997988075690683,3.79325302172109
2026-05-23 18:23:41,2.6133590488451675,3.658050762830097
2026-05-23 18:24:41,2.9834058405886346,3.72501525810589
2026-05-23 18:25:41,2.6402130027718576,3.306877043821741
2026-05-23 18:26:40,2.7798149472032625,3.3478035589728514
2026-05-23 18:27:40,2.8092724252468213,3.6028097482999297
2026-05-23 18:28:40,2.681942160313114,3.811358583905996
2026-05-23 18:29:40,2.647450473569617,4.225780866349269
2026-05-23 18:30:41,2.347880397804852,4.526789287332109
2026-05-23 18:31:41,2.491742045835632,4.530275427578154
2026-05-23 18:32:41,2.658917074212017,4.811988482599269
2026-05-23 18:33:41,2.124294354954818,4.107796489083279
2026-05-23 18:34:41,2.7040842730415333,4.191749997467024
2026-05-23 18:35:41,2.4075520712028013,3.6158949477183353
2026-05-23 18:36:40,2.735185978815684,3.8330966205994215
2026-05-23 18:37:40,2.1491687968756112,4.101684341822663
2026-05-23 18:38:40,2.036063910300544,3.6815929689409534
2026-05-23 18:39:40,2.3817892181421807,3.968326207797024
2026-05-23 18:40:41,1.9148667800146957,3.564852289201679
2026-05-23 18:41:41,1.870527135248981,4.176962025647606
2026-05-23 18:42:41,1.6331219649666875,4.240074926821655
2026-05-23 18:43:41,2.1453270468878523,4.413853124264654
2026-05-23 18:44:41,1.6340529148446117,3.9797800187208634
2026-05-23 18:45:40,1.9445495970946705,3.4123207926849632
2026-05-23 18:46:40,1.959072012212218,3.5094796473429186
2026-05-23 18:47:40,1.58377396143483,3.688472555063397
2026-05-23 18:48:40,1.6309481717840846,3.5194470098044324
2026-05-23 18:49:41,1.8707164203075253,3.67091469415082
2026-05-23 18:50:40,1.647520793070762,3.3053208335367725
2026-05-23 18:51:40,2.330339764795859,3.247460943026814
2026-05-23 18:52:41,2.499331933022666,3.4384282245738262
2026-05-23 18:53:41,1.8215244452976616,3.582584719128572
2026-05-23 18:54:41,2.1322676966388,3.695082561379274
2026-05-23 18:55:41,1.6062926502958608,3.242392781711826
2026-05-23 18:56:41,1.9155952659511064,3.4634477328035724
2026-05-23 18:57:40,1.7038789090625694,2.896329497522536
2026-05-23 18:58:40,1.8351070928192008,3.3900679076081515
2026-05-23 18:59:40,1.8204133623354704,3.165251512344323
2026-05-23 19:00:26,2.026025011741385,2.468468190100008
2026-05-23 19:01:59,0.6334558418357136,0.9860298992734216
2026-05-23 19:02:41,2.313900334927859,2.49902962940436
2026-05-23 19:03:41,1.651209680459087,3.058318182991397
2026-05-23 19:04:41,1.5905004366618305,3.402275708656503
2026-05-23 19:05:41,1.5255658428237142,3.551138585659082
2026-05-23 19:06:41,1.2262848913549975,2.9625371998559
2026-05-23 19:07:40,2.0422206868827724,3.1106053067644277
2026-05-23 19:08:40,2.1239393007415357,3.3294698279581265
2026-05-23 19:09:40,2.153306785536089,3.033465622866661
2026-05-23 19:10:41,1.9146971783294688,2.827255597038418
2026-05-23 19:11:41,2.0014442350908177,2.9341672008064137
2026-05-23 19:12:41,1.9247166932318127,2.9042696061530098
2026-05-23 19:13:41,2.3145798520364007,2.579809007832486
2026-05-23 19:14:41,2.0161268912733323,2.9881801557049634
2026-05-23 19:15:41,1.7218411419295598,2.8376720990239246
2026-05-23 19:16:40,2.059977453660442,3.0354153698878283
2026-05-23 19:17:40,2.9328445102459604,3.123203541576
2026-05-23 19:18:40,2.448247820256201,3.23571243026504
2026-05-23 19:19:40,2.654723084419647,3.0054606526841465
2026-05-23 19:20:41,3.181162283436339,3.1127258386315573
2026-05-23 19:21:41,3.2870442066013483,2.9554144299528957
2026-05-23 19:22:41,3.771288703636688,2.6753953668567747
2026-05-23 19:23:41,3.8060710085959375,2.904385378300492
2026-05-23 19:24:41,3.897098938707705,2.789172321529696
2026-05-23 19:25:41,4.200981992882291,2.830814902677897
2026-05-23 19:26:40,4.583237601243288,2.652206920163908
2026-05-23 19:27:41,4.221990980221748,3.018791381919264
2026-05-23 19:28:40,4.521017570927207,2.8429456223714573
2026-05-23 19:29:40,4.287474728703729,2.6985647939417143
2026-05-23 19:30:40,3.784970221976277,2.8677224046977376
2026-05-23 19:31:41,4.5163431974559725,2.778351978881362
2026-05-23 19:32:41,4.879647345170016,2.5938095931183573
2026-05-23 19:33:41,4.462750363397609,2.4172082634052754
2026-05-23 19:34:41,5.058968681094032,2.2728097771733293
2026-05-23 19:35:41,4.935275014462353,2.289294038507993
2026-05-23 19:36:41,5.165034787743848,2.402214909253857
2026-05-23 19:37:41,4.807162109117976,2.235442783891913
2026-05-23 19:38:40,5.3275737320749865,2.0356546670909306
2026-05-23 19:39:40,4.893753117122499,2.510317074135426
2026-05-23 19:40:40,5.142104885641249,2.462655611853592
2026-05-23 19:41:41,5.473014385457564,2.42945423667123
2026-05-23 19:42:41,5.421238453696824,2.199646010734757
2026-05-23 19:43:41,5.4185754103930375,2.058569624130076
2026-05-23 19:44:41,4.919493707835231,1.8552822835692608
2026-05-23 19:45:41,4.835751580052065,1.79530575342745
2026-05-23 19:46:41,5.304500712375092,1.7220096480752158
2026-05-23 19:47:41,4.838296259995059,1.644896543641363
2026-05-23 19:48:40,4.956736245695705,1.7106532646682422
2026-05-23 19:49:40,4.955176246135792,1.6058930510370637
2026-05-23 19:50:40,5.286145231216084,1.728992953109932
2026-05-23 19:51:41,4.777835654993638,1.787400049306473
2026-05-23 19:52:41,4.893482287354789,1.673092810116514
2026-05-23 19:53:41,4.306544969934626,1.7457521287200053
2026-05-23 19:54:41,4.213724305507879,1.860085218025897
2026-05-23 19:55:41,4.197992047040968,1.651052529114086
2026-05-23 19:56:41,4.401179380994688,1.687727667088142
2026-05-23 19:57:40,4.630229916874844,1.5479215648942437
2026-05-23 19:58:41,4.666024846879849,1.7007845830488415
2026-05-23 19:59:40,4.711120994098256,1.5286120263297325
2026-05-23 20:00:27,4.452935139871467,1.4808715757674662
2026-05-23 20:03:03,0.9255135347409488,1.0565751756337278
2026-05-23 20:03:41,4.332347081933358,1.4083686493782464
2026-05-23 20:04:41,3.5466534368054115,1.748719785701828
2026-05-23 20:05:41,3.865607005793072,1.8598103875162415
2026-05-23 20:06:41,3.663047961582357,1.6434325811050103
2026-05-23 20:07:41,3.866479510760783,1.5977787573223756
2026-05-23 20:08:41,3.781303064282223,1.6136621556693116
2026-05-23 20:09:40,3.3567452397055058,1.661788377360695
2026-05-23 20:10:41,3.6489949266687303,1.6805735517881468
2026-05-23 20:11:41,3.6375910365135904,1.6304646149617437
2026-05-23 20:12:41,3.4446089143859604,1.709485731770654
2026-05-23 20:13:41,3.461393881534918,1.9796334891001384
2026-05-23 20:14:41,3.2019650948824334,1.8709269791770755
2026-05-23 20:15:41,3.594269493226916,1.9993889593373424
2026-05-23 20:16:41,3.503934460448572,2.0063835216191164
2026-05-23 20:17:41,4.115969425838686,1.9487227114105292
2026-05-23 20:18:41,3.2340134930016227,1.8190382071307527
2026-05-23 20:19:40,3.8084303370708494,1.7768974995684226
2026-05-23 20:20:41,4.383648585397973,1.7570693715761432
2026-05-23 20:21:41,4.413848019318511,2.0640115427895607
2026-05-23 20:22:41,4.307997256917033,1.772334465102498
2026-05-23 20:23:41,4.147532441381086,2.097839932335707
2026-05-23 20:24:41,3.730602252659553,2.078838422337478
2026-05-23 20:25:41,3.6218247370863423,2.0223974039024104
2026-05-23 20:26:41,4.233287624428166,2.257306926000536
2026-05-23 20:27:41,4.363427268262212,2.2321250605248
2026-05-23 20:28:41,5.00785218116624,2.108813293437377
2026-05-23 20:29:41,4.250343975900431,2.014589165847361
2026-05-23 20:30:41,3.964641210297825,2.1196966012401472
2026-05-23 20:31:41,4.264254276478738,1.905774195485317
2026-05-23 20:32:41,4.531158929128306,2.0133420729073714
2026-05-23 20:33:41,4.210018093664514,2.0005550521259408
2026-05-23 20:34:41,4.208164628150566,2.0784178727542644
2026-05-23 20:35:41,4.038824839913977,2.305377662477597
2026-05-23 20:36:41,4.214199959593157,2.37387430164282
2026-05-23 20:37:41,4.295756446222468,2.4673201616911253
2026-05-23 20:38:40,3.9132390861407744,2.350892793438138
2026-05-23 20:39:41,4.280035374729191,2.3328521978281413
2026-05-23 20:40:40,4.421478149262478,2.1671893585565813
2026-05-23 20:41:41,4.471697431997318,1.9766056848410936
2026-05-23 20:42:41,4.215178720917445,2.079221330590365
2026-05-23 20:43:41,4.324510624200088,1.9743169852770224
2026-05-23 20:44:41,4.540436005313808,2.208267338108477
2026-05-23 20:45:41,4.426956071980892,2.114026239517792
2026-05-23 20:46:41,4.2219394237405,2.275431443890525
2026-05-23 20:47:41,4.072393501695008,2.1337959108326774
2026-05-23 20:48:41,3.9881582199046735,2.618969671894261
2026-05-23 20:49:41,4.412926212453429,2.472707285815017
2026-05-23 20:50:40,4.536179165223706,2.1916948525530087
2026-05-23 20:51:41,4.087158104171131,2.1257187452248267
2026-05-23 20:52:41,4.152224183732619,2.0279283006298345
2026-05-23 20:53:41,4.82747639458751,2.1307691059996965
2026-05-23 20:54:41,4.696783709205046,1.9644938473654012
2026-05-23 20:55:41,3.526425653499779,2.0467243846660783
2026-05-23 20:56:41,3.735594471912509,2.1498303880605376
2026-05-23 20:57:41,4.36408752613932,2.5081516724436765
2026-05-23 20:58:41,4.497035964996654,2.4806207490122043
2026-05-23 20:59:41,4.215286374603171,2.4411715498600244
2026-05-23 21:00:28,4.526138011560079,2.2089931719650924
2026-05-23 21:02:02,0.4984696342716615,1.0621280708113403
2026-05-23 21:02:41,4.929531429211156,1.6797398987051142
2026-05-23 21:03:41,4.995511625012871,1.9653247965891512
2026-05-23 21:04:41,4.8805856420601526,1.9275780570419268
2026-05-23 21:05:41,4.456449084197483,2.012499899396792
2026-05-23 21:06:41,4.497411714888036,2.126434158720478
2026-05-23 21:07:41,4.346159346036194,2.199940208782713
2026-05-23 21:08:41,4.369489716198018,2.159112660954659
2026-05-23 21:09:40,4.211864652958604,2.371267160513954
2026-05-23 21:10:41,3.791653479560633,2.6518825282764418
2026-05-23 21:11:41,4.46560211039235,2.6295463906467664
2026-05-23 21:12:41,4.815443191805711,2.757215295032373
2026-05-23 21:13:42,4.327982024594619,2.402836484945708
2026-05-23 21:14:41,4.864434083597852,2.445840846278436
2026-05-23 21:15:41,4.316614909758255,2.2228142900821544
2026-05-23 21:16:41,3.653306975019341,2.193993643188557
2026-05-23 21:17:41,4.35831509948319,2.279540692226771
2026-05-23 21:18:41,4.639807430718409,1.928395903799741
2026-05-23 21:19:40,4.246566777757407,1.97451326877346
2026-05-23 21:20:41,4.359459038958455,2.267767502955783
2026-05-23 21:21:41,4.557374055504462,2.4248612575676303
2026-05-23 21:22:41,4.434744715583367,2.554332503566634
2026-05-23 21:23:41,4.727346276389304,2.481856040427048
2026-05-23 21:24:41,4.635850889964434,2.666971886886015
2026-05-23 21:25:41,4.455564733473264,2.5282663035081474
2026-05-23 21:26:41,4.216467522550075,2.446231276313229
2026-05-23 21:27:41,3.943930442513559,2.3978286896757592
2026-05-23 21:28:41,3.827700671295056,2.1632405616372368
2026-05-23 21:29:41,3.3226416256852964,2.026947935104834
2026-05-23 21:30:41,4.020712131496209,1.866488566187129
2026-05-23 21:31:41,3.387179594812637,2.2824029164435617
2026-05-23 21:32:41,3.002754256231521,2.096440952399533
2026-05-23 21:33:41,2.9322847601322177,2.0516361372607896
2026-05-23 21:34:41,2.868073837971457,2.241253859310054
2026-05-23 21:35:41,2.6949895931895287,2.093813026790407
2026-05-23 21:36:41,2.502369600065549,2.2864163698639284
2026-05-23 21:37:41,2.075795327108858,2.156983330058181
2026-05-23 21:38:41,2.179709526034275,2.2985973226683285
2026-05-23 21:39:41,2.735625335479748,2.248299470740214
2026-05-23 21:40:41,1.734922711747077,2.5242349564846864
2026-05-23 21:41:41,1.3702846919655438,2.459100470909255
2026-05-23 21:42:41,1.6601620794833096,2.486162396378599
2026-05-23 21:43:41,1.7174731036760835,2.3169966677452205
2026-05-23 21:44:41,1.8483244572797517,2.1460326719097584
2026-05-23 21:45:41,1.7551622523656851,2.134246870171309
2026-05-23 21:46:41,1.7741750895187038,2.167879312908619
2026-05-23 21:47:41,1.6948882593369736,2.1650070200900062
2026-05-23 21:48:41,1.9696055911672083,1.951859638778028
2026-05-23 21:49:41,1.9260278956911967,1.6837656646563857
2026-05-23 21:50:40,1.5869818696058977,1.6590667432124075
2026-05-23 21:51:41,1.524323040274825,1.7929931976807507
2026-05-23 21:52:41,1.7776283905777686,1.5949410512146778
2026-05-23 21:53:41,1.0971405337449738,1.529575302576864
2026-05-23 21:54:42,1.7682836370404518,1.541195965837718
2026-05-23 21:55:41,1.469080870448878,1.791025624649548
2026-05-23 21:56:41,1.6161442500717265,1.8304550898563356
2026-05-23 21:57:41,1.273434975756266,1.6942998121151531
2026-05-23 21:58:41,1.8468940368195657,1.7940206501359333
2026-05-23 21:59:41,1.809919208798847,1.5611750481767472
2026-05-23 22:00:30,1.2383198618913769,1.396200417501071
2026-05-23 22:02:03,0.0846391536779387,0.978883476394735
2026-05-23 22:02:41,2.045460711571337,1.2472154491609078
2026-05-23 22:03:41,1.6974988297644638,1.443683414636444
2026-05-23 22:04:41,1.8926455382742933,1.5226515381682193
2026-05-23 22:05:41,1.3854286430702625,1.6861366143805177
2026-05-23 22:06:41,1.8274490110237815,1.5390557389808952
2026-05-23 22:07:41,1.984987433567193,1.5361346072962074
2026-05-23 22:08:41,1.5295468850264624,1.5909601384941057
2026-05-23 22:09:41,1.9897222338546847,1.6477261895684694
2026-05-23 22:10:41,1.812025785962381,1.5759367792779408
2026-05-23 22:11:42,2.3746351487464645,1.4856235879807862
2026-05-23 22:12:42,2.1624111371080663,1.5284190861458211
2026-05-23 22:13:41,2.5829198273152385,1.4604104075898496
2026-05-23 22:14:41,2.474540827386521,1.497673584024657
2026-05-23 22:15:41,2.5261023865585748,1.6318886179252234
2026-05-23 22:16:41,1.8085851340779504,1.4311143398468462
2026-05-23 22:17:41,2.1642748753099434,1.4894280805768725
2026-05-23 22:18:41,2.3492421325592825,1.6291868207645726
2026-05-23 22:19:41,2.675538773996348,1.5352143238659042
2026-05-23 22:20:41,2.2104137704591404,1.644719808152023
2026-05-23 22:21:42,2.363699079758621,1.731828709192859
2026-05-23 22:22:42,2.2100313204536794,1.4849112099517268
2026-05-23 22:23:41,2.030061188299244,1.6379200502368878
2026-05-23 22:24:41,1.659582887167499,1.6198311426526308
2026-05-23 22:25:42,1.7863833316326072,1.3894395552685077
2026-05-23 22:26:41,1.5037967740333391,1.3671374882563934
2026-05-23 22:27:41,1.3837205531484382,1.4813588039814107
2026-05-23 22:28:41,1.3566151439365917,1.4549655715906191
2026-05-23 22:29:41,1.6468481154259562,1.527526529119504
2026-05-23 22:30:41,1.83629216627234,1.563873895075952
2026-05-23 22:31:41,1.5934073887896596,1.3954984904019896
2026-05-23 22:32:42,1.9513797471010093,1.4792700880597365
2026-05-23 22:33:41,1.5485183491876688,1.6408513976887458
2026-05-23 22:34:41,1.073942158600429,1.5430325701442746
2026-05-23 22:35:41,1.206872051380831,1.5233619089640131
2026-05-23 22:36:41,1.2486708121285583,1.6292624862614202
2026-05-23 22:37:41,1.0842564247467708,1.5407566294500326
2026-05-23 22:38:41,1.35908010085651,1.607391467086198
2026-05-23 22:39:41,0.9206594431194832,1.4564334529359373
2026-05-23 22:40:41,0.8713059175267559,1.5568373263343185
2026-05-23 22:41:41,1.334213073162945,1.6220783005519144
2026-05-23 22:42:42,1.2114011107508158,1.4360259549346006
2026-05-23 22:43:41,1.0887734873418315,1.2948172269714238
2026-05-23 22:44:41,1.4698497908344654,1.3488173371450611
2026-05-23 22:45:41,1.2606651506240694,1.4568152747513263
2026-05-23 22:46:41,0.984117804166443,1.5478123450597214
2026-05-23 22:47:41,1.5471704997082212,1.4411756316503177
2026-05-23 22:48:41,1.0902387858307072,1.3826638341106567
2026-05-23 22:49:41,0.6239709116333716,1.2485857050703046
2026-05-23 22:50:41,0.6732287286005068,1.398299330337601
2026-05-23 22:51:41,1.1904270584858472,1.4353218313497151
2026-05-23 22:52:42,0.8460601030689494,1.3630408103587697
2026-05-23 22:53:42,1.128396810739287,1.3765927060216496
2026-05-23 22:54:41,1.2852573827816174,1.2866203422517724
2026-05-23 22:55:41,1.3032210964227402,1.4310779006803704
2026-05-23 22:56:41,0.9355949460816688,1.3999252650839582
2026-05-23 22:57:41,1.0064925356273582,1.3120326967944704
2026-05-23 22:58:41,0.5999555062655535,1.3587601662791242
2026-05-23 22:59:41,0.908645122442128,1.4281352132496072
2026-05-23 23:00:31,0.8311824608549285,1.4089916276612662
2026-05-23 23:03:07,-0.3440428698539299,0.8933666428234278
2026-05-23 23:03:42,1.201450116838337,1.1626901610702076
2026-05-23 23:04:41,1.0299130873576403,1.52258896518268
2026-05-23 23:05:41,0.9074111277484292,1.3867543255430614
2026-05-23 23:06:42,0.4614047653867324,1.5605142290376848
2026-05-23 23:07:41,0.0852503073416885,1.5595820071683375
2026-05-23 23:08:41,0.5346449262746791,1.5372098288453282
2026-05-23 23:09:41,0.5609499053086842,1.5313792515692215
2026-05-23 23:10:41,1.0835806598349018,1.5150487642884525
2026-05-23 23:11:42,0.5209363257128647,1.577424965697946
2026-05-23 23:12:42,0.5054134792435598,1.9233293314088025
2026-05-23 23:13:42,0.6632935932360979,1.949163205104237
2026-05-23 23:14:41,0.3561238655209695,1.609262693576083
2026-05-23 23:15:41,0.2659307269031725,1.886622401944488
2026-05-23 23:16:41,0.27155485239083,1.7142823773428275
2026-05-23 23:17:41,0.5022735594470146,1.6066201786211696
2026-05-23 23:18:41,0.778075524442763,1.6781020070305022
2026-05-23 23:19:41,0.5281956068452665,1.950923289286272
2026-05-23 23:20:41,0.6977929432635727,1.6953306784887248
2026-05-23 23:21:42,0.2598019080593423,1.8152455293071077
2026-05-23 23:22:42,-0.1607502122162527,1.8770856155597269
2026-05-23 23:23:42,0.1802265183076329,1.852856247001264
2026-05-23 23:24:42,0.1815457001681234,1.8790868872524984
2026-05-23 23:25:41,-0.069922677215024,1.6709402405540186
2026-05-23 23:26:41,0.3987470478418946,1.6631064174359156
2026-05-23 23:27:41,0.0336317585722645,1.661326865858847
2026-05-23 23:28:41,-0.1992109458566684,1.8716898089775145
2026-05-23 23:29:41,0.3876322877881101,1.6671018769495285
2026-05-23 23:30:41,0.5088930228068786,2.0112603734861643
2026-05-23 23:31:41,0.4604925459751672,1.841758336018113
2026-05-23 23:32:42,0.3026973490379294,1.6833162149808292
2026-05-23 23:33:42,-0.2332369255940095,1.6527658458260646
2026-05-23 23:34:42,-0.0141301735562566,1.830637301426987
2026-05-23 23:35:41,-0.047980786083208,1.6735309141991386
2026-05-23 23:36:41,0.0238438141862636,1.8636351475574264
2026-05-23 23:37:41,0.0888070058918967,1.6247593645299534
2026-05-23 23:38:41,-0.2035061583582623,1.7262258020312256
2026-05-23 23:39:41,0.2635617634135783,1.7258615571977858
2026-05-23 23:40:41,0.531024703960858,1.5120228119443582
2026-05-23 23:41:41,0.5672039084071796,1.7026199059706597
2026-05-23 23:42:42,-0.362408093984739,1.7200928277324246
2026-05-23 23:43:41,0.2071455157881346,1.4740259796585262
2026-05-23 23:44:42,-0.1024113785680192,1.6032894866239855
2026-05-23 23:45:41,-0.4455928477439284,1.457855740096429
2026-05-23 23:46:41,-0.3906075286807742,1.59519814142182
2026-05-23 23:47:42,-0.2108700039584914,1.6216765078785182
2026-05-23 23:48:41,-0.3238854037114685,1.6911577528761623
2026-05-23 23:49:41,-0.6907559148320107,1.4572916162074057
2026-05-23 23:50:41,0.1807528086716144,1.4546735760651792
2026-05-23 23:51:41,-0.3418296241954858,1.569250961169826
2026-05-23 23:52:42,-0.3298353392623114,1.4151185028481414
2026-05-23 23:53:42,-0.5634602900563805,1.4192031896102797
2026-05-23 23:54:42,-0.6287104402013257,1.5500137413685218
2026-05-23 23:55:42,-0.3192680888648003,1.4274991413515306
2026-05-23 23:56:41,-0.2377726959495549,1.5613204212884126
2026-05-23 23:57:41,-0.3009389435173727,1.366432285545359
2026-05-23 23:58:41,-0.2083261635023138,1.4595132323676672
2026-05-23 23:59:41,-0.2700811349241366,1.416304146704072
2026-05-24 00:00:32,-0.3089482196317838,1.2452952234894616
2026-05-24 00:02:05,-0.1829748084051217,0.9892251444527111
2026-05-24 00:02:42,0.2640872090500213,1.2404932504849535
2026-05-24 00:03:42,-0.2636041105062063,1.4844725458937655
2026-05-24 00:04:42,-0.4386576914598461,1.3889974577833195
2026-05-24 00:05:42,-0.5100846469907772,1.6748710137816345
2026-05-24 00:06:41,-0.4108999969350948,1.842642778553716
2026-05-24 00:07:41,-0.1508941509563767,1.784831815244636
2026-05-24 00:08:41,-0.7600262055103285,1.8110746092499104
2026-05-24 00:09:41,-0.2624172267887141,2.078723164578671
2026-05-24 00:10:42,-0.5571633773387518,2.434443527878973
2026-05-24 00:11:42,-0.2982359056987669,2.8711871841570047
2026-05-24 00:12:42,-0.7900298233367062,3.342716612065796
2026-05-24 00:13:42,-0.7160498178305887,3.610077721995684
2026-05-24 00:14:42,-1.1266946493991334,4.078143350367479
2026-05-24 00:15:42,-1.4111919243615525,4.742211471011955
2026-05-24 00:16:41,-1.3779972096013158,5.744833224856087
2026-05-24 00:17:41,-1.7032415232889684,6.817959238767116
2026-05-24 00:18:41,-1.5783053564439182,7.094030193382791
2026-05-24 00:19:41,-1.7348543673668495,8.427628778827481
2026-05-24 00:20:42,-2.570197493573051,9.747260146362487
2026-05-24 00:21:42,-2.138597290255317,10.086627402973106
2026-05-24 00:22:42,-1.9437673295818128,10.290302252895096
2026-05-24 00:23:42,-3.75473567821671,12.301872294322298
2026-05-24 00:24:41,-4.323340996432969,13.392095561733369
2026-05-24 00:25:42,-3.5454015670264374,14.764101885321605
2026-05-24 00:26:41,-4.835012857249069,14.075626318714331
2026-05-24 00:27:41,-6.764013158016216,16.28853904738609
2026-05-24 00:28:42,-5.904769108979131,14.451962130113056
2026-05-24 00:29:41,-5.484823246507092,17.903840693344556
2026-05-24 00:30:41,-6.728875406667346,18.55130574421616
2026-05-24 00:31:41,-5.980770996252541,16.923274903884867
2026-05-24 00:32:42,-9.239949637821962,17.839571971871123
2026-05-24 00:33:42,-9.246808684393477,19.77648161459785
2026-05-24 00:34:42,-7.83549289075268,17.74076507045074
2026-05-24 00:35:42,-8.145492396678828,20.573461497544702
2026-05-24 00:36:42,-10.852126178912908,18.506909557247337
2026-05-24 00:37:41,-12.33668927463369,20.64028133502601
2026-05-24 00:38:41,-11.929453215899771,20.009100567322733
2026-05-24 00:39:41,-10.91151728577768,21.089965393423142
2026-05-24 00:40:41,-12.54211088259439,18.521993774777712
2026-05-24 00:41:41,-12.181747846512105,20.490256487526093
2026-05-24 00:42:42,-11.536864824323311,23.942979861734088
2026-05-24 00:43:42,-15.442161622799524,21.22065446954852
2026-05-24 00:44:42,-14.06453702978599,22.139100811534007
2026-05-24 00:45:42,-14.4815560593929,21.004782139621607
2026-05-24 00:46:42,-12.55562081857699,22.47389653032902
2026-05-24 00:47:41,-13.377692177762118,22.95434004702592
2026-05-24 00:48:41,-16.72359435491957,22.07514667603701
2026-05-24 00:49:41,-15.986581094606056,23.37615800434064
2026-05-24 00:50:21,-17.461206771794906,11.050375533018174
2026-05-24 01:54:56,0.7255496456990337,1.4821309623862176
2026-05-24 01:57:32,7.2363628360893,1.2929826835626024
2026-05-24 01:58:26,9.487076446710937,1.5253507843069671
2026-05-24 01:59:26,9.695969696781972,1.587099975324847
2026-05-24 02:00:26,9.521921384464312,1.5497644427519863
2026-05-24 02:01:25,9.816650640610792,1.746175749659949
2026-05-24 02:02:25,10.302517412953216,1.6233386333768407
2026-05-24 02:03:25,8.39352636918777,1.5236916574837165
2026-05-24 02:04:25,7.521876030113481,1.395239967660315
2026-05-24 02:05:26,9.001598786168785,1.567251896488243
2026-05-24 02:06:26,9.570787152583254,1.740505325169305
2026-05-24 02:07:26,9.789156783713215,1.623920227811427
2026-05-24 02:08:26,9.666674769834628,1.6707176751000528
2026-05-24 02:09:26,10.47932946464203,1.691949134677428
2026-05-24 02:10:26,10.291311703180485,1.7245593714095198
2026-05-24 02:11:26,9.469219560967872,1.7291907072581845
2026-05-24 02:12:26,8.686305636245027,1.6611928968046177
2026-05-24 02:13:25,9.080808608698856,1.6442064089250177
2026-05-24 02:14:25,9.62030398652964,1.628820259421193
2026-05-24 02:15:25,9.819326968279432,1.6788834620497
2026-05-24 02:16:26,9.735222864276018,1.7525885936881578
2026-05-24 02:17:26,9.516009195797812,1.8266897519599568
2026-05-24 02:18:26,9.5804663899576,1.8021973983584705
2026-05-24 02:19:26,9.335125219657924,1.66917509717808
2026-05-24 02:20:26,9.478768089869684,1.855915675262444
2026-05-24 02:21:26,9.502190370713606,1.7946187981010775
2026-05-24 02:22:25,8.70077789946735,1.8151803771474155
2026-05-24 02:23:25,7.462993790664532,1.723775699462166
2026-05-24 02:24:25,7.366568088825655,1.7642843010248246
2026-05-24 02:25:25,6.799442365608049,1.512501570427593
2026-05-24 02:26:26,6.978580524120786,1.624903173458221
2026-05-24 02:27:26,6.821102072028631,1.7038944026806364
2026-05-24 02:28:26,6.184804715063402,1.6161036805651483
2026-05-24 02:29:26,6.442327887919369,1.6171948242314456
2026-05-24 02:30:26,6.880243639329585,1.8341000057078425
2026-05-24 02:31:26,6.4880979408092285,1.6632268441695603
2026-05-24 02:32:25,6.809594087469987,1.814469576843717
2026-05-24 02:33:26,6.79135817523817,1.7866775409166975
2026-05-24 02:34:25,6.699690549426348,1.6958759838880164
2026-05-24 02:35:25,6.333124727262197,1.6888617401420585
2026-05-24 02:36:25,6.371446348429646,1.7499507693982612
2026-05-24 02:37:26,6.364004707238345,1.764255522692061
2026-05-24 02:38:26,6.485685810190571,1.815515029451796
2026-05-24 02:39:26,6.517766153452521,1.7990323680356235
2026-05-24 02:40:26,6.144934114014296,1.6573663298201955
2026-05-24 02:41:26,6.316642836942595,1.7179287996664971
2026-05-24 02:42:26,6.28954990087399,1.859211404897733
2026-05-24 02:43:26,6.156731623096623,1.6989953600830905
2026-05-24 02:44:25,5.038160800882071,1.77735072018299
2026-05-24 02:45:25,5.5066188832191845,1.7683036459855035
2026-05-24 02:46:25,5.372553108713554,1.5235425572118553
2026-05-24 02:47:26,5.067637124362072,1.5867003995173337
2026-05-24 02:48:26,4.431648286741153,1.4873620442873636
2026-05-24 02:49:26,3.728108113331789,1.4084397854708897
2026-05-24 02:50:26,3.651691702073775,1.5229481661186175
2026-05-24 02:51:26,3.303329214751998,1.263901560958288
2026-05-24 02:52:26,1.7347409138121188,1.2838040044481291
2026-05-24 02:53:26,1.7006328585788824,1.2280526800574796
2026-05-24 02:54:18,2.523206909108373,1.3932693564169552
2026-05-24 02:54:49,2.5636483032868536,1.2245824497476987
2026-05-24 02:56:22,1.843114236108268,1.1357573356739872
2026-05-24 02:57:11,2.544884947545958,1.4681005349742156
2026-05-24 02:58:11,2.831940392697009,1.5186626223774722
2026-05-24 02:59:11,2.595277583649916,1.4152749418266777
2026-05-24 03:00:10,2.364177351829464,1.5625657246688904
2026-05-24 03:01:10,1.913634762882574,1.422898782302306
2026-05-24 03:02:10,2.0058576622635167,1.608060691059182
2026-05-24 03:03:10,2.0665412333152133,1.6622897320161454
2026-05-24 03:04:10,2.0718935745119027,1.784086394538577
2026-05-24 03:05:10,2.2927972571941013,1.874348433785504
2026-05-24 03:06:11,2.4296505252117195,1.7492031909450363
2026-05-24 03:07:11,2.481685518664766,1.9396441503931587
2026-05-24 03:08:11,2.5532841845747853,2.088904501686917
2026-05-24 03:09:11,2.4424066787908263,1.9994669872817377
2026-05-24 03:10:11,1.5801981522985329,1.843232466504166
2026-05-24 03:11:11,0.8645741623530764,1.9263497928230888
2026-05-24 03:12:10,1.4153970818069803,1.9591876694594912
2026-05-24 03:13:10,1.8943586083510024,2.037078679706444
2026-05-24 03:14:10,1.4598387778459576,1.988815156440356
2026-05-24 03:15:10,1.1351410875067125,2.034219177780217
2026-05-24 03:16:10,1.3517385249498164,2.2155254075897526
2026-05-24 03:17:10,2.274655324891057,2.622670640882578
2026-05-24 03:18:11,2.348024568528013,2.53887885911154
2026-05-24 03:19:11,2.265152424257471,2.589306923651097
2026-05-24 03:20:11,2.2422569897534834,2.688146854946961
2026-05-24 03:21:11,2.4002935499463645,2.5631656905322453
2026-05-24 03:22:10,1.947416775286888,2.5421517476280355
2026-05-24 03:23:10,1.5324645464966968,2.30917473141564
2026-05-24 03:24:10,1.25523491725198,2.128135983062049
2026-05-24 03:25:10,1.3796430061764922,2.155996177365023
2026-05-24 03:26:10,1.204171565362711,2.202957662114052
2026-05-24 03:27:11,0.8337705700866112,1.8181111987303709
2026-05-24 03:28:11,0.8877592097522325,2.170635307226789
2026-05-24 03:29:11,0.7370801555312728,2.2127392903117604
2026-05-24 03:30:11,1.0435465637336754,2.566231174819068
2026-05-24 03:31:10,1.455556641466484,2.271686194102544
2026-05-24 03:32:10,1.3796495866378105,2.2231921244644712
2026-05-24 03:33:10,1.9224654150975529,2.661690126683125
2026-05-24 03:34:10,2.1979425854310457,2.504410514827717
2026-05-24 03:35:10,1.8483007302396,2.9880052162200306
2026-05-24 03:36:10,1.5857718147441764,3.4230512224419813
2026-05-24 03:37:10,1.532951121162086,3.1254983653609174
2026-05-24 03:38:11,1.742431958887486,2.5863589173645924
2026-05-24 03:39:11,1.7964739130416911,3.4583759183850318
2026-05-24 03:40:11,1.7955666677951214,2.798316196244416
2026-05-24 03:41:11,1.7964937196289117,2.848649223307885
2026-05-24 03:42:11,2.1538657726834267,2.8875825240955484
2026-05-24 03:43:10,2.401412848175752,3.504470493650504
2026-05-24 03:44:10,3.047744598639673,2.984253572897542
2026-05-24 03:45:10,3.170065162653438,2.732318928252752
2026-05-24 03:46:10,2.797633668462,3.0996323674925814
2026-05-24 03:47:11,2.4653505956496127,3.3198620841909747
2026-05-24 03:48:11,2.556138219978996,3.234858271971204
2026-05-24 03:49:12,3.028362380993195,3.270212958883332
2026-05-24 03:50:11,2.8543152073674523,3.2459397940859955
2026-05-24 03:51:11,2.424511755902454,3.42956613950666
2026-05-24 03:52:11,3.157167979101853,3.1949520449581703
2026-05-24 03:53:10,3.3563099317361456,3.25522634578707
2026-05-24 03:54:10,2.945838046566642,3.0755226851431248
2026-05-24 03:54:50,3.073580382011711,2.5047404417338264
2026-05-24 03:56:24,2.5711414828043884,1.3377882945419248
2026-05-24 03:57:11,3.8883596555126014,2.886614121200405
2026-05-24 03:58:11,4.035052164951038,3.8848771013958663
2026-05-24 03:59:11,3.725682692043948,5.232662489097765
2026-05-24 04:00:11,3.4406404437161333,4.626053576329383
2026-05-24 04:01:11,3.3439776753861667,5.506510746177756
2026-05-24 04:02:10,3.418070991350091,7.922812796733347
2026-05-24 04:03:10,3.780412799439541,6.770105004691679
2026-05-24 04:04:10,3.625294789740317,5.74361194400405
2026-05-24 04:05:11,3.388386298956122,5.178682642755368
2026-05-24 04:06:11,3.3390900994517816,5.298339366517375
2026-05-24 04:07:11,3.825495062026562,4.345980289396624
2026-05-24 04:08:11,3.975853343733053,3.9885787064746943
2026-05-24 04:09:11,4.212068718225211,3.704382501064772
2026-05-24 04:10:11,4.11225518098047,3.5380642840412446
2026-05-24 04:11:11,3.764674524759421,5.240787710309506
2026-05-24 04:12:11,3.331769075610295,7.924509770334945
2026-05-24 04:13:11,3.5572521979929395,5.3524133986459095
2026-05-24 04:14:10,3.63924539722626,5.692450753701972
2026-05-24 04:15:11,2.935329478566697,7.161208760363075
2026-05-24 04:16:11,2.787301766002933,5.818460416263088
2026-05-24 04:17:11,2.872379796910756,5.435376676122653
2026-05-24 04:18:11,2.7973276424946043,5.725422996737556
2026-05-24 04:19:11,3.2440504083567494,7.435841368716281
2026-05-24 04:20:11,3.474146533973994,6.294446925825848
2026-05-24 04:21:11,2.9605896916407937,7.290182768085221
2026-05-24 04:22:11,3.323904154446944,4.299237861841417
2026-05-24 04:23:11,2.6158259956441463,5.412250905631086
2026-05-24 04:24:10,1.392101582397876,10.998163382515962
2026-05-24 04:25:10,2.1169520398502004,7.989871245527212
2026-05-24 04:26:10,1.6370892885667991,9.728065678280847
2026-05-24 04:27:11,0.999346526504306,10.490448218245833
2026-05-24 04:28:11,1.0783867671016956,7.701827933603455
2026-05-24 04:29:11,1.497545105221424,6.8299571883642365
2026-05-24 04:30:11,2.0180880141377786,5.398051607961619
2026-05-24 04:31:11,2.923936651066401,3.815533503964917
2026-05-24 04:32:11,3.55531356014663,4.59196904897254
2026-05-24 04:33:10,3.926565824135685,3.293414369050009
2026-05-24 04:34:11,3.6481685667472057,2.7035208220975777
2026-05-24 04:35:10,2.722841302915043,2.902261693211323
2026-05-24 04:36:11,3.030858457892722,3.194835460430185
2026-05-24 04:37:11,3.4849150288439894,3.082577582912103
2026-05-24 04:38:11,2.547870957072136,2.6081241075774733
2026-05-24 04:39:11,1.9489854787383156,3.404227668702485
2026-05-24 04:40:11,0.9308880249632764,3.9636389204682656
2026-05-24 04:41:11,0.088438888034623,3.898103997285927
2026-05-24 04:42:11,-2.969467912131297,6.722387178654406
2026-05-24 04:43:11,-4.549424265481354,6.360172319904301
2026-05-24 04:44:11,-0.4213135859748341,4.040379767244738
2026-05-24 04:45:10,-0.4313098475612928,4.841376856268561
2026-05-24 04:46:10,-6.055641072757607,7.150253664127578
2026-05-24 04:47:11,-16.79307010030795,9.632599737622154
2026-05-24 04:48:11,-38.57084752355879,13.014378283530837
2026-05-24 04:49:11,-63.72974746716583,20.127629664455792
2026-05-24 04:50:10,-109.73817942463003,25.049469971328584
2026-05-24 04:51:11,-192.91248766197987,36.0291112067554
2026-05-24 04:52:11,-322.12851606576305,49.52575167148331
2026-05-24 04:53:11,-455.2773161613106,62.97080622856396
2026-05-24 04:54:11,-541.0023281013658,68.5831230885312
2026-05-24 04:54:52,-590.6043683007906,31.55892232454515
2026-05-24 04:57:28,2.8373903879859608,1.0920654103400456
2026-05-24 04:58:11,4.466537187343247,1.6507120325320028
2026-05-24 04:59:11,1.782486429602854,3.4774951061198323
2026-05-24 05:00:11,-8.793416831117394,7.725424219429998
2026-05-24 05:01:11,-40.50350650840984,15.606401771865444
2026-05-24 05:02:11,-91.0371379844837,22.82591880692421
2026-05-24 05:03:11,-167.24137818822527,28.679045899482706
2026-05-24 05:04:10,-271.88386141635584,51.26486024212471
2026-05-24 05:05:11,-391.336526071912,60.29541242563726
2026-05-24 05:06:11,-576.8121671965979,62.91279130383797
2026-05-24 05:07:11,-743.2843305780841,81.76560227133135
2026-05-24 05:08:12,-829.9293707737353,85.75520514543486
2026-05-24 05:09:11,-885.7576637813248,97.04286479211508
2026-05-24 05:10:11,-902.6588940584732,93.98892220913964
2026-05-24 05:11:11,-920.2040697210656,87.93675819168963
2026-05-24 05:12:11,-929.9029529385816,95.39319028928972
2026-05-24 05:13:11,-926.0159400018052,102.91677088719489
2026-05-24 05:14:11,-928.9544179023898,105.19603005672906
2026-05-24 05:15:11,-908.287956355484,95.45278337876704
2026-05-24 05:16:11,-911.031945195005,91.38265814514403
2026-05-24 05:17:11,-895.7814566564782,117.4458545205566
2026-05-24 05:18:11,-881.5518989777879,98.20726720845578
2026-05-24 05:19:11,-842.9860630290696,121.64334257087027
2026-05-24 05:20:11,-830.9438676366674,107.56376998168254
2026-05-24 05:21:11,-800.995096643386,110.77463494892568
2026-05-24 05:22:11,-773.6455231309371,96.23055685858056
2026-05-24 05:23:11,-748.877658710547,107.65675257072824
2026-05-24 05:24:11,-719.7102384230125,104.78691381181622
2026-05-24 05:25:11,-685.4544413111455,102.18396453088394
2026-05-24 05:26:11,-666.4561245688676,110.97104800960508
2026-05-24 05:27:11,-626.9669089234844,102.55957535484109
2026-05-24 05:28:11,-596.9659544975942,103.6001702433326
2026-05-24 05:29:11,-570.7763863556834,95.25826374273564
2026-05-24 05:30:11,-533.0956986291068,95.4442122894424
2026-05-24 05:31:11,-498.8655653637048,109.82966017949596
2026-05-24 05:32:11,-480.9794619801519,75.08886616834883
2026-05-24 05:33:11,-450.6607512451124,87.15112005408248
2026-05-24 05:34:11,-419.6291944534917,108.31379918242872
2026-05-24 05:35:10,-378.6557764690272,102.27693162993248
2026-05-24 05:36:11,-354.9205823179872,98.0333262742136
2026-05-24 05:37:11,-319.91152737938256,93.66105056167996
2026-05-24 05:38:11,-293.94837580115035,96.04454060102876
2026-05-24 05:39:12,-268.8796540945669,93.13470613557593
2026-05-24 05:40:11,-238.66944619726,89.61549253138159
2026-05-24 05:41:11,-214.063390096518,101.68261072863012
2026-05-24 05:42:11,-187.8766511390003,94.42791783774857
2026-05-24 05:43:11,-165.29250335058435,90.19263705612757
2026-05-24 05:44:11,-142.1417438322955,91.00002342874018
2026-05-24 05:45:11,-119.72490257142758,78.48284817120805
2026-05-24 05:46:11,-99.79528499888023,75.47219005572327
2026-05-24 05:47:11,-82.09643042366105,77.70392247838818
2026-05-24 05:48:11,-65.71581780101857,78.48009281227971
2026-05-24 05:49:11,-49.77590785374368,57.32641437134711
2026-05-24 05:50:11,-35.6899479102718,44.96563847752935
2026-05-24 05:51:11,-24.533928422918603,33.17385122832017
2026-05-24 05:52:11,-15.809598911060712,19.331723275854067
2026-05-24 05:53:11,-8.604706639068414,7.001720595294213
2026-05-24 05:54:11,-3.00974111026964,1.9710294528489591
2026-05-24 05:54:53,-1.0823095154796172,1.0385148668355324
2026-05-24 05:56:27,0.0035637352314527,0.9140671689888086
2026-05-24 05:57:12,0.0019637505520293,0.8971837165666777
2026-05-24 05:58:11,-0.1008957565583122,0.9313170597976396
2026-05-24 05:59:11,-0.0292630727705194,0.9058254027586858
2026-05-24 06:00:11,-0.0709457935489803,0.9621437360194932
2026-05-24 06:01:11,-0.0787314687532573,0.939245624966502
2026-05-24 06:02:11,-0.0336123649123208,0.9081654396151552
2026-05-24 06:03:11,-0.2477231482408551,0.9653466877750186
2026-05-24 06:04:11,-0.0639494280131393,0.9408136583176686
2026-05-24 06:05:11,-0.0939358284323507,0.939870977798408
2026-05-24 06:06:12,-0.2181258248193913,0.9004807407607994
2026-05-24 06:07:12,-0.0759121196008233,0.973807534070868
2026-05-24 06:08:11,0.3683432343810616,0.9365965708332016
2026-05-24 06:09:11,0.0098584840616908,0.9292955982998292
2026-05-24 06:10:12,0.0236511888689633,0.9337535779685248
2026-05-24 06:11:11,-0.0826896050576589,0.9202781281228776
2026-05-24 06:12:11,-0.0377177630817269,0.8863085383322652
2026-05-24 06:13:11,-0.2268263343410659,0.9523663818882256
2026-05-24 06:14:11,0.004735777401681,0.9499516523831832
2026-05-24 06:15:11,-0.0219801488344073,1.022123092028337
2026-05-24 06:16:11,-0.0462447877491048,0.8908940321318936
2026-05-24 06:17:12,0.0985116878981581,0.9247150308035148
2026-05-24 06:18:12,-0.0281822277696937,0.8923458781731521
2026-05-24 06:19:11,0.1568432041151794,0.914544924762788
2026-05-24 06:20:11,0.1473327986920936,0.8685955320070233
2026-05-24 06:21:11,0.0746254354309252,0.9484429095348368
2026-05-24 06:22:11,-0.0496895749679654,0.8386712843283548
2026-05-24 06:23:11,0.0007135180956871,0.7953246114668389
2026-05-24 06:24:11,-0.0279316150263251,0.9614442054508356
2026-05-24 06:25:11,0.0757086043415275,0.9177894677682464
2026-05-24 06:26:11,-0.3115636898076322,0.8992377864813283
2026-05-24 06:27:12,0.3141264642396725,0.9224493433352114
2026-05-24 06:28:12,0.2429944004591405,0.904648143733176
2026-05-24 06:29:11,0.1398545581434745,0.9035869876621028
2026-05-24 06:30:11,-0.0309014849288013,0.8664822948884694
2026-05-24 06:31:11,-0.0620204751205483,0.9083453952234928
2026-05-24 06:32:11,-0.0163700659018216,0.871988405087622
2026-05-24 06:33:11,0.4393260900220989,0.8965778742868297
2026-05-24 06:34:11,0.2976376139017581,0.8550961016430844
2026-05-24 06:35:11,0.0912842363039957,0.9043302273875704
2026-05-24 06:36:11,0.0286739255687058,0.9641009289702656
2026-05-24 06:37:12,0.1726382623047384,0.9400455376673847
2026-05-24 06:38:12,-0.4904376485334442,0.8787714872532604
2026-05-24 06:39:12,-0.0176874637818863,0.8957119403978857
2026-05-24 06:40:11,0.1956231952269772,0.9344973998044996
2026-05-24 06:41:12,0.2375604710170425,0.9256293842806764
2026-05-24 06:42:11,0.2015074280068747,0.8955957271635289
2026-05-24 06:43:11,-0.0124705087242011,0.8599512710520854
2026-05-24 06:44:11,0.0133146801810313,0.8659511328762154
2026-05-24 06:45:11,0.1857472929496148,0.921353939038058
2026-05-24 06:46:11,-0.0142896488923027,0.8514205216335039
2026-05-24 06:47:11,0.235920070291718,0.8879752652500629
2026-05-24 06:48:12,0.296977669601125,0.8858181638595889
2026-05-24 06:49:12,-0.0861914656405612,0.9226343215163514
2026-05-24 06:50:11,-0.0987178231184005,0.9086733291388752
2026-05-24 06:51:11,0.0179821869647642,0.9387008571283744
2026-05-24 06:52:11,0.0433013443270465,0.8870909186545248
2026-05-24 06:53:11,3.405991047262537e-05,0.911405133269811
2026-05-24 06:54:10,0.1315904342179243,0.8527980364459493
2026-05-24 06:54:54,0.4975295404927509,0.9182064401539598
2026-05-24 06:56:27,-0.0473931172803274,0.9454156528726888
2026-05-24 06:57:12,-2.01665360630137,1.5285366605231197
2026-05-24 06:58:12,-5.832387042673467,5.227883613680884
2026-05-24 06:59:12,-11.904745877996294,14.56786553814851
2026-05-24 07:00:11,-19.36567820365523,32.27053447734251
2026-05-24 07:01:11,-29.779587396280963,46.80167603445518
2026-05-24 07:02:11,-41.26354469673546,58.22227998912495
2026-05-24 07:03:11,-54.93513265916469,72.64537597986016
2026-05-24 07:04:11,-70.02271275975005,81.72187274878758
2026-05-24 07:05:12,-84.88750808752114,79.38232770357563
2026-05-24 07:06:12,-102.11865430959924,80.49147569911426
2026-05-24 07:07:12,-121.81057713761578,99.92284905803372
2026-05-24 07:08:12,-144.76991463081015,89.88432239315362
2026-05-24 07:09:12,-161.53291732583432,109.50994522831031
2026-05-24 07:10:12,-182.9151426482797,110.05506901423492
2026-05-24 07:11:11,-206.8303616543475,105.85886150783416
2026-05-24 07:12:12,-232.8021342227217,96.77719844230393
2026-05-24 07:13:11,-251.1136748760349,114.69962767597076
2026-05-24 07:14:11,-276.4936305258193,112.88652783239588
2026-05-24 07:15:12,-297.16162066672183,126.12976027839888
2026-05-24 07:16:12,-326.9466418916254,119.91738824782554
2026-05-24 07:17:12,-345.29317397292914,120.4397328904861
2026-05-24 07:18:11,-368.30069443708095,121.157654639449
2026-05-24 07:19:12,-385.3267812449932,120.63897306005045
2026-05-24 07:20:12,-390.1226658886675,121.58312991674124
2026-05-24 07:21:12,-393.1433345538125,116.62136310432643
2026-05-24 07:22:12,-374.9789223465764,112.45232651094436
2026-05-24 07:23:11,-338.9739872218117,108.2575022546499
2026-05-24 07:24:11,-281.260713604419,89.0115431647056
2026-05-24 07:25:11,-216.86803365422983,77.33079668955973
2026-05-24 07:26:12,-158.6369354760954,63.458431372388645
2026-05-24 07:27:12,-110.39548883922134,57.47666885757707
2026-05-24 07:28:12,-78.69302901158447,46.39345468269048
2026-05-24 07:29:12,-58.52851309580785,39.53487745889885
2026-05-24 07:30:12,-43.733236973362,35.843473277183065
2026-05-24 07:31:12,-40.98428396457546,32.88923866824677
2026-05-24 07:32:11,-40.51354023758612,36.81767365679167
2026-05-24 07:33:11,-37.82570439083502,32.08485552755283
2026-05-24 07:34:11,-36.200818746121655,33.80041857710198
2026-05-24 07:35:11,-36.14533736127045,27.54483179007312
2026-05-24 07:36:11,-34.55271408612693,29.156190422290397
2026-05-24 07:37:11,-32.79557152277676,26.715741880535035
2026-05-24 07:38:12,-31.218699180921814,30.83407962577555
2026-05-24 07:39:12,-27.808037288580483,26.88477446646965
2026-05-24 07:40:12,-25.08314996459367,27.89674792455229
2026-05-24 07:41:12,-21.82073322654169,23.65819135229497
2026-05-24 07:42:12,-18.759240238623534,22.782764250997182
2026-05-24 07:43:12,-15.132070764376728,22.91491788843931
2026-05-24 07:44:11,-12.862111772733812,20.782900002143275
2026-05-24 07:45:11,-9.821870673350118,16.934534200582426
2026-05-24 07:46:11,-7.083485797438191,19.06818204364365
2026-05-24 07:47:12,-6.103309762842781,20.414823460883834
2026-05-24 07:48:12,-5.346783587287315,19.787557039362024
2026-05-24 07:49:12,-4.582044558166444,19.142751136562744
2026-05-24 07:50:12,-4.274158770275103,17.203114237093807
2026-05-24 07:51:12,-4.445702807084436,18.155726780559284
2026-05-24 07:52:12,-4.662825303734572,17.20927698032338
2026-05-24 07:53:11,-5.06281308871026,16.52531418622455
2026-05-24 07:54:11,-4.537047799226875,19.25923086703319
2026-05-24 09:38:56,1.4767013561152813,0.9809117123958264
2026-05-24 09:41:32,0.8780891772924632,1.0288483876830623
2026-05-24 09:42:26,0.6482020590894997,1.4794798175264807
2026-05-24 09:43:26,0.5244429465288071,1.613969907595858
2026-05-24 09:44:26,0.7232952551685518,1.46212928721235
2026-05-24 09:45:26,1.0377475159019462,1.2943570099094674
2026-05-24 09:46:25,1.1602441284270772,1.2380948985697935
2026-05-24 09:47:25,1.481723813409338,1.247031569343256
2026-05-24 09:48:25,1.9932576925329677,1.3841324934467782
2026-05-24 09:49:25,2.359504510414984,1.51603984403192
2026-05-24 09:50:25,2.133048100093727,1.483722579541085
2026-05-24 09:51:26,2.148082673513375,1.4936706906829555
2026-05-24 09:52:26,2.03490473283543,1.585215858237612
2026-05-24 09:53:26,1.9646601685079208,1.4971286096660796
2026-05-24 09:54:26,2.0758643037982,1.667181556720415
2026-05-24 09:55:26,1.931288631993348,1.781671097181084
2026-05-24 09:56:25,1.8344078978285727,1.8402211862529416
2026-05-24 09:57:25,1.9606049590851244,1.8721840312569
2026-05-24 09:58:25,1.693167559040969,1.6499564600120278
2026-05-24 09:59:25,1.8784129665817784,1.8676356639279184
2026-05-24 10:00:25,1.8970669063035404,1.9714735482360024
2026-05-24 10:01:26,1.7799007540264844,2.264285246851107
2026-05-24 10:02:26,1.8454427377067328,2.0823959564952945
2026-05-24 10:03:26,1.958534196091086,2.1105026357772467
2026-05-24 10:04:26,2.0002382080747187,2.0043091833626674
2026-05-24 10:05:26,2.33326099751241,2.280897177538607
2026-05-24 10:06:26,1.875438236960006,2.3378532979321025
2026-05-24 10:07:26,1.959405649623305,2.2362753872838104
2026-05-24 10:08:25,1.8141393623820368,2.1832047938676324
2026-05-24 10:09:25,2.021487213930019,2.261302628249808
2026-05-24 10:10:25,2.3646651866391406,2.0600451687621377
2026-05-24 10:11:25,2.159683157838521,2.5424014763931546
2026-05-24 10:12:26,1.4726534712784136,2.219925740340806
2026-05-24 10:13:26,1.7189568763319176,2.2186489909413107
2026-05-24 10:14:26,1.4459661822699807,1.994660927257601
2026-05-24 10:15:26,1.47919543868144,1.9818401842542013
2026-05-24 10:16:26,1.4169664095822885,1.6563919894077677
2026-05-24 10:17:26,1.438873309351257,1.7573467774957556
2026-05-24 10:18:25,1.456276420235176,1.7744308151661503
2026-05-24 10:19:25,1.4757507658751527,1.6960698834909032
2026-05-24 10:20:25,1.4716401879948064,1.5533016346087742
2026-05-24 10:21:25,1.528619411799223,1.4482889919437505
2026-05-24 10:22:26,1.4296149921055388,1.4922381167013592
2026-05-24 10:23:26,1.5140314396556465,1.380523575417283
2026-05-24 10:24:26,1.3997157345495446,1.315178196970984
2026-05-24 10:25:26,1.3422515002406532,1.2120266990346809
2026-05-24 10:26:26,1.4705718075949978,1.1864626808834884
2026-05-24 10:27:25,1.2411817830659555,1.2880226057967654
2026-05-24 10:28:26,1.1968775478303355,1.1321262848374969
2026-05-24 10:29:25,1.198531595543206,1.0818787260878326
2026-05-24 10:30:25,1.1965607203018171,1.12035467201563
2026-05-24 10:31:25,1.323632629796922,1.1412306799416103
2026-05-24 10:32:25,1.2846207276558077,1.1149202595896257
2026-05-24 10:33:26,1.4108260940003008,1.0343959075171327
2026-05-24 10:34:26,1.4041017473207638,1.1145675415473932
2026-05-24 10:35:26,1.3686533601785893,1.150623543833362
2026-05-24 10:36:26,1.319636306103533,1.1623137150442546
2026-05-24 10:37:26,1.2816865528070438,1.1415394519133428
2026-05-24 10:38:20,1.330798115930644,1.202750649669007
2026-05-24 10:38:51,1.371154074936411,0.9676902073999292
2026-05-24 10:40:24,0.7982584889239613,1.0940685491801303
2026-05-24 10:41:15,1.2763052464114022,1.0661424027095785
2026-05-24 10:42:15,1.3313620775874069,1.1411621112931905
2026-05-24 10:43:15,1.4495254504704218,1.138930503332437
2026-05-24 10:44:14,1.4932388978902658,1.193483456277261
2026-05-24 10:45:14,1.551361524202419,1.1556291956338924
2026-05-24 10:46:14,1.4660396602739745,1.0268555140751483
2026-05-24 10:47:14,1.4976353564701448,1.2295233650482542
2026-05-24 10:48:14,1.557094015411021,1.0419734767620563
2026-05-24 10:49:15,1.746710517319627,1.1569994433916826
2026-05-24 10:50:15,1.7305708090515584,1.2235837998107275
2026-05-24 10:51:15,1.495512381774207,1.1339553420486368
2026-05-24 10:52:15,1.4346256773197663,1.1469133703383894
2026-05-24 10:53:15,1.4379015025603357,1.265143829226823
2026-05-24 10:54:15,1.4953222305373757,1.1635798588265909
2026-05-24 10:55:15,1.5531922403565497,1.283720190632486
2026-05-24 10:56:15,1.590353634718752,1.3421567625895885
2026-05-24 10:57:14,1.592858062208404,1.3672399422546666
2026-05-24 10:58:14,1.4753029550772825,1.69479020968814
2026-05-24 10:59:14,1.534380339024129,1.5997193696404273
2026-05-24 11:00:14,1.5081211886931265,1.6012383599979665
2026-05-24 11:01:14,1.691708336792527,1.7433763575629695
2026-05-24 11:02:15,1.7162469355872323,2.079790461797631
2026-05-24 11:03:15,1.7309314913578744,2.2369489615706484
2026-05-24 11:04:15,1.8093229505310853,2.191263798432201
2026-05-24 11:05:15,1.9024072331365016,2.3920563069483647
2026-05-24 11:06:14,1.966907766450288,2.707682513875388
2026-05-24 11:07:14,2.1698807459902505,2.5823810703865644
2026-05-24 11:08:14,1.9323716425235664,2.848898948549268
2026-05-24 11:09:14,1.9952956174656848,2.8363935605907304
2026-05-24 11:10:15,2.0091528373249217,2.968687203732416
2026-05-24 11:11:14,2.217964389673982,3.2266592884765384
2026-05-24 11:12:15,2.110669709805338,3.048135975600157
2026-05-24 11:13:15,2.0798162787395205,3.508247627878078
2026-05-24 11:14:15,2.0014318048710518,3.3313691706701265
2026-05-24 11:15:15,2.021303296557067,3.5473641694549274
2026-05-24 11:16:14,2.286647881736358,3.9478057368563855
2026-05-24 11:17:14,1.9812768073065576,4.050133314046008
2026-05-24 11:18:14,1.8759946689862537,3.979388452152933
2026-05-24 11:19:14,1.88688339236798,4.187234895195195
2026-05-24 11:20:14,1.7156903449908554,4.272790883147442
2026-05-24 11:27:28,2.0466511671693226,0.9787397097461004
2026-05-24 11:30:05,1.739853316700518,1.0227153151563326
2026-05-24 11:30:58,2.3945750056920194,1.137463139575314
2026-05-24 11:31:58,2.342046019053759,1.0685873857201489
2026-05-24 11:32:58,2.384899235184489,1.095649601703864
2026-05-24 11:33:58,2.4067769817762468,1.0734621580248302
2026-05-24 11:34:58,2.466674672436512,1.0491667810502705
2026-05-24 11:35:58,2.3790965913298696,1.1100533224548603
2026-05-24 11:36:57,2.497455830291241,1.159423042672777
2026-05-24 11:37:58,2.601946207320543,1.1043358638834513
2026-05-24 11:38:58,2.656168050062189,1.1032131469309467
2026-05-24 11:39:58,3.3482601244144834,1.1709939767966553
2026-05-24 11:40:58,4.765075750375019,1.3479912599926955
2026-05-24 11:41:58,4.879052877845125,1.3661743315494688
2026-05-24 11:42:58,4.0931363908163805,1.2723204253053193
2026-05-24 11:43:58,3.932281335304431,1.3021935917286964
2026-05-24 11:44:58,3.769680595717961,1.153697054153474
2026-05-24 11:45:58,3.550228277485713,1.1543222647326263
2026-05-24 11:46:58,4.114101130356512,1.3367290390425195
2026-05-24 11:47:58,4.106988377089968,1.2685789055072432
2026-05-24 11:48:58,4.024647891086837,1.200676178846164
2026-05-24 11:49:58,4.069771303842691,1.1819896558511624
2026-05-24 11:50:58,4.053266959328608,1.1821508780821814
2026-05-24 11:51:58,3.97867813356588,1.2864916810905571
2026-05-24 11:52:58,4.053615392687622,1.220318733444923
2026-05-24 11:53:58,3.759955471325651,1.294996883209617
2026-05-24 11:54:58,3.4302417996350862,1.213241385063761
2026-05-24 11:55:58,3.637742421337603,1.206912598395535
2026-05-24 11:56:58,3.506196874316639,1.230710001636626
2026-05-24 11:57:57,3.2557411723388685,1.154452941639128
2026-05-24 11:58:58,3.2000584797588565,1.083146571623411
2026-05-24 11:59:58,3.1201322547011547,1.0542113693954818
2026-05-24 12:00:58,3.174939719783693,1.0835826324179565
2026-05-24 12:01:58,3.5916415539033,1.1066248594093544
2026-05-24 12:02:58,3.645075746316152,1.1997024382983894
2026-05-24 12:03:58,3.035510943440657,1.053709138350804
2026-05-24 12:04:57,2.850656210370191,1.0207603993731844
2026-05-24 12:05:58,2.7263372169210287,1.08268099806379
2026-05-24 12:06:58,2.815981727406816,1.029180434304677
2026-05-24 12:07:57,2.5721643926558726,1.1029778276517794
2026-05-24 12:08:58,2.2906410345133863,1.0205009845881456
2026-05-24 12:09:58,2.337482099112491,0.9810219883278044
2026-05-24 12:10:58,2.446163083984746,1.0861653332070444
2026-05-24 12:11:58,2.504330189137201,1.0618275283287395
2026-05-24 12:12:58,2.415492806138442,1.1873628254868018
2026-05-24 12:13:58,2.4145027974979416,1.1223742194456638
2026-05-24 12:14:58,2.275444463587971,0.9933987542616828
2026-05-24 12:15:58,2.2487025828232223,1.010052609144156
2026-05-24 12:16:58,2.3782745296704557,1.0355772348245822
2026-05-24 12:17:58,2.860353232814845,1.0981985216754964
2026-05-24 12:18:58,3.446353672150513,1.265380416006327
2026-05-24 12:19:58,3.1030375108880928,1.1037443641912152
2026-05-24 12:20:58,2.819377272433498,1.0645159937256516
2026-05-24 12:21:58,2.864696900592581,1.065139040292148
2026-05-24 12:22:58,3.057886531345129,1.0910484333913055
2026-05-24 12:23:58,2.6906789912888724,1.048937739582361
2026-05-24 12:24:58,2.9020668222821557,1.101546139680364
2026-05-24 12:25:58,2.841577462719014,1.10097365962358
2026-05-24 12:26:52,2.683150538223264,1.0680905338635247
2026-05-24 12:27:23,2.778511937247752,1.065079858135139
2026-05-24 12:28:57,2.0279146381374646,1.0132796440400087
2026-05-24 12:29:47,2.680275873020569,0.9716819974083344
2026-05-24 12:30:47,2.3344457808182404,1.1469274204041875
2026-05-24 12:31:47,2.3196380205335085,1.0116441037203197
2026-05-24 12:32:46,2.27476346249913,0.9684387316086036
2026-05-24 12:33:46,2.434628576492792,1.0764596953920498
2026-05-24 12:34:46,2.3803872365819574,0.9718742401077904
2026-05-24 12:35:46,2.445369751813999,1.16468154057844
2026-05-24 12:36:46,2.444910898094549,1.1479778897794857
2026-05-24 12:37:46,2.450520961962662,1.1000498286075873
2026-05-24 12:38:47,2.455322599457652,1.065352854182372
2026-05-24 12:39:47,2.414578204349589,1.0799583958969372
2026-05-24 12:40:47,2.5149950578358022,1.159741608660961
2026-05-24 12:41:47,2.6044730631614645,1.077469862940741
2026-05-24 12:42:46,2.4897446017284977,1.1055497321020191
2026-05-24 12:43:46,3.0190529510989705,1.1085897270137657
2026-05-24 12:44:46,2.929515787676377,1.2517108607378384
2026-05-24 12:45:46,2.8865486184823763,1.1402498391930174
2026-05-24 12:46:46,2.934640552018288,1.1583551254245203
2026-05-24 12:47:47,2.742902644758339,1.0794421757082977
2026-05-24 12:48:47,2.897153039458111,1.1118811150679098
2026-05-24 12:49:47,2.7943963856488154,1.1831435226712153
2026-05-24 12:50:47,2.6134951003276363,1.0064819115075032
2026-05-24 12:51:47,2.604125929665638,1.159034637476915
2026-05-24 12:52:47,2.6590686297407777,1.1322381836467064
2026-05-24 12:53:47,2.5661525523369706,1.0233648528052912
2026-05-24 12:54:46,2.5366547564083546,1.161399086931614
2026-05-24 12:55:46,2.453053545868624,1.0515668503625906
2026-05-24 12:56:46,2.467655071705218,1.0042346332604013
2026-05-24 12:57:46,2.6170249592296706,1.0648407577062349
2026-05-24 12:58:46,2.6388336193276207,1.1938448434307316
2026-05-24 12:59:47,2.6281129462705604,1.1140678332609093
2026-05-24 13:00:47,2.587401523201375,1.1847791114585702
2026-05-24 13:01:47,2.6580580749890013,1.079831757993111
2026-05-24 13:02:47,2.64971147866246,1.129519987448816
2026-05-24 13:03:46,2.862949428870164,1.1952098787673546
2026-05-24 13:04:46,2.761655967390356,1.22833652975285
2026-05-24 13:05:46,2.8831753737142,1.1545781215998172
2026-05-24 13:06:46,2.8310837480531177,1.1229277951609218
2026-05-24 13:07:47,2.8491309221513657,1.096475547507383
2026-05-24 13:08:46,2.754593145083678,1.0755854033161705
2026-05-24 13:09:46,2.748400862994967,1.1299739568586022
2026-05-24 13:10:47,2.7086185413806505,1.0999130122867913
2026-05-24 13:11:47,2.6605656605178623,1.194257507186996
2026-05-24 13:12:47,2.5179437506889664,1.0982799034249129
2026-05-24 13:13:46,2.4740077587369784,1.1207702047640695
2026-05-24 13:14:46,2.5499076790300954,1.1352198812983152
2026-05-24 13:15:46,2.583234776924171,1.1569704393183315
2026-05-24 13:16:46,2.4446708620029,1.1376224562596575
2026-05-24 13:17:46,2.484391933240913,1.1004829751461132
2026-05-24 13:18:46,2.5491807149619983,1.076956723617093
2026-05-24 13:19:46,2.488060053701572,1.069305682204646
2026-05-24 13:20:47,2.552748645305036,1.0634251485075874
2026-05-24 13:21:47,2.5005432503883127,1.1009114157019966
2026-05-24 13:22:47,2.333753788574992,1.1632765875871365
2026-05-24 13:23:47,2.409257340985935,1.0755851797268596
2026-05-24 13:24:47,2.3314172913140734,1.0533694918152916
2026-05-24 13:25:46,2.3789333367231955,1.1066617486121977
2026-05-24 13:26:46,2.3471961864958804,1.0428631902407242
2026-05-24 13:27:24,2.2349633807611005,0.998438768016457
2026-05-24 13:28:57,1.6155459392692817,0.9603452605439308
2026-05-24 13:29:47,2.1762584902564104,1.0583796414704871
2026-05-24 13:30:47,2.221809440465604,1.0806095055920106
2026-05-24 13:31:47,2.441941056776268,1.037392631483837
2026-05-24 13:32:47,2.596584449816685,1.140007634853866
2026-05-24 13:33:47,2.650549436966922,1.0956405982437878
2026-05-24 13:34:46,2.6816235694700588,1.130580616120595
2026-05-24 13:35:46,2.602301292046013,1.1006149680650434
2026-05-24 13:36:46,2.778488600837608,1.072080357133283
2026-05-24 13:37:47,2.925076100615721,1.1900693102290334
2026-05-24 13:38:48,2.824835199333561,1.0886407981001205
2026-05-24 13:39:47,2.782747461396672,1.1247891118008186
2026-05-24 13:40:47,2.796402857018912,1.1634377344956324
2026-05-24 13:41:47,2.915465649859089,1.0673905357423892
2026-05-24 13:42:47,2.819857908460344,1.132280123519957
2026-05-24 13:43:47,3.083610789362591,1.1850455780820746
2026-05-24 13:44:46,3.197490743000756,1.1397725266747205
2026-05-24 13:45:47,3.215552238014515,1.093844913029718
2026-05-24 13:46:46,3.0894713770681603,1.136073688604177
2026-05-24 13:47:46,3.442072421275581,1.1447324193472648
2026-05-24 13:48:47,3.470230105243351,1.1848040056506857
2026-05-24 13:49:47,3.372760464083617,1.186987273441482
2026-05-24 13:50:47,3.403438518296288,1.19138937229738
2026-05-24 13:51:47,3.1357673542760565,1.2800624399993128
2026-05-24 13:52:47,2.8527163015480235,1.1531833459906875
2026-05-24 13:53:47,2.847118299624791,1.1924612219294883
2026-05-24 13:54:47,2.977784796326066,1.1703927481029146
2026-05-24 13:55:47,3.2046422477516048,1.0369380108995907
2026-05-24 13:56:46,3.367489553549057,1.195370291521748
2026-05-24 13:57:46,3.117283693329891,1.1653739900635187
2026-05-24 13:58:47,3.0461359089227296,1.2552084726236494
2026-05-24 13:59:47,3.2487890288128485,1.17967777341282
2026-05-24 14:00:47,3.2409677455000208,1.1771674091721522
2026-05-24 14:01:47,3.594317312991182,1.2155535212819712
2026-05-24 14:02:47,3.71490965844033,1.1414598794816049
2026-05-24 14:03:47,3.731008406111167,1.1416207522066326
2026-05-24 14:04:47,3.643242788945702,1.2124011089508109
2026-05-24 14:05:47,3.8332051670835674,1.237552457585595
2026-05-24 14:06:46,4.096476120922626,1.2610254437663335
2026-05-24 14:07:46,4.010444825001866,1.245823790162895
2026-05-24 14:08:46,3.923417449692752,1.2450669039342142
2026-05-24 14:09:47,4.025152867422396,1.273760627447259
2026-05-24 14:10:47,4.088509196002172,1.2871199296679376
2026-05-24 14:11:47,4.157352345378736,1.2947783234000536
2026-05-24 14:12:47,4.083776058058056,1.238924953962636
2026-05-24 14:13:47,3.965892889558627,1.1812644442810143
2026-05-24 14:14:47,3.782830908612469,1.2528942786781208
2026-05-24 14:15:46,3.661746739225172,1.2364196290683012
2026-05-24 14:16:47,3.62257542295704,1.196650598978182
2026-05-24 14:17:46,3.5730968089133066,1.1359762021878257
2026-05-24 14:18:46,3.440654644223322,1.1075093918857988
2026-05-24 14:19:47,3.326399178084062,1.128344689407235
2026-05-24 14:20:47,3.32275169820588,1.1199379286893958
2026-05-24 14:21:47,3.3264068766568102,1.2906955827901925
2026-05-24 14:22:47,3.301823575158696,1.1333341718503978
2026-05-24 14:23:47,3.40698686325049,1.1976751837243935
2026-05-24 14:24:47,3.522033767881944,1.1523557795522632
2026-05-24 14:25:47,3.4612577148367047,1.070876809031875
2026-05-24 14:26:47,3.509693978039133,1.1770220277866157
2026-05-24 14:27:25,3.3044426080756235,1.1109162549910625
2026-05-24 14:30:01,2.176350561173779,1.0739228846386395
2026-05-24 14:30:47,3.3434125897856157,1.061353282214765
2026-05-24 14:31:47,3.2157712937295964,1.2541692719069832
2026-05-24 14:32:47,3.10484487600794,1.144887609107413
2026-05-24 14:33:47,3.114050821029593,1.1418866884235122
2026-05-24 14:34:47,3.0320592817311307,1.1564916602044004
2026-05-24 14:35:47,2.98654402981266,1.0654252085815608
2026-05-24 14:36:47,3.160138743270487,1.1599692827709993
2026-05-24 14:37:47,3.185878306091926,1.193418658186222
2026-05-24 14:38:47,3.026538402352832,1.156673343733517
2026-05-24 14:39:47,2.9845506857951403,1.1935172426535858
2026-05-24 14:40:48,3.067060539569255,1.2292840597649264
2026-05-24 14:41:47,3.129865410849295,1.1695150357250232
2026-05-24 14:42:47,3.1939528884349992,1.08728176477788
2026-05-24 14:43:47,3.2911222451691784,1.1457900610524978
2026-05-24 14:44:47,3.0802489668637745,1.1839070104057483
2026-05-24 14:45:47,3.105950391003554,1.0598602888906192
2026-05-24 14:46:46,3.0635303588023213,1.127773577896134
2026-05-24 14:47:47,3.323089699282839,1.2612274839319049
2026-05-24 14:48:47,3.303152763062214,1.1940262444204377
2026-05-24 14:49:47,3.100400003799293,1.0930884488411052
2026-05-24 14:50:47,3.125658867246717,1.1658266482796982
2026-05-24 14:51:47,3.139227479123092,1.1128767890969662
2026-05-24 14:52:47,3.198132568998709,1.209981213564378
2026-05-24 14:53:47,3.172065977649625,1.1887350112003452
2026-05-24 14:54:47,3.13006736930847,1.1607167863796457
2026-05-24 14:55:47,3.2032107974640662,1.2282333315292402
2026-05-24 14:56:47,3.1218695250000548,1.0861495022964922
2026-05-24 14:57:47,3.152883648130899,1.1504601727730173
2026-05-24 14:58:47,3.091917571884299,1.1045775141974974
2026-05-24 14:59:47,3.175450438767525,1.2271182008170574
2026-05-24 15:00:47,3.063552755814765,1.1775509492839058
2026-05-24 15:01:47,3.095315091973433,1.1245781024395176
2026-05-24 15:02:47,3.1009237687221027,1.1116664200534068
2026-05-24 15:03:47,3.023338526981057,1.1150329982350975
2026-05-24 15:04:47,2.905104063915356,1.0738944070425502
2026-05-24 15:05:47,2.863654661337713,0.9923691127939386
2026-05-24 15:06:47,2.9411676465053023,1.113578426640197
2026-05-24 15:07:47,2.858295970034516,1.0429201239130574
2026-05-24 15:08:47,2.887344044759305,1.017688168948556
2026-05-24 15:09:47,2.85858670982144,1.1058293471844902
2026-05-24 15:10:47,2.8350072654966048,1.0986000965937974
2026-05-24 15:11:47,2.9307049292083427,1.058649855040732
2026-05-24 15:12:47,2.9623324968158364,1.048686632629135
2026-05-24 15:13:47,2.917465341372512,0.9954133457815968
2026-05-24 15:14:47,2.887016114008942,1.0819096821378624
2026-05-24 15:15:47,2.939430964399438,1.1562537494136709
2026-05-24 15:16:47,2.916982595220413,1.0212928709665767
2026-05-24 15:17:46,2.8197366911559887,1.0624822955539888
2026-05-24 15:18:47,2.72223750054472,1.042220112208765
2026-05-24 15:19:47,2.7173411643427414,1.0571976778905854
2026-05-24 15:20:47,2.7492643238304177,1.04583287188848
2026-05-24 15:21:48,2.7884870037715457,1.0938652114855063
2026-05-24 15:22:47,2.7209536842508166,1.0109524051659686
2026-05-24 15:23:47,2.702039883718534,1.0429652382871706
2026-05-24 15:24:47,2.609027620566378,1.046975536422194
2026-05-24 15:25:47,2.795373106778384,1.0654085753931066
2026-05-24 15:26:47,2.7970638676799933,1.0231630684537678
2026-05-24 15:27:26,3.0061927031561786,1.1288612662666668
2026-05-24 15:28:59,1.8828130903365343,0.996711963133512
2026-05-24 15:29:48,3.0747104031776287,1.081891303403875
2026-05-24 15:30:47,3.060380652497628,1.0938090800641016
2026-05-24 15:31:47,3.0064501122625944,1.0281179171353034
2026-05-24 15:32:47,2.967792675102301,0.9445534959515236
2026-05-24 15:33:47,2.907780491706016,1.0779763132565328
2026-05-24 15:34:47,3.091762560204455,1.0577817416721609
2026-05-24 15:35:47,3.004158325063178,1.0783222529408831
2026-05-24 15:36:47,2.881846644126472,1.0924358439891122
2026-05-24 15:37:47,2.667385830505556,1.1145736085071232
2026-05-24 15:38:48,2.7363206727172185,1.0323695520054694
2026-05-24 15:39:48,2.950447970436967,0.968446583244773
2026-05-24 15:40:47,2.9395442982823528,1.074424501983707
2026-05-24 15:41:47,2.841862632659674,1.1063472188330024
2026-05-24 15:42:47,2.9085240844949416,1.1313205586952253
2026-05-24 15:43:47,2.8869498471388093,1.1181838763086605
2026-05-24 15:44:47,2.9316950002492743,1.1503032276718568
2026-05-24 15:45:47,2.8001612973567487,1.0737377066344886
2026-05-24 15:46:47,2.817305581318995,1.108180580588264
2026-05-24 15:47:47,2.7753499257885488,1.1072759271479231
2026-05-24 15:48:47,2.810672139256731,1.0554169635126305
2026-05-24 15:49:48,2.6680720361782546,1.007694043010336
2026-05-24 15:50:47,2.7341535453675068,1.1080196683377543
2026-05-24 15:51:47,2.631730309208882,1.0524466719162202
2026-05-24 15:52:48,2.743856222834059,1.1349417667376658
2026-05-24 15:53:47,2.6617982632105446,1.0958920950755937
2026-05-24 15:54:47,2.628763559827294,1.116906620383572
2026-05-24 15:55:47,2.677010723312152,1.0884697857659245
2026-05-24 15:56:47,2.6114589944471804,1.0640054319561278
2026-05-24 15:57:47,2.538379355838149,1.0479885127090094
2026-05-24 15:58:47,2.54552031049573,1.1321640571982836
2026-05-24 15:59:48,2.564855261151302,1.12861076347179
2026-06-02 00:00:38,8.658768465633383,1.822132466166716
2026-06-02 00:01:39,8.65497422901841,1.8758215632822244
2026-06-02 00:02:38,9.022170534492783,2.0639391594486822
2026-06-02 00:03:38,8.875971669926022,2.1284826394941563
2026-06-02 00:04:38,7.987728031133535,1.858940409047744
2026-06-02 00:05:38,7.779138433882932,1.7676482826482494
2026-06-02 00:06:38,7.775750630687788,1.9500526127724511
2026-06-02 00:07:38,7.850737403890817,1.9522337572164927
2026-06-02 00:08:38,7.581364220585644,1.956587655247993
2026-06-02 00:09:38,8.033331059526503,1.9657239983774544
2026-06-02 00:10:38,7.782357095895066,2.151444953560922
2026-06-02 00:11:38,7.887766548481449,2.02333360172456
2026-06-02 00:12:38,7.884212483353428,1.9172294235965297
2026-06-02 00:13:38,7.833174311734466,1.9637581400504305
2026-06-02 00:14:38,7.736794068316189,2.124508219319925
2026-06-02 00:15:38,7.826859062267103,1.843956638922293
2026-06-02 00:16:38,7.941526629883008,2.2815067556241853
2026-06-02 00:17:38,7.760689414557227,1.993606578673827
2026-06-02 00:18:38,7.760055434806762,1.884918499036151
2026-06-02 00:19:38,7.736821116886954,2.180350723205831
2026-06-02 00:20:38,7.595587321751255,2.3039641452120105
2026-06-02 00:21:38,7.828189829413125,2.08440780249034
2026-06-02 00:22:38,7.726568502992674,2.1290553528172085
2026-06-02 00:23:38,7.664817545483566,1.960852673380528
2026-06-02 00:24:38,7.437372416298919,2.01056296085548
2026-06-02 00:25:38,7.319070811337438,1.8052898873844223
2026-06-02 00:26:38,7.275244368388386,1.9426770786664975
2026-06-02 00:27:38,6.991414429778831,1.923131119834812
2026-06-02 00:28:37,7.152998125237668,1.9056761927689043
2026-06-02 00:29:38,7.038545750195889,1.9089214960862368
2026-06-02 00:30:38,7.07743463680572,2.152105314350863
2026-06-02 00:31:38,7.1629034999137815,1.81096427508712
2026-06-02 00:32:39,7.216942938182068,1.9583311699861043
2026-06-02 00:33:38,7.318363303005614,1.8689316671093013
2026-06-02 00:34:38,7.383781455317593,1.7475182762200283
2026-06-02 00:35:38,7.276922982718691,1.818295103279304
2026-06-02 00:36:38,7.229238778141565,1.72249266819659
2026-06-02 00:37:38,6.911525962081539,1.828195181292389
2026-06-02 00:38:38,6.873751805510711,1.8614306511661252
2026-06-02 00:39:14,6.931219950935041,1.270187600858653
2026-06-02 00:41:50,0.5104021441275131,1.0363041321183228
2026-06-02 00:42:38,8.38243436227211,2.083422613544462
2026-06-02 00:43:38,8.849554615665303,2.098304965393149
2026-06-02 00:44:38,8.812670042755723,2.119081357947742
2026-06-02 00:45:38,8.7070728997865,2.126552354307856
2026-06-02 00:46:38,9.08799554545821,2.363082455741462
2026-06-02 00:47:38,9.105056238337786,2.17580486813288
2026-06-02 00:48:38,9.427518471023022,2.41122221136861
2026-06-02 00:49:39,9.319491110315358,2.285211342202793
2026-06-02 00:50:39,9.42614942778316,2.360232960139606
2026-06-02 00:51:39,9.21014775401909,2.161818759145508
2026-06-02 00:52:38,9.2823792100492,2.3770616888452025
2026-06-02 00:53:38,9.138212182281892,2.2352966814264006
2026-06-02 00:54:38,8.987161258166967,2.279664619819916
2026-06-02 00:55:38,8.920585306198829,2.2468746910051576
2026-06-02 00:56:38,8.814324237972208,2.273296850189206
2026-06-02 00:57:38,8.786992356901449,2.4061853962215185
2026-06-02 00:58:38,8.84991942018089,2.309775175222092
2026-06-02 00:59:38,9.19303050063581,2.4741285218147357
2026-06-02 01:00:39,8.923528372031505,2.396716474203886
2026-06-02 01:01:39,8.885365536255662,2.468264174411288
2026-06-02 01:02:39,8.960025642550928,2.1237489324838816
2026-06-02 01:03:39,8.95284554329131,2.07319326442926
2026-06-02 01:04:38,8.740011266206213,2.215561366280475
2026-06-02 01:05:38,8.323318034656582,2.0144738000500624
2026-06-02 01:06:38,8.282305922758193,2.0666691533039145
2026-06-02 01:07:38,8.207003536062349,1.9877158128498624
2026-06-02 01:08:38,7.981273669080642,1.9488855960061733
2026-06-02 01:09:38,7.830367470283311,2.1244999251032146
2026-06-02 01:10:39,7.996173805538211,1.9035368719196648
2026-06-02 01:11:39,7.918481687594542,1.9879136497730177
2026-06-02 01:12:39,7.819291974182548,1.8508242676752944
2026-06-02 01:13:38,7.90901516633587,2.101684058044034
2026-06-02 01:14:38,6.623380619213055,1.7370980565518843
2026-06-02 01:15:38,6.911259767855556,1.752407784069846
2026-06-02 01:16:38,7.410255954764962,1.5996119452262685
2026-06-02 01:17:38,7.3889667649001,1.7021923811749358
2026-06-02 01:18:38,6.440069226119919,1.6041702436020555
2026-06-02 01:19:38,6.606955250332328,1.5734563986253465
2026-06-02 01:20:38,6.148249029887478,1.6306701034771602
2026-06-02 01:21:39,6.354509786032176,1.482255864245125
2026-06-02 01:22:39,6.803272896959503,1.5038142446776408
2026-06-02 01:23:38,6.928950123094984,1.4820123899423336
2026-06-02 01:24:38,6.805778139491772,1.421471354410523
2026-06-02 01:25:38,6.219310745555557,1.4199869196420376
2026-06-02 01:26:38,5.886180010201069,1.3937465490163732
2026-06-02 01:27:38,6.13552635957744,1.2786977468773877
2026-06-02 01:28:38,6.227995678097517,1.33958205795069
2026-06-02 01:29:38,5.562084961555834,1.2753612332014976
2026-06-02 01:30:38,5.441515460630659,1.258391664548154
2026-06-02 01:31:39,5.672243800248925,1.205563856749281
2026-06-02 01:32:39,5.74727569296317,1.317383149215646
2026-06-02 01:33:39,5.377665719100548,1.2235615908207849
2026-06-02 01:34:39,4.882953455030848,1.16472825823847
2026-06-02 01:35:38,4.68568932447837,1.1452046767466983
2026-06-02 01:36:38,5.112394005927068,1.151430915477473
2026-06-02 01:37:38,5.221681497033493,1.3325378230097922
2026-06-02 01:38:39,4.96478299136385,1.1901004213587991
2026-06-02 01:39:15,5.04702953362513,1.1144096147407845
2026-06-02 01:40:48,0.2588343187941624,0.9581106076495228
2026-06-02 01:41:39,4.610300276509234,1.1661894061125164
2026-06-02 01:42:39,4.027365338053316,1.122143802846155
2026-06-02 01:43:39,4.3179894725768015,1.1470898230501798
2026-06-02 01:44:38,4.205354585365114,1.1458170826435692
2026-06-02 01:45:38,4.272088174670864,1.1036780999127689
2026-06-02 01:46:38,4.446496094900138,1.2581285928222437
2026-06-02 01:47:38,4.462601790827313,1.1336449681809069
2026-06-02 01:48:39,3.681090257814621,1.143137183856184
2026-06-02 01:49:39,4.0415276163469125,1.2063074743341753
2026-06-02 01:50:39,3.971228533294593,1.24947621722875
2026-06-02 01:51:39,4.092935662123507,1.1413874300860931
2026-06-02 01:52:39,3.843943970959605,1.1435386307702304
2026-06-02 01:53:39,3.7858233576196554,1.136502207452274
2026-06-02 01:54:38,3.749521796701981,1.147094522644867
2026-06-02 01:55:39,3.723153560639502,1.1698704825281272
2026-06-02 01:56:38,3.7197050569099255,1.1412062059496266
2026-06-02 01:57:38,3.683191481236903,1.1025516394933723
2026-06-02 01:58:38,4.427260463773086,1.2573461637116083
2026-06-02 01:59:39,5.512902893166032,1.4976100047983345
2026-06-02 02:00:39,6.025705630881377,1.498082381522809
2026-06-02 02:01:39,5.950305501742928,1.423415018237464
2026-06-02 02:02:39,6.02306013777621,1.605743008937886
2026-06-02 02:03:39,5.91597727398034,1.429639842497935
2026-06-02 02:04:39,6.0527690594599335,1.5342606873793363
2026-06-02 02:05:39,6.020897037579032,1.4515882265423716
2026-06-02 02:06:38,6.178479930697181,1.5794264620797898
2026-06-02 02:07:38,6.158556823737119,1.5788882895459422
2026-06-02 02:08:38,5.982190800139466,1.6361967189214934
2026-06-02 02:09:39,5.8983821930298586,1.6363278791933098
2026-06-02 02:10:39,5.800166887224858,1.5799946007491246
2026-06-02 02:11:39,5.765029051192852,1.5959547799276292
2026-06-02 02:12:39,5.696839386573312,1.7674255340449638
2026-06-02 02:13:39,5.675724604676137,1.544762282807843
2026-06-02 02:14:39,5.757000946107497,1.6124195654505615
2026-06-02 02:15:38,5.869201575059914,1.6094408552862844
2026-06-02 02:16:39,5.790621028091723,1.6371150899152074
2026-06-02 02:17:38,6.140806828074218,1.7110470522939292
2026-06-02 02:18:38,6.152784633001896,1.5201855184114317
2026-06-02 02:19:39,6.2914825002477,1.564286399125865
2026-06-02 02:20:39,6.283340958300509,1.7182790749194108
2026-06-02 02:21:39,6.33468927994772,1.8126995427576016
2026-06-02 02:22:39,6.288101958880522,1.5277088727674375
2026-06-02 02:23:39,6.179377866037479,1.5995730238424983
2026-06-02 02:24:39,6.344561224601311,1.672698019710266
2026-06-02 02:25:38,6.152220786892168,1.5554671473200123
2026-06-02 02:26:39,6.371324784275176,1.5664556572371586
2026-06-02 02:27:38,6.380411749633811,1.5805298124868012
2026-06-02 02:28:38,6.1306235834202,1.5251566931617289
2026-06-02 02:29:38,6.039387886166143,1.49017960137481
2026-06-02 02:30:39,6.029885130820962,1.5367546820249665
2026-06-02 02:31:39,5.984437591834269,1.386141063563595
2026-06-02 02:32:39,6.1097931651400295,1.4371704454116674
2026-06-02 02:33:39,6.324846132267965,1.4708419153817074
2026-06-02 02:34:39,6.299501646878981,1.4811313105514077
2026-06-02 02:35:39,6.360517723906552,1.5407322672433872
2026-06-02 02:36:39,6.04177090292079,1.5097298618368868
2026-06-02 02:37:39,5.814095084182114,1.4033459148106555
2026-06-02 02:38:39,5.711391690845179,1.452440416798631
2026-06-02 02:39:17,5.550649958352681,1.2878287720143713
2026-06-02 02:40:50,-0.5810009749893795,1.163642198093168
2026-06-02 02:41:39,5.053463750174641,1.3680183421914012
2026-06-02 02:42:39,4.91212079156696,1.2913932923603646
2026-06-02 02:43:39,5.008160961333457,1.4502431736402437
2026-06-02 02:44:39,4.974890051780613,1.3634811438696055
2026-06-02 02:45:39,5.084471925642659,1.271832105354075
2026-06-02 02:46:38,5.2058343740082025,1.376937298575947
2026-06-02 02:47:39,5.033304746990135,1.2982368115337437
2026-06-02 02:48:39,4.951610346106278,1.2125744678148165
2026-06-02 02:49:39,4.49373261330769,1.3426895189729733
2026-06-02 02:50:40,4.666297358884608,1.2485168819262038
2026-06-02 02:51:39,4.777092817888656,1.3144688639529278
2026-06-02 02:52:39,4.6696628705155385,1.244946184387105
2026-06-02 02:53:39,4.584811203903346,1.2141790722099812
2026-06-02 02:54:39,4.275665388035228,1.2123392797909722
2026-06-02 02:55:39,3.4978663399637298,1.137967998697045
2026-06-02 02:56:39,4.329624072515979,1.2488053707928934
2026-06-02 02:57:39,4.61742322083852,1.207043826004481
2026-06-02 02:58:39,4.656423377375869,1.232907129396441
2026-06-02 02:59:39,4.994404976234316,1.1278514715225805
2026-06-02 03:00:39,4.781984752819391,1.2277890359323842
2026-06-02 03:01:39,5.310098962054815,1.1984934936759228
2026-06-02 03:02:39,5.689103712656932,1.1666375487101974
2026-06-02 03:03:39,5.838521300718591,1.3818194979454688
2026-06-02 03:04:39,5.925667226570796,1.337932906466384
2026-06-02 03:05:39,6.174766146526541,1.3679296818940547
2026-06-02 03:06:39,5.970702108110948,1.2929563252497538
2026-06-02 03:07:39,6.241627257367936,1.448260387511464
2026-06-02 03:08:39,6.004644407071829,1.1992065271202863
2026-06-02 03:09:39,6.155355654183453,1.3622246340378836
2026-06-02 03:10:39,6.3570110179966095,1.3670689439930646
2026-06-02 03:11:39,6.39334600759973,1.5321993949550088
2026-06-02 03:12:39,6.589241464292927,1.3721677568665742
2026-06-02 03:13:39,6.609675674672368,1.4841516371635637
2026-06-02 03:14:39,6.251407156854775,1.2648905317606771
2026-06-02 03:15:39,6.108015526546908,1.319120574210739
2026-06-02 03:16:39,5.622609180023993,1.2396558602646353
2026-06-02 03:17:38,5.535286795513833,1.2666823573347437
2026-06-02 03:18:39,5.928987633182602,1.3477546341956284
2026-06-02 03:19:39,6.102555103793196,1.3434438837547689
2026-06-02 03:20:39,5.7908803521171786,1.1993928593708822
2026-06-02 03:21:40,5.176417202450924,1.1183757537209047
2026-06-02 03:22:39,5.346906541778434,1.2397100285965268
2026-06-02 03:23:39,4.882745056268687,1.1594263041421726
2026-06-02 03:24:39,4.885228109740462,1.2159359314280516
2026-06-02 03:25:39,5.934168213894056,1.2250868081635644
2026-06-02 03:26:39,6.254636144556583,1.20843776360477
2026-06-02 03:27:39,6.710492218646448,1.2601932692566875
2026-06-02 03:28:39,6.81101719451997,1.2709777671107272
2026-06-02 03:29:39,7.190686931624888,1.21905948296358
2026-06-02 03:30:39,7.868500956678308,1.3585373781727017
2026-06-02 03:31:39,8.229269038280178,1.2915788397991643
2026-06-02 03:32:39,8.206516648431636,1.4048391952126442
2026-06-02 03:33:39,7.47632327028465,1.375202023219104
2026-06-02 03:34:39,7.614063901412583,1.2540171051768991
2026-06-02 03:35:39,7.759735910459282,1.2794551758167405
2026-06-02 03:36:39,6.53735717291715,1.2903951171309582
2026-06-02 03:37:39,4.212235816378319,1.1442257069725836
2026-06-02 03:38:39,4.142842498277642,1.1858312036522534
2026-06-02 03:39:17,4.039191549752827,1.1825610813210763
2026-06-02 03:41:53,-0.1224394312181141,1.0757232053849033
2026-06-02 03:42:39,3.9701968705664976,1.1763273410119164
2026-06-02 03:43:39,4.835850252523486,1.2292679697687428
2026-06-02 03:44:39,4.78911035258681,1.1716607489826865
2026-06-02 03:45:39,4.457015523162209,1.2944743889488022
2026-06-02 03:46:39,3.896738092466124,1.1431669450433493
2026-06-02 03:47:39,3.845676542089165,1.1807887614656891
2026-06-02 03:48:39,4.17421448284955,1.078913669609722
2026-06-02 03:49:40,4.496801989346231,1.1128690099494185
2026-06-02 03:50:40,5.88018293502839,1.2182408394472013
2026-06-02 03:51:39,6.22255385067543,1.1658007347776749
2026-06-02 03:52:40,7.321389374335342,1.2478222012029243
2026-06-02 03:53:39,5.365836617568497,1.2287817585607816
2026-06-02 03:54:39,4.966435524425568,1.1982761197315617
2026-06-02 03:55:39,3.5172295645100107,1.1647337946466478
2026-06-02 03:56:39,3.073729674136675,1.0773631519469808
2026-06-02 03:57:39,3.1215600871993856,1.1289054099138391
2026-06-02 03:58:39,2.946519001430256,1.0245154041901234
2026-06-02 03:59:40,2.907032669414343,1.2068034104441616
2026-06-02 04:00:40,2.7209625858741364,1.1339203054174096
2026-06-02 04:01:40,2.89545323312515,1.061969027256153
2026-06-02 04:02:39,2.515316898339269,1.2523158262840688
2026-06-02 04:03:39,2.837193413833132,1.1353055819879043
2026-06-02 04:04:39,2.9605138610586024,1.1479013713794648
2026-06-02 04:05:39,2.752368462521536,1.1499052799535852
2026-06-02 04:06:39,2.8745845048538614,1.1788258036365515
2026-06-02 04:07:39,2.7061086987294765,1.1229094500955554
2026-06-02 04:08:39,2.587765403195756,1.170657771054751
2026-06-02 04:09:39,2.658085874345801,0.9498153757266922
2026-06-02 04:10:40,2.985103170226345,1.1243225895394529
2026-06-02 04:11:40,3.0694958792131746,1.0260390709378795
2026-06-02 04:12:39,3.3548264024969874,1.0294434801380878
2026-06-02 04:13:39,2.941536992972507,1.0801343269714965
2026-06-02 04:14:39,2.684374281899151,1.1036023602547276
2026-06-02 04:15:39,2.692431308925741,1.032929649587896
2026-06-02 04:16:39,2.6511667695008714,1.0779550816599994
2026-06-02 04:17:39,2.641681174356849,1.019321796875187
2026-06-02 04:18:39,2.541595718914733,1.065496375668549
2026-06-02 04:19:38,2.455364991959388,1.0785328870933828
2026-06-02 04:20:39,2.203194080834397,1.0954844086745938
2026-06-02 04:21:40,2.274948226714084,1.0634890112654083
2026-06-02 04:22:40,2.1999473942458025,1.083600446156908
2026-06-02 04:23:40,2.1136475634381844,0.999736107549326
2026-06-02 04:24:39,2.0976531936712446,1.1199254906841154
2026-06-02 04:25:39,2.0979975559269857,1.037663129622472
2026-06-02 04:26:39,2.2387272822081674,1.1881250234750762
2026-06-02 04:27:39,2.1794428470162037,1.1023018962861872
2026-06-02 04:28:39,2.2934408513332247,1.306546867743204
2026-06-02 04:29:39,2.6529201357739045,1.2422739436996697
2026-06-02 04:30:40,2.646017329297882,1.1627285367026547
2026-06-02 04:31:40,2.5873205564938297,1.123664502444305
2026-06-02 04:32:40,2.181769817510556,1.2371433747872247
2026-06-02 04:33:39,2.141100036274186,1.1645836984308888
2026-06-02 04:34:39,2.2346984278799606,1.165981835453423
2026-06-02 04:35:39,2.3229441024709367,1.213587955465092
2026-06-02 04:36:39,3.140375156660372,1.261101914973506
2026-06-02 04:37:39,3.733873203383524,1.2257674566013392
2026-06-02 04:38:40,4.43746211823458,1.2436111902112292
2026-06-02 04:39:19,4.1611710268793605,1.1605049503605869
2026-06-02 04:40:52,-1.1622513390999851,1.079050705595975
2026-06-02 04:41:40,2.643447999214024,1.1749565366675512
2026-06-02 04:42:40,3.009246346866311,1.2994877208001476
2026-06-02 04:43:40,2.980141033298441,1.3158048699321605
2026-06-02 04:44:40,2.7180096607399595,1.3832437687693673
2026-06-02 04:45:39,2.529499207907594,1.3449440697159094
2026-06-02 04:46:39,2.4974777166568822,1.2287915762068298
2026-06-02 04:47:39,2.345928550179878,1.3338185459198568
2026-06-02 04:48:40,2.2259923458877644,1.354515019925021
2026-06-02 04:49:39,2.1696899143533424,1.399214466339603
2026-06-02 04:50:40,1.9694870050935376,1.4913999657713648
2026-06-02 04:51:40,1.9526139168972396,1.4237855562533106
2026-06-02 04:52:40,1.806107187488001,1.4478849500990785
2026-06-02 04:53:40,1.8890886236546505,1.390156533874517
2026-06-02 04:54:39,1.787095156560438,1.4235253622396815
2026-06-02 04:55:40,1.7396113271047224,1.3790528634245225
2026-06-02 04:56:39,1.971215526939223,1.4133731829416134
2026-06-02 04:57:39,1.9207294970504512,1.3705500988073205
2026-06-02 04:58:39,2.077479471255048,1.67295622595567
2026-06-02 04:59:39,2.033596984479595,1.439413373817838
2026-06-02 05:00:40,2.0225323935346364,1.4769523741199937
2026-06-02 05:01:40,1.811403050819006,1.389306710451403
2026-06-02 05:02:40,1.608604944469373,1.606155027135202
2026-06-02 05:03:40,1.7962252766233366,1.6822086927146267
2026-06-02 05:04:40,1.8078700287371048,1.5310566926772893
2026-06-02 05:05:40,2.0116258072141027,1.7256040494446228
2026-06-02 05:06:40,2.0045693794132022,1.6520527407142978
2026-06-02 05:07:39,2.0116164014361564,1.6237702621810637
2026-06-02 05:08:39,2.0526821954485195,1.504806252600631
2026-06-02 05:09:39,2.2110858054232683,1.6372543382844402
2026-06-02 05:10:39,2.1682886879423133,1.7983356210642454
2026-06-02 05:11:40,2.1377469128930264,1.884120711988809
2026-06-02 05:12:40,2.308592624291345,1.920071748417327
2026-06-02 05:13:40,2.31347925709318,1.8059115077208296
2026-06-02 05:14:40,2.2582146211262657,1.8754539226696083
2026-06-02 05:15:40,2.286992197095231,2.0353543017126303
2026-06-02 05:16:40,2.324816798318895,1.8128322184252343
2026-06-02 05:17:39,2.3271662386185072,1.9202546106329004
2026-06-02 05:18:39,2.5162892062935547,2.0346223045246457
2026-06-02 05:19:40,2.8000431809687933,2.1780251643506703
2026-06-02 05:20:39,2.7846019866096188,1.8922328137716609
2026-06-02 05:21:40,2.134790661264345,1.9486001299964597
2026-06-02 05:22:40,1.9903347647144896,2.141108398666937
2026-06-02 05:23:40,2.0056078806181548,1.791233435883094
2026-06-02 05:24:40,2.1025947238719342,2.018037861149541
2026-06-02 05:25:40,2.3940290803308204,2.2641441111894727
2026-06-02 05:26:40,2.29588439071692,2.168710026470656
2026-06-02 05:27:40,2.15289834695198,2.0992779226098395
2026-06-02 05:28:39,2.0134685201285545,2.0856759567755763
2026-06-02 05:29:39,2.0725357941911486,1.9685370795559405
2026-06-02 05:30:39,2.124519600474158,2.0570454641980263
2026-06-02 05:31:39,2.088453785518036,1.9794719642392065
2026-06-02 05:32:39,2.4029980496244265,2.102647426330659
2026-06-02 05:33:40,2.5916990303584395,1.9546051347078404
2026-06-02 05:34:40,2.553372877870637,1.9283763189163607
2026-06-02 05:35:40,2.2645374756544663,2.047123877169452
2026-06-02 05:36:40,2.2972737548607114,1.981669344168799
2026-06-02 05:37:40,2.2997047393285306,2.031631989167888
2026-06-02 05:38:40,2.3530308555319164,1.9821289021847388
2026-06-02 05:39:20,2.5158032051701,1.6595362923272794
2026-06-02 05:40:52,-0.8000223619882629,2.7414845083371886
2026-06-02 05:41:40,2.7285531148727644,1.252845562403779
2026-06-02 05:42:40,3.548332786568586,2.050039534312868
2026-06-02 05:43:40,3.794417924311933,2.0817229964365342
2026-06-02 05:44:40,3.873820874463582,2.428293727221533
2026-06-02 05:45:40,3.47456889123867,2.272577311322254
2026-06-02 05:46:40,3.4928706280958584,2.631093907976355
2026-06-02 05:47:40,3.5465939122275683,2.835503397281036
2026-06-02 05:48:40,3.59279512807454,3.0115351475776104
2026-06-02 05:49:40,3.4029787215810856,3.7867811242442313
2026-06-02 05:50:41,3.448699320376671,3.8509938723398407
2026-06-02 05:51:40,4.0256671459365165,3.998255948801687
2026-06-02 05:52:40,5.483495254938912,4.622201689753225
2026-06-02 05:53:40,5.947456513060699,5.275664991609168
2026-06-02 05:54:40,5.982467215236007,5.7262473868991455
2026-06-02 05:55:40,7.1183562752338885,6.773268195421104
2026-06-02 05:56:39,6.951265815954494,6.953009082033782
2026-06-02 05:57:40,7.220083077703706,7.040056452696595
2026-06-02 05:58:40,7.856846622189955,8.017936272921531
2026-06-02 05:59:40,7.03315812226208,9.917258294925698
2026-06-02 06:00:40,6.967997642737923,8.605128526768473
2026-06-02 06:01:40,6.500117940016226,8.931055828666778
2026-06-02 06:02:40,6.344037230219584,10.168861589180798
2026-06-02 06:03:40,6.629110558630989,11.351542775632586
2026-06-02 06:04:40,7.236213491563518,11.922938719622769
2026-06-02 06:05:40,7.70965744935083,12.852610269412258
2026-06-02 06:06:40,6.987671414225556,12.804000739700832
2026-06-02 06:07:40,7.318215995559773,12.016213980177612
2026-06-02 06:08:40,6.960348408576523,14.414981250523873
2026-06-02 06:09:40,7.793033944912544,12.82247234103114
2026-06-02 06:10:40,8.10642685235214,14.31339815643546
2026-06-02 06:11:40,7.811765299357299,14.750151677379725
2026-06-02 06:12:40,8.01088235685161,17.671623356878516
2026-06-02 06:13:40,7.930094826294848,16.603851817363342
2026-06-02 06:14:40,7.489479841756801,17.4874936237605
2026-06-02 06:15:40,7.470981942248207,18.152630459078047
2026-06-02 06:16:40,7.537383258589765,18.04520085337885
2026-06-02 06:17:40,7.385563051243725,19.20986603692688
2026-06-02 06:18:40,7.521300904084593,20.87334674012369
2026-06-02 06:19:40,7.367938153858443,21.525110490989068
2026-06-02 06:20:40,5.920512507162507,31.373643876079228
2026-06-02 06:21:41,3.745378402010363,41.14745285395772
2026-06-02 06:22:40,1.5687952604943864,45.44781790038672
2026-06-02 06:23:40,1.424823551841124,40.52822522530563
2026-06-02 06:24:40,1.314084060853866,45.391613554533386
2026-06-02 06:25:40,0.6479306985042326,42.83074172937724
2026-06-02 06:26:40,0.1863401129418748,41.41654382725715
2026-06-02 06:27:39,0.7954519842026501,38.01672139384688
2026-06-02 06:28:40,0.6514375284778865,43.18301885696057
2026-06-02 06:29:40,-0.180033375884098,39.400380025478654
2026-06-02 06:30:40,0.3470950794349536,39.17467050417766
2026-06-02 06:31:41,0.3076632249779192,39.04536636536578
2026-06-02 06:32:40,0.101725974686917,40.190977677224105
2026-06-02 06:33:40,-0.13450477656107,36.60314352474725
2026-06-02 06:34:40,0.0052672375272562,38.92698037504269
2026-06-02 06:35:40,-0.2200215076042422,38.04943015400422
2026-06-02 06:36:40,-0.5369410818036798,38.24353464618891
2026-06-02 06:37:40,-0.4952949202711979,38.165610253820105
2026-06-02 06:38:40,-0.5456141906873536,33.68057041018
2026-06-02 06:39:21,-0.640367445448041,18.14564911218239
2026-06-02 06:41:56,-0.2192019628652083,1.1221287216470563
2026-06-02 06:42:40,1.4349164128663114,6.740959217473325
2026-06-02 06:43:40,0.6925772477230295,25.89420129817853
2026-06-02 06:44:40,0.4037716521069029,29.984957995899048
2026-06-02 06:45:40,0.1944172709742733,26.223699995845955
2026-06-02 06:46:40,-0.2970094968180903,28.965658214297516
2026-06-02 06:47:40,-0.4241658281906866,33.089085885580175
2026-06-02 06:48:40,-0.3987953360673064,30.73795415150638
2026-06-02 06:49:41,-0.4361090627173692,34.88342897296332
2026-06-02 06:50:41,-0.4077470399572393,31.021079237693147
2026-06-02 06:51:40,-0.4002774697111353,29.130131911838063
2026-06-02 06:52:41,0.0362972670352259,27.303968226289594
2026-06-02 06:53:40,0.3240322940476781,26.006961615554857
2026-06-02 06:54:40,-0.2288433118589427,26.216840545877183
2026-06-02 06:55:40,2.3953993811679903,16.692596729563434
2026-06-02 06:56:40,1.4786285860907369,15.47671978447472
2026-06-02 06:57:40,0.2342695190647171,22.465222817925397
2026-06-02 06:58:40,-0.0037713223317948,22.21797706862981
2026-06-02 06:59:41,-0.1246532256743179,20.651414604082323
2026-06-02 07:00:41,-0.2980056105361652,19.389031958883145
2026-06-02 07:01:41,-0.2345550685642166,18.949724109631365
2026-06-02 07:02:40,-0.0305677294741419,18.855707791305456
2026-06-02 07:03:40,-0.3255087347049206,18.10750181388644
2026-06-02 07:04:40,-0.346841022849148,18.533746104922617
2026-06-02 07:05:40,0.3994815302412384,15.226649807588725
2026-06-02 07:06:40,0.7530857623605588,15.718115075052244
2026-06-02 07:07:40,1.1791731237862118,14.127440724210844
2026-06-02 07:08:40,1.4423410257509297,14.192041738719368
2026-06-02 07:09:40,1.558823206536498,11.17315119101021
2026-06-02 07:10:41,1.6139588256416058,10.937228435122396
2026-06-02 07:11:41,1.6050115453239489,11.059168445662737
2026-06-02 07:12:40,1.2289713315115205,9.064108898391812
2026-06-02 07:13:40,0.6615785446926592,9.761662971413386
2026-06-02 07:14:40,0.8667913485138248,9.2340739497132
2026-06-02 07:15:40,0.8387875763073046,9.98647117879487
2026-06-02 07:16:40,0.4710372358657951,8.619136693324924
2026-06-02 07:17:40,0.3415176657694647,7.326325181115562
2026-06-02 07:18:40,0.6257108202133963,7.068846747147017
2026-06-02 07:19:40,0.833463435592663,5.712617821076293
2026-06-02 07:20:40,0.7342695073877489,6.542100403153139
2026-06-02 07:21:41,0.72784641021575,5.826093884191882
2026-06-02 07:22:41,0.8057374527966777,5.2553609958845255
2026-06-02 07:23:41,1.1925680800496927,4.670678786180813
2026-06-02 07:24:40,1.2344288440515243,3.7877508709892056
2026-06-02 07:25:40,1.1962143805472498,3.6203737326698
2026-06-02 07:26:40,1.2257771399228268,3.5366639938623967
2026-06-02 07:27:40,1.1826288909335558,3.4921030722591597
2026-06-02 07:28:40,0.8165451983896139,3.528265171981914
2026-06-02 07:29:40,0.7022066469729953,3.551115855829702
2026-06-02 07:30:40,0.9335925054269546,3.19794521888266
2026-06-02 07:31:40,1.1555406228466998,2.645698767720156
2026-06-02 07:32:41,0.9911251175833062,2.845388756467301
2026-06-02 07:33:40,0.8889305691310873,2.6768660460648035
2026-06-02 07:34:40,1.1356777802986864,2.4620492321523657
2026-06-02 07:35:40,1.0530240262142574,3.096321234804563
2026-06-02 07:36:40,1.0410097287580111,2.681213329370026
2026-06-02 07:37:41,1.3278567366126952,2.377535180097562
2026-06-02 07:38:41,1.4869420789814671,2.418602780841144
2026-06-02 07:39:22,1.5629814362168446,1.8185683407172089
2026-06-02 07:40:55,-0.1652636108446759,2.9211792417316054
2026-06-02 07:41:41,2.1695681488582013,1.5171970603844782
2026-06-02 07:42:41,2.2694192549961008,1.529282167401829
2026-06-02 07:43:41,2.0474962225582285,1.9395074781114168
2026-06-02 07:44:41,2.340395678754039,2.140704479685102
2026-06-02 07:45:40,1.833787967748924,2.366741131019223
2026-06-02 07:46:40,1.852318129188508,2.3053527437635823
2026-06-02 07:47:40,1.7290498694022396,2.3826621423527814
2026-06-02 07:48:41,1.391870774573146,2.502317788794916
2026-06-02 07:49:41,1.0035433379120515,2.326694109039217
2026-06-02 07:50:41,1.0308353449355576,2.7467101349670635
2026-06-02 07:51:41,0.8703890086668116,2.778680566862514
2026-06-02 07:52:41,0.9742625122919036,2.645086198988809
2026-06-02 07:53:41,0.8594591273207157,3.0314475646693766
2026-06-02 07:54:41,1.03672555046041,3.1844963689324195
2026-06-02 07:55:40,1.0516628550030511,2.8590677917047875
2026-06-02 07:56:40,0.6648780338286822,2.933438574499425
2026-06-02 07:57:40,0.3026811375106777,2.9441582326840825
2026-06-02 07:58:40,0.4155655297410988,3.191808877352936
2026-06-02 07:59:41,0.3217013783745035,2.8384259689375195
2026-06-02 08:00:41,0.4004805553988907,2.9089842931041194
2026-06-02 08:01:41,0.4122098200925883,2.9508880255825667
2026-06-02 08:02:41,0.3046153647127336,3.023197921340005
2026-06-02 08:03:41,0.1401792174381878,3.0977449999563
2026-06-02 08:04:40,0.2560546174536875,2.7417370954255964
2026-06-02 08:05:41,0.116427953077371,2.8131477292760074
2026-06-02 08:06:40,0.2928459721282204,3.2048490660711684
2026-06-02 08:07:40,0.3722088459539412,2.90531818357512
2026-06-02 08:08:40,0.3602068696411624,3.0184101384844704
2026-06-02 08:09:41,0.697287717783584,3.1444861689960177
2026-06-02 08:10:41,0.7041093595591628,2.695986656818456
2026-06-02 08:11:41,0.072673383736411,2.784902259989198
2026-06-02 08:12:41,0.197591646083568,2.5140837688091264
2026-06-02 08:13:41,0.1679932452914415,2.51910006076347
2026-06-02 08:14:41,0.7379643953666315,2.487872749770617
2026-06-02 08:15:41,0.4439663961341952,2.589133748349957
2026-06-02 08:16:40,-0.2261347663908409,2.2469644020137998
2026-06-02 08:17:40,0.5328907552575219,2.394954561564111
2026-06-02 08:18:40,-0.1360390523935172,2.6042102518777943
2026-06-02 08:19:40,0.1878632460725141,2.2397879753428627
2026-06-02 08:20:41,0.4156075095581727,2.4464334631212075
2026-06-02 08:21:41,0.710731354584434,2.469432856695892
2026-06-02 08:22:41,1.6180096894097542,2.520342347033996
2026-06-02 08:23:41,2.2372750199757587,2.4095003012389165
2026-06-02 08:24:41,3.1991235671566898,2.15268248695556
2026-06-02 08:25:41,3.955356498115421,2.2498320779710315
2026-06-02 08:26:41,3.332819858806153,2.227371836050371
2026-06-02 08:27:40,2.7582109476721377,2.7778042659019224
2026-06-02 08:28:40,2.377356106905875,2.668512315759767
2026-06-02 08:29:40,2.1172163145675444,2.5831691928148985
2026-06-02 08:30:41,2.8760538176060004,2.6402737197374195
2026-06-02 08:31:41,3.466126509035928,2.435435180372113
2026-06-02 08:32:41,3.059414755077092,2.45119831069492
2026-06-02 08:33:41,3.14285770367781,2.625300352963129
2026-06-02 08:34:41,3.0808426614493016,2.8434780757704465
2026-06-02 08:35:40,3.1396836611544785,2.815297923689063
2026-06-02 08:36:41,2.85464405185771,3.1620942705727373
2026-06-02 08:37:40,2.602870975292243,2.622027406349194
2026-06-02 08:38:41,3.4677273523551637,2.8130459344531684
2026-06-02 08:39:23,3.5308089198011707,2.1059950799368314
2026-06-02 08:40:56,-0.3466293241482252,2.906928221882684
2026-06-02 08:41:41,4.335763708235684,1.6076376355788913
2026-06-02 08:42:41,5.375663433088509,1.5665975662782716
2026-06-02 08:43:41,4.455602539635228,2.342563267396551
2026-06-02 08:44:41,4.5872409132464735,3.0643704157267355
2026-06-02 08:45:41,3.982642676916089,3.776253373265532
2026-06-02 08:46:41,3.2190490206855515,3.442895372358755
2026-06-02 08:47:41,3.6580773793785513,3.9878250436256257
2026-06-02 08:48:41,4.431225255370402,5.021314361305989
2026-06-02 08:49:41,4.713557875899423,5.60955303382735
2026-06-02 08:50:41,4.378308980817949,7.052569115518502
2026-06-02 08:51:41,3.5405155925344065,6.471195380247712
2026-06-02 08:52:41,3.7921866465511807,6.9725554486867445
2026-06-02 08:53:41,2.7109686569363305,7.614558732241905
2026-06-02 08:54:41,3.3414809795889977,7.476022951992638
2026-06-02 08:55:41,3.929739460816852,7.162205528221967
2026-06-02 08:56:41,3.342230980359799,8.387212130231255
2026-06-02 08:57:41,2.985430708840139,8.49741796573908
2026-06-02 08:58:41,3.7396922201777967,9.124492027690412
2026-06-02 08:59:41,3.516106558703304,7.780507488397096
2026-06-02 09:00:41,2.988356353404581,6.993249473973139
2026-06-02 09:01:41,4.300453453154322,8.697227130025809
2026-06-02 09:02:41,4.489414438809634,8.005256729632574
2026-06-02 09:03:20,5.144416129668874,3.900461282646927
2026-06-02 09:04:00,11.034184540330656,1.0605556573752413
2026-06-02 09:06:36,10.236395768202934,1.4617565634173857
2026-06-02 09:07:30,9.514486610092842,5.028231904820428
2026-06-02 09:08:30,7.437028524855616,5.133956993228304
2026-06-02 09:09:30,6.55787984117856,6.830699545126096
2026-06-02 09:10:30,5.861667325547915,6.723506823465999
2026-06-02 09:11:30,5.277967160379869,7.572493363332015
2026-06-02 09:12:29,5.515428205395773,8.487180462612152
2026-06-02 09:13:29,5.298198206127198,6.942408726959677
2026-06-02 09:14:30,5.403287344706852,7.9588163707307
2026-06-02 09:15:30,6.666274190183059,7.202508159507874
2026-06-02 09:16:30,6.4045654708494855,8.262843410318343
2026-06-02 09:17:29,6.832881727370237,6.946888343564928
2026-06-02 09:18:30,6.799583399580309,7.769323218887105
2026-06-02 09:19:30,7.111511017311485,8.254092036031967
2026-06-02 09:20:30,7.335451835498061,7.881999266783502
2026-06-02 09:21:30,7.317852696575602,7.573153974615147
2026-06-02 09:22:29,8.373670572328543,8.370584008465038
2026-06-02 09:23:29,9.090698132152754,7.551024884268696
2026-06-02 09:24:29,8.848720119756045,9.7716677885549
2026-06-02 09:25:30,8.614348545964852,7.892123404040899
2026-06-02 09:26:30,8.318127607927769,9.112029841598382
2026-06-02 09:27:30,8.046911299010512,10.324498014006172
2026-06-02 09:28:30,8.386149112319496,9.02062400223445
2026-06-02 09:29:30,9.072266774406716,9.153957869235478
2026-06-02 09:30:30,8.671467388506839,9.176802451269127
2026-06-02 09:31:29,9.061114886082034,9.09896058600535
2026-06-02 09:32:30,9.15358464738488,8.430506107203792
2026-06-02 09:33:29,8.503023566095251,9.02265816136835
2026-06-02 09:34:29,8.68397197284804,8.97885086956297
2026-06-02 09:35:29,9.844216751300143,9.478351368225486
2026-06-02 09:36:30,10.478202108586558,8.285495261854841
2026-06-02 09:37:30,9.674901147864366,9.468690252983116
2026-06-02 09:38:30,9.366412002985047,10.109014475330538
2026-06-02 09:39:30,10.49978569636126,10.07970006414571
2026-06-02 09:40:30,10.72912414207285,9.762207072541903
2026-06-02 09:41:30,10.77610518324879,7.950816135223096
2026-06-02 09:42:30,11.280045891275066,8.830787763021782
2026-06-02 09:43:29,11.602625747566494,8.73088835671882
2026-06-02 09:44:29,12.068578438058422,8.16285780410537
2026-06-02 09:45:29,12.858763456898217,7.535450781564146
2026-06-02 09:46:30,12.227737742288893,9.9016565773281
2026-06-02 09:47:30,12.857680551778184,9.720693752912084
2026-06-02 09:48:30,13.520217831548646,9.406224827925948
2026-06-02 09:49:30,12.493245521587564,9.523618816541331
2026-06-02 09:50:30,12.162874962831523,7.542549769732949
2026-06-02 09:51:30,12.861898584067522,7.554214950611265
2026-06-02 09:52:29,12.77232233509452,7.918951551508191
2026-06-02 09:53:30,12.39013492001556,7.997628087612544
2026-06-02 09:54:29,10.443705387756626,8.085460449435551
2026-06-02 09:55:29,11.67755766663078,8.746620964951708
2026-06-02 09:56:30,11.513318404030342,6.477234087161951
2026-06-02 09:57:30,11.812013320341082,7.58141428409428
2026-06-02 09:58:30,10.435148063489663,6.701289242564157
2026-06-02 09:59:30,8.8613183570035,8.174710321654075
2026-06-02 10:00:30,8.187190257603268,9.527586364842463
2026-06-02 10:01:30,9.267541771843252,7.011594276998237
2026-06-02 10:02:30,10.013641192613354,5.799707994328704
2026-06-02 10:03:24,10.907153551586791,5.02257925816543
2026-06-02 10:03:55,11.486132996609143,2.919738801845214
2026-06-02 10:05:28,10.460255716989751,1.2936349920809516
2026-06-02 10:06:19,13.762996338159692,4.296957741973385
2026-06-02 10:07:19,11.429734527682651,4.554476975187745
2026-06-02 10:08:19,8.640895495777665,5.128356445550079
2026-06-02 10:09:19,8.28335822020032,5.5060193284636405
2026-06-02 10:10:18,8.89441593054441,5.903997063524247
2026-06-02 10:11:18,9.327026582931678,5.420247472719139
2026-06-02 10:12:18,10.998798206005032,3.864066700737865
2026-06-02 10:13:18,10.033368395769068,4.15249524673273
2026-06-02 10:14:19,8.220354150480166,4.998848571232394
2026-06-02 10:15:19,7.138352665602557,7.015125068709342
2026-06-02 10:16:19,4.888004247361133,7.832161563284882
2026-06-02 10:17:19,4.953276667429616,8.225048295404312
2026-06-02 10:18:19,4.987596264238396,7.777966943334224
2026-06-02 10:19:19,5.347910273091329,7.966055200208252
2026-06-02 10:20:19,5.922479506256826,8.769899253853936
2026-06-02 10:21:19,6.985141323994866,8.663060298488004
2026-06-02 10:22:18,7.000765400784492,8.41624567189793
2026-06-02 10:23:18,8.297737987763925,7.328997139138187
2026-06-02 10:24:18,9.261485363762738,5.718248528606042
2026-06-02 10:25:19,8.68644956860857,7.722228050662337
2026-06-02 10:26:19,8.200433567216216,7.425188952290163
2026-06-02 10:27:19,7.765523368953928,7.816672758588474
2026-06-02 10:28:19,7.779543446879737,8.733789749919419
2026-06-02 10:29:19,7.3268778918316,10.915705010971628
2026-06-02 10:30:19,6.741896064609511,9.434787732256702
2026-06-02 10:31:19,5.456777992840328,11.155737308425728
2026-06-02 10:32:18,5.656771009551072,10.381810367854737
2026-06-02 10:33:18,6.67028061023586,10.075500940109055
2026-06-02 10:34:18,5.843982441712777,10.879397241576056
2026-06-02 10:35:19,4.558658033264795,13.206777301201932
2026-06-02 10:36:19,4.959378387205396,11.131113602101848
2026-06-02 10:37:19,4.550227551341506,11.963539632159884
2026-06-02 10:38:19,4.749054964136515,9.715889533552144
2026-06-02 10:39:19,5.510228003165887,10.135721432854744
2026-06-02 10:40:19,6.322019816225433,9.551704961435206
2026-06-02 10:41:18,5.242689944276084,11.215829828742082
2026-06-02 10:42:19,4.488522223155803,10.19601908166117
2026-06-02 10:43:18,3.380418197284813,9.92326759356394
2026-06-02 10:44:18,2.263286281075462,12.305113640275868
2026-06-02 10:45:18,1.6703556788312772,11.43319893294592
2026-06-02 10:46:19,2.004671831468344,12.474039356120487
2026-06-02 10:47:19,0.6665910997982459,13.291260996149658
2026-06-02 10:48:19,-0.4408921678771514,13.540883471893071
2026-06-02 10:49:19,1.3165290109416794,12.864430332172256
2026-06-02 10:50:19,2.851802381411823,11.139902157787573
2026-06-02 10:51:19,3.985626956704094,9.655958799111051
2026-06-02 10:52:19,5.1883557154238105,9.932655763940462
2026-06-02 10:53:19,1.866131127339292,11.261861588873504
2026-06-02 10:54:18,-2.0731507789175923,11.949325839100856
2026-06-02 10:55:18,2.3401556830860826,8.486843048068096
2026-06-02 10:56:18,1.335793518095622,7.435940229335602
2026-06-02 10:57:19,1.1454445026112838,8.16940324995378
2026-06-02 10:58:19,-0.0106051859612292,9.12115424890157
2026-06-02 10:59:19,-0.9690234241909028,9.825920562405187
2026-06-02 11:00:19,-0.5443862083536669,9.461558306689636
2026-06-02 11:01:19,0.1746612676373661,9.389590763842923
2026-06-02 11:02:18,-0.4450401475008237,11.017000984459164
2026-06-02 11:03:19,-2.551372996254797,12.121704802853404
2026-06-02 11:03:56,-3.131133588168426,4.419010543131076
2026-06-02 11:05:29,6.181700248332098,1.4767147529703288
2026-06-02 11:06:20,4.297389211771781,7.441174824075036
2026-06-02 11:07:19,1.1330568636027811,9.709827684206983
2026-06-02 11:08:19,0.8709678046655039,10.587202638717
2026-06-02 11:09:19,-0.6484517126813032,11.000496301275613
2026-06-02 11:10:19,-2.232428756882119,10.779484511223307
2026-06-02 11:11:19,-2.688034786624115,9.031110391292945
2026-06-02 11:12:19,-0.0166575011735103,7.545855321198778
2026-06-02 11:13:19,-0.7390842139462258,8.95891529351751
2026-06-02 11:14:19,-2.5896806125625806,12.303527978283746
2026-06-02 11:15:19,-5.173728312883167,11.96354346079218
2026-06-02 11:16:19,-8.128043768976973,15.690900365729524
2026-06-02 11:17:19,-7.155100406271943,12.82291068308332
2026-06-02 11:18:19,-6.237085724684143,14.421301406725682
2026-06-02 11:19:19,-1.6129815422321363,16.110558009539485
2026-06-02 11:20:19,-8.519991781059558,12.20525455078979
2026-06-02 11:21:19,-3.242849531808699,12.295182899000284
2026-06-02 11:22:19,-0.4574681802867923,7.984533473147164
2026-06-02 11:23:19,-2.2938746427293064,9.480835609507771
2026-06-02 11:24:19,-3.5035157155405203,11.356505021215206
2026-06-02 11:25:19,-3.9780237156780993,12.018574522109034
2026-06-02 11:26:19,-5.868024209417325,10.626552555368622
2026-06-02 11:27:19,-4.444221483128266,12.382918420734056
2026-06-02 11:28:19,-5.631818734727977,11.422862807269349
2026-06-02 11:29:19,-6.267278657835602,14.397641649536853
2026-06-02 11:30:19,-3.424547835368499,12.533410595030498
2026-06-02 11:31:19,-1.3610155229596408,10.898089693796669
2026-06-02 11:32:19,-5.791348979735926,13.407211472666296
2026-06-02 11:33:18,-6.908893017442826,14.88812845909875
2026-06-02 11:34:19,-8.114722114274583,15.59181459514191
2026-06-02 11:35:19,-8.286196328531087,18.482331657488253
2026-06-02 11:36:19,-8.116081396432943,16.59330190441118
2026-06-02 11:37:20,-7.2281909670308515,15.156021276314588
2026-06-02 11:38:19,-6.985422840806434,17.30938013557066
2026-06-02 11:39:19,-9.20786963494576,15.38606697320908
2026-06-02 11:40:19,-9.404364424288527,16.178787287260743
2026-06-02 11:41:19,-7.634849076531307,16.68125538200089
2026-06-02 11:42:19,-11.770610616479978,15.661789510996742
2026-06-02 11:43:19,-15.470947487980585,17.064891351447585
2026-06-02 11:44:19,-12.556882846570376,17.100262769927202
2026-06-02 11:45:19,-12.715048690120865,18.622593884012804
2026-06-02 11:46:19,-8.72182160630981,16.887960422761868
2026-06-02 11:47:19,-9.2800586817035,16.28021309507755
2026-06-02 11:48:19,-8.908748265034856,14.366144829227116
2026-06-02 11:49:19,-6.024866134718829,15.059288393574551
2026-06-02 11:50:19,-4.943491982357728,11.582670261594608
2026-06-02 11:51:19,-5.959431455763664,13.49166186367932
2026-06-02 11:52:19,-9.025881325490944,13.990958289697788
2026-06-02 11:53:19,-7.975578724716104,13.25355374281735
2026-06-02 11:54:19,-3.807695518660517,11.736620202254665
2026-06-02 11:55:19,-1.7664297604785588,9.16918539306072
2026-06-02 11:56:19,-4.771637974548284,11.66480004284672
2026-06-02 11:57:19,-5.315382887556635,12.043239800074064
2026-06-02 11:58:19,-10.447085246671616,13.89292575111754
2026-06-02 11:59:19,-13.039472260311106,15.940107067640865
2026-06-02 12:00:19,-17.342041475748392,17.29025234271124
2026-06-02 12:01:19,-17.378291438606773,16.487482955396842
2026-06-02 12:02:19,-17.758734026291012,15.44697361061622
2026-06-02 12:03:19,-17.479255411726257,15.927814125009684
2026-06-02 12:03:57,-13.89532837168371,6.241854508750721
2026-06-02 12:06:33,5.1537615294443375,1.1422049950795874
2026-06-02 12:07:19,1.1585215497048524,7.2090081386065314
2026-06-02 12:08:20,-7.154316809769416,11.115757977691963
2026-06-02 12:09:19,-12.995107433582463,12.944258426327265
2026-06-02 12:10:19,-10.65905321722324,13.90224011001861
2026-06-02 12:11:19,-16.990648603076842,15.017768147014529
2026-06-02 12:12:19,-11.25203613189263,12.376339515003728
2026-06-02 12:13:19,-13.049851328428554,13.7673317674049
2026-06-02 12:14:19,-17.411016343250854,17.98920972758335
2026-06-02 12:15:20,-15.649424288196151,16.907967430194716
2026-06-02 12:16:20,-10.118317645132006,12.069000478120298
2026-06-02 12:17:20,-12.893978378794127,14.493040957925071
2026-06-02 12:18:19,-5.880435606793291,12.244077338013463
2026-06-02 12:19:19,-8.952075615319844,16.363298644001247
2026-06-02 12:20:19,-17.51393269564444,17.57528219787627
2026-06-02 12:21:19,-27.164078873619847,24.07896987611999
2026-06-02 12:22:20,-26.16865464833467,20.38165462433801
2026-06-02 12:23:19,-29.546234946018355,24.664021785135017
2026-06-02 12:24:19,-12.136779354424547,15.81772137832757
2026-06-02 12:25:19,-5.676500329604426,11.90951376241668
2026-06-02 12:26:20,-16.19100558500322,16.01519737586555
2026-06-02 12:27:20,-19.746791824645157,20.12840192476944
2026-06-02 12:28:19,-27.231421177465837,17.884616186613638
2026-06-02 12:29:20,-24.31997615479385,17.73452294210376
2026-06-02 12:30:19,-39.60369273150482,21.94161082207424
2026-06-02 12:31:19,-25.13654656245141,19.543347001804747
2026-06-02 12:32:19,-36.22666765832059,20.36118625184432
2026-06-02 12:33:19,-52.68102133131911,29.84630507120906
2026-06-02 12:34:02,-71.10406150920434,18.00314797986437
2026-06-02 13:15:37,-94.6943338688838,1.7681639531259707
2026-06-02 13:18:13,2.2956926210646302,1.5893255305279324
2026-06-02 13:19:07,-18.925532755568536,14.756908050280376
2026-06-02 13:20:07,-32.644213270253594,18.29059207485817
2026-06-02 13:21:07,-29.29014322953603,16.20457619325143
2026-06-02 13:22:06,-34.550515405658224,17.749544863863864
2026-06-02 13:23:06,-37.7056993851472,21.46109690216492
2026-06-02 13:24:06,-36.47157561115854,17.475236154402694
2026-06-02 13:25:06,-36.71734480353648,19.974125321750588
2026-06-02 13:26:07,-29.286108790210537,16.87662792290531
2026-06-02 13:27:07,-42.38980061517015,23.980379901436628
2026-06-02 13:28:07,-38.48148243568951,18.62121976140152
2026-06-02 13:29:06,-20.69479258733925,13.93708356459824
2026-06-02 13:30:07,-33.37062517889808,21.876820663426617
2026-06-02 13:31:07,-27.101296399088746,15.990138685067215
2026-06-02 13:32:06,-41.16092988753692,20.67923793214589
2026-06-02 13:33:07,-21.501942078868865,15.408301922535555
2026-06-02 13:34:06,-23.920572453859005,14.773746722050705
2026-06-02 13:35:06,-15.21676817092057,12.387121040511603
2026-06-02 13:36:06,-18.316640781786504,14.411496126263264
2026-06-02 13:37:07,-40.51252918654868,22.835703365385847
2026-06-02 13:38:07,-32.3212816690101,20.222526414747023
2026-06-02 13:39:07,-17.38628879716468,13.946247336570554
2026-06-02 13:40:07,-11.327845473947496,12.156542884009523
2026-06-02 13:41:07,-19.441432895385383,14.89369345757243
2026-06-02 13:42:07,-32.694693494847606,18.70121389143682
2026-06-02 13:43:06,-35.086621551136595,21.27900634652244
2026-06-02 13:44:06,-19.616718217783166,16.84301968624984
2026-06-02 13:45:06,-30.245822750712,19.12503380683767
2026-06-02 13:46:06,-18.85659799739601,17.268421526427353
2026-06-02 13:47:07,-11.79168978028264,11.388618317368648
2026-06-02 13:48:07,-25.849446735501235,18.406805835584297
2026-06-02 13:49:07,-30.81458530538867,20.873099097677223
2026-06-02 13:50:07,-21.675273861514132,15.400578151589874
2026-06-02 13:51:07,-13.047843872640094,12.702200869749817
2026-06-02 13:52:07,-22.749802872951843,15.68938176386546
2026-06-02 13:53:06,-41.6355395137644,22.336120517464646
2026-06-02 13:54:06,-54.40278275934017,28.880658542158876
2026-06-02 13:55:06,-30.392770762449462,20.94359001381182
2026-06-02 13:56:06,-22.445388516293768,15.03850157308374
2026-06-02 13:57:07,-24.09059418328877,19.55115830871435
2026-06-02 13:58:07,-14.80011412094917,12.141654182200176
2026-06-02 13:59:07,-11.915761780803408,11.134828424819377
2026-06-02 14:00:07,-20.35586316741733,16.01952449739732
2026-06-02 14:01:07,-24.756271323578225,19.18014314731371
2026-06-02 14:02:07,-41.51854302307247,23.269583320545426
2026-06-02 14:03:06,-32.44722876490626,18.99474462659688
2026-06-02 14:04:07,-19.12369327237718,13.795940599049432
2026-06-02 14:05:06,-33.227940504921094,19.68344998800789
2026-06-02 14:06:06,-28.36617758989666,19.96196235428109
2026-06-02 14:07:07,-18.000254439622854,12.921281159041014
2026-06-02 14:08:07,-9.332524059800868,10.079121937101627
2026-06-02 14:09:07,-8.217176110646376,10.084129985128987
2026-06-02 14:10:06,-9.41892761628588,10.323838441308638
2026-06-02 14:11:07,-8.60701818844842,8.036511727184351
2026-06-02 14:12:07,-7.857186961032315,7.725195070768969
2026-06-02 14:13:06,-21.936534857723625,14.888305529760148
2026-06-02 14:14:07,-18.09930740834367,12.70393840583409
2026-06-02 14:15:01,-33.12436146465054,21.38182007577838
2026-06-02 14:15:32,-37.01838492046109,7.0586134548577935
2026-06-02 14:17:05,1.6488320399649177,1.2335620997075325
2026-06-02 14:17:55,-3.961823056324517,5.5099348363391725
2026-06-02 14:18:55,-11.604558343021615,11.922425683340649
2026-06-02 14:19:55,-21.63470741427106,15.397694851845978
2026-06-02 14:20:55,-12.720344982191234,10.66600511657002
2026-06-02 14:21:55,-7.5121069085221315,7.455445322425712
2026-06-02 14:22:55,-18.338859110343584,12.560680118764452
2026-06-02 14:23:55,-27.1757133525822,16.21236107939188
2026-06-02 14:24:55,-13.96218993265008,12.123470960494576
2026-06-02 14:25:55,-18.23116579934933,15.495312426949525
2026-06-02 14:26:55,-7.926555232680024,8.278450807271414
2026-06-02 14:27:56,-10.22321697514488,10.916259875954095
2026-06-02 14:28:55,-18.243067235655133,14.952291271295488
2026-06-02 14:29:55,-12.000427753993884,11.376444481546738
2026-06-02 14:30:55,-13.825415541631314,10.90223911022131
2026-06-02 14:31:55,-13.636038981728394,12.845578617312324
2026-06-02 14:32:55,-30.85952601226178,19.815704923497453
2026-06-02 14:33:54,-17.857702964001966,15.560603921028214
2026-06-02 14:34:55,-17.249486594109456,14.962660954894949
2026-06-02 14:35:55,-12.229900567533852,13.772769056685934
2026-06-02 14:36:56,-7.343296129135018,9.957074295640831
2026-06-02 14:37:56,-12.690992865870472,12.702536589141516
2026-06-02 14:38:55,-7.708468987126367,12.735485765357634
2026-06-02 14:39:55,-8.956549422091065,10.831281803136822
2026-06-02 14:40:55,-4.262733598903893,7.984070656359522
2026-06-02 14:41:55,-6.124560269272534,10.877385737604495
2026-06-02 14:42:55,-4.687349009944971,8.512262837120465
2026-06-02 14:43:55,-7.638623923017223,9.769058039141411
2026-06-02 14:44:55,-6.398035089727512,10.645757445058296
2026-06-02 14:45:55,-9.37729386480531,13.098620220057397
2026-06-02 14:46:56,-7.794965222379527,11.604162899651328
2026-06-02 14:47:55,-8.749972614111117,9.993575685861948
2026-06-02 14:48:55,-4.726190679861538,8.89651214965687
2026-06-02 14:49:55,-3.986907747840179,7.776405508942186
2026-06-02 14:50:55,-5.986945237074895,10.700377497426398
2026-06-02 14:51:55,-4.306739532027923,7.125603008175607
2026-06-02 14:52:55,-3.5595138550345826,8.397497708382442
2026-06-02 14:53:55,-6.55672978621218,8.703911927001556
2026-06-02 14:54:55,-4.875820326010929,7.812217146917027
2026-06-02 14:55:55,-9.636301586979936,12.713909356868593
2026-06-02 14:56:55,-4.6512768723980855,7.119845036160879
2026-06-02 14:57:56,-3.4585263735321354,7.460880444268954
2026-06-02 14:58:56,-2.181222641939991,5.359491200970807
2026-06-02 14:59:55,-3.1688000915674164,6.672311628156364
2026-06-02 15:00:55,-2.42354653575909,4.995571667269635
2026-06-02 15:01:55,-2.791704699588556,6.123675039424148
2026-06-02 15:02:55,-3.08587367148316,4.912167292706804
2026-06-02 15:03:55,-1.985785977233043,4.493908931244286
2026-06-02 15:04:54,-3.197293969005137,5.687123446656392
2026-06-02 15:05:55,-1.8492700376499067,4.417820261377872
2026-06-02 15:06:55,-4.015752550663132,6.599343073540824
2026-06-02 15:07:56,-2.4579971052150857,5.098109496077486
2026-06-02 15:08:56,-3.5670895310981634,6.790276112712058
2026-06-02 15:09:55,-3.096464621682506,5.7766122555075645
2026-06-02 15:10:55,-2.1400382302908056,4.8294709832758205
2026-06-02 15:11:55,-2.49093085656228,4.859359608475481
2026-06-02 15:12:55,-3.418939409721656,6.278519368755098
2026-06-02 15:13:55,-1.1507750004573412,4.215380531015225
2026-06-02 15:14:55,-1.6016987871580526,3.8111419535490274
2026-06-02 15:15:33,-1.2740575081490817,1.9688135445720325
2026-06-02 15:17:06,0.6863731099893389,1.0739765793066949
2026-06-02 15:17:56,-2.0774173175753616,4.421124285169556
2026-06-02 15:18:55,-1.6636258443321217,3.954678470814954
2026-06-02 15:19:55,-1.075683004048932,4.373111156520697
2026-06-02 15:20:55,-2.322123003405146,5.273390741686405
2026-06-02 15:21:55,-2.4202274285155387,4.910749930902157
2026-06-02 15:22:56,-1.1135841048132549,4.173682185606785
2026-06-02 15:23:55,-3.942806210893072,5.988121972902539
2026-06-02 15:24:55,-2.3132709827596583,5.405910696447635
2026-06-02 15:25:55,-0.6341545086630933,3.648268733359868
2026-06-02 15:26:56,-1.231274441220919,4.029891496727524
2026-06-02 15:27:56,-1.3825089194082023,4.121521196467118
2026-06-02 15:28:56,-1.6941679325821488,2.936813309898416
2026-06-02 15:29:56,-2.069843448747451,3.3357630180425284
2026-06-02 15:30:55,-2.328210881203717,3.804478223332792
2026-06-02 15:31:55,-2.047276158805723,3.335849496724866
2026-06-02 15:32:55,-2.963890082705316,4.833717927143199
2026-06-02 15:33:55,-2.900045330248452,4.410166992256674
2026-06-02 15:34:55,-2.790196797324241,3.5156361565117877
2026-06-02 15:35:55,-2.911290625007588,3.8489501376355233
2026-06-02 15:36:55,-2.43663706317289,3.644684911108472
2026-06-02 15:37:56,-3.613792010732014,4.11425715748568
2026-06-02 15:38:56,-2.9307310153075323,4.645754884635642
2026-06-02 15:39:56,-4.121231903328676,5.482839745787572
2026-06-02 15:40:55,-3.9993095934480016,4.902865188148019
2026-06-02 15:41:55,-3.069093869712969,3.221673127768075
2026-06-02 15:42:55,-3.579117463587965,3.9291600698047096
2026-06-02 15:43:55,-3.93936524985468,4.277697244271974
2026-06-02 15:44:55,-3.652272457127343,4.714372857248435
2026-06-02 15:45:55,-4.286546035753924,5.165122945949006
2026-06-02 15:46:56,-4.229772573038487,4.521282681952233
2026-06-02 15:47:56,-4.008252720852425,5.267889534499886
2026-06-02 15:48:56,-4.296188466649511,3.621843145342391
2026-06-02 15:49:55,-5.967309247095465,7.0896691529859215
2026-06-02 15:50:55,-5.568102918122163,6.422691513529781
2026-06-02 15:51:55,-6.361321246005373,5.72507635065283
2026-06-02 15:52:55,-6.442615776164804,7.465523254233036
2026-06-02 15:53:55,-7.960693111644156,9.489100553347743
2026-06-02 15:54:55,-7.624936807852756,8.101337575134293
2026-06-02 15:55:55,-7.8830289870907855,7.496744217898167
2026-06-02 15:56:55,-6.86179659002431,7.376222876183512
2026-06-02 15:57:55,-8.5855989705163,8.985615035909696
2026-06-02 15:58:56,-8.346278233470407,7.237460597201767
2026-06-02 15:59:56,-7.098116523917731,6.619972613214497
2026-06-02 16:00:56,-6.741170186956622,6.504541840559448
2026-06-02 16:01:55,-8.784360920366076,8.189273787053295
2026-06-02 16:02:55,-8.32849234012671,7.590107579037225
2026-06-02 16:03:55,-10.21709647904546,11.016930382336565
2026-06-02 16:04:55,-8.259104362960803,8.6199600836897
2026-06-02 16:05:55,-8.464085601886612,6.7998875718149705
2026-06-02 16:06:55,-7.018286411955708,7.283143396410181
2026-06-02 16:07:50,-9.17274793310095,6.930261598749768
2026-06-02 16:18:29,-5.2764313685789945,1.0421245496448803
2026-06-02 16:29:37,-3.0862651829314127,1.1076104710116872
2026-06-02 16:41:38,1.1520401456034732,0.9951817121965342
2026-06-02 16:51:17,-2.3024562124191026,1.0578893771268398
2026-06-02 16:53:53,2.8781301090091045,1.0841018528028503
2026-06-02 16:54:47,2.027943415889828,2.0375160400810617
2026-06-02 16:55:47,0.9837192992812278,2.5028688198515336
2026-06-02 16:56:47,0.9842069138063214,2.34195660285558
2026-06-02 16:57:46,1.0212523356650387,2.4538603202830918
2026-06-02 16:58:47,0.1433746481057193,3.310832966157079
2026-06-02 16:59:46,0.4384050958375635,2.246582197422784
2026-06-02 17:00:46,0.6962611362443448,2.0346028600551964
2026-06-02 17:01:47,0.9960936831711676,2.4208705453444046
2026-06-02 17:02:47,0.7025440477359255,2.585877486148565
2026-06-02 17:03:47,0.5612551179323674,3.789363526504527
2026-06-02 17:04:47,0.1052853948103432,4.407572488101016
2026-06-02 17:05:47,0.8127819649274858,2.907788011923799
2026-06-02 17:06:47,0.8938456124374008,3.112899338255568
2026-06-02 17:07:47,0.8089379166809788,3.476703499892256
2026-06-02 17:08:47,-0.1036243532285384,4.792939738207232
2026-06-02 17:09:46,0.5538373428054246,3.471842490035401
2026-06-02 17:10:46,0.7419075809692417,2.595658493766066
2026-06-02 17:11:47,0.8720045376621348,3.048069004904053
2026-06-02 17:12:47,1.1554969175333394,3.647857352952844
2026-06-02 17:13:47,1.300611288014182,3.103848760319148
2026-06-02 17:14:47,1.1369243048111428,3.1320297257082648
2026-06-02 17:15:47,1.3154728842134982,3.1494234657462465
2026-06-02 17:16:47,1.241709563567254,3.416886404787659
2026-06-02 17:17:47,0.6988892803750496,3.716206885500887
2026-06-02 17:18:46,1.2731857810282972,3.0349379731410164
2026-06-02 17:19:47,1.5878726918124273,2.7164298110188403
2026-06-02 17:20:46,1.766591780021349,2.792707541085642
2026-06-02 17:21:46,1.8485229503191387,2.367931201686593
2026-06-02 17:22:47,2.310004905920369,2.128400181216247
2026-06-02 17:23:47,2.720063472168337,2.0908318064697147
2026-06-02 17:24:47,2.681858872457953,2.0857692004656587
2026-06-02 17:25:47,3.0140012791361777,1.943212230233344
2026-06-02 17:26:47,3.376820923000225,1.9583726004367932
2026-06-02 17:27:47,2.670517786860693,2.0640306114241027
2026-06-02 17:28:47,2.6377995673065278,2.085828463174934
2026-06-02 17:29:47,2.480696669787484,2.0649644626535357
2026-06-02 17:30:46,2.275400917615372,1.8148319676213152
2026-06-02 17:31:46,2.1321465679729728,2.1109189581961925
2026-06-02 17:32:46,2.0871051329623653,1.9435661798271031
2026-06-02 17:33:47,2.0695877870699357,1.839736676311431
2026-06-02 17:34:47,2.4902461203102693,1.8865699352745344
2026-06-02 17:35:47,2.740494900444717,1.8395800965894795
2026-06-02 17:36:47,2.9995646915960137,1.9569550304513668
2026-06-02 17:37:47,2.660611297287088,1.694574646662657
2026-06-02 17:38:47,2.5143633794910385,1.9080652135376712
2026-06-02 17:39:47,2.1291590301242085,1.781913511431941
2026-06-02 17:40:47,2.327717941799624,1.6884565512958454
2026-06-02 17:41:46,3.1044250624092675,1.730154081688934
2026-06-02 17:42:46,3.038117938064464,1.613724692778546
2026-06-02 17:43:47,2.554269135492968,1.6135414134480257
2026-06-02 17:44:47,2.110340777336505,1.637528284841518
2026-06-02 17:45:47,1.4013616583447974,1.4815493477599306
2026-06-02 17:46:47,1.640050147003707,1.3677038885066162
2026-06-02 17:47:47,1.7559951963379583,1.3642858552615276
2026-06-02 17:48:47,2.1477197902889915,1.3936368914404655
2026-06-02 17:49:46,2.4712353868629093,1.1847336831875226
2026-06-02 17:50:41,2.5085824814795354,1.2216675649960846
2026-06-02 17:51:12,2.4914610785020908,1.114279711269196
2026-06-02 17:52:45,1.914635902925421,1.029465873262156
2026-06-02 17:53:36,2.43699147246423,1.135600447449525
2026-06-02 17:54:36,2.448804403229702,1.2459717794469969
2026-06-02 17:55:36,2.2345876217625227,1.0334171809344874
2026-06-02 17:56:35,2.4074171391117107,1.2224356837423374
2026-06-02 17:57:35,2.9748071606672064,1.1051418234170398
2026-06-02 17:58:35,1.7541312504323965,1.218885594652989
2026-06-02 17:59:35,2.009954360002464,1.1699741785050408
2026-06-02 18:00:35,2.341612806946209,1.2193344950748768
2026-06-02 18:01:35,3.0817200157698896,1.203743737544665
2026-06-02 18:02:35,2.3244601438812205,1.2701289467776675
2026-06-02 18:03:35,3.485755332298959,1.3994697160641485
2026-06-02 18:04:36,2.917917230425095,1.4412772677854189
2026-06-02 18:05:36,1.5857279486910594,1.2128607720411009
2026-06-02 18:06:36,2.020525027880096,1.3412195455473332
2026-06-02 18:07:36,3.2410054008714133,1.3462741511284582
2026-06-02 18:08:35,3.392037138964311,1.354309162704025
2026-06-02 18:09:35,3.0913638371306176,1.3286822816067216
2026-06-02 18:10:35,2.7924283275112662,1.3276751349003648
2026-06-02 18:11:35,2.4224975728193576,1.2794506256987672
2026-06-02 18:12:35,2.3530748032450526,1.338355113689743
2026-06-02 18:13:36,1.6282997057945827,1.327331976666328
2026-06-02 18:14:36,2.262301318255197,1.3652369047105413
2026-06-02 18:15:36,2.2893073691327417,1.3728555362779262
2026-06-02 18:16:36,2.038020943663816,1.3199151688855104
2026-06-02 18:17:35,1.87204447491185,1.5407990448487103
2026-06-02 18:18:35,1.724075298711374,1.3599350467971167
2026-06-02 18:19:35,2.146999145935174,1.3849384214277574
2026-06-02 18:20:35,1.6800831499601878,1.3697647279880505
2026-06-02 18:21:35,1.3884311157031308,1.4862784309318473
2026-06-02 18:22:35,1.495646142349306,1.3045760406212972
2026-06-02 18:23:35,1.8854816705820967,1.3986083637151805
2026-06-02 18:24:36,1.8009919422763665,1.3782367080917328
2026-06-02 18:25:36,1.9576791288963975,1.7400492598399175
2026-06-02 18:26:36,2.5121292806635616,1.602164936070597
2026-06-02 18:27:36,2.9208299938811466,1.573956595074473
2026-06-02 18:28:36,2.025473303029084,1.5680657493880183
2026-06-02 18:29:35,2.0634513402986383,1.383687032202246
2026-06-02 18:30:35,2.4301296008947126,1.4178641654109378
2026-06-02 18:31:35,2.4483507515615592,1.3923871522976004
2026-06-02 18:32:35,2.2292973120157638,1.38598274515069
2026-06-02 18:33:35,2.322189779661636,1.396786088233679
2026-06-02 18:34:36,3.13512082795257,1.5667094805820798
2026-06-02 18:35:36,2.041886478241462,1.3910646474828767
2026-06-02 18:36:36,2.618156910032382,1.4100555305531493
2026-06-02 18:37:36,2.31830808906028,1.3423307503723123
2026-06-02 18:38:36,2.3959945839583856,1.371028884553436
2026-06-02 18:39:35,2.894366329814421,1.5115197058935728
2026-06-02 18:40:35,2.855091608417468,1.4452456994060032
2026-06-02 18:41:35,2.849684864238367,1.3253625477717723
2026-06-02 18:42:35,2.986553463900921,1.43799398249628
2026-06-02 18:43:35,2.7446857500629576,1.3313830619055096
2026-06-02 18:44:35,3.160663053886388,1.3716054388915395
2026-06-02 18:45:36,3.377585031551465,1.348567605712761
2026-06-02 18:46:36,3.314619934021276,1.5074437809544854
2026-06-02 18:47:36,3.170197109210707,1.4281139847488664
2026-06-02 18:48:35,2.899595859911809,1.4209802912108214
2026-06-02 18:49:35,3.063822854067607,1.4102015310472038
2026-06-02 18:50:35,3.0971676996549555,1.4705601426616846
2026-06-02 18:51:13,3.232220024863464,1.1338207626784462
2026-06-02 18:52:46,2.3992672540308577,1.1386058846776013
2026-06-02 18:53:36,3.382259058010756,1.317125004331981
2026-06-02 18:54:36,3.1457275202251886,1.383982156484563
2026-06-02 18:55:36,3.2090064379015826,1.427124489441315
2026-06-02 18:56:36,3.4485718757993102,1.4726144901298923
2026-06-02 18:57:36,3.7382942426867007,1.2943859999572576
2026-06-02 18:58:36,3.6097167432312367,1.385043844504375
2026-06-02 18:59:36,3.197363977750032,1.378258531097469
2026-06-02 19:00:35,3.426284425054959,1.357299096185905
2026-06-02 19:01:36,3.40241850548468,1.4252810069998132
2026-06-02 19:02:36,3.435331413954132,1.422652657177471
2026-06-02 19:03:36,3.214688583968447,1.37366528570554
2026-06-02 19:04:36,3.439268277510021,1.4493946398149884
2026-06-02 19:05:36,3.246859058069549,1.5054950406179213
2026-06-02 19:06:36,3.0279607827461508,1.5142606394460092
2026-06-02 19:07:36,3.0518705187090216,1.564476697632449
2026-06-02 19:08:36,3.072929785753521,1.569958494717294
2026-06-02 19:09:35,4.847837024195854,1.3890001307498807
2026-06-02 19:10:35,5.457439564127353,1.4543372725798318
2026-06-02 19:11:35,4.886127331607244,1.5665929284579423
2026-06-02 19:12:36,5.486806127195036,1.49951603985751
2026-06-02 19:13:37,5.606694627147164,1.6547057038087012
2026-06-02 19:14:36,5.711285801965469,1.5173027288681746
2026-06-02 19:15:36,4.509697521220101,1.5121554370450303
2026-06-02 19:16:36,3.679900544788256,1.640372506182468
2026-06-02 19:17:36,3.702601316783596,1.433619452594298
2026-06-02 19:18:36,3.795095432654657,1.5896547566157606
2026-06-02 19:19:35,3.736860352112473,1.641920603197051
2026-06-02 19:20:36,3.371006943311878,1.6814135099033083
2026-06-02 19:21:35,3.3989503506232968,1.396113343935538
2026-06-02 19:22:36,3.734579592217561,1.6077271855045996
2026-06-02 19:23:36,3.675317314918308,1.6128534685163105
2026-06-02 19:24:36,3.4778109921305163,1.455027249584276
2026-06-02 19:25:36,3.776807646134732,1.3388432158292325
2026-06-02 19:26:36,3.62428630882722,1.457959917073069
2026-06-02 19:27:36,3.7146400334948937,1.5796547351002477
2026-06-02 19:28:36,3.723923154923496,1.434708236859069
2026-06-02 19:29:36,3.4382802724255157,1.487802651333224
2026-06-02 19:30:36,3.430101583407638,1.361433143019076
2026-06-02 19:31:35,3.5215553621982414,1.36662552790858
2026-06-02 19:32:35,3.618412727138,1.203802433903329
2026-06-02 19:33:36,3.628300286719484,1.297044760436602
2026-06-02 19:34:36,3.4414221590806604,1.2098052411505469
2026-06-02 19:35:36,3.5465594534250666,1.3456565021191589
2026-06-02 19:36:36,3.369883924440931,1.3150496049026104
2026-06-02 19:37:36,3.2736183675101,1.1322187876704948
2026-06-02 19:38:36,3.252282996567844,1.2034307425944837
2026-06-02 19:39:36,3.13394819758398,1.2240501678397524
2026-06-02 19:40:35,3.0504709705579263,1.0418846503256114
2026-06-02 19:41:36,2.972963436834372,1.2292126155117025
2026-06-02 19:42:35,3.0713405895140045,1.13262716922768
2026-06-02 19:43:36,3.128179010071205,1.2791206662497887
2026-06-02 19:44:37,3.699503864009781,1.1783221083247208
2026-06-02 19:45:36,4.744716478134406,1.1692765197169448
2026-06-02 19:46:36,5.774304062186928,1.2551777866092462
2026-06-02 19:47:36,5.079565527851782,1.2157196462905695
2026-06-02 19:48:36,4.943446734879136,1.1246671822531646
2026-06-02 19:49:36,4.756948174661961,1.2493111654438322
2026-06-02 19:50:36,5.627347792333871,1.2933936109735853
2026-06-02 19:51:14,6.018504550242835,1.110223980785956
2026-06-02 19:53:50,3.4724417540356245,1.0505517163499205
2026-06-02 19:54:36,4.840730038943134,1.236114008197971
2026-06-02 19:55:36,4.556016782852116,1.251382445434671
2026-06-02 19:56:36,4.788257715556664,1.3048219058755943
2026-06-02 19:57:36,5.488276530307735,1.33198507287432
2026-06-02 19:58:36,5.833259800025326,1.332223832725916
2026-06-02 19:59:36,5.727420241220044,1.488144337252069
