t,dS
2026-05-18 11:40:00,0.0
2026-05-18 11:45:00,0.011880238095238062
2026-05-18 11:46:40,0.017545857142857117
2026-05-18 11:48:20,0.023961380952380935
2026-05-18 11:50:00,0.032270047619047636
2026-05-18 11:51:40,0.0667495238095239
2026-05-18 11:53:20,0.04078276190476193
2026-05-18 11:55:00,0.04657066666666661
2026-05-18 11:56:40,0.04633347619047614
2026-05-18 11:58:20,0.03185576190476189
2026-05-18 12:00:00,0.046940714285714266
2026-05-18 12:01:40,0.0550150952380953
2026-05-18 12:05:00,0.07848661904761904
2026-05-18 12:06:40,0.07693647619047626
2026-05-18 12:08:20,0.07516828571428577
2026-05-18 12:10:00,0.0800230476190477
2026-05-18 12:11:40,0.07576214285714292
2026-05-18 12:13:20,0.10040414285714291
2026-05-18 12:15:00,0.0881842857142858
2026-05-18 12:16:40,0.0953527619047618
2026-05-18 12:18:20,0.09517519047619043
2026-05-18 12:20:00,0.10436257142857161
2026-05-18 12:21:40,0.09396890476190467
2026-05-18 12:23:20,0.0840777619047619
2026-05-18 12:25:00,0.1176393809523809
2026-05-18 12:26:40,0.1279524761904762
2026-05-18 12:28:20,0.10687657142857142
2026-05-18 12:30:00,0.1231803333333334
2026-05-18 12:31:40,0.13139461904761904
2026-05-18 12:33:20,0.12631914285714288
2026-05-18 12:35:00,0.1347834285714286
2026-05-18 12:36:40,0.12754971428571424
2026-05-18 12:38:20,0.13003966666666672
2026-05-18 12:40:00,0.133249761904762
2026-05-18 12:43:20,0.13277223809523814
2026-05-18 12:45:00,0.11717380952380957
2026-05-18 12:46:40,0.1302126666666667
2026-05-18 12:48:20,0.13994909523809526
2026-05-18 12:50:00,0.15406133333333347
2026-05-18 12:51:40,0.13323104761904764
2026-05-18 12:53:20,0.12163009523809515
2026-05-18 12:55:00,0.1719321428571429
2026-05-18 12:56:40,0.15094861904761908
2026-05-18 12:58:20,0.18331385714285708
2026-05-18 13:00:00,0.22009952380952374
2026-05-18 13:01:40,0.21006152380952375
2026-05-18 13:05:00,0.1640710952380952
2026-05-18 13:06:40,0.1754448571428572
2026-05-18 13:08:20,0.17732519047619055
2026-05-18 13:10:00,0.17432819047619047
2026-05-18 13:11:40,0.21681190476190498
2026-05-18 13:13:20,0.18596309523809523
2026-05-18 13:15:00,0.22219857142857147
2026-05-18 13:16:40,0.21579190476190463
2026-05-18 13:18:20,0.19149361904761897
2026-05-18 13:20:00,0.2241395238095238
2026-05-18 13:21:40,0.1959715714285714
2026-05-18 13:23:20,0.1501058095238095
2026-05-18 13:25:00,0.19587019047619042
2026-05-18 13:26:40,0.20013952380952388
2026-05-18 13:28:20,0.18062061904761886
2026-05-18 13:30:00,0.171174857142857
2026-05-18 13:31:40,0.1720199047619048
2026-05-18 13:33:20,0.18593104761904766
2026-05-18 13:35:00,0.1940464285714284
2026-05-18 13:36:40,0.20879104761904763
2026-05-18 13:38:20,0.21500190476190467
2026-05-18 13:40:00,0.16522890476190485
2026-05-18 13:43:20,0.18173242857142857
2026-05-18 13:45:00,0.173250761904762
2026-05-18 13:46:40,0.2190514285714286
2026-05-18 13:48:20,0.17665861904761918
2026-05-18 13:50:00,0.16644361904761895
2026-05-18 13:51:40,0.14837723809523815
2026-05-18 13:53:20,0.1589479047619048
2026-05-18 13:55:00,0.15139561904761897
2026-05-18 13:56:40,0.13829623809523803
2026-05-18 13:58:20,0.15969019047619046
2026-05-18 14:00:00,0.1577214761904763
2026-05-18 14:01:40,0.13883938095238102
2026-05-18 14:03:20,0.17212380952380932
2026-05-18 14:05:00,0.10246761904761914
2026-05-18 14:06:40,0.1362232380952382
2026-05-18 14:08:20,0.10423566666666664
2026-05-18 14:10:00,0.10754880952380941
2026-05-18 14:11:40,0.10521838095238104
2026-05-18 14:13:20,0.09342104761904763
2026-05-18 14:15:00,0.09386385714285705
2026-05-18 14:16:40,0.08028128571428578
2026-05-18 14:18:20,0.07073714285714279
2026-05-18 14:20:00,0.06947400000000006
2026-05-18 14:21:40,0.07107490476190464
2026-05-18 14:23:20,0.3698795238095235
2026-05-18 14:25:00,0.1001942857142857
2026-05-18 14:26:40,0.06939609523809526
2026-05-18 14:28:20,0.06318390476190487
2026-05-18 14:30:00,0.0517197142857143
2026-05-18 14:31:40,0.04790771428571439
2026-05-18 14:33:20,0.04787852380952369
2026-05-18 14:35:00,0.0462008095238096
2026-05-18 14:36:40,0.04718709523809526
2026-05-18 14:38:20,0.06427571428571437
2026-05-18 14:40:00,0.06933095238095241
2026-05-18 14:45:00,0.043604904761904775
2026-05-18 14:46:40,0.041377761904762
2026-05-18 14:48:20,0.03845333333333341
2026-05-18 14:50:00,0.04327728571428572
2026-05-18 14:51:40,0.04120257142857142
2026-05-18 14:53:20,0.03841819047619047
2026-05-18 14:55:00,0.03529485714285724
2026-05-18 14:56:40,0.03921833333333334
2026-05-18 14:58:20,0.0425531904761904
2026-05-18 15:00:00,0.04245771428571421
2026-05-18 15:01:40,0.030062857142857127
2026-05-18 15:03:20,0.03591971428571433
2026-05-18 15:05:00,0.036594666666666706
2026-05-18 15:06:40,0.042659523809523876
2026-05-18 15:08:20,0.045079380952381065
2026-05-18 15:10:00,0.04434028571428572
2026-05-18 15:11:40,0.03158876190476195
2026-05-18 15:13:20,0.04828057142857144
2026-05-18 15:15:00,0.04630223809523811
2026-05-18 15:16:40,0.04539666666666678
2026-05-18 15:18:20,0.461150476190476
2026-05-18 15:20:00,0.03420547619047627
2026-05-18 15:21:40,0.03565619047619058
2026-05-18 15:23:20,0.04220223809523818
2026-05-18 15:25:00,0.03139800000000002
2026-05-18 15:26:40,0.033592619047619086
2026-05-18 15:28:20,0.03784138095238092
2026-05-18 15:30:00,0.04896704761904755
2026-05-18 15:31:40,0.030734809523809522
2026-05-18 15:33:20,0.04509671428571434
2026-05-18 15:35:00,0.03645133333333339
2026-05-18 15:36:40,0.043799761904761925
2026-05-18 15:38:20,0.05854876190476175
2026-05-18 15:40:00,0.04791209523809514
2026-05-18 15:43:20,0.11292142857142831
2026-05-18 15:45:00,0.0418422857142858
2026-05-18 15:46:40,0.03041361904761904
2026-05-18 15:48:20,0.04499942857142852
2026-05-18 15:50:00,0.04224671428571418
2026-05-18 15:51:40,0.05193157142857133
2026-05-18 15:53:20,0.05204295238095245
2026-05-18 15:55:00,0.0450616666666666
2026-05-18 15:56:40,0.04762252380952384
2026-05-18 15:58:20,0.05577495238095238
2026-05-18 16:00:00,0.05451200000000001
2026-05-18 16:01:40,0.05984523809523805
2026-05-18 16:03:20,0.05241214285714284
2026-05-18 16:05:00,0.0423438571428571
2026-05-18 16:06:40,0.042315333333333385
2026-05-18 16:08:20,0.07642252380952391
2026-05-18 16:10:00,0.060863190476190376
2026-05-18 16:11:40,0.07430290476190479
2026-05-18 16:13:20,0.05000766666666676
2026-05-18 16:15:00,0.06686904761904765
2026-05-18 16:16:40,0.0904633333333335
2026-05-18 16:18:20,0.08052819047619042
2026-05-18 16:20:00,0.06377038095238088
2026-05-18 16:21:40,0.10250428571428556
2026-05-18 16:23:20,0.071108
2026-05-18 16:25:00,0.05434185714285716
2026-05-18 16:26:40,0.05201795238095248
2026-05-18 16:28:20,0.05245233333333332
2026-05-18 16:30:00,0.07557114285714282
2026-05-18 16:31:40,0.07180395238095241
2026-05-18 16:33:20,0.07615590476190483
2026-05-18 16:35:00,0.07374652380952383
2026-05-18 16:36:40,0.08817809523809525
2026-05-18 16:38:20,0.0588948571428572
2026-05-18 16:40:00,0.07699142857142868
2026-05-18 16:43:20,0.06922642857142858
2026-05-18 16:45:00,0.08911171428571432
2026-05-18 16:46:40,0.1003504761904763
2026-05-18 16:48:20,0.08568799999999996
2026-05-18 16:50:00,0.13492380952380956
2026-05-18 16:51:40,0.14101333333333343
2026-05-18 16:53:20,0.10348666666666673
2026-05-18 16:55:00,0.13413999999999998
2026-05-18 16:56:40,0.1508176190476191
2026-05-18 16:58:20,0.09532228571428573
2026-05-18 17:00:00,0.1130790476190475
2026-05-18 17:01:40,0.10473642857142865
2026-05-18 17:03:20,0.09975276190476193
2026-05-18 17:05:00,0.12405333333333343
2026-05-18 17:06:40,0.13331190476190485
2026-05-18 17:08:20,0.10197900000000013
2026-05-18 17:10:00,0.1372961904761905
2026-05-18 17:11:40,0.1484028571428572
2026-05-18 17:13:20,0.09718442857142845
2026-05-18 17:15:00,0.11763804761904759
2026-05-18 17:16:40,0.11517795238095233
2026-05-18 17:18:20,0.13937238095238097
2026-05-18 17:20:00,0.1616890476190476
2026-05-18 17:21:40,0.12086780952380943
2026-05-18 17:23:20,0.12572947619047614
2026-05-18 17:25:00,0.14938047619047626
2026-05-18 17:26:40,0.14941428571428575
2026-05-18 17:28:20,0.1742280952380953
2026-05-18 17:30:00,0.1447090476190476
2026-05-18 17:31:40,0.14441380952380956
2026-05-18 17:33:20,0.1578023809523808
2026-05-18 17:35:00,0.13581733333333335
2026-05-18 17:36:40,0.15561619047619046
2026-05-18 17:38:20,0.21660285714285704
2026-05-18 17:40:00,0.17828571428571433
2026-05-18 17:45:00,0.2364576190476192
2026-05-18 17:46:40,0.2143433333333334
2026-05-18 17:48:20,0.2078428571428572
2026-05-18 17:50:00,0.16003999999999988
2026-05-18 17:51:40,0.1566419047619046
2026-05-18 17:53:20,0.26388857142857114
2026-05-18 17:55:00,0.1670242857142858
2026-05-18 17:56:40,0.17357047619047627
2026-05-18 17:58:20,0.19687952380952387
2026-05-18 18:00:00,0.14885380952380955
2026-05-18 18:01:40,0.1596576190476191
2026-05-18 18:03:20,0.14663571428571437
2026-05-18 18:05:00,0.14712476190476179
2026-05-18 18:06:40,0.1396095238095239
2026-05-18 18:08:20,0.26073999999999964
2026-05-18 18:10:00,0.18830476190476186
2026-05-18 18:11:40,0.2234304761904763
2026-05-18 18:13:20,0.1920033333333333
2026-05-18 18:15:00,0.14128619047619048
2026-05-18 18:16:40,0.18653999999999982
2026-05-18 18:18:20,0.20283952380952375
2026-05-18 18:20:00,0.17939428571428567
2026-05-18 18:21:40,0.1959947619047618
2026-05-18 18:23:20,0.16133666666666668
2026-05-18 18:25:00,0.15581428571428563
2026-05-18 18:26:40,0.16191095238095224
2026-05-18 18:28:20,0.21294714285714308
2026-05-18 18:30:00,0.18284904761904752
2026-05-18 18:31:40,0.15626761904761904
2026-05-18 18:33:20,0.11818476190476196
2026-05-18 18:35:00,0.1461033333333332
2026-05-18 18:36:40,0.15683285714285713
2026-05-18 18:38:20,0.1625138095238093
2026-05-18 18:40:00,0.17579714285714257
2026-05-18 18:43:20,0.2987957142857143
2026-05-18 18:45:00,0.23716952380952339
2026-05-18 18:46:40,0.17621476190476185
2026-05-18 18:48:20,0.14301666666666668
2026-05-18 18:50:00,0.1662880952380953
2026-05-18 18:51:40,0.15989809523809534
2026-05-18 18:53:20,0.17144428571428572
2026-05-18 18:55:00,0.16641380952380963
2026-05-18 18:56:40,0.16034380952380972
2026-05-18 18:58:20,0.17815952380952366
2026-05-18 19:00:00,0.17813476190476205
2026-05-18 19:01:40,0.18407952380952375
2026-05-18 19:03:20,0.20393761904761926
2026-05-18 19:05:00,0.1912414285714287
2026-05-18 19:06:40,0.18880571428571408
2026-05-18 19:08:20,0.17137714285714284
2026-05-18 19:10:00,0.18928857142857153
2026-05-18 19:11:40,0.20209619047619043
2026-05-18 19:13:20,0.24260571428571462
2026-05-18 19:15:00,0.2485052380952381
2026-05-18 19:16:40,0.2523066666666667
2026-05-18 19:18:20,0.234225238095238
2026-05-18 19:20:00,0.23711380952380962
2026-05-18 19:21:40,0.23666904761904764
2026-05-18 19:23:20,0.22476761904761905
2026-05-18 19:25:00,0.21386857142857163
2026-05-18 19:26:40,0.22556095238095236
2026-05-18 19:28:20,0.25851476190476197
2026-05-18 19:30:00,0.22737000000000016
2026-05-18 19:31:40,0.19962809523809516
2026-05-18 19:33:20,0.20458095238095253
2026-05-18 19:35:00,0.20878809523809516
2026-05-18 19:36:40,0.20968476190476187
2026-05-18 19:38:20,0.25661047619047617
2026-05-18 19:40:00,0.25592666666666675
2026-05-18 19:43:20,0.3142647619047616
2026-05-18 19:45:00,0.29242047619047645
2026-05-18 19:46:40,0.2629742857142855
2026-05-18 19:48:20,0.26543571428571433
2026-05-18 19:50:00,0.23893619047619052
2026-05-18 19:51:40,0.23418619047619058
2026-05-18 19:53:20,0.22890380952380968
2026-05-18 19:55:00,0.20564333333333323
2026-05-18 19:56:40,0.1855252380952382
2026-05-18 19:58:20,0.18310761904761902
2026-05-18 20:00:00,0.17039380952380945
2026-05-18 20:01:40,0.15686619047619055
2026-05-18 20:03:20,0.15413333333333334
2026-05-18 20:05:00,0.13898380952380934
2026-05-18 20:06:40,0.13571380952380968
2026-05-18 20:08:20,0.1250738095238095
2026-05-18 20:10:00,0.11443285714285731
2026-05-18 20:11:40,0.112517619047619
2026-05-18 20:13:20,0.10248333333333315
2026-05-18 20:15:00,0.0918090476190476
2026-05-18 20:16:40,0.07971047619047605
2026-05-18 20:18:20,0.06289238095238096
2026-05-18 20:20:00,0.05391571428571412
2026-05-18 20:21:40,0.04827142857142863
2026-05-18 20:23:20,0.04828166666666647
2026-05-18 20:25:00,0.03279619047619049
2026-05-18 20:26:40,0.03016352380952378
2026-05-18 20:28:20,0.01847766666666667
2026-05-18 20:30:00,0.022448238095238188
2026-05-18 20:31:40,0.019281666666666544
2026-05-18 20:33:20,0.01615233333333327
2026-05-18 20:35:00,0.015697000000000023
2026-05-18 20:36:40,0.013210142857142788
2026-05-18 20:38:20,0.0040050476190476095
2026-05-18 20:40:00,0.006537285714285648
2026-05-18 20:45:00,-0.0025044761904761403
2026-05-18 20:46:40,-0.010880904761904772
2026-05-18 20:48:20,-0.01754085714285726
2026-05-18 20:50:00,-0.02290119047619045
2026-05-18 20:51:40,-0.03087276190476196
2026-05-18 20:53:20,-0.03543904761904774
2026-05-18 20:55:00,-0.04210999999999998
2026-05-18 20:56:40,-0.04593495238095233
2026-05-18 20:58:20,-0.05207652380952374
2026-05-18 21:00:00,-0.06137033333333329
2026-05-18 21:01:40,-0.06497828571428563
2026-05-18 21:03:20,-0.07159000000000006
2026-05-18 21:05:00,-0.07010428571428565
2026-05-18 21:06:40,-0.07696185714285717
2026-05-18 21:08:20,-0.08317504761904768
2026-05-18 21:10:00,-0.0786211904761905
2026-05-18 21:11:40,-0.08305842857142864
2026-05-18 21:13:20,-0.086856
2026-05-18 21:15:00,-0.09744714285714272
2026-05-18 21:16:40,-0.09387242857142854
2026-05-18 21:18:20,-0.09168490476190481
2026-05-18 21:20:00,-0.09775557142857136
2026-05-18 21:21:40,-0.09989342857142858
2026-05-18 21:23:20,-0.10513952380952378
2026-05-18 21:25:00,-0.11338476190476185
2026-05-18 21:26:40,-0.1347242857142858
2026-05-18 21:28:20,-0.1769542857142858
2026-05-18 21:30:00,-0.1943914285714285
2026-05-18 21:31:40,-0.20724333333333336
2026-05-18 21:33:20,-0.27133190476190494
2026-05-18 21:35:00,-0.28599571428571424
2026-05-18 21:36:40,-0.31266904761904774
2026-05-18 21:38:20,-0.5575276190476183
2026-05-18 21:40:00,-0.5665309523809521
2026-05-18 21:43:20,-0.4457704761904763
2026-05-18 21:45:00,-0.47792190476190455
2026-05-18 21:46:40,-0.4220909523809522
2026-05-18 21:48:20,-0.3988104761904763
2026-05-18 21:50:00,-0.38986809523809535
2026-05-18 21:51:40,-0.3718571428571428
2026-05-18 21:53:20,-0.33969476190476156
2026-05-18 21:55:00,-0.2865857142857142
2026-05-18 21:56:40,-0.2879790476190476
2026-05-18 21:58:20,-0.30172047619047626
2026-05-18 22:00:00,-0.302095714285714
2026-05-18 22:01:40,-0.28225142857142826
2026-05-18 22:03:20,-0.30304380952380944
2026-05-18 22:05:00,-0.3496447619047622
2026-05-18 22:06:40,-0.3517228571428572
2026-05-18 22:08:20,-0.40276952380952397
2026-05-18 22:10:00,-0.7030000000000001
2026-05-18 22:11:40,-0.6334261904761908
2026-05-18 22:13:20,-0.9722861904761904
2026-05-18 22:15:00,-0.9953695238095236
2026-05-18 22:16:40,-0.9845566666666664
2026-05-18 22:18:20,-0.9416142857142857
2026-05-18 22:20:00,-0.9165976190476187
2026-05-18 22:21:40,-0.9005723809523807
2026-05-18 22:23:20,-0.9297804761904763
2026-05-18 22:25:00,-0.9901500000000005
2026-05-18 22:26:40,-1.014514285714286
2026-05-18 22:28:20,-0.9563585714285703
2026-05-18 22:30:00,-0.813720000000001
2026-05-18 22:31:40,-0.806818571428572
2026-05-18 22:33:20,-0.7424361904761907
2026-05-18 22:35:00,-0.6177223809523811
2026-05-18 22:36:40,-0.661307619047619
2026-05-18 22:38:20,-0.6303904761904764
2026-05-18 22:40:00,-0.537446666666667
2026-05-18 22:43:20,-0.469800476190476
2026-05-18 22:45:00,-0.46621523809523835
2026-05-18 22:46:40,-0.46749428571428586
2026-05-18 22:48:20,-0.455821428571429
2026-05-18 22:50:00,-0.4484057142857143
2026-05-18 22:51:40,-0.4517319047619048
2026-05-18 22:53:20,-0.5023909523809524
2026-05-18 22:55:00,-0.5926280952380953
2026-05-18 22:56:40,-0.6191219047619051
2026-05-18 22:58:20,-0.6081019047619045
2026-05-18 23:00:00,-0.7119757142857134
2026-05-18 23:01:40,-0.6807642857142849
2026-05-18 23:03:20,-0.5819480952380957
2026-05-18 23:05:00,-0.4818114285714288
2026-05-18 23:06:40,-0.457797142857143
2026-05-18 23:08:20,-0.42679952380952385
2026-05-18 23:10:00,-0.398021904761905
2026-05-18 23:11:40,-0.38025619047618975
2026-05-18 23:13:20,-0.3586490476190473
2026-05-18 23:15:00,-0.41849476190476204
2026-05-18 23:16:40,-0.35231571428571395
2026-05-18 23:18:20,-0.38360428571428506
2026-05-18 23:20:00,-0.4276790476190474
2026-05-18 23:21:40,-0.3345542857142858
2026-05-18 23:23:20,-0.2461019047619045
2026-05-18 23:25:00,-0.20147476190476193
2026-05-18 23:26:40,-0.18209047619047616
2026-05-18 23:28:20,-0.15521761904761938
2026-05-18 23:30:00,-0.13713952380952377
2026-05-18 23:31:40,-0.12684904761904753
2026-05-18 23:33:20,-0.11240571428571414
2026-05-18 23:35:00,-0.1032252380952379
2026-05-18 23:36:40,-0.09850761904761932
2026-05-18 23:38:20,-0.09355428571428565
2026-05-18 23:40:00,-0.10017857142857145
2026-05-18 23:45:00,-0.09416047619047609
2026-05-18 23:46:40,-0.09207238095238102
2026-05-18 23:48:20,-0.08961476190476189
2026-05-18 23:50:00,-0.08616428571428547
2026-05-18 23:51:40,-0.0872028571428567
2026-05-18 23:53:20,-0.08264619047619018
2026-05-18 23:55:00,-0.08359619047619019
2026-05-18 23:56:40,-0.08321476190476165
2026-05-18 23:58:20,-0.08533761904761891
2026-05-19 00:00:00,-0.08682952380952369
2026-05-19 00:01:40,-0.08884619047619063
2026-05-19 00:03:20,-0.1003080952380951
2026-05-19 00:05:00,-0.09746809523809506
2026-05-19 00:06:40,-0.10148666666666677
2026-05-19 00:08:20,-0.10473285714285717
2026-05-19 00:10:00,-0.10366809523809542
2026-05-19 00:11:40,-0.10798809523809494
2026-05-19 00:13:20,-0.11220952380952362
2026-05-19 00:15:00,-0.11937857142857136
2026-05-19 00:16:40,-0.11801285714285678
2026-05-19 00:18:20,-0.11657380952380979
2026-05-19 00:20:00,-0.11951380952380952
2026-05-19 00:21:40,-0.11889904761904768
2026-05-19 00:23:20,-0.12115380952380936
2026-05-19 00:25:00,-0.12369238095238118
2026-05-19 00:26:40,-0.13136333333333297
2026-05-19 00:28:20,-0.1328028571428572
2026-05-19 00:30:00,-0.13417761904761952
2026-05-19 00:31:40,-0.13547333333333314
2026-05-19 00:33:20,-0.14261142857142856
2026-05-19 00:35:00,-0.14532999999999976
2026-05-19 00:36:40,-0.14649952380952433
2026-05-19 00:38:20,-0.14739666666666676
2026-05-19 00:40:00,-0.1637209523809522
2026-05-19 00:43:20,-0.16244190476190473
2026-05-19 00:45:00,-0.1637557142857137
2026-05-19 00:46:40,-0.15400619047619016
2026-05-19 00:48:20,-0.14451380952380968
2026-05-19 00:50:00,-0.14794952380952367
2026-05-19 00:51:40,-0.14629619047618989
2026-05-19 00:53:20,-0.1444942857142856
2026-05-19 00:55:00,-0.14258857142857118
2026-05-19 00:56:40,-0.14412285714285683
2026-05-19 00:58:20,-0.13861095238095217
2026-05-19 01:00:00,-0.1383061904761907
2026-05-19 01:01:40,-0.13229000000000007
2026-05-19 01:03:20,-0.13450761904761946
2026-05-19 01:05:00,-0.14437333333333335
2026-05-19 01:06:40,-0.14311142857142864
2026-05-19 01:08:20,-0.14635285714285706
2026-05-19 01:10:00,-0.1410590476190475
2026-05-19 01:11:40,-0.14374047619047658
2026-05-19 01:13:20,-0.14171428571428552
2026-05-19 01:15:00,-0.14441238095238118
2026-05-19 01:16:40,-0.15365809523809548
2026-05-19 01:18:20,-0.16607428571428556
2026-05-19 01:20:00,-0.14241523809523793
2026-05-19 01:21:40,-0.13755666666666594
2026-05-19 01:23:20,-0.1539504761904762
2026-05-19 01:25:00,-0.15115476190476212
2026-05-19 01:26:40,-0.1642904761904763
2026-05-19 01:28:20,-0.11740285714285748
2026-05-19 01:30:00,-0.09127571428571427
2026-05-19 01:31:40,-0.08699857142857144
2026-05-19 01:33:20,-0.08178619047619047
2026-05-19 01:35:00,-0.07754190476190485
2026-05-19 01:36:40,-0.08211142857142878
2026-05-19 01:38:20,-0.1427419047619043
2026-05-19 01:40:00,-0.12985952380952376
2026-05-19 01:43:20,-0.09249285714285735
2026-05-19 01:45:00,-0.08557571428571428
2026-05-19 01:46:40,-0.08472714285714272
2026-05-19 01:48:20,-0.0987833333333333
2026-05-19 01:50:00,-0.10514476190476171
2026-05-19 01:51:40,-0.10536523809523818
2026-05-19 01:53:20,-0.11143761904761923
2026-05-19 01:55:00,-0.1140204761904762
2026-05-19 01:56:40,-0.11612714285714294
2026-05-19 01:58:20,-0.11532142857142824
2026-05-19 02:00:00,-0.11989952380952372
2026-05-19 02:01:40,-0.11444761904761902
2026-05-19 02:03:20,-0.11581000000000012
2026-05-19 02:05:00,-0.11924380952380935
2026-05-19 02:06:40,-0.12682428571428558
2026-05-19 02:08:20,-0.13399571428571405
2026-05-19 02:10:00,-0.12295476190476202
2026-05-19 02:11:40,-0.14263952380952383
2026-05-19 02:13:20,-0.5923471428571431
2026-05-19 02:15:00,-0.6340061904761909
2026-05-19 02:16:40,-0.6160390476190475
2026-05-19 02:18:20,-0.4296747619047621
2026-05-19 02:20:00,-0.31523380952380975
2026-05-19 02:21:40,-0.2818714285714282
2026-05-19 02:23:20,-0.2966099999999999
2026-05-19 02:25:00,-0.2737433333333332
2026-05-19 02:26:40,-0.28615666666666706
2026-05-19 02:28:20,-0.2699595238095235
2026-05-19 02:30:00,-0.26416238095238065
2026-05-19 02:31:40,-0.27526904761904775
2026-05-19 02:33:20,-0.28998952380952375
2026-05-19 02:35:00,-0.2730809523809526
2026-05-19 02:36:40,-0.2699233333333332
2026-05-19 02:38:20,-0.2723590476190476
2026-05-19 02:40:00,-0.26911142857142867
2026-05-19 02:45:00,-0.2510095238095237
2026-05-19 02:46:40,-0.255107142857143
2026-05-19 02:48:20,-0.2484842857142859
2026-05-19 02:50:00,-0.23753047619047635
2026-05-19 02:51:40,-0.253345238095238
2026-05-19 02:53:20,-0.2550309523809523
2026-05-19 02:55:00,-0.27958761904761886
2026-05-19 02:56:40,-0.26860095238095233
2026-05-19 02:58:20,-0.2673438095238094
2026-05-19 03:00:00,-0.26913142857142885
2026-05-19 03:01:40,-0.2626795238095234
2026-05-19 03:03:20,-0.2434600000000001
2026-05-19 03:05:00,-0.23566047619047592
2026-05-19 03:06:40,-0.23803380952380931
2026-05-19 03:08:20,-0.22555476190476162
2026-05-19 03:10:00,-0.22112666666666658
2026-05-19 03:11:40,-0.21909666666666666
2026-05-19 03:13:20,-0.1938090476190475
2026-05-19 03:15:00,-0.18520095238095224
2026-05-19 03:16:40,-0.18211285714285697
2026-05-19 03:18:20,-0.17583952380952367
2026-05-19 03:20:00,-0.16828190476190485
2026-05-19 03:21:40,-0.1620161904761906
2026-05-19 03:23:20,-0.16402285714285708
2026-05-19 03:25:00,-0.1540700000000002
2026-05-19 03:26:40,-0.14958714285714272
2026-05-19 03:28:20,-0.14765142857142832
2026-05-19 03:30:00,-0.1451095238095238
2026-05-19 03:31:40,-0.1456319047619047
2026-05-19 03:33:20,-0.14444714285714289
2026-05-19 03:35:00,-0.1317309523809524
2026-05-19 03:36:40,-0.126772857142857
2026-05-19 03:38:20,-0.11928428571428565
2026-05-19 03:40:00,-0.11879761904761908
2026-05-19 03:43:20,-0.13249761904761903
2026-05-19 03:45:00,-0.1403204761904764
2026-05-19 03:46:40,-0.13493999999999987
2026-05-19 03:48:20,-0.1472161904761903
2026-05-19 03:50:00,-0.1545428571428571
2026-05-19 03:51:40,-0.15658095238095232
2026-05-19 03:53:20,-0.15661142857142862
2026-05-19 03:55:00,-0.1619561904761902
2026-05-19 03:56:40,-0.15965571428571412
2026-05-19 03:58:20,-0.1680871428571428
2026-05-19 04:00:00,-0.18234380952380969
2026-05-19 04:01:40,-0.18168619047619045
2026-05-19 04:03:20,-0.17599095238095233
2026-05-19 04:05:00,-0.1619433333333332
2026-05-19 04:06:40,-0.15904476190476197
2026-05-19 04:08:20,-0.16697714285714285
2026-05-19 04:10:00,-0.1730638095238093
2026-05-19 04:11:40,-0.18327952380952403
2026-05-19 04:13:20,-0.19659523809523824
2026-05-19 04:15:00,-0.19012619047619078
2026-05-19 04:16:40,-0.19374333333333346
2026-05-19 04:18:20,-0.20132857142857138
2026-05-19 04:20:00,-0.2198199999999997
2026-05-19 04:21:40,-0.22184714285714316
2026-05-19 04:23:20,-0.23319761904761888
2026-05-19 04:25:00,-0.2463938095238093
2026-05-19 04:26:40,-0.25365095238095287
2026-05-19 04:28:20,-0.252544285714286
2026-05-19 04:30:00,-0.2609495238095238
2026-05-19 04:31:40,-0.2573061904761906
2026-05-19 04:33:20,-0.2514128571428574
2026-05-19 04:35:00,-0.25002809523809516
2026-05-19 04:36:40,-0.25781809523809524
2026-05-19 04:38:20,-0.2732214285714286
2026-05-19 04:40:00,-0.287482857142857
2026-05-19 04:41:40,-0.27671857142857165
2026-05-19 04:43:20,-0.25645142857142866
2026-05-19 04:45:00,-0.22204761904761888
2026-05-19 04:46:40,-0.20043095238095246
2026-05-19 04:48:20,-0.21830809523809527
2026-05-19 04:50:00,-0.23218380952380946
2026-05-19 04:51:40,-0.22595142857142883
2026-05-19 04:53:20,-0.22654857142857124
2026-05-19 04:55:00,-0.2274795238095235
2026-05-19 04:56:40,-0.23398476190476242
2026-05-19 04:58:20,-0.22831428571428553
2026-05-19 05:00:00,-0.22901571428571457
2026-05-19 05:01:40,-0.22603333333333275
2026-05-19 05:03:20,-0.21348619047619025
2026-05-19 05:05:00,-0.20246238095238095
2026-05-19 05:06:40,-0.19968142857142884
2026-05-19 05:08:20,-0.17319571428571445
2026-05-19 05:10:00,-0.1973061904761899
2026-05-19 05:11:40,-0.2031809523809522
2026-05-19 05:13:20,-0.18907809523809513
2026-05-19 05:15:00,-0.15960238095238083
2026-05-19 05:16:40,-0.15515000000000012
2026-05-19 05:18:20,-0.12504190476190452
2026-05-19 05:20:00,-0.10043809523809559
2026-05-19 05:21:40,-0.10161333333333322
2026-05-19 05:23:20,-0.08368857142857143
2026-05-19 05:25:00,-0.06304809523809549
2026-05-19 05:26:40,-0.05476809523809534
2026-05-19 05:28:20,-0.0421361904761903
2026-05-19 05:30:00,-0.03420619047619007
2026-05-19 05:31:40,-0.03058476190476169
2026-05-19 05:33:20,-0.02211380952380941
2026-05-19 05:35:00,-0.01884952380952437
2026-05-19 05:36:40,-0.01647095238095265
2026-05-19 05:38:20,-0.011962857142856952
2026-05-19 05:40:00,-0.005746190476190183
2026-05-19 05:41:40,-0.005105714285714429
2026-05-19 05:45:00,-0.004873333333333455
2026-05-19 05:46:40,-0.005817142857142733
2026-05-19 05:48:20,-0.006526190476190387
2026-05-19 05:50:00,-0.0067009523809524844
2026-05-19 05:51:40,-0.006297619047619239
2026-05-19 05:53:20,-0.010218095238095186
2026-05-19 05:55:00,-0.013652380952381193
2026-05-19 05:56:40,-0.01942285714285704
2026-05-19 05:58:20,-0.026073333333333552
2026-05-19 06:00:00,-0.035770476190476394
2026-05-19 06:01:40,-0.039734761904761835
2026-05-19 06:03:20,-0.0594980952380944
2026-05-19 06:05:00,-0.07099999999999985
2026-05-19 06:06:40,-0.07560714285714276
2026-05-19 06:08:20,-0.08247619047619031
2026-05-19 06:10:00,-0.0959452380952384
2026-05-19 06:11:40,-0.09838142857142826
2026-05-19 06:13:20,-0.11279666666666617
2026-05-19 06:15:00,-0.1280480952380953
2026-05-19 06:16:40,-0.1314976190476187
2026-05-19 06:18:20,-0.14446904761904727
2026-05-19 06:20:00,-0.15770380952380875
2026-05-19 06:21:40,-0.1642895238095246
2026-05-19 06:23:20,-0.16543095238095223
2026-05-19 06:25:00,-0.18448571428571434
2026-05-19 06:26:40,-0.19045000000000023
2026-05-19 06:28:20,-0.19466571428571378
2026-05-19 06:30:00,-0.20525047619047643
2026-05-19 06:31:40,-0.2181347619047619
2026-05-19 06:33:20,-0.21224047619047576
2026-05-19 06:35:00,-0.20890571428571444
2026-05-19 06:36:40,-0.194599523809524
2026-05-19 06:38:20,-0.19998047619047618
2026-05-19 06:40:00,-0.202249523809524
2026-05-19 06:41:40,-0.1971295238095233
2026-05-19 06:43:20,-0.17130666666666652
2026-05-19 06:45:00,-0.15997142857142727
2026-05-19 06:46:40,-0.1466780952380955
2026-05-19 06:48:20,-0.15100476190476186
2026-05-19 06:50:00,-0.13597285714285634
2026-05-19 06:51:40,-0.132139047619048
2026-05-19 06:53:20,-0.11585285714285738
2026-05-19 06:55:00,-0.13010000000000027
2026-05-19 06:56:40,-0.12469000000000066
2026-05-19 06:58:20,-0.11742809523809489
2026-05-19 07:00:00,-0.11179000000000032
2026-05-19 07:01:40,-0.10917238095238055
2026-05-19 07:03:20,-0.10413285714285649
2026-05-19 07:05:00,-0.09192523809523803
2026-05-19 07:06:40,-0.08487666666666724
2026-05-19 07:08:20,-0.06659809523809583
2026-05-19 07:10:00,-0.049850952380951885
2026-05-19 07:11:40,-0.03816047619047748
2026-05-19 07:13:20,-0.019359047619047193
2026-05-19 07:15:00,0.0013900000000007517
2026-05-19 07:16:40,0.01110571428571383
2026-05-19 07:18:20,0.03020142857142817
2026-05-19 07:20:00,0.04728523809523778
2026-05-19 07:21:40,0.05439571428571416
2026-05-19 07:23:20,0.07077095238095257
2026-05-19 07:25:00,0.08302428571428654
2026-05-19 07:26:40,0.09242142857142954
2026-05-19 07:28:20,0.10729190476190491
2026-05-19 07:30:00,0.11370238095238101
2026-05-19 07:31:40,0.12094238095238086
2026-05-19 07:33:20,0.12657333333333326
2026-05-19 07:35:00,0.14055190476190443
2026-05-19 07:36:40,0.14992809523809475
2026-05-19 07:38:20,0.15320285714285695
2026-05-19 07:40:00,0.16156428571428597
2026-05-19 07:41:40,0.16355285714285822
2026-05-19 07:43:20,0.18401428571428513
2026-05-19 07:45:00,0.1666366666666667
2026-05-19 07:46:40,0.1685976190476192
2026-05-19 07:48:20,0.16877380952381044
2026-05-19 07:50:00,0.1625580952380949
2026-05-19 07:51:40,0.16102857142857085
2026-05-19 07:53:20,0.14695761904761961
2026-05-19 07:55:00,0.13948904761904823
2026-05-19 07:56:40,0.14244761904761916
2026-05-19 07:58:20,0.12753952380952366
2026-05-19 08:00:00,0.12031523809523806
2026-05-19 08:01:40,0.11294714285714127
2026-05-19 08:03:20,0.1019314285714292
2026-05-19 08:05:00,0.08839142857142748
2026-05-19 08:06:40,0.08277619047619109
2026-05-19 08:08:20,0.07180952380952274
2026-05-19 08:10:00,0.05820000000000046
2026-05-19 08:11:40,0.04765238095238172
2026-05-19 08:13:20,0.023952380952381547
2026-05-19 08:15:00,0.002485714285714667
2026-05-19 08:16:40,-0.00834761904761778
2026-05-19 08:18:20,-0.0322142857142844
2026-05-19 08:20:00,-0.05663333333333406
2026-05-19 08:21:40,-0.06855714285714185
2026-05-19 08:23:20,-0.09229999999999923
2026-05-19 08:25:00,-0.11076190476190606
2026-05-19 08:26:40,-0.12034761904762059
2026-05-19 08:28:20,-0.13773809523809438
2026-05-19 08:30:00,-0.14877142857142805
2026-05-19 08:31:40,-0.1490428571428577
2026-05-19 08:33:20,-0.15331904761904683
2026-05-19 08:35:00,-0.16038095238095257
2026-05-19 08:36:40,-0.1344904761904758
2026-05-19 08:38:20,-0.16316190476190498
2026-05-19 08:40:00,-0.16926666666666695
2026-05-19 08:41:40,-0.1709380952380951
2026-05-19 08:45:00,-0.14956190476190606
2026-05-19 08:46:40,-0.1539857142857134
2026-05-19 08:48:20,-0.14194285714285632
2026-05-19 08:50:00,-0.12145238095238228
2026-05-19 08:51:40,-0.10873809523809413
2026-05-19 08:53:20,-0.08372857142857296
2026-05-19 08:55:00,-0.05374761904762041
2026-05-19 08:56:40,-0.043976190476191265
2026-05-19 08:58:20,-0.01745714285714404
2026-05-19 09:00:00,0.010848095238095316
2026-05-19 09:01:40,0.021451428571428857
2026-05-19 09:03:20,0.047640476190474616
2026-05-19 09:05:00,0.0800152380952381
2026-05-19 09:06:40,0.09482190476190547
2026-05-19 09:08:20,0.11657190476190595
2026-05-19 09:10:00,0.13867571428571432
2026-05-19 09:11:40,0.13288619047619069
2026-05-19 09:13:20,0.17450761904761963
2026-05-19 09:15:00,0.1858376190476181
2026-05-19 09:16:40,0.19369714285714365
2026-05-19 09:18:20,0.23952714285714288
2026-05-19 09:20:00,0.2493085714285701
2026-05-19 09:21:40,0.27125666666666587
2026-05-19 09:23:20,0.3044142857142854
2026-05-19 09:25:00,0.2999190476190474
2026-05-19 09:26:40,0.30307809523809554
2026-05-19 09:28:20,0.31590238095238155
2026-05-19 09:30:00,0.35570714285714433
2026-05-19 09:31:40,0.350423333333334
2026-05-19 09:33:20,0.3557785714285703
2026-05-19 09:35:00,0.3596823809523824
2026-05-19 09:36:40,0.3617009523809519
2026-05-19 09:38:20,0.3277061904761902
2026-05-19 09:40:00,0.34629285714285823
2026-05-19 09:41:40,0.33972952380952437
2026-05-19 09:43:20,0.34442380952380924
2026-05-19 09:45:00,0.36974904761904903
2026-05-19 09:46:40,0.38005809523809625
2026-05-19 09:48:20,0.4256190476190468
2026-05-19 09:50:00,0.42928095238095426
2026-05-19 09:51:40,0.37021428571428594
2026-05-19 09:53:20,0.36971999999999905
2026-05-19 09:55:00,0.34988000000000036
2026-05-19 09:56:40,0.3454976190476191
2026-05-19 09:58:20,0.30864476190476253
2026-05-19 10:00:00,0.29315285714285677
2026-05-19 10:01:40,0.254714285714286
2026-05-19 10:03:20,0.2446738095238096
2026-05-19 10:05:00,0.2074628571428561
2026-05-19 10:06:40,0.19067095238095272
2026-05-19 10:08:20,0.16589428571428746
2026-05-19 10:10:00,0.1559795238095227
2026-05-19 10:11:40,0.13146999999999978
2026-05-19 10:13:20,0.10502476190476229
2026-05-19 10:15:00,0.08532952380952344
2026-05-19 10:16:40,0.07355476190476153
2026-05-19 10:18:20,0.05264952380952463
2026-05-19 10:20:00,0.03162428571428644
2026-05-19 10:21:40,0.02275285714285706
2026-05-19 10:23:20,0.0033747619047621857
2026-05-19 10:25:00,-0.012254285714285329
2026-05-19 10:26:40,-0.01933857142857104
2026-05-19 10:28:20,-0.0372204761904768
2026-05-19 10:30:00,-0.048696190476190004
2026-05-19 10:31:40,-0.05377523809523768
2026-05-19 10:33:20,-0.06257809523809502
2026-05-19 10:35:00,-0.06683476190476192
2026-05-19 10:36:40,-0.06869238095238045
2026-05-19 10:38:20,-0.07318428571428612
2026-05-19 10:40:00,-0.0758042857142864
2026-05-19 10:41:40,-0.07371761904761878
2026-05-19 10:43:20,-0.0729561904761902
2026-05-19 10:45:00,-0.07515000000000066
2026-05-19 10:46:40,-0.06337380952380943
2026-05-19 10:48:20,-0.0464942857142852
2026-05-19 10:50:00,-0.03834619047619059
2026-05-19 10:51:40,-0.036427142857142936
2026-05-19 10:53:20,-0.02308809523809527
2026-05-19 10:55:00,-0.02282809523809492
2026-05-19 10:56:40,-0.02050380952380953
2026-05-19 10:58:20,-0.015937142857143188
2026-05-19 11:00:00,-0.01753857142857138
2026-05-19 11:01:40,-0.021099999999999737
2026-05-19 11:03:20,-0.016540476190476265
2026-05-19 11:05:00,-0.011926190476190413
2026-05-19 11:06:40,-0.01077285714285717
2026-05-19 11:08:20,-0.01369238095238081
2026-05-19 11:10:00,-0.009426190476190267
2026-05-19 11:11:40,-0.00812428571428571
2026-05-19 11:13:20,-0.0065390476190475815
2026-05-19 11:15:00,-0.005814285714285697
2026-05-19 11:16:40,-0.004546666666666593
2026-05-19 11:18:20,-0.003204238095238245
2026-05-19 11:20:00,-0.0021543809523808786
2026-05-19 11:21:40,-0.0024283333333333973
2026-05-19 11:23:20,-0.0016432857142856727
2026-05-19 11:25:00,-0.0017974761904760413
2026-05-19 11:26:40,-0.0009513809523810039
2026-05-19 11:28:20,4.490476190482104e-05
2026-05-19 11:30:00,9.019047619055831e-05
2026-05-19 11:31:40,-0.00018476190476182566
2026-05-19 11:33:20,0.0004769523809524138
2026-05-19 11:35:00,0.0010912857142858449
2026-05-19 11:36:40,0.0007553333333333613
2026-05-19 11:38:20,0.0007785238095237117
2026-05-19 11:40:00,0.0019260476190476718
2026-05-19 11:41:40,0.0016923809523809261
2026-05-19 11:45:00,0.003345238095237943
2026-05-19 11:46:40,0.002168428571428552
2026-05-19 11:48:20,0.0019235238095238905
2026-05-19 11:50:00,0.0025128095238094892
2026-05-19 11:51:40,0.0031406190476189434
2026-05-19 11:53:20,0.0026187619047617506
2026-05-19 11:55:00,0.002628952380952388
2026-05-19 11:56:40,0.0059780952380951834
2026-05-19 11:58:20,0.006129666666666652
2026-05-19 12:00:00,0.0057310476190476885
2026-05-19 12:01:40,0.006397571428571336
2026-05-19 12:03:20,0.006861333333333338
2026-05-19 12:05:00,0.008054333333333347
2026-05-19 12:06:40,0.006498666666666684
2026-05-19 12:08:20,0.0076067619047618384
2026-05-19 12:10:00,0.008590476190476185
2026-05-19 12:11:40,0.011543095238095243
2026-05-19 12:13:20,0.011133714285714295
2026-05-19 12:15:00,0.011446000000000015
2026-05-19 12:16:40,0.011593095238095279
2026-05-19 12:18:20,0.010828952380952373
2026-05-19 12:20:00,0.011670666666666612
2026-05-19 12:21:40,0.013742000000000032
2026-05-19 12:23:20,0.011203714285714279
2026-05-19 12:25:00,0.012878190476190442
2026-05-19 12:26:40,0.013362619047619066
2026-05-19 12:28:20,0.013838619047619061
2026-05-19 12:30:00,0.014153285714285705
2026-05-19 12:31:40,0.016435428571428573
2026-05-19 12:33:20,0.01783061904761897
2026-05-19 12:35:00,0.01959204761904759
2026-05-19 12:36:40,0.01659985714285709
2026-05-19 12:38:20,0.016811809523809555
2026-05-19 12:40:00,0.01747104761904767
2026-05-19 12:41:40,0.018509904761904644
2026-05-19 12:43:20,0.13109666666666628
2026-05-19 12:45:00,0.03125119047619044
2026-05-19 12:46:40,0.06964142857142856
2026-05-19 12:48:20,0.04699380952380956
2026-05-19 12:50:00,0.03460009523809517
2026-05-19 12:51:40,0.026242190476190495
2026-05-19 12:53:20,0.023511952380952352
2026-05-19 12:55:00,0.0230396190476191
2026-05-19 12:56:40,0.024422666666666558
2026-05-19 12:58:20,0.032942047619047676
2026-05-19 13:00:00,0.032905571428571395
2026-05-19 13:01:40,0.0343453809523809
2026-05-19 13:03:20,0.043007761904761875
2026-05-19 13:05:00,0.04213499999999992
2026-05-19 13:06:40,0.03775142857142849
2026-05-19 13:08:20,0.036506999999999984
2026-05-19 13:10:00,0.030702523809523815
2026-05-19 13:11:40,0.04490342857142852
2026-05-19 13:13:20,0.054189904761904786
2026-05-19 13:15:00,0.059554047619047576
2026-05-19 13:16:40,0.03050776190476186
2026-05-19 13:18:20,0.029525428571428543
2026-05-19 13:21:40,0.030345619047619014
2026-05-19 13:23:20,0.06139876190476197
2026-05-19 13:25:00,0.05214114285714281
2026-05-19 13:26:40,0.057929714285714244
2026-05-19 13:28:20,0.03825461904761907
2026-05-19 13:30:00,0.04472047619047619
2026-05-19 13:31:40,0.039143952380952356
2026-05-19 13:33:20,0.035990523809523785
2026-05-19 13:35:00,0.03123038095238093
2026-05-19 13:36:40,0.03620923809523808
2026-05-19 13:38:20,0.03162171428571428
2026-05-19 13:40:00,0.029399619047619046
2026-05-19 13:41:40,0.036064952380952336
2026-05-19 13:43:20,0.041466142857142854
2026-05-19 13:45:00,0.043587380952380995
2026-05-19 13:46:40,0.03361333333333328
2026-05-19 13:48:20,0.0329877619047619
2026-05-19 13:50:00,0.03976985714285716
2026-05-19 13:51:40,0.04332457142857146
2026-05-19 13:53:20,0.05996009523809513
2026-05-19 13:55:00,0.05430909523809521
2026-05-19 13:56:40,0.06120880952380946
2026-05-19 13:58:20,0.06876485714285707
2026-05-19 14:00:00,0.08601238095238092
2026-05-19 14:01:40,0.05252776190476201
2026-05-19 14:03:20,0.10018142857142867
2026-05-19 14:05:00,0.11174809523809529
2026-05-19 14:06:40,0.08767523809523804
2026-05-19 14:08:20,0.06676752380952372
2026-05-19 14:10:00,0.06743523809523808
2026-05-19 14:11:40,0.06384380952380962
2026-05-19 14:13:20,0.04689085714285716
2026-05-19 14:15:00,0.04604309523809527
2026-05-19 14:16:40,0.054351904761904754
2026-05-19 14:18:20,0.044430809523809435
2026-05-19 14:20:00,0.036369476190476153
2026-05-19 14:21:40,0.029109619047619016
2026-05-19 14:23:20,0.022745142857142915
2026-05-19 14:25:00,0.022280095238095182
2026-05-19 14:26:40,0.01738114285714292
2026-05-19 14:28:20,0.02123290476190476
2026-05-19 14:30:00,0.01787685714285718
2026-05-19 14:31:40,0.026612380952380894
2026-05-19 14:33:20,0.025061190476190535
2026-05-19 14:35:00,0.019994095238095165
2026-05-19 14:36:40,0.021863333333333294
2026-05-19 14:38:20,0.029865238095237882
2026-05-19 14:40:00,0.029677142857143
2026-05-19 14:41:40,0.02457371428571425
2026-05-19 14:45:00,0.03538952380952408
2026-05-19 14:46:40,0.024226571428571514
2026-05-19 14:48:20,0.022706857142857154
2026-05-19 14:50:00,0.025296857142857024
2026-05-19 14:51:40,0.02578142857142863
2026-05-19 14:53:20,0.030686190476190436
2026-05-19 14:55:00,0.028296666666666727
2026-05-19 14:56:40,0.03105423809523806
2026-05-19 14:58:20,0.03143190476190473
2026-05-19 15:00:00,0.03142399999999995
2026-05-19 15:01:40,0.03897999999999994
2026-05-19 15:03:20,0.03568499999999992
2026-05-19 15:05:00,0.03435871428571429
2026-05-19 15:06:40,0.0332692857142857
2026-05-19 15:08:20,0.04378519047619046
2026-05-19 15:10:00,0.04734833333333343
2026-05-19 15:11:40,0.04316133333333332
2026-05-19 15:13:20,0.05303828571428567
2026-05-19 15:15:00,0.05391747619047632
2026-05-19 15:16:40,0.042467952380952446
2026-05-19 15:18:20,0.05827238095238097
2026-05-19 15:20:00,0.05235847619047618
2026-05-19 15:21:40,0.05328428571428571
2026-05-19 15:23:20,0.04996504761904768
2026-05-19 15:25:00,0.05664752380952387
2026-05-19 15:26:40,0.06245209523809522
2026-05-19 15:28:20,0.0658430952380953
2026-05-19 15:30:00,0.07731809523809516
2026-05-19 15:31:40,0.05454909523809524
2026-05-19 15:33:20,0.040677523809523754
2026-05-19 15:35:00,0.04953299999999994
2026-05-19 15:36:40,0.08385809523809508
2026-05-19 15:38:20,0.10761761904761905
2026-05-19 15:40:00,0.09096904761904763
2026-05-19 15:41:40,0.07025904761904768
2026-05-19 15:43:20,0.05782052380952384
2026-05-19 15:45:00,0.059805285714285686
2026-05-19 15:46:40,0.09104333333333321
2026-05-19 15:48:20,0.07317857142857144
2026-05-19 15:50:00,0.06062728571428561
2026-05-19 15:51:40,0.4723904761904752
2026-05-19 15:53:20,0.5331104761904756
2026-05-19 15:55:00,0.20062809523809524
2026-05-19 15:56:40,0.04653480952380966
2026-05-19 15:58:20,0.047034857142857094
2026-05-19 16:00:00,0.044150809523809495
2026-05-19 16:01:40,0.0397970000000001
2026-05-19 16:03:20,0.04315428571428571
2026-05-19 16:05:00,0.04344395238095231
2026-05-19 16:06:40,0.05942714285714307
2026-05-19 16:08:20,0.043028571428571444
2026-05-19 16:10:00,0.037587714285714266
2026-05-19 16:11:40,0.035860142857142785
2026-05-19 16:13:20,0.029230047619047694
2026-05-19 16:15:00,0.027352238095238048
2026-05-19 16:16:40,0.03220633333333349
2026-05-19 16:18:20,0.02431238095238089
2026-05-19 16:20:00,0.02506428571428579
2026-05-19 16:21:40,0.02217761904761915
2026-05-19 16:23:20,0.025333333333333027
2026-05-19 16:25:00,0.01839319047619042
2026-05-19 16:26:40,0.02113000000000001
2026-05-19 16:28:20,0.01931142857142875
2026-05-19 16:30:00,0.015546380952380884
2026-05-19 16:31:40,0.011809666666666597
2026-05-19 16:33:20,0.007756285714285639
2026-05-19 16:35:00,0.006800809523809475
2026-05-19 16:36:40,0.0037214285714285947
2026-05-19 16:38:20,0.008191428571428395
2026-05-19 16:40:00,0.01017600000000002
2026-05-19 16:41:40,0.009914761904761893
2026-05-19 16:43:20,0.0033712380952380513
2026-05-19 16:45:00,0.00617190476190484
2026-05-19 16:46:40,0.007865095238095235
2026-05-19 16:48:20,0.004383428571428561
2026-05-19 16:50:00,0.003733047619047681
2026-05-19 16:51:40,0.0075107142857142595
2026-05-19 16:53:20,0.008364000000000017
2026-05-19 16:55:00,0.006301428571428505
2026-05-19 16:56:40,0.005232857142857197
2026-05-19 16:58:20,0.003168571428571302
2026-05-19 17:00:00,0.002554761904762018
2026-05-19 17:01:40,0.002340476190475862
2026-05-19 17:03:20,0.0012950000000000045
2026-05-19 17:05:00,8.971428571416876e-05
2026-05-19 17:06:40,0.0018995238095237954
2026-05-19 17:08:20,0.0036995238095238643
2026-05-19 17:10:00,0.0038471428571427574
2026-05-19 17:11:40,0.004262380952380917
2026-05-19 17:13:20,0.006668571428571468
2026-05-19 17:15:00,0.0027005238095237118
2026-05-19 17:16:40,0.006199809523809458
2026-05-19 17:18:20,0.006767190476190423
2026-05-19 17:20:00,0.006517714285714259
2026-05-19 17:21:40,0.013158095238095201
2026-05-19 17:23:20,0.01423857142857149
2026-05-19 17:25:00,0.014226666666666679
2026-05-19 17:26:40,0.017530000000000087
2026-05-19 17:28:20,0.014909047619047579
2026-05-19 17:30:00,0.01731238095238089
2026-05-19 17:31:40,0.01883714285714276
2026-05-19 17:33:20,0.0223157142857143
2026-05-19 17:35:00,0.023111428571428574
2026-05-19 17:36:40,0.01882809523809522
2026-05-19 17:38:20,0.0200842857142859
2026-05-19 17:40:00,0.023277142857142934
2026-05-19 17:41:40,0.021233809523809537
2026-05-19 17:45:00,0.017302857142856967
2026-05-19 17:46:40,0.01923619047619081
2026-05-19 17:48:20,0.01370080952380949
2026-05-19 17:50:00,0.018995714285714227
2026-05-19 17:51:40,0.014446476190476142
2026-05-19 17:53:20,0.01670999999999999
2026-05-19 17:55:00,0.01708476190476175
2026-05-19 17:56:40,0.01569666666666672
2026-05-19 17:58:20,0.015010952380952267
2026-05-19 18:00:00,0.014358333333333438
2026-05-19 18:01:40,0.018376666666666687
2026-05-19 18:03:20,0.02026285714285704
2026-05-19 18:05:00,0.01944666666666682
2026-05-19 18:06:40,0.011909999999999876
2026-05-19 18:08:20,0.013961428571428437
2026-05-19 18:10:00,0.017038095238095463
2026-05-19 18:11:40,0.016719523809523934
2026-05-19 18:13:20,0.019797142857142916
2026-05-19 18:15:00,0.020850476190476003
2026-05-19 18:16:40,0.020299523809524024
2026-05-19 18:18:20,0.018539047619047462
2026-05-19 18:20:00,0.01862952380952375
2026-05-19 18:21:40,0.023896666666666642
2026-05-19 18:23:20,0.01696999999999973
2026-05-19 18:25:00,0.01755761904761908
2026-05-19 18:26:40,0.02234523809523823
2026-05-19 18:28:20,0.017786190476190275
2026-05-19 18:30:00,0.023979999999999814
2026-05-19 18:31:40,0.02380666666666672
2026-05-19 18:33:20,0.02312476190476189
2026-05-19 18:35:00,0.020494285714285868
2026-05-19 18:36:40,0.021340952380952224
2026-05-19 18:38:20,0.03131523809523812
2026-05-19 18:40:00,0.03086238095238099
2026-05-19 18:41:40,0.033250476190476164
2026-05-19 18:43:20,0.03174380952380935
2026-05-19 18:45:00,0.026413333333333504
2026-05-19 18:46:40,0.028999999999999762
2026-05-19 18:48:20,0.030984285714285492
2026-05-19 18:50:00,0.03296190476190467
2026-05-19 18:51:40,0.05424952380952383
2026-05-19 18:53:20,0.06572714285714278
2026-05-19 18:55:00,0.1089971428571434
2026-05-19 18:56:40,0.08799952380952383
2026-05-19 18:58:20,0.06872142857142832
2026-05-19 19:00:00,0.05392761904761931
2026-05-19 19:01:40,0.05596857142857148
2026-05-19 19:03:20,0.03813476190476198
2026-05-19 19:05:00,0.04165904761904746
2026-05-19 19:06:40,0.07727619047618997
2026-05-19 19:08:20,0.04888047619047625
2026-05-19 19:10:00,0.05918428571428572
2026-05-19 19:11:40,0.08461047619047612
2026-05-19 19:13:20,0.07313142857142872
2026-05-19 19:15:00,0.07804333333333328
2026-05-19 19:16:40,0.07596428571428557
2026-05-19 19:18:20,0.08652285714285732
2026-05-19 19:20:00,0.085501904761905
2026-05-19 19:21:40,0.0773214285714288
2026-05-19 19:23:20,0.07871952380952374
2026-05-19 19:25:00,0.0955471428571428
2026-05-19 19:26:40,0.10755952380952413
2026-05-19 19:28:20,0.1349885714285713
2026-05-19 19:30:00,0.14825571428571416
2026-05-19 19:31:40,0.1391990476190474
2026-05-19 19:33:20,0.16255380952380966
2026-05-19 19:35:00,0.15619952380952373
2026-05-19 19:36:40,0.15543380952380942
2026-05-19 19:38:20,0.1523961904761901
2026-05-19 19:40:00,0.15673380952380928
2026-05-19 19:41:40,0.16596000000000027
2026-05-19 19:43:20,0.1569261904761904
2026-05-19 19:45:00,0.14930857142857176
2026-05-19 19:46:40,0.1484699999999999
2026-05-19 19:48:20,0.14265380952380938
2026-05-19 19:50:00,0.13068857142857127
2026-05-19 19:51:40,0.13111285714285686
2026-05-19 19:53:20,0.1177171428571431
2026-05-19 19:55:00,0.10159666666666681
2026-05-19 19:56:40,0.0994057142857144
2026-05-19 19:58:20,0.11434714285714292
2026-05-19 20:00:00,0.11972285714285716
2026-05-19 20:01:40,0.1142676190476191
2026-05-19 20:03:20,0.10121523809523797
2026-05-19 20:05:00,0.10167523809523815
2026-05-19 20:06:40,0.10683571428571426
2026-05-19 20:08:20,0.11003809523809513
2026-05-19 20:10:00,0.10828714285714301
2026-05-19 20:11:40,0.11294285714285686
2026-05-19 20:13:20,0.1307076190476188
2026-05-19 20:15:00,0.13357238095238083
2026-05-19 20:16:40,0.13467000000000046
2026-05-19 20:18:20,0.12717666666666674
2026-05-19 20:20:00,0.11291666666666675
2026-05-19 20:21:40,0.09176238095238108
2026-05-19 20:23:20,0.09826285714285725
2026-05-19 20:25:00,0.09893476190476173
2026-05-19 20:26:40,0.10215095238095256
2026-05-19 20:28:20,0.10266857142857143
2026-05-19 20:30:00,0.10866857142857114
2026-05-19 20:31:40,0.11479714285714303
2026-05-19 20:33:20,0.12499904761904768
2026-05-19 20:35:00,0.14512285714285741
2026-05-19 20:36:40,0.1379995238095241
2026-05-19 20:38:20,0.14159761904761928
2026-05-19 20:40:00,0.14155142857142908
2026-05-19 20:41:40,0.13960809523809486
2026-05-19 20:45:00,0.14551761904761898
2026-05-19 20:46:40,0.14460095238095252
2026-05-19 20:48:20,0.14887952380952388
2026-05-19 20:50:00,0.1583542857142856
2026-05-19 20:51:40,0.16870761904761866
2026-05-19 20:53:20,0.15516809523809516
2026-05-19 20:55:00,0.15163142857142886
2026-05-19 20:56:40,0.18658952380952407
2026-05-19 20:58:20,0.2030233333333331
2026-05-19 21:00:00,0.2190242857142862
2026-05-19 21:01:40,0.17579523809523884
2026-05-19 21:03:20,0.15225285714285677
2026-05-19 21:05:00,0.1715804761904762
2026-05-19 21:06:40,0.20462476190476184
2026-05-19 21:08:20,0.20448285714285716
2026-05-19 21:10:00,0.21780380952380926
2026-05-19 21:11:40,0.19489809523809581
2026-05-19 21:13:20,0.21635809523809518
2026-05-19 21:15:00,0.2154814285714282
2026-05-19 21:16:40,0.22302571428571424
2026-05-19 21:18:20,0.21326809523809512
2026-05-19 21:20:00,0.21793999999999908
2026-05-19 21:21:40,0.23578190476190547
2026-05-19 21:23:20,0.22346428571428603
2026-05-19 21:25:00,0.2282399999999998
2026-05-19 21:26:40,0.20735714285714302
2026-05-19 21:28:20,0.19827666666666724
2026-05-19 21:30:00,0.18677666666666665
2026-05-19 21:31:40,0.17848999999999982
2026-05-19 21:33:20,0.17987666666666716
2026-05-19 21:35:00,0.18008857142857135
2026-05-19 21:36:40,0.17337476190476134
2026-05-19 21:38:20,0.16423666666666664
2026-05-19 21:40:00,0.16225999999999935
2026-05-19 21:41:40,0.15042666666666693
2026-05-19 21:43:20,0.12963476190476209
2026-05-19 21:45:00,0.13032380952380887
2026-05-19 21:46:40,0.11194000000000064
2026-05-19 21:48:20,0.09889619047618974
2026-05-19 21:50:00,0.0895504761904758
2026-05-19 21:51:40,0.07071238095238142
2026-05-19 21:53:20,0.051320952380952314
2026-05-19 21:55:00,0.03930238095238024
2026-05-19 21:56:40,0.01698714285714352
2026-05-19 21:58:20,-0.007020000000000269
2026-05-19 22:00:00,-0.018871428571429594
2026-05-19 22:01:40,-0.04411714285714309
2026-05-19 22:03:20,-0.06893285714285786
2026-05-19 22:05:00,-0.08215238095238142
2026-05-19 22:06:40,-0.11306238095238076
2026-05-19 22:08:20,-0.14678619047618977
2026-05-19 22:10:00,-0.15896333333333357
2026-05-19 22:11:40,-0.19570476190476224
2026-05-19 22:13:20,-0.2272185714285721
2026-05-19 22:15:00,-0.23800619047619057
2026-05-19 22:16:40,-0.2652328571428578
2026-05-19 22:18:20,-0.2863333333333328
2026-05-19 22:20:00,-0.2947180952380951
2026-05-19 22:21:40,-0.31355428571428656
2026-05-19 22:23:20,-0.3311980952380946
2026-05-19 22:25:00,-0.3287814285714292
2026-05-19 22:26:40,-0.35819714285714255
2026-05-19 22:28:20,-0.3770719047619056
2026-05-19 22:30:00,-0.3894909523809522
2026-05-19 22:31:40,-0.4059752380952386
2026-05-19 22:33:20,-0.41493142857142795
2026-05-19 22:35:00,-0.40474238095238146
2026-05-19 22:36:40,-0.4290528571428579
2026-05-19 22:38:20,-0.4306928571428572
2026-05-19 22:40:00,-0.43635047619047584
2026-05-19 22:41:40,-0.44796190476190545
2026-05-19 22:43:20,-0.4463466666666668
2026-05-19 22:45:00,-0.4514819047619051
2026-05-19 22:46:40,-0.46153380952380935
2026-05-19 22:48:20,-0.4263442857142846
2026-05-19 22:50:00,-0.4279952380952373
2026-05-19 22:51:40,-0.417211428571429
2026-05-19 22:53:20,-0.40924380952380845
2026-05-19 22:55:00,-0.39820571428571383
2026-05-19 22:56:40,-0.3779476190476183
2026-05-19 22:58:20,-0.35079761904761836
2026-05-19 23:00:00,-0.33150523809523813
2026-05-19 23:01:40,-0.30053047619047873
2026-05-19 23:03:20,-0.26175523809523843
2026-05-19 23:05:00,-0.23576666666666787
2026-05-19 23:06:40,-0.19505285714285628
2026-05-19 23:08:20,-0.16125714285714296
2026-05-19 23:10:00,-0.13403761904761882
2026-05-19 23:11:40,-0.10108095238095172
2026-05-19 23:13:20,-0.05534571428571429
2026-05-19 23:15:00,-0.03620761904761831
2026-05-19 23:16:40,0.004106666666666495
2026-05-19 23:18:20,0.043524285714286265
2026-05-19 23:20:00,0.06186714285714194
2026-05-19 23:21:40,0.09429333333333315
2026-05-19 23:23:20,0.12840428571428472
2026-05-19 23:25:00,0.1477999999999992
2026-05-19 23:26:40,0.1738071428571433
2026-05-19 23:28:20,0.19972428571428547
2026-05-19 23:30:00,0.21034619047619074
2026-05-19 23:31:40,0.22371523809523902
2026-05-19 23:33:20,0.22245380952381003
2026-05-19 23:35:00,0.19446380952380918
2026-05-19 23:36:40,0.17978904761904738
2026-05-19 23:38:20,0.18060999999999955
2026-05-19 23:40:00,0.17295095238095198
2026-05-19 23:41:40,0.1672399999999997
2026-05-19 23:45:00,0.15936952380952296
2026-05-19 23:46:40,0.15492809523809484
2026-05-19 23:48:20,0.14422904761904828
2026-05-19 23:50:00,0.13655428571428616
2026-05-19 23:51:40,0.12261619047619034
2026-05-19 23:53:20,0.11446904761904772
2026-05-19 23:55:00,0.10961999999999932
2026-05-19 23:56:40,0.1011647619047609
2026-05-19 23:58:20,0.08732952380952314
2026-05-20 00:00:00,0.0792685714285711
2026-05-20 00:01:40,0.07033333333333347
2026-05-20 00:03:20,0.054186666666666175
2026-05-20 00:05:00,0.049443809523809466
2026-05-20 00:06:40,0.036195714285714456
2026-05-20 00:08:20,0.01746714285714311
2026-05-20 00:10:00,0.008815238095238452
2026-05-20 00:11:40,-0.008728571428571176
2026-05-20 00:13:20,-0.028109047619047305
2026-05-20 00:15:00,-0.03762761904761966
2026-05-20 00:16:40,-0.05790761904762047
2026-05-20 00:18:20,-0.07760142857142899
2026-05-20 00:20:00,-0.08367380952380946
2026-05-20 00:21:40,-0.09479095238095243
2026-05-20 00:23:20,-0.09934095238095275
2026-05-20 00:25:00,-0.10401714285714295
2026-05-20 00:26:40,-0.10710142857142838
2026-05-20 00:28:20,-0.11385809523809567
2026-05-20 00:30:00,-0.11601571428571411
2026-05-20 00:31:40,-0.11762238095238157
2026-05-20 00:33:20,-0.12618523809523907
2026-05-20 00:35:00,-0.1284123809523811
2026-05-20 00:36:40,-0.12987571428571426
2026-05-20 00:38:20,-0.12952142857142807
2026-05-20 00:40:00,-0.1298876190476192
2026-05-20 00:41:40,-0.11761857142857174
2026-05-20 00:43:20,-0.1077571428571426
2026-05-20 00:45:00,-0.10697333333333345
2026-05-20 00:46:40,-0.09972857142857136
2026-05-20 00:48:20,-0.09570333333333331
2026-05-20 00:50:00,-0.09768095238095256
2026-05-20 00:51:40,-0.09449000000000007
2026-05-20 00:53:20,-0.09051428571428592
2026-05-20 00:55:00,-0.08950904761904768
2026-05-20 00:56:40,-0.08119904761904709
2026-05-20 00:58:20,-0.07408809523809538
2026-05-20 01:00:00,-0.06649333333333317
2026-05-20 01:01:40,-0.06280238095238065
2026-05-20 01:03:20,-0.05965047619047609
2026-05-20 01:05:00,-0.05666047619047581
2026-05-20 01:06:40,-0.05065904761904749
2026-05-20 01:08:20,-0.03683809523809502
2026-05-20 01:10:00,-0.03479761904761926
2026-05-20 01:11:40,-0.032495238095238174
2026-05-20 01:13:20,-0.02771333333333351
2026-05-20 01:15:00,-0.025794285714285797
2026-05-20 01:16:40,-0.02137619047619052
2026-05-20 01:18:20,-0.019208095238095142
2026-05-20 01:20:00,-0.01737476190476197
2026-05-20 01:21:40,-0.0161261904761903
2026-05-20 01:23:20,-0.015176666666666446
2026-05-20 01:25:00,-0.012877142857142861
2026-05-20 01:26:40,-0.007557619047619117
2026-05-20 01:28:20,-0.006967142857142769
2026-05-20 01:30:00,-0.0050685714285714535
2026-05-20 01:31:40,5.6666666666625905e-05
2026-05-20 01:33:20,0.0033638095238097375
2026-05-20 01:35:00,0.004662857142857175
2026-05-20 01:36:40,0.008676190476190473
2026-05-20 01:38:20,0.012457619047619033
2026-05-20 01:40:00,0.014852380952381146
2026-05-20 01:41:40,0.01693142857142868
2026-05-20 01:43:20,0.018254285714285726
2026-05-20 01:45:00,0.019456666666666803
2026-05-20 01:46:40,0.01931476190476199
2026-05-20 01:48:20,0.02302190476190475
2026-05-20 01:50:00,0.02390190476190485
2026-05-20 01:51:40,0.01754047619047602
2026-05-20 01:53:20,0.018260952380952544
2026-05-20 01:55:00,0.024945714285714085
2026-05-20 01:56:40,0.02397523809523804
2026-05-20 01:58:20,0.02897380952380972
2026-05-20 02:00:00,0.027982380952380724
2026-05-20 02:01:40,0.025785238095238097
2026-05-20 02:03:20,0.026407952380952462
2026-05-20 02:05:00,0.026851190476190414
2026-05-20 02:06:40,0.02538085714285719
2026-05-20 02:08:20,0.02193876190476187
2026-05-20 02:10:00,0.020452904761904697
2026-05-20 02:11:40,0.018184523809523786
2026-05-20 02:13:20,0.016513428571428457
2026-05-20 02:15:00,0.013449857142857149
2026-05-20 02:16:40,0.01627961904761909
2026-05-20 02:18:20,0.01902042857142851
2026-05-20 02:20:00,0.0210059047619047
2026-05-20 02:21:40,0.02181695238095243
2026-05-20 02:23:20,0.024465428571428645
2026-05-20 02:25:00,0.028039571428571355
2026-05-20 02:26:40,0.0278077142857143
2026-05-20 02:28:20,0.029907285714285754
2026-05-20 02:30:00,0.03057204761904767
2026-05-20 02:31:40,0.03396861904761909
2026-05-20 02:33:20,0.03277052380952377
2026-05-20 02:35:00,0.032919714285714365
2026-05-20 02:36:40,0.030119904761904757
2026-05-20 02:38:20,0.023114238095238018
2026-05-20 02:40:00,0.026433333333333392
2026-05-20 02:41:40,0.018350238095238176
2026-05-20 02:45:00,0.021491952380952303
2026-05-20 02:46:40,0.020724761904761902
2026-05-20 02:48:20,0.020297142857142892
2026-05-20 02:50:00,0.018021285714285785
2026-05-20 02:51:40,0.016609285714285695
2026-05-20 02:53:20,0.016630714285714342
2026-05-20 02:55:00,0.014635428571428553
2026-05-20 02:56:40,0.015677047619047573
2026-05-20 02:58:20,0.012718523809523801
2026-05-20 03:00:00,0.012949619047619033
2026-05-20 03:01:40,0.013142095238095185
2026-05-20 03:03:20,0.009560999999999986
2026-05-20 03:05:00,0.009527523809523803
2026-05-20 03:06:40,0.0075624285714285654
2026-05-20 03:08:20,0.005146761904761919
2026-05-20 03:10:00,0.002743809523809551
2026-05-20 03:11:40,-0.0009519523809523433
2026-05-20 03:13:20,-0.0020622380952380736
2026-05-20 03:15:00,-0.004442619047619023
2026-05-20 03:16:40,-0.006128047619047606
2026-05-20 03:18:20,-0.005571952380952367
2026-05-20 03:20:00,-0.004179714285714318
2026-05-20 03:21:40,-0.007364857142857225
2026-05-20 03:23:20,-0.006802238095238134
2026-05-20 03:25:00,-0.007708857142857321
2026-05-20 03:26:40,-0.00699257142857139
2026-05-20 03:28:20,-0.0061822857142857165
2026-05-20 03:30:00,-0.007199142857142871
2026-05-20 03:31:40,-0.009116047619047574
2026-05-20 03:33:20,-0.011755952380952284
2026-05-20 03:35:00,-0.009094047619047625
2026-05-20 03:36:40,-0.007052476190476223
2026-05-20 03:38:20,-0.010653666666666629
2026-05-20 03:40:00,-0.010209380952381008
2026-05-20 03:41:40,-0.010501952380952358
2026-05-20 03:43:20,-0.02094000000000007
2026-05-20 03:45:00,-0.017407714285714283
2026-05-20 03:46:40,-0.01850495238095238
2026-05-20 03:48:20,-0.021336619047618993
2026-05-20 03:50:00,-0.02300157142857146
2026-05-20 03:51:40,-0.029565000000000136
2026-05-20 03:53:20,-0.0312417142857142
2026-05-20 03:55:00,-0.031943285714285646
2026-05-20 03:56:40,-0.03640090476190477
2026-05-20 03:58:20,-0.030214952380952308
2026-05-20 04:00:00,-0.032445333333333305
2026-05-20 04:01:40,-0.03174009523809518
2026-05-20 04:03:20,-0.03970376190476195
2026-05-20 04:05:00,-0.043540761904761784
2026-05-20 04:06:40,-0.05002000000000008
2026-05-20 04:08:20,-0.04956995238095244
2026-05-20 04:10:00,-0.047135571428571416
2026-05-20 04:11:40,-0.05050576190476186
2026-05-20 04:13:20,-0.06403409523809526
2026-05-20 04:15:00,-0.06299738095238089
2026-05-20 04:16:40,-0.07597214285714277
2026-05-20 04:18:20,-0.0933919047619048
2026-05-20 04:20:00,-0.09634380952380947
2026-05-20 04:21:40,-0.11547571428571428
2026-05-20 04:23:20,-0.1113295238095236
2026-05-20 04:25:00,-0.11285476190476193
2026-05-20 04:26:40,-0.10225333333333353
2026-05-20 04:28:20,-0.0950860476190476
2026-05-20 04:30:00,-0.08583652380952372
2026-05-20 04:31:40,-0.07621814285714293
2026-05-20 04:33:20,-0.06527557142857135
2026-05-20 04:35:00,-0.06547342857142864
2026-05-20 04:36:40,-0.0640711428571428
2026-05-20 04:38:20,-0.07778304761904756
2026-05-20 04:40:00,-0.07745676190476189
2026-05-20 04:41:40,-0.07602280952380955
2026-05-20 04:43:20,-0.10017266666666658
2026-05-20 04:45:00,-0.08007319047619041
2026-05-20 04:46:40,-0.08785442857142858
2026-05-20 04:48:20,-0.09510409523809527
2026-05-20 04:50:00,-0.09105442857142856
2026-05-20 04:51:40,-0.08344695238095247
2026-05-20 04:53:20,-0.08717976190476182
2026-05-20 04:55:00,-0.08349057142857143
2026-05-20 04:56:40,-0.0918810000000001
2026-05-20 04:58:20,-0.08705966666666662
2026-05-20 05:00:00,-0.084111761904762
2026-05-20 05:01:40,-0.0859765714285714
2026-05-20 05:03:20,-0.08957523809523832
2026-05-20 05:05:00,-0.07544357142857142
2026-05-20 05:06:40,-0.06844933333333339
2026-05-20 05:08:20,-0.06211
2026-05-20 05:10:00,-0.05146709523809525
2026-05-20 05:11:40,-0.04838328571428558
2026-05-20 05:13:20,-0.04827876190476199
2026-05-20 05:15:00,-0.0531405714285714
2026-05-20 05:16:40,-0.0537550000000001
2026-05-20 05:18:20,-0.06284585714285713
2026-05-20 05:20:00,-0.060407761904762075
2026-05-20 05:21:40,-0.06047057142857156
2026-05-20 05:23:20,-0.04996576190476184
2026-05-20 05:25:00,-0.045008238095238066
2026-05-20 05:26:40,-0.04592676190476187
2026-05-20 05:28:20,-0.046828333333333395
2026-05-20 05:30:00,-0.04751076190476205
2026-05-20 05:31:40,-0.039379000000000004
2026-05-20 05:33:20,-0.04652704761904764
2026-05-20 05:35:00,-0.04818290476190475
2026-05-20 05:36:40,-0.054325238095238225
2026-05-20 05:38:20,-0.05608333333333334
2026-05-20 05:40:00,-0.04998952380952369
2026-05-20 05:41:40,-0.05513809523809512
2026-05-20 05:45:00,-0.05658809523809527
2026-05-20 05:46:40,-0.057819523809523654
2026-05-20 05:48:20,-0.05918571428571445
2026-05-20 05:50:00,-0.07011238095238101
2026-05-20 05:51:40,-0.08150809523809521
2026-05-20 05:53:20,-0.07363142857142854
2026-05-20 05:55:00,-0.07976999999999983
2026-05-20 05:56:40,-0.06762190476190484
2026-05-20 05:58:20,-0.0664452380952379
2026-05-20 06:00:00,-0.07675904761904763
2026-05-20 06:01:40,-0.07322428571428563
2026-05-20 06:03:20,-0.09008142857142848
2026-05-20 06:05:00,-0.06462428571428554
2026-05-20 06:06:40,-0.05396714285714288
2026-05-20 06:08:20,-0.058697619047619096
2026-05-20 06:10:00,-0.057221904761904877
2026-05-20 06:11:40,-0.06364428571428582
2026-05-20 06:13:20,-0.06322476190476178
2026-05-20 06:15:00,-0.07350857142857155
2026-05-20 06:16:40,-0.06564238095238084
2026-05-20 06:18:20,-0.06827523809523796
2026-05-20 06:20:00,-0.06361285714285732
2026-05-20 06:21:40,-0.06517904761904762
2026-05-20 06:23:20,-0.06326857142857155
2026-05-20 06:25:00,-0.07247523809523829
2026-05-20 06:26:40,-0.06584999999999999
2026-05-20 06:28:20,-0.06157904761904784
2026-05-20 06:30:00,-0.06636761904761918
2026-05-20 06:31:40,-0.05128190476190492
2026-05-20 06:33:20,-0.06060952380952388
2026-05-20 06:35:00,-0.05484476190476194
2026-05-20 06:36:40,-0.0716761904761904
2026-05-20 06:38:20,-0.0629690476190476
2026-05-20 06:40:00,-0.0636657142857142
2026-05-20 06:41:40,-0.06789428571428587
2026-05-20 06:45:00,-0.0530780952380952
2026-05-20 06:46:40,-0.06472904761904771
2026-05-20 06:48:20,-0.0647042857142856
2026-05-20 06:50:00,-0.07150142857142859
2026-05-20 06:51:40,-0.07796095238095234
2026-05-20 06:53:20,-0.07923952380952355
2026-05-20 06:55:00,-0.063090476190476
2026-05-20 06:56:40,-0.05460190476190474
2026-05-20 06:58:20,-0.055217142857142756
2026-05-20 07:00:00,-0.05678047619047617
2026-05-20 07:01:40,-0.06503285714285728
2026-05-20 07:03:20,-0.07948809523809514
2026-05-20 07:05:00,-0.08113619047619033
2026-05-20 07:06:40,-0.08604809523809541
2026-05-20 07:08:20,-0.09764809523809546
2026-05-20 07:10:00,-0.09294619047619043
2026-05-20 07:11:40,-0.07027666666666674
2026-05-20 07:13:20,-0.07838999999999995
2026-05-20 07:15:00,-0.08176952380952379
2026-05-20 07:16:40,-0.0810723809523807
2026-05-20 07:18:20,-0.09238476190476214
2026-05-20 07:20:00,-0.102907619047619
2026-05-20 07:21:40,-0.09503761904761886
2026-05-20 07:23:20,-0.0958871428571429
2026-05-20 07:25:00,-0.09981666666666678
2026-05-20 07:26:40,-0.10930333333333347
2026-05-20 07:28:20,-0.11842619047619019
2026-05-20 07:30:00,-0.09921047619047597
2026-05-20 07:31:40,-0.0866352380952382
2026-05-20 07:33:20,-0.1022704761904762
2026-05-20 07:35:00,-0.10171904761904757
2026-05-20 07:36:40,-0.08274142857142856
2026-05-20 07:38:20,-0.09209333333333355
2026-05-20 07:40:00,-0.08577714285714304
2026-05-20 07:41:40,-0.10936238095238078
2026-05-20 07:45:00,-0.09056428571428536
2026-05-20 07:46:40,-0.09686714285714287
2026-05-20 07:48:20,-0.09839714285714292
2026-05-20 07:50:00,-0.09566142857142843
2026-05-20 07:51:40,-0.09050428571428566
2026-05-20 07:53:20,-0.09191857142857165
2026-05-20 07:55:00,-0.09340952380952382
2026-05-20 07:56:40,-0.08641476190476158
2026-05-20 07:58:20,-0.09370619047619047
2026-05-20 08:00:00,-0.09342047619047641
2026-05-20 08:01:40,-0.10005428571428568
2026-05-20 08:03:20,-0.11652285714285712
2026-05-20 08:05:00,-0.11919619047619048
2026-05-20 08:06:40,-0.09543904761904724
2026-05-20 08:08:20,-0.10009761904761885
2026-05-20 08:10:00,-0.10271095238095271
2026-05-20 08:11:40,-0.10090571428571454
2026-05-20 08:13:20,-0.10424714285714254
2026-05-20 08:15:00,-0.09879523809523792
2026-05-20 08:16:40,-0.108042857142857
2026-05-20 08:18:20,-0.12117333333333344
2026-05-20 08:20:00,-0.12379000000000039
2026-05-20 08:21:40,-0.1209919047619047
2026-05-20 08:23:20,-0.12176142857142855
2026-05-20 08:25:00,-0.13834857142857157
2026-05-20 08:26:40,-0.10748619047619037
2026-05-20 08:28:20,-0.12745809523809504
2026-05-20 08:30:00,-0.1208414285714283
2026-05-20 08:31:40,-0.12875047619047622
2026-05-20 08:33:20,-0.1120595238095239
2026-05-20 08:35:00,-0.12640714285714308
2026-05-20 08:36:40,-0.12360523809523827
2026-05-20 08:38:20,-0.11626523809523778
2026-05-20 08:40:00,-0.11385142857142865
2026-05-20 08:41:40,-0.11802761904761891
2026-05-20 08:45:00,-0.09564428571428583
2026-05-20 08:46:40,-0.10869333333333372
2026-05-20 08:48:20,-0.12776666666666658
2026-05-20 08:50:00,-0.12827190476190478
2026-05-20 08:51:40,-0.13131857142857178
2026-05-20 08:53:20,-0.11143761904761862
2026-05-20 08:55:00,-0.11337142857142826
2026-05-20 08:56:40,-0.08705428571428554
2026-05-20 08:58:20,-0.09577095238095265
2026-05-20 09:00:00,-0.09917952380952394
2026-05-20 09:01:40,-0.09847809523809573
2026-05-20 09:03:20,-0.10878571428571476
2026-05-20 09:05:00,-0.10661428571428583
2026-05-20 09:06:40,-0.09577142857142862
2026-05-20 09:08:20,-0.08990666666666623
2026-05-20 09:10:00,-0.09305047619047607
2026-05-20 09:11:40,-0.09692761904761851
2026-05-20 09:13:20,-0.08652047619047624
2026-05-20 09:15:00,-0.0807404761904767
2026-05-20 09:16:40,-0.08086952380952402
2026-05-20 09:18:20,-0.07533285714285724
2026-05-20 09:20:00,-0.08211714285714299
2026-05-20 09:21:40,-0.08698619047619022
2026-05-20 09:23:20,-0.09248761904761937
2026-05-20 09:25:00,-0.09282999999999969
2026-05-20 09:26:40,-0.08306238095238055
2026-05-20 09:28:20,-0.0864514285714284
2026-05-20 09:30:00,-0.0847690476190475
2026-05-20 09:31:40,-0.09098142857142885
2026-05-20 09:33:20,-0.07304999999999988
2026-05-20 09:35:00,-0.07172000000000031
2026-05-20 09:36:40,-0.07378999999999991
2026-05-20 09:38:20,-0.0800114285714287
2026-05-20 09:40:00,-0.08219285714285726
2026-05-20 09:41:40,-0.09636809523809525
2026-05-20 09:45:00,-0.0827485714285712
2026-05-20 09:46:40,-0.09334857142857128
2026-05-20 09:48:20,-0.10870999999999986
2026-05-20 09:50:00,-0.11601809523809509
2026-05-20 09:51:40,-0.1424238095238093
2026-05-20 09:53:20,-0.14711285714285657
2026-05-20 09:55:00,-0.1385676190476188
2026-05-20 09:56:40,-0.1260142857142858
2026-05-20 09:58:20,-0.1353980952380957
2026-05-20 10:00:00,-0.14679142857142868
2026-05-20 10:01:40,-0.17493380952380927
2026-05-20 10:03:20,-0.18404619047619042
2026-05-20 10:05:00,-0.20597952380952383
2026-05-20 10:06:40,-0.20794666666666725
2026-05-20 10:08:20,-0.19617238095238063
2026-05-20 10:10:00,-0.21591523809523824
2026-05-20 10:11:40,-0.23247142857142913
2026-05-20 10:13:20,-0.2108357142857142
2026-05-20 10:15:00,-0.2022957142857143
2026-05-20 10:16:40,-0.19080142857142873
2026-05-20 10:18:20,-0.20375666666666709
2026-05-20 10:20:00,-0.20570047619047593
2026-05-20 10:21:40,-0.22388619047619035
2026-05-20 10:23:20,-0.24123952380952382
2026-05-20 10:25:00,-0.2643619047619048
2026-05-20 10:26:40,-0.27501904761904716
2026-05-20 10:28:20,-0.2862761904761898
2026-05-20 10:30:00,-0.28208285714285714
2026-05-20 10:31:40,-0.3029442857142858
2026-05-20 10:33:20,-0.30606571428571383
2026-05-20 10:35:00,-0.3161861904761903
2026-05-20 10:36:40,-0.3240095238095234
2026-05-20 10:38:20,-0.35836000000000046
2026-05-20 10:40:00,-0.39184857142857127
2026-05-20 10:41:40,-0.3637776190476196
2026-05-20 10:45:00,-0.3608038095238094
2026-05-20 10:46:40,-0.36170285714285716
2026-05-20 10:48:20,-0.36322000000000004
2026-05-20 10:50:00,-0.3550847619047623
2026-05-20 10:51:40,-0.3580723809523813
2026-05-20 10:53:20,-0.3776628571428572
2026-05-20 10:55:00,-0.3390438095238095
2026-05-20 10:56:40,-0.3206766666666666
2026-05-20 10:58:20,-0.3457804761904756
2026-05-20 11:00:00,-0.3528390476190477
2026-05-20 11:01:40,-0.3442119047619042
2026-05-20 11:03:20,-0.3254019047619047
2026-05-20 11:05:00,-0.31793619047619054
2026-05-20 11:06:40,-0.27903761904761903
2026-05-20 11:08:20,-0.2679495238095236
2026-05-20 11:10:00,-0.2698195238095239
2026-05-20 11:11:40,-0.24610523809523832
2026-05-20 11:13:20,-0.23559714285714284
2026-05-20 11:15:00,-0.21512380952380944
2026-05-20 11:16:40,-0.2354257142857144
2026-05-20 11:18:20,-0.180484761904762
2026-05-20 11:20:00,-0.1821809523809519
2026-05-20 11:21:40,-0.17918476190476157
2026-05-20 11:23:20,-0.1954980952380953
2026-05-20 11:25:00,-0.1943766666666666
2026-05-20 11:26:40,-0.17977523809523832
2026-05-20 11:28:20,-0.16928190476190472
2026-05-20 11:30:00,-0.1686266666666666
2026-05-20 11:31:40,-0.1863695238095236
2026-05-20 11:33:20,-0.19611238095238043
2026-05-20 11:35:00,-0.18950857142857153
2026-05-20 11:36:40,-0.18166523809523805
2026-05-20 11:38:20,-0.17153952380952409
2026-05-20 11:40:00,-0.16505714285714243
2026-05-20 11:41:40,-0.1533157142857137
2026-05-20 11:45:00,-0.16431952380952375
2026-05-20 11:46:40,-0.17161904761904714
2026-05-20 11:48:20,-0.1558323809523809
2026-05-20 11:50:00,-0.16644047619047614
2026-05-20 11:51:40,-0.15221476190476202
2026-05-20 11:53:20,-0.13841476190476223
2026-05-20 11:55:00,-0.11230142857142819
2026-05-20 11:56:40,-0.12291619047619043
2026-05-20 11:58:20,-0.1450371428571428
2026-05-20 12:00:00,-0.14726190476190498
2026-05-20 12:01:40,-0.1322276190476192
2026-05-20 12:03:20,-0.142910476190476
2026-05-20 12:05:00,-0.1488242857142856
2026-05-20 12:06:40,-0.14045380952380943
2026-05-20 12:08:20,-0.15566142857142887
2026-05-20 12:10:00,-0.1566057142857143
2026-05-20 12:11:40,-0.1579452380952379
2026-05-20 12:13:20,-0.15739952380952363
2026-05-20 12:15:00,-0.16215761904761927
2026-05-20 12:16:40,-0.1511204761904759
2026-05-20 12:18:20,-0.13325333333333345
2026-05-20 12:20:00,-0.12709761904761854
2026-05-20 12:21:40,-0.13285095238095224
2026-05-20 12:23:20,-0.12652809523809522
2026-05-20 12:25:00,-0.14418619047619088
2026-05-20 12:26:40,-0.14460666666666638
2026-05-20 12:28:20,-0.17199523809523828
2026-05-20 12:30:00,-0.17359333333333313
2026-05-20 12:31:40,-0.19167238095238065
2026-05-20 12:33:20,-0.19454857142857207
2026-05-20 12:35:00,-0.179549523809524
2026-05-20 12:36:40,-0.18998333333333328
2026-05-20 12:38:20,-0.17728047619047627
2026-05-20 12:40:00,-0.17987428571428551
2026-05-20 12:41:40,-0.16667666666666658
2026-05-20 12:45:00,-0.1560138095238091
2026-05-20 12:46:40,-0.16879380952380918
2026-05-20 12:48:20,-0.16492190476190494
2026-05-20 12:50:00,-0.14392428571428567
2026-05-20 12:51:40,-0.14421523809523815
2026-05-20 12:53:20,-0.14344428571428597
2026-05-20 12:55:00,-0.14673571428571414
2026-05-20 12:56:40,-0.13754999999999984
2026-05-20 12:58:20,-0.14225095238095287
2026-05-20 13:00:00,-0.15379095238095294
2026-05-20 13:01:40,-0.13582142857142876
2026-05-20 13:03:20,-0.13610095238095243
2026-05-20 13:05:00,-0.1371690476190476
2026-05-20 13:06:40,-0.13180999999999982
2026-05-20 13:08:20,-0.11823857142857157
2026-05-20 13:10:00,-0.11589999999999973
2026-05-20 13:11:40,-0.10318095238095193
2026-05-20 13:13:20,-0.09819952380952376
2026-05-20 13:15:00,-0.09851619047619053
2026-05-20 13:16:40,-0.1004628571428574
2026-05-20 13:18:20,-0.09878238095238119
2026-05-20 13:20:00,-0.09409714285714324
2026-05-20 13:21:40,-0.09138190476190505
2026-05-20 13:23:20,-0.08443571428571445
2026-05-20 13:25:00,-0.07948571428571387
2026-05-20 13:26:40,-0.08638476190476191
2026-05-20 13:28:20,-0.0642014285714289
2026-05-20 13:30:00,-0.052184761904762136
2026-05-20 13:31:40,-0.05088666666666693
2026-05-20 13:33:20,-0.04175619047619042
2026-05-20 13:35:00,-0.04700666666666638
2026-05-20 13:36:40,-0.04306190476190486
2026-05-20 13:38:20,-0.03939666666666661
2026-05-20 13:40:00,-0.03699809523809583
2026-05-20 13:41:40,-0.040183333333333265
2026-05-20 13:45:00,-0.04235523809523775
2026-05-20 13:46:40,-0.0445257142857146
2026-05-20 13:48:20,-0.043843333333333095
2026-05-20 13:50:00,-0.03929380952380973
2026-05-20 13:51:40,-0.036843333333333034
2026-05-20 13:53:20,-0.03764190476190446
2026-05-20 13:55:00,-0.029509047619047546
2026-05-20 13:56:40,-0.02873809523809545
2026-05-20 13:58:20,-0.017573333333333163
2026-05-20 14:00:00,-0.015508095238095446
2026-05-20 14:01:40,-0.005792380952381132
2026-05-20 14:03:20,0.0032971428571429845
2026-05-20 14:05:00,0.0014938095238101884
2026-05-20 14:06:40,0.010388571428571386
2026-05-20 14:08:20,0.01813523809523776
2026-05-20 14:10:00,0.02245190476190498
2026-05-20 14:11:40,0.031143333333333287
2026-05-20 14:13:20,0.03861285714285724
2026-05-20 14:15:00,0.037419523809523854
2026-05-20 14:16:40,0.0450723809523814
2026-05-20 14:18:20,0.052114285714285724
2026-05-20 14:20:00,0.05406904761904726
2026-05-20 14:21:40,0.05737238095238075
2026-05-20 14:23:20,0.06323809523809507
2026-05-20 14:25:00,0.07411380952380964
2026-05-20 14:26:40,0.08836761904761911
2026-05-20 14:28:20,0.09214285714285755
2026-05-20 14:30:00,0.08495761904761863
2026-05-20 14:31:40,0.09061857142857094
2026-05-20 14:33:20,0.09096047619047616
2026-05-20 14:35:00,0.09060380952380966
2026-05-20 14:36:40,0.09483809523809564
2026-05-20 14:38:20,0.09925857142857139
2026-05-20 14:40:00,0.10013190476190491
2026-05-20 14:41:40,0.09167047619047629
2026-05-20 14:45:00,0.0929480952380954
2026-05-20 14:46:40,0.09596619047619087
2026-05-20 14:48:20,0.09550476190476226
2026-05-20 14:50:00,0.0956266666666673
2026-05-20 14:51:40,0.09716428571428525
2026-05-20 14:53:20,0.10166809523809492
2026-05-20 14:55:00,0.10930714285714335
2026-05-20 14:56:40,0.10495285714285736
2026-05-20 14:58:20,0.09987571428571347
2026-05-20 15:00:00,0.10304238095238089
2026-05-20 15:01:40,0.10730333333333279
2026-05-20 15:03:20,0.10995619047618996
2026-05-20 15:05:00,0.10339619047619038
2026-05-20 15:06:40,0.09281285714285722
2026-05-20 15:08:20,0.08315095238095163
2026-05-20 15:10:00,0.09077476190476148
2026-05-20 15:11:40,0.08233571428571437
2026-05-20 15:13:20,0.06628571428571384
2026-05-20 15:15:00,0.05779095238095213
2026-05-20 15:16:40,0.05288761904761899
2026-05-20 15:18:20,0.05436571428571378
2026-05-20 15:20:00,0.054838571428571334
2026-05-20 15:21:40,0.05205047619047646
2026-05-20 15:23:20,0.04768809523809486
2026-05-20 15:25:00,0.05005999999999967
2026-05-20 15:26:40,0.05806476190476127
2026-05-20 15:28:20,0.05805047619047682
2026-05-20 15:30:00,0.055605714285714376
2026-05-20 15:31:40,0.04849000000000002
2026-05-20 15:33:20,0.043992380952381636
2026-05-20 15:35:00,0.04124333333333371
2026-05-20 15:36:40,0.0452228571428579
2026-05-20 15:38:20,0.04872380952380974
2026-05-20 15:40:00,0.05022476190476129
2026-05-20 15:41:40,0.05170523809523778
2026-05-20 15:45:00,0.05129952380952341
2026-05-20 15:46:40,0.05818238095238035
2026-05-20 15:48:20,0.06293428571428555
2026-05-20 15:50:00,0.060563333333333566
2026-05-20 15:51:40,0.05892047619047623
2026-05-20 15:53:20,0.06342238095238202
2026-05-20 15:55:00,0.06628380952380894
2026-05-20 15:56:40,0.06609809523809597
2026-05-20 15:58:20,0.07336761904761901
2026-05-20 16:00:00,0.07983761904761748
2026-05-20 16:01:40,0.0846090476190475
2026-05-20 16:03:20,0.09556666666666556
2026-05-20 16:05:00,0.10234238095238074
2026-05-20 16:06:40,0.1035942857142856
2026-05-20 16:08:20,0.11643476190476203
2026-05-20 16:10:00,0.12458428571428551
2026-05-20 16:11:40,0.13558238095238173
2026-05-20 16:13:20,0.15169809523809508
2026-05-20 16:15:00,0.14946523809523746
2026-05-20 16:16:40,0.14995809523809608
2026-05-20 16:18:20,0.1466247619047618
2026-05-20 16:20:00,0.15190047619047556
2026-05-20 16:21:40,0.1599704761904761
2026-05-20 16:23:20,0.1654547619047613
2026-05-20 16:25:00,0.1696942857142862
2026-05-20 16:26:40,0.1806447619047614
2026-05-20 16:28:20,0.1873419047619041
2026-05-20 16:30:00,0.19537428571428622
2026-05-20 16:31:40,0.19484047619047584
2026-05-20 16:33:20,0.20551238095238175
2026-05-20 16:35:00,0.2106528571428565
2026-05-20 16:36:40,0.23866619047619006
2026-05-20 16:38:20,0.23154380952380954
2026-05-20 16:40:00,0.23716523809523848
2026-05-20 16:41:40,0.229834285714286
2026-05-20 16:45:00,0.21860095238095326
2026-05-20 16:46:40,0.22236952380952407
2026-05-20 16:48:20,0.2302580952380961
2026-05-20 16:50:00,0.23019523809523806
2026-05-20 16:51:40,0.2195733333333335
2026-05-20 16:53:20,0.2327919047619045
2026-05-20 16:55:00,0.24713047619047626
2026-05-20 16:56:40,0.24714523809523742
2026-05-20 16:58:20,0.25276904761904867
2026-05-20 17:00:00,0.2615471428571425
2026-05-20 17:01:40,0.24046714285714244
2026-05-20 17:03:20,0.22754142857142826
2026-05-20 17:05:00,0.22884714285714308
2026-05-20 17:06:40,0.22545619047619075
2026-05-20 17:08:20,0.21380428571428597
2026-05-20 17:10:00,0.21936333333333324
2026-05-20 17:11:40,0.2178299999999996
2026-05-20 17:13:20,0.24057952380952377
2026-05-20 17:15:00,0.2484828571428565
2026-05-20 17:16:40,0.24172000000000035
2026-05-20 17:18:20,0.23202666666666655
2026-05-20 17:20:00,0.2312919047619047
2026-05-20 17:21:40,0.2381123809523807
2026-05-20 17:23:20,0.26414380952380984
2026-05-20 17:25:00,0.2663814285714288
2026-05-20 17:26:40,0.23756904761904774
2026-05-20 17:28:20,0.2286590476190479
2026-05-20 17:30:00,0.23555523809523868
2026-05-20 17:31:40,0.2553490476190486
2026-05-20 17:33:20,0.2656419047619047
2026-05-20 17:35:00,0.26457714285714246
2026-05-20 17:36:40,0.25665095238095276
2026-05-20 17:38:20,0.25468857142857126
2026-05-20 17:40:00,0.2695099999999996
2026-05-20 17:41:40,0.3312133333333338
2026-05-20 17:45:00,0.3147961904761908
2026-05-20 17:46:40,0.3147652380952377
2026-05-20 17:48:20,0.31572666666666604
2026-05-20 17:50:00,0.32495904761904654
2026-05-20 17:51:40,0.3032733333333338
2026-05-20 17:53:20,0.27748619047619016
2026-05-20 17:55:00,0.2755519047619058
2026-05-20 17:56:40,0.2685133333333333
2026-05-20 17:58:20,0.2987142857142858
2026-05-20 18:00:00,0.28833714285714196
2026-05-20 18:01:40,0.26727095238095194
2026-05-20 18:03:20,0.2598480952380943
2026-05-20 18:05:00,0.25344666666666626
2026-05-20 18:06:40,0.22977333333333286
2026-05-20 18:08:20,0.26372571428571384
2026-05-20 18:10:00,0.27453523809523783
2026-05-20 18:11:40,0.22107714285714333
2026-05-20 18:13:20,0.19783857142857045
2026-05-20 18:15:00,0.21154142857142896
2026-05-20 18:16:40,0.18619285714285727
2026-05-20 18:18:20,0.18922523809523906
2026-05-20 18:20:00,0.1909742857142859
2026-05-20 18:21:40,0.17856095238095168
2026-05-20 18:23:20,0.17963285714285776
2026-05-20 18:25:00,0.18408809523809502
2026-05-20 18:26:40,0.18959190476190452
2026-05-20 18:28:20,0.1990847619047612
2026-05-20 18:30:00,0.19680333333333344
2026-05-20 18:31:40,0.20820761904761856
2026-05-20 18:33:20,0.1886576190476187
2026-05-20 18:35:00,0.18994714285714276
2026-05-20 18:36:40,0.18329666666666783
2026-05-20 18:38:20,0.1866357142857146
2026-05-20 18:40:00,0.18720285714285761
2026-05-20 18:41:40,0.18255761904761916
2026-05-20 18:45:00,0.1726795238095238
2026-05-20 18:46:40,0.1826861904761904
2026-05-20 18:48:20,0.19111857142857117
2026-05-20 18:50:00,0.1974128571428572
2026-05-20 18:51:40,0.20540809523809442
2026-05-20 18:53:20,0.21116190476190397
2026-05-20 18:55:00,0.21555571428571438
2026-05-20 18:56:40,0.23128238095238127
2026-05-20 18:58:20,0.24834285714285778
2026-05-20 19:00:00,0.2935600000000004
2026-05-20 19:01:40,0.335739523809524
2026-05-20 19:03:20,0.3172290476190478
2026-05-20 19:05:00,0.31733380952380924
2026-05-20 19:06:40,0.33874380952381
2026-05-20 19:08:20,0.3632790476190477
2026-05-20 19:10:00,0.37372666666666665
2026-05-20 19:11:40,0.37412476190476207
2026-05-20 19:13:20,0.37949238095238
2026-05-20 19:15:00,0.411649523809523
2026-05-20 19:16:40,0.4428566666666671
2026-05-20 19:18:20,0.4747228571428566
2026-05-20 19:20:00,0.4588023809523806
2026-05-20 19:21:40,0.4525628571428567
2026-05-20 19:23:20,0.44847095238095325
2026-05-20 19:25:00,0.4402428571428565
2026-05-20 19:26:40,0.453891904761904
2026-05-20 19:28:20,0.42703714285714306
2026-05-20 19:30:00,0.38280809523809456
2026-05-20 19:31:40,0.33855523809523874
2026-05-20 19:33:20,0.35818095238095243
2026-05-20 19:35:00,0.3280309523809521
2026-05-20 19:36:40,0.2987123809523812
2026-05-20 19:38:20,0.29954095238095224
2026-05-20 19:40:00,0.30548857142857133
2026-05-20 19:41:40,0.3288842857142858
2026-05-20 19:45:00,0.31563714285714284
2026-05-20 19:46:40,0.32811095238095234
2026-05-20 19:48:20,0.32604571428571466
2026-05-20 19:50:00,0.3705009523809524
2026-05-20 19:51:40,0.3752671428571428
2026-05-20 19:53:20,0.36214047619047607
2026-05-20 19:55:00,0.30805571428571493
2026-05-20 19:56:40,0.32922857142857176
2026-05-20 19:58:20,0.3197023809523806
2026-05-20 20:00:00,0.2896547619047622
2026-05-20 20:01:40,0.2936842857142861
2026-05-20 20:03:20,0.28490428571428594
2026-05-20 20:05:00,0.2600095238095233
2026-05-20 20:06:40,0.2225671428571425
2026-05-20 20:08:20,0.2504714285714285
2026-05-20 20:10:00,0.233455714285714
2026-05-20 20:11:40,0.23560142857142868
2026-05-20 20:13:20,0.2496261904761903
2026-05-20 20:15:00,0.24032047619047625
2026-05-20 20:16:40,0.2018709523809525
2026-05-20 20:18:20,0.20208000000000018
2026-05-20 20:20:00,0.19882047619047624
2026-05-20 20:21:40,0.196169523809524
2026-05-20 20:23:20,0.1897028571428572
2026-05-20 20:25:00,0.18865285714285715
2026-05-20 20:26:40,0.1879638095238094
2026-05-20 20:28:20,0.19516428571428496
2026-05-20 20:30:00,0.1869347619047621
2026-05-20 20:31:40,0.17626857142857158
2026-05-20 20:33:20,0.1915990476190475
2026-05-20 20:35:00,0.15661666666666677
2026-05-20 20:36:40,0.15179238095238132
2026-05-20 20:38:20,0.1503861904761905
2026-05-20 20:40:00,0.13442904761904753
2026-05-20 20:41:40,0.14201523809523767
2026-05-20 20:45:00,0.13405761904761937
2026-05-20 20:46:40,0.13292999999999977
2026-05-20 20:48:20,0.15320238095238115
2026-05-20 20:50:00,0.16071571428571424
2026-05-20 20:51:40,0.15827809523809533
2026-05-20 20:53:20,0.1420333333333335
2026-05-20 20:55:00,0.14707238095238107
2026-05-20 20:56:40,0.13932380952380963
2026-05-20 20:58:20,0.14113095238095236
2026-05-20 21:00:00,0.14871428571428597
2026-05-20 21:01:40,0.16103523809523804
2026-05-20 21:03:20,0.17466571428571398
2026-05-20 21:05:00,0.17842999999999992
2026-05-20 21:06:40,0.17776476190476237
2026-05-20 21:08:20,0.18035476190476182
2026-05-20 21:10:00,0.1858457142857145
2026-05-20 21:11:40,0.1890738095238092
2026-05-20 21:13:20,0.19682523809523847
2026-05-20 21:15:00,0.21950571428571428
2026-05-20 21:16:40,0.21952523809523747
2026-05-20 21:18:20,0.21766809523809505
2026-05-20 21:20:00,0.2017547619047622
2026-05-20 21:21:40,0.2281776190476195
2026-05-20 21:23:20,0.2156319047619043
2026-05-20 21:25:00,0.21062333333333297
2026-05-20 21:26:40,0.2122923809523805
2026-05-20 21:28:20,0.21080523809523777
2026-05-20 21:30:00,0.20912380952380888
2026-05-20 21:31:40,0.21131904761904746
2026-05-20 21:33:20,0.20384095238095273
2026-05-20 21:35:00,0.18537952380952344
2026-05-20 21:36:40,0.18497047619047682
2026-05-20 21:38:20,0.1827371428571427
2026-05-20 21:40:00,0.183194761904762
2026-05-20 21:41:40,0.19066476190476211
2026-05-20 21:45:00,0.17763142857142858
2026-05-20 21:46:40,0.17861952380952412
2026-05-20 21:48:20,0.18370857142857114
2026-05-20 21:50:00,0.16761952380952386
2026-05-20 21:51:40,0.19238095238095224
2026-05-20 21:53:20,0.16420523809523838
2026-05-20 21:55:00,0.16980714285714346
2026-05-20 21:56:40,0.17566285714285684
2026-05-20 21:58:20,0.18089142857142843
2026-05-20 22:00:00,0.19758523809523815
2026-05-20 22:01:40,0.19760523809523806
2026-05-20 22:03:20,0.19576
2026-05-20 22:05:00,0.1987447619047618
2026-05-20 22:06:40,0.22498238095238104
2026-05-20 22:08:20,0.2315752380952383
2026-05-20 22:10:00,0.2634742857142861
2026-05-20 22:11:40,0.28639095238095247
2026-05-20 22:13:20,0.27537380952380935
2026-05-20 22:15:00,0.34601904761904795
2026-05-20 22:16:40,0.3742333333333336
2026-05-20 22:18:20,0.410303809523809
2026-05-20 22:20:00,0.4492652380952382
2026-05-20 22:21:40,0.42238523809523787
2026-05-20 22:23:20,0.4120980952380949
2026-05-20 22:25:00,0.4086790476190475
2026-05-20 22:26:40,0.41589285714285706
2026-05-20 22:28:20,0.4116452380952378
2026-05-20 22:30:00,0.38094285714285686
2026-05-20 22:31:40,0.3460242857142855
2026-05-20 22:33:20,0.35059285714285704
2026-05-20 22:35:00,0.3374838095238099
2026-05-20 22:36:40,0.33175619047619037
2026-05-20 22:38:20,0.33305857142857137
2026-05-20 22:40:00,0.32637380952380923
2026-05-20 22:41:40,0.3098252380952385
2026-05-20 22:45:00,0.2863714285714284
2026-05-20 22:46:40,0.2863328571428576
2026-05-20 22:48:20,0.2904804761904765
2026-05-20 22:50:00,0.2777290476190477
2026-05-20 22:51:40,0.29055047619047625
2026-05-20 22:53:20,0.2943504761904763
2026-05-20 22:55:00,0.315725238095238
2026-05-20 22:56:40,0.31962428571428564
2026-05-20 22:58:20,0.3118528571428573
2026-05-20 23:00:00,0.2930347619047619
2026-05-20 23:01:40,0.2727395238095241
2026-05-20 23:03:20,0.2630323809523807
2026-05-20 23:05:00,0.22798190476190447
2026-05-20 23:06:40,0.2108180952380951
2026-05-20 23:08:20,0.19865571428571394
2026-05-20 23:10:00,0.18396428571428552
2026-05-20 23:11:40,0.17394333333333337
2026-05-20 23:13:20,0.1681704761904762
2026-05-20 23:15:00,0.1551357142857139
2026-05-20 23:16:40,0.14314952380952367
2026-05-20 23:18:20,0.13936428571428588
2026-05-20 23:20:00,0.11987714285714303
2026-05-20 23:21:40,0.1177771428571426
2026-05-20 23:23:20,0.11561904761904816
2026-05-20 23:25:00,0.10894095238095212
2026-05-20 23:26:40,0.10225714285714263
2026-05-20 23:28:20,0.09732619047619051
2026-05-20 23:30:00,0.0891595238095239
2026-05-20 23:31:40,0.07996190476190541
2026-05-20 23:33:20,0.07924857142857131
2026-05-20 23:35:00,0.07046476190476157
2026-05-20 23:36:40,0.06519999999999931
2026-05-20 23:38:20,0.06850238095238088
2026-05-20 23:40:00,0.07109047619047607
2026-05-20 23:41:40,0.06877571428571413
2026-05-20 23:45:00,0.05581809523809568
2026-05-20 23:46:40,0.05499809523809522
2026-05-20 23:48:20,0.05286380952380956
2026-05-20 23:50:00,0.0491709523809524
2026-05-20 23:51:40,0.04482761904761924
2026-05-20 23:53:20,0.04710619047619065
2026-05-20 23:55:00,0.05206714285714317
2026-05-20 23:56:40,0.0537833333333332
2026-05-20 23:58:20,0.048009523809524106
2026-05-21 00:00:00,0.04823714285714259
2026-05-21 00:01:40,0.04987285714285719
2026-05-21 00:03:20,0.04898190476190479
2026-05-21 00:05:00,0.04782190476190459
2026-05-21 00:06:40,0.04929047619047619
2026-05-21 00:08:20,0.05141666666666628
2026-05-21 00:10:00,0.05030523809523789
2026-05-21 00:11:40,0.052660952380952405
2026-05-21 00:13:20,0.052003809523809445
2026-05-21 00:15:00,0.052111428571428545
2026-05-21 00:16:40,0.052928571428571235
2026-05-21 00:18:20,0.05239333333333327
2026-05-21 00:20:00,0.05239142857142852
2026-05-21 00:21:40,0.05711666666666703
2026-05-21 00:23:20,0.059060000000000515
2026-05-21 00:25:00,0.05559238095238112
2026-05-21 00:26:40,0.05740428571428534
2026-05-21 00:28:20,0.06312714285714276
2026-05-21 00:30:00,0.06348142857142859
2026-05-21 00:31:40,0.062286666666666705
2026-05-21 00:33:20,0.06004238095238111
2026-05-21 00:35:00,0.057698571428571356
2026-05-21 00:36:40,0.05790523809523819
2026-05-21 00:38:20,0.05907761904761896
2026-05-21 00:40:00,0.05671047619047624
2026-05-21 00:41:40,0.05813904761904747
2026-05-21 00:45:00,0.05602047619047606
2026-05-21 00:46:40,0.05147904761904738
2026-05-21 00:48:20,0.050095714285714674
2026-05-21 00:50:00,0.04622428571428567
2026-05-21 00:51:40,0.04387571428571436
2026-05-21 00:53:20,0.04270190476190507
2026-05-21 00:55:00,0.04005190476190529
2026-05-21 00:56:40,0.0379771428571429
2026-05-21 00:58:20,0.035241428571428625
2026-05-21 01:00:00,0.03070285714285709
2026-05-21 01:01:40,0.027057142857142984
2026-05-21 01:03:20,0.02428190476190479
2026-05-21 01:05:00,0.019751904761904835
2026-05-21 01:06:40,0.017245238095237987
2026-05-21 01:08:20,0.015771904761904848
2026-05-21 01:10:00,0.012759523809523911
2026-05-21 01:11:40,0.010066666666666509
2026-05-21 01:13:20,0.008656190476190257
2026-05-21 01:15:00,0.005680476190476397
2026-05-21 01:16:40,0.00314952380952376
2026-05-21 01:18:20,0.0015461904761902324
2026-05-21 01:20:00,-0.0009823809523808649
2026-05-21 01:21:40,-0.004299047619047552
2026-05-21 01:23:20,-0.005539047619047544
2026-05-21 01:25:00,-0.008633809523809571
2026-05-21 01:26:40,-0.011223809523809473
2026-05-21 01:28:20,-0.01301761904761917
2026-05-21 01:30:00,-0.014280476190476402
2026-05-21 01:31:40,-0.01609238095238095
2026-05-21 01:33:20,-0.017659047619047834
2026-05-21 01:35:00,-0.019388571428571373
2026-05-21 01:36:40,-0.021031428571428472
2026-05-21 01:38:20,-0.021984761904761813
2026-05-21 01:40:00,-0.02300571428571458
2026-05-21 01:41:40,-0.025839047619047466
2026-05-21 01:45:00,-0.025216190476190472
2026-05-21 01:46:40,-0.026477619047618996
2026-05-21 01:48:20,-0.02501285714285735
2026-05-21 01:50:00,-0.024909047619047275
2026-05-21 01:51:40,-0.025272380952380873
2026-05-21 01:53:20,-0.025509047619047633
2026-05-21 01:55:00,-0.025793333333333453
2026-05-21 01:56:40,-0.02579095238095238
2026-05-21 01:58:20,-0.02500857142857133
2026-05-21 02:00:00,-0.023633333333333343
2026-05-21 02:01:40,-0.023003333333333487
2026-05-21 02:03:20,-0.023523809523809384
2026-05-21 02:05:00,-0.022806666666666545
2026-05-21 02:06:40,-0.021551428571428666
2026-05-21 02:08:20,-0.020746666666666566
2026-05-21 02:10:00,-0.019649523809523794
2026-05-21 02:11:40,-0.020281428571428783
2026-05-21 02:13:20,-0.02030523809523789
2026-05-21 02:15:00,-0.017810952380952504
2026-05-21 02:16:40,-0.016530000000000145
2026-05-21 02:18:20,-0.01626285714285721
2026-05-21 02:20:00,-0.014687619047619324
2026-05-21 02:21:40,-0.013586190476190495
2026-05-21 02:23:20,-0.013341428571428806
2026-05-21 02:25:00,-0.01214476190476202
2026-05-21 02:26:40,-0.011740476190475961
2026-05-21 02:28:20,-0.011025714285713856
2026-05-21 02:30:00,-0.01000761904761895
2026-05-21 02:31:40,-0.008785238095238129
2026-05-21 02:33:20,-0.008728095238095236
2026-05-21 02:35:00,-0.008238095238095197
2026-05-21 02:36:40,-0.007718095238095471
2026-05-21 02:38:20,-0.007616666666666531
2026-05-21 02:40:00,-0.007405238095237991
2026-05-21 02:41:40,-0.00734238095238067
2026-05-21 02:45:00,-0.007054761904761916
2026-05-21 02:46:40,-0.007064285714285639
2026-05-21 02:48:20,-0.007012857142857027
2026-05-21 02:50:00,-0.006775714285713991
2026-05-21 02:51:40,-0.006145714285714431
2026-05-21 02:53:20,-0.006000000000000185
2026-05-21 02:55:00,-0.005712857142857118
2026-05-21 02:56:40,-0.005426190476190455
2026-05-21 02:58:20,-0.005196666666666537
2026-05-21 03:00:00,-0.004815238095238269
2026-05-21 03:01:40,-0.0045842857142854
2026-05-21 03:03:20,-0.004280952380952385
2026-05-21 03:05:00,-0.0037395238095239676
2026-05-21 03:06:40,-0.003158095238095055
2026-05-21 03:08:20,-0.002974285714285744
2026-05-21 03:10:00,-0.0024623809523809485
2026-05-21 03:11:40,-0.0018576190476188039
2026-05-21 03:13:20,-0.0015366666666669
2026-05-21 03:15:00,-0.0005942857142858431
2026-05-21 03:16:40,-5.4761904762030446e-05
2026-05-21 03:18:20,0.0002314285714284381
2026-05-21 03:20:00,0.0012290476190471907
2026-05-21 03:21:40,0.001974285714285622
2026-05-21 03:23:20,0.002209047619048071
2026-05-21 03:25:00,0.002415714285714368
2026-05-21 03:26:40,0.0035790476190479953
2026-05-21 03:28:20,0.0037904761904756674
2026-05-21 03:30:00,0.00486238095238079
2026-05-21 03:31:40,0.005440952380952562
2026-05-21 03:33:20,0.005932857142856761
2026-05-21 03:35:00,0.007107619047619151
2026-05-21 03:36:40,0.007664285714285596
2026-05-21 03:38:20,0.007989999999999975
2026-05-21 03:40:00,0.0086385714285714
2026-05-21 03:41:40,0.009426666666666441
2026-05-21 03:45:00,0.011465238095238472
2026-05-21 03:46:40,0.014088095238095162
2026-05-21 03:48:20,0.01595761904761872
2026-05-21 03:50:00,0.015264285714286218
2026-05-21 03:51:40,0.019490476190476107
2026-05-21 03:53:20,0.01948476190476172
2026-05-21 03:55:00,0.022666666666666942
2026-05-21 03:56:40,0.024803809523809842
2026-05-21 03:58:20,0.02584523809523775
2026-05-21 04:00:00,0.027179523809523768
2026-05-21 04:01:40,0.03130666666666716
2026-05-21 04:03:20,0.032877619047619114
2026-05-21 04:05:00,0.034126666666666756
2026-05-21 04:06:40,0.03796000000000012
2026-05-21 04:08:20,0.03930190476190469
2026-05-21 04:10:00,0.0408385714285715
2026-05-21 04:11:40,0.04893904761904774
2026-05-21 04:13:20,0.05576333333333342
2026-05-21 04:15:00,0.05874809523809517
2026-05-21 04:16:40,0.06093619047619078
2026-05-21 04:18:20,0.06334285714285756
2026-05-21 04:20:00,0.06686476190476241
2026-05-21 04:21:40,0.06348190476190471
2026-05-21 04:23:20,0.061109523809523586
2026-05-21 04:25:00,0.0675347619047619
2026-05-21 04:26:40,0.0758757142857141
2026-05-21 04:28:20,0.080567142857143
2026-05-21 04:30:00,0.08714619047619063
2026-05-21 04:31:40,0.08821523809523824
2026-05-21 04:33:20,0.08636904761904735
2026-05-21 04:35:00,0.08797333333333396
2026-05-21 04:36:40,0.09065999999999998
2026-05-21 04:38:20,0.09068285714285725
2026-05-21 04:40:00,0.09526952380952403
2026-05-21 04:41:40,0.09248285714285723
2026-05-21 04:45:00,0.09002428571428582
2026-05-21 04:46:40,0.08597761904761901
2026-05-21 04:48:20,0.08482809523809504
2026-05-21 04:50:00,0.08390952380952363
2026-05-21 04:51:40,0.08006142857142898
2026-05-21 04:53:20,0.07247380952380955
2026-05-21 04:55:00,0.06595285714285708
2026-05-21 04:56:40,0.06437666666666692
2026-05-21 04:58:20,0.0631114285714286
2026-05-21 05:00:00,0.058314761904761786
2026-05-21 05:01:40,0.05454619047619037
2026-05-21 05:03:20,0.05253428571428588
2026-05-21 05:05:00,0.048257619047618855
2026-05-21 05:06:40,0.04671904761904777
2026-05-21 05:08:20,0.045905714285714015
2026-05-21 05:10:00,0.04368380952380931
2026-05-21 05:11:40,0.03756476190476182
2026-05-21 05:13:20,0.03517000000000044
2026-05-21 05:15:00,0.02938857142857154
2026-05-21 05:16:40,0.026391904761904818
2026-05-21 05:18:20,0.02644142857142854
2026-05-21 05:20:00,0.02362666666666695
2026-05-21 05:21:40,0.020171904761904818
2026-05-21 05:23:20,0.01811000000000021
2026-05-21 05:25:00,0.014683809523809184
2026-05-21 05:26:40,0.013557619047619016
2026-05-21 05:28:20,0.012372380952380876
2026-05-21 05:30:00,0.010672857142857078
2026-05-21 05:31:40,0.010370476190476059
2026-05-21 05:33:20,0.010505238095237554
2026-05-21 05:35:00,0.009195238095237982
2026-05-21 05:36:40,0.008700000000000046
2026-05-21 05:38:20,0.008060476190476108
2026-05-21 05:40:00,0.007974285714285892
2026-05-21 05:41:40,0.008365238095238233
2026-05-21 05:46:40,0.010766666666666676
2026-05-21 05:48:20,0.01218142857142827
2026-05-21 05:50:00,0.013394285714285787
2026-05-21 05:51:40,0.013438095238095048
2026-05-21 05:53:20,0.013763809523809924
2026-05-21 05:55:00,0.01572904761904755
2026-05-21 05:56:40,0.017235238095238293
2026-05-21 05:58:20,0.017352380952380838
2026-05-21 06:00:00,0.018881904761904836
2026-05-21 06:01:40,0.02158904761904777
2026-05-21 06:03:20,0.021899523809523775
2026-05-21 06:05:00,0.027450476190475998
2026-05-21 06:06:40,0.04178904761904777
2026-05-21 06:08:20,0.03555857142857151
2026-05-21 06:10:00,0.032968571428571035
2026-05-21 06:11:40,0.03259428571428577
2026-05-21 06:13:20,0.03386523809523804
2026-05-21 06:15:00,0.03419523809523836
2026-05-21 06:16:40,0.034720476190476086
2026-05-21 06:18:20,0.034617619047619265
2026-05-21 06:20:00,0.037729047619047815
2026-05-21 06:21:40,0.04130428571428556
2026-05-21 06:23:20,0.045615714285713704
2026-05-21 06:25:00,0.05398238095238092
2026-05-21 06:26:40,0.05525285714285731
2026-05-21 06:28:20,0.05583142857142885
2026-05-21 06:30:00,0.05689904761904761
2026-05-21 06:31:40,0.056240952380952426
2026-05-21 06:33:20,0.05686523809523777
2026-05-21 06:35:00,0.05542190476190483
2026-05-21 06:36:40,0.05274142857142853
2026-05-21 06:38:20,0.051650952380951874
2026-05-21 06:40:00,0.052110476190476075
2026-05-21 06:41:40,0.05193952380952359
2026-05-21 06:45:00,0.05166285714285718
2026-05-21 06:46:40,0.05542285714285701
2026-05-21 06:48:20,0.05482095238095211
2026-05-21 06:50:00,0.05483047619047617
2026-05-21 06:51:40,0.053227619047618954
2026-05-21 06:53:20,0.0550142857142851
2026-05-21 06:55:00,0.05300523809523813
2026-05-21 06:56:40,0.05493952380952336
2026-05-21 06:58:20,0.05119333333333281
2026-05-21 07:00:00,0.06339857142857136
2026-05-21 07:01:40,0.06555380952380925
2026-05-21 07:03:20,0.05411714285714296
2026-05-21 07:05:00,0.045835238095238845
2026-05-21 07:06:40,0.043764285714285436
2026-05-21 07:08:20,0.042937619047618836
2026-05-21 07:10:00,0.04405952380952376
2026-05-21 07:11:40,0.041930476190476185
2026-05-21 07:13:20,0.04426809523809496
2026-05-21 07:15:00,0.04690571428571444
2026-05-21 07:16:40,0.050629523809523194
2026-05-21 07:18:20,0.04786095238095215
2026-05-21 07:20:00,0.045229999999999916
2026-05-21 07:21:40,0.04633047619047612
2026-05-21 07:23:20,0.04653809523809535
2026-05-21 07:25:00,0.044100952380952976
2026-05-21 07:26:40,0.043954761904762454
2026-05-21 07:28:20,0.043329523809523665
2026-05-21 07:30:00,0.042586190476190056
2026-05-21 07:31:40,0.03796619047619036
2026-05-21 07:33:20,0.03543857142857125
2026-05-21 07:35:00,0.0344042857142857
2026-05-21 07:36:40,0.03368619047619037
2026-05-21 07:38:20,0.033672857142857705
2026-05-21 07:40:00,0.03169809523809515
2026-05-21 07:41:40,0.03459476190476111
2026-05-21 07:45:00,0.03982523809523853
2026-05-21 07:46:40,0.03803333333333305
2026-05-21 07:48:20,0.03449
2026-05-21 07:50:00,0.028753333333333964
2026-05-21 07:51:40,0.025314285714285553
2026-05-21 07:53:20,0.024133809523809474
2026-05-21 07:55:00,0.022161428571428374
2026-05-21 07:56:40,0.020571428571427915
2026-05-21 07:58:20,0.0208866666666671
2026-05-21 08:00:00,0.017907619047619464
2026-05-21 08:01:40,0.014357142857142811
2026-05-21 08:03:20,0.012972857142856335
2026-05-21 08:05:00,0.010588095238094584
2026-05-21 08:06:40,0.007885238095238136
2026-05-21 08:08:20,0.006748095238096202
2026-05-21 08:10:00,0.004377142857142351
2026-05-21 08:11:40,0.002381428571428503
2026-05-21 08:13:20,0.0006633333333336822
2026-05-21 08:15:00,-0.0013847619047616284
2026-05-21 08:16:40,-0.0036966666666665843
2026-05-21 08:18:20,-0.003759523809524268
2026-05-21 08:20:00,-0.0062833333333331964
2026-05-21 08:21:40,-0.007406190476190292
2026-05-21 08:23:20,-0.00855857142857154
2026-05-21 08:25:00,-0.00984380952381
2026-05-21 08:26:40,-0.010752380952380909
2026-05-21 08:28:20,-0.01050333333333335
2026-05-21 08:30:00,-0.011216190476190194
2026-05-21 08:31:40,-0.010485714285714124
2026-05-21 08:33:20,-0.010212380952380862
2026-05-21 08:35:00,-0.009311904761904778
2026-05-21 08:36:40,-0.009170952380952193
2026-05-21 08:38:20,-0.008476190476190335
2026-05-21 08:40:00,-0.008503333333333276
2026-05-21 08:41:40,-0.012483333333333381
2026-05-21 08:46:40,-0.005212857142857226
2026-05-21 08:48:20,-0.004508571428571581
2026-05-21 08:50:00,-0.005245238095237957
2026-05-21 08:51:40,-0.0034428571428572925
2026-05-21 08:53:20,-0.0018450476190475743
2026-05-21 08:55:00,-0.0015871428571427454
2026-05-21 08:56:40,-0.0003568095238095977
2026-05-21 08:58:20,0.0010907619047618826
2026-05-21 09:00:00,0.0016207619047619495
2026-05-21 09:01:40,0.0026419523809523907
2026-05-21 09:08:20,-0.01789857142857149
2026-05-21 09:11:40,0.0026995238095237403
2026-05-21 09:13:20,0.0016984761904762068
2026-05-21 09:15:00,0.0036344761904761828
2026-05-21 09:16:40,0.004337428571428529
2026-05-21 09:18:20,0.0060384285714285505
2026-05-21 09:20:00,0.004471190476190516
2026-05-21 09:21:40,0.0036497142857142666
2026-05-21 09:23:20,0.004510952380952438
2026-05-21 09:25:00,0.002223952380952383
2026-05-21 09:26:40,0.002109285714285744
2026-05-21 09:28:20,0.0008450000000000419
2026-05-21 09:30:00,-0.000901857142857166
2026-05-21 09:31:40,-0.0008596666666666926
2026-05-21 09:33:20,-0.002357857142857131
2026-05-21 09:35:00,-0.003349809523809562
2026-05-21 09:36:40,-0.005090857142857222
2026-05-21 09:38:20,-0.006487476190476182
2026-05-21 09:40:00,-0.007332904761904767
2026-05-21 09:41:40,-0.00874504761904755
2026-05-21 09:43:20,-0.009499523809523892
2026-05-21 09:45:00,-0.00966380952380956
2026-05-21 09:46:40,-0.010026190476190383
2026-05-21 09:48:20,-0.009510857142857175
2026-05-21 09:50:00,-0.012151761904761912
2026-05-21 09:51:40,-0.014751428571428433
2026-05-21 09:53:20,-0.012561904761904732
2026-05-21 09:55:00,-0.01004990476190471
2026-05-21 09:56:40,-0.009813809523809528
2026-05-21 09:58:20,-0.009499571428571444
2026-05-21 10:00:00,-0.008068333333333434
2026-05-21 10:01:40,-0.010090000000000092
2026-05-21 10:03:20,-0.012496952380952397
2026-05-21 10:05:00,-0.01306699999999986
2026-05-21 10:06:40,-0.01172428571428579
2026-05-21 10:08:20,-0.012325333333333457
2026-05-21 10:11:40,-0.012141476190476204
2026-05-21 10:13:20,-0.013804809523809417
2026-05-21 10:15:00,-0.014062095238095323
2026-05-21 10:16:40,-0.013702523809523769
2026-05-21 10:18:20,-0.013789761904761798
2026-05-21 10:20:00,-0.01388980952380945
2026-05-21 10:21:40,-0.012422285714285693
2026-05-21 10:23:20,-0.011119999999999967
2026-05-21 10:25:00,-0.011600619047619125
2026-05-21 10:26:40,-0.010591761904761843
2026-05-21 10:28:20,-0.010659809523809505
2026-05-21 10:30:00,-0.009208095238095156
2026-05-21 10:31:40,-0.003930952380952228
2026-05-21 10:33:20,-0.005007142857142417
2026-05-21 10:35:00,-0.0027933333333330446
2026-05-21 10:36:40,-0.0014285238095238146
2026-05-21 10:38:20,-0.0025221904761904847
2026-05-21 10:40:00,-0.003620571428571264
2026-05-21 10:41:40,-0.001621428571428578
2026-05-21 10:43:20,0.0008096666666667296
2026-05-21 10:45:00,0.0026309999999999285
2026-05-21 10:46:40,0.0038601904761904615
2026-05-21 10:48:20,0.003207857142857191
2026-05-21 10:50:00,0.005425333333333356
2026-05-21 10:51:40,0.008843666666666599
2026-05-21 10:53:20,0.010080476190476098
2026-05-21 10:55:00,0.011662857142857017
2026-05-21 10:56:40,0.013897619047619152
2026-05-21 10:58:20,0.014986666666666598
2026-05-21 11:00:00,0.01064442857142857
2026-05-21 11:01:40,0.010277238095238046
2026-05-21 11:03:20,0.009608095238095202
2026-05-21 11:05:00,0.009090857142857157
2026-05-21 11:06:40,0.006962095238095259
2026-05-21 11:08:20,0.0075356666666667235
2026-05-21 11:11:40,0.004817952380952342
2026-05-21 11:13:20,0.008743523809523887
2026-05-21 11:15:00,0.009247619047619055
2026-05-21 11:16:40,0.0033176190476189847
2026-05-21 11:18:20,0.0033081904761904594
2026-05-21 11:20:00,0.002721142857142845
2026-05-21 11:21:40,0.005446190476190332
2026-05-21 11:23:20,0.0019327142857143828
2026-05-21 11:25:00,0.0037861904761905913
2026-05-21 11:26:40,0.0006309523809524438
2026-05-21 11:28:20,0.0007808095238094762
2026-05-21 11:30:00,0.0004999999999999345
2026-05-21 11:31:40,0.0009104761904761074
2026-05-21 11:33:20,0.00011809523809530337
2026-05-21 11:35:00,-0.0009466666666666616
2026-05-21 11:36:40,-0.0019919047619047477
2026-05-21 11:38:20,-0.0015733333333332465
2026-05-21 11:40:00,-0.002009904761904842
2026-05-21 11:41:40,-0.00268619047619049
2026-05-21 11:43:20,-0.0027138095238097818
2026-05-21 11:45:00,-0.0025408571428572543
2026-05-21 11:46:40,-0.0022004285714284947
2026-05-21 11:48:20,-0.0023909999999999947
2026-05-21 11:50:00,-0.002318428571428589
2026-05-21 11:51:40,-0.002803904761904735
2026-05-21 11:53:20,-0.0027352380952382137
2026-05-21 11:55:00,-0.0026730000000000733
2026-05-21 11:56:40,-0.0031599999999999775
2026-05-21 11:58:20,-0.0036452380952380903
2026-05-21 12:00:00,-0.0031166666666664978
2026-05-21 12:01:40,-0.00397666666666675
2026-05-21 12:03:20,-0.003940952380952262
2026-05-21 12:05:00,-0.004290476190476162
2026-05-21 12:06:40,-0.004434761904761954
2026-05-21 12:08:20,-0.0045457142857142484
2026-05-21 12:11:40,-0.0052152380952381824
2026-05-21 12:13:20,-0.005018047619047635
2026-05-21 12:15:00,-0.006488095238095301
2026-05-21 12:16:40,-0.007909666666666667
2026-05-21 12:18:20,-0.008451000000000087
2026-05-21 12:20:00,-0.01108333333333327
2026-05-21 12:21:40,-0.01444095238095249
2026-05-21 12:23:20,-0.016479047619047525
2026-05-21 12:25:00,-0.022076190476190454
2026-05-21 12:26:40,-0.038916666666666856
2026-05-21 12:28:20,-0.035740476190476045
2026-05-21 12:30:00,-0.025037619047619225
2026-05-21 12:31:40,-0.025592190476190574
2026-05-21 12:33:20,-0.02573290476190479
2026-05-21 12:35:00,-0.031775238095238065
2026-05-21 12:36:40,-0.03141452380952378
2026-05-21 12:38:20,-0.03234471428571419
2026-05-21 12:40:00,-0.038052571428571436
2026-05-21 12:41:40,-0.04191752380952385
2026-05-21 12:43:20,-0.04316704761904746
2026-05-21 12:45:00,-0.0548457142857142
2026-05-21 12:46:40,-0.06863380952380953
2026-05-21 12:48:20,-0.11315809523809539
2026-05-21 12:50:00,-0.05296004761904769
2026-05-21 12:51:40,-0.05084776190476183
2026-05-21 12:53:20,-0.05880319047619041
2026-05-21 12:55:00,-0.06312095238095246
2026-05-21 12:56:40,-0.06777571428571438
2026-05-21 12:58:20,-0.06441809523809504
2026-05-21 13:00:00,-0.18703238095238123
2026-05-21 13:01:40,-0.05852838095238097
2026-05-21 13:03:20,-0.05877342857142861
2026-05-21 13:05:00,-0.05992538095238093
2026-05-21 13:06:40,-0.22509000000000012
2026-05-21 13:08:20,-0.22420095238095267
2026-05-21 13:11:40,-0.09066142857142842
2026-05-21 13:13:20,-0.15052809523809535
2026-05-21 13:15:00,-0.1166909523809524
2026-05-21 13:16:40,-0.1194490476190475
2026-05-21 13:18:20,-0.0728839047619047
2026-05-21 13:20:00,-0.06943666666666663
2026-05-21 13:21:40,-0.07016947619047623
2026-05-21 13:23:20,-0.07497638095238093
2026-05-21 13:25:00,-0.10059904761904763
2026-05-21 13:26:40,-0.08029790476190467
2026-05-21 13:28:20,-0.11083428571428579
2026-05-21 13:30:00,-0.12337047619047621
2026-05-21 13:31:40,-0.08599276190476177
2026-05-21 13:33:20,-0.08113595238095224
2026-05-21 13:35:00,-0.0634807142857142
2026-05-21 13:36:40,-0.07635047619047622
2026-05-21 13:38:20,-0.08119628571428576
2026-05-21 13:40:00,-0.08456880952380946
2026-05-21 13:41:40,-0.09827000000000001
2026-05-21 13:43:20,-0.08190376190476185
2026-05-21 13:45:00,-0.07670719047619035
2026-05-21 13:46:40,-0.07882433333333336
2026-05-21 13:48:20,-0.08151161904761914
2026-05-21 13:50:00,-0.07658290476190473
2026-05-21 13:51:40,-0.06394247619047619
2026-05-21 13:53:20,-0.10197761904761898
2026-05-21 13:55:00,-0.09226285714285722
2026-05-21 13:56:40,-0.08659390476190482
2026-05-21 13:58:20,-0.08049404761904759
2026-05-21 14:00:00,-0.07123014285714281
2026-05-21 14:01:40,-0.08194733333333332
2026-05-21 14:03:20,-0.06943004761904764
2026-05-21 14:05:00,-0.06962114285714284
2026-05-21 14:06:40,-0.09442142857142846
2026-05-21 14:08:20,-0.06846547619047613
2026-05-21 14:11:40,-0.09285809523809516
2026-05-21 14:13:20,-0.06822709523809514
2026-05-21 14:15:00,-0.06981023809523802
2026-05-21 14:16:40,-0.07016919047619055
2026-05-21 14:18:20,-0.06907876190476181
2026-05-21 14:20:00,-0.06926919047619044
2026-05-21 14:21:40,-0.10196809523809512
2026-05-21 14:23:20,-0.07868480952380952
2026-05-21 14:25:00,-0.07181838095238093
2026-05-21 14:26:40,-0.07240066666666668
2026-05-21 14:28:20,-0.9282714285714269
2026-05-21 14:30:00,-0.3013085714285716
2026-05-21 14:31:40,-0.17294809523809546
2026-05-21 14:33:20,-0.07634623809523819
2026-05-21 14:35:00,-0.06691185714285716
2026-05-21 14:36:40,-0.06994742857142867
2026-05-21 14:38:20,-0.07477395238095234
2026-05-21 14:40:00,-0.15324095238095217
2026-05-21 14:41:40,-0.09827190476190492
2026-05-21 14:43:20,-0.07037519047619056
2026-05-21 14:45:00,-0.06420857142857135
2026-05-21 14:46:40,-0.07128314285714295
2026-05-21 14:48:20,-0.0864980952380953
2026-05-21 14:50:00,-0.10636666666666672
2026-05-21 14:51:40,-0.10425142857142855
2026-05-21 14:53:20,-0.0888971428571427
2026-05-21 14:55:00,-0.07924376190476197
2026-05-21 14:56:40,-0.0718793333333334
2026-05-21 14:58:20,-0.0848571428571431
2026-05-21 15:00:00,-0.09115095238095254
2026-05-21 15:01:40,-0.0856342857142857
2026-05-21 15:03:20,-0.09726428571428562
2026-05-21 15:05:00,-0.09229857142857138
2026-05-21 15:06:40,-0.08953952380952399
2026-05-21 15:08:20,-0.08819571428571416
2026-05-21 15:11:40,-0.10828380952380971
2026-05-21 15:13:20,-0.10129666666666667
2026-05-21 15:15:00,-0.08483261904761905
2026-05-21 15:16:40,-0.08108466666666678
2026-05-21 15:18:20,-0.10452523809523824
2026-05-21 15:20:00,-0.08486866666666663
2026-05-21 15:21:40,-0.07588966666666676
2026-05-21 15:23:20,-0.08617547619047623
2026-05-21 15:25:00,-0.09231999999999994
2026-05-21 15:26:40,-0.10025333333333324
2026-05-21 15:28:20,-0.08723690476190472
2026-05-21 15:30:00,-0.09210380952380959
2026-05-21 15:31:40,-0.09493619047619058
2026-05-21 15:33:20,-0.08987999999999992
2026-05-21 15:35:00,-0.1043109523809525
2026-05-21 15:36:40,-0.12206285714285721
2026-05-21 15:38:20,-0.13631714285714283
2026-05-21 15:40:00,-0.15471047619047637
2026-05-21 15:41:40,-0.17480904761904728
2026-05-21 15:43:20,-0.19836238095238104
2026-05-21 15:45:00,-0.1585166666666668
2026-05-21 15:46:40,-0.1572242857142858
2026-05-21 15:48:20,-0.16150666666666655
2026-05-21 15:50:00,-0.14514285714285705
2026-05-21 15:51:40,-0.14321761904761907
2026-05-21 15:53:20,-0.15802904761904762
2026-05-21 15:55:00,-0.1583490476190478
2026-05-21 15:56:40,-0.14326333333333335
2026-05-21 15:58:20,-0.7411695238095238
2026-05-21 16:00:00,-0.254861904761905
2026-05-21 16:01:40,-0.1529304761904761
2026-05-21 16:03:20,-0.13452142857142868
2026-05-21 16:05:00,-0.11019380952380937
2026-05-21 16:06:40,-0.12345000000000012
2026-05-21 16:08:20,-0.13100380952380966
2026-05-21 16:11:40,-0.09893047619047617
2026-05-21 16:13:20,-0.09907952380952391
2026-05-21 16:15:00,-0.09790761904761904
2026-05-21 16:16:40,-0.10846904761904748
2026-05-21 16:18:20,-0.116194761904762
2026-05-21 16:20:00,-0.10544571428571406
2026-05-21 16:21:40,-0.10503571428571441
2026-05-21 16:23:20,-0.09487428571428567
2026-05-21 16:25:00,-0.1385838095238094
2026-05-21 16:26:40,-0.23026523809523777
2026-05-21 16:28:20,-0.10220333333333345
2026-05-21 16:30:00,-0.11212285714285711
2026-05-21 16:31:40,-0.097787619047619
2026-05-21 16:33:20,-0.09157666666666668
2026-05-21 16:35:00,-0.0923814285714287
2026-05-21 16:36:40,-0.09115714285714271
2026-05-21 16:38:20,-0.09094190476190496
2026-05-21 16:40:00,-0.08371380952380938
2026-05-21 16:41:40,-0.08330047619047597
2026-05-21 16:43:20,-0.07557800000000003
2026-05-21 16:45:00,-0.0777238095238094
2026-05-21 16:46:40,-0.07277695238095247
2026-05-21 16:48:20,-0.08574047619047624
2026-05-21 16:50:00,-0.06713933333333334
2026-05-21 16:51:40,-0.0650895714285714
2026-05-21 16:53:20,-0.06892966666666664
2026-05-21 16:55:00,-0.07140442857142855
2026-05-21 16:56:40,-0.08763095238095225
2026-05-21 16:58:20,-0.12395000000000003
2026-05-21 17:00:00,-0.12336380952380964
2026-05-21 17:01:40,-0.08613904761904774
2026-05-21 17:03:20,-0.07901428571428566
2026-05-21 17:05:00,-0.07405880952380953
2026-05-21 17:06:40,-0.07035385714285713
2026-05-21 17:08:20,-0.07159400000000006
2026-05-21 17:11:40,-0.06401723809523807
2026-05-21 17:13:20,-0.06649571428571421
2026-05-21 17:15:00,-0.07445428571428561
2026-05-21 17:16:40,-0.09671666666666659
2026-05-21 17:18:20,-0.09984428571428575
2026-05-21 17:20:00,-0.07399619047619059
2026-05-21 17:21:40,-0.0971409523809524
2026-05-21 17:23:20,-0.06274490476190468
2026-05-21 17:25:00,-0.09391619047619054
2026-05-21 17:26:40,-0.07910047619047614
2026-05-21 17:28:20,-0.07724809523809542
2026-05-21 17:30:00,-0.058417333333333335
2026-05-21 17:31:40,-0.06662561904761909
2026-05-21 17:33:20,-0.16991619047619022
2026-05-21 17:35:00,-0.10318285714285712
2026-05-21 17:36:40,-0.08230476190476199
2026-05-21 17:38:20,-0.07020857142857125
2026-05-21 17:40:00,-0.06397157142857134
2026-05-21 17:41:40,-0.0720861904761904
2026-05-21 17:43:20,-0.05591395238095245
2026-05-21 17:45:00,-0.07509809523809517
2026-05-21 17:46:40,-0.08060047619047622
2026-05-21 17:48:20,-0.06427038095238102
2026-05-21 17:50:00,-0.10129238095238097
2026-05-21 17:51:40,-0.13603
2026-05-21 17:53:20,-0.08993047619047612
2026-05-21 17:55:00,-0.09623666666666672
2026-05-21 17:56:40,-0.09362428571428591
2026-05-21 17:58:20,-0.055081571428571494
2026-05-21 18:00:00,-0.06682890476190483
2026-05-21 18:01:40,-0.0770138095238095
2026-05-21 18:03:20,-0.08767761904761924
2026-05-21 18:05:00,-0.0958747619047617
2026-05-21 18:06:40,-0.09106333333333325
2026-05-21 18:08:20,-0.09677809523809519
2026-05-21 18:11:40,-0.08554142857142841
2026-05-21 18:13:20,-0.08374142857142855
2026-05-21 18:15:00,-0.08610476190476192
2026-05-21 18:16:40,-0.07389809523809505
2026-05-21 18:18:20,-0.05626647619047619
2026-05-21 18:20:00,-0.06408333333333338
2026-05-21 18:21:40,-0.06362714285714292
2026-05-21 18:23:20,-0.06662571428571429
2026-05-21 18:25:00,-0.07217190476190471
2026-05-21 18:26:40,-0.06699999999999998
2026-05-21 18:28:20,-0.060503809523809536
2026-05-21 18:30:00,-0.059706666666666464
2026-05-21 18:31:40,-0.058934142857142824
2026-05-21 18:33:20,-0.07742047619047636
2026-05-21 18:35:00,-0.05936238095238077
2026-05-21 18:36:40,-0.05966904761904766
2026-05-21 18:38:20,-0.062077142857142824
2026-05-21 18:40:00,-0.06300666666666677
2026-05-21 18:41:40,-0.057540952380952394
2026-05-21 18:43:20,-0.06215333333333323
2026-05-21 18:45:00,-0.07786142857142837
2026-05-21 18:46:40,-0.08345523809523805
2026-05-21 18:48:20,-0.09361190476190458
2026-05-21 18:50:00,-0.0847457142857142
2026-05-21 18:51:40,-0.09905047619047608
2026-05-21 18:53:20,-0.10640857142857144
2026-05-21 18:55:00,-0.10344380952380963
2026-05-21 18:56:40,-0.07765761904761925
2026-05-21 18:58:20,-0.08955857142857145
2026-05-21 19:00:00,-0.09051047619047634
2026-05-21 19:01:40,-0.08250619047619044
2026-05-21 19:03:20,-0.07377666666666662
2026-05-21 19:05:00,-0.09898761904761907
2026-05-21 19:06:40,-0.0930209523809523
2026-05-21 19:08:20,-0.08806142857142871
2026-05-21 19:11:40,-0.10237809523809524
2026-05-21 19:13:20,-0.10864095238095237
2026-05-21 19:15:00,-0.08270142857142881
2026-05-21 19:16:40,-0.08368523809523801
2026-05-21 19:18:20,-0.08377857142857141
2026-05-21 19:20:00,-0.0818771428571429
2026-05-21 19:21:40,-0.08292571428571441
2026-05-21 19:23:20,-0.09105476190476186
2026-05-21 19:25:00,-0.09294190476190478
2026-05-21 19:26:40,-0.08707904761904775
2026-05-21 19:28:20,-0.07623142857142859
2026-05-21 19:30:00,-0.07327142857142871
2026-05-21 19:31:40,-0.08126238095238109
2026-05-21 19:33:20,-0.09581238095238083
2026-05-21 19:35:00,-0.08505047619047597
2026-05-21 19:36:40,-0.08984857142857129
2026-05-21 19:38:20,-0.10005666666666635
2026-05-21 19:40:00,-0.09862761904761902
2026-05-21 19:41:40,-0.08535523809523815
2026-05-21 19:43:20,-0.07737952380952359
2026-05-21 19:45:00,-0.0788104761904763
2026-05-21 19:46:40,-0.07383095238095232
2026-05-21 19:48:20,-0.08657619047619047
2026-05-21 19:50:00,-0.09588095238095262
2026-05-21 19:51:40,-0.10722714285714278
2026-05-21 19:53:20,-0.08824428571428566
2026-05-21 19:55:00,-0.08325142857142873
2026-05-21 19:56:40,-0.086471904761905
2026-05-21 19:58:20,-0.0768209523809523
2026-05-21 20:00:00,-0.07057095238095237
2026-05-21 20:01:40,-0.07989714285714294
2026-05-21 20:03:20,-0.07790809523809519
2026-05-21 20:05:00,-0.08115904761904758
2026-05-21 20:06:40,-0.07152285714285728
2026-05-21 20:08:20,-0.06910761904761906
2026-05-21 20:11:40,-0.06865619047619043
2026-05-21 20:13:20,-0.07617047619047623
2026-05-21 20:15:00,-0.07163571428571423
2026-05-21 20:16:40,-0.07221476190476203
2026-05-21 20:18:20,-0.08103904761904779
2026-05-21 20:20:00,-0.07897619047619059
2026-05-21 20:21:40,-0.08275380952380959
2026-05-21 20:23:20,-0.07825571428571423
2026-05-21 20:25:00,-0.0677780952380954
2026-05-21 20:26:40,-0.06589190476190461
2026-05-21 20:28:20,-0.0697266666666667
2026-05-21 20:30:00,-0.06663333333333321
2026-05-21 20:31:40,-0.06636952380952385
2026-05-21 20:33:20,-0.06639619047619062
2026-05-21 20:35:00,-0.0693704761904762
2026-05-21 20:36:40,-0.06529047619047601
2026-05-21 20:38:20,-0.06492190476190476
2026-05-21 20:40:00,-0.05971904761904753
2026-05-21 20:41:40,-0.06044476190476189
2026-05-21 20:43:20,-0.06418238095238085
2026-05-21 20:45:00,-0.06629380952380942
2026-05-21 20:46:40,-0.06863476190476187
2026-05-21 20:48:20,-0.06544952380952365
2026-05-21 20:50:00,-0.05799952380952379
2026-05-21 20:51:40,-0.05880809523809522
2026-05-21 20:53:20,-0.05661190476190471
2026-05-21 20:55:00,-0.05503523809523812
2026-05-21 20:56:40,-0.05651666666666656
2026-05-21 20:58:20,-0.05744857142857153
2026-05-21 21:00:00,-0.06356238095238106
2026-05-21 21:01:40,-0.059690476190476065
2026-05-21 21:03:20,-0.06576190476190497
2026-05-21 21:05:00,-0.05991714285714285
2026-05-21 21:06:40,-0.05746761904761894
2026-05-21 21:08:20,-0.05899428571428574
2026-05-21 21:11:40,-0.05057428571428565
2026-05-21 21:13:20,-0.04820519047619062
2026-05-21 21:15:00,-0.04855904761904778
2026-05-21 21:16:40,-0.04814285714285712
2026-05-21 21:18:20,-0.04448761904761908
2026-05-21 21:20:00,-0.045427142857142944
2026-05-21 21:21:40,-0.04390714285714292
2026-05-21 21:23:20,-0.03831761904761902
2026-05-21 21:25:00,-0.035327619047618976
2026-05-21 21:26:40,-0.03558047619047603
2026-05-21 21:28:20,-0.03236952380952386
2026-05-21 21:30:00,-0.028138095238095108
2026-05-21 21:31:40,-0.02610190476190467
2026-05-21 21:33:20,-0.023839523809523824
2026-05-21 21:35:00,-0.019709047619047432
2026-05-21 21:36:40,-0.017328571428571485
2026-05-21 21:38:20,-0.013249047619047596
2026-05-21 21:40:00,-0.012194761904761795
2026-05-21 21:41:40,-0.01375142857142871
2026-05-21 21:43:20,-0.00345047619047603
2026-05-21 21:45:00,0.0005952380952380931
2026-05-21 21:46:40,0.0032914285714286708
2026-05-21 21:48:20,0.00867428571428574
2026-05-21 21:50:00,0.012217142857143034
2026-05-21 21:51:40,0.017389999999999996
2026-05-21 21:53:20,0.022642857142857253
2026-05-21 21:55:00,0.02934904761904754
2026-05-21 21:56:40,0.028770000000000028
2026-05-21 21:58:20,0.03290666666666675
2026-05-21 22:00:00,0.039325714285714124
2026-05-21 22:01:40,0.04130952380952399
2026-05-21 22:03:20,0.044332380952380956
2026-05-21 22:05:00,0.04358999999999992
2026-05-21 22:06:40,0.04820952380952378
2026-05-21 22:08:20,0.050039523809523784
2026-05-21 22:11:40,0.05139142857142845
2026-05-21 22:13:20,0.05439999999999991
2026-05-21 22:15:00,0.052321428571428706
2026-05-21 22:16:40,0.055546666666666716
2026-05-21 22:18:20,0.05664619047619051
2026-05-21 22:20:00,0.06036333333333336
2026-05-21 22:21:40,0.0654276190476192
2026-05-21 22:23:20,0.07540142857142851
2026-05-21 22:25:00,0.09559952380952413
2026-05-21 22:26:40,0.11034619047619082
2026-05-21 22:28:20,0.10187285714285704
2026-05-21 22:30:00,0.11946523809523794
2026-05-21 22:31:40,0.10849571428571392
2026-05-21 22:33:20,0.07143190476190475
2026-05-21 22:35:00,0.06035190476190481
2026-05-21 22:36:40,0.08004428571428572
2026-05-21 22:38:20,0.11485761904761942
2026-05-21 22:40:00,0.10670476190476172
2026-05-21 22:41:40,0.11407476190476187
2026-05-21 22:43:20,0.11654190476190437
2026-05-21 22:45:00,0.10577619047619086
2026-05-21 22:46:40,0.11617142857142866
2026-05-21 22:48:20,0.10711190476190492
2026-05-21 22:50:00,0.10586666666666655
2026-05-21 22:51:40,0.10594047619047639
2026-05-21 22:53:20,0.09915619047618997
2026-05-21 22:55:00,0.0896342857142856
2026-05-21 22:56:40,0.08424380952380944
2026-05-21 22:58:20,0.08075380952380934
2026-05-21 23:00:00,0.07404523809523783
2026-05-21 23:01:40,0.06948476190476191
2026-05-21 23:03:20,0.062259047619047714
2026-05-21 23:05:00,0.06236285714285706
2026-05-21 23:06:40,0.062367142857143024
2026-05-21 23:08:20,0.06555523809523817
2026-05-21 23:11:40,0.06644904761904757
2026-05-21 23:13:20,0.06487285714285722
2026-05-21 23:15:00,0.05033380952380939
2026-05-21 23:16:40,0.05702285714285732
2026-05-21 23:18:20,0.057083809523809446
2026-05-21 23:20:00,0.05904333333333321
2026-05-21 23:21:40,0.05449476190476176
2026-05-21 23:23:20,0.05389047619047601
2026-05-21 23:25:00,0.050606666666666626
2026-05-21 23:26:40,0.05474619047619062
2026-05-21 23:28:20,0.0529361904761904
2026-05-21 23:30:00,0.05292095238095233
2026-05-21 23:31:40,0.05545047619047622
2026-05-21 23:33:20,0.05607095238095259
2026-05-21 23:35:00,0.0518571428571429
2026-05-21 23:36:40,0.05515142857142856
2026-05-21 23:38:20,0.05447619047619043
2026-05-21 23:40:00,0.05257904761904755
2026-05-21 23:41:40,0.05968523809523808
2026-05-21 23:43:20,0.05916238095238101
2026-05-21 23:45:00,0.05985904761904768
2026-05-21 23:46:40,0.05934571428571417
2026-05-21 23:48:20,0.06254428571428555
2026-05-21 23:50:00,0.06477666666666677
2026-05-21 23:51:40,0.06114952380952375
2026-05-21 23:53:20,0.06217238095238081
2026-05-21 23:55:00,0.06248809523809537
2026-05-21 23:56:40,0.06261238095238116
2026-05-21 23:58:20,0.06346238095238095
2026-05-22 00:00:00,0.06627904761904786
2026-05-22 00:01:40,0.07096142857142826
2026-05-22 00:03:20,0.08338142857142848
2026-05-22 00:05:00,0.08287380952380957
2026-05-22 00:06:40,0.08751714285714263
2026-05-22 00:08:20,0.10260285714285665
2026-05-22 00:11:40,0.1004576190476196
2026-05-22 00:13:20,0.09841666666666712
2026-05-22 00:15:00,0.10150333333333361
2026-05-22 00:16:40,0.1031047619047615
2026-05-22 00:18:20,0.10894571428571415
2026-05-22 00:20:00,0.10865285714285676
2026-05-22 00:21:40,0.10672999999999977
2026-05-22 00:23:20,0.1079490476190477
2026-05-22 00:25:00,0.10453047619047624
2026-05-22 00:26:40,0.10508238095238101
2026-05-22 00:28:20,0.10446666666666683
2026-05-22 00:30:00,0.10247000000000024
2026-05-22 00:31:40,0.1024714285714287
2026-05-22 00:33:20,0.0939752380952384
2026-05-22 00:35:00,0.09114047619047592
2026-05-22 00:36:40,0.08488523809523835
2026-05-22 00:38:20,0.0835757142857142
2026-05-22 00:40:00,0.08793000000000023
2026-05-22 00:41:40,0.09184761904761915
2026-05-22 00:43:20,0.09098190476190524
2026-05-22 00:45:00,0.09370000000000027
2026-05-22 00:46:40,0.09584571428571431
2026-05-22 00:48:20,0.09935523809523825
2026-05-22 00:50:00,0.09766761904761942
2026-05-22 00:51:40,0.0960019047619048
2026-05-22 00:53:20,0.09176571428571434
2026-05-22 00:55:00,0.08957333333333348
2026-05-22 00:56:40,0.08812666666666658
2026-05-22 00:58:20,0.08377095238095246
2026-05-22 01:00:00,0.08424952380952336
2026-05-22 01:01:40,0.08361571428571409
2026-05-22 01:03:20,0.0830000000000001
2026-05-22 01:05:00,0.08373857142857186
2026-05-22 01:06:40,0.0932842857142856
2026-05-22 01:08:20,0.09733904761904738
2026-05-22 01:11:40,0.09373619047619064
2026-05-22 01:13:20,0.0931204761904763
2026-05-22 01:15:00,0.09173999999999995
2026-05-22 01:16:40,0.0848819047619046
2026-05-22 01:18:20,0.08151380952380993
2026-05-22 01:20:00,0.08267095238095191
2026-05-22 01:21:40,0.08292714285714269
2026-05-22 01:23:20,0.05671476190476164
2026-05-22 01:25:00,0.06856523809523829
2026-05-22 01:26:40,0.06465619047619037
2026-05-22 01:28:20,0.059770000000000045
2026-05-22 01:30:00,0.05862619047619032
2026-05-22 01:31:40,0.06237571428571442
2026-05-22 01:33:20,0.03865333333333324
2026-05-22 01:35:00,0.04807619047619048
2026-05-22 01:36:40,0.04726285714285717
2026-05-22 01:38:20,0.04152428571428588
2026-05-22 01:40:00,0.04036714285714281
2026-05-22 01:41:40,0.039243809523809625
2026-05-22 01:43:20,0.03975761904761891
2026-05-22 01:45:00,0.03818761904761903
2026-05-22 01:46:40,0.03970285714285724
2026-05-22 01:48:20,0.037220000000000066
2026-05-22 01:50:00,0.04111904761904785
2026-05-22 01:51:40,0.040370952380952375
2026-05-22 01:53:20,0.047024285714285616
2026-05-22 01:55:00,0.04917809523809495
2026-05-22 01:56:40,0.04689619047619057
2026-05-22 01:58:20,0.05103619047619047
2026-05-22 02:00:00,0.05399904761904734
2026-05-22 02:01:40,0.05619476190476204
2026-05-22 02:03:20,0.056890952380952375
2026-05-22 02:05:00,0.05512809523809497
2026-05-22 02:06:40,0.05279904761904775
2026-05-22 02:08:20,0.05529523809523812
2026-05-22 02:11:40,0.05285380952380939
2026-05-22 02:13:20,0.05245809523809522
2026-05-22 02:15:00,0.051372857142857144
2026-05-22 02:16:40,0.04866000000000001
2026-05-22 02:18:20,0.05253523809523778
2026-05-22 02:20:00,0.05117142857142866
2026-05-22 02:21:40,0.04898238095238091
2026-05-22 02:23:20,0.04640047619047618
2026-05-22 02:25:00,0.04665238095238103
2026-05-22 02:26:40,0.046668095238095
2026-05-22 02:28:20,0.04786761904761891
2026-05-22 02:30:00,0.05255000000000024
2026-05-22 02:31:40,0.05251047619047618
2026-05-22 02:33:20,0.053935714285714254
2026-05-22 02:35:00,0.053731904761904536
2026-05-22 02:36:40,0.05272619047619057
2026-05-22 02:38:20,0.04692047619047638
2026-05-22 02:40:00,0.04905809523809518
2026-05-22 02:41:40,0.051179523809523876
2026-05-22 02:43:20,0.055271428571428784
2026-05-22 02:45:00,0.0525547619047619
2026-05-22 02:46:40,0.05649190476190452
2026-05-22 02:48:20,0.05449285714285704
2026-05-22 02:50:00,0.05055047619047626
2026-05-22 02:51:40,0.05343857142857149
2026-05-22 02:53:20,0.05570285714285713
2026-05-22 02:55:00,0.0444980952380951
2026-05-22 02:56:40,0.0412980952380953
2026-05-22 02:58:20,0.050169523809523456
2026-05-22 03:00:00,0.0495761904761907
2026-05-22 03:01:40,0.04940047619047597
2026-05-22 03:03:20,0.05222285714285696
2026-05-22 03:05:00,0.04765761904761904
2026-05-22 03:06:40,0.04833809523809546
2026-05-22 03:08:20,0.05538047619047605
2026-05-22 03:11:40,0.06354333333333295
2026-05-22 03:13:20,0.06013999999999962
2026-05-22 03:15:00,0.055627619047619155
2026-05-22 03:16:40,0.06066428571428606
2026-05-22 03:18:20,0.0608128571428573
2026-05-22 03:20:00,0.05855000000000009
2026-05-22 03:21:40,0.05913285714285682
2026-05-22 03:23:20,0.05756523809523793
2026-05-22 03:25:00,0.06302095238095241
2026-05-22 03:26:40,0.06365666666666654
2026-05-22 03:28:20,0.06501238095238072
2026-05-22 03:30:00,0.063230476190476
2026-05-22 03:31:40,0.07120857142857168
2026-05-22 03:33:20,0.06936047619047603
2026-05-22 03:35:00,0.06011571428571427
2026-05-22 03:36:40,0.06428476190476205
2026-05-22 03:38:20,0.06162809523809522
2026-05-22 03:40:00,0.06962523809523799
2026-05-22 03:41:40,0.07012142857142845
2026-05-22 03:43:20,0.06918857142857149
2026-05-22 03:45:00,0.0529709523809524
2026-05-22 03:46:40,0.05401761904761902
2026-05-22 03:48:20,0.050686190476190524
2026-05-22 03:50:00,0.052909999999999874
2026-05-22 03:51:40,0.05251761904761881
2026-05-22 03:53:20,0.051893333333333555
2026-05-22 03:55:00,0.04976714285714296
2026-05-22 03:56:40,0.049416666666666546
2026-05-22 03:58:20,0.03441133333333322
2026-05-22 04:00:00,0.0362040476190477
2026-05-22 04:01:40,0.03225461904761903
2026-05-22 04:03:20,0.027879333333333315
2026-05-22 04:05:00,0.03269033333333335
2026-05-22 04:06:40,0.031398857142857235
2026-05-22 04:08:20,0.03084171428571425
2026-05-22 04:11:40,0.02941614285714282
2026-05-22 04:13:20,0.027634476190476046
2026-05-22 04:15:00,0.02784342857142845
2026-05-22 04:16:40,0.028563476190476236
2026-05-22 04:18:20,0.022574904761904775
2026-05-22 04:20:00,0.02781652380952384
2026-05-22 04:21:40,0.025760809523809384
2026-05-22 04:23:20,0.023329238095238045
2026-05-22 04:25:00,0.023698523809523694
2026-05-22 04:26:40,0.02098266666666681
2026-05-22 04:28:20,0.020759238095238115
2026-05-22 04:30:00,0.019112952380952352
2026-05-22 04:31:40,0.017884047619047605
2026-05-22 04:33:20,0.017629333333333313
2026-05-22 04:35:00,0.015457476190476136
2026-05-22 04:36:40,0.015975428571428512
2026-05-22 04:38:20,0.019230761904761955
2026-05-22 04:40:00,0.019056238095238202
2026-05-22 04:41:40,0.019360714285714304
2026-05-22 04:43:20,0.021140476190476216
2026-05-22 04:45:00,0.019704761904761944
2026-05-22 04:46:40,0.017906666666666557
2026-05-22 04:48:20,0.017677619047619015
2026-05-22 04:50:00,0.015502857142856966
2026-05-22 04:51:40,0.01789809523809518
2026-05-22 04:53:20,0.014811904761904911
2026-05-22 04:55:00,0.01130123809523816
2026-05-22 04:56:40,0.010812952380952453
2026-05-22 04:58:20,0.008739095238095209
2026-05-22 05:00:00,0.008569428571428532
2026-05-22 05:01:40,0.008038857142857087
2026-05-22 05:03:20,0.00885938095238103
2026-05-22 05:05:00,0.006302190476190527
2026-05-22 05:06:40,0.008246523809523731
2026-05-22 05:08:20,0.008341095238095357
2026-05-22 05:11:40,0.009565714285714125
2026-05-22 05:13:20,0.010691904761904672
2026-05-22 05:15:00,0.01223095238095236
2026-05-22 05:16:40,0.011750952380952199
2026-05-22 05:18:20,0.01233952380952374
2026-05-22 05:20:00,0.011288571428571516
2026-05-22 05:21:40,0.012421904761904683
2026-05-22 05:23:20,0.014530476190476295
2026-05-22 05:25:00,0.01182619047619049
2026-05-22 05:26:40,0.010452380952381091
2026-05-22 05:28:20,0.010826190476190685
2026-05-22 05:30:00,0.010711428571428663
2026-05-22 05:31:40,0.010736190476190476
2026-05-22 05:33:20,0.010590476190476091
2026-05-22 05:35:00,0.011244761904761789
2026-05-22 05:36:40,0.011014285714285643
2026-05-22 05:38:20,0.008745238095238205
2026-05-22 05:40:00,0.00804714285714292
2026-05-22 05:41:40,0.009358571428571412
2026-05-22 05:43:20,0.008225714285714376
2026-05-22 05:45:00,0.0090904761904763
2026-05-22 05:46:40,0.008639047619047593
2026-05-22 05:48:20,0.007960476190475971
2026-05-22 05:50:00,0.008049523809523527
2026-05-22 05:51:40,0.007758095238095374
2026-05-22 05:53:20,0.009205238095238068
2026-05-22 05:55:00,0.0073309523809527
2026-05-22 05:56:40,0.007470000000000426
2026-05-22 05:58:20,0.00782047619047593
2026-05-22 06:00:00,0.00678190476190436
2026-05-22 06:01:40,0.006214285714285569
2026-05-22 06:03:20,0.004818571428571403
2026-05-22 06:05:00,0.005448571428571343
2026-05-22 06:06:40,0.005674285714285817
2026-05-22 06:08:20,0.006301904761904514
2026-05-22 06:11:40,0.006309523809523845
2026-05-22 06:13:20,0.00598238095238062
2026-05-22 06:15:00,0.005713333333333375
2026-05-22 06:16:40,0.0058976190476191966
2026-05-22 06:18:20,0.004962380952380727
2026-05-22 06:20:00,0.0037609523809520873
2026-05-22 06:21:40,0.0032604761904760447
2026-05-22 06:23:20,0.0018623809523808255
2026-05-22 06:25:00,0.000269999999999845
2026-05-22 06:26:40,-0.0006395238095238329
2026-05-22 06:28:20,-0.0030485714285712687
2026-05-22 06:30:00,-0.004943809523809873
2026-05-22 06:31:40,-0.005611428571428684
2026-05-22 06:33:20,-0.008289999999999666
2026-05-22 06:35:00,-0.010328095238094996
2026-05-22 06:36:40,-0.012415714285714672
2026-05-22 06:38:20,-0.01152571428571398
2026-05-22 06:40:00,-0.01168095238095233
2026-05-22 06:41:40,-0.01116142857142848
2026-05-22 06:43:20,-0.012569047619047445
2026-05-22 06:45:00,-0.028488571428570995
2026-05-22 06:46:40,-0.027952857142857366
2026-05-22 06:48:20,-0.018725714285714075
2026-05-22 06:50:00,-0.020449047619047256
2026-05-22 06:51:40,-0.017115714285714165
2026-05-22 06:53:20,-0.021237619047619498
2026-05-22 06:55:00,-0.03214952380952399
2026-05-22 06:56:40,-0.03489047619047625
2026-05-22 06:58:20,-0.030698095238095177
2026-05-22 07:00:00,-0.02750571428571412
2026-05-22 07:01:40,-0.03203571428571449
2026-05-22 07:03:20,-0.024450952380952354
2026-05-22 07:05:00,-0.028712380952381246
2026-05-22 07:06:40,-0.03231952380952346
2026-05-22 07:08:20,-0.03208190476190484
2026-05-22 07:11:40,-0.03808428571428559
2026-05-22 07:13:20,-0.04611380952380968
2026-05-22 07:15:00,-0.04165476190476208
2026-05-22 07:16:40,-0.039930000000000125
2026-05-22 07:18:20,-0.04367190476190422
2026-05-22 07:20:00,-0.05092142857142876
2026-05-22 07:21:40,-0.04872000000000011
2026-05-22 07:23:20,-0.056738095238095684
2026-05-22 07:25:00,-0.05664952380952372
2026-05-22 07:26:40,-0.05219476190476158
2026-05-22 07:28:20,-0.04346238095238125
2026-05-22 07:30:00,-0.03925571428571416
2026-05-22 07:31:40,-0.03616095238095304
2026-05-22 07:33:20,-0.034768095238095154
2026-05-22 07:35:00,-0.03293047619047643
2026-05-22 07:36:40,-0.035060952380952734
2026-05-22 07:38:20,-0.03767904761904763
2026-05-22 07:40:00,-0.031274761904761854
2026-05-22 07:41:40,-0.03365809523809539
2026-05-22 07:43:20,-0.03528333333333303
2026-05-22 07:45:00,-0.029600476190476444
2026-05-22 07:46:40,-0.02760904761904743
2026-05-22 07:48:20,-0.03246380952380997
2026-05-22 07:50:00,-0.03638238095238085
2026-05-22 07:51:40,-0.04618000000000013
2026-05-22 07:53:20,-0.029053333333333323
2026-05-22 07:55:00,-0.02900476190476204
2026-05-22 07:56:40,-0.02881619047619056
2026-05-22 07:58:20,-0.031196666666666678
2026-05-22 08:00:00,-0.037012380952381255
2026-05-22 08:01:40,-0.02966380952380981
2026-05-22 08:03:20,-0.031782857142857356
2026-05-22 08:05:00,-0.01820952380952393
2026-05-22 08:06:40,-0.020435714285714387
2026-05-22 08:08:20,-0.02439904761904758
2026-05-22 08:11:40,-0.023115238095238085
2026-05-22 08:13:20,-0.02771666666666674
2026-05-22 08:15:00,-0.024193809523809662
2026-05-22 08:16:40,-0.02293523809523826
2026-05-22 08:18:20,-0.02164619047619056
2026-05-22 08:20:00,-0.016638095238095247
2026-05-22 08:21:40,-0.014520476190476209
2026-05-22 08:23:20,-0.016722380952380888
2026-05-22 08:25:00,-0.013622857142857107
2026-05-22 08:26:40,-0.016851428571428496
2026-05-22 08:28:20,-0.013524285714285846
2026-05-22 08:30:00,-0.014671904761904905
2026-05-22 08:31:40,-0.013591904761904777
2026-05-22 08:33:20,-0.011647142857142946
2026-05-22 08:35:00,-0.010339523809523823
2026-05-22 08:36:40,-0.011255714285714136
2026-05-22 08:38:20,-0.009642380952380977
2026-05-22 08:40:00,-0.013981904761905025
2026-05-22 08:41:40,-0.011424761904761879
2026-05-22 08:43:20,-0.01017904761904746
2026-05-22 08:45:00,-0.008441904761904661
2026-05-22 08:46:40,-0.004598380952380823
2026-05-22 08:48:20,-0.00571809523809512
2026-05-22 08:50:00,-0.004537142857142838
2026-05-22 08:51:40,-0.004308095238095114
2026-05-22 08:53:20,-0.003926190476190462
2026-05-22 08:55:00,-0.003252380952380922
2026-05-22 08:56:40,-0.002787142857142835
2026-05-22 08:58:20,-0.0015923809523808955
2026-05-22 09:00:00,-0.001813333333333265
2026-05-22 09:01:40,-0.0015247619047618704
2026-05-22 09:03:20,-0.0010457142857141898
2026-05-22 09:05:00,-0.0006319047619047992
2026-05-22 09:06:40,-0.0007447619047619308
2026-05-22 09:08:20,-0.00030523809523818127
2026-05-22 09:11:40,0.00065428571428575
2026-05-22 09:13:20,0.0009771428571427134
2026-05-22 09:15:00,0.0023433333333332156
2026-05-22 09:16:40,0.002762380952380884
2026-05-22 09:18:20,0.006419523809523582
2026-05-22 09:20:00,0.008139047619047384
2026-05-22 09:21:40,0.009469523809523716
2026-05-22 09:23:20,0.008382380952380948
2026-05-22 09:25:00,0.009212047619047656
2026-05-22 09:26:40,0.012254761904762157
2026-05-22 09:28:20,0.01549476190476192
2026-05-22 09:30:00,0.01580380952380945
2026-05-22 09:31:40,0.01776619047619043
2026-05-22 09:33:20,0.015319523809523701
2026-05-22 09:35:00,0.021935714285714232
2026-05-22 09:36:40,0.022877142857142978
2026-05-22 09:38:20,0.022727619047618983
2026-05-22 09:40:00,0.025271904761904808
2026-05-22 09:41:40,0.031033809523809533
2026-05-22 09:43:20,0.03738238095238112
2026-05-22 09:45:00,0.02965495238095242
2026-05-22 09:46:40,0.03207904761904738
2026-05-22 09:48:20,0.03644428571428581
2026-05-22 09:50:00,0.03348923809523814
2026-05-22 09:51:40,0.03935333333333313
2026-05-22 09:53:20,0.040040476190476355
2026-05-22 09:55:00,0.05149571428571441
2026-05-22 09:56:40,0.03953952380952381
2026-05-22 09:58:20,0.058567619047618966
2026-05-22 10:00:00,0.07117333333333337
2026-05-22 10:01:40,0.050565714285714186
2026-05-22 10:03:20,0.047502380952380824
2026-05-22 10:05:00,0.06423999999999991
2026-05-22 10:06:40,0.06324714285714277
2026-05-22 10:08:20,0.06055809523809508
2026-05-22 10:11:40,0.05591619047619051
2026-05-22 10:13:20,0.03495757142857145
2026-05-22 10:15:00,0.040093333333333196
2026-05-22 10:16:40,0.04073714285714286
2026-05-22 10:18:20,0.04022047619047619
2026-05-22 10:20:00,0.03199971428571438
2026-05-22 10:21:40,0.026469904761904882
2026-05-22 10:23:20,0.03290523809523817
2026-05-22 10:25:00,0.04302428571428572
2026-05-22 10:26:40,0.04710000000000002
2026-05-22 10:28:20,0.04228095238095226
2026-05-22 10:30:00,0.017884761904762098
2026-05-22 10:31:40,0.02198857142857135
2026-05-22 10:33:20,0.015433238095238121
2026-05-22 10:35:00,0.012740476190476299
2026-05-22 10:36:40,0.012767619047619054
2026-05-22 10:38:20,0.014201428571428497
2026-05-22 10:40:00,0.009647619047619032
2026-05-22 10:41:40,0.008625714285714195
2026-05-22 10:43:20,0.012061904761904881
2026-05-22 10:45:00,0.010368571428571453
2026-05-22 10:46:40,0.007605714285714469
2026-05-22 10:48:20,0.00269952380952371
2026-05-22 10:50:00,-0.0014866666666667949
2026-05-22 10:51:40,-0.000954761904762038
2026-05-22 10:53:20,-0.005249047619047485
2026-05-22 10:55:00,-0.010490476190476179
2026-05-22 10:56:40,-0.015089523809523761
2026-05-22 10:58:20,-0.018633809523809813
2026-05-22 11:00:00,-0.01945238095238102
2026-05-22 11:01:40,-0.021854761904761787
2026-05-22 11:03:20,-0.022089047619047748
2026-05-22 11:05:00,-0.019663333333333432
2026-05-22 11:06:40,-0.018112380952381157
2026-05-22 11:08:20,-0.023028095238095216
2026-05-22 11:11:40,-0.022253333333333396
2026-05-22 11:13:20,-0.018866666666666494
2026-05-22 11:15:00,-0.014071428571428513
2026-05-22 11:16:40,-0.01660761904761908
2026-05-22 11:18:20,-0.016056666666666747
2026-05-22 11:20:00,-0.013741904761904743
2026-05-22 11:21:40,-0.01208000000000009
2026-05-22 11:23:20,-0.009961904761904766
2026-05-22 11:25:00,-0.006995714285714133
2026-05-22 11:26:40,-0.006470000000000019
2026-05-22 11:28:20,-0.0031466666666666535
2026-05-22 11:30:00,-0.00012857142857144663
2026-05-22 11:31:40,0.0010721904761904644
2026-05-22 11:33:20,0.0022757142857143704
2026-05-22 11:35:00,0.0043295238095236235
2026-05-22 11:36:40,0.005623809523809548
2026-05-22 11:38:20,0.006311523809523717
2026-05-22 11:40:00,0.008580952380952462
2026-05-22 11:41:40,0.010162380952380999
2026-05-22 11:43:20,0.010965142857142826
2026-05-22 11:45:00,0.01864666666666656
2026-05-22 11:46:40,0.021163809523809425
2026-05-22 11:48:20,0.02474571428571435
2026-05-22 11:50:00,0.03518619047619039
2026-05-22 11:51:40,0.04323619047619035
2026-05-22 11:53:20,0.039090476190476266
2026-05-22 11:55:00,0.043743333333333405
2026-05-22 11:56:40,0.04934333333333355
2026-05-22 11:58:20,0.049154285714285685
2026-05-22 12:00:00,0.046563333333333186
2026-05-22 12:01:40,0.046036666666666747
2026-05-22 12:03:20,0.055194285714285814
2026-05-22 12:05:00,0.06126666666666637
2026-05-22 12:06:40,0.05773952380952386
2026-05-22 12:08:20,0.05695095238095252
2026-05-22 12:13:20,0.06348238095238118
2026-05-22 12:15:00,0.06774714285714267
2026-05-22 12:16:40,0.05596619047619037
2026-05-22 12:18:20,0.04986238095238107
2026-05-22 12:20:00,0.06100428571428566
2026-05-22 12:21:40,0.06354523809523818
2026-05-22 12:23:20,0.06412666666666633
2026-05-22 12:25:00,0.06251333333333334
2026-05-22 12:26:40,0.061651428571428704
2026-05-22 12:28:20,0.06208904761904761
2026-05-22 12:30:00,0.06679571428571453
2026-05-22 12:31:40,0.07330190476190489
2026-05-22 12:33:20,0.07842619047619033
2026-05-22 12:35:00,0.0680490476190476
2026-05-22 12:36:40,0.05689952380952363
2026-05-22 12:38:20,0.05229285714285702
2026-05-22 12:40:00,0.05597857142857143
2026-05-22 12:41:40,0.04991666666666665
2026-05-22 12:43:20,0.04032047619047615
2026-05-22 12:45:00,0.047427142857142876
2026-05-22 12:46:40,0.05094428571428587
2026-05-22 12:48:20,0.0590009523809525
2026-05-22 12:50:00,0.09900380952380958
2026-05-22 12:51:40,0.12178809523809511
2026-05-22 12:53:20,0.1389933333333338
2026-05-22 12:55:00,0.13590523809523825
2026-05-22 12:56:40,0.148978095238095
2026-05-22 12:58:20,0.1594295238095237
2026-05-22 13:00:00,0.12969428571428604
2026-05-22 13:01:40,0.140002380952381
2026-05-22 13:03:20,0.13713238095238087
2026-05-22 13:05:00,0.1515452380952379
2026-05-22 13:06:40,0.15045190476190445
2026-05-22 13:08:20,0.16832619047619024
2026-05-22 13:11:40,0.16660761904761834
2026-05-22 13:13:20,0.16721571428571402
2026-05-22 13:15:00,0.1748523809523809
2026-05-22 13:16:40,0.15995571428571448
2026-05-22 13:18:20,0.1513261904761906
2026-05-22 13:20:00,0.16615904761904743
2026-05-22 13:21:40,0.18828095238095247
2026-05-22 13:23:20,0.20205285714285695
2026-05-22 13:25:00,0.2163566666666671
2026-05-22 13:26:40,0.21366285714285752
2026-05-22 13:28:20,0.22030904761904735
2026-05-22 13:30:00,0.25346476190476147
2026-05-22 13:31:40,0.28111619047619
2026-05-22 13:33:20,0.25309190476190485
2026-05-22 13:35:00,0.2142980952380962
2026-05-22 13:36:40,0.21620333333333305
2026-05-22 13:38:20,0.2993257142857132
2026-05-22 13:40:00,0.2525914285714285
2026-05-22 13:41:40,0.20197380952380928
2026-05-22 13:43:20,0.22630523809523884
2026-05-22 13:45:00,0.21970047619047645
2026-05-22 13:46:40,0.2166485714285718
2026-05-22 13:48:20,0.21107809523809576
2026-05-22 13:50:00,0.2312161904761904
2026-05-22 13:51:40,0.22742619047619078
2026-05-22 13:53:20,0.2434557142857133
2026-05-22 13:55:00,0.2385980952380948
2026-05-22 13:56:40,0.25246857142857176
2026-05-22 13:58:20,0.24774476190476202
2026-05-22 14:00:00,0.28251809523809485
2026-05-22 14:01:40,0.2551199999999995
2026-05-22 14:03:20,0.22727619047619146
2026-05-22 14:05:00,0.15884285714285695
2026-05-22 14:06:40,0.14725142857142848
2026-05-22 14:08:20,0.12036619047619053
2026-05-22 14:11:40,0.09989857142857142
2026-05-22 14:13:20,0.0801395238095241
2026-05-22 14:15:00,0.06813142857142847
2026-05-22 14:16:40,0.05443380952380941
2026-05-22 14:18:20,0.05866285714285718
2026-05-22 14:20:00,0.059885238095238276
2026-05-22 14:21:40,0.06206666666666673
2026-05-22 14:23:20,0.07682523809523814
2026-05-22 14:25:00,0.07831999999999995
2026-05-22 14:26:40,0.07765428571428591
2026-05-22 14:28:20,0.07853285714285699
2026-05-22 14:30:00,0.13464476190476202
2026-05-22 14:31:40,0.1823219047619046
2026-05-22 14:33:20,0.22658714285714346
2026-05-22 14:35:00,0.13161952380952335
2026-05-22 14:36:40,0.11812666666666691
2026-05-22 14:38:20,0.1173680952380951
2026-05-22 14:40:00,0.1705499999999996
2026-05-22 14:41:40,0.17144714285714316
2026-05-22 14:43:20,0.1664738095238087
2026-05-22 14:45:00,0.15769904761904746
2026-05-22 14:46:40,0.14209190476190497
2026-05-22 14:48:20,0.14393952380952352
2026-05-22 14:50:00,0.12801285714285723
2026-05-22 14:51:40,0.11389761904761912
2026-05-22 14:53:20,0.13738904761904755
2026-05-22 14:55:00,0.12591714285714278
2026-05-22 14:56:40,0.10603619047619033
2026-05-22 14:58:20,0.06657095238095194
2026-05-22 15:00:00,0.0373733333333334
2026-05-22 15:01:40,0.040627142857143
2026-05-22 15:03:20,0.04234000000000013
2026-05-22 15:05:00,0.04577523809523771
2026-05-22 15:06:40,0.040379047619047696
2026-05-22 15:08:20,0.038025238095237904
2026-05-22 15:13:20,0.03431380952380944
2026-05-22 15:15:00,0.038356666666666636
2026-05-22 15:16:40,0.0381290476190477
2026-05-22 15:18:20,0.04128142857142839
2026-05-22 15:20:00,0.045481428571428416
2026-05-22 15:21:40,0.0407238095238093
2026-05-22 15:23:20,0.03138142857142867
2026-05-22 15:25:00,0.03684476190476191
2026-05-22 15:26:40,0.037265714285714374
2026-05-22 15:28:20,0.03983857142857124
2026-05-22 15:30:00,0.0422723809523808
2026-05-22 15:31:40,0.046180476190476154
2026-05-22 15:33:20,0.03985523809523823
2026-05-22 15:35:00,0.04291999999999986
2026-05-22 15:36:40,0.05066238095238103
2026-05-22 15:38:20,0.04945047619047606
2026-05-22 15:40:00,0.051413809523809535
2026-05-22 15:41:40,0.04941666666666672
2026-05-22 15:43:20,0.05033952380952379
2026-05-22 15:45:00,0.04771857142857122
2026-05-22 15:46:40,0.045559047619047645
2026-05-22 15:48:20,0.04776761904761888
2026-05-22 15:50:00,0.05276523809523812
2026-05-22 15:51:40,0.05243666666666659
2026-05-22 15:53:20,0.04794476190476171
2026-05-22 15:55:00,0.049844285714285855
2026-05-22 15:56:40,0.05486095238095247
2026-05-22 15:58:20,0.07299714285714283
2026-05-22 16:00:00,0.053763809523809346
2026-05-22 16:01:40,0.05231333333333338
2026-05-22 16:03:20,0.05596047619047591
2026-05-22 16:05:00,0.05783428571428553
2026-05-22 16:06:40,0.05546190476190484
2026-05-22 16:08:20,0.06299809523809534
2026-05-22 16:11:40,0.05893476190476173
2026-05-22 16:13:20,0.07083238095238086
2026-05-22 16:15:00,0.0854409523809522
2026-05-22 16:16:40,0.10033190476190497
2026-05-22 16:18:20,0.08913095238095202
2026-05-22 16:20:00,0.06735857142857139
2026-05-22 16:21:40,0.07489476190476164
2026-05-22 16:23:20,0.08868095238095229
2026-05-22 16:25:00,0.12554285714285673
2026-05-22 16:26:40,0.14621000000000006
2026-05-22 16:28:20,0.14812571428571436
2026-05-22 16:30:00,0.1576809523809526
2026-05-22 16:31:40,0.16470523809523796
2026-05-22 16:33:20,0.16291476190476203
2026-05-22 16:35:00,0.12675666666666655
2026-05-22 16:36:40,0.14310047619047625
2026-05-22 16:38:20,0.08491333333333338
2026-05-22 16:40:00,0.09558809523809521
2026-05-22 16:41:40,0.08882238095238082
2026-05-22 16:43:20,0.10920333333333346
2026-05-22 16:45:00,0.14611190476190514
2026-05-22 16:46:40,0.16157142857142892
2026-05-22 16:48:20,0.19292095238095255
2026-05-22 16:50:00,0.12845285714285737
2026-05-22 16:51:40,0.10962761904761914
2026-05-22 16:53:20,0.15065666666666708
2026-05-22 16:55:00,0.1797971428571428
2026-05-22 16:56:40,0.15607619047619056
2026-05-22 16:58:20,0.16882523809523764
2026-05-22 17:00:00,0.13918809523809517
2026-05-22 17:01:40,0.1471314285714284
2026-05-22 17:03:20,0.16210142857142879
2026-05-22 17:05:00,0.15816428571428506
2026-05-22 17:06:40,0.16151523809523805
2026-05-22 17:08:20,0.15397857142857158
2026-05-22 17:11:40,0.12916000000000044
2026-05-22 17:13:20,0.09626095238095268
2026-05-22 17:15:00,0.1319790476190479
2026-05-22 17:16:40,0.1277523809523807
2026-05-22 17:18:20,0.1250547619047616
2026-05-22 17:20:00,0.12138238095238105
2026-05-22 17:21:40,0.10959190476190478
2026-05-22 17:23:20,0.12659523809523798
2026-05-22 17:25:00,0.12188190476190472
2026-05-22 17:26:40,0.112373333333333
2026-05-22 17:28:20,0.09885619047619054
2026-05-22 17:30:00,0.09518523809523824
2026-05-22 17:31:40,0.11974428571428582
2026-05-22 17:33:20,0.12997095238095216
2026-05-22 17:35:00,0.10459571428571411
2026-05-22 17:36:40,0.10428952380952386
2026-05-22 17:38:20,0.12541904761904737
2026-05-22 17:40:00,0.12386761904761864
2026-05-22 17:41:40,0.11200761904761906
2026-05-22 17:43:20,0.08263095238095235
2026-05-22 17:45:00,0.08383761904761916
2026-05-22 17:46:40,0.08705238095238087
2026-05-22 17:48:20,0.06497238095238092
2026-05-22 17:50:00,0.07100571428571423
2026-05-22 17:51:40,0.07083047619047629
2026-05-22 17:53:20,0.07636095238095238
2026-05-22 17:55:00,0.09443952380952393
2026-05-22 17:56:40,0.10031285714285708
2026-05-22 17:58:20,0.12850619047619144
2026-05-22 18:00:00,0.14420095238095265
2026-05-22 18:01:40,0.1520547619047624
2026-05-22 18:03:20,0.11303857142857057
2026-05-22 18:05:00,0.10115571428571457
2026-05-22 18:06:40,0.10588809523809534
2026-05-22 18:08:20,0.13873809523809524
2026-05-22 18:13:20,0.13273333333333404
2026-05-22 18:15:00,0.11651380952380855
2026-05-22 18:16:40,0.12467095238095241
2026-05-22 18:18:20,0.13147476190476162
2026-05-22 18:20:00,0.1325009523809523
2026-05-22 18:21:40,0.13317857142857106
2026-05-22 18:23:20,0.13013285714285763
2026-05-22 18:25:00,0.11211809523809502
2026-05-22 18:26:40,0.09588333333333421
2026-05-22 18:28:20,0.07174000000000022
2026-05-22 18:30:00,0.06856571428571456
2026-05-22 18:31:40,0.07260095238095246
2026-05-22 18:33:20,0.07324047619047591
2026-05-22 18:35:00,0.07523999999999956
2026-05-22 18:36:40,0.07262333333333373
2026-05-22 18:38:20,0.07177952380952343
2026-05-22 18:40:00,0.06494476190476167
2026-05-22 18:41:40,0.06403714285714265
2026-05-22 18:43:20,0.06282999999999947
2026-05-22 18:45:00,0.060797142857142404
2026-05-22 18:46:40,0.05508190476190506
2026-05-22 18:48:20,0.0514185714285716
2026-05-22 18:50:00,0.050894285714286155
2026-05-22 18:51:40,0.051620476190476626
2026-05-22 18:53:20,0.04311809523809443
2026-05-22 18:55:00,0.040158571428571384
2026-05-22 18:56:40,0.04159380952380987
2026-05-22 18:58:20,0.039205238095237134
2026-05-22 19:00:00,0.03491857142857212
2026-05-22 19:01:40,0.03301190476190467
2026-05-22 19:03:20,0.029874285714285267
2026-05-22 19:05:00,0.029340000000001042
2026-05-22 19:06:40,0.028937142857142318
2026-05-22 19:08:20,0.03209523809523794
2026-05-22 19:11:40,0.03368476190476155
2026-05-22 19:13:20,0.03584809523809521
2026-05-22 19:15:00,0.03630190476190616
2026-05-22 19:16:40,0.04093428571428667
2026-05-22 19:18:20,0.04177809523809513
2026-05-22 19:20:00,0.0415533333333323
2026-05-22 19:21:40,0.041061428571428055
2026-05-22 19:23:20,0.04251142857142869
2026-05-22 19:25:00,0.04630523809523801
2026-05-22 19:26:40,0.050063809523809046
2026-05-22 19:28:20,0.05437047619047635
2026-05-22 19:30:00,0.0588309523809523
2026-05-22 19:31:40,0.06432476190476186
2026-05-22 19:33:20,0.07060238095238149
2026-05-22 19:35:00,0.07740285714285675
2026-05-22 19:36:40,0.08079714285714312
2026-05-22 19:38:20,0.08772095238095212
2026-05-22 19:40:00,0.0985333333333334
2026-05-22 19:41:40,0.1048661904761909
2026-05-22 19:43:20,0.11147523809523781
2026-05-22 19:45:00,0.11982619047619024
2026-05-22 19:46:40,0.12215952380952413
2026-05-22 19:48:20,0.12761428571428543
2026-05-22 19:50:00,0.1300623809523806
2026-05-22 19:51:40,0.13112523809523743
2026-05-22 19:53:20,0.1326166666666662
2026-05-22 19:55:00,0.12896047619047601
2026-05-22 19:56:40,0.12943523809523852
2026-05-22 19:58:20,0.1246309523809527
2026-05-22 20:00:00,0.11982285714285756
2026-05-22 20:01:40,0.12088666666666645
2026-05-22 20:03:20,0.11505619047619065
2026-05-22 20:05:00,0.10603714285714269
2026-05-22 20:06:40,0.09383809523809572
2026-05-22 20:08:20,0.08579285714285742
2026-05-22 20:11:40,0.06216952380952276
2026-05-22 20:13:20,0.047536666666666366
2026-05-22 20:15:00,0.034830952380952795
2026-05-22 20:16:40,0.030319047619047634
2026-05-22 20:18:20,0.018813333333333904
2026-05-22 20:20:00,0.0007047619047616527
2026-05-22 20:21:40,-0.008117619047618152
2026-05-22 20:23:20,-0.02417904761904767
2026-05-22 20:25:00,-0.043287619047619005
2026-05-22 20:26:40,-0.05107095238095255
2026-05-22 20:28:20,-0.06709142857142823
2026-05-22 20:30:00,-0.07647142857142819
2026-05-22 20:31:40,-0.08314761904761943
2026-05-22 20:33:20,-0.09437857142857135
2026-05-22 20:35:00,-0.11193380952380977
2026-05-22 20:36:40,-0.12892523809523765
2026-05-22 20:38:20,-0.15382142857142903
2026-05-22 20:40:00,-0.17027190476190493
2026-05-22 20:41:40,-0.16677238095238156
2026-05-22 20:43:20,-0.1691585714285714
2026-05-22 20:45:00,-0.16248095238095195
2026-05-22 20:46:40,-0.15683761904761956
2026-05-22 20:48:20,-0.15918380952381023
2026-05-22 20:50:00,-0.16406142857142902
2026-05-22 20:51:40,-0.16473571428571404
2026-05-22 20:53:20,-0.1780414285714284
2026-05-22 20:55:00,-0.2110290476190474
2026-05-22 20:56:40,-0.2206300000000002
2026-05-22 20:58:20,-0.25871904761904724
2026-05-22 21:00:00,-0.25776333333333307
2026-05-22 21:01:40,-0.25425285714285734
2026-05-22 21:03:20,-0.2834847619047623
2026-05-22 21:05:00,-0.27830142857142876
2026-05-22 21:06:40,-0.25755142857142893
2026-05-22 21:08:20,-0.23148761904761925
2026-05-22 21:13:20,-0.2788100000000002
2026-05-22 21:15:00,-0.27377095238095267
2026-05-22 21:16:40,-0.27220428571428623
2026-05-22 21:18:20,-0.2466385714285716
2026-05-22 21:20:00,-0.2357190476190475
2026-05-22 21:21:40,-0.2312704761904755
2026-05-22 21:23:20,-0.2258200000000002
2026-05-22 21:25:00,-0.21593857142857145
2026-05-22 21:26:40,-0.21141095238095214
2026-05-22 21:28:20,-0.21651619047619017
2026-05-22 21:30:00,-0.2232861904761907
2026-05-22 21:31:40,-0.23178142857142825
2026-05-22 21:33:20,-0.2742409523809528
2026-05-22 21:35:00,-0.2957395238095233
2026-05-22 21:36:40,-0.30335095238095244
2026-05-22 21:38:20,-0.29614904761904753
2026-05-22 21:40:00,-0.3235257142857145
2026-05-22 21:41:40,-0.33473904761904716
2026-05-22 21:43:20,-0.35189000000000037
2026-05-22 21:45:00,-0.28987523809523796
2026-05-22 21:46:40,-0.30721142857142825
2026-05-22 21:48:20,-0.33490380952380927
2026-05-22 21:50:00,-0.32617761904761905
2026-05-22 21:51:40,-0.3286247619047617
2026-05-22 21:53:20,-0.3847304761904759
2026-05-22 21:55:00,-0.3312228571428572
2026-05-22 21:56:40,-0.3047942857142858
2026-05-22 21:58:20,-0.2811476190476191
2026-05-22 22:00:00,-0.3072552380952375
2026-05-22 22:01:40,-0.29956238095238175
2026-05-22 22:03:20,-0.2904714285714286
2026-05-22 22:05:00,-0.27877952380952437
2026-05-22 22:06:40,-0.2832352380952385
2026-05-22 22:08:20,-0.3123257142857139
2026-05-22 22:11:40,-0.35098428571428575
2026-05-22 22:13:20,-0.4895680952380965
2026-05-22 22:15:00,-0.4594985714285714
2026-05-22 22:16:40,-0.3858471428571423
2026-05-22 22:18:20,-0.37392095238095213
2026-05-22 22:20:00,-0.3876252380952383
2026-05-22 22:21:40,-0.4461561904761908
2026-05-22 22:23:20,-0.43819095238095307
2026-05-22 22:25:00,-0.42714809523809466
2026-05-22 22:26:40,-0.37622142857142804
2026-05-22 22:28:20,-0.30703619047619063
2026-05-22 22:30:00,-0.2992757142857144
2026-05-22 22:31:40,-0.29833619047618964
2026-05-22 22:33:20,-0.28183190476190406
2026-05-22 22:35:00,-0.2754500000000002
2026-05-22 22:36:40,-0.2803514285714287
2026-05-22 22:38:20,-0.2772952380952381
2026-05-22 22:40:00,-0.27847523809523833
2026-05-22 22:41:40,-0.29185714285714326
2026-05-22 22:43:20,-0.291676190476191
2026-05-22 22:45:00,-0.29758952380952464
2026-05-22 22:46:40,-0.3059771428571424
2026-05-22 22:48:20,-0.3367395238095239
2026-05-22 22:50:00,-0.36839285714285697
2026-05-22 22:51:40,-0.35657047619047555
2026-05-22 22:53:20,-0.4061076190476185
2026-05-22 22:55:00,-0.4279909523809526
2026-05-22 22:56:40,-0.44612238095238077
2026-05-22 22:58:20,-0.4237276190476188
2026-05-22 23:00:00,-0.41200047619047636
2026-05-22 23:01:40,-0.36509904761904793
2026-05-22 23:03:20,-0.3543928571428573
2026-05-22 23:05:00,-0.34450428571428604
2026-05-22 23:06:40,-0.3345900000000003
2026-05-22 23:08:20,-0.3247033333333336
2026-05-22 23:11:40,-0.31223428571428546
2026-05-22 23:13:20,-0.3077757142857145
2026-05-22 23:15:00,-0.31564380952381066
2026-05-22 23:16:40,-0.3323476190476186
2026-05-22 23:18:20,-0.34543238095238127
2026-05-22 23:20:00,-0.3399661904761906
2026-05-22 23:21:40,-0.3298671428571432
2026-05-22 23:23:20,-0.3349447619047612
2026-05-22 23:25:00,-0.34046952380952317
2026-05-22 23:26:40,-0.3489538095238095
2026-05-22 23:28:20,-0.3463647619047622
2026-05-22 23:30:00,-0.337924285714286
2026-05-22 23:31:40,-0.30772190476190486
2026-05-22 23:33:20,-0.3231200000000001
2026-05-22 23:35:00,-0.2878638095238098
2026-05-22 23:36:40,-0.28944142857142874
2026-05-22 23:38:20,-0.2897280952380952
2026-05-22 23:40:00,-0.2783980952380954
2026-05-22 23:41:40,-0.2801066666666667
2026-05-22 23:43:20,-0.27964476190476173
2026-05-22 23:45:00,-0.2754795238095237
2026-05-22 23:46:40,-0.23693523809523764
2026-05-22 23:48:20,-0.22539285714285703
2026-05-22 23:50:00,-0.22613523809523828
2026-05-22 23:51:40,-0.24816428571428545
2026-05-22 23:53:20,-0.22801619047619032
2026-05-22 23:55:00,-0.2228623809523807
2026-05-22 23:56:40,-0.21834142857142874
2026-05-22 23:58:20,-0.21591238095238147
2026-05-23 00:00:00,-0.20365476190476178
2026-05-23 00:01:40,-0.17875809523809508
2026-05-23 00:03:20,-0.16872714285714321
2026-05-23 00:05:00,-0.1668190476190479
2026-05-23 00:06:40,-0.16776380952380987
2026-05-23 00:08:20,-0.17387238095238092
2026-05-23 00:13:20,-0.169590476190476
2026-05-23 00:15:00,-0.1677938095238096
2026-05-23 00:16:40,-0.16778428571428589
2026-05-23 00:18:20,-0.15725619047619027
2026-05-23 00:20:00,-0.1607695238095239
2026-05-23 00:21:40,-0.15224714285714275
2026-05-23 00:23:20,-0.13667428571428555
2026-05-23 00:25:00,-0.14005619047619067
2026-05-23 00:26:40,-0.1420800000000002
2026-05-23 00:28:20,-0.15070523809523842
2026-05-23 00:30:00,-0.13866142857142885
2026-05-23 00:31:40,-0.13522190476190485
2026-05-23 00:33:20,-0.13201523809523802
2026-05-23 00:35:00,-0.12217904761904794
2026-05-23 00:36:40,-0.12212142857142844
2026-05-23 00:38:20,-0.12119238095238086
2026-05-23 00:40:00,-0.11548857142857162
2026-05-23 00:41:40,-0.11728904761904756
2026-05-23 00:43:20,-0.10912333333333346
2026-05-23 00:45:00,-0.11027809523809529
2026-05-23 00:46:40,-0.11843857142857131
2026-05-23 00:48:20,-0.11672619047619033
2026-05-23 00:50:00,-0.1173266666666667
2026-05-23 00:51:40,-0.12451190476190498
2026-05-23 00:53:20,-0.1310042857142858
2026-05-23 00:55:00,-0.13550142857142833
2026-05-23 00:56:40,-0.13483142857142869
2026-05-23 00:58:20,-0.1451142857142858
2026-05-23 01:00:00,-0.14883047619047637
2026-05-23 01:01:40,-0.15122999999999992
2026-05-23 01:03:20,-0.16093619047619065
2026-05-23 01:05:00,-0.16032952380952364
2026-05-23 01:06:40,-0.1578833333333335
2026-05-23 01:08:20,-0.1493338095238095
2026-05-23 01:11:40,-0.15271380952380936
2026-05-23 01:13:20,-0.14367857142857166
2026-05-23 01:15:00,-0.14421571428571395
2026-05-23 01:16:40,-0.14858761904761894
2026-05-23 01:18:20,-0.1523814285714287
2026-05-23 01:20:00,-0.15079523809523812
2026-05-23 01:21:40,-0.15406904761904758
2026-05-23 01:23:20,-0.15490619047619053
2026-05-23 01:25:00,-0.1565157142857143
2026-05-23 01:26:40,-0.15185809523809493
2026-05-23 01:28:20,-0.14712666666666652
2026-05-23 01:30:00,-0.1449909523809522
2026-05-23 01:31:40,-0.14563571428571404
2026-05-23 01:33:20,-0.14408238095238093
2026-05-23 01:35:00,-0.14339571428571418
2026-05-23 01:36:40,-0.1503080952380953
2026-05-23 01:38:20,-0.14747952380952375
2026-05-23 01:40:00,-0.14473238095238064
2026-05-23 01:41:40,-0.1410595238095238
2026-05-23 01:43:20,-0.13598999999999986
2026-05-23 01:45:00,-0.13469952380952366
2026-05-23 01:46:40,-0.1330409523809523
2026-05-23 01:48:20,-0.13940285714285713
2026-05-23 01:50:00,-0.13586714285714285
2026-05-23 01:51:40,-0.13811142857142872
2026-05-23 01:53:20,-0.1328500000000002
2026-05-23 01:55:00,-0.1368133333333332
2026-05-23 01:56:40,-0.12834095238095247
2026-05-23 01:58:20,-0.11715571428571436
2026-05-23 02:00:00,-0.11908333333333337
2026-05-23 02:01:40,-0.11361095238095238
2026-05-23 02:03:20,-0.11542238095238098
2026-05-23 02:05:00,-0.11388047619047616
2026-05-23 02:06:40,-0.11292476190476194
2026-05-23 02:08:20,-0.11299095238095236
2026-05-23 02:11:40,-0.10518047619047623
2026-05-23 02:13:20,-0.11201000000000026
2026-05-23 02:15:00,-0.12002142857142853
2026-05-23 02:16:40,-0.1165771428571429
2026-05-23 02:18:20,-0.11942904761904755
2026-05-23 02:20:00,-0.11678142857142845
2026-05-23 02:21:40,-0.11125238095238107
2026-05-23 02:23:20,-0.11510952380952373
2026-05-23 02:25:00,-0.10907428571428568
2026-05-23 02:26:40,-0.10353857142857145
2026-05-23 02:28:20,-0.0980660952380952
2026-05-23 02:30:00,-0.09503142857142866
2026-05-23 02:31:40,-0.08893690476190474
2026-05-23 02:33:20,-0.09414119047619049
2026-05-23 02:35:00,-0.09021714285714288
2026-05-23 02:36:40,-0.08986552380952385
2026-05-23 02:38:20,-0.08344252380952374
2026-05-23 02:40:00,-0.08608495238095235
2026-05-23 02:41:40,-0.08910923809523807
2026-05-23 02:43:20,-0.08224185714285726
2026-05-23 02:45:00,-0.08360414285714282
2026-05-23 02:46:40,-0.07565699999999995
2026-05-23 02:48:20,-0.07242542857142867
2026-05-23 02:50:00,-0.07596890476190479
2026-05-23 02:51:40,-0.07481171428571418
2026-05-23 02:53:20,-0.07124433333333333
2026-05-23 02:55:00,-0.07239352380952377
2026-05-23 02:56:40,-0.07256628571428565
2026-05-23 02:58:20,-0.06912142857142842
2026-05-23 03:00:00,-0.06751061904761904
2026-05-23 03:01:40,-0.06541723809523807
2026-05-23 03:03:20,-0.06614628571428566
2026-05-23 03:05:00,-0.06744142857142865
2026-05-23 03:06:40,-0.06091928571428582
2026-05-23 03:08:20,-0.06566980952380959
2026-05-23 03:13:20,-0.06119466666666669
2026-05-23 03:15:00,-0.06534433333333338
2026-05-23 03:16:40,-0.06229823809523806
2026-05-23 03:18:20,-0.07036166666666657
2026-05-23 03:20:00,-0.06789838095238093
2026-05-23 03:21:40,-0.07372690476190488
2026-05-23 03:23:20,-0.06880828571428566
2026-05-23 03:25:00,-0.06184042857142856
2026-05-23 03:26:40,-0.06988223809523812
2026-05-23 03:28:20,-0.06863447619047627
2026-05-23 03:30:00,-0.06958447619047621
2026-05-23 03:31:40,-0.06715047619047616
2026-05-23 03:33:20,-0.07155190476190477
2026-05-23 03:35:00,-0.0691215238095238
2026-05-23 03:36:40,-0.06955904761904758
2026-05-23 03:38:20,-0.06333957142857145
2026-05-23 03:40:00,-0.06160309523809522
2026-05-23 03:41:40,-0.06609866666666664
2026-05-23 03:43:20,-0.07118957142857141
2026-05-23 03:45:00,-0.0665702857142857
2026-05-23 03:46:40,-0.06739076190476188
2026-05-23 03:48:20,-0.06494352380952383
2026-05-23 03:50:00,-0.06791404761904768
2026-05-23 03:51:40,-0.06977504761904761
2026-05-23 03:53:20,-0.06651685714285704
2026-05-23 03:55:00,-0.061382952380952496
2026-05-23 03:56:40,-0.07171342857142857
2026-05-23 03:58:20,-0.07531109523809529
2026-05-23 04:00:00,-0.08708285714285714
2026-05-23 04:01:40,-0.08449309523809527
2026-05-23 04:03:20,-0.08318380952380952
2026-05-23 04:05:00,-0.07925033333333345
2026-05-23 04:06:40,-0.06680671428571439
2026-05-23 04:08:20,-0.06769209523809515
2026-05-23 04:10:00,-0.0611708571428572
2026-05-23 04:11:40,-0.06766276190476189
2026-05-23 04:13:20,-0.06863423809523811
2026-05-23 04:15:00,-0.07079342857142853
2026-05-23 04:16:40,-0.07439300000000004
2026-05-23 04:18:20,-0.08027580952380943
2026-05-23 04:20:00,-0.07838495238095244
2026-05-23 04:21:40,-0.08574304761904769
2026-05-23 04:23:20,-0.08011752380952383
2026-05-23 04:25:00,-0.09217038095238096
2026-05-23 04:26:40,-0.08103414285714276
2026-05-23 04:28:20,-0.07879638095238096
2026-05-23 04:30:00,-0.0688455238095238
2026-05-23 04:31:40,-0.0731913333333334
2026-05-23 04:33:20,-0.07030666666666671
2026-05-23 04:35:00,-0.0665120952380953
2026-05-23 04:36:40,-0.07713966666666672
2026-05-23 04:38:20,-0.07829780952380941
2026-05-23 04:40:00,-0.0755632380952382
2026-05-23 04:41:40,-0.08045333333333349
2026-05-23 04:43:20,-0.07181723809523813
2026-05-23 04:45:00,-0.06957204761904759
2026-05-23 04:46:40,-0.06625952380952377
2026-05-23 04:48:20,-0.06572380952380957
2026-05-23 04:50:00,-0.07940857142857137
2026-05-23 04:51:40,-0.06732338095238084
2026-05-23 04:53:20,-0.06277119047619051
2026-05-23 04:55:00,-0.04888257142857138
2026-05-23 04:56:40,-0.05959595238095243
2026-05-23 04:58:20,-0.05503438095238103
2026-05-23 05:00:00,-0.05738342857142857
2026-05-23 05:01:40,-0.05377557142857138
2026-05-23 05:03:20,-0.061578095238095196
2026-05-23 05:05:00,-0.05682952380952385
2026-05-23 05:06:40,-0.053426190476190315
2026-05-23 05:08:20,-0.058662380952380876
2026-05-23 05:10:00,-0.061138095238095116
2026-05-23 05:11:40,-0.05160190476190472
2026-05-23 05:13:20,-0.05521476190476193
2026-05-23 05:15:00,-0.05263476190476171
2026-05-23 05:16:40,-0.06120857142857143
2026-05-23 05:18:20,-0.058635238095238296
2026-05-23 05:20:00,-0.0626109523809524
2026-05-23 05:21:40,-0.053512857142857216
2026-05-23 05:23:20,-0.05376666666666681
2026-05-23 05:25:00,-0.0431461904761905
2026-05-23 05:26:40,-0.043953809523809506
2026-05-23 05:28:20,-0.03966809523809508
2026-05-23 05:30:00,-0.031444190476190466
2026-05-23 05:31:40,-0.040128095238095185
2026-05-23 05:33:20,-0.03401809523809521
2026-05-23 05:35:00,-0.03756380952380959
2026-05-23 05:36:40,-0.03629619047619055
2026-05-23 05:38:20,-0.039783809523809686
2026-05-23 05:40:00,-0.041585714285714274
2026-05-23 05:41:40,-0.03992952380952375
2026-05-23 05:43:20,-0.039033809523809554
2026-05-23 05:45:00,-0.04248809523809524
2026-05-23 05:46:40,-0.04491571428571415
2026-05-23 05:48:20,-0.04579761904761937
2026-05-23 05:50:00,-0.04273190476190448
2026-05-23 05:51:40,-0.043328571428571425
2026-05-23 05:53:20,-0.04347095238095222
2026-05-23 05:55:00,-0.04279095238095241
2026-05-23 05:56:40,-0.03537047619047619
2026-05-23 05:58:20,-0.03533761904761876
2026-05-23 06:00:00,-0.03787952380952383
2026-05-23 06:01:40,-0.03665333333333334
2026-05-23 06:03:20,-0.026938095238094872
2026-05-23 06:05:00,-0.032261904761904645
2026-05-23 06:06:40,-0.032015714285714245
2026-05-23 06:08:20,-0.03089761904761914
2026-05-23 06:10:00,-0.030629047619047493
2026-05-23 06:13:20,-0.033679523809524006
2026-05-23 06:15:00,-0.03484904761904756
2026-05-23 06:16:40,-0.03507380952380963
2026-05-23 06:18:20,-0.03742904761904769
2026-05-23 06:20:00,-0.038617619047619206
2026-05-23 06:21:40,-0.03954523809523825
2026-05-23 06:23:20,-0.0353819047619047
2026-05-23 06:25:00,-0.032564761904762166
2026-05-23 06:26:40,-0.035020476190476116
2026-05-23 06:28:20,-0.034066190476190465
2026-05-23 06:30:00,-0.03631952380952385
2026-05-23 06:31:40,-0.027891904761904913
2026-05-23 06:33:20,-0.03335428571428575
2026-05-23 06:35:00,-0.032390952380952284
2026-05-23 06:36:40,-0.028945714285714384
2026-05-23 06:38:20,-0.03483476190476188
2026-05-23 06:40:00,-0.03293190476190467
2026-05-23 06:41:40,-0.030306666666666586
2026-05-23 06:43:20,-0.03464095238095239
2026-05-23 06:45:00,-0.03293666666666652
2026-05-23 06:46:40,-0.033368571428571255
2026-05-23 06:48:20,-0.03348380952380981
2026-05-23 06:50:00,-0.03789285714285731
2026-05-23 06:51:40,-0.03654904761904782
2026-05-23 06:53:20,-0.031574761904761744
2026-05-23 06:55:00,-0.030385714285714037
2026-05-23 06:56:40,-0.03164904761904745
2026-05-23 06:58:20,-0.030568095238095304
2026-05-23 07:00:00,-0.029388571428571573
2026-05-23 07:01:40,-0.030699047619047785
2026-05-23 07:03:20,-0.02885285714285693
2026-05-23 07:05:00,-0.027454285714285674
2026-05-23 07:06:40,-0.021000952380952093
2026-05-23 07:08:20,-0.02178095238095251
2026-05-23 07:10:00,-0.024086190476190393
2026-05-23 07:11:40,-0.02440428571428573
2026-05-23 07:13:20,-0.029600952380952256
2026-05-23 07:15:00,-0.027622380952381134
2026-05-23 07:16:40,-0.02737190476190473
2026-05-23 07:18:20,-0.027529047619047405
2026-05-23 07:20:00,-0.025324285714285848
2026-05-23 07:21:40,-0.024120952380952382
2026-05-23 07:23:20,-0.021921428571428772
2026-05-23 07:25:00,-0.022702857142857136
2026-05-23 07:26:40,-0.023168571428571608
2026-05-23 07:28:20,-0.026142857142857148
2026-05-23 07:30:00,-0.02351619047619053
2026-05-23 07:31:40,-0.021958571428571442
2026-05-23 07:33:20,-0.023952380952380746
2026-05-23 07:35:00,-0.02503047619047624
2026-05-23 07:36:40,-0.030300000000000056
2026-05-23 07:38:20,-0.02781190476190456
2026-05-23 07:40:00,-0.02803666666666672
2026-05-23 07:41:40,-0.029389047619047513
2026-05-23 07:43:20,-0.03611714285714278
2026-05-23 07:45:00,-0.037300000000000166
2026-05-23 07:46:40,-0.038346190476190506
2026-05-23 07:48:20,-0.028361428571428364
2026-05-23 07:50:00,-0.03742904761904773
2026-05-23 07:51:40,-0.03621190476190476
2026-05-23 07:53:20,-0.037327619047618915
2026-05-23 07:55:00,-0.037813333333333234
2026-05-23 07:56:40,-0.042252380952380944
2026-05-23 07:58:20,-0.0399357142857142
2026-05-23 08:00:00,-0.04329809523809563
2026-05-23 08:01:40,-0.04159380952380953
2026-05-23 08:03:20,-0.03547809523809499
2026-05-23 08:05:00,-0.04133714285714296
2026-05-23 08:06:40,-0.03256619047619029
2026-05-23 08:08:20,-0.029155238095238362
2026-05-23 08:10:00,-0.028348095238095027
2026-05-23 08:11:40,-0.02954714285714289
2026-05-23 08:13:20,-0.02514476190476172
2026-05-23 08:15:00,-0.02063000000000002
2026-05-23 08:16:40,-0.017570476190476237
2026-05-23 08:18:20,-0.020179047619047732
2026-05-23 08:20:00,-0.020637619047619214
2026-05-23 08:21:40,-0.01800476190476195
2026-05-23 08:23:20,-0.01814666666666686
2026-05-23 08:25:00,-0.017966190476190386
2026-05-23 08:26:40,-0.016807619047619033
2026-05-23 08:28:20,-0.01852857142857149
2026-05-23 08:30:00,-0.019135238095238222
2026-05-23 08:31:40,-0.018359047619047438
2026-05-23 08:33:20,-0.016239523809524144
2026-05-23 08:35:00,-0.012839047619047882
2026-05-23 08:36:40,-0.011084761904761714
2026-05-23 08:38:20,-0.007915238095237991
2026-05-23 08:40:00,-0.006030000000000001
2026-05-23 08:41:40,-0.0023195238095236313
2026-05-23 08:43:20,0.0010719047619047635
2026-05-23 08:45:00,0.0028376190476189648
2026-05-23 08:46:40,0.00651476190476174
2026-05-23 08:48:20,0.008193333333333275
2026-05-23 08:50:00,0.009895238095238073
2026-05-23 08:51:40,0.01671904761904765
2026-05-23 08:53:20,0.020390476190475786
2026-05-23 08:55:00,0.018931904761905035
2026-05-23 08:56:40,0.023113333333333107
2026-05-23 08:58:20,0.02407380952380988
2026-05-23 09:00:00,0.026471904761905012
2026-05-23 09:01:40,0.029377619047619256
2026-05-23 09:03:20,0.03379952380952368
2026-05-23 09:05:00,0.028933809523809556
2026-05-23 09:06:40,0.027730952380952526
2026-05-23 09:08:20,0.03760666666666682
2026-05-23 09:10:00,0.03755666666666656
2026-05-23 09:13:20,0.05083666666666643
2026-05-23 09:15:00,0.04908142857142817
2026-05-23 09:16:40,0.0604638095238097
2026-05-23 09:18:20,0.06419047619047595
2026-05-23 09:20:00,0.06966142857142846
2026-05-23 09:21:40,0.07635190476190466
2026-05-23 09:23:20,0.06456809523809567
2026-05-23 09:25:00,0.07425857142857135
2026-05-23 09:26:40,0.07065761904761894
2026-05-23 09:28:20,0.08883809523809524
2026-05-23 09:30:00,0.07781666666666644
2026-05-23 09:31:40,0.07879428571428562
2026-05-23 09:33:20,0.07745285714285749
2026-05-23 09:35:00,0.08303904761904744
2026-05-23 09:36:40,0.09434142857142915
2026-05-23 09:38:20,0.09427523809523858
2026-05-23 09:40:00,0.09579714285714297
2026-05-23 09:41:40,0.08276809523809511
2026-05-23 09:43:20,0.08709428571428564
2026-05-23 09:45:00,0.08970333333333344
2026-05-23 09:46:40,0.10620095238095205
2026-05-23 09:48:20,0.09135285714285714
2026-05-23 09:50:00,0.09223047619047609
2026-05-23 09:51:40,0.07309190476190468
2026-05-23 09:53:20,0.07236142857142847
2026-05-23 09:55:00,0.05961666666666664
2026-05-23 09:56:40,0.08033238095238088
2026-05-23 09:58:20,0.08032428571428574
2026-05-23 10:00:00,0.08556142857142862
2026-05-23 10:01:40,0.09288000000000014
2026-05-23 10:03:20,0.0830338095238096
2026-05-23 10:05:00,0.07856333333333324
2026-05-23 10:06:40,0.07127190476190469
2026-05-23 10:08:20,0.062226666666666666
2026-05-23 10:10:00,0.06616809523809523
2026-05-23 10:11:40,0.07187238095238097
2026-05-23 10:13:20,0.06695333333333349
2026-05-23 10:15:00,0.07369523809523809
2026-05-23 10:16:40,0.07964809523809507
2026-05-23 10:18:20,0.07122000000000003
2026-05-23 10:20:00,0.06434047619047613
2026-05-23 10:21:40,0.0636785714285715
2026-05-23 10:23:20,0.061852857142857
2026-05-23 10:25:00,0.06483428571428575
2026-05-23 10:26:40,0.07128238095238089
2026-05-23 10:28:20,0.07467047619047613
2026-05-23 10:30:00,0.07842380952380948
2026-05-23 10:31:40,0.06688285714285723
2026-05-23 10:33:20,0.08722619047619036
2026-05-23 10:35:00,0.0792547619047617
2026-05-23 10:36:40,0.07785285714285732
2026-05-23 10:38:20,0.08616666666666663
2026-05-23 10:40:00,0.08498380952380959
2026-05-23 10:41:40,0.0878742857142856
2026-05-23 10:43:20,0.060488095238095285
2026-05-23 10:45:00,0.06847904761904768
2026-05-23 10:46:40,0.0878042857142857
2026-05-23 10:48:20,0.05940666666666677
2026-05-23 10:50:00,0.05898619047619046
2026-05-23 10:51:40,0.06393095238095242
2026-05-23 10:53:20,0.06484333333333332
2026-05-23 10:55:00,0.06772142857142845
2026-05-23 10:56:40,0.07235619047619066
2026-05-23 10:58:20,0.06340095238095265
2026-05-23 11:00:00,0.052737142857142934
2026-05-23 11:01:40,0.07047857142857143
2026-05-23 11:03:20,0.05618285714285697
2026-05-23 11:05:00,0.05298809523809528
2026-05-23 11:06:40,0.05879999999999993
2026-05-23 11:08:20,0.055273333333333285
2026-05-23 11:10:00,0.05428333333333332
2026-05-23 11:11:40,0.05779047619047624
2026-05-23 11:13:20,0.05929619047619041
2026-05-23 11:15:00,0.057972857142857076
2026-05-23 11:16:40,0.06298952380952376
2026-05-23 11:18:20,0.06095666666666669
2026-05-23 11:20:00,0.06000047619047615
2026-05-23 11:21:40,0.08291333333333323
2026-05-23 11:23:20,0.09065380952380944
2026-05-23 11:25:00,0.0864623809523809
2026-05-23 11:26:40,0.08792047619047612
2026-05-23 11:28:20,0.0822138095238096
2026-05-23 11:30:00,0.08679380952380956
2026-05-23 11:31:40,0.10742095238095237
2026-05-23 11:33:20,0.11448523809523842
2026-05-23 11:35:00,0.11042904761904714
2026-05-23 11:36:40,0.12047809523809529
2026-05-23 11:38:20,0.17003714285714278
2026-05-23 11:40:00,0.23799857142857106
2026-05-23 11:41:40,0.2797985714285712
2026-05-23 11:43:20,0.32795333333333343
2026-05-23 11:45:00,0.33575571428571405
2026-05-23 11:46:40,0.3533514285714291
2026-05-23 11:48:20,0.3451776190476189
2026-05-23 11:50:00,0.2819138095238096
2026-05-23 11:51:40,0.27376476190476245
2026-05-23 11:53:20,0.14467476190476175
2026-05-23 11:55:00,0.16242333333333359
2026-05-23 11:56:40,0.11804142857142882
2026-05-23 11:58:20,0.1405371428571429
2026-05-23 12:00:00,0.10232619047619051
2026-05-23 12:01:40,0.07697809523809511
2026-05-23 12:03:20,0.06983714285714303
2026-05-23 12:05:00,0.07460047619047618
2026-05-23 12:06:40,0.08321761904761912
2026-05-23 12:08:20,0.07195904761904748
2026-05-23 12:10:00,0.08179809523809511
2026-05-23 12:13:20,0.07146571428571417
2026-05-23 12:15:00,0.07528428571428554
2026-05-23 12:16:40,0.06421095238095248
2026-05-23 12:18:20,0.06636047619047625
2026-05-23 12:20:00,0.07531571428571443
2026-05-23 12:21:40,0.07890190476190481
2026-05-23 12:23:20,0.05975476190476187
2026-05-23 12:25:00,0.05613571428571402
2026-05-23 12:26:40,0.05202738095238093
2026-05-23 12:28:20,0.058209999999999935
2026-05-23 12:30:00,0.059806666666666786
2026-05-23 12:31:40,0.05892047619047618
2026-05-23 12:33:20,0.046673238095238066
2026-05-23 12:35:00,0.04853295238095238
2026-05-23 12:36:40,0.04785928571428577
2026-05-23 12:38:20,0.062168571428571406
2026-05-23 12:40:00,0.06205238095238103
2026-05-23 12:41:40,0.07278571428571427
2026-05-23 12:43:20,0.07555952380952365
2026-05-23 12:45:00,0.07500047619047619
2026-05-23 12:46:40,0.07476047619047596
2026-05-23 12:48:20,0.07774619047619051
2026-05-23 12:50:00,0.1053980952380951
2026-05-23 12:51:40,0.10783095238095224
2026-05-23 12:53:20,0.12183761904761876
2026-05-23 12:55:00,0.11512476190476169
2026-05-23 12:56:40,0.07773047619047607
2026-05-23 12:58:20,0.16156666666666672
2026-05-23 13:00:00,0.1587804761904759
2026-05-23 13:01:40,0.14116523809523807
2026-05-23 13:03:20,0.11213761904761926
2026-05-23 13:05:00,0.10132714285714287
2026-05-23 13:06:40,0.10839952380952374
2026-05-23 13:08:20,0.1270399999999999
2026-05-23 13:10:00,0.15563333333333307
2026-05-23 13:11:40,0.1354466666666665
2026-05-23 13:13:20,0.14168714285714312
2026-05-23 13:15:00,0.15144571428571454
2026-05-23 13:16:40,0.16311761904761943
2026-05-23 13:18:20,0.15767238095238037
2026-05-23 13:20:00,0.15913380952381004
2026-05-23 13:21:40,0.1728714285714291
2026-05-23 13:23:20,0.15631571428571428
2026-05-23 13:25:00,0.1430919047619048
2026-05-23 13:26:40,0.1354547619047618
2026-05-23 13:28:20,0.15469095238095307
2026-05-23 13:30:00,0.15605999999999914
2026-05-23 13:31:40,0.15344047619047652
2026-05-23 13:33:20,0.1397690476190477
2026-05-23 13:35:00,0.13746952380952399
2026-05-23 13:36:40,0.13704238095238044
2026-05-23 13:38:20,0.12126571428571482
2026-05-23 13:40:00,0.11320142857142879
2026-05-23 13:41:40,0.1044180952380949
2026-05-23 13:43:20,0.09268619047618981
2026-05-23 13:45:00,0.0829447619047616
2026-05-23 13:46:40,0.07911047619047695
2026-05-23 13:48:20,0.07025999999999961
2026-05-23 13:50:00,0.05982952380952374
2026-05-23 13:51:40,0.04913142857142909
2026-05-23 13:53:20,0.04248047619047647
2026-05-23 13:55:00,0.03797380952380908
2026-05-23 13:56:40,0.02939238095238145
2026-05-23 13:58:20,0.02766952380952351
2026-05-23 14:00:00,0.023239523809523734
2026-05-23 14:01:40,0.014500476190476383
2026-05-23 14:03:20,0.01183238095238052
2026-05-23 14:05:00,0.011111428571428408
2026-05-23 14:06:40,0.009967619047618496
2026-05-23 14:08:20,0.00936095238095221
2026-05-23 14:10:00,0.009983333333333158
2026-05-23 14:11:40,0.01027952380952401
2026-05-23 14:13:20,0.00948809523809533
2026-05-23 14:15:00,0.009420952380951758
2026-05-23 14:16:40,0.009448571428571875
2026-05-23 14:18:20,0.008930476190475696
2026-05-23 14:20:00,0.007498095238095129
2026-05-23 14:21:40,0.005064285714285077
2026-05-23 14:23:20,0.0031780952380946574
2026-05-23 14:25:00,0.0016695238095241743
2026-05-23 14:26:40,-0.0018542857142872446
2026-05-23 14:28:20,-0.004244285714286176
2026-05-23 14:30:00,-0.006627142857143532
2026-05-23 14:31:40,-0.01094428571428549
2026-05-23 14:33:20,-0.01515809523809443
2026-05-23 14:35:00,-0.02068428571428539
2026-05-23 14:36:40,-0.024942857142857842
2026-05-23 14:38:20,-0.03110571428571518
2026-05-23 14:40:00,-0.03583285714285709
2026-05-23 14:41:40,-0.040077142857142714
2026-05-23 14:43:20,-0.04157428571428515
2026-05-23 14:45:00,-0.04506285714285718
2026-05-23 14:46:40,-0.04720142857142805
2026-05-23 14:48:20,-0.05228904761904794
2026-05-23 14:50:00,-0.05134476190476152
2026-05-23 14:51:40,-0.04803619047618986
2026-05-23 14:53:20,-0.054309523809522545
2026-05-23 14:55:00,-0.056058571428571666
2026-05-23 14:56:40,-0.06269142857142859
2026-05-23 14:58:20,-0.063090952380952
2026-05-23 15:00:00,-0.06433857142857169
2026-05-23 15:01:40,-0.05895047619047526
2026-05-23 15:03:20,-0.04974047619047593
2026-05-23 15:05:00,-0.04808333333333309
2026-05-23 15:06:40,-0.04491142857142866
2026-05-23 15:08:20,-0.05120904761904743
2026-05-23 15:10:00,-0.05301857142857137
2026-05-23 15:13:20,-0.04081619047619067
2026-05-23 15:15:00,-0.0328833333333335
2026-05-23 15:16:40,-0.058041904761904656
2026-05-23 15:18:20,-0.07741666666666666
2026-05-23 15:20:00,-0.08325714285714307
2026-05-23 15:21:40,-0.09074619047619051
2026-05-23 15:23:20,-0.08915285714285663
2026-05-23 15:25:00,-0.08928523809523832
2026-05-23 15:26:40,-0.09652571428571438
2026-05-23 15:28:20,-0.10691380952380851
2026-05-23 15:30:00,-0.1107285714285708
2026-05-23 15:31:40,-0.11989285714285614
2026-05-23 15:33:20,-0.12546619047618957
2026-05-23 15:35:00,-0.1231004761904765
2026-05-23 15:36:40,-0.1261099999999999
2026-05-23 15:38:20,-0.10965761904761884
2026-05-23 15:40:00,-0.13822047619047617
2026-05-23 15:41:40,-0.14993047619047617
2026-05-23 15:43:20,-0.15537380952380936
2026-05-23 15:45:00,-0.15988142857142892
2026-05-23 15:46:40,-0.16614523809523787
2026-05-23 15:48:20,-0.1691119047619048
2026-05-23 15:50:00,-0.17930380952380934
2026-05-23 15:51:40,-0.1853219047619044
2026-05-23 15:53:20,-0.19029428571428608
2026-05-23 15:55:00,-0.19476999999999994
2026-05-23 15:56:40,-0.18434047619047605
2026-05-23 15:58:20,-0.19755380952380971
2026-05-23 16:00:00,-0.19795666666666706
2026-05-23 16:01:40,-0.20071619047619066
2026-05-23 16:03:20,-0.2156342857142866
2026-05-23 16:05:00,-0.2333761904761904
2026-05-23 16:06:40,-0.23410714285714357
2026-05-23 16:08:20,-0.23763095238095316
2026-05-23 16:10:00,-0.23586476190476222
2026-05-23 16:11:40,-0.20384476190476125
2026-05-23 16:13:20,-0.1984828571428574
2026-05-23 16:15:00,-0.19941428571428665
2026-05-23 16:16:40,-0.19872952380952416
2026-05-23 16:18:20,-0.1610395238095237
2026-05-23 16:20:00,-0.1524490476190473
2026-05-23 16:21:40,-0.21155428571428592
2026-05-23 16:23:20,-0.2162366666666668
2026-05-23 16:25:00,-0.19448333333333342
2026-05-23 16:26:40,-0.17330857142857187
2026-05-23 16:28:20,-0.13858523809523793
2026-05-23 16:30:00,-0.128702857142857
2026-05-23 16:31:40,-0.10277761904761927
2026-05-23 16:33:20,-0.07376857142857123
2026-05-23 16:35:00,-0.06234619047619083
2026-05-23 16:36:40,-0.037018571428572414
2026-05-23 16:38:20,-0.01785285714285688
2026-05-23 16:40:00,-0.005830476190477121
2026-05-23 16:41:40,0.0184009523809521
2026-05-23 16:43:20,0.04406571428571385
2026-05-23 16:45:00,0.05969476190476242
2026-05-23 16:46:40,0.08999714285714211
2026-05-23 16:48:20,0.1274961904761909
2026-05-23 16:50:00,0.14064857142857076
2026-05-23 16:51:40,0.1489433333333344
2026-05-23 16:53:20,0.18691285714285832
2026-05-23 16:55:00,0.2077961904761912
2026-05-23 16:56:40,0.2269004761904765
2026-05-23 16:58:20,0.22507523809523838
2026-05-23 17:00:00,0.23701904761904755
2026-05-23 17:01:40,0.2601499999999993
2026-05-23 17:03:20,0.27443476190476124
2026-05-23 17:05:00,0.29956523809523955
2026-05-23 17:06:40,0.30667428571428623
2026-05-23 17:08:20,0.32952238095238034
2026-05-23 17:10:00,0.3418638095238081
2026-05-23 17:11:40,0.3435766666666679
2026-05-23 17:13:20,0.34186238095238114
2026-05-23 17:15:00,0.3560566666666675
2026-05-23 17:16:40,0.3318904761904761
2026-05-23 17:18:20,0.33093142857142993
2026-05-23 17:20:00,0.328287142857144
2026-05-23 17:21:40,0.2930285714285715
2026-05-23 17:23:20,0.2903866666666671
2026-05-23 17:25:00,0.3144638095238098
2026-05-23 17:26:40,0.3392428571428576
2026-05-23 17:28:20,0.35517619047619137
2026-05-23 17:30:00,0.3609142857142866
2026-05-23 17:31:40,0.38308095238095285
2026-05-23 17:33:20,0.383904761904761
2026-05-23 17:35:00,0.38210952380952357
2026-05-23 17:36:40,0.35941428571428524
2026-05-23 17:38:20,0.34051904761904916
2026-05-23 17:40:00,0.3318190476190472
2026-05-23 17:41:40,0.3234619047619074
2026-05-23 17:43:20,0.2946571428571441
2026-05-23 17:45:00,0.27925238095238014
2026-05-23 17:46:40,0.11270428571428567
2026-05-23 17:48:20,0.045067619047618954
2026-05-23 17:50:00,0.03581571428571404
2026-05-23 17:51:40,0.03165380952380947
2026-05-23 17:53:20,0.028454285714285522
2026-05-23 17:55:00,0.02719857142857146
2026-05-23 17:56:40,0.025804285714285693
2026-05-23 17:58:20,0.019674761904761928
2026-05-23 18:00:00,0.019866190476190433
2026-05-23 18:01:40,0.017366190476190316
2026-05-23 18:03:20,0.015802380952380964
2026-05-23 18:05:00,0.015570952380952366
2026-05-23 18:06:40,0.013171904761904722
2026-05-23 18:08:20,0.011605714285714178
2026-05-23 18:10:00,0.010048571428571566
2026-05-23 18:13:20,0.008142380952380932
2026-05-23 18:15:00,0.008615238095237988
2026-05-23 18:16:40,0.005670476190476049
2026-05-23 18:18:20,0.00434095238095257
2026-05-23 18:20:00,0.003298571428571366
2026-05-23 18:21:40,0.002445238095238087
2026-05-23 18:23:20,-0.00014666666666643055
2026-05-23 18:25:00,-0.0024661904761902123
2026-05-23 18:26:40,-0.005329047619047518
2026-05-23 18:28:20,-0.006419047619047651
2026-05-23 18:30:00,-0.005465714285714372
2026-05-23 18:31:40,-0.009955238095238107
2026-05-23 18:33:20,-0.015160952380952435
2026-05-23 18:35:00,-0.01846571428571421
2026-05-23 18:36:40,-0.02329714285714301
2026-05-23 18:38:20,-0.022144761904761896
2026-05-23 18:40:00,-0.022920476190476317
2026-05-23 18:41:40,-0.02231999999999982
2026-05-23 18:43:20,-0.026584285714285637
2026-05-23 18:45:00,-0.027078571428571667
2026-05-23 18:46:40,-0.03317523809523823
2026-05-23 18:48:20,-0.03864571428571408
2026-05-23 18:50:00,-0.04231380952380978
2026-05-23 18:51:40,-0.03857714285714289
2026-05-23 18:53:20,-0.039048571428571446
2026-05-23 18:55:00,-0.040252857142857194
2026-05-23 18:56:40,-0.03811571428571432
2026-05-23 18:58:20,-0.04472714285714307
2026-05-23 19:00:00,-0.04636095238095232
2026-05-23 19:01:40,-0.05193666666666691
2026-05-23 19:03:20,-0.04536142857142853
2026-05-23 19:05:00,-0.04319142857142868
2026-05-23 19:06:40,-0.04430904761904749
2026-05-23 19:08:20,-0.04069047619047606
2026-05-23 19:10:00,-0.039553333333333496
2026-05-23 19:13:20,-0.04204333333333356
2026-05-23 19:15:00,-0.03791380952380955
2026-05-23 19:16:40,-0.03784523809523806
2026-05-23 19:18:20,-0.04063523809523804
2026-05-23 19:20:00,-0.04621047619047617
2026-05-23 19:21:40,-0.04495761904761923
2026-05-23 19:23:20,-0.04730904761904773
2026-05-23 19:25:00,-0.05260238095238104
2026-05-23 19:26:40,-0.05431000000000023
2026-05-23 19:28:20,-0.047606190476190434
2026-05-23 19:30:00,-0.047691904761904706
2026-05-23 19:31:40,-0.06252380952380966
2026-05-23 19:33:20,-0.0595690476190477
2026-05-23 19:35:00,-0.056588571428571405
2026-05-23 19:36:40,-0.058112857142857174
2026-05-23 19:38:20,-0.059365238095238124
2026-05-23 19:40:00,-0.05722380952380972
2026-05-23 19:41:40,-0.05588999999999976
2026-05-23 19:43:20,-0.05268952380952391
2026-05-23 19:45:00,-0.055599523809524085
2026-05-23 19:46:40,-0.06424714285714303
2026-05-23 19:48:20,-0.06511095238095253
2026-05-23 19:50:00,-0.05029999999999975
2026-05-23 19:51:40,-0.058776190476190565
2026-05-23 19:53:20,-0.05982952380952403
2026-05-23 19:55:00,-0.06391380952380935
2026-05-23 19:56:40,-0.05947809523809537
2026-05-23 19:58:20,-0.055676190476190435
2026-05-23 20:00:00,-0.05441333333333312
2026-05-23 20:01:40,-0.04939523809523809
2026-05-23 20:03:20,-0.052001904761904916
2026-05-23 20:05:00,-0.049743809523809426
2026-05-23 20:06:40,-0.05316000000000025
2026-05-23 20:08:20,-0.06219619047619042
2026-05-23 20:10:00,-0.06037571428571442
2026-05-23 20:13:20,-0.06086428571428558
2026-05-23 20:15:00,-0.05680619047619051
2026-05-23 20:16:40,-0.05225714285714292
2026-05-23 20:18:20,-0.05955904761904761
2026-05-23 20:20:00,-0.05622666666666665
2026-05-23 20:21:40,-0.054820476190476086
2026-05-23 20:23:20,-0.0597647619047621
2026-05-23 20:25:00,-0.05801428571428549
2026-05-23 20:26:40,-0.05816666666666653
2026-05-23 20:28:20,-0.05721380952380945
2026-05-23 20:30:00,-0.05741857142857147
2026-05-23 20:31:40,-0.05833714285714265
2026-05-23 20:33:20,-0.060099523809523686
2026-05-23 20:35:00,-0.05784285714285707
2026-05-23 20:36:40,-0.057560000000000076
2026-05-23 20:38:20,-0.057996666666666474
2026-05-23 20:40:00,-0.0575566666666666
2026-05-23 20:41:40,-0.06913809523809532
2026-05-23 20:43:20,-0.06409190476190485
2026-05-23 20:45:00,-0.06305952380952384
2026-05-23 20:46:40,-0.06493190476190483
2026-05-23 20:48:20,-0.06513238095238096
2026-05-23 20:50:00,-0.0650047619047618
2026-05-23 20:51:40,-0.06654619047619045
2026-05-23 20:53:20,-0.06610761904761928
2026-05-23 20:55:00,-0.06577571428571408
2026-05-23 20:56:40,-0.06775047619047601
2026-05-23 20:58:20,-0.06887714285714297
2026-05-23 21:00:00,-0.07253190476190485
2026-05-23 21:01:40,-0.08379428571428568
2026-05-23 21:03:20,-0.08547523809523817
2026-05-23 21:05:00,-0.08661619047619043
2026-05-23 21:06:40,-0.08273952380952408
2026-05-23 21:08:20,-0.07913428571428598
2026-05-23 21:10:00,-0.07730714285714312
2026-05-23 21:13:20,-0.07164523809523804
2026-05-23 21:15:00,-0.07886142857142849
2026-05-23 21:16:40,-0.07491190476190468
2026-05-23 21:18:20,-0.06643857142857154
2026-05-23 21:20:00,-0.0615438095238097
2026-05-23 21:21:40,-0.06305190476190485
2026-05-23 21:23:20,-0.058090476190476456
2026-05-23 21:25:00,-0.05815523809523816
2026-05-23 21:26:40,-0.05628904761904771
2026-05-23 21:28:20,-0.058461904761904986
2026-05-23 21:30:00,-0.059900000000000043
2026-05-23 21:31:40,-0.05893333333333322
2026-05-23 21:33:20,-0.05958904761904774
2026-05-23 21:35:00,-0.05799333333333326
2026-05-23 21:36:40,-0.05849333333333339
2026-05-23 21:38:20,-0.05795857142857141
2026-05-23 21:40:00,-0.05683142857142868
2026-05-23 21:41:40,-0.05602190476190473
2026-05-23 21:43:20,-0.05604952380952373
2026-05-23 21:45:00,-0.05747285714285723
2026-05-23 21:46:40,-0.05803428571428563
2026-05-23 21:48:20,-0.058523809523809436
2026-05-23 21:50:00,-0.05542523809523806
2026-05-23 21:51:40,-0.05819238095238105
2026-05-23 21:53:20,-0.05642000000000017
2026-05-23 21:55:00,-0.05531857142857135
2026-05-23 21:56:40,-0.05423761904761891
2026-05-23 21:58:20,-0.05283333333333363
2026-05-23 22:00:00,-0.05328904761904766
2026-05-23 22:01:40,-0.052912857142857
2026-05-23 22:03:20,-0.052918571428571336
2026-05-23 22:05:00,-0.05178857142857155
2026-05-23 22:06:40,-0.05199285714285715
2026-05-23 22:08:20,-0.05080142857142843
2026-05-23 22:10:00,-0.05149333333333318
2026-05-23 22:13:20,-0.048977142857142754
2026-05-23 22:15:00,-0.04685142857142852
2026-05-23 22:16:40,-0.04852666666666637
2026-05-23 22:18:20,-0.048717142857142764
2026-05-23 22:20:00,-0.04821476190476199
2026-05-23 22:21:40,-0.045639047619047614
2026-05-23 22:23:20,-0.0440985714285714
2026-05-23 22:25:00,-0.04162809523809551
2026-05-23 22:26:40,-0.03886190476190472
2026-05-23 22:28:20,-0.03640428571428568
2026-05-23 22:30:00,-0.033894761904761955
2026-05-23 22:31:40,-0.03168952380952363
2026-05-23 22:33:20,-0.0277252380952378
2026-05-23 22:35:00,-0.026186190476190734
2026-05-23 22:36:40,-0.02280333333333335
2026-05-23 22:38:20,-0.018339047619047658
2026-05-23 22:40:00,-0.01682857142857156
2026-05-23 22:41:40,-0.013158571428571353
2026-05-23 22:43:20,-0.009842857142857115
2026-05-23 22:45:00,-0.0070514285714286555
2026-05-23 22:46:40,-0.0037695238095236984
2026-05-23 22:48:20,-9.333333333316242e-05
2026-05-23 22:50:00,0.001524761904762092
2026-05-23 22:51:40,0.005189047619047779
2026-05-23 22:53:20,0.007482857142857019
2026-05-23 22:55:00,0.008901428571428489
2026-05-23 22:56:40,0.011472857142856957
2026-05-23 22:58:20,0.014283333333333193
2026-05-23 23:00:00,0.015030476190475976
2026-05-23 23:01:40,0.0166590476190477
2026-05-23 23:03:20,0.01733523809523791
2026-05-23 23:05:00,0.018831904761904633
2026-05-23 23:06:40,0.018092857142857355
2026-05-23 23:08:20,0.018219523809523838
2026-05-23 23:10:00,0.017693809523809417
2026-05-23 23:13:20,0.017633809523809434
2026-05-23 23:15:00,0.017173333333333252
2026-05-23 23:16:40,0.017145238095238255
2026-05-23 23:18:20,0.018316666666666696
2026-05-23 23:20:00,0.018730000000000083
2026-05-23 23:21:40,0.018330952380952358
2026-05-23 23:23:20,0.01995142857142859
2026-05-23 23:25:00,0.01929190476190474
2026-05-23 23:26:40,0.020530476190476238
2026-05-23 23:28:20,0.02155285714285708
2026-05-23 23:30:00,0.02210190476190472
2026-05-23 23:31:40,0.022290952380952647
2026-05-23 23:33:20,0.02382428571428564
2026-05-23 23:35:00,0.024868095238095363
2026-05-23 23:36:40,0.025614761904761973
2026-05-23 23:38:20,0.027308571428571175
2026-05-23 23:40:00,0.028116190476190458
2026-05-23 23:41:40,0.028341904761904447
2026-05-23 23:43:20,0.030452857142857163
2026-05-23 23:45:00,0.031034761904762186
2026-05-23 23:46:40,0.03122666666666643
2026-05-23 23:48:20,0.032796666666666585
2026-05-23 23:50:00,0.03191142857142865
2026-05-23 23:51:40,0.0332800000000001
2026-05-23 23:53:20,0.03550142857142853
2026-05-23 23:55:00,0.034410000000000315
2026-05-23 23:56:40,0.033783809523809244
2026-05-23 23:58:20,0.03557809523809513
2026-05-24 00:00:00,0.035453809523809866
2026-05-24 00:01:40,0.034647619047619
2026-05-24 00:03:20,0.03546904761904747
2026-05-24 00:05:00,0.03612761904761905
2026-05-24 00:06:40,0.036460952380952004
2026-05-24 00:08:20,0.03628285714285698
2026-05-24 00:10:00,0.03666380952380961
2026-05-24 00:13:20,0.036788571428571316
2026-05-24 00:15:00,0.036029523809523505
2026-05-24 00:16:40,0.03654619047618996
2026-05-24 00:18:20,0.03652476190476201
2026-05-24 00:20:00,0.03728333333333344
2026-05-24 00:21:40,0.040438571428571164
2026-05-24 00:23:20,0.042227619047619465
2026-05-24 00:25:00,0.04297095238095244
2026-05-24 00:26:40,0.042443809523809876
2026-05-24 00:28:20,0.04375761904761917
2026-05-24 00:30:00,0.04465619047619037
2026-05-24 00:31:40,0.047788571428571416
2026-05-24 00:33:20,0.04891190476190456
2026-05-24 00:35:00,0.04888761904761896
2026-05-24 00:36:40,0.05142809523809568
2026-05-24 00:38:20,0.05399238095238142
2026-05-24 00:40:00,0.05581476190476216
2026-05-24 00:41:40,0.055181904761904654
2026-05-24 00:43:20,0.05289190476190467
2026-05-24 00:45:00,0.05366047619047644
2026-05-24 00:46:40,0.05390809523809506
2026-05-24 00:48:20,0.05432619047619039
2026-05-24 00:50:00,0.05569571428571432
2026-05-24 00:51:40,0.05681952380952392
2026-05-24 00:53:20,0.059232380952380606
2026-05-24 00:55:00,0.05759333333333309
2026-05-24 00:56:40,0.058871904761904806
2026-05-24 00:58:20,0.056572380952380805
2026-05-24 01:00:00,0.05790523809523821
2026-05-24 01:01:40,0.0574609523809525
2026-05-24 01:03:20,0.05593809523809544
2026-05-24 01:05:00,0.05708238095238084
2026-05-24 01:06:40,0.057508095238095275
2026-05-24 01:08:20,0.058191904761904695
2026-05-24 01:10:00,0.05764761904761902
2026-05-24 01:13:20,0.05493476190476196
2026-05-24 01:15:00,0.05318666666666681
2026-05-24 01:16:40,0.049831904761904654
2026-05-24 01:18:20,0.04680380952380957
2026-05-24 01:20:00,0.044102380952381004
2026-05-24 01:21:40,0.0376842857142858
2026-05-24 01:23:20,0.03209857142857135
2026-05-24 01:25:00,0.029342857142857167
2026-05-24 01:26:40,0.01953000000000011
2026-05-24 01:28:20,0.014713809523809528
2026-05-24 01:30:00,0.009425238095238164
2026-05-24 01:31:40,0.0035776190476189164
2026-05-24 01:33:20,-0.005622857142857197
2026-05-24 01:35:00,-0.006962857142857125
2026-05-24 01:36:40,-0.01573857142857138
2026-05-24 01:38:20,-0.026038571428571335
2026-05-24 01:40:00,-0.026282857142857136
2026-05-24 01:41:40,-0.03441904761904771
2026-05-24 01:43:20,-0.04161190476190473
2026-05-24 01:45:00,-0.04644809523809519
2026-05-24 01:46:40,-0.05595333333333354
2026-05-24 01:48:20,-0.06197428571428569
2026-05-24 01:50:00,-0.06536999999999996
2026-05-24 01:51:40,-0.06938476190476184
2026-05-24 01:53:20,-0.07737904761904749
2026-05-24 01:55:00,-0.08239476190476167
2026-05-24 01:56:40,-0.08836428571428559
2026-05-24 01:58:20,-0.09322476190476181
2026-05-24 02:00:00,-0.09428047619047641
2026-05-24 02:01:40,-0.0978552380952381
2026-05-24 02:03:20,-0.09832285714285732
2026-05-24 02:05:00,-0.10547857142857162
2026-05-24 02:06:40,-0.09681523809523815
2026-05-24 02:08:20,-0.10229285714285705
2026-05-24 02:10:00,-0.10376714285714296
2026-05-24 02:13:20,-0.10099523809523828
2026-05-24 02:15:00,-0.10492999999999997
2026-05-24 02:16:40,-0.10870857142857127
2026-05-24 02:18:20,-0.10137095238095244
2026-05-24 02:20:00,-0.10427809523809523
2026-05-24 02:21:40,-0.105854761904762
2026-05-24 02:23:20,-0.10370428571428567
2026-05-24 02:25:00,-0.10284904761904788
2026-05-24 02:26:40,-0.09400952380952378
2026-05-24 02:28:20,-0.08803095238095254
2026-05-24 02:30:00,-0.08294095238095234
2026-05-24 02:31:40,-0.08234238095238111
2026-05-24 02:33:20,-0.0741780952380952
2026-05-24 02:35:00,-0.0701466666666668
2026-05-24 02:36:40,-0.06763285714285716
2026-05-24 02:38:20,-0.06714190476190476
2026-05-24 02:40:00,-0.06605047619047619
2026-05-24 02:41:40,-0.07649809523809525
2026-05-24 02:43:20,-0.06915857142857172
2026-05-24 02:45:00,-0.06156666666666662
2026-05-24 02:46:40,-0.054816190476190366
2026-05-24 02:48:20,-0.0503695238095238
2026-05-24 02:50:00,-0.051508095238095096
2026-05-24 02:51:40,-0.04789238095238096
2026-05-24 02:53:20,-0.05776428571428607
2026-05-24 02:55:00,-0.055678095238095464
2026-05-24 02:56:40,-0.0560299999999997
2026-05-24 02:58:20,-0.053402857142856947
2026-05-24 03:00:00,-0.0527371428571428
2026-05-24 03:01:40,-0.049766666666666404
2026-05-24 03:03:20,-0.04837904761904748
2026-05-24 03:05:00,-0.04653095238095255
2026-05-24 03:06:40,-0.04395523809523788
2026-05-24 03:08:20,-0.04423238095238087
2026-05-24 03:10:00,-0.044584285714285715
2026-05-24 03:13:20,-0.04163238095238098
2026-05-24 03:15:00,-0.04303857142857154
2026-05-24 03:16:40,-0.048554285714285814
2026-05-24 03:18:20,-0.04937809523809547
2026-05-24 03:20:00,-0.048533333333333595
2026-05-24 03:21:40,-0.047446190476191016
2026-05-24 03:23:20,-0.04973904761904753
2026-05-24 03:25:00,-0.0522680952380952
2026-05-24 03:26:40,-0.052359047619047354
2026-05-24 03:28:20,-0.051435714285714335
2026-05-24 03:30:00,-0.05445380952380949
2026-05-24 03:31:40,-0.05552857142857169
2026-05-24 03:33:20,-0.05964285714285712
2026-05-24 03:35:00,-0.06357809523809545
2026-05-24 03:36:40,-0.06436999999999998
2026-05-24 03:38:20,-0.06101142857142829
2026-05-24 03:40:00,-0.0632604761904765
2026-05-24 03:41:40,-0.06225714285714279
2026-05-24 03:43:20,-0.06238000000000002
2026-05-24 03:45:00,-0.06605285714285719
2026-05-24 03:46:40,-0.06819333333333331
2026-05-24 03:48:20,-0.07393380952380964
2026-05-24 03:50:00,-0.07349714285714289
2026-05-24 03:51:40,-0.0767119047619047
2026-05-24 03:53:20,-0.07847523809523824
2026-05-24 03:55:00,-0.08075619047619066
2026-05-24 03:56:40,-0.08172047619047604
2026-05-24 03:58:20,-0.09014285714285719
2026-05-24 04:00:00,-0.09521380952380942
2026-05-24 04:01:40,-0.09291047619047638
2026-05-24 04:03:20,-0.0815495238095238
2026-05-24 04:05:00,-0.08417904761904738
2026-05-24 04:06:40,-0.08791428571428582
2026-05-24 04:08:20,-0.08788428571428597
2026-05-24 04:10:00,-0.08970523809523798
2026-05-24 04:13:20,-0.09227952380952423
2026-05-24 04:15:00,-0.09121904761904787
2026-05-24 04:16:40,-0.09725190476190468
2026-05-24 04:18:20,-0.09781999999999964
2026-05-24 04:20:00,-0.10023857142857141
2026-05-24 04:21:40,-0.10534857142857118
2026-05-24 04:23:20,-0.11940571428571452
2026-05-24 04:25:00,-0.12146047619047604
2026-05-24 04:26:40,-0.12406476190476148
2026-05-24 04:28:20,-0.12529523809523782
2026-05-24 04:30:00,-0.11210952380952406
2026-05-24 04:31:40,-0.12383619047619028
2026-05-24 04:33:20,-0.12965809523809532
2026-05-24 04:35:00,-0.13123523809523757
2026-05-24 04:36:40,-0.1242761904761906
2026-05-24 04:38:20,-0.1203233333333333
2026-05-24 04:40:00,-0.12359952380952363
2026-05-24 04:41:40,-0.12191571428571417
2026-05-24 04:43:20,-0.1177776190476189
2026-05-24 04:45:00,-0.11509857142857136
2026-05-24 04:46:40,-0.11072904761904802
2026-05-24 04:48:20,-0.10611523809523843
2026-05-24 04:50:00,-0.10430476190476212
2026-05-24 04:51:40,-0.09564809523809524
2026-05-24 04:53:20,-0.09418476190476177
2026-05-24 04:55:00,-0.09013000000000017
2026-05-24 04:56:40,-0.09176904761904718
2026-05-24 04:58:20,-0.09230809523809491
2026-05-24 05:00:00,-0.08918523809523797
2026-05-24 05:01:40,-0.08865714285714255
2026-05-24 05:03:20,-0.08031380952380981
2026-05-24 05:05:00,-0.07744571428571444
2026-05-24 05:06:40,-0.0763790476190472
2026-05-24 05:08:20,-0.06995571428571384
2026-05-24 05:10:00,-0.07421666666666683
2026-05-24 05:13:20,-0.07024857142857183
2026-05-24 05:15:00,-0.07098857142857094
2026-05-24 05:16:40,-0.06543476190476238
2026-05-24 05:18:20,-0.06861476190476229
2026-05-24 05:20:00,-0.07313714285714276
2026-05-24 05:21:40,-0.07519666666666672
2026-05-24 05:23:20,-0.06759476190476194
2026-05-24 05:25:00,-0.06484523809523807
2026-05-24 05:26:40,-0.06257571428571491
2026-05-24 05:28:20,-0.06950333333333339
2026-05-24 05:30:00,-0.06074714285714284
2026-05-24 05:31:40,-0.059605714285714234
2026-05-24 05:33:20,-0.05572095238095272
2026-05-24 05:35:00,-0.05202666666666676
2026-05-24 05:36:40,-0.049473809523809455
2026-05-24 05:38:20,-0.04749999999999964
2026-05-24 05:40:00,-0.045611904761905214
2026-05-24 05:41:40,-0.0432895238095234
2026-05-24 05:43:20,-0.04040571428571414
2026-05-24 05:45:00,-0.039985238095238206
2026-05-24 05:46:40,-0.037277619047618824
2026-05-24 05:48:20,-0.03391952380952345
2026-05-24 05:50:00,-0.03290809523809494
2026-05-24 05:51:40,-0.03215190476190458
2026-05-24 05:53:20,-0.030188571428571877
2026-05-24 05:55:00,-0.02803190476190491
2026-05-24 05:56:40,-0.025342857142857396
2026-05-24 05:58:20,-0.026329523809523907
2026-05-24 06:00:00,-0.026387619047619063
2026-05-24 06:01:40,-0.026740476190476314
2026-05-24 06:03:20,-0.0243919047619049
2026-05-24 06:05:00,-0.024388571428571457
2026-05-24 06:06:40,-0.023715238095237623
2026-05-24 06:08:20,-0.021972857142857183
2026-05-24 06:10:00,-0.021513809523809668
2026-05-24 06:13:20,-0.023662857142857534
2026-05-24 06:15:00,-0.02271476190476167
2026-05-24 06:16:40,-0.021942857142857305
2026-05-24 06:18:20,-0.02337761904761943
2026-05-24 06:20:00,-0.024660952380952714
2026-05-24 06:21:40,-0.02600761904761934
2026-05-24 06:23:20,-0.027981428571428834
2026-05-24 06:25:00,-0.028091428571428538
2026-05-24 06:26:40,-0.02732952380952367
2026-05-24 06:28:20,-0.026292857142857402
2026-05-24 06:30:00,-0.025974761904761477
2026-05-24 06:31:40,-0.026643333333333033
2026-05-24 06:33:20,-0.024877142857143146
2026-05-24 06:35:00,-0.025200476190476294
2026-05-24 06:36:40,-0.02405047619047629
2026-05-24 06:38:20,-0.02405047619047667
2026-05-24 06:40:00,-0.023626190476190544
2026-05-24 06:41:40,-0.021681904761904895
2026-05-24 06:43:20,-0.023593333333332973
2026-05-24 06:45:00,-0.0244885714285715
2026-05-24 06:46:40,-0.024315238095238407
2026-05-24 06:48:20,-0.024171904761904853
2026-05-24 06:50:00,-0.025338571428571717
2026-05-24 06:51:40,-0.024926666666666805
2026-05-24 06:53:20,-0.024720476190476164
2026-05-24 06:55:00,-0.025466190476190628
2026-05-24 06:56:40,-0.02566714285714308
2026-05-24 06:58:20,-0.027044285714285684
2026-05-24 07:00:00,-0.027284761904762107
2026-05-24 07:01:40,-0.027984285714285934
2026-05-24 07:03:20,-0.02926999999999995
2026-05-24 07:05:00,-0.02937999999999993
2026-05-24 07:06:40,-0.031786190476190454
2026-05-24 07:08:20,-0.03181380952380941
2026-05-24 07:10:00,-0.030541904761904777
2026-05-24 07:13:20,-0.03247285714285714
2026-05-24 07:15:00,-0.03380857142857104
2026-05-24 07:16:40,-0.02917047619047646
2026-05-24 07:18:20,-0.029324285714285702
2026-05-24 07:20:00,-0.029493809523809734
2026-05-24 07:21:40,-0.02828619047619073
2026-05-24 07:23:20,-0.026160476190476598
2026-05-24 07:25:00,-0.020941428571428517
2026-05-24 07:26:40,-0.020489047619047414
2026-05-24 07:28:20,-0.019743333333333384
2026-05-24 07:30:00,-0.01757476190476221
2026-05-24 07:31:40,-0.015748095238095675
2026-05-24 07:33:20,-0.015059047619047665
2026-05-24 07:35:00,-0.01194952380952404
2026-05-24 07:36:40,-0.009254285714285711
2026-05-24 07:38:20,-0.008607619047618911
2026-05-24 07:40:00,-0.00662904761904759
2026-05-24 07:41:40,-0.004506190476190391
2026-05-24 07:43:20,-0.0035499999999997517
2026-05-24 07:45:00,-0.0015604761904761356
2026-05-24 07:46:40,0.0004957142857143189
2026-05-24 07:48:20,0.001124761904761999
2026-05-24 07:50:00,0.003272857142856983
2026-05-24 07:51:40,0.0047733333333332545
2026-05-24 07:53:20,0.006360476190475967
2026-05-24 07:55:00,0.007376190476190732
2026-05-24 07:56:40,0.008047142857142826
2026-05-24 07:58:20,0.008663809523809704
2026-05-24 08:00:00,0.010216666666666879
2026-05-24 08:01:40,0.011612857142856986
2026-05-24 08:03:20,0.012581904761904832
2026-05-24 08:05:00,0.013980952380952236
2026-05-24 08:06:40,0.014328095238095381
2026-05-24 08:08:20,0.014193809523809178
2026-05-24 08:10:00,0.016262380952380803
2026-05-24 08:13:20,0.01578999999999994
2026-05-24 08:15:00,0.015376666666666646
2026-05-24 08:16:40,0.01590857142857133
2026-05-24 08:18:20,0.016491428571428678
2026-05-24 08:20:00,0.015619047619047708
2026-05-24 08:21:40,0.014899523809523762
2026-05-24 08:23:20,0.014735238095238041
2026-05-24 08:25:00,0.013091904761904746
2026-05-24 08:26:40,0.011935714285714372
2026-05-24 08:28:20,0.01147523809523819
2026-05-24 08:30:00,0.01157666666666693
2026-05-24 08:31:40,0.010179523809523937
2026-05-24 08:33:20,0.009563809523809572
2026-05-24 08:35:00,0.008487142857142811
2026-05-24 08:36:40,0.007144761904761734
2026-05-24 08:38:20,0.007080000000000187
2026-05-24 08:40:00,0.006078095238095058
2026-05-24 08:41:40,0.0038609523809524362
2026-05-24 08:43:20,0.0030738095238096452
2026-05-24 08:45:00,0.0016319047619049324
2026-05-24 08:46:40,-0.00013857142857145836
2026-05-24 08:48:20,-0.0005180952380950373
2026-05-24 08:50:00,-0.0018728571428571258
2026-05-24 08:51:40,-0.0031961904761905217
2026-05-24 08:53:20,-0.003712380952380975
2026-05-24 08:55:00,-0.004727619047618943
2026-05-24 08:56:40,-0.006423333333333426
2026-05-24 08:58:20,-0.007862857142857171
2026-05-24 09:00:00,-0.008174285714285731
2026-05-24 09:01:40,-0.00950190476190468
2026-05-24 09:03:20,-0.009623333333333433
2026-05-24 09:05:00,-0.010900476190476176
2026-05-24 09:06:40,-0.012905714285714309
2026-05-24 09:08:20,-0.012577142857142811
2026-05-24 09:10:00,-0.012364761904761884
2026-05-24 09:13:20,-0.013779047619047684
2026-05-24 09:15:00,-0.01428857142857129
2026-05-24 09:16:40,-0.014122857142857187
2026-05-24 09:18:20,-0.01345666666666663
2026-05-24 09:20:00,-0.014712857142857194
2026-05-24 09:21:40,-0.014945238095238157
2026-05-24 09:23:20,-0.015655238095238125
2026-05-24 09:25:00,-0.014252380952381086
2026-05-24 09:26:40,-0.014264761904761896
2026-05-24 09:28:20,-0.0133738095238096
2026-05-24 09:30:00,-0.013666190476190417
2026-05-24 09:31:40,-0.015165238095238065
2026-05-24 09:33:20,-0.01508047619047625
2026-05-24 09:35:00,-0.012945238095238272
2026-05-24 09:36:40,-0.01225000000000001
2026-05-24 09:38:20,-0.013397142857143107
2026-05-24 09:40:00,-0.015074761904761905
2026-05-24 09:41:40,-0.016319047619047525
2026-05-24 09:43:20,-0.01683904761904762
2026-05-24 09:45:00,-0.01736571428571426
2026-05-24 09:46:40,-0.01773095238095245
2026-05-24 09:48:20,-0.01724285714285742
2026-05-24 09:50:00,-0.01767999999999998
2026-05-24 09:51:40,-0.014869523809523746
2026-05-24 09:53:20,-0.014708095238095322
2026-05-24 09:55:00,-0.014361428571428667
2026-05-24 09:56:40,-0.015124761904761853
2026-05-24 09:58:20,-0.018785714285714288
2026-05-24 10:00:00,-0.033469047619047676
2026-05-24 10:01:40,-0.034236190476190476
2026-05-24 10:03:20,-0.03541476190476225
2026-05-24 10:05:00,-0.029259523809523375
2026-05-24 10:06:40,-0.027680952380951945
2026-05-24 10:08:20,-0.026183809523809727
2026-05-24 10:10:00,-0.02100428571428563
2026-05-24 10:13:20,-0.03360142857142854
2026-05-24 10:15:00,-0.024729047619047914
2026-05-24 10:16:40,-0.021754761904762127
2026-05-24 10:18:20,-0.024357619047618746
2026-05-24 10:20:00,-0.028717619047619165
2026-05-24 10:21:40,-0.02831380952380943
2026-05-24 10:23:20,-0.03577666666666727
2026-05-24 10:25:00,-0.03877523809523828
2026-05-24 10:26:40,-0.04106571428571522
2026-05-24 10:28:20,-0.037427142857142215
2026-05-24 10:30:00,-0.034416666666666484
2026-05-24 10:31:40,-0.032080000000001024
2026-05-24 10:33:20,-0.031696190476190586
2026-05-24 10:35:00,-0.0359604761904761
2026-05-24 10:36:40,-0.03593952380952438
2026-05-24 10:38:20,-0.03534142857142793
2026-05-24 10:40:00,-0.03376523809523792
2026-05-24 10:41:40,-0.030604285714286486
2026-05-24 10:43:20,-0.02914952380952386
2026-05-24 10:45:00,-0.025684761904761336
2026-05-24 10:46:40,-0.025484285714285584
2026-05-24 10:48:20,-0.024329047619048083
2026-05-24 10:50:00,-0.027677142857142734
2026-05-24 10:51:40,-0.026971904761904947
2026-05-24 10:53:20,-0.0256485714285713
2026-05-24 10:55:00,-0.024607619047619322
2026-05-24 10:56:40,-0.02513285714285754
2026-05-24 10:58:20,-0.024445238095237548
2026-05-24 11:00:00,-0.021417142857142885
2026-05-24 11:01:40,-0.023648095238095357
2026-05-24 11:03:20,-0.02204047619047733
2026-05-24 11:05:00,-0.0198214285714281
2026-05-24 11:06:40,-0.021690952380951867
2026-05-24 11:26:40,-0.23369047619047664
2026-05-24 11:31:40,-0.046536190476189856
2026-05-24 11:33:20,-0.04920380952380912
2026-05-24 11:35:00,-0.04949571428571456
2026-05-24 11:36:40,-0.053671428571428856
2026-05-24 11:38:20,-0.05901571428571441
2026-05-24 11:40:00,-0.053356666666666386
2026-05-24 11:41:40,-0.052014285714286054
2026-05-24 11:43:20,-0.05197904761904745
2026-05-24 11:45:00,-0.047510952380952834
2026-05-24 11:46:40,-0.04246619047619056
2026-05-24 11:48:20,-0.034948095238095195
2026-05-24 11:50:00,-0.0289628571428572
2026-05-24 11:51:40,-0.01577904761904786
2026-05-24 11:53:20,-0.014655238095237971
2026-05-24 11:55:00,-0.019085238095238235
2026-05-24 11:56:40,-0.01600428571428565
2026-05-24 11:58:20,-0.0175004761904762
2026-05-24 12:00:00,-0.011416666666666853
2026-05-24 12:01:40,-0.009944761904761923
2026-05-24 12:03:20,-0.00939428571428607
2026-05-24 12:05:00,-0.007770000000000023
2026-05-24 12:06:40,-0.0065233333333331615
2026-05-24 12:08:20,-0.0038157142857142027
2026-05-24 12:10:00,0.0005261904761904128
2026-05-24 12:11:40,0.0014114285714286825
2026-05-24 12:13:20,0.0038409523809522627
2026-05-24 12:15:00,0.004263333333333212
2026-05-24 12:16:40,0.011912857142857324
2026-05-24 12:18:20,0.014152380952380895
2026-05-24 12:20:00,0.018126666666666805
2026-05-24 12:21:40,0.018376666666666548
2026-05-24 12:23:20,0.018130476190476183
2026-05-24 12:25:00,0.01915
2026-05-24 12:26:40,0.013744285714285659
2026-05-24 12:30:00,0.02052619047619055
2026-05-24 12:31:40,0.028430000000000042
2026-05-24 12:33:20,0.03442380952380953
2026-05-24 12:35:00,0.035373333333333194
2026-05-24 12:36:40,0.03613619047619043
2026-05-24 12:38:20,0.0400947619047619
2026-05-24 12:40:00,0.04289571428571428
2026-05-24 12:41:40,0.05275523809523808
2026-05-24 12:43:20,0.0550471428571431
2026-05-24 12:45:00,0.07087142857142861
2026-05-24 12:46:40,0.06288619047619065
2026-05-24 12:48:20,0.0671042857142857
2026-05-24 12:50:00,0.0718238095238093
2026-05-24 12:51:40,0.08007142857142893
2026-05-24 12:53:20,0.08343476190476207
2026-05-24 12:55:00,0.08094999999999977
2026-05-24 12:56:40,0.09524333333333332
2026-05-24 12:58:20,0.10638619047619087
2026-05-24 13:00:00,0.09655619047619032
2026-05-24 13:01:40,0.1070228571428571
2026-05-24 13:03:20,0.10965047619047606
2026-05-24 13:05:00,0.09421333333333345
2026-05-24 13:06:40,0.10511285714285662
2026-05-24 13:08:20,0.11386619047619098
2026-05-24 13:10:00,0.11648666666666692
2026-05-24 13:11:40,0.10869619047619031
2026-05-24 13:13:20,0.1179114285714284
2026-05-24 13:15:00,0.11912857142857108
2026-05-24 13:16:40,0.12131428571428601
2026-05-24 13:18:20,0.1181357142857141
2026-05-24 13:20:00,0.1337219047619048
2026-05-24 13:21:40,0.12175571428571441
2026-05-24 13:23:20,0.11115047619047627
2026-05-24 13:25:00,0.11932190476190435
2026-05-24 13:26:40,0.12321238095238088
2026-05-24 13:30:00,0.12915428571428536
2026-05-24 13:31:40,0.15444047619047602
2026-05-24 13:33:20,0.15167619047619052
2026-05-24 13:35:00,0.1260923809523807
2026-05-24 13:36:40,0.1583295238095243
2026-05-24 13:38:20,0.14648476190476173
2026-05-24 13:40:00,0.13143714285714236
2026-05-24 13:41:40,0.1487680952380954
2026-05-24 13:43:20,0.1315814285714286
2026-05-24 13:45:00,0.15205142857142862
2026-05-24 13:46:40,0.16399428571428554
2026-05-24 13:48:20,0.159592857142857
2026-05-24 13:50:00,0.1401495238095241
2026-05-24 13:51:40,0.15059285714285725
2026-05-24 13:53:20,0.1644838095238091
2026-05-24 13:55:00,0.13831380952380967
2026-05-24 13:56:40,0.13008142857142854
2026-05-24 13:58:20,0.12968380952380962
2026-05-24 14:00:00,0.12681333333333314
2026-05-24 14:01:40,0.11796476190476188
2026-05-24 14:03:20,0.12057714285714274
2026-05-24 14:05:00,0.09531285714285723
2026-05-24 14:06:40,0.05268142857142864
2026-05-24 14:08:20,0.04443999999999999
2026-05-24 14:10:00,0.042795714285714305
2026-05-24 14:11:40,0.04240904761904775
2026-05-24 14:13:20,0.04100619047619033
2026-05-24 14:15:00,0.03502857142857141
2026-05-24 14:16:40,0.037081904761904684
2026-05-24 14:18:20,0.0391419047619049
2026-05-24 14:20:00,0.032629523809523775
2026-05-24 14:21:40,0.03246095238095222
2026-05-24 14:23:20,0.030055238095238176
2026-05-24 14:25:00,0.029920952380952374
2026-05-24 14:26:40,0.030351904761904736
2026-05-24 14:30:00,0.0343038095238096
2026-05-24 14:31:40,0.033853809523809494
2026-05-24 14:33:20,0.02800142857142863
2026-05-24 14:35:00,0.03161666666666669
2026-05-24 14:36:40,0.03263714285714273
2026-05-24 14:38:20,0.030883333333333363
2026-05-24 14:40:00,0.031024285714285876
2026-05-24 14:41:40,0.032519999999999924
2026-05-24 14:43:20,0.035747619047619056
2026-05-24 14:45:00,0.0359919047619049
2026-05-24 14:46:40,0.03223999999999996
2026-05-24 14:48:20,0.03587047619047633
2026-05-24 14:50:00,0.036462380952381135
2026-05-24 14:51:40,0.03799333333333316
2026-05-24 14:53:20,0.036127619047619186
2026-05-24 14:55:00,0.03602476190476192
2026-05-24 14:56:40,0.034537619047619185
2026-05-24 14:58:20,0.03597000000000003
2026-05-24 15:00:00,0.042481904761904825
2026-05-24 15:01:40,0.04459190476190476
2026-05-24 15:03:20,0.04494619047619047
2026-05-24 15:05:00,0.03988666666666683
2026-05-24 15:06:40,0.042317142857142706
2026-05-24 15:08:20,0.044446190476190424
2026-05-24 15:10:00,0.04456142857142862
2026-05-24 15:11:40,0.0575619047619047
2026-05-24 15:13:20,0.05527761904761886
2026-05-24 15:15:00,0.05605619047619056
2026-05-24 15:16:40,0.06061952380952383
2026-05-24 15:18:20,0.05934095238095241
2026-05-24 15:20:00,0.06357380952380959
2026-05-24 15:21:40,0.06400095238095235
2026-05-24 15:23:20,0.07145952380952394
2026-05-24 15:25:00,0.06517047619047606
2026-05-24 15:26:40,0.06794523809523806
2026-05-24 15:30:00,0.08337476190476198
2026-05-24 15:31:40,0.09235142857142849
2026-05-24 15:33:20,0.07606000000000011
2026-05-24 15:35:00,0.07247761904761901
2026-05-24 15:36:40,0.07351714285714277
2026-05-24 15:38:20,0.07600333333333333
2026-05-24 15:40:00,0.08088571428571419
2026-05-24 15:41:40,0.08796904761904753
2026-05-24 15:43:20,0.09303380952380962
2026-05-24 15:45:00,0.1034133333333332
2026-05-24 15:46:40,0.09986190476190492
2026-05-24 15:48:20,0.09937857142857147
2026-05-24 15:50:00,0.10540571428571432
2026-05-24 15:51:40,0.11619380952380942
2026-05-24 15:53:20,0.10841952380952373
2026-05-24 15:55:00,0.10685476190476197
2026-05-24 15:56:40,0.1168204761904762
2026-05-24 15:58:20,0.12344476190476197
2026-05-24 16:00:00,0.1337238095238096
2026-05-24 16:01:40,0.1458690476190476
2026-05-24 16:03:20,0.15924285714285713
2026-05-24 16:05:00,0.1528004761904763
2026-05-24 16:06:40,0.1761428571428571
2026-05-24 16:08:20,0.1854952380952382
2026-05-24 16:10:00,0.16387142857142872
2026-05-24 16:11:40,0.17721904761904766
2026-05-24 16:13:20,0.1967228571428571
2026-05-24 16:15:00,0.2265314285714286
2026-05-24 16:16:40,0.21764047619047616
2026-05-24 16:18:20,0.22252857142857138
2026-05-24 16:20:00,0.2172809523809525
2026-05-24 16:21:40,0.22635666666666643
2026-05-24 16:23:20,0.24705047619047618
2026-05-24 16:25:00,0.20660428571428582
2026-05-24 16:26:40,0.18254428571428583
2026-05-24 16:30:00,0.21174809523809512
2026-05-24 16:31:40,0.18515142857142872
2026-05-24 16:33:20,0.19040714285714277
2026-05-24 16:35:00,0.18848761904761896
2026-05-24 16:36:40,0.21405142857142861
2026-05-24 16:38:20,0.17270619047619046
2026-05-24 16:40:00,0.17770333333333355
2026-05-24 16:41:40,0.18032999999999982
2026-05-24 16:43:20,0.1713938095238095
2026-05-24 16:45:00,0.15325952380952385
2026-05-24 16:46:40,0.1449795238095238
2026-05-24 16:48:20,0.1463528571428572
2026-05-24 16:50:00,0.13681380952380962
2026-05-24 16:51:40,0.11481619047619077
2026-05-24 16:53:20,0.0992300000000001
2026-05-24 16:55:00,0.09459095238095222
2026-05-24 16:56:40,0.08233000000000007
2026-05-24 16:58:20,0.07790761904761909
2026-05-24 17:00:00,0.06754904761904754
2026-05-24 17:01:40,0.05382857142857146
2026-05-24 17:03:20,0.04838761904761921
2026-05-24 17:05:00,0.03309142857142834
2026-05-24 17:06:40,0.019166666666666627
2026-05-24 17:08:20,0.013882380952380945
2026-05-24 17:10:00,0.0035185714285714507
2026-05-24 17:11:40,-0.007094285714285806
2026-05-24 17:13:20,-0.011711428571428574
2026-05-24 17:15:00,-0.01910380952380954
2026-05-24 17:16:40,-0.028133809523809623
2026-05-24 17:18:20,-0.03196523809523809
2026-05-24 17:20:00,-0.04646809523809534
2026-05-24 17:21:40,-0.035868095238095185
2026-05-24 17:23:20,-0.03981523809523805
2026-05-24 17:25:00,-0.042654285714285735
2026-05-24 17:26:40,-0.04700285714285725
2026-05-24 17:31:40,-0.03963761904761893
2026-05-24 17:33:20,-0.03663619047619042
2026-05-24 17:35:00,-0.033351428571428796
2026-05-24 17:36:40,-0.028060476190476295
2026-05-24 17:38:20,-0.02223666666666664
2026-05-24 17:40:00,-0.013437619047619236
2026-05-24 17:41:40,-0.003857142857143057
2026-05-24 17:43:20,-0.00039047619047617027
2026-05-24 17:45:00,0.005777142857142904
2026-05-24 17:46:40,0.015524285714285792
2026-05-24 17:48:20,0.016628095238095053
2026-05-24 17:50:00,0.027042380952380846
2026-05-24 17:51:40,0.039264761904761886
2026-05-24 17:53:20,0.04757761904761889
2026-05-24 17:55:00,0.04778333333333337
2026-05-24 17:56:40,0.06041047619047622
2026-05-24 17:58:20,0.060865714285714044
2026-05-24 18:00:00,0.06574761904761907
2026-05-24 18:01:40,0.07689476190476185
2026-05-24 18:03:20,0.08212333333333331
2026-05-24 18:05:00,0.08875761904761928
2026-05-24 18:06:40,0.10830999999999999
2026-05-24 18:08:20,0.11619809523809503
2026-05-24 18:10:00,0.13688333333333336
2026-05-24 18:11:40,0.19329809523809524
2026-05-24 18:13:20,0.1965742857142858
2026-05-24 18:15:00,0.16416714285714268
2026-05-24 18:16:40,0.14579666666666669
2026-05-24 18:18:20,0.1427190476190476
2026-05-24 18:20:00,0.14504190476190484
2026-05-24 18:21:40,0.16146238095238105
2026-05-24 18:23:20,0.1663042857142854
2026-05-24 18:25:00,0.16664
2026-05-24 18:26:40,0.16791904761904752
2026-05-24 18:30:00,0.17713238095238115
2026-05-24 18:31:40,0.18380904761904787
2026-05-24 18:33:20,0.169117619047619
2026-05-24 18:35:00,0.14179238095238095
2026-05-24 18:36:40,0.10679904761904771
2026-05-24 18:38:20,0.10402142857142863
2026-05-24 18:40:00,0.09348142857142862
2026-05-24 18:41:40,0.09460571428571443
2026-05-24 18:43:20,0.08998238095238104
2026-05-24 18:45:00,0.08883714285714298
2026-05-24 18:46:40,0.09893380952380937
2026-05-24 18:48:20,0.11799857142857137
2026-05-24 18:50:00,0.1325242857142856
2026-05-24 18:51:40,0.12975380952380966
2026-05-24 18:53:20,0.12685380952380965
2026-05-24 18:55:00,0.11320666666666664
2026-05-24 18:56:40,0.10352714285714286
2026-05-24 18:58:20,0.08846142857142868
2026-05-24 19:00:00,0.08836142857142838
2026-05-24 19:01:40,0.08641095238095238
2026-05-24 19:03:20,0.08548428571428578
2026-05-24 19:05:00,0.09552523809523805
2026-05-24 19:06:40,0.0761247619047619
2026-05-24 19:08:20,0.07467285714285697
2026-05-24 19:10:00,0.0827504761904762
2026-05-24 19:11:40,0.047899523809523656
2026-05-24 19:13:20,0.05443380952380941
2026-05-24 19:15:00,0.045496190476190496
2026-05-24 19:16:40,0.04162428571428564
2026-05-24 19:18:20,0.03487904761904759
2026-05-24 19:20:00,0.04010380952380964
2026-05-24 19:21:40,0.03664666666666677
2026-05-24 19:23:20,0.02934380952380955
2026-05-24 19:25:00,0.03213714285714289
2026-05-24 19:26:40,0.025032857142857107
2026-05-24 19:30:00,0.0231390476190476
2026-05-24 19:31:40,0.030681904761904938
2026-05-24 19:33:20,0.032015238095238235
2026-05-24 19:35:00,0.032892380952380965
2026-05-24 19:36:40,0.030643333333333536
2026-05-24 19:38:20,0.029570952380952288
2026-05-24 19:40:00,0.029630476190476186
2026-05-24 19:41:40,0.03499190476190467
2026-05-24 19:43:20,0.03659476190476178
2026-05-24 19:45:00,0.03627904761904783
2026-05-24 19:46:40,0.03446952380952386
2026-05-24 19:48:20,0.03839142857142855
2026-05-24 19:50:00,0.03939952380952378
2026-05-24 19:51:40,0.03361285714285691
2026-05-24 19:53:20,0.03486190476190482
2026-05-24 19:55:00,0.03835380952380946
2026-05-24 19:56:40,0.03894714285714283
2026-05-24 19:58:20,0.03656285714285704
2026-05-24 20:00:00,0.037418571428571364
2026-05-24 20:01:40,0.03799571428571431
2026-05-24 20:03:20,0.03773142857142847
2026-05-24 20:05:00,0.042554761904762026
2026-05-24 20:06:40,0.04222904761904748
2026-05-24 20:08:20,0.04124238095238099
2026-05-24 20:10:00,0.042845714285714244
2026-05-24 20:11:40,0.0437485714285713
2026-05-24 20:13:20,0.04059047619047628
2026-05-24 20:15:00,0.04117666666666665
2026-05-24 20:16:40,0.039008571428571476
2026-05-24 20:18:20,0.0385090476190474
2026-05-24 20:20:00,0.0432857142857143
2026-05-24 20:21:40,0.042691904761904875
2026-05-24 20:23:20,0.0418819047619048
2026-05-24 20:25:00,0.04054619047619068
2026-05-24 20:26:40,0.03895285714285737
2026-05-24 20:31:40,0.03533333333333333
2026-05-24 20:33:20,0.04245285714285707
2026-05-24 20:35:00,0.03554809523809514
2026-05-24 20:36:40,0.03882571428571424
2026-05-24 20:38:20,0.03845952380952396
2026-05-24 20:40:00,0.0468766666666668
2026-05-24 20:41:40,0.05301761904761912
2026-05-24 20:43:20,0.04548571428571449
2026-05-24 20:45:00,0.03739285714285685
2026-05-24 20:46:40,0.03806238095238115
2026-05-24 20:48:20,0.034030476190475764
2026-05-24 20:50:00,0.032990476190476195
2026-05-24 20:51:40,0.025141904761904685
2026-05-24 20:53:20,0.023642857142856966
2026-05-24 20:55:00,0.01678142857142889
2026-05-24 20:56:40,0.010405238095238384
2026-05-24 20:58:20,0.008333333333333331
2026-05-24 21:00:00,0.00564047619047614
2026-05-24 21:01:40,-0.0037180952380953536
2026-05-24 21:03:20,-0.0005061904761903407
2026-05-24 21:05:00,-0.008137619047618685
2026-05-24 21:06:40,-0.010665714285714521
2026-05-24 21:08:20,-0.01298333333333325
2026-05-24 21:10:00,-0.013457142857142765
2026-05-24 21:11:40,-0.018439523809523732
2026-05-24 21:13:20,-0.02136380952380959
2026-05-24 21:15:00,-0.021381428571428794
2026-05-24 21:16:40,-0.028571904761904764
2026-05-24 21:18:20,-0.035633809523809776
2026-05-24 21:20:00,-0.03592857142857137
2026-05-24 21:21:40,-0.039393809523809706
2026-05-24 21:23:20,-0.038420952380951966
2026-05-24 21:25:00,-0.03972285714285691
2026-05-24 21:26:40,-0.03916619047619008
2026-05-24 21:30:00,-0.039432857142856964
2026-05-24 21:31:40,-0.03875190476190485
2026-05-24 21:33:20,-0.04045047619047615
2026-05-24 21:35:00,-0.040409999999999946
2026-05-24 21:36:40,-0.042032380952380974
2026-05-24 21:38:20,-0.04388095238095257
2026-05-24 21:40:00,-0.045055238095238107
2026-05-24 21:41:40,-0.0459499999999999
2026-05-24 21:43:20,-0.05283761904761923
2026-05-24 21:45:00,-0.05411095238095259
2026-05-24 21:46:40,-0.054402380952381
2026-05-24 21:48:20,-0.055145238095238275
2026-05-24 21:50:00,-0.05180476190476198
2026-05-24 21:51:40,-0.05341476190476187
2026-05-24 21:53:20,-0.05422523809523804
2026-05-24 21:55:00,-0.05367619047619063
2026-05-24 21:56:40,-0.05598380952380942
2026-05-24 21:58:20,-0.05930999999999986
2026-05-24 22:00:00,-0.05807857142857137
2026-05-24 22:01:40,-0.06008428571428562
2026-05-24 22:03:20,-0.061279523809523895
2026-05-24 22:05:00,-0.06462238095238115
2026-05-24 22:06:40,-0.06636952380952389
2026-05-24 22:08:20,-0.06543904761904788
2026-05-24 22:10:00,-0.06485428571428598
2026-05-24 22:11:40,-0.06465523809523827
2026-05-24 22:13:20,-0.06279952380952379
2026-05-24 22:15:00,-0.06573380952380933
2026-05-24 22:16:40,-0.06332285714285699
2026-05-24 22:18:20,-0.06289523809523836
2026-05-24 22:20:00,-0.06613666666666662
2026-05-24 22:21:40,-0.06555666666666685
2026-05-24 22:23:20,-0.06619523809523803
2026-05-24 22:25:00,-0.06484047619047618
2026-05-24 22:26:40,-0.062342380952380934
2026-05-24 22:30:00,-0.06038238095238085
2026-05-24 22:31:40,-0.06791095238095245
2026-05-24 22:33:20,-0.06901142857142858
2026-05-24 22:35:00,-0.06543476190476184
2026-05-24 22:36:40,-0.07493428571428613
2026-05-24 22:38:20,-0.07332333333333346
2026-05-24 22:40:00,-0.06978380952380991
2026-05-24 22:41:40,-0.06872523809523785
2026-05-24 22:43:20,-0.06889523809523816
2026-05-24 22:45:00,-0.07178380952380961
2026-05-24 22:46:40,-0.06970142857142884
2026-05-24 22:48:20,-0.07507809523809504
2026-05-24 22:50:00,-0.0709476190476187
2026-05-24 22:51:40,-0.06127380952380984
2026-05-24 22:53:20,-0.06226142857142883
2026-05-24 22:55:00,-0.06354904761904728
2026-05-24 22:56:40,-0.06238285714285726
2026-05-24 22:58:20,-0.060985714285714025
2026-05-24 23:00:00,-0.06299999999999975
2026-05-24 23:01:40,-0.06842047619047603
2026-05-24 23:03:20,-0.06612904761904773
2026-05-24 23:05:00,-0.06276809523809519
2026-05-24 23:06:40,-0.06587523809523788
2026-05-24 23:08:20,-0.06401238095238153
2026-05-24 23:10:00,-0.06435619047619066
2026-05-24 23:11:40,-0.06260714285714297
2026-05-24 23:13:20,-0.059137142857143304
2026-05-24 23:15:00,-0.05365333333333346
2026-05-24 23:16:40,-0.05081571428571446
2026-05-24 23:18:20,-0.04920809523809495
2026-05-24 23:20:00,-0.046184761904761854
2026-05-24 23:21:40,-0.044868571428571744
2026-05-24 23:23:20,-0.04581285714285717
2026-05-24 23:25:00,-0.04610857142857107
2026-05-24 23:26:40,-0.04478476190476188
2026-05-24 23:31:40,-0.041040952380952046
2026-05-24 23:33:20,-0.04126095238095251
2026-05-24 23:35:00,-0.04359238095238079
2026-05-24 23:36:40,-0.04514333333333342
2026-05-24 23:38:20,-0.04648619047619069
2026-05-24 23:40:00,-0.046689047619047616
2026-05-24 23:41:40,-0.050599999999999985
2026-05-24 23:43:20,-0.054359999999999964
2026-05-24 23:45:00,-0.05606714285714258
2026-05-24 23:46:40,-0.05731904761904772
2026-05-24 23:48:20,-0.06380904761904733
2026-05-24 23:50:00,-0.061212857142857166
2026-05-24 23:51:40,-0.06691809523809512
2026-05-24 23:53:20,-0.06943000000000021
2026-05-24 23:55:00,-0.07177142857142876
2026-05-24 23:56:40,-0.07380904761904722
2026-05-24 23:58:20,-0.07659809523809516
2026-05-25 00:00:00,-0.08214761904761911
2026-05-25 00:01:40,-0.08603523809523811
2026-05-25 00:03:20,-0.0865257142857143
2026-05-25 00:05:00,-0.08620523809523824
2026-05-25 00:06:40,-0.09086809523809516
2026-05-25 00:08:20,-0.09371619047619054
2026-05-25 00:10:00,-0.09566857142857099
2026-05-25 00:11:40,-0.10135857142857099
2026-05-25 00:13:20,-0.1052366666666668
2026-05-25 00:15:00,-0.10869619047619064
2026-05-25 00:16:40,-0.1110457142857145
2026-05-25 00:18:20,-0.11021190476190469
2026-05-25 00:20:00,-0.11050999999999975
2026-05-25 00:21:40,-0.11457857142857175
2026-05-25 00:23:20,-0.11594333333333363
2026-05-25 00:25:00,-0.11703619047619049
2026-05-25 00:26:40,-0.1316966666666668
2026-05-25 00:30:00,-0.14472238095238094
2026-05-25 00:31:40,-0.14668999999999993
2026-05-25 00:33:20,-0.14368714285714249
2026-05-25 00:35:00,-0.15631809523809526
2026-05-25 00:36:40,-0.1494442857142858
2026-05-25 00:38:20,-0.15438619047619057
2026-05-25 00:40:00,-0.17618190476190446
2026-05-25 00:41:40,-0.17924666666666655
2026-05-25 00:43:20,-0.18588619047619037
2026-05-25 00:45:00,-0.19180857142857127
2026-05-25 00:46:40,-0.20008333333333297
2026-05-25 00:48:20,-0.2076033333333337
2026-05-25 00:50:00,-0.20831904761904774
2026-05-25 00:51:40,-0.22093952380952403
2026-05-25 00:53:20,-0.22846809523809514
2026-05-25 00:55:00,-0.24047142857142806
2026-05-25 00:56:40,-0.2361595238095239
2026-05-25 00:58:20,-0.24013857142857137
2026-05-25 01:00:00,-0.2474419047619048
2026-05-25 01:01:40,-0.2512185714285714
2026-05-25 01:03:20,-0.25818095238095246
2026-05-25 01:05:00,-0.27365952380952385
2026-05-25 01:06:40,-0.2744604761904762
2026-05-25 01:08:20,-0.2802352380952379
2026-05-25 01:10:00,-0.290832857142857
2026-05-25 01:11:40,-0.28464428571428585
2026-05-25 01:13:20,-0.29443714285714295
2026-05-25 01:15:00,-0.2973166666666667
2026-05-25 01:16:40,-0.30600666666666665
2026-05-25 01:18:20,-0.3001104761904761
2026-05-25 01:20:00,-0.31787333333333334
2026-05-25 01:21:40,-0.32893380952380963
2026-05-25 01:23:20,-0.3325104761904759
2026-05-25 01:25:00,-0.31211523809523806
2026-05-25 01:26:40,-0.32739857142857115
2026-05-25 01:30:00,-0.3827261904761906
2026-05-25 01:31:40,-0.37984952380952386
2026-05-25 01:33:20,-0.37316666666666654
2026-05-25 01:35:00,-0.35546190476190487
2026-05-25 01:36:40,-0.3478619047619047
2026-05-25 01:38:20,-0.32100857142857153
2026-05-25 01:40:00,-0.32864285714285746
2026-05-25 01:41:40,-0.3168990476190473
2026-05-25 01:43:20,-0.3068452380952381
2026-05-25 01:45:00,-0.29336809523809537
2026-05-25 01:46:40,-0.2654895238095239
2026-05-25 01:48:20,-0.2444557142857142
2026-05-25 01:50:00,-0.21989142857142852
2026-05-25 01:51:40,-0.20691999999999994
2026-05-25 01:53:20,-0.1893466666666666
2026-05-25 01:55:00,-0.1831828571428571
2026-05-25 01:56:40,-0.16617095238095253
2026-05-25 01:58:20,-0.15323380952380938
2026-05-25 02:00:00,-0.13435809523809528
2026-05-25 02:01:40,-0.11956619047619059
2026-05-25 02:03:20,-0.10924476190476202
2026-05-25 02:05:00,-0.09585190476190467
2026-05-25 02:06:40,-0.08175571428571422
2026-05-25 02:08:20,-0.06817952380952418
2026-05-25 02:10:00,-0.05780380952380955
2026-05-25 02:11:40,-0.043115714285714105
2026-05-25 02:13:20,-0.03275952380952389
2026-05-25 02:15:00,-0.019992857142857257
2026-05-25 02:16:40,-0.008946190476190455
2026-05-25 02:18:20,-0.003160476190476047
2026-05-25 02:20:00,0.0030071428571431386
2026-05-25 02:21:40,0.00996190476190445
2026-05-25 02:23:20,0.013042857142857134
2026-05-25 02:25:00,0.016335238095238028
2026-05-25 02:26:40,0.02018142857142826
2026-05-25 02:31:40,0.015388095238095048
2026-05-25 02:33:20,0.01646904761904739
2026-05-25 02:35:00,0.01054285714285702
2026-05-25 02:36:40,0.00633952380952392
2026-05-25 02:38:20,0.001424285714285406
2026-05-25 02:40:00,-0.002748095238095688
2026-05-25 02:41:40,-0.008338571428571515
2026-05-25 02:43:20,-0.014992857142857294
2026-05-25 02:45:00,-0.023466190476190363
2026-05-25 02:46:40,-0.031141904761904773
2026-05-25 02:48:20,-0.033613809523809435
2026-05-25 02:50:00,-0.04187809523809487
2026-05-25 02:51:40,-0.05655238095238094
2026-05-25 02:53:20,-0.06491809523809552
2026-05-25 02:55:00,-0.08140238095238085
2026-05-25 02:56:40,-0.08931571428571414
2026-05-25 02:58:20,-0.09286952380952383
2026-05-25 03:00:00,-0.1094895238095238
2026-05-25 03:01:40,-0.1247147619047618
2026-05-25 03:03:20,-0.12564809523809517
2026-05-25 03:05:00,-0.147978571428571
2026-05-25 03:06:40,-0.1627714285714287
2026-05-25 03:08:20,-0.16311333333333325
2026-05-25 03:10:00,-0.17684047619047655
2026-05-25 03:11:40,-0.20848380952380993
2026-05-25 03:13:20,-0.1995266666666666
2026-05-25 03:15:00,-0.19917761904761921
2026-05-25 03:16:40,-0.21324523809523813
2026-05-25 03:18:20,-0.21882619047619026
2026-05-25 03:20:00,-0.22845333333333379
2026-05-25 03:21:40,-0.2477176190476191
2026-05-25 03:23:20,-0.23245428571428575
2026-05-25 03:25:00,-0.2671085714285715
2026-05-25 03:26:40,-0.2514757142857138
2026-05-25 03:30:00,-0.2551300000000007
2026-05-25 03:31:40,-0.2580980952380947
2026-05-25 03:33:20,-0.25631761904761896
2026-05-25 03:35:00,-0.24225238095238089
2026-05-25 03:36:40,-0.24268285714285717
2026-05-25 03:38:20,-0.2478923809523808
2026-05-25 03:40:00,-0.2391252380952383
2026-05-25 03:41:40,-0.224127619047619
2026-05-25 03:43:20,-0.2177738095238093
2026-05-25 03:45:00,-0.21215142857142846
2026-05-25 03:46:40,-0.18646142857142828
2026-05-25 03:48:20,-0.18695095238095233
2026-05-25 03:50:00,-0.16253952380952394
2026-05-25 03:51:40,-0.14703619047619057
2026-05-25 03:53:20,-0.14148999999999998
2026-05-25 03:55:00,-0.1358938095238095
2026-05-25 03:56:40,-0.12364857142857139
2026-05-25 03:58:20,-0.1182619047619049
2026-05-25 04:00:00,-0.11310190476190465
2026-05-25 04:01:40,-0.10595333333333326
2026-05-25 04:03:20,-0.10165095238095223
2026-05-25 04:05:00,-0.07014380952380969
2026-05-25 04:06:40,-0.0643380952380955
2026-05-25 04:08:20,-0.059893809523809655
2026-05-25 04:10:00,-0.05377571428571459
2026-05-25 04:11:40,-0.048865238095238295
2026-05-25 04:13:20,-0.038337142857142625
2026-05-25 04:15:00,-0.02404571428571428
2026-05-25 04:16:40,-0.0185457142857145
2026-05-25 04:18:20,-0.014180476190476243
2026-05-25 04:20:00,-0.007870476190476206
2026-05-25 04:21:40,-0.0009009523809525022
2026-05-25 04:23:20,0.012892380952380877
2026-05-25 04:25:00,-0.0031652380952381654
2026-05-25 04:26:40,0.008155714285714155
2026-05-25 04:30:00,-0.00707476190476225
2026-05-25 04:31:40,0.00019380952380915195
2026-05-25 04:33:20,0.012472857142857063
2026-05-25 04:35:00,0.005511428571428556
2026-05-25 04:36:40,0.0043299999999998895
2026-05-25 04:38:20,0.005771904761905033
2026-05-25 04:40:00,0.0026457142857143068
2026-05-25 04:41:40,0.00476047619047637
2026-05-25 04:43:20,0.005819523809524052
2026-05-25 04:45:00,0.003417142857142813
2026-05-25 04:46:40,0.003267142857142774
2026-05-25 04:48:20,-0.005688571428571404
2026-05-25 04:50:00,0.006682380952380884
2026-05-25 04:51:40,0.005991428571428314
2026-05-25 04:53:20,0.007152380952381188
2026-05-25 04:55:00,0.007366666666666244
2026-05-25 04:56:40,0.0022447619047618883
2026-05-25 04:58:20,0.0038214285714283647
2026-05-25 05:00:00,-0.00020190476190434792
2026-05-25 05:01:40,0.005624285714285027
2026-05-25 05:03:20,0.0018714285714286072
2026-05-25 05:05:00,0.00297047619047619
2026-05-25 05:06:40,0.0037309523809524042
2026-05-25 05:08:20,0.0013580952380954359
2026-05-25 05:10:00,0.0007880952380951017
2026-05-25 05:11:40,0.0032461904761901528
2026-05-25 05:13:20,0.0017542857142858331
2026-05-25 05:15:00,0.002401904761905188
2026-05-25 05:16:40,0.004145714285714634
2026-05-25 05:18:20,0.002974285714285027
2026-05-25 05:20:00,0.0037299999999997197
2026-05-25 05:21:40,0.004514761904761813
2026-05-25 05:23:20,0.004403809523809192
2026-05-25 05:25:00,0.004613333333333358
2026-05-25 05:26:40,0.006106666666666368
2026-05-25 05:31:40,0.006503333333333793
2026-05-25 05:33:20,0.00714333333333346
2026-05-25 05:35:00,0.007174761904761644
2026-05-25 05:36:40,0.00808523809523792
2026-05-25 05:38:20,0.00801666666666672
2026-05-25 05:40:00,0.008092857142857865
2026-05-25 05:41:40,0.008733333333333324
2026-05-25 05:43:20,0.008481904761904711
2026-05-25 05:45:00,0.008152857142856438
2026-05-25 05:46:40,0.009085238095238212
2026-05-25 05:48:20,0.008745714285714568
2026-05-25 05:50:00,0.008120476190476374
2026-05-25 05:51:40,0.008275238095238932
2026-05-25 05:53:20,0.00792857142857194
2026-05-25 05:55:00,0.007870952380952537
2026-05-25 05:56:40,0.00705809523809525
2026-05-25 05:58:20,0.005994285714285735
2026-05-25 06:00:00,0.0055061904761901535
2026-05-25 06:01:40,0.005276666666667674
2026-05-25 06:03:20,0.005009523809523638
2026-05-25 06:05:00,0.00500904761904662
2026-05-25 06:06:40,0.004677142857143046
2026-05-25 06:08:20,0.00428047619047617
2026-05-25 06:10:00,0.0038909523809517958
2026-05-25 06:11:40,0.0035804761904761513
2026-05-25 06:13:20,0.00298190476190463
2026-05-25 06:15:00,0.002876190476191554
2026-05-25 06:16:40,0.0022271428571420723
2026-05-25 06:18:20,0.0019438095238088083
2026-05-25 06:20:00,0.0016638095238091302
2026-05-25 06:21:40,0.0006199999999992392
2026-05-25 06:23:20,0.0008028571428566507
2026-05-25 06:25:00,0.0001395238095238567
2026-05-25 06:26:40,0.0002714285714288684
2026-05-25 06:30:00,0.0004038095238105173
2026-05-25 06:31:40,-0.00019809523809476148
2026-05-25 06:33:20,-0.0005957142857142342
2026-05-25 06:35:00,-0.0012099999999994476
2026-05-25 06:36:40,-0.0019790476190492505
2026-05-25 06:38:20,-0.002566190476191872
2026-05-25 06:40:00,-0.003702380952379937
2026-05-25 06:41:40,-0.004999047619046999
2026-05-25 06:43:20,-0.005190476190475513
2026-05-25 06:45:00,-0.006512380952380815
2026-05-25 06:46:40,-0.007039047619047464
2026-05-25 06:48:20,-0.007486190476190438
2026-05-25 06:50:00,-0.00770047619047671
2026-05-25 06:51:40,-0.007549523809523572
2026-05-25 06:53:20,-0.007499523809523435
2026-05-25 06:55:00,-0.006369999999999839
2026-05-25 06:56:40,-0.006732857142857455
2026-05-25 06:58:20,-0.0072390476190478436
2026-05-25 07:00:00,-0.00857095238095175
2026-05-25 07:01:40,-0.008939523809523649
2026-05-25 07:03:20,-0.009289523809524355
2026-05-25 07:05:00,-0.009747142857142616
2026-05-25 07:06:40,-0.01012190476190412
2026-05-25 07:08:20,-0.010826666666667302
2026-05-25 07:10:00,-0.011642380952380987
2026-05-25 07:11:40,-0.012270476190475752
2026-05-25 07:13:20,-0.012479523809524423
2026-05-25 07:15:00,-0.012815714285714354
2026-05-25 07:16:40,-0.014441904761904803
2026-05-25 07:18:20,-0.013723333333333467
2026-05-25 07:20:00,-0.013269523809524586
2026-05-25 07:21:40,-0.013414285714286298
2026-05-25 07:23:20,-0.013439999999999949
2026-05-25 07:25:00,-0.013228571428571473
2026-05-25 07:26:40,-0.012689999999999202
2026-05-25 07:30:00,-0.011985714285714688
2026-05-25 07:31:40,-0.011979523809523473
2026-05-25 07:33:20,-0.0111366666666669
2026-05-25 07:35:00,-0.010361428571427786
2026-05-25 07:36:40,-0.009475238095238632
2026-05-25 07:38:20,-0.009336190476190609
2026-05-25 07:40:00,-0.007854761904761996
2026-05-25 07:41:40,-0.0055547619047618575
2026-05-25 07:43:20,-0.005734285714286231
2026-05-25 07:45:00,-0.004539047619047621
2026-05-25 07:46:40,-0.0036833333333334186
2026-05-25 07:48:20,-0.0032314285714281285
2026-05-25 07:50:00,-0.0023219047619047473
2026-05-25 07:51:40,-0.0021933333333332364
2026-05-25 07:53:20,-0.0019123809523812988
2026-05-25 07:55:00,-0.001153333333334037
2026-05-25 07:56:40,-0.0005200000000002772
2026-05-25 07:58:20,-0.00015190476190539773
2026-05-25 08:00:00,0.0006185714285708924
2026-05-25 08:01:40,0.0011376190476191199
2026-05-25 08:03:20,0.0012933333333333477
2026-05-25 08:05:00,0.0022604761904754574
2026-05-25 08:06:40,0.003067142857143221
2026-05-25 08:08:20,0.0036642857142863104
2026-05-25 08:10:00,0.0040680952380951815
2026-05-25 08:11:40,0.005193809523809018
2026-05-25 08:13:20,0.005540000000000048
2026-05-25 08:15:00,0.006021428571429045
2026-05-25 08:16:40,0.007209999999999633
2026-05-25 08:18:20,0.007461428571428582
2026-05-25 08:20:00,0.008750476190476336
2026-05-25 08:21:40,0.009709523809524147
2026-05-25 08:23:20,0.00959857142857106
2026-05-25 08:25:00,0.010321904761904416
2026-05-25 08:26:40,0.010661428571427977
2026-05-25 08:28:20,0.011476666666666507
2026-05-25 08:31:40,0.014221428571428968
2026-05-25 08:33:20,0.013480476190476131
2026-05-25 08:35:00,0.017086666666666778
2026-05-25 08:36:40,0.016699047619047266
2026-05-25 08:38:20,0.017036190476190385
2026-05-25 08:40:00,0.016456190476190242
2026-05-25 08:41:40,0.021033809523809083
2026-05-25 08:43:20,0.021577619047618783
2026-05-25 08:45:00,0.0231438095238099
2026-05-25 08:46:40,0.026036666666666857
2026-05-25 08:48:20,0.027653809523809185
2026-05-25 08:50:00,0.03552714285714212
2026-05-25 08:51:40,0.0394423809523815
2026-05-25 08:53:20,0.0378790476190486
2026-05-25 08:55:00,0.03921333333333325
2026-05-25 08:56:40,0.044080000000000286
2026-05-25 08:58:20,0.04542428571428515
2026-05-25 09:00:00,0.048302857142857904
2026-05-25 09:01:40,0.04940714285714322
2026-05-25 09:03:20,0.05315190476190478
2026-05-25 09:05:00,0.06098761904761866
2026-05-25 09:06:40,0.06496761904761889
2026-05-25 09:08:20,0.06493000000000021
2026-05-25 09:10:00,0.0706976190476188
2026-05-25 09:11:40,0.07084190476190531
2026-05-25 09:13:20,0.08156904761904801
2026-05-25 09:15:00,0.08730142857142824
2026-05-25 09:16:40,0.09359476190476287
2026-05-25 09:18:20,0.0943771428571434
2026-05-25 09:20:00,0.10190238095238106
2026-05-25 09:21:40,0.10694285714285752
2026-05-25 09:23:20,0.10856666666666774
2026-05-25 09:25:00,0.09984952380952399
2026-05-25 09:26:40,0.10992857142857254
2026-05-25 09:28:20,0.10127476190476227
2026-05-25 09:30:00,0.09429714285714304
2026-05-25 09:31:40,0.09889761904761957
2026-05-25 09:33:20,0.10140857142857222
2026-05-25 09:35:00,0.10319285714285756
2026-05-25 09:36:40,0.09896190476190657
2026-05-25 09:38:20,0.09679190476190438
2026-05-25 09:40:00,0.08977190476190497
2026-05-25 09:41:40,0.08951999999999942
2026-05-25 09:43:20,0.08785619047619105
2026-05-25 09:45:00,0.08222714285714125
2026-05-25 09:46:40,0.08029285714285603
2026-05-25 09:48:20,0.0767685714285711
2026-05-25 09:50:00,0.07111857142857184
2026-05-25 09:51:40,0.07003238095238204
2026-05-25 09:53:20,0.0713947619047625
2026-05-25 09:55:00,0.07256476190476363
2026-05-25 09:56:40,0.07706190476190432
2026-05-25 09:58:20,0.07761904761904892
2026-05-25 10:00:00,0.07397619047619021
2026-05-25 10:01:40,0.06951428571428789
2026-05-25 10:03:20,0.06420476190476242
2026-05-25 10:05:00,0.057933333333332386
2026-05-25 10:06:40,0.04675238095238246
2026-05-25 10:08:20,0.04230000000000157
2026-05-25 10:10:00,0.03735238095238119
2026-05-25 10:11:40,0.028909523809523257
2026-05-25 10:13:20,0.02489523809523565
2026-05-25 10:15:00,0.017452380952382066
2026-05-25 10:16:40,0.013761904761907116
2026-05-25 10:18:20,0.010404761904760494
2026-05-25 10:20:00,0.0025380952380944823
2026-05-25 10:21:40,-0.0034095238095239004
2026-05-25 10:23:20,-0.006223809523809822
2026-05-25 10:25:00,-0.01225238095238099
2026-05-25 10:26:40,-0.01785238095238088
2026-05-25 10:28:20,-0.019666666666667356
2026-05-25 10:30:00,-0.027333333333332734
2026-05-25 10:31:40,-0.022710952380952394
2026-05-25 10:33:20,-0.026888571428571637
2026-05-25 10:35:00,-0.04155714285714328
2026-05-25 10:36:40,-0.04677047619047693
2026-05-25 10:38:20,-0.04895523809523843
2026-05-25 10:40:00,-0.05624428571428544
2026-05-25 10:41:40,-0.06880476190476345
2026-05-25 10:43:20,-0.0542276190476184
2026-05-25 10:45:00,-0.050484285714286065
2026-05-25 10:46:40,-0.050755238095237666
2026-05-25 10:48:20,-0.05188333333333401
2026-05-25 10:50:00,-0.048999047619047734
2026-05-25 10:51:40,-0.05185523809523844
2026-05-25 10:53:20,-0.05518952380952345
2026-05-25 10:55:00,-0.04948238095238083
2026-05-25 10:56:40,-0.05664714285714264
2026-05-25 10:58:20,-0.05625809523809563
2026-05-25 11:00:00,-0.06545428571428544
2026-05-25 11:01:40,-0.06396809523809524
2026-05-25 11:03:20,-0.058121904761904625
2026-05-25 11:05:00,-0.06558952380952392
2026-05-25 11:06:40,-0.06081190476190476
2026-05-25 11:08:20,-0.06175809523809537
2026-05-25 11:10:00,-0.0641799999999999
2026-05-25 11:11:40,-0.0672700000000001
2026-05-25 11:13:20,-0.0762114285714284
2026-05-25 11:15:00,-0.0762185714285715
2026-05-25 11:16:40,-0.03868714285714258
2026-05-25 11:18:20,-0.03944095238095219
2026-05-25 11:20:00,-0.039882857142857206
2026-05-25 11:21:40,-0.037010476190476135
2026-05-25 11:23:20,-0.03885809523809507
2026-05-25 11:25:00,-0.03762714285714269
2026-05-25 11:26:40,-0.0502385714285712
2026-05-25 11:28:20,-0.04423428571428591
2026-05-25 11:31:40,-0.054713809523809394
2026-05-25 11:33:20,-0.060994761904762024
2026-05-25 11:35:00,-0.05813666666666646
2026-05-25 11:36:40,-0.03678999999999988
2026-05-25 11:38:20,-0.035812857142857105
2026-05-25 11:40:00,-0.04442047619047617
2026-05-25 11:41:40,-0.03917047619047635
2026-05-25 11:43:20,-0.03658095238095258
2026-05-25 11:45:00,-0.040458095238095904
2026-05-25 11:46:40,-0.03561666666666698
2026-05-25 11:48:20,-0.03305904761904773
2026-05-25 11:50:00,-0.028939999999999605
2026-05-25 11:51:40,-0.023655714285713954
2026-05-25 11:53:20,-0.02078428571428556
2026-05-25 11:55:00,-0.015302380952380942
2026-05-25 11:56:40,-0.009232857142857463
2026-05-25 11:58:20,-0.005673333333333554
2026-05-25 12:00:00,-0.0009447619047614764
2026-05-25 12:01:40,0.004017142857142532
2026-05-25 12:03:20,0.008284761904761496
2026-05-25 12:05:00,0.010562380952380893
2026-05-25 12:06:40,0.0146671428571429
2026-05-25 12:08:20,0.01798952380952398
2026-05-25 12:10:00,0.020053333333333277
2026-05-25 12:11:40,0.023331904761904616
2026-05-25 12:13:20,0.024362380952381024
2026-05-25 12:15:00,0.027206666666666803
2026-05-25 12:16:40,0.030110952380952398
2026-05-25 12:18:20,0.03182380952380951
2026-05-25 12:20:00,0.03297380952380921
2026-05-25 12:21:40,0.03084809523809506
2026-05-25 12:23:20,0.02741190476190472
2026-05-25 12:25:00,0.03134238095238103
2026-05-25 12:26:40,0.030097619047619123
2026-05-25 12:28:20,0.03178523809523799
2026-05-25 12:30:00,0.031027619047618957
2026-05-25 12:31:40,0.029239523809523636
2026-05-25 12:33:20,0.027234761904761845
2026-05-25 12:35:00,0.02553714285714298
2026-05-25 12:36:40,0.026628571428571425
2026-05-25 12:38:20,0.02823142857142855
2026-05-25 12:40:00,0.025035714285714328
2026-05-25 12:41:40,0.03284523809523818
2026-05-25 12:43:20,0.031170476190476158
2026-05-25 12:45:00,0.019991904761904843
2026-05-25 12:46:40,0.025488095238095157
2026-05-25 12:48:20,0.026735238095238145
2026-05-25 12:50:00,0.016016047619047655
2026-05-25 12:51:40,0.02056147619047633
2026-05-25 12:53:20,0.014512809523809612
2026-05-25 12:55:00,0.015081095238095237
2026-05-25 12:56:40,0.020401428571428674
2026-05-25 12:58:20,0.02199428571428559
2026-05-25 13:00:00,0.018394428571428586
2026-05-25 13:01:40,0.01848633333333328
2026-05-25 13:03:20,0.01982652380952382
2026-05-25 13:05:00,0.022172571428571528
2026-05-25 13:06:40,0.023580142857142914
2026-05-25 13:08:20,0.02219857142857147
2026-05-25 13:10:00,0.01576052380952385
2026-05-25 13:11:40,0.017440904761904668
2026-05-25 13:13:20,0.02209166666666662
2026-05-25 13:15:00,0.022288809523809516
2026-05-25 13:16:40,0.02184619047619049
2026-05-25 13:18:20,0.01992366666666679
2026-05-25 13:20:00,0.016657476190476243
2026-05-25 13:21:40,0.01664566666666665
2026-05-25 13:23:20,0.014651809523809487
2026-05-25 13:25:00,0.017441333333333264
2026-05-25 13:26:40,0.019198666666666635
2026-05-25 13:28:20,0.018924047619047694
2026-05-25 13:30:00,0.015298904761904732
2026-05-25 13:31:40,0.015487857142857164
2026-05-25 13:33:20,0.013760619047619008
2026-05-25 13:35:00,0.011518999999999953
2026-05-25 13:36:40,0.005844047619047631
2026-05-25 13:38:20,0.010322380952380871
2026-05-25 13:40:00,0.014557857142857237
2026-05-25 13:41:40,0.012419000000000048
2026-05-25 13:43:20,0.014641714285714254
2026-05-25 13:45:00,0.014221809523809557
2026-05-25 13:46:40,0.013507047619047627
2026-05-25 13:48:20,0.011416238095238142
2026-05-25 13:50:00,0.011358238095238081
2026-05-25 13:51:40,0.012539523809523764
2026-05-25 13:53:20,0.013124904761904786
2026-05-25 13:55:00,0.010545809523809633
2026-05-25 13:56:40,0.009229238095238188
2026-05-25 13:58:20,0.008026619047619006
2026-05-25 14:00:00,0.008623285714285691
2026-05-25 14:01:40,0.00823390476190477
2026-05-25 14:03:20,0.0074389523809524115
2026-05-25 14:05:00,0.00834480952380963
2026-05-25 14:06:40,0.007720857142857154
2026-05-25 14:08:20,0.007004333333333443
2026-05-25 14:10:00,0.006573523809523866
2026-05-25 14:11:40,0.0062747619047618915
2026-05-25 14:13:20,0.0047296666666666425
2026-05-25 14:15:00,0.004027619047619143
2026-05-25 14:16:40,0.003247142857142803
2026-05-25 14:18:20,0.002424142857142901
2026-05-25 14:20:00,0.003255904761904743
2026-05-25 14:21:40,0.0021199047619047486
2026-05-25 14:23:20,0.0012108095238094908
2026-05-25 14:25:00,0.00046999999999992274
2026-05-25 14:26:40,-0.0004673333333333595
2026-05-25 14:28:20,-0.00041757142857145116
2026-05-25 14:31:40,-0.0020071428571429534
2026-05-25 14:33:20,-0.002934333333333388
2026-05-25 14:35:00,-0.004063428571428581
2026-05-25 14:36:40,-0.003246761904761893
2026-05-25 14:38:20,-0.005026333333333324
2026-05-25 14:40:00,-0.011883333333333478
2026-05-25 14:41:40,-0.014234761904761816
2026-05-25 14:43:20,-0.011719047619047556
2026-05-25 14:45:00,-0.010715666666666694
2026-05-25 14:46:40,-0.01743523809523807
2026-05-25 14:48:20,-0.01960238095238086
2026-05-25 14:50:00,-0.021513809523809584
2026-05-25 14:51:40,-0.02329714285714281
2026-05-25 14:53:20,-0.019468571428571266
2026-05-25 14:55:00,-0.01410547619047627
2026-05-25 14:56:40,-0.024425238095238007
2026-05-25 14:58:20,-0.02460190476190474
2026-05-25 15:00:00,-0.022949999999999804
2026-05-25 15:01:40,-0.04663714285714262
2026-05-25 15:03:20,-0.049300476190476124
2026-05-25 15:05:00,-0.031956666666666675
2026-05-25 15:06:40,-0.04366571428571414
2026-05-25 15:08:20,-0.04470666666666667
2026-05-25 15:10:00,-0.0597804761904762
2026-05-25 15:11:40,-0.06937714285714296
2026-05-25 15:13:20,-0.06640238095238075
2026-05-25 15:15:00,-0.06899666666666619
2026-05-25 15:16:40,-0.04378619047619032
2026-05-25 15:18:20,-0.04766571428571438
2026-05-25 15:20:00,-0.049333333333333146
2026-05-25 15:21:40,-0.025923809523809578
2026-05-25 15:23:20,-0.0298738095238094
2026-05-25 15:25:00,-0.052217142857143004
2026-05-25 15:26:40,-0.046833333333333324
2026-05-25 15:28:20,-0.04702476190476187
2026-05-25 15:30:00,-0.023729857142857125
2026-05-25 15:31:40,-0.028597619047619118
2026-05-25 15:33:20,-0.026082190476190457
2026-05-25 15:35:00,-0.030117619047619233
2026-05-25 15:36:40,-0.023780904761904826
2026-05-25 15:38:20,-0.026303333333333293
2026-05-25 15:40:00,-0.025620476190476076
2026-05-25 15:41:40,-0.02102409523809531
2026-05-25 15:43:20,-0.019258285714285783
2026-05-25 15:45:00,-0.013188285714285732
2026-05-25 15:46:40,-0.012448428571428556
2026-05-25 15:48:20,-0.01255780952380944
2026-05-25 15:50:00,-0.01273433333333333
2026-05-25 15:51:40,-0.010575238095238087
2026-05-25 15:53:20,-0.010800857142857015
2026-05-25 15:55:00,-0.007979047619047563
2026-05-25 15:56:40,-0.006701904761904777
2026-05-25 15:58:20,-0.0080514285714288
2026-05-25 16:00:00,-0.0050609523809523995
2026-05-25 16:01:40,-0.001883809523809515
2026-05-25 16:03:20,-0.00012571428571410588
2026-05-25 16:05:00,0.002708095238095152
2026-05-25 16:06:40,0.0035471428571428112
2026-05-25 16:08:20,0.005737142857142663
2026-05-25 16:10:00,0.007090000000000008
2026-05-25 16:11:40,0.01269761904761924
2026-05-25 16:13:20,0.012699999999999996
2026-05-25 16:15:00,0.011005714285714232
2026-05-25 16:16:40,0.013005714285714244
2026-05-25 16:18:20,0.015013809523809516
2026-05-25 16:20:00,0.015590000000000045
2026-05-25 16:21:40,0.013307142857142941
2026-05-25 16:23:20,0.012858428571428583
2026-05-25 16:25:00,0.01759571428571452
2026-05-25 16:26:40,0.017574761904761798
2026-05-25 16:28:20,0.0170680952380949
2026-05-25 16:30:00,0.015749047619047545
2026-05-25 16:31:40,0.015976190476190325
2026-05-25 16:33:20,0.018044761904761907
2026-05-25 16:35:00,0.01730238095238084
2026-05-25 16:36:40,0.01625333333333325
2026-05-25 16:38:20,0.015997619047619045
2026-05-25 16:40:00,0.013157142857142496
2026-05-25 16:41:40,0.010682380952380905
2026-05-25 16:43:20,0.009588571428571321
2026-05-25 16:45:00,0.006942380952380839
2026-05-25 16:46:40,0.0061680952380952225
2026-05-25 16:48:20,0.002398571428571493
2026-05-25 16:50:00,-0.0015857142857143985
2026-05-25 16:51:40,-0.008051904761904646
2026-05-25 16:53:20,-0.009947142857142953
2026-05-25 16:55:00,-0.01633761904761931
2026-05-25 16:56:40,-0.01832380952380981
2026-05-25 16:58:20,-0.022948571428571374
2026-05-25 17:00:00,-0.029721904761904776
2026-05-25 17:01:40,-0.03695952380952387
2026-05-25 17:03:20,-0.04205476190476214
2026-05-25 17:05:00,-0.04557380952380964
2026-05-25 17:06:40,-0.052577619047619116
2026-05-25 17:08:20,-0.05598809523809536
2026-05-25 17:10:00,-0.07387238095238112
2026-05-25 17:11:40,-0.09480142857142879
2026-05-25 17:13:20,-0.11144857142857084
2026-05-25 17:15:00,-0.126273809523809
2026-05-25 17:16:40,-0.1307652380952375
2026-05-25 17:18:20,-0.1351314285714285
2026-05-25 17:20:00,-0.1502723809523811
2026-05-25 17:21:40,-0.14749380952381003
2026-05-25 17:23:20,-0.14595666666666662
2026-05-25 17:25:00,-0.13331904761904784
2026-05-25 17:26:40,-0.1557509523809521
2026-05-25 17:28:20,-0.16339714285714224
2026-05-25 17:31:40,-0.18780095238095357
2026-05-25 17:33:20,-0.13532999999999976
2026-05-25 17:35:00,-0.15381428571428662
2026-05-25 17:36:40,-0.12918761904761894
2026-05-25 17:38:20,-0.13446857142857108
2026-05-25 17:40:00,-0.1608471428571426
2026-05-25 17:41:40,-0.17569285714285726
2026-05-25 17:43:20,-0.14464666666666648
2026-05-25 17:45:00,-0.16312666666666645
2026-05-25 17:46:40,-0.16645047619047507
2026-05-25 17:48:20,-0.12054952380952347
2026-05-25 17:50:00,-0.11995857142857155
2026-05-25 17:51:40,-0.1408814285714286
2026-05-25 17:53:20,-0.1658833333333337
2026-05-25 17:55:00,-0.14765904761904744
2026-05-25 17:56:40,-0.14126666666666657
2026-05-25 17:58:20,-0.15323238095238087
2026-05-25 18:00:00,-0.14031571428571382
2026-05-25 18:01:40,-0.14264285714285677
2026-05-25 18:03:20,-0.13465238095238083
2026-05-25 18:05:00,-0.1380157142857149
2026-05-25 18:06:40,-0.13700285714285673
2026-05-25 18:08:20,-0.13356333333333312
2026-05-25 18:10:00,-0.12791238095238067
2026-05-25 18:11:40,-0.1258152380952378
2026-05-25 18:13:20,-0.12551285714285668
2026-05-25 18:15:00,-0.13407190476190461
2026-05-25 18:16:40,-0.13990571428571358
2026-05-25 18:18:20,-0.11661761904761928
2026-05-25 18:20:00,-0.12991666666666718
2026-05-25 18:21:40,-0.13418952380952454
2026-05-25 18:23:20,-0.13433809523809515
2026-05-25 18:25:00,-0.15824761904761916
2026-05-25 18:26:40,-0.14748952380952368
2026-05-25 18:28:20,-0.14356190476190553
2026-05-25 18:30:00,-0.12541571428571457
2026-05-25 18:31:40,-0.12348380952380869
2026-05-25 18:33:20,-0.12869952380952393
2026-05-25 18:35:00,-0.13325095238095286
2026-05-25 18:36:40,-0.1311466666666669
2026-05-25 18:38:20,-0.1150623809523813
2026-05-25 18:40:00,-0.11142428571428539
2026-05-25 18:41:40,-0.10624714285714255
2026-05-25 18:43:20,-0.10281380952380934
2026-05-25 18:45:00,-0.10528428571428569
2026-05-25 18:46:40,-0.10788952380952392
2026-05-25 18:48:20,-0.10304857142857154
2026-05-25 18:50:00,-0.10425952380952412
2026-05-25 18:51:40,-0.11321857142857117
2026-05-25 18:53:20,-0.1200714285714283
2026-05-25 18:55:00,-0.10726952380952393
2026-05-25 18:56:40,-0.09556380952380956
2026-05-25 18:58:20,-0.10655809523809522
2026-05-25 19:00:00,-0.11055333333333377
2026-05-25 19:01:40,-0.12228285714285711
2026-05-25 19:03:20,-0.11963619047619023
2026-05-25 19:05:00,-0.12342190476190476
2026-05-25 19:06:40,-0.1524676190476193
2026-05-25 19:08:20,-0.16665333333333296
2026-05-25 19:10:00,-0.16263333333333357
2026-05-25 19:11:40,-0.16906142857142845
2026-05-25 19:13:20,-0.19289285714285692
2026-05-25 19:15:00,-0.18790952380952355
2026-05-25 19:16:40,-0.175910476190476
2026-05-25 19:18:20,-0.1829571428571427
2026-05-25 19:20:00,-0.18220666666666657
2026-05-25 19:21:40,-0.18515809523809512
2026-05-25 19:23:20,-0.17746523809523815
2026-05-25 19:25:00,-0.18609142857142857
2026-05-25 19:26:40,-0.1815890476190479
2026-05-25 19:28:20,-0.16869952380952385
2026-05-25 19:30:00,-0.15473666666666655
2026-05-25 19:31:40,-0.15065809523809537
2026-05-25 19:33:20,-0.16349285714285675
2026-05-25 19:35:00,-0.16930619047619078
2026-05-25 19:36:40,-0.17230809523809537
2026-05-25 19:38:20,-0.17252619047619036
2026-05-25 19:40:00,-0.16155666666666613
2026-05-25 19:41:40,-0.15961428571428612
2026-05-25 19:43:20,-0.1403542857142856
2026-05-25 19:45:00,-0.1356219047619055
2026-05-25 19:46:40,-0.13629761904761958
2026-05-25 19:48:20,-0.12986904761904686
2026-05-25 19:50:00,-0.10381428571428557
2026-05-25 19:51:40,-0.08117523809523841
2026-05-25 19:53:20,-0.06562428571428572
2026-05-25 19:55:00,-0.05337857142857137
2026-05-25 19:56:40,-0.04512095238095215
2026-05-25 19:58:20,-0.024042380952380912
2026-05-25 20:00:00,-0.016264761904762268
2026-05-25 20:01:40,-0.005835238095238726
2026-05-25 20:03:20,0.009819523809523695
2026-05-25 20:05:00,0.023594285714285693
2026-05-25 20:06:40,0.03225142857142922
2026-05-25 20:08:20,0.06001428571428634
2026-05-25 20:10:00,0.07230761904761841
2026-05-25 20:11:40,0.08244000000000015
2026-05-25 20:13:20,0.09654238095238059
2026-05-25 20:15:00,0.1085557142857148
2026-05-25 20:16:40,0.11406857142857095
2026-05-25 20:18:20,0.12276047619047557
2026-05-25 20:20:00,0.1324142857142859
2026-05-25 20:21:40,0.13765857142857152
2026-05-25 20:23:20,0.14269190476190474
2026-05-25 20:25:00,0.17546666666666644
2026-05-25 20:26:40,0.17509952380952315
2026-05-25 20:28:20,0.1689114285714286
2026-05-25 20:31:40,0.18481952380952438
2026-05-25 20:33:20,0.1616747619047615
2026-05-25 20:35:00,0.17752666666666705
2026-05-25 20:36:40,0.18142380952380968
2026-05-25 20:38:20,0.16905904761904755
2026-05-25 20:40:00,0.13672619047619025
2026-05-25 20:41:40,0.12117095238095268
2026-05-25 20:43:20,0.09490142857142837
2026-05-25 20:45:00,0.07162714285714249
2026-05-25 20:46:40,0.06395380952380972
2026-05-25 20:48:20,0.03714000000000092
2026-05-25 20:50:00,0.00203190476190393
2026-05-25 20:51:40,-0.010727619047618875
2026-05-25 20:53:20,-0.043023809523809214
2026-05-25 20:55:00,-0.06695761904761821
2026-05-25 20:56:40,-0.07405476190476264
2026-05-25 20:58:20,-0.09098666666666635
2026-05-25 21:00:00,-0.1136290476190479
2026-05-25 21:01:40,-0.12421666666666677
2026-05-25 21:03:20,-0.1431476190476192
2026-05-25 21:05:00,-0.17118000000000033
2026-05-25 21:06:40,-0.18720428571428477
2026-05-25 21:08:20,-0.21906000000000095
2026-05-25 21:10:00,-0.21482285714285657
2026-05-25 21:11:40,-0.23295190476190503
2026-05-25 21:13:20,-0.2516847619047615
2026-05-25 21:15:00,-0.2581023809523806
2026-05-25 21:16:40,-0.3083271428571426
2026-05-25 21:18:20,-0.32621190476190476
2026-05-25 21:20:00,-0.3499023809523811
2026-05-25 21:21:40,-0.36858333333333415
2026-05-25 21:23:20,-0.3957333333333334
2026-05-25 21:25:00,-0.3792171428571426
2026-05-25 21:26:40,-0.3715523809523809
2026-05-25 21:28:20,-0.36160142857142846
2026-05-25 21:30:00,-0.3725190476190471
2026-05-25 21:31:40,-0.3770799999999998
2026-05-25 21:33:20,-0.391799523809524
2026-05-25 21:35:00,-0.4607371428571427
2026-05-25 21:36:40,-0.47458999999999973
2026-05-25 21:38:20,-0.4545538095238096
2026-05-25 21:40:00,-0.45690428571428676
2026-05-25 21:41:40,-0.4510552380952378
2026-05-25 21:43:20,-0.46840714285714236
2026-05-25 21:45:00,-0.48967428571428595
2026-05-25 21:46:40,-0.49285476190476213
2026-05-25 21:48:20,-0.5428799999999996
2026-05-25 21:50:00,-0.5657604761904766
2026-05-25 21:51:40,-0.5697600000000003
2026-05-25 21:53:20,-0.541057142857142
2026-05-25 21:55:00,-0.5342319047619035
2026-05-25 21:56:40,-0.5248733333333332
2026-05-25 21:58:20,-0.5446547619047626
2026-05-25 22:00:00,-0.5445333333333331
2026-05-25 22:01:40,-0.5375823809523809
2026-05-25 22:03:20,-0.5000661904761905
2026-05-25 22:05:00,-0.5055628571428583
2026-05-25 22:06:40,-0.48584523809523833
2026-05-25 22:08:20,-0.4584190476190474
2026-05-25 22:10:00,-0.5025690476190472
2026-05-25 22:11:40,-0.4744699999999998
2026-05-25 22:13:20,-0.46974523809523766
2026-05-25 22:15:00,-0.45499047619047644
2026-05-25 22:16:40,-0.45172000000000057
2026-05-25 22:18:20,-0.4067395238095229
2026-05-25 22:20:00,-0.37259047619047525
2026-05-25 22:21:40,-0.3531838095238091
2026-05-25 22:23:20,-0.34663714285714275
2026-05-25 22:25:00,-0.3294842857142856
2026-05-25 22:26:40,-0.3131514285714286
2026-05-25 22:28:20,-0.3190109523809531
2026-05-25 22:30:00,-0.3182257142857139
2026-05-25 22:31:40,-0.309781428571428
2026-05-25 22:33:20,-0.29892761904761983
2026-05-25 22:35:00,-0.3220976190476183
2026-05-25 22:36:40,-0.31279095238095245
2026-05-25 22:38:20,-0.31528380952381035
2026-05-25 22:40:00,-0.3101271428571428
2026-05-25 22:41:40,-0.29706619047619154
2026-05-25 22:43:20,-0.29456047619047737
2026-05-25 22:45:00,-0.29123666666666614
2026-05-25 22:46:40,-0.29152333333333375
2026-05-25 22:48:20,-0.2805623809523803
2026-05-25 22:50:00,-0.285894285714286
2026-05-25 22:51:40,-0.29415714285714245
2026-05-25 22:53:20,-0.2717961904761906
2026-05-25 22:55:00,-0.2745985714285709
2026-05-25 22:56:40,-0.28299476190476225
2026-05-25 22:58:20,-0.28376714285714344
2026-05-25 23:00:00,-0.2974019047619047
2026-05-25 23:01:40,-0.2945780952380942
2026-05-25 23:03:20,-0.2872652380952387
2026-05-25 23:05:00,-0.2652009523809518
2026-05-25 23:06:40,-0.2659052380952378
2026-05-25 23:08:20,-0.25221476190476144
2026-05-25 23:10:00,-0.24850809523809497
2026-05-25 23:11:40,-0.24573523809523917
2026-05-25 23:13:20,-0.23444999999999927
2026-05-25 23:15:00,-0.22449380952380965
2026-05-25 23:16:40,-0.2261604761904753
2026-05-25 23:18:20,-0.2109052380952386
2026-05-25 23:20:00,-0.19087857142857245
2026-05-25 23:21:40,-0.18093476190476243
2026-05-25 23:23:20,-0.16456523809523713
2026-05-25 23:25:00,-0.1407419047619054
2026-05-25 23:26:40,-0.13685999999999984
2026-05-25 23:28:20,-0.1283123809523804
2026-05-25 23:31:40,-0.1001700000000001
2026-05-25 23:33:20,-0.09770952380952491
2026-05-25 23:35:00,-0.08630904761904705
2026-05-25 23:36:40,-0.08270047619047563
2026-05-25 23:38:20,-0.07484333333333404
2026-05-25 23:40:00,-0.06585523809523872
2026-05-25 23:41:40,-0.06390857142857144
2026-05-25 23:43:20,-0.05400523809523783
2026-05-25 23:45:00,-0.05276047619047526
2026-05-25 23:46:40,-0.04956809523809538
2026-05-25 23:48:20,-0.04880761904761876
2026-05-25 23:50:00,-0.043004761904762344
2026-05-25 23:51:40,-0.04160000000000024
2026-05-25 23:53:20,-0.03954523809523767
2026-05-25 23:55:00,-0.037011904761905426
2026-05-25 23:56:40,-0.03598571428571391
2026-05-25 23:58:20,-0.03145523809523858
2026-05-26 00:00:00,-0.03062523809523849
2026-05-26 00:01:40,-0.0298790476190475
2026-05-26 00:03:20,-0.026588571428570566
2026-05-26 00:05:00,-0.025465714285713974
2026-05-26 00:06:40,-0.025301428571428218
2026-05-26 00:08:20,-0.02402761904761904
2026-05-26 00:10:00,-0.025325714285713646
2026-05-26 00:11:40,-0.02463809523809559
2026-05-26 00:13:20,-0.024776190476189876
2026-05-26 00:15:00,-0.02547142857142872
2026-05-26 00:16:40,-0.025791904761903815
2026-05-26 00:18:20,-0.02657238095238091
2026-05-26 00:20:00,-0.02526904761904765
2026-05-26 00:21:40,-0.026744285714285637
2026-05-26 00:23:20,-0.0254704761904765
2026-05-26 00:25:00,-0.026794285714285562
2026-05-26 00:26:40,-0.02709428571428512
2026-05-26 00:28:20,-0.026978571428571158
2026-05-26 00:30:00,-0.026044761904762292
2026-05-26 00:31:40,-0.024419523809523516
2026-05-26 00:33:20,-0.023639523809523652
2026-05-26 00:35:00,-0.02469428571428589
2026-05-26 00:36:40,-0.025981428571429502
2026-05-26 00:38:20,-0.02457857142857133
2026-05-26 00:40:00,-0.02264666666666637
2026-05-26 00:41:40,-0.024454285714285838
2026-05-26 00:43:20,-0.02381095238095178
2026-05-26 00:45:00,-0.024125714285714625
2026-05-26 00:46:40,-0.0246142857142857
2026-05-26 00:48:20,-0.022909047619047537
2026-05-26 00:50:00,-0.02196047619047658
2026-05-26 00:51:40,-0.020400000000000293
2026-05-26 00:53:20,-0.019499999999999726
2026-05-26 00:55:00,-0.017683333333333613
2026-05-26 00:56:40,-0.0174457142857143
2026-05-26 00:58:20,-0.016995714285714017
2026-05-26 01:00:00,-0.018600476190476684
2026-05-26 01:01:40,-0.019762380952381232
2026-05-26 01:03:20,-0.02060095238095272
2026-05-26 01:05:00,-0.021713809523809732
2026-05-26 01:06:40,-0.021737142857142816
2026-05-26 01:08:20,-0.021830476190476508
2026-05-26 01:10:00,-0.02201285714285669
2026-05-26 01:11:40,-0.022563333333332804
2026-05-26 01:13:20,-0.02378047619047611
2026-05-26 01:15:00,-0.024061904761904937
2026-05-26 01:16:40,-0.028207619047619016
2026-05-26 01:18:20,-0.030698571428571287
2026-05-26 01:20:00,-0.02688476190476141
2026-05-26 01:21:40,-0.023261428571428176
2026-05-26 01:23:20,-0.02548333333333358
2026-05-26 01:25:00,-0.030030476190475837
2026-05-26 01:26:40,-0.033106666666666416
2026-05-26 01:28:20,-0.04324285714285715
2026-05-26 01:30:00,-0.04524142857142968
2026-05-26 01:31:40,-0.04553857142857127
2026-05-26 01:33:20,-0.04157190476190539
2026-05-26 01:35:00,-0.04260428571428643
2026-05-26 01:36:40,-0.03939809523809307
2026-05-26 01:38:20,-0.03258428571428486
2026-05-26 01:40:00,-0.02096476190476209
2026-05-26 01:41:40,-0.01596000000000128
2026-05-26 01:43:20,-0.004012857142857144
2026-05-26 01:45:00,0.007390000000000049
2026-05-26 01:46:40,0.012429999999999317
2026-05-26 01:48:20,0.02374238095238108
2026-05-26 01:50:00,0.03531857142857101
2026-05-26 01:51:40,0.04014666666666686
2026-05-26 01:53:20,0.05820428571428585
2026-05-26 01:55:00,0.07641428571428593
2026-05-26 01:56:40,0.08226047619047747
2026-05-26 01:58:20,0.09054523809523905
2026-05-26 02:00:00,0.11150809523809518
2026-05-26 02:01:40,0.13241666666666604
2026-05-26 02:03:20,0.13582047619047646
2026-05-26 02:05:00,0.14328142857143
2026-05-26 02:06:40,0.14771380952380947
2026-05-26 02:08:20,0.15947142857142926
2026-05-26 02:10:00,0.1645285714285714
2026-05-26 02:11:40,0.16662904761904726
2026-05-26 02:13:20,0.1794166666666663
2026-05-26 02:15:00,0.16473285714285735
2026-05-26 02:16:40,0.16546190476190428
2026-05-26 02:18:20,0.17766952380952403
2026-05-26 02:20:00,0.17586476190476225
2026-05-26 02:21:40,0.17802857142857245
2026-05-26 02:23:20,0.18258857142857052
2026-05-26 02:25:00,0.1990380952380944
2026-05-26 02:26:40,0.1949257142857142
2026-05-26 02:28:20,0.19329904761904726
2026-05-26 02:31:40,0.20226285714285697
2026-05-26 02:33:20,0.18250857142857205
2026-05-26 02:35:00,0.19085476190476208
2026-05-26 02:36:40,0.18323380952381013
2026-05-26 02:38:20,0.17053952380952384
2026-05-26 02:40:00,0.14307238095238098
2026-05-26 02:41:40,0.1584252380952375
2026-05-26 02:43:20,0.15670904761904716
2026-05-26 02:45:00,0.15091666666666675
2026-05-26 02:46:40,0.15068952380952297
2026-05-26 02:48:20,0.14714333333333385
2026-05-26 02:50:00,0.13819619047619006
2026-05-26 02:51:40,0.13626285714285793
2026-05-26 02:53:20,0.13484523809523807
2026-05-26 02:55:00,0.12591666666666668
2026-05-26 02:56:40,0.12487190476190538
2026-05-26 02:58:20,0.13351000000000013
2026-05-26 03:00:00,0.14424047619047592
2026-05-26 03:01:40,0.13425142857142816
2026-05-26 03:03:20,0.10241857142857155
2026-05-26 03:05:00,0.08238904761904806
2026-05-26 03:06:40,0.09106190476190393
2026-05-26 03:08:20,0.0974928571428573
2026-05-26 03:10:00,0.10307714285714295
2026-05-26 03:11:40,0.1023014285714289
2026-05-26 03:13:20,0.0985685714285707
2026-05-26 03:15:00,0.0957961904761914
2026-05-26 03:16:40,0.0911580952380952
2026-05-26 03:18:20,0.08565000000000095
2026-05-26 03:20:00,0.08578999999999967
2026-05-26 03:21:40,0.08351857142857076
2026-05-26 03:23:20,0.07319476190476154
2026-05-26 03:25:00,0.06258571428571442
2026-05-26 03:26:40,0.061361904761904625
2026-05-26 03:28:20,0.060095238095237695
2026-05-26 03:30:00,0.05865761904761835
2026-05-26 03:31:40,0.06535285714285796
2026-05-26 03:33:20,0.0712414285714294
2026-05-26 03:35:00,0.07843809523809595
2026-05-26 03:36:40,0.08247380952381031
2026-05-26 03:38:20,0.08973285714285696
2026-05-26 03:40:00,0.09744761904761826
2026-05-26 03:41:40,0.10476142857142848
2026-05-26 03:43:20,0.13501047619047685
2026-05-26 03:45:00,0.14947761904762008
2026-05-26 03:46:40,0.14892000000000055
2026-05-26 03:48:20,0.15673428571428638
2026-05-26 03:50:00,0.17954714285714163
2026-05-26 03:51:40,0.19765285714285605
2026-05-26 03:53:20,0.21377904761904903
2026-05-26 03:55:00,0.2196004761904759
2026-05-26 03:56:40,0.2346528571428567
2026-05-26 03:58:20,0.2438947619047612
2026-05-26 04:00:00,0.2505242857142857
2026-05-26 04:01:40,0.2311033333333329
2026-05-26 04:03:20,0.19978047619047526
2026-05-26 04:05:00,0.18609952380952363
2026-05-26 04:06:40,0.19396904761904782
2026-05-26 04:08:20,0.17021809523809606
2026-05-26 04:10:00,0.17907428571428555
2026-05-26 04:11:40,0.18183000000000027
2026-05-26 04:13:20,0.20087380952381
2026-05-26 04:15:00,0.22440761904761913
2026-05-26 04:16:40,0.18804238095238107
2026-05-26 04:18:20,0.16875428571428525
2026-05-26 04:20:00,0.17530619047619073
2026-05-26 04:21:40,0.1900323809523811
2026-05-26 04:23:20,0.18552666666666656
2026-05-26 04:25:00,0.1822323809523811
2026-05-26 04:26:40,0.18471476190476194
2026-05-26 04:28:20,0.17634428571428612
2026-05-26 04:30:00,0.16610380952380968
2026-05-26 04:31:40,0.16630714285714238
2026-05-26 04:33:20,0.16036333333333352
2026-05-26 04:35:00,0.1569390476190476
2026-05-26 04:36:40,0.15058571428571393
2026-05-26 04:38:20,0.13999380952380938
2026-05-26 04:40:00,0.13419714285714301
2026-05-26 04:41:40,0.12768666666666667
2026-05-26 04:43:20,0.13972666666666694
2026-05-26 04:45:00,0.12320190476190475
2026-05-26 04:46:40,0.1295028571428568
2026-05-26 04:48:20,0.13202380952380954
2026-05-26 04:50:00,0.11106904761904728
2026-05-26 04:51:40,0.10625142857142947
2026-05-26 04:53:20,0.10226095238095234
2026-05-26 04:55:00,0.07576190476190461
2026-05-26 04:56:40,0.06217380952380902
2026-05-26 04:58:20,0.03895333333333374
2026-05-26 05:00:00,0.01684952380952419
2026-05-26 05:01:40,0.008652380952380495
2026-05-26 05:03:20,-0.015336666666666249
2026-05-26 05:05:00,-0.03758333333333261
2026-05-26 05:06:40,-0.0496914285714284
2026-05-26 05:08:20,-0.07200476190476258
2026-05-26 05:10:00,-0.0945819047619039
2026-05-26 05:11:40,-0.10069047619047614
2026-05-26 05:13:20,-0.11887523809523853
2026-05-26 05:15:00,-0.12101142857142748
2026-05-26 05:16:40,-0.12748857142857103
2026-05-26 05:18:20,-0.14172000000000015
2026-05-26 05:20:00,-0.14750714285714275
2026-05-26 05:21:40,-0.15007190476190518
2026-05-26 05:23:20,-0.15611333333333444
2026-05-26 05:25:00,-0.16264095238095194
2026-05-26 05:26:40,-0.153171428571429
2026-05-26 05:28:20,-0.1587842857142862
2026-05-26 05:31:40,-0.13358380952380908
2026-05-26 05:33:20,-0.120238095238095
2026-05-26 05:35:00,-0.1160304761904766
2026-05-26 05:36:40,-0.09782619047619041
2026-05-26 05:38:20,-0.07982761904761937
2026-05-26 05:40:00,-0.06851095238095206
2026-05-26 05:41:40,-0.07136571428571413
2026-05-26 05:43:20,-0.06313523809523855
2026-05-26 05:45:00,-0.0550538095238094
2026-05-26 05:46:40,-0.04578999999999992
2026-05-26 05:48:20,-0.04012380952380967
2026-05-26 05:50:00,-0.032812857142857
2026-05-26 05:51:40,-0.03076904761904749
2026-05-26 05:53:20,-0.02095047619047573
2026-05-26 05:55:00,-0.008851428571428913
2026-05-26 05:56:40,-0.0022299999999996155
2026-05-26 05:58:20,0.010246666666666675
2026-05-26 06:00:00,0.019231428571428396
2026-05-26 06:01:40,0.02479238095238109
2026-05-26 06:03:20,0.04300809523809453
2026-05-26 06:05:00,0.05710857142857147
2026-05-26 06:06:40,0.06327095238095293
2026-05-26 06:08:20,0.0720333333333326
2026-05-26 06:10:00,0.08824476190476185
2026-05-26 06:11:40,0.0930052380952377
2026-05-26 06:13:20,0.10131285714285644
2026-05-26 06:15:00,0.11998523809523863
2026-05-26 06:16:40,0.12485523809523812
2026-05-26 06:18:20,0.11709190476190559
2026-05-26 06:20:00,0.11918142857142897
2026-05-26 06:21:40,0.12988999999999976
2026-05-26 06:23:20,0.1278847619047626
2026-05-26 06:25:00,0.13818428571428634
2026-05-26 06:26:40,0.12740619047619003
2026-05-26 06:28:20,0.12053476190476181
2026-05-26 06:31:40,0.1293742857142859
2026-05-26 06:33:20,0.1334519047619049
2026-05-26 06:35:00,0.14006619047619023
2026-05-26 06:36:40,0.1417442857142858
2026-05-26 06:38:20,0.1464547619047623
2026-05-26 06:40:00,0.14099238095238076
2026-05-26 06:41:40,0.1342338095238103
2026-05-26 06:43:20,0.13374952380952307
2026-05-26 06:45:00,0.1245895238095237
2026-05-26 06:46:40,0.1205171428571431
2026-05-26 06:48:20,0.09713952380952369
2026-05-26 06:50:00,0.1159385714285716
2026-05-26 06:51:40,0.10785190476190462
2026-05-26 06:53:20,0.09383523809523833
2026-05-26 06:55:00,0.09239476190476206
2026-05-26 06:56:40,0.09566523809523808
2026-05-26 06:58:20,0.09562190476190444
2026-05-26 07:00:00,0.09348761904761908
2026-05-26 07:01:40,0.09810714285714277
2026-05-26 07:03:20,0.10507619047619124
2026-05-26 07:05:00,0.10668999999999963
2026-05-26 07:06:40,0.10830619047619042
2026-05-26 07:08:20,0.10967333333333418
2026-05-26 07:10:00,0.114140952380952
2026-05-26 07:11:40,0.11218761904761902
2026-05-26 07:13:20,0.10992666666666719
2026-05-26 07:15:00,0.10307619047619043
2026-05-26 07:16:40,0.09778571428571373
2026-05-26 07:18:20,0.08538095238095239
2026-05-26 07:20:00,0.0778352380952387
2026-05-26 07:21:40,0.07772619047619132
2026-05-26 07:23:20,0.06230380952380942
2026-05-26 07:25:00,0.06128809523809548
2026-05-26 07:26:40,0.05846238095238087
2026-05-26 07:28:20,0.0504752380952382
2026-05-26 07:31:40,0.046141428571428916
2026-05-26 07:33:20,0.04950714285714218
2026-05-26 07:35:00,0.05063666666666641
2026-05-26 07:36:40,0.0509676190476181
2026-05-26 07:38:20,0.05942809523809641
2026-05-26 07:40:00,0.05216714285714294
2026-05-26 07:41:40,0.051361428571428495
2026-05-26 07:43:20,0.047973333333333326
2026-05-26 07:45:00,0.04206476190476168
2026-05-26 07:46:40,0.04224714285714254
2026-05-26 07:48:20,0.03660333333333288
2026-05-26 07:50:00,0.03565952380952343
2026-05-26 07:51:40,0.03332285714285746
2026-05-26 07:53:20,0.03333285714285654
2026-05-26 07:55:00,0.028487619047619032
2026-05-26 07:56:40,0.026408095238095494
2026-05-26 07:58:20,0.024536190476190458
2026-05-26 08:00:00,0.022285238095237987
2026-05-26 08:01:40,0.022947142857143193
2026-05-26 08:03:20,0.022882380952380696
2026-05-26 08:05:00,0.02140952380952437
2026-05-26 08:06:40,0.023117619047618682
2026-05-26 08:08:20,0.019151904761905102
2026-05-26 08:10:00,0.02053095238095224
2026-05-26 08:11:40,0.019192857142856484
2026-05-26 08:13:20,0.015704761904762058
2026-05-26 08:15:00,0.01580952380952486
2026-05-26 08:16:40,0.01475476190476199
2026-05-26 08:18:20,0.012110952380952781
2026-05-26 08:20:00,0.012031428571428682
2026-05-26 08:21:40,0.010723809523809443
2026-05-26 08:23:20,0.01038809523809577
2026-05-26 08:25:00,0.009087142857142945
2026-05-26 08:26:40,0.009717142857142948
2026-05-26 08:28:20,0.00709190476190491
2026-05-26 08:31:40,0.008886666666666626
2026-05-26 08:33:20,0.008671904761904561
2026-05-26 08:35:00,0.010478095238095134
2026-05-26 08:36:40,0.010514761904761956
2026-05-26 08:38:20,0.012538095238095265
2026-05-26 08:40:00,0.015163333333333766
2026-05-26 08:41:40,0.01580952380952395
2026-05-26 08:43:20,0.01794761904761888
2026-05-26 08:45:00,0.02160095238095204
2026-05-26 08:46:40,0.023397619047619077
2026-05-26 08:48:20,0.028621904761904737
2026-05-26 08:50:00,0.030821904761904644
2026-05-26 08:51:40,0.0308290476190474
2026-05-26 08:53:20,0.04510380952381009
2026-05-26 08:55:00,0.061529523809523666
2026-05-26 08:56:40,0.0710042857142865
2026-05-26 08:58:20,0.09205380952380902
2026-05-26 09:00:00,0.11985333333333421
2026-05-26 09:01:40,0.12121857142857172
2026-05-26 09:03:20,0.1289861904761908
2026-05-26 09:05:00,0.12821285714285782
2026-05-26 09:06:40,0.12095619047618979
2026-05-26 09:08:20,0.1065138095238094
2026-05-26 09:10:00,0.09906952380952379
2026-05-26 09:11:40,0.09803809523809535
2026-05-26 09:13:20,0.09928571428571432
2026-05-26 09:15:00,0.07342523809523824
2026-05-26 09:16:40,0.07987809523809528
2026-05-26 09:18:20,0.07303857142857112
2026-05-26 09:20:00,0.08665619047619082
2026-05-26 09:21:40,0.07731285714285706
2026-05-26 09:23:20,0.06889999999999993
2026-05-26 09:25:00,0.06060476190476205
2026-05-26 09:26:40,0.06216095238095242
2026-05-26 09:28:20,0.07879904761904769
2026-05-26 09:31:40,0.1488557142857143
2026-05-26 09:33:20,0.15660190476190444
2026-05-26 09:35:00,0.09605047619047635
2026-05-26 09:36:40,0.1399576190476191
2026-05-26 09:38:20,0.11389333333333361
2026-05-26 09:40:00,0.15600523809523856
2026-05-26 09:41:40,0.1381533333333336
2026-05-26 09:43:20,0.15970000000000134
2026-05-26 09:45:00,0.1457880952380949
2026-05-26 09:46:40,0.14252047619047725
2026-05-26 09:48:20,0.11563190476190402
2026-05-26 09:50:00,0.09974428571428515
2026-05-26 09:51:40,0.09619999999999987
2026-05-26 09:53:20,0.08282333333333414
2026-05-26 09:55:00,0.07514428571428511
2026-05-26 09:56:40,0.0675028571428567
2026-05-26 09:58:20,0.055277142857142386
2026-05-26 10:00:00,0.04011190476190474
2026-05-26 10:01:40,0.03210047619047596
2026-05-26 10:03:20,0.016005714285713984
2026-05-26 10:05:00,0.00247190476190412
2026-05-26 10:06:40,-0.004149523809523714
2026-05-26 10:08:20,-0.021716190476189307
2026-05-26 10:10:00,-0.03267809523809523
2026-05-26 10:11:40,-0.03971428571428587
2026-05-26 10:13:20,-0.048160000000001535
2026-05-26 10:15:00,-0.055804285714286
2026-05-26 10:16:40,-0.0612295238095239
2026-05-26 10:18:20,-0.06748809523809496
2026-05-26 10:20:00,-0.0762385714285716
2026-05-26 10:21:40,-0.07649904761904774
2026-05-26 10:23:20,-0.08654190476190377
2026-05-26 10:25:00,-0.09881523809523685
2026-05-26 10:26:40,-0.09900857142857122
2026-05-26 10:28:20,-0.09861714285714421
2026-05-26 10:31:40,-0.09677523809523753
2026-05-26 10:33:20,-0.08403619047619099
2026-05-26 10:35:00,-0.0884038095238085
2026-05-26 10:36:40,-0.08771095238095195
2026-05-26 10:38:20,-0.08361285714285799
2026-05-26 10:40:00,-0.08129523809523787
2026-05-26 10:41:40,-0.08194619047619006
2026-05-26 10:43:20,-0.08573904761904927
2026-05-26 10:45:00,-0.08615952380952274
2026-05-26 10:46:40,-0.08656523809523756
2026-05-26 10:48:20,-0.08613523809523962
2026-05-26 10:50:00,-0.08612047619047727
2026-05-26 10:51:40,-0.08396666666666741
2026-05-26 10:53:20,-0.08479523809523934
2026-05-26 10:55:00,-0.08324761904761892
2026-05-26 10:56:40,-0.0799304761904751
2026-05-26 10:58:20,-0.07344714285714206
2026-05-26 11:00:00,-0.07511761904761863
2026-05-26 11:01:40,-0.07515809523809414
2026-05-26 11:03:20,-0.07177000000000028
2026-05-26 11:05:00,-0.06408238095238111
2026-05-26 11:06:40,-0.061986666666666475
2026-05-26 11:08:20,-0.05883238095238226
2026-05-26 11:10:00,-0.061728095238095526
2026-05-26 11:11:40,-0.059941428571427056
2026-05-26 11:13:20,-0.05037666666666665
2026-05-26 11:15:00,-0.04951952380952482
2026-05-26 11:16:40,-0.04892380952380986
2026-05-26 11:18:20,-0.04895476190476234
2026-05-26 11:20:00,-0.047531428571429266
2026-05-26 11:21:40,-0.04624476190476161
2026-05-26 11:23:20,-0.04181380952381042
2026-05-26 11:25:00,-0.04011809523809469
2026-05-26 11:26:40,-0.03790380952380936
2026-05-26 11:28:20,-0.040555238095238005
2026-05-26 11:31:40,-0.028294761904762634
2026-05-26 11:33:20,-0.026882380952380887
2026-05-26 11:35:00,-0.02501428571428578
2026-05-26 11:36:40,-0.02528380952380907
2026-05-26 11:38:20,-0.02479857142857137
2026-05-26 11:40:00,-0.027497142857141638
2026-05-26 11:41:40,-0.028581904761905023
2026-05-26 11:43:20,-0.025352380952381376
2026-05-26 11:45:00,-0.02394952380952422
2026-05-26 11:46:40,-0.024381904761904744
2026-05-26 11:48:20,-0.020615714285713894
2026-05-26 11:50:00,-0.019892857142857896
2026-05-26 11:51:40,-0.021534285714286203
2026-05-26 11:53:20,-0.02166380952380951
2026-05-26 11:55:00,-0.021963809523809316
2026-05-26 11:56:40,-0.021778571428571848
2026-05-26 11:58:20,-0.021764761904762127
2026-05-26 12:00:00,-0.02344809523809488
2026-05-26 12:01:40,-0.021257619047618886
2026-05-26 12:03:20,-0.01877666666666683
2026-05-26 12:05:00,-0.01854857142857084
2026-05-26 12:06:40,-0.019837142857142716
2026-05-26 12:08:20,-0.02094285714285727
2026-05-26 12:10:00,-0.020565714285714395
2026-05-26 12:11:40,-0.024845238095238642
2026-05-26 12:13:20,-0.020893333333333472
2026-05-26 12:15:00,-0.019222380952381057
2026-05-26 12:16:40,-0.018580476190476276
2026-05-26 12:18:20,-0.017485714285713883
2026-05-26 12:20:00,-0.016536666666666748
2026-05-26 12:21:40,-0.017499047619047643
2026-05-26 12:23:20,-0.018085238095237665
2026-05-26 12:25:00,-0.020738095238095163
2026-05-26 12:26:40,-0.021027142857143133
2026-05-26 12:28:20,-0.018739999999999375
2026-05-26 12:31:40,-0.01788428571428621
2026-05-26 12:33:20,-0.015269523809523965
2026-05-26 12:35:00,-0.015763809523809492
2026-05-26 12:36:40,-0.016960000000000214
2026-05-26 12:38:20,-0.01765999999999987
2026-05-26 12:40:00,-0.020563809523809727
2026-05-26 12:41:40,-0.021328095238095097
2026-05-26 12:43:20,-0.020096190476190573
2026-05-26 12:45:00,-0.022375238095238153
2026-05-26 12:46:40,-0.027216190476190696
2026-05-26 12:48:20,-0.028815714285714687
2026-05-26 12:50:00,-0.028596190476190705
2026-05-26 12:51:40,-0.028933809523809764
2026-05-26 12:53:20,-0.02406333333333322
2026-05-26 12:55:00,-0.02462095238095273
2026-05-26 12:56:40,-0.025400952380952593
2026-05-26 12:58:20,-0.02614619047619039
2026-05-26 13:00:00,-0.0263719047619044
2026-05-26 13:01:40,-0.025373333333333727
2026-05-26 13:03:20,-0.023413809523809705
2026-05-26 13:05:00,-0.02365857142857143
2026-05-26 13:06:40,-0.024747142857143047
2026-05-26 13:08:20,-0.025512857142857392
2026-05-26 13:10:00,-0.02732809523809509
2026-05-26 13:11:40,-0.028088571428571695
2026-05-26 13:13:20,-0.027619047619047536
2026-05-26 13:15:00,-0.0303142857142858
2026-05-26 13:16:40,-0.030858095238095545
2026-05-26 13:18:20,-0.03158857142857132
2026-05-26 13:20:00,-0.03383190476190476
2026-05-26 13:21:40,-0.03345523809523808
2026-05-26 13:23:20,-0.030396190476190445
2026-05-26 13:25:00,-0.03146523809523828
2026-05-26 13:26:40,-0.027976190476190273
2026-05-26 13:28:20,-0.027743809523809383
2026-05-26 13:31:40,-0.022662380952381156
2026-05-26 13:33:20,-0.02384761904761932
2026-05-26 13:35:00,-0.029340952380952523
2026-05-26 13:36:40,-0.028840476190475844
2026-05-26 13:38:20,-0.02034904761904783
2026-05-26 13:40:00,-0.014866190476190571
2026-05-26 13:41:40,-0.011540476190476236
2026-05-26 13:43:20,-0.004692380952380967
2026-05-26 13:45:00,0.003539523809523524
2026-05-26 13:46:40,0.00899809523809525
2026-05-26 13:48:20,0.01641047619047625
2026-05-26 13:50:00,0.02580285714285747
2026-05-26 13:51:40,0.0319280952380952
2026-05-26 13:53:20,0.040291904761904765
2026-05-26 13:55:00,0.053032857142857125
2026-05-26 13:56:40,0.05744571428571446
2026-05-26 13:58:20,0.06426333333333283
2026-05-26 14:00:00,0.0797685714285717
2026-05-26 14:01:40,0.08872714285714252
2026-05-26 14:03:20,0.07793714285714255
2026-05-26 14:05:00,0.08734666666666654
2026-05-26 14:06:40,0.09150047619047619
2026-05-26 14:08:20,0.10226142857142838
2026-05-26 14:10:00,0.10757809523809521
2026-05-26 14:11:40,0.09971047619047632
2026-05-26 14:13:20,0.11388285714285724
2026-05-26 14:15:00,0.13319952380952418
2026-05-26 14:16:40,0.13684714285714317
2026-05-26 14:18:20,0.14703761904761897
2026-05-26 14:20:00,0.20850857142857138
2026-05-26 14:21:40,0.23602666666666658
2026-05-26 14:23:20,0.1914514285714285
2026-05-26 14:25:00,0.27416714285714294
2026-05-26 14:26:40,0.28728857142857167
2026-05-26 14:28:20,0.388574761904762
2026-05-26 14:31:40,0.4670342857142855
2026-05-26 14:33:20,0.4618595238095244
2026-05-26 14:35:00,0.47205142857142834
2026-05-26 14:36:40,0.4778952380952372
2026-05-26 14:38:20,0.4713833333333332
2026-05-26 14:40:00,0.44521238095238164
2026-05-26 14:41:40,0.47194999999999987
2026-05-26 14:43:20,0.5220433333333339
2026-05-26 14:45:00,0.5459995238095251
2026-05-26 14:46:40,0.5137561904761917
2026-05-26 14:48:20,0.522040476190476
2026-05-26 14:50:00,0.5059695238095234
2026-05-26 14:51:40,0.502752380952381
2026-05-26 14:53:20,0.5377642857142856
2026-05-26 14:55:00,0.5619742857142858
2026-05-26 14:56:40,0.5367614285714286
2026-05-26 14:58:20,0.48777666666666764
2026-05-26 15:00:00,0.5108352380952385
2026-05-26 15:01:40,0.5210523809523805
2026-05-26 15:03:20,0.5091733333333343
2026-05-26 15:05:00,0.4406323809523811
2026-05-26 15:06:40,0.41305809523809545
2026-05-26 15:08:20,0.3840333333333332
2026-05-26 15:10:00,0.3984533333333332
2026-05-26 15:11:40,0.3918795238095241
2026-05-26 15:13:20,0.38645904761904804
2026-05-26 15:15:00,0.37448428571428594
2026-05-26 15:16:40,0.3687338095238102
2026-05-26 15:18:20,0.30885095238095245
2026-05-26 15:20:00,0.2035852380952382
2026-05-26 15:21:40,0.19548142857142842
2026-05-26 15:23:20,0.17402142857142833
2026-05-26 15:25:00,0.21846428571428533
2026-05-26 15:26:40,0.24780047619047613
2026-05-26 15:28:20,0.15100619047619063
2026-05-26 15:31:40,0.20087619047619037
2026-05-26 15:33:20,0.197854761904762
2026-05-26 15:35:00,0.18486952380952357
2026-05-26 15:36:40,0.20771476190476207
2026-05-26 15:38:20,0.19757619047619057
2026-05-26 15:40:00,0.14295428571428564
2026-05-26 15:41:40,0.1776785714285711
2026-05-26 15:43:20,0.1977747619047619
2026-05-26 15:45:00,0.2024280952380949
2026-05-26 15:46:40,0.20146809523809572
2026-05-26 15:48:20,0.2128966666666669
2026-05-26 15:50:00,0.19444904761904785
2026-05-26 15:51:40,0.19298238095238157
2026-05-26 15:53:20,0.177571428571429
2026-05-26 15:55:00,0.1859633333333331
2026-05-26 15:56:40,0.1721580952380955
2026-05-26 15:58:20,0.15489238095238103
2026-05-26 16:00:00,0.16245380952380956
2026-05-26 16:01:40,0.15439523809523814
2026-05-26 16:03:20,0.21456619047619024
2026-05-26 16:05:00,0.31626047619047615
2026-05-26 16:06:40,0.23281571428571418
2026-05-26 16:08:20,0.1614852380952379
2026-05-26 16:10:00,0.16822523809523826
2026-05-26 16:11:40,0.16984238095238113
2026-05-26 16:13:20,0.19756428571428525
2026-05-26 16:15:00,0.18663142857142792
2026-05-26 16:16:40,0.18381380952380974
2026-05-26 16:18:20,0.18915523809523757
2026-05-26 16:20:00,0.18150523809523805
2026-05-26 16:21:40,0.1790409523809527
2026-05-26 16:23:20,0.17852761904761844
2026-05-26 16:25:00,0.18485809523809557
2026-05-26 16:26:40,0.1915104761904757
2026-05-26 16:28:20,0.20597714285714286
2026-05-26 16:31:40,0.20946380952380972
2026-05-26 16:33:20,0.2097304761904766
2026-05-26 16:35:00,0.20651476190476173
2026-05-26 16:36:40,0.2048214285714295
2026-05-26 16:38:20,0.20121904761904788
2026-05-26 16:40:00,0.19818809523809516
2026-05-26 16:41:40,0.18966714285714315
2026-05-26 16:43:20,0.19266476190476187
2026-05-26 16:45:00,0.18613190476190494
2026-05-26 16:46:40,0.19038047619047618
2026-05-26 16:48:20,0.18618047619047579
2026-05-26 16:50:00,0.18341476190476186
2026-05-26 16:51:40,0.18373285714285775
2026-05-26 16:53:20,0.17668476190476165
2026-05-26 16:55:00,0.1622252380952385
2026-05-26 16:56:40,0.16883809523809573
2026-05-26 16:58:20,0.16007666666666776
2026-05-26 17:00:00,0.1631000000000005
2026-05-26 17:01:40,0.1529847619047623
2026-05-26 17:03:20,0.13809047619047587
2026-05-26 17:05:00,0.13334523809523802
2026-05-26 17:06:40,0.13009000000000046
2026-05-26 17:08:20,0.12499952380952434
2026-05-26 17:10:00,0.12910380952380993
2026-05-26 17:11:40,0.13599428571428543
2026-05-26 17:13:20,0.12599809523809472
2026-05-26 17:15:00,0.10140285714285731
2026-05-26 17:16:40,0.08418809523809546
2026-05-26 17:18:20,0.0757085714285713
2026-05-26 17:20:00,0.07557142857142878
2026-05-26 17:21:40,0.0813219047619052
2026-05-26 17:23:20,0.0793357142857143
2026-05-26 17:25:00,0.0773328571428568
2026-05-26 17:26:40,0.0728404761904757
2026-05-26 17:28:20,0.08114428571428574
2026-05-26 17:31:40,0.0697166666666666
2026-05-26 17:33:20,0.07155666666666642
2026-05-26 17:35:00,0.0924319047619048
2026-05-26 17:36:40,0.08373666666666657
2026-05-26 17:38:20,0.0843995238095237
2026-05-26 17:40:00,0.08618809523809612
2026-05-26 17:41:40,0.08762809523809498
2026-05-26 17:43:20,0.08138571428571378
2026-05-26 17:45:00,0.08898904761904772
2026-05-26 17:46:40,0.12855952380952354
2026-05-26 17:48:20,0.1578061904761908
2026-05-26 17:50:00,0.17445333333333307
2026-05-26 17:51:40,0.18271952380952447
2026-05-26 17:58:20,0.04797523809523865
2026-05-26 18:01:40,0.09410619047618976
2026-05-26 18:03:20,0.09312095238095305
2026-05-26 18:05:00,0.09699238095238043
2026-05-26 18:06:40,0.10045142857142775
2026-05-26 18:08:20,0.1099952380952375
2026-05-26 18:10:00,0.13105809523809614
2026-05-26 18:11:40,0.13198714285714142
2026-05-26 18:13:20,0.14059142857142748
2026-05-26 18:15:00,0.14135333333333527
2026-05-26 18:16:40,0.13719142857142846
2026-05-26 18:18:20,0.13893666666666604
2026-05-26 18:20:00,0.141851904761905
2026-05-26 18:21:40,0.14470333333333263
2026-05-26 18:23:20,0.14708523809523713
2026-05-26 18:25:00,0.1503633333333338
2026-05-26 18:26:40,0.15231476190476312
2026-05-26 18:28:20,0.1506123809523817
2026-05-26 18:30:00,0.1564533333333323
2026-05-26 18:31:40,0.15927333333333332
2026-05-26 18:33:20,0.1648471428571416
2026-05-26 18:35:00,0.16390809523809646
2026-05-26 18:36:40,0.17007523809523814
2026-05-26 18:38:20,0.16628857142857084
2026-05-26 18:40:00,0.17487476190476142
2026-05-26 18:41:40,0.1752333333333324
2026-05-26 18:43:20,0.18265714285714332
2026-05-26 18:45:00,0.19212904761904748
2026-05-26 18:46:40,0.2057909523809534
2026-05-26 18:48:20,0.1920004761904765
2026-05-26 18:50:00,0.19361523809523762
2026-05-26 18:51:40,0.19258142857142882
2026-05-26 18:53:20,0.18239952380952296
2026-05-26 18:55:00,0.1941666666666672
2026-05-26 18:56:40,0.18303238095238
2026-05-26 18:58:20,0.16492380952380975
2026-05-26 19:01:40,0.14391666666666647
2026-05-26 19:03:20,0.14519619047619053
2026-05-26 19:05:00,0.15147333333333277
2026-05-26 19:06:40,0.13968904761904757
2026-05-26 19:08:20,0.13436619047619142
2026-05-26 19:10:00,0.12405238095238122
2026-05-26 19:11:40,0.12186952380952412
2026-05-26 19:13:20,0.10795285714285698
2026-05-26 19:15:00,0.10736000000000004
2026-05-26 19:16:40,0.09618238095238103
2026-05-26 19:18:20,0.08905904761904795
2026-05-26 19:20:00,0.0801400000000007
2026-05-26 19:21:40,0.07022714285714271
2026-05-26 19:23:20,0.07076333333333315
2026-05-26 19:25:00,0.08204952380952459
2026-05-26 19:26:40,0.08427095238095347
2026-05-26 19:28:20,0.07550571428571423
2026-05-26 19:30:00,0.06663000000000004
2026-05-26 19:31:40,0.062107142857142375
2026-05-26 19:33:20,0.06058142857142869
2026-05-26 19:35:00,0.06075047619047569
2026-05-26 19:36:40,0.07174809523809511
2026-05-26 19:38:20,0.0717061904761905
2026-05-26 19:40:00,0.07719380952381005
2026-05-26 19:41:40,0.07623666666666634
2026-05-26 19:43:20,0.07390571428571394
2026-05-26 19:45:00,0.07561238095238049
2026-05-26 19:46:40,0.07725380952381024
2026-05-26 19:48:20,0.0781838095238093
2026-05-26 19:50:00,0.08230095238095268
2026-05-26 19:51:40,0.0839119047619049
2026-05-26 19:53:20,0.08801333333333303
2026-05-26 19:55:00,0.08815238095238148
2026-05-26 19:56:40,0.09338190476190475
2026-05-26 19:58:20,0.09674285714285757
2026-05-26 20:01:40,0.09768714285714301
2026-05-26 20:03:20,0.08243619047619036
2026-05-26 20:05:00,0.07304047619047668
2026-05-26 20:06:40,0.07230333333333405
2026-05-26 20:08:20,0.07406523809523767
2026-05-26 20:10:00,0.056523809523809934
2026-05-26 20:11:40,0.051677142857142644
2026-05-26 20:13:20,0.034748095238095425
2026-05-26 20:15:00,0.030543333333333332
2026-05-26 20:16:40,0.02508190476190488
2026-05-26 20:18:20,0.026428571428571447
2026-05-26 20:20:00,0.022497619047619037
2026-05-26 20:21:40,0.02156095238095242
2026-05-26 20:23:20,0.021883333333333168
2026-05-26 20:25:00,0.015653809523809414
2026-05-26 20:26:40,0.01567523809523799
2026-05-26 20:28:20,0.015380476190476087
2026-05-26 20:30:00,0.013821904761904695
2026-05-26 20:31:40,0.012523333333333293
2026-05-26 20:33:20,0.011863809523809474
2026-05-26 20:35:00,0.007710476190476202
2026-05-26 20:36:40,0.007052380952380862
2026-05-26 20:38:20,0.008328095238095364
2026-05-26 20:40:00,0.00681285714285728
2026-05-26 20:41:40,0.004491428571428462
2026-05-26 20:43:20,0.0038395238095237025
2026-05-26 20:45:00,0.0032395238095239906
2026-05-26 20:46:40,0.001148095238095271
2026-05-26 20:48:20,0.0034885714285711467
2026-05-26 20:50:00,0.0025409523809523105
2026-05-26 20:51:40,0.0007214285714282828
2026-05-26 20:53:20,0.00042571428571427233
2026-05-26 20:55:00,-0.0009933333333331691
2026-05-26 20:56:40,-0.003042857142856896
2026-05-26 20:58:20,-0.003104285714285601
2026-05-26 21:01:40,-0.0033157142857143107
2026-05-26 21:03:20,-0.0024938095238094954
2026-05-26 21:05:00,-0.0034038095238095555
2026-05-26 21:06:40,-0.0022000000000000665
2026-05-26 21:08:20,-0.005201428571428558
2026-05-26 21:10:00,-0.004284285714285709
2026-05-26 21:11:40,-0.00631095238095233
2026-05-26 21:13:20,-0.005099047619047656
2026-05-26 21:15:00,-0.006425238095238095
2026-05-26 21:16:40,-0.00830571428571436
2026-05-26 21:18:20,-0.007344761904761743
2026-05-26 21:20:00,-0.0074314285714284604
2026-05-26 21:21:40,-0.008401428571428726
2026-05-26 21:23:20,-0.007883809523809415
2026-05-26 21:25:00,-0.007884761904762259
2026-05-26 21:26:40,-0.009374761904761827
2026-05-26 21:28:20,-0.011777142857142698
2026-05-26 21:30:00,-0.011942857142857054
2026-05-26 21:31:40,-0.011552380952380897
2026-05-26 21:33:20,-0.011768571428571479
2026-05-26 21:35:00,-0.014899999999999934
2026-05-26 21:36:40,-0.015386190476190595
2026-05-26 21:38:20,-0.015101428571428675
2026-05-26 21:40:00,-0.01637190476190456
2026-05-26 21:41:40,-0.013659047619047758
2026-05-26 21:43:20,-0.013549523809523834
2026-05-26 21:45:00,-0.014777619047619206
2026-05-26 21:46:40,-0.014619523809523916
2026-05-26 21:48:20,-0.013570476190476362
2026-05-26 21:50:00,-0.011839047619047558
2026-05-26 21:51:40,-0.013586190476190453
2026-05-26 21:53:20,-0.013564761904761836
2026-05-26 21:55:00,-0.014407619047619245
2026-05-26 21:56:40,-0.01518523809523805
2026-05-26 21:58:20,-0.013760000000000272
2026-05-26 22:01:40,-0.01246809523809526
2026-05-26 22:03:20,-0.01136904761904745
2026-05-26 22:05:00,-0.010041428571428567
2026-05-26 22:06:40,-0.00874142857142852
2026-05-26 22:08:20,-0.009372380952381059
2026-05-26 22:10:00,-0.008017142857142945
2026-05-26 22:11:40,-0.008623333333333417
2026-05-26 22:13:20,-0.007638571428571479
2026-05-26 22:15:00,-0.006789047619047745
2026-05-26 22:16:40,-0.0071066666666666275
2026-05-26 22:18:20,-0.007037142857142943
2026-05-26 22:20:00,-0.006590000000000075
2026-05-26 22:21:40,-0.0059930952380951984
2026-05-26 22:23:20,-0.00575952380952381
2026-05-26 22:25:00,-0.0054938095238097565
2026-05-26 22:26:40,-0.0063723809523807545
2026-05-26 22:28:20,-0.006157619047619028
2026-05-26 22:30:00,-0.005319999999999991
2026-05-26 22:31:40,-0.006138095238095239
2026-05-26 22:33:20,-0.005927999999999992
2026-05-26 22:35:00,-0.007382380952380868
2026-05-26 22:36:40,-0.008605238095238166
2026-05-26 22:38:20,-0.009287142857142902
2026-05-26 22:40:00,-0.011489523809523967
2026-05-26 22:41:40,-0.015237142857143088
2026-05-26 22:43:20,-0.019049523809523565
2026-05-26 22:45:00,-0.017964761904761987
2026-05-26 22:46:40,-0.02277523809523816
2026-05-26 22:48:20,-0.02795761904761901
2026-05-26 22:50:00,-0.027644285714285937
2026-05-26 22:51:40,-0.035003809523809576
2026-05-26 22:53:20,-0.03298142857142839
2026-05-26 22:55:00,-0.03125952380952388
2026-05-26 22:56:40,-0.03710952380952361
2026-05-26 22:58:20,-0.042008095238095074
2026-05-26 23:01:40,-0.04232380952380965
2026-05-26 23:03:20,-0.0438038095238095
2026-05-26 23:05:00,-0.05140809523809521
2026-05-26 23:06:40,-0.05192952380952369
2026-05-26 23:08:20,-0.05901523809523809
2026-05-26 23:10:00,-0.05355619047619043
2026-05-26 23:11:40,-0.05125295238095232
2026-05-26 23:13:20,-0.052973523809523866
2026-05-26 23:15:00,-0.060443333333333266
2026-05-26 23:16:40,-0.0542865238095238
2026-05-26 23:18:20,-0.06154952380952383
2026-05-26 23:20:00,-0.06534476190476204
2026-05-26 23:21:40,-0.06727571428571444
2026-05-26 23:23:20,-0.05878976190476179
2026-05-26 23:25:00,-0.05868166666666669
2026-05-26 23:26:40,-0.05905447619047616
2026-05-26 23:28:20,-0.058958761904761924
2026-05-26 23:30:00,-0.06988809523809512
2026-05-26 23:31:40,-0.06508476190476188
2026-05-26 23:33:20,-0.06420619047619047
2026-05-26 23:35:00,-0.06585666666666663
2026-05-26 23:36:40,-0.0577969047619047
2026-05-26 23:38:20,-0.06312047619047616
2026-05-26 23:40:00,-0.05645014285714275
2026-05-26 23:41:40,-0.0508600000000001
2026-05-26 23:43:20,-0.05833847619047626
2026-05-26 23:45:00,-0.05524804761904768
2026-05-26 23:46:40,-0.05670780952380956
2026-05-26 23:48:20,-0.04858557142857151
2026-05-26 23:50:00,-0.04731533333333328
2026-05-26 23:51:40,-0.04540814285714291
2026-05-26 23:53:20,-0.053482095238095106
2026-05-26 23:55:00,-0.048231333333333314
2026-05-26 23:56:40,-0.04958347619047615
2026-05-26 23:58:20,-0.04499676190476193
2026-05-27 00:01:40,-0.042052952380952385
2026-05-27 00:03:20,-0.04688780952380943
2026-05-27 00:05:00,-0.041190095238095345
2026-05-27 00:06:40,-0.047350380952380915
2026-05-27 00:08:20,-0.041933666666666675
2026-05-27 00:10:00,-0.04561928571428569
2026-05-27 00:11:40,-0.04285923809523813
2026-05-27 00:13:20,-0.04238271428571435
2026-05-27 00:15:00,-0.04576552380952375
2026-05-27 00:16:40,-0.041950428571428625
2026-05-27 00:18:20,-0.04263838095238089
2026-05-27 00:20:00,-0.04323152380952367
2026-05-27 00:21:40,-0.04195033333333329
2026-05-27 00:23:20,-0.04077990476190483
2026-05-27 00:25:00,-0.04482342857142856
2026-05-27 00:26:40,-0.04028185714285712
2026-05-27 00:28:20,-0.04364980952380955
2026-05-27 00:30:00,-0.044709761904761836
2026-05-27 00:31:40,-0.04176676190476192
2026-05-27 00:33:20,-0.04635385714285724
2026-05-27 00:35:00,-0.0416308095238095
2026-05-27 00:36:40,-0.043247761904761914
2026-05-27 00:38:20,-0.04140838095238091
2026-05-27 00:40:00,-0.040317333333333205
2026-05-27 00:41:40,-0.03961971428571427
2026-05-27 00:43:20,-0.04145385714285707
2026-05-27 00:45:00,-0.03956871428571426
2026-05-27 00:46:40,-0.04158438095238093
2026-05-27 00:48:20,-0.0388469523809524
2026-05-27 00:50:00,-0.037550190476190494
2026-05-27 00:51:40,-0.038587190476190414
2026-05-27 00:53:20,-0.03668990476190464
2026-05-27 00:55:00,-0.038067190476190366
2026-05-27 00:56:40,-0.0333761904761905
2026-05-27 00:58:20,-0.03533452380952391
2026-05-27 01:01:40,-0.033710952380952376
2026-05-27 01:03:20,-0.029789285714285667
2026-05-27 01:05:00,-0.03231009523809518
2026-05-27 01:06:40,-0.032967380952380866
2026-05-27 01:08:20,-0.0269465238095238
2026-05-27 01:10:00,-0.030371809523809627
2026-05-27 01:11:40,-0.02934204761904766
2026-05-27 01:13:20,-0.024929809523809545
2026-05-27 01:15:00,-0.0315991428571428
2026-05-27 01:16:40,-0.034536095238095275
2026-05-27 01:18:20,-0.03847985714285724
2026-05-27 01:20:00,-0.034806047619047584
2026-05-27 01:21:40,-0.032635333333333245
2026-05-27 01:23:20,-0.03421890476190467
2026-05-27 01:25:00,-0.03527642857142852
2026-05-27 01:26:40,-0.032403999999999995
2026-05-27 01:28:20,-0.03218961904761907
2026-05-27 01:30:00,-0.03450200000000011
2026-05-27 01:31:40,-0.03296504761904767
2026-05-27 01:33:20,-0.025947999999999916
2026-05-27 01:35:00,-0.028007666666666667
2026-05-27 01:36:40,-0.02691576190476181
2026-05-27 01:38:20,-0.031105476190476277
2026-05-27 01:40:00,-0.029220571428571387
2026-05-27 01:41:40,-0.02934190476190476
2026-05-27 01:43:20,-0.030853142857142902
2026-05-27 01:45:00,-0.025661142857142792
2026-05-27 01:46:40,-0.027232142857142913
2026-05-27 01:48:20,-0.028137238095238094
2026-05-27 01:50:00,-0.033815857142857106
2026-05-27 01:51:40,-0.02963947619047631
2026-05-27 01:53:20,-0.03058328571428588
2026-05-27 01:55:00,-0.024860047619047556
2026-05-27 01:56:40,-0.027010285714285823
2026-05-27 01:58:20,-0.02467252380952384
2026-05-27 02:01:40,-0.023308142857142836
2026-05-27 02:03:20,-0.024755095238095368
2026-05-27 02:05:00,-0.021505476190476124
2026-05-27 02:06:40,-0.021240095238095263
2026-05-27 02:08:20,-0.020303523809523823
2026-05-27 02:10:00,-0.01927623809523799
2026-05-27 02:11:40,-0.022676523809523865
2026-05-27 02:13:20,-0.020231571428571467
2026-05-27 02:15:00,-0.019387238095238103
2026-05-27 02:16:40,-0.019348095238095258
2026-05-27 02:18:20,-0.017980571428571318
2026-05-27 02:20:00,-0.01652023809523803
2026-05-27 02:21:40,-0.017991666666666708
2026-05-27 02:23:20,-0.01820995238095246
2026-05-27 02:25:00,-0.018831047619047643
2026-05-27 02:26:40,-0.018866476190476204
2026-05-27 02:28:20,-0.015233761904761842
2026-05-27 02:30:00,-0.015083190476190424
2026-05-27 02:31:40,-0.016022809523809592
2026-05-27 02:33:20,-0.015061999999999937
2026-05-27 02:35:00,-0.014135333333333484
2026-05-27 02:36:40,-0.013528904761904794
2026-05-27 02:38:20,-0.012685904761904787
2026-05-27 02:40:00,-0.014954238095238145
2026-05-27 02:41:40,-0.015016999999999989
2026-05-27 02:43:20,-0.014986714285714246
2026-05-27 02:45:00,-0.015286761904761859
2026-05-27 02:46:40,-0.014764904761904755
2026-05-27 02:48:20,-0.013486380952380897
2026-05-27 02:50:00,-0.013404571428571358
2026-05-27 02:51:40,-0.013156333333333287
2026-05-27 02:53:20,-0.012684666666666657
2026-05-27 02:55:00,-0.013543285714285636
2026-05-27 02:56:40,-0.012728571428571448
2026-05-27 02:58:20,-0.01206876190476191
2026-05-27 03:01:40,-0.011093428571428613
2026-05-27 03:03:20,-0.011152523809523833
2026-05-27 03:05:00,-0.01164000000000002
2026-05-27 03:06:40,-0.012087523809523751
2026-05-27 03:08:20,-0.012286428571428667
2026-05-27 03:10:00,-0.012773380952380977
2026-05-27 03:11:40,-0.013288857142857154
2026-05-27 03:13:20,-0.012908285714285695
2026-05-27 03:15:00,-0.014069476190476266
2026-05-27 03:16:40,-0.016401857142857187
2026-05-27 03:18:20,-0.016038428571428558
2026-05-27 03:20:00,-0.015547285714285753
2026-05-27 03:21:40,-0.01601799999999995
2026-05-27 03:23:20,-0.015997619047618983
2026-05-27 03:25:00,-0.018532142857142806
2026-05-27 03:26:40,-0.01890728571428566
2026-05-27 03:28:20,-0.01878352380952372
2026-05-27 03:30:00,-0.01860866666666665
2026-05-27 03:31:40,-0.018001714285714277
2026-05-27 03:33:20,-0.01873895238095234
2026-05-27 03:35:00,-0.017451904761904762
2026-05-27 03:36:40,-0.020001619047618983
2026-05-27 03:38:20,-0.021520857142857248
2026-05-27 03:40:00,-0.02101085714285719
2026-05-27 03:41:40,-0.022024857142857117
2026-05-27 03:43:20,-0.02372752380952382
2026-05-27 03:45:00,-0.023094047619047573
2026-05-27 03:46:40,-0.02508457142857154
2026-05-27 03:48:20,-0.023992714285714346
2026-05-27 03:50:00,-0.02365685714285723
2026-05-27 03:51:40,-0.023641904761904795
2026-05-27 03:53:20,-0.02465300000000012
2026-05-27 03:55:00,-0.02587123809523801
2026-05-27 03:56:40,-0.028799999999999937
2026-05-27 03:58:20,-0.028699047619047464
2026-05-27 04:01:40,-0.024996999999999936
2026-05-27 04:03:20,-0.025494333333333376
2026-05-27 04:05:00,-0.024267999999999987
2026-05-27 04:06:40,-0.023130619047619004
2026-05-27 04:08:20,-0.0249719523809524
2026-05-27 04:10:00,-0.023633857142857168
2026-05-27 04:11:40,-0.02712190476190471
2026-05-27 04:13:20,-0.029044761904761743
2026-05-27 04:15:00,-0.030252857142857165
2026-05-27 04:16:40,-0.028622857142857103
2026-05-27 04:18:20,-0.026566666666666607
2026-05-27 04:20:00,-0.028050000000000068
2026-05-27 04:21:40,-0.025268952380952402
2026-05-27 04:23:20,-0.02427919047619059
2026-05-27 04:25:00,-0.026503333333333365
2026-05-27 04:26:40,-0.027483809523809466
2026-05-27 04:28:20,-0.0249652380952382
2026-05-27 04:30:00,-0.02352547619047613
2026-05-27 04:31:40,-0.02331942857142854
2026-05-27 04:33:20,-0.022530142857142804
2026-05-27 04:35:00,-0.023996714285714336
2026-05-27 04:36:40,-0.022121380952380913
2026-05-27 04:38:20,-0.023113380952380993
2026-05-27 04:40:00,-0.021899142857142843
2026-05-27 04:41:40,-0.021627476190476242
2026-05-27 04:43:20,-0.02337380952380961
2026-05-27 04:45:00,-0.023975714285714253
2026-05-27 04:46:40,-0.025553333333333317
2026-05-27 04:48:20,-0.024092380952380914
2026-05-27 04:50:00,-0.0226258095238096
2026-05-27 04:51:40,-0.023310952380952318
2026-05-27 04:53:20,-0.024161428571428542
2026-05-27 04:55:00,-0.022336190476190405
2026-05-27 04:56:40,-0.022885238095238153
2026-05-27 04:58:20,-0.02480809523809547
2026-05-27 05:01:40,-0.02367666666666659
2026-05-27 05:03:20,-0.02320285714285706
2026-05-27 05:05:00,-0.024701904761904866
2026-05-27 05:06:40,-0.02404619047619064
2026-05-27 05:08:20,-0.022411904761904838
2026-05-27 05:10:00,-0.01963295238095257
2026-05-27 05:11:40,-0.020596190476190362
2026-05-27 05:13:20,-0.018945238095238192
2026-05-27 05:15:00,-0.01746904761904755
2026-05-27 05:16:40,-0.01760047619047616
2026-05-27 05:18:20,-0.01654095238095245
2026-05-27 05:20:00,-0.018549523809523967
2026-05-27 05:21:40,-0.01801380952380944
2026-05-27 05:23:20,-0.016840476190476204
2026-05-27 05:25:00,-0.016122380952381103
2026-05-27 05:26:40,-0.014557142857142808
2026-05-27 05:28:20,-0.013152380952380837
2026-05-27 05:30:00,-0.010810000000000092
2026-05-27 05:31:40,-0.009753809523809623
2026-05-27 05:33:20,-0.007753333333333395
2026-05-27 05:35:00,-0.006265238095238168
2026-05-27 05:36:40,-0.006055714285714106
2026-05-27 05:38:20,-0.004516666666666852
2026-05-27 05:40:00,-0.0031152380952381292
2026-05-27 05:41:40,-0.0017609523809523188
2026-05-27 05:43:20,-0.0002690476190476375
2026-05-27 05:45:00,0.0005790476190475841
2026-05-27 05:46:40,0.001783809523809748
2026-05-27 05:48:20,0.0037633333333332557
2026-05-27 05:50:00,0.004590476190475896
2026-05-27 05:51:40,0.00497476190476159
2026-05-27 05:53:20,0.007188095238095139
2026-05-27 05:55:00,0.007249999999999957
2026-05-27 05:56:40,0.006971904761904684
2026-05-27 05:58:20,0.007624761904761875
2026-05-27 06:01:40,0.009198095238095186
2026-05-27 06:03:20,0.010006190476190526
2026-05-27 06:05:00,0.01371857142857148
2026-05-27 06:06:40,0.014188095238095267
2026-05-27 06:08:20,0.014468095238095039
2026-05-27 06:10:00,0.021585238095237522
2026-05-27 06:11:40,0.018415714285713904
2026-05-27 06:13:20,0.018179047619047255
2026-05-27 06:15:00,0.015623333333333206
2026-05-27 06:16:40,0.01719047619047618
2026-05-27 06:18:20,0.01899857142857141
2026-05-27 06:20:00,0.02011476190476181
2026-05-27 06:21:40,0.02128047619047633
2026-05-27 06:23:20,0.0229109523809523
2026-05-27 06:25:00,0.024260476190476415
2026-05-27 06:26:40,0.025628095238095096
2026-05-27 06:28:20,0.0293352380952382
2026-05-27 06:30:00,0.028612857142857377
2026-05-27 06:31:40,0.03340190476190473
2026-05-27 06:33:20,0.03090761904761892
2026-05-27 06:35:00,0.028437142857142585
2026-05-27 06:36:40,0.029586666666666723
2026-05-27 06:38:20,0.02990952380952375
2026-05-27 06:40:00,0.03021380952380949
2026-05-27 06:41:40,0.031880476190476195
2026-05-27 06:43:20,0.03726904761904759
2026-05-27 06:45:00,0.04549000000000001
2026-05-27 06:46:40,0.047854285714285585
2026-05-27 06:48:20,0.041588095238095674
2026-05-27 06:50:00,0.03968999999999957
2026-05-27 06:51:40,0.03784999999999984
2026-05-27 06:53:20,0.038419523809523806
2026-05-27 06:55:00,0.04593666666666664
2026-05-27 06:56:40,0.0385976190476186
2026-05-27 06:58:20,0.03835047619047602
2026-05-27 07:01:40,0.0414561904761907
2026-05-27 07:03:20,0.04363904761904768
2026-05-27 07:05:00,0.042521904761904906
2026-05-27 07:06:40,0.04633761904761924
2026-05-27 07:08:20,0.04489238095238123
2026-05-27 07:10:00,0.046906190476190504
2026-05-27 07:11:40,0.04879000000000029
2026-05-27 07:13:20,0.04793619047619016
2026-05-27 07:15:00,0.04622857142857139
2026-05-27 07:16:40,0.045744285714285696
2026-05-27 07:18:20,0.04140809523809551
2026-05-27 07:20:00,0.047224285714285774
2026-05-27 07:21:40,0.04485666666666692
2026-05-27 07:23:20,0.040895238095238026
2026-05-27 07:25:00,0.038042857142857295
2026-05-27 07:26:40,0.03968761904761936
2026-05-27 07:28:20,0.04105285714285745
2026-05-27 07:30:00,0.03732285714285738
2026-05-27 07:31:40,0.03584714285714267
2026-05-27 07:33:20,0.035328571428571626
2026-05-27 07:35:00,0.033459047619047944
2026-05-27 07:36:40,0.035468095238095805
2026-05-27 07:38:20,0.029643809523809236
2026-05-27 07:40:00,0.02600523809523833
2026-05-27 07:41:40,0.021469047619047447
2026-05-27 07:43:20,0.022529523809523964
2026-05-27 07:45:00,0.022568095238095543
2026-05-27 07:46:40,0.020278571428571177
2026-05-27 07:48:20,0.022946666666666553
2026-05-27 07:50:00,0.026609999999999523
2026-05-27 07:51:40,0.024662380952380915
2026-05-27 07:53:20,0.021831428571428193
2026-05-27 07:55:00,0.021840952380952638
2026-05-27 07:56:40,0.019774285714286112
2026-05-27 07:58:20,0.01638285714285721
2026-05-27 08:01:40,0.01660857142857158
2026-05-27 08:03:20,0.015541428571428519
2026-05-27 08:05:00,0.016807619047619213
2026-05-27 08:06:40,0.018048571428571518
2026-05-27 08:08:20,0.018787142857142836
2026-05-27 08:10:00,0.023992380952381008
2026-05-27 08:11:40,0.022239999999999933
2026-05-27 08:13:20,0.023002380952380677
2026-05-27 08:15:00,0.01479857142857114
2026-05-27 08:16:40,0.014489047619047547
2026-05-27 08:18:20,0.013712380952381184
2026-05-27 08:20:00,0.01194142857142877
2026-05-27 08:21:40,0.010889047619047455
2026-05-27 08:23:20,0.011798095238095108
2026-05-27 08:25:00,0.009382380952380625
2026-05-27 08:26:40,0.008819047619047515
2026-05-27 08:28:20,0.009531904761904696
2026-05-27 08:30:00,0.00779333333333334
2026-05-27 08:31:40,0.007478571428571126
2026-05-27 08:33:20,0.00524714285714274
2026-05-27 08:35:00,0.004018095238095423
2026-05-27 08:36:40,0.004035238095238224
2026-05-27 08:38:20,0.0029509523809525314
2026-05-27 08:40:00,0.002151428571429047
2026-05-27 08:41:40,0.001681428571428759
2026-05-27 08:43:20,0.0008609523809523538
2026-05-27 08:45:00,5.80952380952798e-05
2026-05-27 08:46:40,-0.0001609523809521984
2026-05-27 08:48:20,-0.0007552380952382852
2026-05-27 08:50:00,-0.0013728571428572338
2026-05-27 08:51:40,-0.0017409523809524307
2026-05-27 08:53:20,-0.0015914285714285718
2026-05-27 08:55:00,-0.002156666666666437
2026-05-27 08:56:40,-0.0024152380952381005
2026-05-27 08:58:20,-0.002902380952380934
2026-05-27 09:01:40,-0.0033604761904760224
2026-05-27 09:03:20,-0.0035452380952379747
2026-05-27 09:05:00,-0.006096190476190255
2026-05-27 09:06:40,-0.007560952380952642
2026-05-27 09:08:20,-0.009285714285714553
2026-05-27 09:10:00,-0.01017047619047665
2026-05-27 09:11:40,-0.011993809523809431
2026-05-27 09:13:20,-0.013765238095238271
2026-05-27 09:15:00,-0.015044285714285684
2026-05-27 09:16:40,-0.015853333333333042
2026-05-27 09:18:20,-0.01766619047619042
2026-05-27 09:20:00,-0.020716190476190405
2026-05-27 09:21:40,-0.022376666666666815
2026-05-27 09:23:20,-0.026999047619047555
2026-05-27 09:25:00,-0.031120952380952763
2026-05-27 09:26:40,-0.030641904761904752
2026-05-27 09:28:20,-0.03326095238095236
2026-05-27 09:30:00,-0.0396395238095241
2026-05-27 09:31:40,-0.04059523809523799
2026-05-27 09:33:20,-0.04334666666666666
2026-05-27 09:35:00,-0.05569904761904758
2026-05-27 09:36:40,-0.061268571428571436
2026-05-27 09:38:20,-0.06482333333333354
2026-05-27 09:40:00,-0.0755052380952384
2026-05-27 09:41:40,-0.0704885714285711
2026-05-27 09:43:20,-0.06870523809523796
2026-05-27 09:45:00,-0.07812666666666658
2026-05-27 09:56:40,-0.17839047619047582
2026-05-27 10:00:00,-0.09947714285714311
2026-05-27 10:01:40,-0.09730285714285697
2026-05-27 10:03:20,-0.10230380952380973
2026-05-27 10:05:00,-0.09798190476190465
2026-05-27 10:06:40,-0.11018809523809493
2026-05-27 10:08:20,-0.10386000000000012
2026-05-27 10:10:00,-0.09087000000000017
2026-05-27 10:11:40,-0.10868476190476198
2026-05-27 10:13:20,-0.13895428571428597
2026-05-27 10:15:00,-0.11337476190476187
2026-05-27 10:16:40,-0.10635761904761923
2026-05-27 10:18:20,-0.11919714285714292
2026-05-27 10:20:00,-0.11615571428571425
2026-05-27 10:21:40,-0.11945904761904766
2026-05-27 10:23:20,-0.12488285714285699
2026-05-27 10:25:00,-0.14755047619047593
2026-05-27 10:26:40,-0.14678809523809508
2026-05-27 10:28:20,-0.1285500000000001
2026-05-27 10:30:00,-0.13485047619047608
2026-05-27 10:31:40,-0.1509652380952381
2026-05-27 10:33:20,-0.15132095238095233
2026-05-27 10:35:00,-0.13882380952380935
2026-05-27 10:36:40,-0.18149190476190452
2026-05-27 10:38:20,-0.17365333333333333
2026-05-27 10:40:00,-0.1850114285714285
2026-05-27 10:41:40,-0.16597761904761898
2026-05-27 10:43:20,-0.1685180952380953
2026-05-27 10:45:00,-0.18981047619047622
2026-05-27 10:46:40,-0.19579809523809533
2026-05-27 10:48:20,-0.1598319047619047
2026-05-27 10:50:00,-0.16916857142857128
2026-05-27 10:51:40,-0.19465476190476183
2026-05-27 10:53:20,-0.18519238095238094
2026-05-27 10:55:00,-0.19121238095238086
2026-05-27 10:56:40,-0.17767952380952362
2026-05-27 11:00:00,-0.20628380952380954
2026-05-27 11:01:40,-0.21475809523809514
2026-05-27 11:03:20,-0.20921142857142838
2026-05-27 11:05:00,-0.20950761904761922
2026-05-27 11:06:40,-0.2227933333333334
2026-05-27 11:08:20,-0.2140085714285713
2026-05-27 11:10:00,-0.20616666666666672
2026-05-27 11:11:40,-0.19407428571428592
2026-05-27 11:13:20,-0.22598857142857137
2026-05-27 11:15:00,-0.23596666666666677
2026-05-27 11:16:40,-0.21595142857142852
2026-05-27 11:18:20,-0.21576047619047634
2026-05-27 11:20:00,-0.20796809523809495
2026-05-27 11:21:40,-0.23780047619047623
2026-05-27 11:23:20,-0.24113285714285718
2026-05-27 11:25:00,-0.22637190476190483
2026-05-27 11:26:40,-0.20814571428571413
2026-05-27 11:28:20,-0.20380285714285715
2026-05-27 11:30:00,-0.21040095238095266
2026-05-27 11:31:40,-0.20689238095238077
2026-05-27 11:33:20,-0.24966000000000005
2026-05-27 11:35:00,-0.2384780952380951
2026-05-27 11:36:40,-0.23502999999999974
2026-05-27 11:38:20,-0.23378476190476188
2026-05-27 11:40:00,-0.245454761904762
2026-05-27 11:41:40,-0.2550580952380952
2026-05-27 11:43:20,-0.2305795238095238
2026-05-27 11:45:00,-0.23280285714285712
2026-05-27 11:46:40,-0.2200061904761904
2026-05-27 11:48:20,-0.2044319047619047
2026-05-27 11:50:00,-0.18112238095238073
2026-05-27 11:51:40,-0.1898561904761905
2026-05-27 11:53:20,-0.19940857142857152
2026-05-27 11:55:00,-0.19449952380952373
2026-05-27 11:56:40,-0.2226319047619049
2026-05-27 12:00:00,-0.18507142857142883
2026-05-27 12:01:40,-0.19796523809523814
2026-05-27 12:03:20,-0.2050699999999999
2026-05-27 12:05:00,-0.1954080952380954
2026-05-27 12:06:40,-0.190402380952381
2026-05-27 12:08:20,-0.17580714285714272
2026-05-27 12:10:00,-0.17988666666666697
2026-05-27 12:11:40,-0.17139761904761883
2026-05-27 12:13:20,-0.1446928571428574
2026-05-27 12:15:00,-0.14268238095238098
2026-05-27 12:16:40,-0.13384761904761897
2026-05-27 12:18:20,-0.11753904761904778
2026-05-27 12:20:00,-0.11960285714285723
2026-05-27 12:21:40,-0.11286047619047615
2026-05-27 12:23:20,-0.1187628571428573
2026-05-27 12:25:00,-0.10323190476190486
2026-05-27 12:26:40,-0.10942000000000021
2026-05-27 12:28:20,-0.10970333333333306
2026-05-27 12:30:00,-0.1130833333333335
2026-05-27 12:31:40,-0.10856761904761894
2026-05-27 12:33:20,-0.10882285714285699
2026-05-27 12:35:00,-0.09944857142857161
2026-05-27 12:36:40,-0.0918485714285714
2026-05-27 12:38:20,-0.0906623809523809
2026-05-27 12:40:00,-0.09763285714285712
2026-05-27 12:41:40,-0.07646333333333334
2026-05-27 12:43:20,-0.08573952380952367
2026-05-27 12:45:00,-0.08901571428571409
2026-05-27 12:46:40,-0.08422904761904762
2026-05-27 12:48:20,-0.08405428571428597
2026-05-27 12:50:00,-0.08507999999999993
2026-05-27 12:51:40,-0.06644571428571433
2026-05-27 12:53:20,-0.07125285714285728
2026-05-27 12:55:00,-0.06861714285714293
2026-05-27 12:56:40,-0.06963666666666657
2026-05-27 13:00:00,-0.07660047619047616
2026-05-27 13:01:40,-0.07323047619047615
2026-05-27 13:03:20,-0.06335428571428575
2026-05-27 13:05:00,-0.06055666666666673
2026-05-27 13:06:40,-0.06331238095238112
2026-05-27 13:08:20,-0.06531523809523815
2026-05-27 13:10:00,-0.06873285714285704
2026-05-27 13:11:40,-0.06614857142857158
2026-05-27 13:13:20,-0.06099190476190483
2026-05-27 13:15:00,-0.0620619047619049
2026-05-27 13:16:40,-0.0637590476190475
2026-05-27 13:18:20,-0.0650633333333332
2026-05-27 13:20:00,-0.07010333333333343
2026-05-27 13:21:40,-0.07007285714285694
2026-05-27 13:23:20,-0.07022523809523804
2026-05-27 13:25:00,-0.06656238095238104
2026-05-27 13:26:40,-0.06832285714285716
2026-05-27 13:28:20,-0.060662380952380884
2026-05-27 13:30:00,-0.05992190476190473
2026-05-27 13:31:40,-0.05496095238095233
2026-05-27 13:33:20,-0.05743285714285695
2026-05-27 13:35:00,-0.06652428571428579
2026-05-27 13:36:40,-0.06920238095238102
2026-05-27 13:38:20,-0.07188666666666685
2026-05-27 13:40:00,-0.07813714285714296
2026-05-27 13:41:40,-0.08170571428571435
2026-05-27 13:43:20,-0.06280999999999998
2026-05-27 13:45:00,-0.07039904761904767
2026-05-27 13:46:40,-0.06753428571428563
2026-05-27 13:48:20,-0.04911761904761901
2026-05-27 13:50:00,-0.06492904761904775
2026-05-27 13:51:40,-0.06568238095238096
2026-05-27 13:53:20,-0.06116619047619076
2026-05-27 13:55:00,-0.06757238095238086
2026-05-27 13:56:40,-0.0708095238095238
2026-05-27 14:00:00,-0.07788857142857153
2026-05-27 14:01:40,-0.0649028571428572
2026-05-27 14:03:20,-0.0804776190476191
2026-05-27 14:05:00,-0.07743571428571436
2026-05-27 14:06:40,-0.09379619047619081
2026-05-27 14:08:20,-0.0901900000000001
2026-05-27 14:10:00,-0.0825895238095237
2026-05-27 14:11:40,-0.09976047619047643
2026-05-27 14:13:20,-0.11193333333333333
2026-05-27 14:15:00,-0.11133761904761921
2026-05-27 14:16:40,-0.11491428571428555
2026-05-27 14:18:20,-0.10920238095238083
2026-05-27 14:20:00,-0.1194647619047619
2026-05-27 14:21:40,-0.12243809523809537
2026-05-27 14:23:20,-0.12647523809523809
2026-05-27 14:25:00,-0.12563714285714275
2026-05-27 14:26:40,-0.13167857142857145
2026-05-27 14:28:20,-0.1730785714285714
2026-05-27 14:30:00,-0.16023476190476205
2026-05-27 14:31:40,-0.15683428571428604
2026-05-27 14:33:20,-0.1779690476190475
2026-05-27 14:35:00,-0.18294857142857132
2026-05-27 14:36:40,-0.17346238095238112
2026-05-27 14:38:20,-0.1790642857142859
2026-05-27 14:40:00,-0.18722428571428534
2026-05-27 14:41:40,-0.18247476190476145
2026-05-27 14:43:20,-0.18845809523809526
2026-05-27 14:45:00,-0.19189523809523845
2026-05-27 14:46:40,-0.17504857142857164
2026-05-27 14:48:20,-0.19269380952380946
2026-05-27 14:50:00,-0.16338333333333327
2026-05-27 14:51:40,-0.19157190476190492
2026-05-27 14:53:20,-0.17831523809523803
2026-05-27 14:55:00,-0.1845642857142857
2026-05-27 14:56:40,-0.1512876190476191
2026-05-27 15:00:00,-0.16554666666666662
2026-05-27 15:01:40,-0.1926480952380953
2026-05-27 15:03:20,-0.19064285714285714
2026-05-27 15:05:00,-0.19015380952380942
2026-05-27 15:06:40,-0.20874571428571417
2026-05-27 15:08:20,-0.19065190476190502
2026-05-27 15:10:00,-0.1994019047619048
2026-05-27 15:11:40,-0.19542761904761888
2026-05-27 15:13:20,-0.21856714285714307
2026-05-27 15:15:00,-0.18613666666666637
2026-05-27 15:16:40,-0.18176047619047633
2026-05-27 15:18:20,-0.16218523809523777
2026-05-27 15:20:00,-0.1573371428571432
2026-05-27 15:21:40,-0.1280861904761905
2026-05-27 15:23:20,-0.12864904761904794
2026-05-27 15:25:00,-0.13079619047619037
2026-05-27 15:26:40,-0.14096285714285708
2026-05-27 15:28:20,-0.1400928571428571
2026-05-27 15:30:00,-0.1348761904761902
2026-05-27 15:31:40,-0.1130423809523807
2026-05-27 15:33:20,-0.09855999999999998
2026-05-27 15:35:00,-0.0977509523809525
2026-05-27 15:36:40,-0.08962714285714288
2026-05-27 15:38:20,-0.09076142857142844
2026-05-27 15:40:00,-0.09436238095238145
2026-05-27 15:41:40,-0.08044476190476232
2026-05-27 15:43:20,-0.0724800000000001
2026-05-27 15:45:00,-0.07722857142857151
2026-05-27 15:46:40,-0.0777485714285715
2026-05-27 15:48:20,-0.06217190476190487
2026-05-27 15:50:00,-0.05663571428571457
2026-05-27 15:51:40,-0.04274952380952374
2026-05-27 15:53:20,-0.049125714285714384
2026-05-27 15:55:00,-0.03850857142857142
2026-05-27 15:56:40,-0.03997380952380958
2026-05-27 16:00:00,-0.04229857142857149
2026-05-27 16:01:40,-0.037570476190476154
2026-05-27 16:03:20,-0.03677904761904713
2026-05-27 16:05:00,-0.029931428571428498
2026-05-27 16:06:40,-0.03490380952380978
2026-05-27 16:08:20,-0.04113428571428607
2026-05-27 16:10:00,-0.04091333333333319
2026-05-27 16:11:40,-0.036443809523809934
2026-05-27 16:13:20,-0.043014285714285894
2026-05-27 16:15:00,-0.04144095238095258
2026-05-27 16:16:40,-0.03626380952380953
2026-05-27 16:18:20,-0.04115333333333321
2026-05-27 16:20:00,-0.033776666666666455
2026-05-27 16:21:40,-0.03414476190476154
2026-05-27 16:23:20,-0.044227142857142965
2026-05-27 16:25:00,-0.04275476190476157
2026-05-27 16:26:40,-0.031364761904762145
2026-05-27 16:28:20,-0.03995000000000015
2026-05-27 16:30:00,-0.033567142857142684
2026-05-27 16:31:40,-0.04362333333333385
2026-05-27 16:33:20,-0.0362328571428574
2026-05-27 16:35:00,-0.05920523809523809
2026-05-27 16:36:40,-0.054362380952380884
2026-05-27 16:38:20,-0.04814571428571435
2026-05-27 16:40:00,-0.058355714285714066
2026-05-27 16:41:40,-0.05211285714285668
2026-05-27 16:43:20,-0.07072
2026-05-27 16:45:00,-0.050509047619047565
2026-05-27 16:46:40,-0.057746666666666946
2026-05-27 16:48:20,-0.06166857142857135
2026-05-27 16:50:00,-0.06147285714285683
2026-05-27 16:51:40,-0.05012285714285697
2026-05-27 16:53:20,-0.05319666666666667
2026-05-27 16:55:00,-0.05340285714285703
2026-05-27 16:56:40,-0.0419838095238092
2026-05-27 17:00:00,-0.04909380952380976
2026-05-27 17:01:40,-0.04321285714285733
2026-05-27 17:03:20,-0.04447952380952408
2026-05-27 17:05:00,-0.051878571428571496
2026-05-27 17:06:40,-0.0474899999999997
2026-05-27 17:08:20,-0.05017285714285752
2026-05-27 17:10:00,-0.051773809523809444
2026-05-27 17:11:40,-0.04948238095238067
2026-05-27 17:13:20,-0.0384195238095244
2026-05-27 17:15:00,-0.046098571428571766
2026-05-27 17:16:40,-0.058037142857142454
2026-05-27 17:18:20,-0.05224428571428613
2026-05-27 17:20:00,-0.04489380952380945
2026-05-27 17:21:40,-0.03547809523809531
2026-05-27 17:23:20,-0.04006476190476216
2026-05-27 17:25:00,-0.042592380952381104
2026-05-27 17:26:40,-0.05412714285714254
2026-05-27 17:28:20,-0.04594857142857156
2026-05-27 17:30:00,-0.05283999999999989
2026-05-27 17:31:40,-0.04600666666666642
2026-05-27 17:33:20,-0.040087142857143376
2026-05-27 17:35:00,-0.051307142857143107
2026-05-27 17:36:40,-0.04285523809523817
2026-05-27 17:38:20,-0.03694333333333344
2026-05-27 17:40:00,-0.04031857142857148
2026-05-27 17:41:40,-0.04394714285714335
2026-05-27 17:43:20,-0.041212380952380945
2026-05-27 17:45:00,-0.036811428571428495
2026-05-27 17:46:40,-0.03544523809523786
2026-05-27 17:48:20,-0.03401476190476155
2026-05-27 17:50:00,-0.030147619047618923
2026-05-27 17:51:40,-0.03662666666666675
2026-05-27 17:53:20,-0.028564285714286042
2026-05-27 17:55:00,-0.038686666666666814
2026-05-27 17:56:40,-0.03217333333333361
2026-05-27 18:00:00,-0.05173904761904741
2026-05-27 18:01:40,-0.0468371428571428
2026-05-27 18:03:20,-0.055892380952380916
2026-05-27 18:05:00,-0.04983238095238135
2026-05-27 18:06:40,-0.049445238095237876
2026-05-27 18:08:20,-0.05482857142857139
2026-05-27 18:10:00,-0.06852714285714295
2026-05-27 18:11:40,-0.06992619047619092
2026-05-27 18:13:20,-0.0624009523809525
2026-05-27 18:15:00,-0.076929523809524
2026-05-27 18:16:40,-0.06620428571428577
2026-05-27 18:18:20,-0.061758095238094834
2026-05-27 18:20:00,-0.05696000000000001
2026-05-27 18:21:40,-0.06651904761904737
2026-05-27 18:23:20,-0.05202523809523782
2026-05-27 18:25:00,-0.057622380952381425
2026-05-27 18:26:40,-0.07329761904761889
2026-05-27 18:28:20,-0.05945380952380985
2026-05-27 18:30:00,-0.056042857142857255
2026-05-27 18:31:40,-0.0614100000000003
2026-05-27 18:33:20,-0.05557619047619053
2026-05-27 18:35:00,-0.06188380952380987
2026-05-27 18:36:40,-0.05210333333333356
2026-05-27 18:38:20,-0.05883333333333293
2026-05-27 18:40:00,-0.05926380952380986
2026-05-27 18:41:40,-0.0657909523809524
2026-05-27 18:43:20,-0.05724523809523793
2026-05-27 18:45:00,-0.058703333333332997
2026-05-27 18:46:40,-0.06283619047619057
2026-05-27 18:48:20,-0.05285809523809509
2026-05-27 18:50:00,-0.05592809523809525
2026-05-27 18:51:40,-0.05130095238095225
2026-05-27 18:53:20,-0.052368571428571487
2026-05-27 18:55:00,-0.0513280952380952
2026-05-27 18:56:40,-0.04341285714285692
2026-05-27 19:00:00,-0.03578428571428566
2026-05-27 19:01:40,-0.03312476190476199
2026-05-27 19:03:20,-0.02729999999999963
2026-05-27 19:05:00,-0.025376666666666353
2026-05-27 19:06:40,-0.018678095238095188
2026-05-27 19:08:20,-0.013279047619047829
2026-05-27 19:10:00,-0.012613809523809416
2026-05-27 19:11:40,-0.0021814285714287507
2026-05-27 19:13:20,0.0023661904761903274
2026-05-27 19:15:00,0.005725714285714167
2026-05-27 19:16:40,0.014653809523809291
2026-05-27 19:18:20,0.018824285714285544
2026-05-27 19:20:00,0.026884285714285555
2026-05-27 19:21:40,0.03565380952380953
2026-05-27 19:23:20,0.043801904761904764
2026-05-27 19:25:00,0.04442142857142917
2026-05-27 19:26:40,0.058369047619047904
2026-05-27 19:28:20,0.06612809523809582
2026-05-27 19:30:00,0.07174047619047608
2026-05-27 19:31:40,0.07227666666666654
2026-05-27 19:33:20,0.07505047619047617
2026-05-27 19:35:00,0.08168380952380935
2026-05-27 19:36:40,0.07647857142857119
2026-05-27 19:38:20,0.0941419047619047
2026-05-27 19:40:00,0.101127142857143
2026-05-27 19:41:40,0.11194666666666661
2026-05-27 19:43:20,0.11216857142857128
2026-05-27 19:45:00,0.11445857142857166
2026-05-27 19:46:40,0.13528476190476232
2026-05-27 19:48:20,0.14932238095238093
2026-05-27 19:50:00,0.1469333333333333
2026-05-27 19:51:40,0.16548904761904779
2026-05-27 19:53:20,0.1515652380952381
2026-05-27 19:55:00,0.16898047619047638
2026-05-27 19:56:40,0.1880761904761904
2026-05-27 20:00:00,0.16051428571428586
2026-05-27 20:01:40,0.15819238095238103
2026-05-27 20:03:20,0.16078380952381002
2026-05-27 20:05:00,0.17971714285714302
2026-05-27 20:06:40,0.18063904761904795
2026-05-27 20:08:20,0.17596714285714288
2026-05-27 20:10:00,0.1588095238095239
2026-05-27 20:11:40,0.16915523809523805
2026-05-27 20:13:20,0.17690999999999998
2026-05-27 20:15:00,0.20798047619047616
2026-05-27 20:16:40,0.21082476190476226
2026-05-27 20:18:20,0.20937619047619094
2026-05-27 20:20:00,0.21689523809523772
2026-05-27 20:21:40,0.21601904761904817
2026-05-27 20:23:20,0.22070095238095208
2026-05-27 20:25:00,0.21637904761904767
2026-05-27 20:26:40,0.22227333333333352
2026-05-27 20:28:20,0.22221619047619062
2026-05-27 20:30:00,0.22368095238095254
2026-05-27 20:31:40,0.2213390476190479
2026-05-27 20:33:20,0.3128604761904762
2026-05-27 20:35:00,0.34139761904761873
2026-05-27 20:36:40,0.24955428571428598
2026-05-27 20:38:20,0.23801714285714298
2026-05-27 20:40:00,0.23374523809523837
2026-05-27 20:41:40,0.4470852380952383
2026-05-27 20:43:20,0.4863938095238096
2026-05-27 20:45:00,0.47560761904761856
2026-05-27 20:46:40,0.5053295238095243
2026-05-27 20:48:20,0.452043333333334
2026-05-27 20:50:00,0.4396714285714287
2026-05-27 20:51:40,0.37597428571428526
2026-05-27 20:53:20,0.4055780952380965
2026-05-27 20:55:00,0.38217857142857165
2026-05-27 20:56:40,0.40036904761904807
2026-05-27 21:00:00,0.5474652380952378
2026-05-27 21:01:40,0.5354357142857137
2026-05-27 21:03:20,0.5103890476190471
2026-05-27 21:05:00,0.5131004761904769
2026-05-27 21:06:40,0.5353719047619048
2026-05-27 21:08:20,0.5301690476190473
2026-05-27 21:10:00,0.5414952380952383
2026-05-27 21:11:40,0.43504666666666764
2026-05-27 21:13:20,0.43480333333333365
2026-05-27 21:15:00,0.41143047619047607
2026-05-27 21:16:40,0.3750247619047613
2026-05-27 21:18:20,0.3705971428571428
2026-05-27 21:20:00,0.35934523809523766
2026-05-27 21:21:40,0.34640714285714314
2026-05-27 21:23:20,0.32174714285714306
2026-05-27 21:25:00,0.29741952380952336
2026-05-27 21:26:40,0.2621223809523805
2026-05-27 21:28:20,0.22317047619047647
2026-05-27 21:30:00,0.19497952380952305
2026-05-27 21:31:40,0.16807523809523858
2026-05-27 21:33:20,0.13301714285714183
2026-05-27 21:35:00,0.11351904761904841
2026-05-27 21:36:40,0.085980476190475
2026-05-27 21:38:20,0.05714428571428584
2026-05-27 21:40:00,0.04439047619047662
2026-05-27 21:41:40,0.01645666666666648
2026-05-27 21:43:20,-0.00646238095238038
2026-05-27 21:45:00,-0.017551428571429065
2026-05-27 21:46:40,-0.038289999999999304
2026-05-27 21:48:20,-0.05633904761904807
2026-05-27 21:50:00,-0.06287619047619057
2026-05-27 21:51:40,-0.07544380952380922
2026-05-27 21:53:20,-0.08503333333333267
2026-05-27 21:55:00,-0.0888719047619057
2026-05-27 21:56:40,-0.09304333333333382
2026-05-27 22:00:00,-0.09300142857142807
2026-05-27 22:01:40,-0.09347999999999956
2026-05-27 22:03:20,-0.09597809523809467
2026-05-27 22:05:00,-0.0952052380952374
2026-05-27 22:06:40,-0.09754761904761941
2026-05-27 22:08:20,-0.09847619047619101
2026-05-27 22:10:00,-0.09777095238095153
2026-05-27 22:11:40,-0.09834714285714347
2026-05-27 22:13:20,-0.1014819047619051
2026-05-27 22:15:00,-0.10056714285714353
2026-05-27 22:16:40,-0.09907380952380951
2026-05-27 22:18:20,-0.1025242857142859
2026-05-27 22:20:00,-0.1002457142857145
2026-05-27 22:21:40,-0.09970714285714243
2026-05-27 22:23:20,-0.10131190476190503
2026-05-27 22:25:00,-0.09799809523809472
2026-05-27 22:26:40,-0.10615333333333354
2026-05-27 22:28:20,-0.11468571428571392
2026-05-27 22:30:00,-0.11929142857142945
2026-05-27 22:31:40,-0.12621666666666514
2026-05-27 22:33:20,-0.1321771428571421
2026-05-27 22:35:00,-0.13013666666666804
2026-05-27 22:36:40,-0.1377380952380961
2026-05-27 22:38:20,-0.13407190476190528
2026-05-27 22:40:00,-0.12555095238095243
2026-05-27 22:41:40,-0.11941428571428606
2026-05-27 22:43:20,-0.13158333333333355
2026-05-27 22:45:00,-0.1393971428571429
2026-05-27 22:46:40,-0.13715238095237947
2026-05-27 22:48:20,-0.12044047619047718
2026-05-27 22:50:00,-0.11050190476190477
2026-05-27 22:51:40,-0.10567761904762013
2026-05-27 22:53:20,-0.0966261904761903
2026-05-27 22:55:00,-0.09529809523809504
2026-05-27 22:56:40,-0.09002476190476155
2026-05-27 23:00:00,-0.08500809523809524
2026-05-27 23:01:40,-0.08445809523809492
2026-05-27 23:03:20,-0.07797809523809475
2026-05-27 23:05:00,-0.07373476190476122
2026-05-27 23:06:40,-0.06638857142857116
2026-05-27 23:08:20,-0.06329666666666747
2026-05-27 23:10:00,-0.0608580952380951
2026-05-27 23:11:40,-0.051952380952381305
2026-05-27 23:13:20,-0.05006380952381011
2026-05-27 23:15:00,-0.04694190476190604
2026-05-27 23:16:40,-0.037202857142857
2026-05-27 23:18:20,-0.023194285714285195
2026-05-27 23:20:00,-0.01738476190476177
2026-05-27 23:21:40,-0.007926190476190066
2026-05-27 23:23:20,0.0026142857142857114
2026-05-27 23:25:00,0.007426190476190805
2026-05-27 23:26:40,0.017750476190475872
2026-05-27 23:28:20,0.029183333333332777
2026-05-27 23:30:00,0.03483714285714257
2026-05-27 23:31:40,0.04855904761904769
2026-05-27 23:33:20,0.05988523809523731
2026-05-27 23:35:00,0.06518095238095264
2026-05-27 23:36:40,0.0770123809523807
2026-05-27 23:38:20,0.08702285714285725
2026-05-27 23:40:00,0.09460238095238045
2026-05-27 23:41:40,0.10130476190476248
2026-05-27 23:43:20,0.11013000000000056
2026-05-27 23:45:00,0.1121457142857139
2026-05-27 23:46:40,0.11465333333333268
2026-05-27 23:48:20,0.11699095238095293
2026-05-27 23:50:00,0.11431761904761896
2026-05-27 23:51:40,0.11778523809523843
2026-05-27 23:53:20,0.11781714285714245
2026-05-27 23:55:00,0.11950523809523753
2026-05-27 23:56:40,0.1213023809523815
2026-05-28 00:00:00,0.11135857142857247
2026-05-28 00:01:40,0.10436857142857094
2026-05-28 00:03:20,0.1056209523809524
2026-05-28 00:05:00,0.10016142857142935
2026-05-28 00:06:40,0.09234285714285695
2026-05-28 00:08:20,0.09409809523809466
2026-05-28 00:10:00,0.09889619047619147
2026-05-28 00:11:40,0.08044904761904739
2026-05-28 00:13:20,0.05998047619047646
2026-05-28 00:15:00,0.05310761904761876
2026-05-28 00:16:40,0.039299523809523756
2026-05-28 00:18:20,0.023586190476190302
2026-05-28 00:20:00,0.017812380952381378
2026-05-28 00:21:40,0.005275714285714484
2026-05-28 00:23:20,-0.00860238095238057
2026-05-28 00:25:00,-0.014728095238095484
2026-05-28 00:26:40,-0.028183809523809673
2026-05-28 00:28:20,-0.04028380952381019
2026-05-28 00:30:00,-0.04637380952380883
2026-05-28 00:31:40,-0.05896999999999986
2026-05-28 00:33:20,-0.07155809523809516
2026-05-28 00:35:00,-0.0760366666666663
2026-05-28 00:36:40,-0.08817857142857126
2026-05-28 00:38:20,-0.10203571428571442
2026-05-28 00:40:00,-0.10760571428571411
2026-05-28 00:41:40,-0.1192019047619048
2026-05-28 00:43:20,-0.12881095238095291
2026-05-28 00:45:00,-0.1321909523809521
2026-05-28 00:46:40,-0.13793095238095218
2026-05-28 00:48:20,-0.14443619047619005
2026-05-28 00:50:00,-0.14976571428571417
2026-05-28 00:51:40,-0.15313
2026-05-28 00:53:20,-0.15169285714285743
2026-05-28 00:55:00,-0.15455999999999995
2026-05-28 00:56:40,-0.15341285714285702
2026-05-28 01:00:00,-0.13602476190476173
2026-05-28 01:01:40,-0.14242714285714328
2026-05-28 01:03:20,-0.14118428571428554
2026-05-28 01:05:00,-0.13775380952380922
2026-05-28 01:06:40,-0.14021142857142838
2026-05-28 01:08:20,-0.13966809523809504
2026-05-28 01:10:00,-0.14091523809523795
2026-05-28 01:11:40,-0.1414280952380952
2026-05-28 01:13:20,-0.14176952380952398
2026-05-28 01:15:00,-0.14384428571428537
2026-05-28 01:16:40,-0.14515142857142885
2026-05-28 01:18:20,-0.14255952380952328
2026-05-28 01:20:00,-0.14708095238095226
2026-05-28 01:21:40,-0.14788285714285734
2026-05-28 01:23:20,-0.14994000000000018
2026-05-28 01:25:00,-0.15304428571428547
2026-05-28 01:26:40,-0.15014761904761892
2026-05-28 01:28:20,-0.14893999999999985
2026-05-28 01:30:00,-0.14725142857142845
2026-05-28 01:31:40,-0.14750238095238077
2026-05-28 01:33:20,-0.14891952380952392
2026-05-28 01:35:00,-0.14429666666666693
2026-05-28 01:36:40,-0.15115047619047628
2026-05-28 01:38:20,-0.14950047619047624
2026-05-28 01:40:00,-0.15543523809523815
2026-05-28 01:41:40,-0.1535561904761905
2026-05-28 01:43:20,-0.15468142857142875
2026-05-28 01:45:00,-0.1515423809523806
2026-05-28 01:46:40,-0.15400190476190448
2026-05-28 01:48:20,-0.15276333333333342
2026-05-28 01:50:00,-0.15589428571428574
2026-05-28 01:51:40,-0.1504914285714281
2026-05-28 01:53:20,-0.15385285714285724
2026-05-28 01:55:00,-0.1506276190476189
2026-05-28 01:56:40,-0.14856333333333302
2026-05-28 02:00:00,-0.1472723809523812
2026-05-28 02:01:40,-0.14648333333333358
2026-05-28 02:03:20,-0.14266047619047634
2026-05-28 02:05:00,-0.14858523809523805
2026-05-28 02:06:40,-0.14911761904761897
2026-05-28 02:08:20,-0.1496909523809527
2026-05-28 02:10:00,-0.14896571428571453
2026-05-28 02:11:40,-0.15323380952380994
2026-05-28 02:13:20,-0.15100952380952326
2026-05-28 02:15:00,-0.15468666666666667
2026-05-28 02:16:40,-0.15452571428571432
2026-05-28 02:18:20,-0.15026285714285698
2026-05-28 02:20:00,-0.15217999999999982
2026-05-28 02:21:40,-0.1451480952380952
2026-05-28 02:23:20,-0.14330952380952386
2026-05-28 02:25:00,-0.14501809523809506
2026-05-28 02:26:40,-0.14434809523809528
2026-05-28 02:28:20,-0.14575142857142825
2026-05-28 02:30:00,-0.14658857142857143
2026-05-28 02:31:40,-0.14781238095238067
2026-05-28 02:33:20,-0.14738619047619045
2026-05-28 02:35:00,-0.14783285714285707
2026-05-28 02:36:40,-0.14140952380952368
2026-05-28 02:38:20,-0.1480119047619044
2026-05-28 02:40:00,-0.14688904761904742
2026-05-28 02:41:40,-0.1484904761904763
2026-05-28 02:43:20,-0.14801523809523745
2026-05-28 02:45:00,-0.14801809523809525
2026-05-28 02:46:40,-0.15021142857142855
2026-05-28 02:48:20,-0.14032523809523806
2026-05-28 02:50:00,-0.13923238095238077
2026-05-28 02:51:40,-0.14186428571428578
2026-05-28 02:53:20,-0.14228571428571454
2026-05-28 02:55:00,-0.1409971428571425
2026-05-28 02:56:40,-0.14455809523809535
2026-05-28 03:00:00,-0.14150428571428592
2026-05-28 03:01:40,-0.13538142857142815
2026-05-28 03:03:20,-0.12437333333333306
2026-05-28 03:05:00,-0.12537095238095275
2026-05-28 03:06:40,-0.12857238095238127
2026-05-28 03:08:20,-0.1265404761904761
2026-05-28 03:10:00,-0.11893952380952376
2026-05-28 03:11:40,-0.108827619047619
2026-05-28 03:13:20,-0.10832333333333333
2026-05-28 03:15:00,-0.10760238095238103
2026-05-28 03:16:40,-0.10031333333333296
2026-05-28 03:18:20,-0.09762000000000036
2026-05-28 03:20:00,-0.09638952380952384
2026-05-28 03:21:40,-0.08475095238095239
2026-05-28 03:23:20,-0.08059809523809514
2026-05-28 03:25:00,-0.07677380952380977
2026-05-28 03:26:40,-0.07328857142857186
2026-05-28 03:28:20,-0.06956285714285734
2026-05-28 03:30:00,-0.06579666666666667
2026-05-28 03:31:40,-0.06271380952380934
2026-05-28 03:33:20,-0.06391666666666607
2026-05-28 03:35:00,-0.06538523809523798
2026-05-28 03:36:40,-0.05085190476190471
2026-05-28 03:38:20,-0.03787142857142858
2026-05-28 03:40:00,-0.03386428571428518
2026-05-28 03:41:40,-0.028248571428571474
2026-05-28 03:43:20,-0.02358095238095247
2026-05-28 03:45:00,-0.02124714285714284
2026-05-28 03:46:40,-0.017717142857142595
2026-05-28 03:48:20,-0.014406190476190326
2026-05-28 03:50:00,-0.013436666666666467
2026-05-28 03:51:40,-0.010575238095237886
2026-05-28 03:53:20,-0.0088128571428574
2026-05-28 03:55:00,-0.00837952380952404
2026-05-28 03:56:40,-0.006973333333333529
2026-05-28 04:00:00,-0.008427619047619106
2026-05-28 04:01:40,-0.007939047619047818
2026-05-28 04:03:20,-0.009379523809523824
2026-05-28 04:05:00,-0.009611428571428243
2026-05-28 04:06:40,-0.010666666666666548
2026-05-28 04:08:20,-0.011924761904762353
2026-05-28 04:10:00,-0.012405238095238011
2026-05-28 04:11:40,-0.014354761904761777
2026-05-28 04:13:20,-0.016097142857142747
2026-05-28 04:15:00,-0.017404761904762218
2026-05-28 04:16:40,-0.019107142857143072
2026-05-28 04:18:20,-0.021963809523809507
2026-05-28 04:20:00,-0.023502857142857013
2026-05-28 04:21:40,-0.026103333333333367
2026-05-28 04:23:20,-0.029911428571428388
2026-05-28 04:25:00,-0.03198952380952362
2026-05-28 04:26:40,-0.03307095238095196
2026-05-28 04:28:20,-0.035964285714285574
2026-05-28 04:30:00,-0.037955714285714294
2026-05-28 04:31:40,-0.040704761904761674
2026-05-28 04:33:20,-0.04265619047619093
2026-05-28 04:35:00,-0.04314238095238093
2026-05-28 04:36:40,-0.045914285714285775
2026-05-28 04:38:20,-0.04778380952380933
2026-05-28 04:40:00,-0.05177857142857131
2026-05-28 04:41:40,-0.05282190476190444
2026-05-28 04:43:20,-0.0549114285714286
2026-05-28 04:45:00,-0.057579523809523636
2026-05-28 04:46:40,-0.05891333333333335
2026-05-28 04:48:20,-0.05591904761904771
2026-05-28 04:50:00,-0.057686666666666365
2026-05-28 04:51:40,-0.06128666666666699
2026-05-28 04:53:20,-0.06271476190476147
2026-05-28 04:55:00,-0.063090476190476
2026-05-28 04:56:40,-0.06321714285714339
2026-05-28 05:00:00,-0.06099619047619018
2026-05-28 05:01:40,-0.0631566666666668
2026-05-28 05:03:20,-0.06459999999999995
2026-05-28 05:05:00,-0.06431047619047638
2026-05-28 05:06:40,-0.06563523809523812
2026-05-28 05:08:20,-0.06407380952380948
2026-05-28 05:10:00,-0.06315666666666676
2026-05-28 05:11:40,-0.06317142857142878
2026-05-28 05:13:20,-0.06006333333333346
2026-05-28 05:15:00,-0.06198333333333329
2026-05-28 05:16:40,-0.0619171428571428
2026-05-28 05:18:20,-0.061834285714285606
2026-05-28 05:20:00,-0.0619161904761905
2026-05-28 05:21:40,-0.0603747619047616
2026-05-28 05:23:20,-0.06023952380952391
2026-05-28 05:25:00,-0.05877380952380884
2026-05-28 05:26:40,-0.05946714285714318
2026-05-28 05:28:20,-0.05656571428571457
2026-05-28 05:30:00,-0.056165238095237914
2026-05-28 05:31:40,-0.05305952380952369
2026-05-28 05:33:20,-0.05639714285714219
2026-05-28 05:35:00,-0.055939999999999844
2026-05-28 05:36:40,-0.054973809523809744
2026-05-28 05:38:20,-0.0575504761904765
2026-05-28 05:40:00,-0.056442380952381105
2026-05-28 05:41:40,-0.058253333333333046
2026-05-28 05:43:20,-0.05755000000000001
2026-05-28 05:45:00,-0.05683761904761909
2026-05-28 05:46:40,-0.0528666666666667
2026-05-28 05:48:20,-0.05289000000000023
2026-05-28 05:50:00,-0.05360095238095238
2026-05-28 05:51:40,-0.05052380952380958
2026-05-28 05:53:20,-0.046720000000000074
2026-05-28 05:55:00,-0.0468400000000002
2026-05-28 05:56:40,-0.050373333333333103
2026-05-28 06:00:00,-0.05443238095238063
2026-05-28 06:01:40,-0.05257571428571425
2026-05-28 06:03:20,-0.05258190476190429
2026-05-28 06:05:00,-0.051008095238094936
2026-05-28 06:06:40,-0.04112999999999997
2026-05-28 06:08:20,-0.041823333333333323
2026-05-28 06:10:00,-0.042745714285714456
2026-05-28 06:11:40,-0.06412857142857156
2026-05-28 06:13:20,-0.09507380952380995
2026-05-28 06:15:00,-0.10185238095238064
2026-05-28 06:16:40,-0.07673380952380869
2026-05-28 06:18:20,-0.046960000000000016
2026-05-28 06:20:00,-0.03876999999999965
2026-05-28 06:21:40,-0.028175714285714488
2026-05-28 06:23:20,-0.021426190476190703
2026-05-28 06:25:00,-0.02012476190476215
2026-05-28 06:26:40,-0.02727285714285733
2026-05-28 06:28:20,-0.026940000000000228
2026-05-28 06:30:00,-0.028111904761904845
2026-05-28 06:31:40,-0.02173857142857108
2026-05-28 06:33:20,-0.015087619047618964
2026-05-28 06:35:00,-0.01255333333333348
2026-05-28 06:36:40,-0.009305238095238512
2026-05-28 06:38:20,-0.006857619047618338
2026-05-28 06:40:00,-0.006267619047618829
2026-05-28 06:41:40,-0.004043809523809603
2026-05-28 06:43:20,-0.002631904761904791
2026-05-28 06:45:00,-0.002279523809523708
2026-05-28 06:46:40,-0.0014071428571435542
2026-05-28 06:48:20,-0.00017857142857168919
2026-05-28 06:50:00,0.0002428571428571471
2026-05-28 06:51:40,0.0008590476190477262
2026-05-28 06:53:20,0.0013176190476192843
2026-05-28 06:55:00,0.0011400000000000021
2026-05-28 06:56:40,0.0011176190476189247
2026-05-28 07:00:00,0.0007028571428573278
2026-05-28 07:01:40,0.00043238095238076063
2026-05-28 07:03:20,-0.00012904761904810463
2026-05-28 07:05:00,-0.000520000000000298
2026-05-28 07:06:40,-0.0016147619047616989
2026-05-28 07:08:20,-0.0022495238095238713
2026-05-28 07:10:00,-0.002706190476190442
2026-05-28 07:11:40,-0.004191904761904966
2026-05-28 07:13:20,-0.00513619047619031
2026-05-28 07:15:00,-0.006489999999999928
2026-05-28 07:16:40,-0.006429047619047634
2026-05-28 07:18:20,-0.008280952380951945
2026-05-28 07:20:00,-0.00867142857142858
2026-05-28 07:21:40,-0.009500952380952325
2026-05-28 07:23:20,-0.011075714285714439
2026-05-28 07:25:00,-0.010781904761904913
2026-05-28 07:26:40,-0.011894761904762135
2026-05-28 07:28:20,-0.012825714285714081
2026-05-28 07:30:00,-0.013132380952381065
2026-05-28 07:31:40,-0.01621571428571415
2026-05-28 07:33:20,-0.014466190476190518
2026-05-28 07:35:00,-0.014898095238095276
2026-05-28 07:36:40,-0.015919999999999754
2026-05-28 07:38:20,-0.017386666666666713
2026-05-28 07:40:00,-0.017990952380952434
2026-05-28 07:41:40,-0.017921904761904712
2026-05-28 07:43:20,-0.01852619047619048
2026-05-28 07:45:00,-0.01971666666666671
2026-05-28 07:46:40,-0.02097523809523801
2026-05-28 07:48:20,-0.02181952380952397
2026-05-28 07:50:00,-0.023000476190476092
2026-05-28 07:51:40,-0.024135714285714097
2026-05-28 07:53:20,-0.021751428571428623
2026-05-28 07:55:00,-0.020849047619047552
2026-05-28 07:56:40,-0.023103809523809977
2026-05-28 08:00:00,-0.023670952380952508
2026-05-28 08:01:40,-0.02614380952380972
2026-05-28 08:03:20,-0.022804761904762133
2026-05-28 08:05:00,-0.021733333333333372
2026-05-28 08:06:40,-0.019983333333333474
2026-05-28 08:08:20,-0.0177661904761906
2026-05-28 08:10:00,-0.016731904761904677
2026-05-28 08:11:40,-0.016377142857142743
2026-05-28 08:13:20,-0.014487619047619199
2026-05-28 08:15:00,-0.014314761904761854
2026-05-28 08:16:40,-0.013428571428571642
2026-05-28 08:18:20,-0.010823809523809442
2026-05-28 08:20:00,-0.00746428571428568
2026-05-28 08:21:40,-0.005678571428571158
2026-05-28 08:23:20,-0.002299523809524093
2026-05-28 08:25:00,-0.0003976190476186088
2026-05-28 08:26:40,0.002130476190476698
2026-05-28 08:28:20,0.004915714285714155
2026-05-28 08:30:00,0.005712380952380606
2026-05-28 08:31:40,0.008643809523809222
2026-05-28 08:33:20,0.010912857142857602
2026-05-28 08:35:00,0.012646190476190384
2026-05-28 08:36:40,0.019704761904761614
2026-05-28 08:38:20,0.022229523809523904
2026-05-28 08:40:00,0.02219523809523811
2026-05-28 08:41:40,0.02313428571428592
2026-05-28 08:43:20,0.024061904761904784
2026-05-28 08:45:00,0.024994761904761718
2026-05-28 08:46:40,0.029788571428571158
2026-05-28 08:48:20,0.03575238095238082
2026-05-28 08:50:00,0.03400857142857167
2026-05-28 08:51:40,0.03674238095238107
2026-05-28 08:53:20,0.034919047619047544
2026-05-28 08:55:00,0.03563523809523848
2026-05-28 08:56:40,0.03393142857142835
2026-05-28 09:00:00,0.036057142857142524
2026-05-28 09:01:40,0.03677952380952368
2026-05-28 09:03:20,0.03736999999999995
2026-05-28 09:05:00,0.03274142857142849
2026-05-28 09:06:40,0.03143952380952386
2026-05-28 09:08:20,0.02251666666666643
2026-05-28 09:10:00,0.02129857142857138
2026-05-28 09:11:40,0.019029999999999943
2026-05-28 09:13:20,0.01807619047619028
2026-05-28 09:15:00,0.017925238095238084
2026-05-28 09:16:40,0.013110952380952352
2026-05-28 09:18:20,0.012775714285714218
2026-05-28 09:20:00,0.011469523809523569
2026-05-28 09:21:40,0.011258571428571403
2026-05-28 09:23:20,0.009132380952380859
2026-05-28 09:25:00,0.008155238095237893
2026-05-28 09:30:00,0.00030095238095241734
2026-05-28 09:31:40,-0.00021285714285704683
2026-05-28 09:33:20,-0.0021447619047617553
2026-05-28 09:35:00,-0.003000476190476371
2026-05-28 09:36:40,-0.006028095238095269
2026-05-28 09:38:20,-0.006086190476190443
2026-05-28 09:40:00,-0.00596809523809513
2026-05-28 09:41:40,-0.007948571428571596
2026-05-28 09:43:20,-0.009214761904762003
2026-05-28 09:45:00,-0.008926190476190577
2026-05-28 09:46:40,-0.010889523809523703
2026-05-28 09:48:20,-0.01100952380952357
2026-05-28 09:50:00,-0.012070000000000162
2026-05-28 09:51:40,-0.015235238095238048
2026-05-28 09:53:20,-0.013717142857142687
2026-05-28 09:55:00,-0.012833809523809572
2026-05-28 09:56:40,-0.016607142857142914
2026-05-28 10:01:40,-0.013865238095238113
2026-05-28 10:03:20,-0.011389523809523839
2026-05-28 10:05:00,-0.012296190476190651
2026-05-28 10:06:40,-0.014145714285714407
2026-05-28 10:08:20,-0.014861428571428654
2026-05-28 10:10:00,-0.015679523809523848
2026-05-28 10:11:40,-0.013790476190476152
2026-05-28 10:13:20,-0.011157142857142591
2026-05-28 10:15:00,-0.008757761904761898
2026-05-28 10:16:40,-0.008459190476190386
2026-05-28 10:18:20,-0.006791428571428633
2026-05-28 10:20:00,-0.007632285714285748
2026-05-28 10:21:40,-0.011867142857142812
2026-05-28 10:23:20,-0.009497142857142997
2026-05-28 10:25:00,-0.008265238095238265
2026-05-28 10:26:40,-0.007352380952381242
2026-05-28 10:28:20,-0.006308571428571573
2026-05-28 10:30:00,-0.00453238095238088
2026-05-28 10:31:40,-0.0030095238095237315
2026-05-28 10:33:20,-0.0019061904761904975
2026-05-28 10:35:00,-0.0015523809523807918
2026-05-28 10:36:40,-0.0006438095238095543
2026-05-28 10:38:20,0.0006776190476188557
2026-05-28 10:40:00,0.0007657142857143008
2026-05-28 10:41:40,0.0028180952380952914
2026-05-28 10:43:20,0.0024866666666667585
2026-05-28 10:45:00,0.0028909523809522667
2026-05-28 10:46:40,0.003920952380952205
2026-05-28 10:48:20,0.004499047619047688
2026-05-28 10:50:00,0.004538571428571545
2026-05-28 10:51:40,0.004452380952380885
2026-05-28 10:53:20,0.005276428571428579
2026-05-28 10:55:00,0.005536190476190498
2026-05-28 10:56:40,0.007145714285714226
2026-05-28 11:00:00,0.010932857142857057
2026-05-28 11:01:40,0.011354285714285766
2026-05-28 11:03:20,0.011374761904761943
2026-05-28 11:05:00,0.01200190476190486
2026-05-28 11:06:40,0.0147561904761906
2026-05-28 11:08:20,0.013682380952380956
2026-05-28 11:10:00,0.01268666666666665
2026-05-28 11:11:40,0.010721523809523742
2026-05-28 11:13:20,0.009012333333333284
2026-05-28 11:15:00,0.009281571428571429
2026-05-28 11:16:40,0.008688999999999877
2026-05-28 11:18:20,0.009871809523809505
2026-05-28 11:20:00,0.010805571428571425
2026-05-28 11:21:40,0.01259433333333339
2026-05-28 11:23:20,0.012346047619047678
2026-05-28 11:25:00,0.012338476190476243
2026-05-28 11:26:40,0.01654600000000003
2026-05-28 11:28:20,0.011583000000000041
2026-05-28 11:30:00,0.011344523809523867
2026-05-28 11:31:40,0.0137420952380953
2026-05-28 11:33:20,0.031868571428571545
2026-05-28 11:35:00,0.023018571428571426
2026-05-28 11:36:40,0.019857619047619075
2026-05-28 11:38:20,0.022286190476190657
2026-05-28 11:40:00,0.019807761904761967
2026-05-28 11:41:40,0.020702571428571386
2026-05-28 11:43:20,0.019422047619047624
2026-05-28 11:45:00,0.0228470000000001
2026-05-28 11:46:40,0.02281976190476195
2026-05-28 11:48:20,0.023762666666666567
2026-05-28 11:50:00,0.02367409523809518
2026-05-28 11:51:40,0.018662999999999947
2026-05-28 11:53:20,0.029563333333333303
2026-05-28 11:55:00,0.02617952380952387
2026-05-28 11:56:40,0.029845238095238154
2026-05-28 12:00:00,0.030049523809523748
2026-05-28 12:01:40,0.03341761904761891
2026-05-28 12:03:20,0.04084571428571413
2026-05-28 12:05:00,0.04539571428571412
2026-05-28 12:06:40,0.030525238095238275
2026-05-28 12:08:20,0.033877142857142675
2026-05-28 12:10:00,0.0309938095238094
2026-05-28 12:11:40,0.04017428571428574
2026-05-28 12:13:20,0.03307380952380965
2026-05-28 12:15:00,0.03563380952380947
2026-05-28 12:16:40,0.03176476190476191
2026-05-28 12:18:20,0.03934238095238106
2026-05-28 12:20:00,0.04460714285714286
2026-05-28 12:21:40,0.05620809523809508
2026-05-28 12:23:20,0.039105238095238054
2026-05-28 12:25:00,0.042419047619047676
2026-05-28 12:26:40,0.03927999999999998
2026-05-28 12:28:20,0.03398514285714299
2026-05-28 12:30:00,0.030483190476190553
2026-05-28 12:31:40,0.026861904761904754
2026-05-28 12:33:20,0.044054285714285525
2026-05-28 12:35:00,0.05350714285714275
2026-05-28 12:36:40,0.051684285714285745
2026-05-28 12:38:20,0.05574571428571439
2026-05-28 12:40:00,0.06360857142857128
2026-05-28 12:41:40,0.05133714285714285
2026-05-28 12:43:20,0.037588571428571284
2026-05-28 12:45:00,0.04022095238095247
2026-05-28 12:46:40,0.09364952380952365
2026-05-28 12:48:20,0.04879380952380957
2026-05-28 12:50:00,0.04360523809523794
2026-05-28 12:51:40,0.05782952380952383
2026-05-28 12:53:20,0.04717285714285721
2026-05-28 12:55:00,0.050280952380952246
2026-05-28 12:56:40,0.08113809523809545
2026-05-28 13:01:40,0.08365619047619054
2026-05-28 13:03:20,0.06794047619047641
2026-05-28 13:05:00,0.05800095238095213
2026-05-28 13:06:40,0.08504952380952391
2026-05-28 13:08:20,0.06662047619047598
2026-05-28 13:10:00,0.07310380952380949
2026-05-28 13:11:40,0.10113476190476221
2026-05-28 13:13:20,0.07410523809523799
2026-05-28 13:15:00,0.08328999999999998
2026-05-28 13:16:40,0.07841238095238105
2026-05-28 13:18:20,0.07681238095238112
2026-05-28 13:20:00,0.08189476190476205
2026-05-28 13:21:40,0.06580285714285708
2026-05-28 13:23:20,0.07260714285714309
2026-05-28 13:25:00,0.05715190476190499
2026-05-28 13:26:40,0.0751433333333334
2026-05-28 13:28:20,0.06450095238095238
2026-05-28 13:30:00,0.07474476190476206
2026-05-28 13:31:40,0.05776428571428556
2026-05-28 13:33:20,0.09273523809523819
2026-05-28 13:35:00,0.09889666666666697
2026-05-28 13:36:40,0.07220142857142844
2026-05-28 13:38:20,0.07172714285714274
2026-05-28 13:40:00,0.06996142857142859
2026-05-28 13:41:40,0.061193333333333405
2026-05-28 13:43:20,0.07313333333333338
2026-05-28 13:45:00,0.0647395238095237
2026-05-28 13:46:40,0.05088380952380953
2026-05-28 13:48:20,0.05487190476190468
2026-05-28 13:50:00,0.04906238095238115
2026-05-28 13:51:40,0.05782095238095232
2026-05-28 13:53:20,0.04643333333333339
2026-05-28 13:55:00,0.06586476190476173
2026-05-28 13:56:40,0.05826190476190477
2026-05-28 14:00:00,0.04295333333333341
2026-05-28 14:01:40,0.05121571428571434
2026-05-28 14:03:20,0.05400714285714299
2026-05-28 14:05:00,0.05045333333333324
2026-05-28 14:06:40,0.14512761904761917
2026-05-28 14:08:20,0.12042523809523822
2026-05-28 14:10:00,0.054510952380952465
2026-05-28 14:11:40,0.05790476190476183
2026-05-28 14:13:20,0.06671142857142845
2026-05-28 14:15:00,0.05619571428571438
2026-05-28 14:16:40,0.04496952380952368
2026-05-28 14:18:20,0.04141523809523815
2026-05-28 14:20:00,0.05547000000000005
2026-05-28 14:21:40,0.04680523809523815
2026-05-28 14:23:20,0.045825238095238155
2026-05-28 14:25:00,0.06130047619047632
2026-05-28 14:26:40,0.09350999999999993
2026-05-28 14:28:20,0.06962857142857132
2026-05-28 14:30:00,0.06841952380952412
2026-05-28 14:31:40,0.06022809523809524
2026-05-28 14:33:20,0.04700047619047642
2026-05-28 14:35:00,0.05066809523809523
2026-05-28 14:36:40,0.05711095238095238
2026-05-28 14:38:20,0.06613285714285747
2026-05-28 14:40:00,0.06942761904761904
2026-05-28 14:41:40,0.08559476190476192
2026-05-28 14:43:20,0.11236761904761922
2026-05-28 14:45:00,0.0957199999999997
2026-05-28 14:46:40,0.08247904761904798
2026-05-28 14:48:20,0.08577666666666653
2026-05-28 14:50:00,0.09800761904761894
2026-05-28 14:51:40,0.0821709523809524
2026-05-28 14:53:20,0.07274190476190495
2026-05-28 14:55:00,0.09281047619047657
2026-05-28 14:56:40,0.1038728571428571
2026-05-28 15:00:00,0.09068380952380925
2026-05-28 15:01:40,0.08028285714285735
2026-05-28 15:03:20,0.059284761904762
2026-05-28 15:05:00,0.05752809523809515
2026-05-28 15:06:40,0.06455857142857153
2026-05-28 15:08:20,0.04773238095238084
2026-05-28 15:10:00,0.050979047619047604
2026-05-28 15:11:40,0.1782042857142859
2026-05-28 15:13:20,0.19162047619047665
2026-05-28 15:15:00,0.14404238095238125
2026-05-28 15:16:40,0.06574809523809526
2026-05-28 15:18:20,0.05007190476190475
2026-05-28 15:20:00,0.044958095238095366
2026-05-28 15:21:40,0.05568666666666695
2026-05-28 15:23:20,0.05354428571428572
2026-05-28 15:25:00,0.052910952380952336
2026-05-28 15:26:40,0.04488380952380956
2026-05-28 15:28:20,0.045287619047619125
2026-05-28 15:30:00,0.04890238095238093
2026-05-28 15:31:40,0.08193809523809514
2026-05-28 15:33:20,0.06049952380952409
2026-05-28 15:35:00,0.05229047619047615
2026-05-28 15:36:40,0.04921952380952388
2026-05-28 15:38:20,0.048583333333333444
2026-05-28 15:40:00,0.049499047619047595
2026-05-28 15:41:40,0.05552000000000014
2026-05-28 15:43:20,0.05140571428571435
2026-05-28 15:45:00,0.0627742857142858
2026-05-28 15:46:40,0.05193761904761913
2026-05-28 15:48:20,0.04499433333333327
2026-05-28 15:50:00,0.041804714285714355
2026-05-28 15:51:40,0.05103857142857137
2026-05-28 15:53:20,0.04831380952380947
2026-05-28 15:55:00,0.049421428571428686
2026-05-28 15:56:40,0.044535619047619025
2026-05-28 16:01:40,0.055033809523809284
2026-05-28 16:03:20,0.051054761904761846
2026-05-28 16:05:00,0.07194238095238094
2026-05-28 16:06:40,0.05493047619047623
2026-05-28 16:08:20,0.04912904761904745
2026-05-28 16:10:00,0.06838285714285725
2026-05-28 16:11:40,0.0560766666666667
2026-05-28 16:13:20,0.06709285714285701
2026-05-28 16:15:00,0.09035333333333309
2026-05-28 16:16:40,0.0844580952380954
2026-05-28 16:18:20,0.07416047619047612
2026-05-28 16:20:00,0.055925238095237854
2026-05-28 16:21:40,0.060262380952381
2026-05-28 16:23:20,0.054346190476190645
2026-05-28 16:25:00,0.04856633333333325
2026-05-28 16:26:40,0.05174285714285705
2026-05-28 16:28:20,0.04975190476190481
2026-05-28 16:30:00,0.04425376190476191
2026-05-28 16:31:40,0.052359523809523835
2026-05-28 16:33:20,0.05055809523809539
2026-05-28 16:35:00,0.046918761904762
2026-05-28 16:36:40,0.05669952380952387
2026-05-28 16:38:20,0.047919523809523856
2026-05-28 16:40:00,0.04681214285714293
2026-05-28 16:41:40,0.048402238095237964
2026-05-28 16:43:20,0.05616238095238096
2026-05-28 16:45:00,0.05653142857142844
2026-05-28 16:46:40,0.06556619047619049
2026-05-28 16:48:20,0.06269333333333325
2026-05-28 16:50:00,0.052999999999999874
2026-05-28 16:51:40,0.0626314285714287
2026-05-28 16:53:20,0.0714109523809524
2026-05-28 16:55:00,0.06745714285714284
2026-05-28 16:56:40,0.06084428571428582
2026-05-28 17:00:00,0.05432190476190455
2026-05-28 17:01:40,0.06803428571428574
2026-05-28 17:03:20,0.06182428571428563
2026-05-28 17:05:00,0.05909571428571439
2026-05-28 17:06:40,0.04715342857142864
2026-05-28 17:08:20,0.045822523809523855
2026-05-28 17:10:00,0.06316857142857153
2026-05-28 17:11:40,0.0787142857142856
2026-05-28 17:13:20,0.05494238095238108
2026-05-28 17:15:00,0.07143904761904772
2026-05-28 17:16:40,0.09186428571428559
2026-05-28 17:18:20,0.0897361904761907
2026-05-28 17:20:00,0.09133952380952384
2026-05-28 17:21:40,0.07605714285714284
2026-05-28 17:23:20,0.09090809523809505
2026-05-28 17:25:00,0.07308142857142842
2026-05-28 17:26:40,0.06232999999999997
2026-05-28 17:28:20,0.07432333333333334
2026-05-28 17:30:00,0.08298190476190478
2026-05-28 17:31:40,0.07588523809523795
2026-05-28 17:33:20,0.0756928571428571
2026-05-28 17:35:00,0.08648619047619063
2026-05-28 17:36:40,0.056805238095238006
2026-05-28 17:38:20,0.0710290476190478
2026-05-28 17:40:00,0.09588571428571403
2026-05-28 17:41:40,0.10059333333333323
2026-05-28 17:43:20,0.11418857142857096
2026-05-28 17:45:00,0.10367047619047612
2026-05-28 17:46:40,0.09181142857142835
2026-05-28 17:48:20,0.09751095238095242
2026-05-28 17:50:00,0.1097533333333334
2026-05-28 17:51:40,0.10902380952380933
2026-05-28 17:53:20,0.091932857142857
2026-05-28 17:55:00,0.08487666666666666
2026-05-28 17:56:40,0.07660714285714307
2026-05-28 18:00:00,0.09643095238095266
2026-05-28 18:01:40,0.07859809523809505
2026-05-28 18:03:20,0.07264857142857137
2026-05-28 18:05:00,0.11614714285714278
2026-05-28 18:06:40,0.09952904761904756
2026-05-28 18:08:20,0.1091761904761905
2026-05-28 18:10:00,0.13121095238095265
2026-05-28 18:11:40,0.14613428571428594
2026-05-28 18:13:20,0.15201380952380966
2026-05-28 18:15:00,0.08997523809523797
2026-05-28 18:16:40,0.10019571428571429
2026-05-28 18:18:20,0.09769999999999993
2026-05-28 18:20:00,0.07608999999999991
2026-05-28 18:21:40,0.08386666666666656
2026-05-28 18:23:20,0.09245285714285714
2026-05-28 18:25:00,0.07541285714285725
2026-05-28 18:26:40,0.08903857142857131
2026-05-28 18:28:20,0.06716190476190481
2026-05-28 18:30:00,0.05624523809523808
2026-05-28 18:31:40,0.08067714285714314
2026-05-28 18:33:20,0.09390619047619037
2026-05-28 18:35:00,0.07698999999999993
2026-05-28 18:36:40,0.0954157142857144
2026-05-28 18:38:20,0.09156428571428574
2026-05-28 18:40:00,0.095190476190476
2026-05-28 18:41:40,0.106142380952381
2026-05-28 18:43:20,0.11482952380952384
2026-05-28 18:45:00,0.10309857142857129
2026-05-28 18:46:40,0.059448095238095355
2026-05-28 18:48:20,0.062076190476190354
2026-05-28 18:50:00,0.09810238095238084
2026-05-28 18:51:40,0.07667428571428579
2026-05-28 18:53:20,0.07179761904761897
2026-05-28 18:55:00,0.0739019047619047
2026-05-28 18:56:40,0.0752928571428572
2026-05-28 19:01:40,0.053554761904761744
2026-05-28 19:03:20,0.06314380952380963
2026-05-28 19:05:00,0.057090476190476275
2026-05-28 19:06:40,0.06738095238095221
2026-05-28 19:08:20,0.06928761904761924
2026-05-28 19:10:00,0.058057619047619025
2026-05-28 19:11:40,0.05398714285714283
2026-05-28 19:13:20,0.060003809523809695
2026-05-28 19:15:00,0.05299523809523814
2026-05-28 19:16:40,0.05074809523809516
2026-05-28 19:18:20,0.05047238095238075
2026-05-28 19:20:00,0.049477619047619284
2026-05-28 19:21:40,0.047183333333333216
2026-05-28 19:23:20,0.047104285714285765
2026-05-28 19:25:00,0.038990952380952265
2026-05-28 19:26:40,0.028515714285713936
2026-05-28 19:28:20,0.028582380952380942
2026-05-28 19:30:00,0.031114761904762055
2026-05-28 19:31:40,0.039563333333333235
2026-05-28 19:33:20,0.03479285714285713
2026-05-28 19:35:00,0.018402857142857325
2026-05-28 19:36:40,0.014154285714285775
2026-05-28 19:38:20,0.011698571428571558
2026-05-28 19:40:00,0.010012857142857311
2026-05-28 19:41:40,0.006113809523809599
2026-05-28 19:43:20,0.004945238095238192
2026-05-28 19:45:00,0.001900952380952517
2026-05-28 19:46:40,-0.0003157142857143965
2026-05-28 19:48:20,-0.002000952380952251
2026-05-28 19:50:00,-0.003661904761905003
2026-05-28 19:51:40,-0.00783809523809523
2026-05-28 19:53:20,-0.008958095238095262
2026-05-28 19:55:00,-0.012781904761904946
2026-05-28 19:56:40,-0.0179195238095239
2026-05-28 20:00:00,-0.017915714285714403
2026-05-28 20:01:40,-0.019207142857142912
2026-05-28 20:03:20,-0.021083333333333277
2026-05-28 20:05:00,-0.01919333333333334
2026-05-28 20:06:40,-0.024630476190476196
2026-05-28 20:08:20,-0.02386857142857137
2026-05-28 20:10:00,-0.021882380952380896
2026-05-28 20:11:40,-0.02252095238095228
2026-05-28 20:13:20,-0.023007142857142896
2026-05-28 20:15:00,-0.02738857142857124
2026-05-28 20:16:40,-0.028200000000000086
2026-05-28 20:18:20,-0.02276161904761907
2026-05-28 20:20:00,-0.02362714285714297
2026-05-28 20:21:40,-0.027215714285714225
2026-05-28 20:23:20,-0.025209523809523952
2026-05-28 20:25:00,-0.02688047619047647
2026-05-28 20:26:40,-0.02688761904761893
2026-05-28 20:28:20,-0.026150476190476106
2026-05-28 20:30:00,-0.029663333333333416
2026-05-28 20:31:40,-0.028231904761904805
2026-05-28 20:33:20,-0.024359999999999882
2026-05-28 20:35:00,-0.029843809523809495
2026-05-28 20:36:40,-0.030119999999999952
2026-05-28 20:38:20,-0.0319242857142857
2026-05-28 20:40:00,-0.024539047619047703
2026-05-28 20:41:40,-0.024801904761904747
2026-05-28 20:43:20,-0.021489523809523875
2026-05-28 20:45:00,-0.026183809523809477
2026-05-28 20:46:40,-0.02801047619047626
2026-05-28 20:48:20,-0.029403333333333267
2026-05-28 20:50:00,-0.030405714285714147
2026-05-28 20:51:40,-0.031792380952380996
2026-05-28 20:53:20,-0.029698095238095197
2026-05-28 20:55:00,-0.027355238095238155
2026-05-28 20:56:40,-0.02904380952380952
2026-05-28 21:00:00,-0.03980809523809512
2026-05-28 21:01:40,-0.032567142857143065
2026-05-28 21:03:20,-0.03217619047619049
2026-05-28 21:05:00,-0.03862000000000018
2026-05-28 21:06:40,-0.042135238095238
2026-05-28 21:08:20,-0.04133999999999994
2026-05-28 21:10:00,-0.08584285714285715
2026-05-28 21:11:40,-0.054764761904761886
2026-05-28 21:13:20,-0.04766809523809542
2026-05-28 21:15:00,-0.03716190476190471
2026-05-28 21:16:40,-0.033125238095238055
2026-05-28 21:18:20,-0.03653999999999989
2026-05-28 21:20:00,-0.038914761904761785
2026-05-28 21:21:40,-0.040357714285714275
2026-05-28 21:23:20,-0.040897619047619044
2026-05-28 21:25:00,-0.0424938095238095
2026-05-28 21:26:40,-0.042558285714285646
2026-05-28 21:28:20,-0.040364333333333335
2026-05-28 21:30:00,-0.036338428571428626
2026-05-28 21:31:40,-0.04156480952380959
2026-05-28 21:33:20,-0.043496619047618944
2026-05-28 21:35:00,-0.03931576190476184
2026-05-28 21:36:40,-0.040368428571428555
2026-05-28 21:38:20,-0.049705714285714284
2026-05-28 21:40:00,-0.050464761904762
2026-05-28 21:41:40,-0.04463819047619052
2026-05-28 21:43:20,-0.04220757142857154
2026-05-28 21:45:00,-0.04297076190476185
2026-05-28 21:46:40,-0.04488452380952375
2026-05-28 21:48:20,-0.04534004761904771
2026-05-28 21:50:00,-0.04530295238095249
2026-05-28 21:51:40,-0.04464542857142851
2026-05-28 21:53:20,-0.04671033333333329
2026-05-28 21:55:00,-0.04477633333333323
2026-05-28 21:56:40,-0.04348814285714299
2026-05-28 22:01:40,-0.045491047619047625
2026-05-28 22:03:20,-0.04728852380952387
2026-05-28 22:05:00,-0.048872857142857086
2026-05-28 22:06:40,-0.0490125238095238
2026-05-28 22:08:20,-0.05132142857142858
2026-05-28 22:10:00,-0.051163190476190494
2026-05-28 22:11:40,-0.054324285714285644
2026-05-28 22:13:20,-0.05161414285714284
2026-05-28 22:15:00,-0.047426619047619085
2026-05-28 22:16:40,-0.047595285714285715
2026-05-28 22:18:20,-0.047447952380952396
2026-05-28 22:20:00,-0.04433785714285709
2026-05-28 22:21:40,-0.044829142857142776
2026-05-28 22:23:20,-0.047637571428571404
2026-05-28 22:25:00,-0.049612857142857056
2026-05-28 22:26:40,-0.05114857142857148
2026-05-28 22:28:20,-0.048799666666666686
2026-05-28 22:30:00,-0.05144619047619062
2026-05-28 22:31:40,-0.05157761904761913
2026-05-28 22:33:20,-0.052136666666666685
2026-05-28 22:35:00,-0.05075238095238073
2026-05-28 22:36:40,-0.06373666666666669
2026-05-28 22:38:20,-0.06574380952380968
2026-05-28 22:40:00,-0.06790428571428594
2026-05-28 22:41:40,-0.06746619047619044
2026-05-28 22:43:20,-0.06794190476190493
2026-05-28 22:45:00,-0.06833619047619033
2026-05-28 22:46:40,-0.05444238095238081
2026-05-28 22:48:20,-0.04831095238095252
2026-05-28 22:50:00,-0.038161190476190425
2026-05-28 22:51:40,-0.03986157142857148
2026-05-28 22:53:20,-0.04283285714285721
2026-05-28 22:55:00,-0.037298619047619004
2026-05-28 22:56:40,-0.04063047619047609
2026-05-28 23:00:00,-0.041290904761904626
2026-05-28 23:01:40,-0.04808285714285721
2026-05-28 23:03:20,-0.04492666666666662
2026-05-28 23:05:00,-0.04612571428571412
2026-05-28 23:06:40,-0.041753333333333226
2026-05-28 23:08:20,-0.03994852380952379
2026-05-28 23:10:00,-0.036912571428571475
2026-05-28 23:11:40,-0.03274109523809512
2026-05-28 23:13:20,-0.03333123809523809
2026-05-28 23:15:00,-0.03713495238095243
2026-05-28 23:16:40,-0.03143014285714285
2026-05-28 23:18:20,-0.03327195238095239
2026-05-28 23:20:00,-0.037329571428571434
2026-05-28 23:21:40,-0.03917233333333335
2026-05-28 23:23:20,-0.03795009523809523
2026-05-28 23:25:00,-0.035494904761904804
2026-05-28 23:26:40,-0.039079380952381
2026-05-28 23:28:20,-0.035478095238095364
2026-05-28 23:30:00,-0.03556671428571444
2026-05-28 23:31:40,-0.038088952380952244
2026-05-28 23:33:20,-0.037889047619047656
2026-05-28 23:35:00,-0.037027
2026-05-28 23:36:40,-0.038216904761904764
2026-05-28 23:38:20,-0.0365957619047619
2026-05-28 23:40:00,-0.03750428571428567
2026-05-28 23:41:40,-0.03980228571428572
2026-05-28 23:43:20,-0.037685238095238084
2026-05-28 23:45:00,-0.034598142857142855
2026-05-28 23:46:40,-0.03545709523809528
2026-05-28 23:48:20,-0.03785123809523803
2026-05-28 23:50:00,-0.03384438095238097
2026-05-28 23:51:40,-0.03643904761904766
2026-05-28 23:53:20,-0.038830904761904754
2026-05-28 23:55:00,-0.038636809523809476
2026-05-28 23:56:40,-0.038176095238095314
2026-05-28 23:58:20,-0.036648619047619145
2026-05-29 00:00:00,-0.04083295238095247
2026-05-29 00:01:40,-0.0402528095238094
2026-05-29 00:03:20,-0.04006252380952374
2026-05-29 00:05:00,-0.039921190476190374
2026-05-29 00:06:40,-0.03802109523809526
2026-05-29 00:08:20,-0.04040947619047618
2026-05-29 00:10:00,-0.04066219047619059
2026-05-29 00:11:40,-0.03860019047619048
2026-05-29 00:13:20,-0.03727952380952378
2026-05-29 00:15:00,-0.04190323809523811
2026-05-29 00:16:40,-0.0436702857142857
2026-05-29 00:18:20,-0.04692342857142863
2026-05-29 00:20:00,-0.04813871428571431
2026-05-29 00:21:40,-0.04686542857142859
2026-05-29 00:23:20,-0.048721476190476204
2026-05-29 00:25:00,-0.04693485714285711
2026-05-29 00:26:40,-0.05006047619047622
2026-05-29 00:28:20,-0.05181138095238088
2026-05-29 00:30:00,-0.05029557142857145
2026-05-29 00:31:40,-0.04472404761904768
2026-05-29 00:33:20,-0.04662609523809528
2026-05-29 00:35:00,-0.045872761904761895
2026-05-29 00:36:40,-0.042041952380952374
2026-05-29 00:38:20,-0.04373809523809521
2026-05-29 00:40:00,-0.044647904761904736
2026-05-29 00:41:40,-0.053539619047619
2026-05-29 00:43:20,-0.0544050952380953
2026-05-29 00:45:00,-0.05826057142857131
2026-05-29 00:46:40,-0.05175838095238099
2026-05-29 00:48:20,-0.05420709523809525
2026-05-29 00:50:00,-0.0536975714285713
2026-05-29 00:51:40,-0.053736428571428546
2026-05-29 00:53:20,-0.051171904761904745
2026-05-29 00:55:00,-0.053253190476190385
2026-05-29 00:56:40,-0.05250209523809522
2026-05-29 00:58:20,-0.050417904761904775
2026-05-29 01:01:40,-0.07544933333333323
2026-05-29 01:03:20,-0.080133619047619
2026-05-29 01:05:00,-0.09363804761904759
2026-05-29 01:06:40,-0.09430152380952381
2026-05-29 01:08:20,-0.09571404761904764
2026-05-29 01:10:00,-0.10882309523809514
2026-05-29 01:11:40,-0.1079798571428571
2026-05-29 01:13:20,-0.0890716666666666
2026-05-29 01:15:00,-0.08909157142857146
2026-05-29 01:16:40,-0.0862869523809524
2026-05-29 01:18:20,-0.07804190476190472
2026-05-29 01:20:00,-0.07754804761904759
2026-05-29 01:21:40,-0.08731780952380944
2026-05-29 01:23:20,-0.08263819047619042
2026-05-29 01:25:00,-0.17898999999999993
2026-05-29 01:26:40,-0.0982562380952381
2026-05-29 01:28:20,-0.08020095238095246
2026-05-29 01:30:00,-0.06612914285714283
2026-05-29 01:31:40,-0.06112104761904763
2026-05-29 01:33:20,-0.06401314285714294
2026-05-29 01:35:00,-0.0589622857142857
2026-05-29 01:36:40,-0.05579099999999996
2026-05-29 01:38:20,-0.056684095238095304
2026-05-29 01:40:00,-0.05142847619047616
2026-05-29 01:41:40,-0.046393714285714274
2026-05-29 01:43:20,-0.04670399999999998
2026-05-29 01:45:00,-0.0522603333333333
2026-05-29 01:46:40,-0.04761238095238089
2026-05-29 01:48:20,-0.044489619047619
2026-05-29 01:50:00,-0.04290261904761908
2026-05-29 01:51:40,-0.03828995238095238
2026-05-29 01:53:20,-0.038971
2026-05-29 01:55:00,-0.03795109523809518
2026-05-29 01:56:40,-0.043492428571428564
2026-05-29 01:58:20,-0.043394333333333306
2026-05-29 02:00:00,-0.03955790476190468
2026-05-29 02:01:40,-0.04209538095238093
2026-05-29 02:03:20,-0.04050633333333333
2026-05-29 02:05:00,-0.041313666666666714
2026-05-29 02:06:40,-0.04482723809523809
2026-05-29 02:08:20,-0.043580333333333256
2026-05-29 02:10:00,-0.04509880952380955
2026-05-29 02:11:40,-0.04794804761904767
2026-05-29 02:13:20,-0.04815257142857138
2026-05-29 02:15:00,-0.05160190476190488
2026-05-29 02:16:40,-0.05417042857142858
2026-05-29 02:18:20,-0.05195419047619044
2026-05-29 02:20:00,-0.05488942857142856
2026-05-29 02:21:40,-0.053640238095238046
2026-05-29 02:23:20,-0.05700376190476191
2026-05-29 02:25:00,-0.05671133333333325
2026-05-29 02:26:40,-0.052392476190476156
2026-05-29 02:28:20,-0.053404047619047594
2026-05-29 02:30:00,-0.05269347619047616
2026-05-29 02:31:40,-0.05139495238095245
2026-05-29 02:33:20,-0.05019923809523816
2026-05-29 02:35:00,-0.052609047619047555
2026-05-29 02:36:40,-0.049395333333333354
2026-05-29 02:38:20,-0.05098295238095232
2026-05-29 02:40:00,-0.047227047619047655
2026-05-29 02:41:40,-0.046293714285714285
2026-05-29 02:43:20,-0.04672147619047617
2026-05-29 02:45:00,-0.06239823809523814
2026-05-29 02:46:40,-0.052411047619047677
2026-05-29 02:48:20,-0.05299328571428573
2026-05-29 02:50:00,-0.05332861904761903
2026-05-29 02:51:40,-0.050279428571428655
2026-05-29 02:53:20,-0.048244571428571394
2026-05-29 02:55:00,-0.06033023809523818
2026-05-29 02:56:40,-0.06345547619047615
2026-05-29 02:58:20,-0.059113428571428484
2026-05-29 03:00:00,-0.047636238095238065
2026-05-29 03:01:40,-0.044263523809523746
2026-05-29 03:03:20,-0.030706285714285665
2026-05-29 03:05:00,-0.02101371428571423
2026-05-29 03:06:40,-0.01994804761904765
2026-05-29 03:08:20,-0.02007104761904769
2026-05-29 03:10:00,-0.01980633333333339
2026-05-29 03:11:40,-0.020674857142857116
2026-05-29 03:13:20,-0.023263857142857128
2026-05-29 03:15:00,-0.021372380952381025
2026-05-29 03:16:40,-0.020796857142857145
2026-05-29 03:18:20,-0.022224523809523847
2026-05-29 03:20:00,-0.01973419047619044
2026-05-29 03:21:40,-0.0210114285714286
2026-05-29 03:23:20,-0.024846666666666684
2026-05-29 03:25:00,-0.025898142857142863
2026-05-29 03:26:40,-0.022450190476190422
2026-05-29 03:28:20,-0.02464709523809521
2026-05-29 03:30:00,-0.023603619047619134
2026-05-29 03:31:40,-0.02536566666666677
2026-05-29 03:33:20,-0.02469580952380957
2026-05-29 03:35:00,-0.027313761904761796
2026-05-29 03:36:40,-0.02803576190476194
2026-05-29 03:38:20,-0.02871304761904762
2026-05-29 03:40:00,-0.029267190476190426
2026-05-29 03:41:40,-0.031805190476190466
2026-05-29 03:43:20,-0.027828571428571477
2026-05-29 03:45:00,-0.03219980952380952
2026-05-29 03:46:40,-0.03466457142857148
2026-05-29 03:48:20,-0.03622566666666665
2026-05-29 03:50:00,-0.03637471428571431
2026-05-29 03:51:40,-0.03433366666666669
2026-05-29 03:53:20,-0.03533419047619046
2026-05-29 03:55:00,-0.036195428571428545
2026-05-29 03:56:40,-0.03496895238095239
2026-05-29 03:58:20,-0.03473142857142852
2026-05-29 04:01:40,-0.01626357142857141
2026-05-29 04:03:20,-0.010513095238095144
2026-05-29 04:05:00,9.495238095251057e-05
2026-05-29 04:06:40,0.006609047619047607
2026-05-29 04:08:20,0.007102523809523735
2026-05-29 04:10:00,0.008303523809523832
2026-05-29 04:11:40,0.009159999999999894
2026-05-29 04:13:20,0.009665523809523765
2026-05-29 04:15:00,0.010349857142857142
2026-05-29 04:16:40,0.009860619047619066
2026-05-29 04:18:20,0.010201142857142867
2026-05-29 04:20:00,0.010222952380952367
2026-05-29 04:21:40,0.010622523809523781
2026-05-29 04:23:20,0.01065228571428575
2026-05-29 04:25:00,0.009946523809523725
2026-05-29 04:26:40,0.011334761904762115
2026-05-29 04:28:20,0.010587619047618983
2026-05-29 04:30:00,0.00888361904761904
2026-05-29 04:31:40,0.007198523809523777
2026-05-29 04:33:20,0.007758190476190429
2026-05-29 04:35:00,0.006607999999999989
2026-05-29 04:36:40,0.004626476190476249
2026-05-29 04:38:20,0.004301142857142849
2026-05-29 04:40:00,0.002879238095238077
2026-05-29 04:41:40,0.0026422857142856387
2026-05-29 04:43:20,0.0022210952380953587
2026-05-29 04:45:00,0.0012499523809523568
2026-05-29 04:46:40,0.001767714285714237
2026-05-29 04:48:20,0.0005565238095237238
2026-05-29 04:50:00,-0.000426857142857031
2026-05-29 04:51:40,-0.0018404761904761528
2026-05-29 04:53:20,0.0009212380952381416
2026-05-29 04:55:00,0.0013216666666668077
2026-05-29 04:56:40,0.00023680952380947598
2026-05-29 04:58:20,0.00039280952380947934
2026-05-29 05:00:00,0.023154285714285915
2026-05-29 05:01:40,0.0260069523809523
2026-05-29 05:03:20,0.034130857142857185
2026-05-29 05:05:00,0.05164571428571427
2026-05-29 05:06:40,0.05645704761904774
2026-05-29 05:08:20,0.05284490476190472
2026-05-29 05:10:00,0.04897823809523822
2026-05-29 05:11:40,0.05111204761904761
2026-05-29 05:13:20,0.05362671428571433
2026-05-29 05:15:00,0.05534190476190482
2026-05-29 05:16:40,0.046523095238095225
2026-05-29 05:18:20,0.047324571428571514
2026-05-29 05:20:00,0.038348380952380905
2026-05-29 05:21:40,0.035109047619047616
2026-05-29 05:23:20,0.035050857142857106
2026-05-29 05:25:00,0.033994714285714406
2026-05-29 05:26:40,0.02568938095238095
2026-05-29 05:28:20,0.032661571428571345
2026-05-29 05:30:00,0.02587476190476174
2026-05-29 05:31:40,0.029429047619047605
2026-05-29 05:33:20,0.02936761904761931
2026-05-29 05:35:00,0.01773904761904755
2026-05-29 05:36:40,0.013379523809523876
2026-05-29 05:38:20,0.009297619047619096
2026-05-29 05:40:00,0.0082028571428572
2026-05-29 05:41:40,0.003043333333333252
2026-05-29 05:43:20,0.00035333333333344846
2026-05-29 05:45:00,-0.005275714285714314
2026-05-29 05:46:40,-0.010757142857142861
2026-05-29 05:48:20,-0.007898571428571186
2026-05-29 05:50:00,-0.009467619047618947
2026-05-29 05:51:40,-0.01420904761904749
2026-05-29 05:53:20,-0.018892380952381
2026-05-29 05:55:00,-0.019649523809523978
2026-05-29 05:56:40,-0.022120000000000264
2026-05-29 05:58:20,-0.02008285714285736
2026-05-29 06:00:00,-0.0022095238095237377
2026-05-29 06:01:40,0.014824761904761757
2026-05-29 06:03:20,0.021934761904761686
2026-05-29 06:05:00,0.049112857142857055
2026-05-29 06:06:40,0.06473285714285702
2026-05-29 06:08:20,0.05441333333333331
2026-05-29 06:10:00,0.04288238095238117
2026-05-29 06:11:40,0.04168809523809504
2026-05-29 06:13:20,0.04956238095238093
2026-05-29 06:15:00,0.05668857142857142
2026-05-29 06:16:40,0.06385952380952375
2026-05-29 06:18:20,0.07290571428571406
2026-05-29 06:20:00,0.05052714285714294
2026-05-29 06:21:40,0.059176666666666655
2026-05-29 06:23:20,0.0561038095238094
2026-05-29 06:25:00,0.05026761904761909
2026-05-29 06:26:40,0.0354704761904762
2026-05-29 06:28:20,0.033099047619047466
2026-05-29 06:30:00,0.02996666666666662
2026-05-29 06:31:40,0.023052380952381067
2026-05-29 06:33:20,0.022469523809523762
2026-05-29 06:35:00,0.02171666666666671
2026-05-29 06:36:40,0.021865238095238226
2026-05-29 06:38:20,0.017181904761904905
2026-05-29 06:40:00,0.012309047619047699
2026-05-29 06:41:40,0.008037142857142864
2026-05-29 06:43:20,0.0068247619047621
2026-05-29 06:45:00,0.004263333333333423
2026-05-29 06:46:40,0.003827142857142976
2026-05-29 06:48:20,0.0022628571428572487
2026-05-29 06:50:00,-0.0018866666666668246
2026-05-29 06:51:40,-0.002563809523809476
2026-05-29 06:53:20,-0.0032461904761904156
2026-05-29 06:55:00,-0.0040476190476190985
2026-05-29 06:56:40,-0.004922857142857376
2026-05-29 06:58:20,-0.004854285714285562
2026-05-29 07:01:40,0.00737952380952377
2026-05-29 07:03:20,0.00956095238095237
2026-05-29 07:05:00,0.01522476190476198
2026-05-29 07:06:40,0.019209523809523777
2026-05-29 07:08:20,0.016948571428571462
2026-05-29 07:10:00,0.020325238095238014
2026-05-29 07:11:40,0.02006190476190465
2026-05-29 07:13:20,0.02305285714285723
2026-05-29 07:15:00,0.021089523809523787
2026-05-29 07:16:40,0.023221904761904655
2026-05-29 07:18:20,0.024703809523809673
2026-05-29 07:20:00,0.026719047619047594
2026-05-29 07:21:40,0.02722571428571447
2026-05-29 07:23:20,0.021868095238095357
2026-05-29 07:25:00,0.03278571428571444
2026-05-29 07:26:40,0.030010952380952333
2026-05-29 07:28:20,0.03500476190476197
2026-05-29 07:30:00,0.03725619047619068
2026-05-29 07:31:40,0.029649523809523994
2026-05-29 07:33:20,0.03200476190476205
2026-05-29 07:35:00,0.03363428571428565
2026-05-29 07:36:40,0.03677190476190467
2026-05-29 07:38:20,0.03398952380952397
2026-05-29 07:40:00,0.035804285714285955
2026-05-29 07:41:40,0.03054666666666684
2026-05-29 07:43:20,0.031748095238095284
2026-05-29 07:45:00,0.035553809523809696
2026-05-29 07:46:40,0.03308619047619028
2026-05-29 07:48:20,0.03476857142857187
2026-05-29 07:50:00,0.03787761904761916
2026-05-29 07:51:40,0.028193333333333438
2026-05-29 07:53:20,0.02893857142857151
2026-05-29 07:55:00,0.03155333333333335
2026-05-29 07:56:40,0.027208095238095278
2026-05-29 07:58:20,0.023744761904762348
2026-05-29 08:00:00,0.003917619047619114
2026-05-29 08:01:40,-0.004026190476190261
2026-05-29 08:03:20,-0.013606190476190468
2026-05-29 08:05:00,-0.02714238095238134
2026-05-29 08:06:40,-0.03933428571428591
2026-05-29 08:08:20,-0.039602857142857495
2026-05-29 08:10:00,-0.036235714285714274
2026-05-29 08:11:40,-0.03502190476190431
2026-05-29 08:13:20,-0.02987095238095227
2026-05-29 08:15:00,-0.03417238095238103
2026-05-29 08:16:40,-0.032223809523809495
2026-05-29 08:18:20,-0.033404761904762145
2026-05-29 08:20:00,-0.026546190476190494
2026-05-29 08:21:40,-0.021844285714286024
2026-05-29 08:23:20,-0.022154285714285887
2026-05-29 08:25:00,-0.019725714285714294
2026-05-29 08:26:40,-0.018872857142857264
2026-05-29 08:28:20,-0.01698238095238146
2026-05-29 08:30:00,-0.012739523809523992
2026-05-29 08:31:40,-0.009570476190476082
2026-05-29 08:33:20,-0.0127495238095241
2026-05-29 08:35:00,-0.004641428571428973
2026-05-29 08:36:40,5.761904761898001e-05
2026-05-29 08:38:20,0.002270476190475986
2026-05-29 08:40:00,0.007007619047618981
2026-05-29 08:41:40,0.009375238095238016
2026-05-29 08:43:20,0.012147619047619275
2026-05-29 08:45:00,0.015604285714285758
2026-05-29 08:46:40,0.018992380952381187
2026-05-29 08:48:20,0.01794428571428568
2026-05-29 08:50:00,0.022224761904762053
2026-05-29 08:51:40,0.02505904761904748
2026-05-29 08:53:20,0.0264119047619045
2026-05-29 08:55:00,0.029262857142857025
2026-05-29 08:56:40,0.0362033333333336
2026-05-29 08:58:20,0.03226428571428576
2026-05-29 09:00:00,0.03375523809523797
2026-05-29 09:01:40,0.03627190476190459
2026-05-29 09:03:20,0.04236761904761935
2026-05-29 09:05:00,0.03490714285714294
2026-05-29 09:06:40,0.031765238095237985
2026-05-29 09:08:20,0.03009619047619052
2026-05-29 09:10:00,0.023480000000000126
2026-05-29 09:11:40,0.007118571428571668
2026-05-29 09:13:20,-0.0048838095238093945
2026-05-29 09:15:00,-0.02832380952380964
2026-05-29 09:16:40,-0.04925285714285719
2026-05-29 09:18:20,-0.057910476190476304
2026-05-29 09:20:00,-0.08870380952380949
2026-05-29 09:21:40,-0.10653333333333326
2026-05-29 09:23:20,-0.1178723809523809
2026-05-29 09:26:40,-0.1593847619047621
2026-05-29 09:30:00,-0.14148238095238094
2026-05-29 09:31:40,-0.1408576190476189
2026-05-29 09:33:20,-0.12314952380952372
2026-05-29 09:35:00,-0.12200047619047617
2026-05-29 09:36:40,-0.10937809523809514
2026-05-29 10:06:40,0.5964919047619053
2026-05-29 10:10:00,0.0749147619047617
2026-05-29 10:11:40,0.07532047619047635
2026-05-29 10:13:20,0.06573571428571395
2026-05-29 10:15:00,0.06037285714285696
2026-05-29 10:16:40,0.05041380952380949
2026-05-29 10:18:20,0.05575190476190477
2026-05-29 10:20:00,0.060020952380952244
2026-05-29 10:21:40,0.051664761904761915
2026-05-29 10:23:20,0.043084285714285776
2026-05-29 10:25:00,0.039310952380952516
2026-05-29 10:26:40,0.038611428571428776
2026-05-29 10:28:20,0.029720952380952133
2026-05-29 10:30:00,0.02480476190476197
2026-05-29 10:31:40,0.018831904761904703
2026-05-29 10:33:20,0.01101000000000002
2026-05-29 10:35:00,0.006408571428571468
2026-05-29 10:36:40,0.00027904761904764055
2026-05-29 10:38:20,-0.007604761904761826
2026-05-29 10:40:00,-0.01228904761904764
2026-05-29 10:41:40,-0.0198480952380952
2026-05-29 10:43:20,-0.02634714285714307
2026-05-29 10:45:00,-0.03221619047619047
2026-05-29 10:46:40,-0.04153142857142854
2026-05-29 10:48:20,-0.052495238095237894
2026-05-29 10:50:00,-0.05658380952380947
2026-05-29 10:51:40,-0.06812476190476183
2026-05-29 10:53:20,-0.07506285714285708
2026-05-29 10:55:00,-0.07695952380952378
2026-05-29 10:56:40,-0.08852571428571403
2026-05-29 10:58:20,-0.08929285714285727
2026-05-29 11:00:00,-0.08738761904761912
2026-05-29 11:01:40,-0.08031666666666677
2026-05-29 11:03:20,-0.08918095238095232
2026-05-29 11:05:00,-0.09533333333333319
2026-05-29 11:06:40,-0.09813619047619045
2026-05-29 11:10:00,-0.10030999999999989
2026-05-29 11:11:40,-0.10059619047619066
2026-05-29 11:13:20,-0.09749190476190489
2026-05-29 11:15:00,-0.09417523809523806
2026-05-29 11:16:40,-0.09414190476190468
2026-05-29 11:18:20,-0.09770142857142859
2026-05-29 11:20:00,-0.10271428571428559
2026-05-29 11:21:40,-0.09661238095238119
2026-05-29 11:23:20,-0.09053142857142864
2026-05-29 11:25:00,-0.09357619047619034
2026-05-29 11:26:40,-0.10261714285714264
2026-05-29 11:28:20,-0.09643666666666674
2026-05-29 11:30:00,-0.0923909523809521
2026-05-29 11:31:40,-0.08916285714285721
2026-05-29 11:33:20,-0.08657666666666661
2026-05-29 11:35:00,-0.08253142857142874
2026-05-29 11:36:40,-0.08660619047619054
2026-05-29 11:38:20,-0.0872447619047617
2026-05-29 11:40:00,-0.08822523809523816
2026-05-29 11:41:40,-0.08725714285714281
2026-05-29 11:43:20,-0.08741285714285697
2026-05-29 11:45:00,-0.09031904761904733
2026-05-29 11:46:40,-0.08997523809523822
2026-05-29 11:48:20,-0.09567428571428603
2026-05-29 11:50:00,-0.09465095238095247
2026-05-29 11:51:40,-0.10165333333333307
2026-05-29 11:53:20,-0.09933809523809543
2026-05-29 11:55:00,-0.09901000000000024
2026-05-29 11:56:40,-0.10279523809523823
2026-05-29 11:58:20,-0.10658619047619007
2026-05-29 12:00:00,-0.1421642857142857
2026-05-29 12:01:40,-0.1664095238095237
2026-05-29 12:03:20,-0.22841047619047614
2026-05-29 12:05:00,-0.24758714285714298
2026-05-29 12:06:40,-0.3263942857142855
2026-05-29 12:10:00,-0.2990519047619045
2026-05-29 12:11:40,-0.3486123809523805
2026-05-29 12:13:20,-0.31812047619047656
2026-05-29 12:15:00,-0.3072190476190483
2026-05-29 12:16:40,-0.27313619047619025
2026-05-29 12:18:20,-0.2016161904761905
2026-05-29 12:20:00,-0.2032866666666664
2026-05-29 12:21:40,-0.21985523809523824
2026-05-29 12:23:20,-0.18491238095238116
2026-05-29 12:25:00,-0.16182952380952373
2026-05-29 12:26:40,-0.1461076190476192
2026-05-29 12:28:20,-0.12613619047619032
2026-05-29 12:30:00,-0.11153190476190526
2026-05-29 12:31:40,-0.05360904761904786
2026-05-29 12:33:20,-0.03649238095238123
2026-05-29 12:35:00,-0.02870714285714286
2026-05-29 12:36:40,-0.018266666666666757
2026-05-29 12:38:20,-0.007925714285714229
2026-05-29 12:40:00,-0.004504285714285966
2026-05-29 12:41:40,0.005584285714285766
2026-05-29 12:43:20,0.01552571428571445
2026-05-29 12:45:00,0.018850476190476195
2026-05-29 12:46:40,0.026781904761904948
2026-05-29 12:48:20,0.046153333333333164
2026-05-29 12:50:00,0.03040571428571425
2026-05-29 12:51:40,0.03374285714285698
2026-05-29 12:53:20,0.04172952380952399
2026-05-29 12:55:00,0.04784142857142859
2026-05-29 12:56:40,0.04765476190476185
2026-05-29 12:58:20,0.04269714285714287
2026-05-29 13:00:00,0.03899142857142859
2026-05-29 13:01:40,0.025507619047619112
2026-05-29 13:03:20,0.005329047619047776
2026-05-29 13:05:00,-0.002765238095238088
2026-05-29 13:06:40,-0.01146714285714293
2026-05-29 13:10:00,-0.011100952380952307
2026-05-29 13:11:40,-0.010857619047618975
2026-05-29 13:13:20,-0.014690476190476339
2026-05-29 13:15:00,-0.013779999999999841
2026-05-29 13:16:40,-0.012824761904761915
2026-05-29 13:18:20,-0.010796190476190678
2026-05-29 13:20:00,-0.00948523809523785
2026-05-29 13:21:40,-0.009695238095238149
2026-05-29 13:23:20,-0.007331904761904685
2026-05-29 13:25:00,-0.005855714285714181
2026-05-29 13:26:40,-0.005249999999999999
2026-05-29 13:28:20,-0.004247142857142841
2026-05-29 13:30:00,-0.003991904761904787
2026-05-29 13:31:40,-0.0023471428571427335
2026-05-29 13:33:20,-0.0016390476190477725
2026-05-29 13:35:00,-0.0015061904761904162
2026-05-29 13:36:40,-0.0007980952380953286
2026-05-29 13:38:20,7.476190476184488e-05
2026-05-29 13:40:00,-0.00027190476190467293
2026-05-29 13:41:40,0.0005552380952379785
2026-05-29 13:43:20,0.00043904761904779883
2026-05-29 13:45:00,0.0011890476190476364
2026-05-29 13:46:40,0.00018333333333344498
2026-05-29 13:48:20,0.00014714285714296366
2026-05-29 13:50:00,-0.0009276190476189619
2026-05-29 13:51:40,-0.0016728571428571704
2026-05-29 13:53:20,-0.002535714285714478
2026-05-29 13:55:00,-0.0031238095238095183
2026-05-29 13:56:40,-0.00760047619047614
2026-05-29 13:58:20,-0.009399523809523892
2026-05-29 14:00:00,-0.01776380952380939
2026-05-29 14:01:40,-0.04176571428571428
2026-05-29 14:03:20,-0.057429047619047664
2026-05-29 14:05:00,-0.08036857142857123
2026-05-29 14:06:40,-0.07941952380952388
2026-05-29 14:10:00,-0.0773119047619048
2026-05-29 14:11:40,-0.0795509523809525
2026-05-29 14:13:20,-0.09609857142857135
2026-05-29 14:15:00,-0.0882566666666666
2026-05-29 14:16:40,-0.06580666666666665
2026-05-29 14:18:20,-0.07097047619047625
2026-05-29 14:20:00,-0.06723809523809528
2026-05-29 14:21:40,-0.07899238095238079
2026-05-29 14:23:20,-0.07647857142857153
2026-05-29 14:25:00,-0.07744047619047602
2026-05-29 14:26:40,-0.0764500000000001
2026-05-29 14:28:20,-0.06684666666666685
2026-05-29 14:30:00,-0.06246238095238084
2026-05-29 14:31:40,-0.13979761904761903
2026-05-29 14:33:20,-0.055090000000000194
2026-05-29 14:35:00,-0.05007952380952398
2026-05-29 14:36:40,-0.04700857142857151
2026-05-29 14:38:20,-0.042742857142857374
2026-05-29 14:40:00,-0.04167809523809527
2026-05-29 14:41:40,-0.04630285714285702
2026-05-29 14:43:20,-0.035425714285714185
2026-05-29 14:45:00,-0.03460380952380964
2026-05-29 14:46:40,-0.02488809523809521
2026-05-29 14:48:20,-0.027306666666666646
2026-05-29 14:50:00,-0.02026619047619056
2026-05-29 14:51:40,-0.023255714285714275
2026-05-29 14:53:20,-0.02835428571428563
2026-05-29 14:55:00,-0.02592238095238107
2026-05-29 14:56:40,-0.02723095238095236
2026-05-29 14:58:20,-0.036816190476190475
2026-05-29 15:00:00,-0.04621619047619038
2026-05-29 15:01:40,-0.07084047619047622
2026-05-29 15:03:20,-0.0886914285714285
2026-05-29 15:05:00,-0.09573904761904752
2026-05-29 15:06:40,-0.11119904761904774
2026-05-29 15:10:00,-0.12990190476190472
2026-05-29 15:11:40,-0.11678095238095246
2026-05-29 15:13:20,-0.0939195238095238
2026-05-29 15:15:00,-0.0980723809523808
2026-05-29 15:16:40,-0.09984380952380942
2026-05-29 15:18:20,-0.08642285714285705
2026-05-29 15:20:00,-0.08243666666666652
2026-05-29 15:21:40,-0.07235238095238071
2026-05-29 15:23:20,-0.0642095238095238
2026-05-29 15:25:00,-0.0758199999999999
2026-05-29 15:26:40,-0.06436619047619051
2026-05-29 15:28:20,-0.055367142857142726
2026-05-29 15:30:00,-0.0562557142857142
2026-05-29 15:31:40,-0.37410476190476205
2026-05-29 15:33:20,-0.04701285714285727
2026-05-29 15:35:00,-0.040304285714285654
2026-05-29 15:36:40,-0.02775380952380949
2026-05-29 15:38:20,-0.02141952380952373
2026-05-29 15:40:00,-0.019270952380952455
2026-05-29 15:41:40,-0.010127142857142843
2026-05-29 15:43:20,-0.005600476190476179
2026-05-29 15:45:00,-0.003135238095237974
2026-05-29 15:46:40,0.0033961904761903626
2026-05-29 15:48:20,0.010258095238095077
2026-05-29 15:50:00,0.011474761904761679
2026-05-29 15:51:40,0.017028571428571226
2026-05-29 15:53:20,0.019301904761904805
2026-05-29 15:55:00,0.02035714285714276
2026-05-29 15:56:40,0.023773809523809513
2026-05-29 15:58:20,0.027699047619047797
2026-05-29 16:00:00,0.022018095238095135
2026-05-29 16:01:40,0.020641428571428456
2026-05-29 16:03:20,0.011990952380952333
2026-05-29 16:05:00,0.010120476190476154
2026-05-29 16:06:40,0.005558095238095193
2026-05-29 16:10:00,0.004492857142857341
2026-05-29 16:11:40,0.0038595238095239506
2026-05-29 16:13:20,0.00377428571428573
2026-05-29 16:15:00,0.0036723809523810094
2026-05-29 16:16:40,0.0029509523809525652
2026-05-29 16:18:20,0.002182380952380986
2026-05-29 16:20:00,0.002335714285714257
2026-05-29 16:21:40,0.001944761904761852
2026-05-29 16:23:20,0.0014819047619047433
2026-05-29 16:25:00,0.001242380952380856
2026-05-29 16:26:40,0.0006514285714286951
2026-05-29 16:28:20,-9.999999999980858e-05
2026-05-29 16:30:00,-0.0006271428571427359
2026-05-29 16:31:40,-0.0006261904761904954
2026-05-29 16:33:20,-0.002632380952380952
2026-05-29 16:35:00,-0.002158095238095261
2026-05-29 16:36:40,-0.001538095238095491
2026-05-29 16:38:20,-0.0038471428571425145
2026-05-29 16:40:00,-0.003761904761904432
2026-05-29 16:41:40,-0.002479047619047714
2026-05-29 16:43:20,-0.0022566666666669205
2026-05-29 16:45:00,-0.0005452380952382513
2026-05-29 16:46:40,-0.00025380952380946176
2026-05-29 16:48:20,-0.001423333333333384
2026-05-29 16:50:00,-0.0006728571428569925
2026-05-29 16:51:40,-0.0007366666666667326
2026-05-29 16:53:20,0.0015209523809524388
2026-05-29 16:55:00,0.0031319047619048114
2026-05-29 16:56:40,0.0029714285714285728
2026-05-29 16:58:20,0.004420476190476273
2026-05-29 17:00:00,0.0068842857142855825
2026-05-29 17:01:40,0.022499047619047505
2026-05-29 17:03:20,0.02883809523809517
2026-05-29 17:05:00,0.032329523809523704
2026-05-29 17:06:40,0.0396757142857142
2026-05-29 17:10:00,0.03970285714285719
2026-05-29 17:11:40,0.03221904761904745
2026-05-29 17:13:20,0.04355428571428569
2026-05-29 17:15:00,0.03941285714285711
2026-05-29 17:16:40,0.031200000000000127
2026-05-29 17:18:20,0.027612857142856946
2026-05-29 17:20:00,0.028164285714285697
2026-05-29 17:21:40,0.024625238095238103
2026-05-29 17:23:20,0.02286857142857142
2026-05-29 17:25:00,0.019705238095238088
2026-05-29 17:26:40,0.015458428571428482
2026-05-29 17:28:20,0.015849047619047606
2026-05-29 17:30:00,0.015400952380952414
2026-05-29 17:31:40,0.013200952380952511
2026-05-29 17:33:20,0.010227619047619027
2026-05-29 17:35:00,0.010181904761904802
2026-05-29 17:36:40,0.010449523809523721
2026-05-29 17:38:20,0.006854285714285598
2026-05-29 17:40:00,0.005767619047619001
2026-05-29 17:41:40,0.0017740952380951684
2026-05-29 17:43:20,-0.0011666666666666284
2026-05-29 17:45:00,-0.0011523809523808978
2026-05-29 17:46:40,-0.003693809523809495
2026-05-29 17:48:20,-0.006695714285714291
2026-05-29 17:50:00,-0.010145714285714487
2026-05-29 17:51:40,-0.02088571428571437
2026-05-29 17:53:20,-0.017460476190476394
2026-05-29 17:55:00,-0.017365238095238003
2026-05-29 17:56:40,-0.022564285714285724
2026-05-29 17:58:20,-0.027497619047618778
2026-05-29 18:00:00,-0.03428190476190504
2026-05-29 18:01:40,-0.025959523809523787
2026-05-29 18:03:20,-0.023547142857143
2026-05-29 18:05:00,-0.021891904761904675
2026-05-29 18:06:40,-0.017729999999999906
2026-05-29 18:10:00,-0.011183809523809242
2026-05-29 18:11:40,-0.0010585714285712795
2026-05-29 18:13:20,0.015421904761904626
2026-05-29 18:15:00,0.03450857142857151
2026-05-29 18:16:40,0.05195761904761909
2026-05-29 18:18:20,0.06992047619047628
2026-05-29 18:20:00,0.08943476190476227
2026-05-29 18:21:40,0.09270999999999979
2026-05-29 18:23:20,0.13457476190476197
2026-05-29 18:25:00,0.13132523809523788
2026-05-29 18:26:40,0.13060142857142862
2026-05-29 18:28:20,0.1446709523809525
2026-05-29 18:30:00,0.13940523809523792
2026-05-29 18:31:40,0.13964333333333326
2026-05-29 18:33:20,0.15721333333333332
2026-05-29 18:35:00,0.15949666666666645
2026-05-29 18:36:40,0.15142904761904796
2026-05-29 18:38:20,0.09760476190476193
2026-05-29 18:40:00,0.10386047619047625
2026-05-29 18:41:40,0.09760190476190479
2026-05-29 18:43:20,0.0909999999999999
2026-05-29 18:45:00,0.08870809523809517
2026-05-29 18:46:40,0.09291000000000013
2026-05-29 18:48:20,0.08560333333333327
2026-05-29 18:50:00,0.08041285714285726
2026-05-29 18:51:40,0.06836809523809535
2026-05-29 18:53:20,0.05357809523809539
2026-05-29 18:55:00,0.04891714285714268
2026-05-29 18:56:40,0.039905714285714114
2026-05-29 18:58:20,0.03516428571428559
2026-05-29 19:00:00,0.03481714285714296
2026-05-29 19:01:40,0.034211428571428615
2026-05-29 19:03:20,0.03497476190476165
2026-05-29 19:05:00,0.03456904761904811
2026-05-29 19:06:40,0.029533809523809594
2026-05-29 19:10:00,0.02189047619047617
2026-05-29 19:11:40,0.022398571428571268
2026-05-29 19:13:20,0.02599619047619041
2026-05-29 19:15:00,0.02960238095238074
2026-05-29 19:16:40,0.040897619047618766
2026-05-29 19:18:20,0.03233428571428571
2026-05-29 19:20:00,0.030531904761904774
2026-05-29 19:21:40,0.028303809523809564
2026-05-29 19:23:20,0.02992857142857118
2026-05-29 19:25:00,0.030608095238095306
2026-05-29 19:26:40,0.03338238095238105
2026-05-29 19:28:20,0.043230476190476
2026-05-29 19:30:00,0.04730238095238101
2026-05-29 19:31:40,0.05064809523809538
2026-05-29 19:33:20,0.05081952380952387
2026-05-29 19:35:00,0.05293190476190469
2026-05-29 19:36:40,0.05199000000000004
2026-05-29 19:38:20,0.04777047619047615
2026-05-29 19:40:00,0.0547414285714286
2026-05-29 19:41:40,0.0846857142857146
2026-05-29 19:43:20,0.07048666666666668
2026-05-29 19:45:00,0.06601666666666668
2026-05-29 19:46:40,0.06913476190476187
2026-05-29 19:48:20,0.06808285714285692
2026-05-29 19:50:00,0.06858999999999982
2026-05-29 19:51:40,0.07557476190476174
2026-05-29 19:53:20,0.07986333333333341
2026-05-29 19:55:00,0.07775428571428583
2026-05-29 19:56:40,0.07641857142857138
2026-05-29 19:58:20,0.09803952380952384
2026-05-29 20:00:00,0.09714904761904769
2026-05-29 20:01:40,0.08733904761904762
2026-05-29 20:03:20,0.09220285714285728
2026-05-29 20:05:00,0.0935366666666665
2026-05-29 20:06:40,0.11545238095238075
2026-05-29 20:10:00,0.11010190476190479
2026-05-29 20:11:40,0.1045342857142858
2026-05-29 20:13:20,0.1012628571428572
2026-05-29 20:15:00,0.10178523809523816
2026-05-29 20:16:40,0.10668333333333305
2026-05-29 20:18:20,0.1029485714285714
2026-05-29 20:20:00,0.09928666666666683
2026-05-29 20:21:40,0.09756428571428555
2026-05-29 20:23:20,0.0950142857142859
2026-05-29 20:25:00,0.09372095238095232
2026-05-29 20:26:40,0.09013190476190445
2026-05-29 20:28:20,0.08647952380952369
2026-05-29 20:30:00,0.0860899999999999
2026-05-29 20:31:40,0.08544999999999996
2026-05-29 20:33:20,0.08557857142857156
2026-05-29 20:35:00,0.0802019047619047
2026-05-29 20:36:40,0.07664809523809543
2026-05-29 20:38:20,0.07649666666666693
2026-05-29 20:40:00,0.07494857142857124
2026-05-29 20:41:40,0.07532047619047638
2026-05-29 20:43:20,0.07180809523809532
2026-05-29 20:45:00,0.0703809523809524
2026-05-29 20:46:40,0.06536380952380957
2026-05-29 20:48:20,0.07127142857142862
2026-05-29 20:50:00,0.06783047619047616
2026-05-29 20:51:40,0.07125523809523834
2026-05-29 20:53:20,0.0820338095238101
2026-05-29 20:55:00,0.08055238095238086
2026-05-29 20:56:40,0.0871057142857145
2026-05-29 20:58:20,0.0763980952380951
2026-05-29 21:00:00,0.0702352380952379
2026-05-29 21:01:40,0.06303428571428556
2026-05-29 21:03:20,0.04931190476190501
2026-05-29 21:05:00,0.04682285714285707
2026-05-29 21:06:40,0.048749523809523965
2026-05-29 21:10:00,0.039611428571428305
2026-05-29 21:11:40,0.043479999999999935
2026-05-29 21:13:20,0.041518095238095576
2026-05-29 21:15:00,0.03620285714285726
2026-05-29 21:16:40,0.0333628571428568
2026-05-29 21:18:20,0.027457142857142756
2026-05-29 21:20:00,0.028241904761904704
2026-05-29 21:21:40,0.022496666666666693
2026-05-29 21:23:20,0.01975428571428571
2026-05-29 21:25:00,0.017562857142857033
2026-05-29 21:26:40,0.014115238095238007
2026-05-29 21:28:20,0.008391904761904885
2026-05-29 21:30:00,0.0053904761904760845
2026-05-29 21:31:40,0.002099047619047438
2026-05-29 21:33:20,-0.0020990476190477503
2026-05-29 21:35:00,-0.0045495238095239615
2026-05-29 21:36:40,-0.007662380952381007
2026-05-29 21:38:20,-0.012680952380952282
2026-05-29 21:40:00,-0.015253809523809565
2026-05-29 21:41:40,-0.021440952380952553
2026-05-29 21:43:20,-0.025954761904761724
2026-05-29 21:45:00,-0.024309999999999832
2026-05-29 21:46:40,-0.03551476190476191
2026-05-29 21:48:20,-0.03753857142857126
2026-05-29 21:50:00,-0.03751380952380953
2026-05-29 21:51:40,-0.03970523809523789
2026-05-29 21:53:20,-0.044021428571428434
2026-05-29 21:55:00,-0.04899238095238092
2026-05-29 21:56:40,-0.05040142857142878
2026-05-29 21:58:20,-0.05440761904761928
2026-05-29 22:00:00,-0.060196190476190584
2026-05-29 22:01:40,-0.07003428571428577
2026-05-29 22:03:20,-0.05507809523809511
2026-05-29 22:05:00,-0.05299857142857119
2026-05-29 22:06:40,-0.053484285714286095
2026-05-29 22:10:00,-0.04902857142857127
2026-05-29 22:11:40,-0.05078952380952347
2026-05-29 22:13:20,-0.048418095238095205
2026-05-29 22:15:00,-0.04714952380952367
2026-05-29 22:16:40,-0.043564285714285514
2026-05-29 22:18:20,-0.0407933333333331
2026-05-29 22:20:00,-0.03986047619047611
2026-05-29 22:21:40,-0.03481333333333348
2026-05-29 22:23:20,-0.029447619047619007
2026-05-29 22:25:00,-0.02653142857142865
2026-05-29 22:26:40,-0.02321761904761893
2026-05-29 22:28:20,-0.02032523809523816
2026-05-29 22:30:00,-0.01873333333333361
2026-05-29 22:31:40,-0.015151428571428503
2026-05-29 22:33:20,-0.012060476190476364
2026-05-29 22:35:00,-0.010845714285714451
2026-05-29 22:36:40,-0.0056000000000000286
2026-05-29 22:38:20,-0.002409999999999992
2026-05-29 22:40:00,0.00036428571428572323
2026-05-29 22:41:40,0.005470476190476293
2026-05-29 22:43:20,0.008331428571428445
2026-05-29 22:45:00,0.009961904761904606
2026-05-29 22:46:40,0.016180476190476172
2026-05-29 22:48:20,0.017885238095238006
2026-05-29 22:50:00,0.018839999999999885
2026-05-29 22:51:40,0.02216571428571427
2026-05-29 22:53:20,0.02676952380952399
2026-05-29 22:55:00,0.030515238095237946
2026-05-29 22:56:40,0.034870476190476334
2026-05-29 22:58:20,0.030574761904761997
2026-05-29 23:00:00,0.02741666666666673
2026-05-29 23:01:40,0.03556285714285738
2026-05-29 23:03:20,0.04048476190476183
2026-05-29 23:05:00,0.04014380952380954
2026-05-29 23:06:40,0.03741523809523803
2026-05-29 23:10:00,0.05019285714285713
2026-05-29 23:11:40,0.05192
2026-05-29 23:13:20,0.05291714285714282
2026-05-29 23:15:00,0.057855714285714364
2026-05-29 23:16:40,0.05647571428571434
2026-05-29 23:18:20,0.05788190476190475
2026-05-29 23:20:00,0.05630904761904775
2026-05-29 23:21:40,0.06226571428571412
2026-05-29 23:23:20,0.06438571428571442
2026-05-29 23:25:00,0.06627523809523814
2026-05-29 23:26:40,0.06694333333333317
2026-05-29 23:28:20,0.06558285714285692
2026-05-29 23:30:00,0.0668419047619046
2026-05-29 23:31:40,0.07211523809523822
2026-05-29 23:33:20,0.07346761904761911
2026-05-29 23:35:00,0.0729338095238096
2026-05-29 23:36:40,0.07535523809523845
2026-05-29 23:38:20,0.07474238095238114
2026-05-29 23:40:00,0.07573619047619054
2026-05-29 23:41:40,0.08186047619047615
2026-05-29 23:43:20,0.07819999999999977
2026-05-29 23:45:00,0.08115333333333292
2026-05-29 23:46:40,0.0818552380952382
2026-05-29 23:48:20,0.08470857142857133
2026-05-29 23:50:00,0.07562190476190489
2026-05-29 23:51:40,0.07501952380952373
2026-05-29 23:53:20,0.07196666666666668
2026-05-29 23:55:00,0.07398666666666666
2026-05-29 23:56:40,0.061419523809523674
2026-05-29 23:58:20,0.05902761904761869
2026-05-30 00:00:00,0.05323142857142864
2026-05-30 00:01:40,0.0539766666666666
2026-05-30 00:03:20,0.055705714285714025
2026-05-30 00:05:00,0.04943857142857144
2026-05-30 00:06:40,0.052526666666666735
2026-05-30 00:10:00,0.050572857142857044
2026-05-30 00:11:40,0.04721238095238098
2026-05-30 00:13:20,0.048720476190476245
2026-05-30 00:15:00,0.04568142857142859
2026-05-30 00:16:40,0.04351380952380951
2026-05-30 00:18:20,0.043754285714285704
2026-05-30 00:20:00,0.04024571428571436
2026-05-30 00:21:40,0.04058238095238108
2026-05-30 00:23:20,0.03823333333333351
2026-05-30 00:25:00,0.0371609523809525
2026-05-30 00:26:40,0.035394761904761735
2026-05-30 00:28:20,0.03280380952380952
2026-05-30 00:30:00,0.029560952380952375
2026-05-30 00:31:40,0.0277747619047617
2026-05-30 00:33:20,0.025046666666666738
2026-05-30 00:35:00,0.024060952380952304
2026-05-30 00:36:40,0.019311904761904714
2026-05-30 00:38:20,0.01737809523809542
2026-05-30 00:40:00,0.01574095238095239
2026-05-30 00:41:40,0.012447857142857153
2026-05-30 00:43:20,0.010508095238095077
2026-05-30 00:45:00,0.009190952380952293
2026-05-30 00:46:40,0.007239523809523804
2026-05-30 00:48:20,0.005956190476190691
2026-05-30 00:50:00,0.00655999999999991
2026-05-30 00:51:40,0.004443333333333396
2026-05-30 00:53:20,0.0018438095238095809
2026-05-30 00:55:00,0.0005047619047620078
2026-05-30 00:56:40,-0.00166142857142864
2026-05-30 00:58:20,-0.003779047619047571
2026-05-30 01:00:00,-0.00535095238095246
2026-05-30 01:01:40,-0.006191428571428341
2026-05-30 01:03:20,-0.006940952380952313
2026-05-30 01:05:00,-0.007186666666666633
2026-05-30 01:06:40,-0.005806666666666538
2026-05-30 01:10:00,-0.005843333333333244
2026-05-30 01:11:40,-0.005101428571428696
2026-05-30 01:13:20,-0.005341904761904886
2026-05-30 01:15:00,-0.0039166666666664
2026-05-30 01:16:40,-0.004604761904761948
2026-05-30 01:18:20,-0.002959047619047783
2026-05-30 01:20:00,-0.003100476190476138
2026-05-30 01:21:40,-0.001460000000000166
2026-05-30 01:23:20,-0.0015790476190475182
2026-05-30 01:25:00,-0.0015614285714286406
2026-05-30 01:26:40,-0.0009028571428572208
2026-05-30 01:28:20,-2.3333333333434153e-05
2026-05-30 01:30:00,0.0009352380952381209
2026-05-30 01:31:40,0.0014133333333335718
2026-05-30 01:33:20,0.0011280952380951729
2026-05-30 01:35:00,0.0016080952380953372
2026-05-30 01:36:40,0.0011490476190475218
2026-05-30 01:38:20,0.0015738095238095034
2026-05-30 01:40:00,0.0022766666666666716
2026-05-30 01:41:40,0.0027657142857143557
2026-05-30 01:43:20,0.00406285714285704
2026-05-30 01:45:00,0.0026385714285715525
2026-05-30 01:46:40,0.003952380952380876
2026-05-30 01:48:20,0.003945714285714103
2026-05-30 01:50:00,0.0038180952380953825
2026-05-30 01:51:40,0.0043366666666664645
2026-05-30 01:53:20,0.0046823809523810055
2026-05-30 01:55:00,0.0054733333333335035
2026-05-30 01:56:40,0.004791904761904666
2026-05-30 01:58:20,0.005821904761904721
2026-05-30 02:00:00,0.005725714285714311
2026-05-30 02:01:40,0.005972857142857023
2026-05-30 02:03:20,0.006371428571428705
2026-05-30 02:05:00,0.0062319047619046886
2026-05-30 02:06:40,0.006152857142857187
2026-05-30 02:10:00,0.007237619047619114
2026-05-30 02:11:40,0.00763666666666645
2026-05-30 02:13:20,0.005812380952381114
2026-05-30 02:15:00,0.006442380952380979
2026-05-30 02:16:40,0.006977619047618986
2026-05-30 02:18:20,0.006503809523809434
2026-05-30 02:20:00,0.005746190476190537
2026-05-30 02:21:40,0.005277904761904753
2026-05-30 02:23:20,0.005811571428571503
2026-05-30 02:25:00,0.006519999999999996
2026-05-30 02:26:40,0.007534285714285747
2026-05-30 02:28:20,0.00767428571428567
2026-05-30 02:30:00,0.007086666666666727
2026-05-30 02:31:40,0.006770476190476072
2026-05-30 02:33:20,0.006796190476190431
2026-05-30 02:35:00,0.007853809523809523
2026-05-30 02:36:40,0.007703333333333267
2026-05-30 02:38:20,0.0070438095238096
2026-05-30 02:40:00,0.007358571428571442
2026-05-30 02:41:40,0.007219523809523969
2026-05-30 02:43:20,0.007372380952381002
2026-05-30 02:45:00,0.007276666666666544
2026-05-30 02:46:40,0.0068590476190475425
2026-05-30 02:48:20,0.006830000000000081
2026-05-30 02:50:00,0.006992380952380913
2026-05-30 02:51:40,0.006927619047619167
2026-05-30 02:53:20,0.007186666666666399
2026-05-30 02:55:00,0.006392857142857195
2026-05-30 02:56:40,0.00719142857142842
2026-05-30 02:58:20,0.007628571428571401
2026-05-30 03:00:00,0.0065509523809524
2026-05-30 03:01:40,0.008129999999999927
2026-05-30 03:03:20,0.008102380952380943
2026-05-30 03:05:00,0.00841952380952371
2026-05-30 03:06:40,0.007693333333333319
2026-05-30 03:10:00,0.008862380952381205
2026-05-30 03:11:40,0.00819714285714294
2026-05-30 03:13:20,0.00936333333333339
2026-05-30 03:15:00,0.010513333333333395
2026-05-30 03:16:40,0.014437619047619019
2026-05-30 03:18:20,0.011376190476190543
2026-05-30 03:20:00,0.009423333333333317
2026-05-30 03:21:40,0.007314285714285712
2026-05-30 03:23:20,0.007514285714285616
2026-05-30 03:25:00,0.006634761904761892
2026-05-30 03:26:40,0.006447619047619098
2026-05-30 03:28:20,0.006162380952380848
2026-05-30 03:30:00,0.006375238095238158
2026-05-30 03:31:40,0.005403333333333458
2026-05-30 03:33:20,0.005026190476190382
2026-05-30 03:35:00,0.004656190476190411
2026-05-30 03:36:40,0.0038966666666666906
2026-05-30 03:38:20,0.005110952380952504
2026-05-30 03:40:00,0.004745714285714384
2026-05-30 03:41:40,0.003934285714285552
2026-05-30 03:43:20,0.003614285714285813
2026-05-30 03:45:00,0.0032147619047616805
2026-05-30 03:46:40,0.003059047619047633
2026-05-30 03:48:20,0.0032671428571427854
2026-05-30 03:50:00,0.0035052380952380396
2026-05-30 03:51:40,0.002843333333333203
2026-05-30 03:53:20,0.0019828571428571378
2026-05-30 03:55:00,0.001480476190476109
2026-05-30 03:56:40,0.0015104761904759564
2026-05-30 03:58:20,0.0010785714285714313
2026-05-30 04:00:00,0.001162380952381039
2026-05-30 04:01:40,0.0008442857142855779
2026-05-30 04:03:20,0.0011052380952381036
2026-05-30 04:05:00,0.0007319047619047247
2026-05-30 04:06:40,0.0010557142857143503
2026-05-30 04:10:00,0.001440952380952273
2026-05-30 04:11:40,0.0017609523809524238
2026-05-30 04:13:20,0.002100952380952653
2026-05-30 04:15:00,0.00232047619047605
2026-05-30 04:16:40,0.002564761904761779
2026-05-30 04:18:20,0.002507619047619097
2026-05-30 04:20:00,0.002823333333333199
2026-05-30 04:21:40,0.003149523809523676
2026-05-30 04:23:20,0.003762857142857073
2026-05-30 04:25:00,0.0042919047619049645
2026-05-30 04:26:40,0.006053809523809437
2026-05-30 04:28:20,0.007626666666666913
2026-05-30 04:30:00,0.0064023809523807915
2026-05-30 04:31:40,0.00944904761904754
2026-05-30 04:33:20,0.00879285714285711
2026-05-30 04:35:00,0.007725238095238089
2026-05-30 04:36:40,0.007799523809523814
2026-05-30 04:38:20,0.00971428571428587
2026-05-30 04:40:00,0.012214761904762096
2026-05-30 04:41:40,0.013402857142857017
2026-05-30 04:43:20,0.013596666666666743
2026-05-30 04:45:00,0.01225571428571414
2026-05-30 04:46:40,0.016279047619047728
2026-05-30 04:48:20,0.016129047619047696
2026-05-30 04:50:00,0.016112380952380687
2026-05-30 04:51:40,0.014822380952381002
2026-05-30 04:53:20,0.01763285714285688
2026-05-30 04:55:00,0.01807619047619062
2026-05-30 04:56:40,0.018575238095237895
2026-05-30 04:58:20,0.01916238095238119
2026-05-30 05:00:00,0.020062857142857424
2026-05-30 05:01:40,0.0207666666666664
2026-05-30 05:03:20,0.01933857142857168
2026-05-30 05:05:00,0.018834761904761795
2026-05-30 05:06:40,0.01858952380952384
2026-05-30 05:10:00,0.014964761904761724
2026-05-30 05:11:40,0.014043333333333154
2026-05-30 05:13:20,0.01585523809523804
2026-05-30 05:15:00,0.016638571428571503
2026-05-30 05:16:40,0.01598571428571428
2026-05-30 05:18:20,0.015042857142857094
2026-05-30 05:20:00,0.015613809523809778
2026-05-30 05:21:40,0.017458095238095467
2026-05-30 05:23:20,0.01871904761904749
2026-05-30 05:25:00,0.01749761904761925
2026-05-30 05:26:40,0.018358095238095305
2026-05-30 05:28:20,0.020087619047619097
2026-05-30 05:30:00,0.020154761904761835
2026-05-30 05:31:40,0.01823238095238083
2026-05-30 05:33:20,0.020422857142857256
2026-05-30 05:35:00,0.02407904761904748
2026-05-30 05:36:40,0.025860476190476052
2026-05-30 05:38:20,0.025793333333333356
2026-05-30 05:40:00,0.025680000000000126
2026-05-30 05:41:40,0.02774523809523809
2026-05-30 05:43:20,0.02897190476190466
2026-05-30 05:45:00,0.029088571428571405
2026-05-30 05:46:40,0.03265904761904746
2026-05-30 05:48:20,0.03401285714285701
2026-05-30 05:50:00,0.035416666666666895
2026-05-30 05:51:40,0.03455047619047638
2026-05-30 05:53:20,0.03861571428571394
2026-05-30 05:55:00,0.04401380952380978
2026-05-30 05:56:40,0.06665809523809492
2026-05-30 05:58:20,0.07783142857142933
2026-05-30 06:00:00,0.06676714285714255
2026-05-30 06:01:40,0.07143000000000022
2026-05-30 06:03:20,0.08517476190476231
2026-05-30 06:05:00,0.07696571428571414
2026-05-30 06:06:40,0.07205666666666725
2026-05-30 06:10:00,0.06389904761904736
2026-05-30 06:11:40,0.05623333333333328
2026-05-30 06:13:20,0.051161904761904665
2026-05-30 06:15:00,0.054162380952380976
2026-05-30 06:16:40,0.044885714285713973
2026-05-30 06:18:20,0.04526714285714274
2026-05-30 06:20:00,0.0420566666666662
2026-05-30 06:21:40,0.03782857142857132
2026-05-30 06:23:20,0.03473238095238084
2026-05-30 06:25:00,0.03543238095238105
2026-05-30 06:26:40,0.03243952380952447
2026-05-30 06:28:20,0.032116190476190395
2026-05-30 06:30:00,0.0406038095238095
2026-05-30 06:31:40,0.04353714285714306
2026-05-30 06:33:20,0.03418380952380925
2026-05-30 06:35:00,0.030328095238095223
2026-05-30 06:36:40,0.025359523809523707
2026-05-30 06:38:20,0.025260000000000494
2026-05-30 06:40:00,0.022457142857143092
2026-05-30 06:41:40,0.01774952380952357
2026-05-30 06:43:20,0.015050000000000029
2026-05-30 06:45:00,0.013695714285714346
2026-05-30 06:46:40,0.009660000000000288
2026-05-30 06:48:20,0.006992857142857129
2026-05-30 06:50:00,0.005872857142856897
2026-05-30 06:51:40,0.0040157142857144765
2026-05-30 06:53:20,0.002518095238095113
2026-05-30 06:55:00,0.0012099999999996584
2026-05-30 06:56:40,-0.0011685714285712594
2026-05-30 06:58:20,-0.0045200000000002166
2026-05-30 07:00:00,-0.004857619047619214
2026-05-30 07:01:40,-0.00463285714285738
2026-05-30 07:03:20,-0.004315238095238387
2026-05-30 07:05:00,-0.004576190476190321
2026-05-30 07:06:40,-0.0034090476190475998
2026-05-30 07:10:00,-0.004091904761904797
2026-05-30 07:11:40,-0.004182857142857012
2026-05-30 07:13:20,-0.00488142857142847
2026-05-30 07:15:00,-0.004708571428571168
2026-05-30 07:16:40,-0.004051904761904682
2026-05-30 07:18:20,-0.0037580952380955384
2026-05-30 07:20:00,-0.004240952380952503
2026-05-30 07:21:40,-0.005058571428571938
2026-05-30 07:23:20,-0.004370952380952128
2026-05-30 07:25:00,-0.0038861904761906853
2026-05-30 07:26:40,-0.0030519047619049396
2026-05-30 07:28:20,-0.0019533333333335463
2026-05-30 07:30:00,-0.001571428571428524
2026-05-30 07:31:40,-0.0007314285714280742
2026-05-30 07:33:20,0.0009676190476194876
2026-05-30 07:35:00,0.001924761904761995
2026-05-30 07:36:40,0.0036157142857137815
2026-05-30 07:38:20,0.005878095238095217
2026-05-30 07:40:00,0.007036190476190939
2026-05-30 07:41:40,0.012291904761904698
2026-05-30 07:43:20,0.01412285714285624
2026-05-30 07:45:00,0.016787619047618767
2026-05-30 07:46:40,0.022052380952380775
2026-05-30 07:48:20,0.027962857142857754
2026-05-30 07:50:00,0.029209523809523068
2026-05-30 07:51:40,0.02569142857142745
2026-05-30 07:53:20,0.022095238095237186
2026-05-30 07:55:00,0.022676190476189313
2026-05-30 07:56:40,0.024029523809523688
2026-05-30 07:58:20,0.023544285714285733
2026-05-30 08:00:00,0.023844761904761376
2026-05-30 08:01:40,0.02377380952380944
2026-05-30 08:03:20,0.024499523809523995
2026-05-30 08:05:00,0.026190952380952145
2026-05-30 08:06:40,0.025895238095238228
2026-05-30 08:10:00,0.022794761904761814
2026-05-30 08:11:40,0.0230704761904759
2026-05-30 08:13:20,0.021474285714285685
2026-05-30 08:15:00,0.022242380952380944
2026-05-30 08:16:40,0.023509523809524
2026-05-30 08:18:20,0.02271857142857183
2026-05-30 08:20:00,0.02215380952380944
2026-05-30 08:21:40,0.021024285714285613
2026-05-30 08:23:20,0.023881428571428134
2026-05-30 08:25:00,0.023208095238095805
2026-05-30 08:26:40,0.022965714285714808
2026-05-30 08:28:20,0.02163047619047672
2026-05-30 08:30:00,0.02134619047619052
2026-05-30 08:31:40,0.021412857142856987
2026-05-30 08:33:20,0.02055333333333226
2026-05-30 08:35:00,0.019663333333332964
2026-05-30 08:36:40,0.01812857142857126
2026-05-30 08:38:20,0.016807619047618686
2026-05-30 08:40:00,0.01509428571428578
2026-05-30 08:41:40,0.013622380952380723
2026-05-30 08:43:20,0.011864285714285957
2026-05-30 08:45:00,0.011848571428570997
2026-05-30 08:46:40,0.009754761904761544
2026-05-30 08:48:20,0.009164761904761993
2026-05-30 08:50:00,0.008543333333333073
2026-05-30 08:51:40,0.007057619047618802
2026-05-30 08:53:20,0.00568857142857154
2026-05-30 08:55:00,0.005124761904761601
2026-05-30 08:56:40,0.004562857142857345
2026-05-30 08:58:20,0.003196190476190543
2026-05-30 09:00:00,0.00274666666666658
2026-05-30 09:01:40,0.0019676190476189325
2026-05-30 09:03:20,0.0012033333333337517
2026-05-30 09:05:00,0.0008385714285713394
2026-05-30 09:06:40,0.00016714285714257757
2026-05-30 09:10:00,-0.0008338095238090016
2026-05-30 09:11:40,-0.0011809523809522297
2026-05-30 09:13:20,-0.0015166666666668327
2026-05-30 09:15:00,-0.0017119047619044096
2026-05-30 09:16:40,-0.0019914285714282103
2026-05-30 09:18:20,-0.002200000000000054
2026-05-30 09:20:00,-0.002243809523809822
2026-05-30 09:21:40,-0.0022552380952380246
2026-05-30 09:23:20,-0.0024771428571429078
2026-05-30 09:25:00,-0.002566190476190666
2026-05-30 09:26:40,-0.002307142857142746
2026-05-30 09:28:20,-0.0021752380952382404
2026-05-30 09:30:00,-0.0021138095238094996
2026-05-30 09:31:40,-0.002017142857142686
2026-05-30 09:33:20,-0.0019466666666669219
2026-05-30 09:35:00,-0.001853809523809636
2026-05-30 09:36:40,-0.0017623809523806982
2026-05-30 09:38:20,-0.0014071428571428238
2026-05-30 09:40:00,-0.0013519047619046205
2026-05-30 09:41:40,-0.0011861904761906131
2026-05-30 09:43:20,-0.001118095238095151
2026-05-30 09:45:00,-0.0010295238095238506
2026-05-30 09:46:40,-0.0008961904761905531
2026-05-30 09:48:20,-0.0008019047619046969
2026-05-30 09:50:00,-0.0007309523809523058
2026-05-30 09:51:40,-0.0005719047619048078
2026-05-30 09:53:20,-0.0004490476190477695
2026-05-30 09:55:00,-0.0004066666666665606
2026-05-30 09:56:40,-0.0003128571428571095
2026-05-30 09:58:20,-0.00019809523809515074
2026-05-30 10:00:00,-0.00015619047619056897
2026-05-30 10:01:40,-0.00010380952380929457
2026-05-30 10:03:20,-4.1904761905015286e-05
2026-05-30 10:05:00,-2.0952380952285598e-05
2026-05-30 10:06:40,-1.0000000000065512e-05
2026-05-30 10:11:40,0.0
2026-05-30 10:13:20,0.0
2026-05-30 10:15:00,0.0
2026-05-30 10:16:40,0.0
2026-05-30 10:18:20,0.0
2026-05-30 10:20:00,0.0
2026-05-30 10:21:40,0.0
2026-05-30 10:23:20,0.0
2026-05-30 10:25:00,0.0
2026-05-30 10:26:40,0.0
2026-05-30 10:28:20,0.0
2026-05-30 10:30:00,0.0
2026-05-30 10:31:40,0.0
2026-05-30 10:33:20,0.0
2026-05-30 10:35:00,0.0
2026-05-30 10:36:40,0.0
2026-05-30 10:38:20,0.0
2026-05-30 10:40:00,0.0
2026-05-30 10:41:40,0.0
2026-05-30 10:43:20,0.0
2026-05-30 10:45:00,0.0
2026-05-30 10:46:40,0.0
2026-05-30 10:48:20,0.0
2026-05-30 10:50:00,0.0
2026-05-30 10:51:40,0.0
2026-05-30 10:53:20,0.0
2026-05-30 10:55:00,0.0
2026-05-30 10:56:40,0.0
2026-05-30 10:58:20,0.0
2026-05-30 11:00:00,0.0
2026-05-30 11:01:40,0.0
2026-05-30 11:03:20,0.0
2026-05-30 11:05:00,0.0
2026-05-30 11:06:40,0.0
2026-05-30 11:10:00,0.0
2026-05-30 11:11:40,0.0
2026-05-30 11:13:20,0.0
2026-05-30 11:15:00,0.0
2026-05-30 11:16:40,0.0
2026-05-30 11:18:20,0.0
2026-05-30 11:20:00,0.0
2026-05-30 11:21:40,0.0
2026-05-30 11:23:20,0.0
2026-05-30 11:25:00,0.0
2026-05-30 11:26:40,0.0
2026-05-30 11:28:20,0.0
2026-05-30 11:30:00,0.0
2026-05-30 11:31:40,0.0
2026-05-30 11:33:20,0.0
2026-05-30 11:35:00,0.0
2026-05-30 11:36:40,0.0
2026-05-30 11:38:20,0.0
2026-05-30 11:40:00,0.0
2026-05-30 11:41:40,0.0
2026-05-30 11:43:20,0.0
2026-05-30 11:45:00,0.0
2026-05-30 11:46:40,0.0
2026-05-30 11:48:20,0.0
2026-05-30 11:50:00,0.0
2026-05-30 11:51:40,0.0
2026-05-30 11:53:20,0.0
2026-05-30 11:55:00,0.0
2026-05-30 11:56:40,0.0
2026-05-30 11:58:20,0.0
2026-05-30 12:00:00,0.0
2026-05-30 12:01:40,0.0
2026-05-30 12:03:20,0.0
2026-05-30 12:05:00,0.0
2026-05-30 12:06:40,0.0
2026-05-30 12:10:00,0.0
2026-05-30 12:11:40,0.0
2026-05-30 12:13:20,0.0
2026-05-30 12:15:00,0.0
2026-05-30 12:16:40,0.0
2026-05-30 12:18:20,0.0
2026-05-30 12:20:00,0.0
2026-05-30 12:21:40,0.0
2026-05-30 12:23:20,0.0
2026-05-30 12:25:00,0.0
2026-05-30 12:26:40,0.0
2026-05-30 12:28:20,0.0
2026-05-30 12:30:00,0.0
2026-05-30 12:31:40,0.0
2026-05-30 12:33:20,0.0
2026-05-30 12:35:00,0.0
2026-05-30 12:36:40,0.0
2026-05-30 12:38:20,0.0
2026-05-30 12:40:00,0.0
2026-05-30 12:41:40,0.0
2026-05-30 12:43:20,0.0
2026-05-30 12:45:00,0.0
2026-05-30 12:46:40,0.0
2026-05-30 12:48:20,0.0
2026-05-30 12:50:00,0.0
2026-05-30 12:51:40,0.0
2026-05-30 12:53:20,0.0
2026-05-30 12:55:00,0.0
2026-05-30 12:56:40,0.0
2026-05-30 12:58:20,0.0
2026-05-30 13:00:00,0.0
2026-05-30 13:01:40,0.0
2026-05-30 13:03:20,0.0
2026-05-30 13:05:00,0.0
2026-05-30 13:06:40,0.0
2026-05-30 13:11:40,0.0
2026-05-30 13:13:20,0.0
2026-05-30 13:15:00,0.0
2026-05-30 13:16:40,0.0
2026-05-30 13:18:20,0.0
2026-05-30 13:20:00,0.0
2026-05-30 13:21:40,0.0
2026-05-30 13:23:20,0.0
2026-05-30 13:25:00,0.0
2026-05-30 13:26:40,0.0
2026-05-30 13:28:20,0.0
2026-05-30 13:30:00,0.0
2026-05-30 13:31:40,0.0
2026-05-30 13:33:20,0.0
2026-05-30 13:35:00,0.0
2026-05-30 13:36:40,0.0
2026-05-30 13:38:20,0.0
2026-05-30 13:40:00,0.0
2026-05-30 13:41:40,0.0
2026-05-30 13:43:20,0.0
2026-05-30 13:45:00,0.0
2026-05-30 13:46:40,0.0
2026-05-30 13:48:20,0.0
2026-05-30 13:50:00,0.0
2026-05-30 13:51:40,0.0
2026-05-30 13:53:20,0.0
2026-05-30 13:55:00,0.0
2026-05-30 13:56:40,0.0
2026-05-30 13:58:20,0.0
2026-05-30 14:00:00,0.0
2026-05-30 14:01:40,0.0
2026-05-30 14:03:20,0.0
2026-05-30 14:05:00,0.0
2026-05-30 14:06:40,0.0
2026-05-30 14:10:00,0.0
2026-05-30 14:11:40,0.0
2026-05-30 14:13:20,0.0
2026-05-30 14:15:00,0.0
2026-05-30 14:16:40,0.0
2026-05-30 14:18:20,0.0
2026-05-30 14:20:00,0.0
2026-05-30 14:21:40,0.0
2026-05-30 14:23:20,0.0
2026-05-30 14:25:00,0.0
2026-05-30 14:26:40,0.0
2026-05-30 14:28:20,0.0
2026-05-30 14:30:00,0.0
2026-05-30 14:31:40,0.0
2026-05-30 14:33:20,0.0
2026-05-30 14:35:00,0.0
2026-05-30 14:36:40,0.0
2026-05-30 14:38:20,0.0
2026-05-30 14:40:00,0.0
2026-05-30 14:41:40,0.0
2026-05-30 14:43:20,0.0
2026-05-30 14:45:00,0.0
2026-05-30 14:46:40,0.0
2026-05-30 14:48:20,0.0
2026-05-30 14:50:00,0.0
2026-05-30 14:51:40,0.0
2026-05-30 14:53:20,0.0
2026-05-30 14:55:00,0.0
2026-05-30 14:56:40,0.0
2026-05-30 14:58:20,0.0
2026-05-30 15:00:00,0.0
2026-05-30 15:01:40,0.0
2026-05-30 15:03:20,0.0
2026-05-30 15:05:00,0.0
2026-05-30 15:06:40,0.0
2026-05-30 15:10:00,0.0
2026-05-30 15:11:40,0.0
2026-05-30 15:13:20,0.0
2026-05-30 15:15:00,0.0
2026-05-30 15:16:40,0.0
2026-05-30 15:18:20,0.0
2026-05-30 15:20:00,0.0
2026-05-30 15:21:40,0.0
2026-05-30 15:23:20,0.0
2026-05-30 15:25:00,0.0
2026-05-30 15:26:40,0.0
2026-05-30 15:28:20,0.0
2026-05-30 15:30:00,0.0
2026-05-30 15:31:40,0.0
2026-05-30 15:33:20,0.0
2026-05-30 15:35:00,0.0
2026-05-30 15:36:40,0.0
2026-05-30 15:38:20,0.0
2026-05-30 15:40:00,0.0
2026-05-30 15:41:40,0.0
2026-05-30 15:43:20,0.0
2026-05-30 15:45:00,0.0
2026-05-30 15:46:40,0.0
2026-05-30 15:48:20,0.0
2026-05-30 15:50:00,0.0
2026-05-30 15:51:40,0.0
2026-05-30 15:53:20,0.0
2026-05-30 15:55:00,0.0
2026-05-30 15:56:40,0.0
2026-05-30 15:58:20,0.0
2026-05-30 16:00:00,0.0
2026-05-30 16:01:40,0.0
2026-05-30 16:03:20,0.0
2026-05-30 16:05:00,0.0
2026-05-30 16:06:40,0.0
2026-05-30 16:11:40,0.0
2026-05-30 16:13:20,0.0
2026-05-30 16:15:00,0.0
2026-05-30 16:16:40,0.0
2026-05-30 16:18:20,0.0
2026-05-30 16:20:00,0.0
2026-05-30 16:21:40,0.0
2026-05-30 16:23:20,0.0
2026-05-30 16:25:00,0.0
2026-05-30 16:26:40,0.0
2026-05-30 16:28:20,0.0
2026-05-30 16:30:00,0.0
2026-05-30 16:31:40,0.0
2026-05-30 16:33:20,0.0
2026-05-30 16:35:00,0.0
2026-05-30 16:36:40,0.0
2026-05-30 16:38:20,0.0
2026-05-30 16:40:00,0.0
2026-05-30 16:41:40,0.0
2026-05-30 16:43:20,0.0
2026-05-30 16:45:00,0.0
2026-05-30 16:46:40,0.0
2026-05-30 16:48:20,0.0
2026-05-30 16:50:00,0.0
2026-05-30 16:51:40,0.0
2026-05-30 16:53:20,0.0
2026-05-30 16:55:00,0.0
2026-05-30 16:56:40,0.0
2026-05-30 16:58:20,0.0
2026-05-30 17:00:00,0.0
2026-05-30 17:01:40,0.0
2026-05-30 17:03:20,0.0
2026-05-30 17:05:00,0.0
2026-05-30 17:06:40,0.0
2026-05-30 17:10:00,0.0
2026-05-30 17:11:40,0.0
2026-05-30 17:13:20,0.0
2026-05-30 17:15:00,0.0
2026-05-30 17:16:40,0.0
2026-05-30 17:18:20,0.0
2026-05-30 17:20:00,0.0
2026-05-30 17:21:40,0.0
2026-05-30 17:23:20,0.0
2026-05-30 17:25:00,0.0
2026-05-30 17:26:40,0.0
2026-05-30 17:28:20,0.0
2026-05-30 17:30:00,0.0
2026-05-30 17:31:40,0.0
2026-05-30 17:33:20,0.0
2026-05-30 17:35:00,0.0
2026-05-30 17:36:40,0.0
2026-05-30 17:38:20,0.0
2026-05-30 17:40:00,0.0
2026-05-30 17:41:40,0.0
2026-05-30 17:43:20,0.0
2026-05-30 17:45:00,0.0
2026-05-30 17:46:40,0.0
2026-05-30 17:48:20,0.0
2026-05-30 17:50:00,0.0
2026-05-30 17:51:40,0.0
2026-05-30 17:53:20,0.0
2026-05-30 17:55:00,0.0
2026-05-30 17:56:40,0.0
2026-05-30 17:58:20,0.0
2026-05-30 18:00:00,0.0
2026-05-30 18:01:40,0.0
2026-05-30 18:03:20,0.0
2026-05-30 18:05:00,0.0
2026-05-30 18:06:40,0.0
2026-05-30 18:10:00,0.0
2026-05-30 18:11:40,0.0
2026-05-30 18:13:20,0.0
2026-05-30 18:15:00,0.0
2026-05-30 18:16:40,0.0
2026-05-30 18:18:20,0.0
2026-05-30 18:20:00,0.0
2026-05-30 18:21:40,0.0
2026-05-30 18:23:20,0.0
2026-05-30 18:25:00,0.0
2026-05-30 18:26:40,0.0
2026-05-30 18:28:20,0.0
2026-05-30 18:30:00,0.0
2026-05-30 18:31:40,0.0
2026-05-30 18:33:20,0.0
2026-05-30 18:35:00,0.0
2026-05-30 18:36:40,0.0
2026-05-30 18:38:20,0.0
2026-05-30 18:40:00,0.0
2026-05-30 18:41:40,0.0
2026-05-30 18:43:20,0.0
2026-05-30 18:45:00,0.0
2026-05-30 18:46:40,0.0
2026-05-30 18:48:20,0.0
2026-05-30 18:50:00,0.0
2026-05-30 18:51:40,0.0
2026-05-30 18:53:20,0.0
2026-05-30 18:55:00,0.0
2026-05-30 18:56:40,0.0
2026-05-30 18:58:20,0.0
2026-05-30 19:00:00,0.0
2026-05-30 19:01:40,0.0
2026-05-30 19:03:20,0.0
2026-05-30 19:05:00,0.0
2026-05-30 19:06:40,0.0
2026-05-30 19:11:40,0.0
2026-05-30 19:13:20,0.0
2026-05-30 19:15:00,0.0
2026-05-30 19:16:40,0.0
2026-05-30 19:18:20,0.0
2026-05-30 19:20:00,0.0
2026-05-30 19:21:40,0.0
2026-05-30 19:23:20,0.0
2026-05-30 19:25:00,0.0
2026-05-30 19:26:40,0.0
2026-05-30 19:28:20,0.0
2026-05-30 19:30:00,0.0
2026-05-30 19:31:40,0.0
2026-05-30 19:33:20,0.0
2026-05-30 19:35:00,0.0
2026-05-30 19:36:40,0.0
2026-05-30 19:38:20,0.0
2026-05-30 19:40:00,0.0
2026-05-30 19:41:40,0.0
2026-05-30 19:43:20,0.0
2026-05-30 19:45:00,0.0
2026-05-30 19:46:40,0.0
2026-05-30 19:48:20,0.0
2026-05-30 19:50:00,0.0
2026-05-30 19:51:40,0.0
2026-05-30 19:53:20,0.0
2026-05-30 19:55:00,0.0
2026-05-30 19:56:40,0.0
2026-05-30 19:58:20,0.0
2026-05-30 20:00:00,0.0
2026-05-30 20:01:40,0.0
2026-05-30 20:03:20,0.0
2026-05-30 20:05:00,0.0
2026-05-30 20:06:40,0.0
2026-05-30 20:10:00,0.0
2026-05-30 20:11:40,0.0
2026-05-30 20:13:20,0.0
2026-05-30 20:15:00,0.0
2026-05-30 20:16:40,0.0
2026-05-30 20:18:20,0.0
2026-05-30 20:20:00,0.0
2026-05-30 20:21:40,0.0
2026-05-30 20:23:20,0.0
2026-05-30 20:25:00,0.0
2026-05-30 20:26:40,0.0
2026-05-30 20:28:20,0.0
2026-05-30 20:30:00,0.0
2026-05-30 20:31:40,0.0
2026-05-30 20:33:20,0.0
2026-05-30 20:35:00,0.0
2026-05-30 20:36:40,0.0
2026-05-30 20:38:20,0.0
2026-05-30 20:40:00,0.0
2026-05-30 20:41:40,0.0
2026-05-30 20:43:20,0.0
2026-05-30 20:45:00,0.0
2026-05-30 20:46:40,0.0
2026-05-30 20:48:20,0.0
2026-05-30 20:50:00,0.0
2026-05-30 20:51:40,0.0
2026-05-30 20:53:20,0.0
2026-05-30 20:55:00,0.0
2026-05-30 20:56:40,0.0
2026-05-30 20:58:20,0.0
2026-05-30 21:00:00,0.0
2026-05-30 21:01:40,0.0
2026-05-30 21:03:20,0.0
2026-05-30 21:05:00,0.0
2026-05-30 21:06:40,0.0
2026-05-30 21:10:00,0.0
2026-05-30 21:11:40,0.0
2026-05-30 21:13:20,0.0
2026-05-30 21:15:00,0.0
2026-05-30 21:16:40,0.0
2026-05-30 21:18:20,0.0
2026-05-30 21:20:00,0.0
2026-05-30 21:21:40,0.0
2026-05-30 21:23:20,0.0
2026-05-30 21:25:00,0.0
2026-05-30 21:26:40,0.0
2026-05-30 21:28:20,0.0
2026-05-30 21:30:00,0.0
2026-05-30 21:31:40,0.0
2026-05-30 21:33:20,0.0
2026-05-30 21:35:00,0.0
2026-05-30 21:36:40,0.0
2026-05-30 21:38:20,0.0
2026-05-30 21:40:00,0.0
2026-05-30 21:41:40,0.0
2026-05-30 21:43:20,0.0
2026-05-30 21:45:00,0.0
2026-05-30 21:46:40,0.0
2026-05-30 21:48:20,0.0
2026-05-30 21:50:00,0.0
2026-05-30 21:51:40,0.0
2026-05-30 21:53:20,0.0
2026-05-30 21:55:00,0.0
2026-05-30 21:56:40,0.0
2026-05-30 21:58:20,0.0
2026-05-30 22:00:00,0.0
2026-05-30 22:01:40,0.0
2026-05-30 22:03:20,0.0
2026-05-30 22:05:00,0.0
2026-05-30 22:06:40,0.0
2026-05-30 22:11:40,0.0
2026-05-30 22:13:20,0.0
2026-05-30 22:15:00,0.0
2026-05-30 22:16:40,0.0
2026-05-30 22:18:20,0.0
2026-05-30 22:20:00,0.0
2026-05-30 22:21:40,0.0
2026-05-30 22:23:20,0.0
2026-05-30 22:25:00,0.0
2026-05-30 22:26:40,0.0
2026-05-30 22:28:20,0.0
2026-05-30 22:30:00,0.0
2026-05-30 22:31:40,0.0
2026-05-30 22:33:20,0.0
2026-05-30 22:35:00,0.0
2026-05-30 22:36:40,0.0
2026-05-30 22:38:20,0.0
2026-05-30 22:40:00,0.0
2026-05-30 22:41:40,0.0
2026-05-30 22:43:20,0.0
2026-05-30 22:45:00,0.0
2026-05-30 22:46:40,0.0
2026-05-30 22:48:20,0.0
2026-05-30 22:50:00,0.0
2026-05-30 22:51:40,0.0
2026-05-30 22:53:20,0.0
2026-05-30 22:55:00,0.0
2026-05-30 22:56:40,0.0
2026-05-30 22:58:20,0.0
2026-05-30 23:00:00,0.0
2026-05-30 23:01:40,0.0
2026-05-30 23:03:20,0.0
2026-05-30 23:05:00,0.0
2026-05-30 23:06:40,0.0
2026-05-30 23:08:20,0.0
2026-05-30 23:10:00,0.0
2026-05-30 23:11:40,0.0
2026-05-30 23:13:20,0.0
2026-05-30 23:15:00,0.0
2026-05-30 23:16:40,0.0
2026-05-30 23:18:20,0.0
2026-05-30 23:20:00,0.0
2026-05-30 23:21:40,0.0
2026-05-30 23:23:20,0.0
2026-05-30 23:25:00,0.0
2026-05-30 23:26:40,0.0
2026-05-30 23:28:20,0.0
2026-05-30 23:30:00,0.0
2026-05-30 23:31:40,0.0
2026-05-30 23:33:20,0.0
2026-05-30 23:35:00,0.0
2026-05-30 23:36:40,0.0
2026-05-30 23:38:20,0.0
2026-05-30 23:40:00,0.0
2026-05-30 23:41:40,0.0
2026-05-30 23:43:20,0.0
2026-05-30 23:45:00,0.0
2026-05-30 23:46:40,0.0
2026-05-30 23:48:20,0.0
2026-05-30 23:50:00,0.0
2026-05-30 23:51:40,0.0
2026-05-30 23:53:20,0.0
2026-05-30 23:55:00,0.0
2026-05-30 23:56:40,0.0
2026-05-30 23:58:20,0.0
2026-05-31 00:00:00,0.0
2026-05-31 00:01:40,0.0
2026-05-31 00:03:20,0.0
2026-05-31 00:05:00,0.0
2026-05-31 00:06:40,0.0
2026-05-31 00:08:20,0.0
2026-05-31 00:10:00,0.0
2026-05-31 00:11:40,0.0
2026-05-31 00:13:20,0.0
2026-05-31 00:15:00,0.0
2026-05-31 00:16:40,0.0
2026-05-31 00:18:20,0.0
2026-05-31 00:20:00,0.0
2026-05-31 00:21:40,0.0
2026-05-31 00:23:20,0.0
2026-05-31 00:25:00,0.0
2026-05-31 00:26:40,0.0
2026-05-31 00:28:20,0.0
2026-05-31 00:30:00,0.0
2026-05-31 00:31:40,0.0
2026-05-31 00:33:20,0.0
2026-05-31 00:35:00,0.0
2026-05-31 00:36:40,0.0
2026-05-31 00:38:20,0.0
2026-05-31 00:40:00,0.0
2026-05-31 00:41:40,0.0
2026-05-31 00:43:20,0.0
2026-05-31 00:45:00,0.0
2026-05-31 00:46:40,0.0
2026-05-31 00:48:20,0.0
2026-05-31 00:50:00,0.0
2026-05-31 00:51:40,0.0
2026-05-31 00:53:20,0.0
2026-05-31 00:55:00,0.0
2026-05-31 00:56:40,0.0
2026-05-31 00:58:20,0.0
2026-05-31 01:00:00,0.0
2026-05-31 01:01:40,0.0
2026-05-31 01:03:20,0.0
2026-05-31 01:05:00,0.0
2026-05-31 01:06:40,0.0
2026-05-31 01:08:20,0.0
2026-05-31 01:11:40,0.0
2026-05-31 01:13:20,0.0
2026-05-31 01:15:00,0.0
2026-05-31 01:16:40,0.0
2026-05-31 01:18:20,0.0
2026-05-31 01:20:00,0.0
2026-05-31 01:21:40,0.0
2026-05-31 01:23:20,0.0
2026-05-31 01:25:00,0.0
2026-05-31 01:26:40,0.0
2026-05-31 01:28:20,0.0
2026-05-31 01:30:00,0.0
2026-05-31 01:31:40,0.0
2026-05-31 01:33:20,0.0
2026-05-31 01:35:00,0.0
2026-05-31 01:36:40,0.0
2026-05-31 01:38:20,0.0
2026-05-31 01:40:00,0.0
2026-05-31 01:41:40,0.0
2026-05-31 01:43:20,0.0
2026-05-31 01:45:00,0.0
2026-05-31 01:46:40,0.0
2026-05-31 01:48:20,0.0
2026-05-31 01:50:00,0.0
2026-05-31 01:51:40,0.0
2026-05-31 01:53:20,0.0
2026-05-31 01:55:00,0.0
2026-05-31 01:56:40,0.0
2026-05-31 01:58:20,0.0
2026-05-31 02:00:00,0.0
2026-05-31 02:01:40,0.0
2026-05-31 02:03:20,0.0
2026-05-31 02:05:00,0.0
2026-05-31 02:06:40,0.0
2026-05-31 02:08:20,0.0
2026-05-31 02:10:00,0.0
2026-05-31 02:11:40,0.0
2026-05-31 02:13:20,0.0
2026-05-31 02:15:00,0.0
2026-05-31 02:16:40,0.0
2026-05-31 02:18:20,0.0
2026-05-31 02:20:00,0.0
2026-05-31 02:21:40,0.0
2026-05-31 02:23:20,0.0
2026-05-31 02:25:00,0.0
2026-05-31 02:26:40,0.0
2026-05-31 02:28:20,0.0
2026-05-31 02:30:00,0.0
2026-05-31 02:31:40,0.0
2026-05-31 02:33:20,0.0
2026-05-31 02:35:00,0.0
2026-05-31 02:36:40,0.0
2026-05-31 02:38:20,0.0
2026-05-31 02:40:00,0.0
2026-05-31 02:41:40,0.0
2026-05-31 02:43:20,0.0
2026-05-31 02:45:00,0.0
2026-05-31 02:46:40,0.0
2026-05-31 02:48:20,0.0
2026-05-31 02:50:00,0.0
2026-05-31 02:51:40,0.0
2026-05-31 02:53:20,0.0
2026-05-31 02:55:00,0.0
2026-05-31 02:56:40,0.0
2026-05-31 02:58:20,0.0
2026-05-31 03:00:00,0.0
2026-05-31 03:01:40,0.0
2026-05-31 03:03:20,0.0
2026-05-31 03:05:00,0.0
2026-05-31 03:06:40,0.0
2026-05-31 03:08:20,0.0
2026-05-31 03:10:00,0.0
2026-05-31 03:11:40,0.0
2026-05-31 03:13:20,0.0
2026-05-31 03:15:00,0.0
2026-05-31 03:16:40,0.0
2026-05-31 03:18:20,0.0
2026-05-31 03:20:00,0.0
2026-05-31 03:21:40,0.0
2026-05-31 03:23:20,0.0
2026-05-31 03:25:00,0.0
2026-05-31 03:26:40,0.0
2026-05-31 03:28:20,0.0
2026-05-31 03:30:00,0.0
2026-05-31 03:31:40,0.0
2026-05-31 03:33:20,0.0
2026-05-31 03:35:00,0.0
2026-05-31 03:36:40,0.0
2026-05-31 03:38:20,0.0
2026-05-31 03:40:00,0.0
2026-05-31 03:41:40,0.0
2026-05-31 03:43:20,0.0
2026-05-31 03:45:00,0.0
2026-05-31 03:46:40,0.0
2026-05-31 03:48:20,0.0
2026-05-31 03:50:00,0.0
2026-05-31 03:51:40,0.0
2026-05-31 03:53:20,0.0
2026-05-31 03:55:00,0.0
2026-05-31 03:56:40,0.0
2026-05-31 03:58:20,0.0
2026-05-31 04:00:00,0.0
2026-05-31 04:01:40,0.0
2026-05-31 04:03:20,0.0
2026-05-31 04:05:00,0.0
2026-05-31 04:06:40,0.0
2026-05-31 04:08:20,0.0
2026-05-31 04:11:40,0.0
2026-05-31 04:13:20,0.0
2026-05-31 04:15:00,0.0
2026-05-31 04:16:40,0.0
2026-05-31 04:18:20,0.0
2026-05-31 04:20:00,0.0
2026-05-31 04:21:40,0.0
2026-05-31 04:23:20,0.0
2026-05-31 04:25:00,0.0
2026-05-31 04:26:40,0.0
2026-05-31 04:28:20,0.0
2026-05-31 04:30:00,0.0
2026-05-31 04:31:40,0.0
2026-05-31 04:33:20,0.0
2026-05-31 04:35:00,0.0
2026-05-31 04:36:40,0.0
2026-05-31 04:38:20,0.0
2026-05-31 04:40:00,0.0
2026-05-31 04:41:40,0.0
2026-05-31 04:43:20,0.0
2026-05-31 04:45:00,0.0
2026-05-31 04:46:40,0.0
2026-05-31 04:48:20,0.0
2026-05-31 04:50:00,0.0
2026-05-31 04:51:40,0.0
2026-05-31 04:53:20,0.0
2026-05-31 04:55:00,0.0
2026-05-31 04:56:40,0.0
2026-05-31 04:58:20,0.0
2026-05-31 05:00:00,0.0
2026-05-31 05:01:40,0.0
2026-05-31 05:03:20,0.0
2026-05-31 05:05:00,0.0
2026-05-31 05:06:40,0.0
2026-05-31 05:08:20,0.0
2026-05-31 05:10:00,0.0
2026-05-31 05:11:40,0.0
2026-05-31 05:13:20,0.0
2026-05-31 05:15:00,0.0
2026-05-31 05:16:40,0.0
2026-05-31 05:18:20,0.0
2026-05-31 05:20:00,0.0
2026-05-31 05:21:40,0.0
2026-05-31 05:23:20,0.0
2026-05-31 05:25:00,0.0
2026-05-31 05:26:40,0.0
2026-05-31 05:28:20,0.0
2026-05-31 05:30:00,0.0
2026-05-31 05:31:40,0.0
2026-05-31 05:33:20,0.0
2026-05-31 05:35:00,0.0
2026-05-31 05:36:40,0.0
2026-05-31 05:38:20,0.0
2026-05-31 05:40:00,0.0
2026-05-31 05:41:40,0.0
2026-05-31 05:43:20,0.0
2026-05-31 05:45:00,0.0
2026-05-31 05:46:40,0.0
2026-05-31 05:48:20,0.0
2026-05-31 05:50:00,0.0
2026-05-31 05:51:40,0.0
2026-05-31 05:53:20,0.0
2026-05-31 05:55:00,0.0
2026-05-31 05:56:40,0.0
2026-05-31 05:58:20,0.0
2026-05-31 06:00:00,0.0
2026-05-31 06:01:40,0.0
2026-05-31 06:03:20,0.0
2026-05-31 06:05:00,0.0
2026-05-31 06:06:40,0.0
2026-05-31 06:08:20,0.0
2026-05-31 06:10:00,0.0
2026-05-31 06:11:40,0.0
2026-05-31 06:13:20,0.0
2026-05-31 06:15:00,0.0
2026-05-31 06:16:40,0.0
2026-05-31 06:18:20,0.0
2026-05-31 06:20:00,0.0
2026-05-31 06:21:40,0.0
2026-05-31 06:23:20,0.0
2026-05-31 06:25:00,0.0
2026-05-31 06:26:40,0.0
2026-05-31 06:28:20,0.0
2026-05-31 06:30:00,0.0
2026-05-31 06:31:40,0.0
2026-05-31 06:33:20,0.0
2026-05-31 06:35:00,0.0
2026-05-31 06:36:40,0.0
2026-05-31 06:38:20,0.0
2026-05-31 06:40:00,0.0
2026-05-31 06:41:40,0.0
2026-05-31 06:43:20,0.0
2026-05-31 06:45:00,0.0
2026-05-31 06:46:40,0.0
2026-05-31 06:48:20,0.0
2026-05-31 06:50:00,0.0
2026-05-31 06:51:40,0.0
2026-05-31 06:53:20,0.0
2026-05-31 06:55:00,0.0
2026-05-31 06:56:40,0.0
2026-05-31 06:58:20,0.0
2026-05-31 07:00:00,0.0
2026-05-31 07:01:40,0.0
2026-05-31 07:03:20,0.0
2026-05-31 07:05:00,0.0
2026-05-31 07:06:40,0.0
2026-05-31 07:08:20,0.0
2026-05-31 07:11:40,0.0
2026-05-31 07:13:20,0.0
2026-05-31 07:15:00,0.0
2026-05-31 07:16:40,0.0
2026-05-31 07:18:20,0.0
2026-05-31 07:20:00,0.0
2026-05-31 07:21:40,0.0
2026-05-31 07:23:20,0.0
2026-05-31 07:25:00,0.0
2026-05-31 07:26:40,0.0
2026-05-31 07:28:20,0.0
2026-05-31 07:30:00,0.0
2026-05-31 07:31:40,0.0
2026-05-31 07:33:20,0.0
2026-05-31 07:35:00,0.0
2026-05-31 07:36:40,0.0
2026-05-31 07:38:20,0.0
2026-05-31 07:40:00,0.0
2026-05-31 07:41:40,0.0
2026-05-31 07:43:20,0.0
2026-05-31 07:45:00,0.0
2026-05-31 07:46:40,0.0
2026-05-31 07:48:20,0.0
2026-05-31 07:50:00,0.0
2026-05-31 07:51:40,0.0
2026-05-31 07:53:20,0.0
2026-05-31 07:55:00,0.0
2026-05-31 07:56:40,0.0
2026-05-31 07:58:20,0.0
2026-05-31 08:00:00,0.0
2026-05-31 08:01:40,0.0
2026-05-31 08:03:20,0.0
2026-05-31 08:05:00,0.0
2026-05-31 08:06:40,0.0
2026-05-31 08:08:20,0.0
2026-05-31 08:10:00,0.0
2026-05-31 08:11:40,0.0
2026-05-31 08:13:20,0.0
2026-05-31 08:15:00,0.0
2026-05-31 08:16:40,0.0
2026-05-31 08:18:20,0.0
2026-05-31 08:20:00,0.0
2026-05-31 08:21:40,0.0
2026-05-31 08:23:20,0.0
2026-05-31 08:25:00,0.0
2026-05-31 08:26:40,0.0
2026-05-31 08:28:20,0.0
2026-05-31 08:30:00,0.0
2026-05-31 08:31:40,0.0
2026-05-31 08:33:20,0.0
2026-05-31 08:35:00,0.0
2026-05-31 08:36:40,0.0
2026-05-31 08:38:20,0.0
2026-05-31 08:40:00,0.0
2026-05-31 08:41:40,0.0
2026-05-31 08:43:20,0.0
2026-05-31 08:45:00,0.0
2026-05-31 08:46:40,0.0
2026-05-31 08:48:20,0.0
2026-05-31 08:50:00,0.0
2026-05-31 08:51:40,0.0
2026-05-31 08:53:20,0.0
2026-05-31 08:55:00,0.0
2026-05-31 08:56:40,0.0
2026-05-31 08:58:20,0.0
2026-05-31 09:00:00,0.0
2026-05-31 09:01:40,0.0
2026-05-31 09:03:20,0.0
2026-05-31 09:05:00,0.0
2026-05-31 09:06:40,0.0
2026-05-31 09:08:20,0.0
2026-05-31 09:10:00,0.0
2026-05-31 09:11:40,0.0
2026-05-31 09:13:20,0.0
2026-05-31 09:15:00,0.0
2026-05-31 09:16:40,0.0
2026-05-31 09:18:20,0.0
2026-05-31 09:20:00,0.0
2026-05-31 09:21:40,0.0
2026-05-31 09:23:20,0.0
2026-05-31 09:25:00,0.0
2026-05-31 09:26:40,0.0
2026-05-31 09:28:20,0.0
2026-05-31 09:30:00,0.0
2026-05-31 09:31:40,0.0
2026-05-31 09:33:20,0.0
2026-05-31 09:35:00,0.0
2026-05-31 09:36:40,0.0
2026-05-31 09:38:20,0.0
2026-05-31 09:40:00,0.0
2026-05-31 09:41:40,0.0
2026-05-31 09:43:20,0.0
2026-05-31 09:45:00,0.0
2026-05-31 09:46:40,0.0
2026-05-31 09:48:20,0.0
2026-05-31 09:50:00,0.0
2026-05-31 09:51:40,0.0
2026-05-31 09:55:00,0.0
2026-05-31 09:56:40,0.0
2026-05-31 09:58:20,0.0
2026-05-31 10:00:00,0.0
2026-05-31 10:01:40,0.0
2026-05-31 10:03:20,0.0
2026-05-31 10:05:00,0.0
2026-05-31 10:06:40,0.0
2026-05-31 10:08:20,0.0
2026-05-31 10:10:00,0.0
2026-05-31 10:11:40,0.0
2026-05-31 10:13:20,0.0
2026-05-31 10:15:00,0.0
2026-05-31 10:16:40,0.0
2026-05-31 10:18:20,0.0
2026-05-31 10:20:00,0.0
2026-05-31 10:21:40,0.0
2026-05-31 10:23:20,0.0
2026-05-31 10:25:00,0.0
2026-05-31 10:26:40,0.0
2026-05-31 10:28:20,0.0
2026-05-31 10:30:00,0.0
2026-05-31 10:31:40,0.0
2026-05-31 10:33:20,0.0
2026-05-31 10:35:00,0.0
2026-05-31 10:36:40,0.0
2026-05-31 10:38:20,0.0
2026-05-31 10:40:00,0.0
2026-05-31 10:41:40,0.0
2026-05-31 10:43:20,0.0
2026-05-31 10:45:00,0.0
2026-05-31 10:46:40,0.0
2026-05-31 10:48:20,0.0
2026-05-31 10:50:00,0.0
2026-05-31 10:51:40,0.0
2026-05-31 10:53:20,0.0
2026-05-31 10:55:00,0.0
2026-05-31 10:56:40,0.0
2026-05-31 10:58:20,0.0
2026-05-31 11:00:00,0.0
2026-05-31 11:01:40,0.0
2026-05-31 11:03:20,0.0
2026-05-31 11:05:00,0.0
2026-05-31 11:06:40,0.0
2026-05-31 11:08:20,0.0
2026-05-31 11:10:00,0.0
2026-05-31 11:11:40,0.0
2026-05-31 11:13:20,0.0
2026-05-31 11:15:00,0.0
2026-05-31 11:16:40,0.0
2026-05-31 11:18:20,0.0
2026-05-31 11:20:00,0.0
2026-05-31 11:21:40,0.0
2026-05-31 11:23:20,0.0
2026-05-31 11:25:00,0.0
2026-05-31 11:26:40,0.0
2026-05-31 11:28:20,0.0
2026-05-31 11:30:00,0.0
2026-05-31 11:31:40,0.0
2026-05-31 11:33:20,0.0
2026-05-31 11:35:00,0.0
2026-05-31 11:36:40,0.0
2026-05-31 11:38:20,0.0
2026-05-31 11:40:00,0.0
2026-05-31 11:41:40,0.0
2026-05-31 11:43:20,0.0
2026-05-31 11:45:00,0.0
2026-05-31 11:46:40,0.0
2026-05-31 11:48:20,0.0
2026-05-31 11:50:00,0.0
2026-05-31 11:51:40,0.0
2026-05-31 11:53:20,0.0
2026-05-31 11:55:00,0.0
2026-05-31 11:56:40,0.0
2026-05-31 11:58:20,0.0
2026-05-31 12:00:00,0.0
2026-05-31 12:01:40,0.0
2026-05-31 12:03:20,0.0
2026-05-31 12:05:00,0.0
2026-05-31 12:06:40,0.0
2026-05-31 12:08:20,0.0
2026-05-31 12:10:00,0.0
2026-05-31 12:11:40,0.0
2026-05-31 12:13:20,0.0
2026-05-31 12:15:00,0.0
2026-05-31 12:16:40,0.0
2026-05-31 12:18:20,0.0
2026-05-31 12:20:00,0.0
2026-05-31 12:21:40,0.0
2026-05-31 12:23:20,0.0
2026-05-31 12:25:00,0.0
2026-05-31 12:26:40,0.0
2026-05-31 12:28:20,0.0
2026-05-31 12:30:00,0.0
2026-05-31 12:31:40,0.0
2026-05-31 12:33:20,0.0
2026-05-31 12:35:00,0.0
2026-05-31 12:36:40,0.0
2026-05-31 12:38:20,0.0
2026-05-31 12:40:00,0.0
2026-05-31 12:41:40,0.0
2026-05-31 12:43:20,0.0
2026-05-31 12:45:00,0.0
2026-05-31 12:46:40,0.0
2026-05-31 12:48:20,0.0
2026-05-31 12:50:00,0.0
2026-05-31 12:51:40,0.0
2026-05-31 12:55:00,0.0
2026-05-31 12:56:40,0.0
2026-05-31 12:58:20,0.0
2026-05-31 13:00:00,0.0
2026-05-31 13:01:40,0.0
2026-05-31 13:03:20,0.0
2026-05-31 13:05:00,0.0
2026-05-31 13:06:40,0.0
2026-05-31 13:08:20,0.0
2026-05-31 13:10:00,0.0
2026-05-31 13:11:40,0.0
2026-05-31 13:13:20,0.0
2026-05-31 13:15:00,0.0
2026-05-31 13:16:40,0.0
2026-05-31 13:18:20,0.0
2026-05-31 13:20:00,0.0
2026-05-31 13:21:40,0.0
2026-05-31 13:23:20,0.0
2026-05-31 13:25:00,0.0
2026-05-31 13:26:40,0.0
2026-05-31 13:28:20,0.0
2026-05-31 13:30:00,0.0
2026-05-31 13:31:40,0.0
2026-05-31 13:33:20,0.0
2026-05-31 13:35:00,0.0
2026-05-31 13:36:40,0.0
2026-05-31 13:38:20,0.0
2026-05-31 13:40:00,0.0
2026-05-31 13:41:40,0.0
2026-05-31 13:43:20,0.0
2026-05-31 13:45:00,0.0
2026-05-31 13:46:40,0.0
2026-05-31 13:48:20,0.0
2026-05-31 13:50:00,0.0
2026-05-31 13:51:40,0.0
2026-05-31 13:53:20,0.0
2026-05-31 13:55:00,0.0
2026-05-31 13:56:40,0.0
2026-05-31 13:58:20,0.0
2026-05-31 14:00:00,0.0
2026-05-31 14:01:40,0.0
2026-05-31 14:03:20,0.0
2026-05-31 14:05:00,0.0
2026-05-31 14:06:40,0.0
2026-05-31 14:08:20,0.0
2026-05-31 14:10:00,0.0
2026-05-31 14:11:40,0.0
2026-05-31 14:13:20,0.0
2026-05-31 14:15:00,0.0
2026-05-31 14:16:40,0.0
2026-05-31 14:18:20,0.0
2026-05-31 14:20:00,0.0
2026-05-31 14:21:40,0.0
2026-05-31 14:23:20,0.0
2026-05-31 14:25:00,0.0
2026-05-31 14:26:40,0.0
2026-05-31 14:28:20,0.0
2026-05-31 14:30:00,0.0
2026-05-31 14:31:40,0.0
2026-05-31 14:33:20,0.0
2026-05-31 14:35:00,0.0
2026-05-31 14:36:40,0.0
2026-05-31 14:38:20,0.0
2026-05-31 14:40:00,0.0
2026-05-31 14:41:40,0.0
2026-05-31 14:43:20,0.0
2026-05-31 14:45:00,0.0
2026-05-31 14:46:40,0.0
2026-05-31 14:48:20,0.0
2026-05-31 14:50:00,0.0
2026-05-31 14:51:40,0.0
2026-05-31 14:53:20,0.0
2026-05-31 14:55:00,0.0
2026-05-31 14:56:40,0.0
2026-05-31 14:58:20,0.0
2026-05-31 15:00:00,0.0
2026-05-31 15:01:40,0.0
2026-05-31 15:03:20,0.0
2026-05-31 15:05:00,0.0
2026-05-31 15:06:40,0.0
2026-05-31 15:08:20,0.0
2026-05-31 15:10:00,0.0
2026-05-31 15:11:40,0.0
2026-05-31 15:13:20,0.0
2026-05-31 15:15:00,0.0
2026-05-31 15:16:40,0.0
2026-05-31 15:18:20,0.0
2026-05-31 15:20:00,0.0
2026-05-31 15:21:40,0.0
2026-05-31 15:23:20,0.0
2026-05-31 15:25:00,0.0
2026-05-31 15:26:40,0.0
2026-05-31 15:28:20,0.0
2026-05-31 15:30:00,0.0
2026-05-31 15:31:40,0.0
2026-05-31 15:33:20,0.0
2026-05-31 15:35:00,0.0
2026-05-31 15:36:40,0.0
2026-05-31 15:38:20,0.0
2026-05-31 15:40:00,0.0
2026-05-31 15:41:40,0.0
2026-05-31 15:43:20,0.0
2026-05-31 15:45:00,0.0
2026-05-31 15:46:40,0.0
2026-05-31 15:48:20,0.0
2026-05-31 15:50:00,0.0
2026-05-31 15:51:40,0.0
2026-05-31 15:55:00,0.0
2026-05-31 15:56:40,0.0
2026-05-31 15:58:20,0.0
2026-05-31 16:00:00,0.0
2026-05-31 16:01:40,0.0
2026-05-31 16:03:20,0.0
2026-05-31 16:05:00,0.0
2026-05-31 16:06:40,0.0
2026-05-31 16:08:20,0.0
2026-05-31 16:10:00,0.0
2026-05-31 16:11:40,0.0
2026-05-31 16:13:20,0.0
2026-05-31 16:15:00,0.0
2026-05-31 16:16:40,0.0
2026-05-31 16:18:20,0.0
2026-05-31 16:20:00,0.0
2026-05-31 16:21:40,0.0
2026-05-31 16:23:20,0.0
2026-05-31 16:25:00,0.0
2026-05-31 16:26:40,0.0
2026-05-31 16:28:20,0.0
2026-05-31 16:30:00,0.0
2026-05-31 16:31:40,0.0
2026-05-31 16:33:20,0.0
2026-05-31 16:35:00,0.0
2026-05-31 16:36:40,0.0
2026-05-31 16:38:20,0.0
2026-05-31 16:40:00,0.0
2026-05-31 16:41:40,0.0
2026-05-31 16:43:20,0.0
2026-05-31 16:45:00,0.0
2026-05-31 16:46:40,0.0
2026-05-31 16:48:20,0.0
2026-05-31 16:50:00,0.0
2026-05-31 16:51:40,0.0
2026-05-31 16:53:20,0.0
2026-05-31 16:55:00,0.0
2026-05-31 16:56:40,0.0
2026-05-31 16:58:20,0.0
2026-05-31 17:00:00,0.0
2026-05-31 17:01:40,0.0
2026-05-31 17:03:20,0.0
2026-05-31 17:05:00,0.0
2026-05-31 17:06:40,0.0
2026-05-31 17:08:20,0.0
2026-05-31 17:10:00,0.0
2026-05-31 17:11:40,0.0
2026-05-31 17:13:20,0.0
2026-05-31 17:15:00,0.0
2026-05-31 17:16:40,0.0
2026-05-31 17:18:20,0.0
2026-05-31 17:20:00,0.0
2026-05-31 17:21:40,0.0
2026-05-31 17:23:20,0.0
2026-05-31 17:25:00,0.0
2026-05-31 17:26:40,0.0
2026-05-31 17:28:20,0.0
2026-05-31 17:30:00,0.0
2026-05-31 17:31:40,0.0
2026-05-31 17:33:20,0.0
2026-05-31 17:35:00,0.0
2026-05-31 17:36:40,0.0
2026-05-31 17:38:20,0.0
2026-05-31 17:40:00,0.0
2026-05-31 17:41:40,0.0
2026-05-31 17:43:20,0.0
2026-05-31 17:45:00,0.0
2026-05-31 17:46:40,0.0
2026-05-31 17:48:20,0.0
2026-05-31 17:50:00,0.0
2026-05-31 17:51:40,0.0
2026-05-31 17:53:20,0.0
2026-05-31 17:55:00,0.0
2026-05-31 17:56:40,0.0
2026-05-31 17:58:20,0.0
2026-05-31 18:00:00,0.0
2026-05-31 18:01:40,0.0
2026-05-31 18:03:20,0.0
2026-05-31 18:05:00,0.0
2026-05-31 18:06:40,0.0
2026-05-31 18:08:20,0.0
2026-05-31 18:10:00,0.0
2026-05-31 18:11:40,0.0
2026-05-31 18:13:20,0.0
2026-05-31 18:15:00,0.0
2026-05-31 18:16:40,0.0
2026-05-31 18:18:20,0.0
2026-05-31 18:20:00,0.0
2026-05-31 18:21:40,0.0
2026-05-31 18:23:20,0.0
2026-05-31 18:25:00,0.0
2026-05-31 18:26:40,0.0
2026-05-31 18:28:20,0.0
2026-05-31 18:30:00,0.0
2026-05-31 18:31:40,0.0
2026-05-31 18:33:20,0.0
2026-05-31 18:35:00,0.0
2026-05-31 18:36:40,0.0
2026-05-31 18:38:20,0.0
2026-05-31 18:40:00,0.0
2026-05-31 18:41:40,0.0
2026-05-31 18:43:20,0.0
2026-05-31 18:45:00,0.0
2026-05-31 18:46:40,0.0
2026-05-31 18:48:20,0.0
2026-05-31 18:50:00,0.0
2026-05-31 18:51:40,0.0
2026-05-31 18:55:00,0.0
2026-05-31 18:56:40,0.0
2026-05-31 18:58:20,0.0
2026-05-31 19:00:00,0.0
2026-05-31 19:01:40,0.0
2026-05-31 19:03:20,0.0
2026-05-31 19:05:00,0.0
2026-05-31 19:06:40,0.0
2026-05-31 19:08:20,0.0
2026-05-31 19:10:00,0.0
2026-05-31 19:11:40,0.0
2026-05-31 19:13:20,0.0
2026-05-31 19:15:00,0.0
2026-05-31 19:16:40,0.0
2026-05-31 19:18:20,0.0
2026-05-31 19:20:00,0.0
2026-05-31 19:21:40,0.0
2026-05-31 19:23:20,0.0
2026-05-31 19:25:00,0.0
2026-05-31 19:26:40,0.0
2026-05-31 19:28:20,0.0
2026-05-31 19:30:00,0.0
2026-05-31 19:31:40,0.0
2026-05-31 19:33:20,0.0
2026-05-31 19:35:00,0.0
2026-05-31 19:36:40,0.0
2026-05-31 19:38:20,0.0
2026-05-31 19:40:00,0.0
2026-05-31 19:41:40,0.0
2026-05-31 19:43:20,0.0
2026-05-31 19:45:00,0.0
2026-05-31 19:46:40,0.0
2026-05-31 19:48:20,0.0
2026-05-31 19:50:00,0.0
2026-05-31 19:51:40,0.0
2026-05-31 19:53:20,0.0
2026-05-31 19:55:00,0.0
2026-05-31 19:56:40,0.0
2026-05-31 19:58:20,0.0
2026-05-31 20:00:00,0.0
2026-05-31 20:01:40,0.0
2026-05-31 20:03:20,0.0
2026-05-31 20:05:00,0.0
2026-05-31 20:06:40,0.0
2026-05-31 20:08:20,0.0
2026-05-31 20:10:00,0.0
2026-05-31 20:11:40,0.0
2026-05-31 20:13:20,0.0
2026-05-31 20:15:00,0.0
2026-05-31 20:16:40,0.0
2026-05-31 20:18:20,0.0
2026-05-31 20:20:00,0.0
2026-05-31 20:21:40,0.0
2026-05-31 20:23:20,0.0
2026-05-31 20:25:00,0.0
2026-05-31 20:26:40,0.0
2026-05-31 20:28:20,0.0
2026-05-31 20:30:00,0.0
2026-05-31 20:31:40,0.0
2026-05-31 20:33:20,0.0
2026-05-31 20:35:00,0.0
2026-05-31 20:36:40,0.0
2026-05-31 20:38:20,0.0
2026-05-31 20:40:00,0.0
2026-05-31 20:41:40,0.0
2026-05-31 20:43:20,0.0
2026-05-31 20:45:00,0.0
2026-05-31 20:46:40,0.0
2026-05-31 20:48:20,0.0
2026-05-31 20:50:00,0.0
2026-05-31 20:51:40,0.0
2026-05-31 20:53:20,0.0
2026-05-31 20:55:00,0.0
2026-05-31 20:56:40,0.0
2026-05-31 20:58:20,0.0
2026-05-31 21:00:00,0.0
2026-05-31 21:01:40,0.0
2026-05-31 21:03:20,0.0
2026-05-31 21:05:00,0.0
2026-05-31 21:06:40,0.0
2026-05-31 21:08:20,0.0
2026-05-31 21:10:00,0.0
2026-05-31 21:11:40,0.0
2026-05-31 21:13:20,0.0
2026-05-31 21:15:00,0.0
2026-05-31 21:16:40,0.0
2026-05-31 21:18:20,0.0
2026-05-31 21:20:00,0.0
2026-05-31 21:21:40,0.0
2026-05-31 21:23:20,0.0
2026-05-31 21:25:00,0.0
2026-05-31 21:26:40,0.0
2026-05-31 21:28:20,0.0
2026-05-31 21:30:00,0.0
2026-05-31 21:31:40,0.0
2026-05-31 21:33:20,0.0
2026-05-31 21:35:00,0.0
2026-05-31 21:36:40,0.0
2026-05-31 21:38:20,0.0
2026-05-31 21:40:00,0.0
2026-05-31 21:41:40,0.0
2026-05-31 21:43:20,0.0
2026-05-31 21:45:00,0.0
2026-05-31 21:46:40,0.0
2026-05-31 21:48:20,0.0
2026-05-31 21:50:00,0.0
2026-05-31 21:51:40,0.0
2026-05-31 21:55:00,0.0
2026-05-31 21:56:40,0.0
2026-05-31 21:58:20,0.0
2026-05-31 22:00:00,0.0
2026-05-31 22:01:40,0.0
2026-05-31 22:03:20,0.0
2026-05-31 22:05:00,0.0
2026-05-31 22:06:40,0.0
2026-05-31 22:08:20,0.0
2026-05-31 22:10:00,0.0
2026-05-31 22:11:40,0.0
2026-05-31 22:13:20,0.0
2026-05-31 22:15:00,0.0
2026-05-31 22:16:40,0.0
2026-05-31 22:18:20,0.0
2026-05-31 22:20:00,0.0
2026-05-31 22:21:40,0.0
2026-05-31 22:23:20,0.0
2026-05-31 22:25:00,0.0
2026-05-31 22:26:40,0.0
2026-05-31 22:28:20,0.0
2026-05-31 22:30:00,0.0
2026-05-31 22:31:40,0.0
2026-05-31 22:33:20,0.0
2026-05-31 22:35:00,0.0
2026-05-31 22:36:40,0.0
2026-05-31 22:38:20,0.0
2026-05-31 22:40:00,0.0
2026-05-31 22:41:40,0.0
2026-05-31 22:43:20,0.0
2026-05-31 22:45:00,0.0
2026-05-31 22:46:40,0.0
2026-05-31 22:48:20,0.0
2026-05-31 22:50:00,0.0
2026-05-31 22:51:40,0.0
2026-05-31 22:53:20,0.0
2026-05-31 22:55:00,0.0
2026-05-31 22:56:40,0.0
2026-05-31 22:58:20,0.0
2026-05-31 23:00:00,0.0
2026-05-31 23:01:40,0.0
2026-05-31 23:03:20,0.0
2026-05-31 23:05:00,0.0
2026-05-31 23:06:40,0.0
2026-05-31 23:08:20,0.0
2026-05-31 23:10:00,0.0
2026-05-31 23:11:40,0.0
2026-05-31 23:13:20,0.0
2026-05-31 23:15:00,0.0
2026-05-31 23:16:40,0.0
2026-05-31 23:18:20,0.0
2026-05-31 23:20:00,0.0
2026-05-31 23:21:40,0.0
2026-05-31 23:23:20,0.0
2026-05-31 23:25:00,0.0
2026-05-31 23:26:40,0.0
2026-05-31 23:28:20,0.0
2026-05-31 23:30:00,0.0
2026-05-31 23:31:40,0.0
2026-05-31 23:33:20,0.0
2026-05-31 23:35:00,0.0
2026-05-31 23:36:40,0.0
2026-05-31 23:38:20,0.0
2026-05-31 23:40:00,0.0
2026-05-31 23:41:40,0.0
2026-05-31 23:43:20,0.0
2026-05-31 23:45:00,0.0
2026-05-31 23:46:40,0.0
2026-05-31 23:48:20,0.0
2026-05-31 23:50:00,0.0
2026-05-31 23:51:40,0.0
2026-05-31 23:55:00,0.0
2026-05-31 23:56:40,0.0
2026-05-31 23:58:20,0.0
2026-06-01 00:00:00,0.0
2026-06-01 00:01:40,0.0
2026-06-01 00:03:20,0.0
2026-06-01 00:05:00,0.0
2026-06-01 00:06:40,0.0
2026-06-01 00:08:20,0.0
2026-06-01 00:10:00,0.0
2026-06-01 00:11:40,0.0
2026-06-01 00:13:20,0.0
2026-06-01 00:15:00,0.0
2026-06-01 00:16:40,0.0
2026-06-01 00:18:20,0.0
2026-06-01 00:20:00,0.0
2026-06-01 00:21:40,0.0
2026-06-01 00:23:20,0.0
2026-06-01 00:25:00,0.0
2026-06-01 00:26:40,0.0
2026-06-01 00:28:20,0.0
2026-06-01 00:30:00,0.0
2026-06-01 00:31:40,0.0
2026-06-01 00:33:20,0.0
2026-06-01 00:35:00,0.0
2026-06-01 00:36:40,0.0
2026-06-01 00:38:20,0.0
2026-06-01 00:40:00,0.0
2026-06-01 00:41:40,0.0
2026-06-01 00:43:20,0.0
2026-06-01 00:45:00,0.0
2026-06-01 00:46:40,0.0
2026-06-01 00:48:20,0.0
2026-06-01 00:50:00,0.0
2026-06-01 00:51:40,0.0
2026-06-01 00:55:00,0.0
2026-06-01 00:56:40,0.0
2026-06-01 00:58:20,0.0
2026-06-01 01:00:00,0.0
2026-06-01 01:01:40,0.0
2026-06-01 01:03:20,0.0
2026-06-01 01:05:00,0.0
2026-06-01 01:06:40,0.0
2026-06-01 01:08:20,0.0
2026-06-01 01:10:00,0.0
2026-06-01 01:11:40,0.0
2026-06-01 01:13:20,0.0
2026-06-01 01:15:00,0.0
2026-06-01 01:16:40,0.0
2026-06-01 01:18:20,0.0
2026-06-01 01:20:00,0.0
2026-06-01 01:21:40,0.0
2026-06-01 01:23:20,0.0
2026-06-01 01:25:00,0.0
2026-06-01 01:26:40,0.0
2026-06-01 01:28:20,0.0
2026-06-01 01:30:00,0.0
2026-06-01 01:31:40,0.0
2026-06-01 01:33:20,0.0
2026-06-01 01:35:00,0.0
2026-06-01 01:36:40,0.0
2026-06-01 01:38:20,0.0
2026-06-01 01:40:00,0.0
2026-06-01 01:41:40,0.0
2026-06-01 01:43:20,0.0
2026-06-01 01:45:00,0.0
2026-06-01 01:46:40,0.0
2026-06-01 01:48:20,0.0
2026-06-01 01:50:00,0.0
2026-06-01 01:51:40,0.0
2026-06-01 01:55:00,0.0
2026-06-01 01:56:40,0.0
2026-06-01 01:58:20,0.0
2026-06-01 02:00:00,0.0
2026-06-01 02:01:40,0.0
2026-06-01 02:03:20,0.0
2026-06-01 02:05:00,0.0
2026-06-01 02:06:40,0.0
2026-06-01 02:08:20,0.0
2026-06-01 02:10:00,0.0
2026-06-01 02:11:40,0.0
2026-06-01 02:13:20,0.0
2026-06-01 02:15:00,0.0
2026-06-01 02:16:40,0.0
2026-06-01 02:18:20,0.0
2026-06-01 02:20:00,0.0
2026-06-01 02:21:40,0.0
2026-06-01 02:23:20,0.0
2026-06-01 02:25:00,0.0
2026-06-01 02:26:40,0.0
2026-06-01 02:28:20,0.0
2026-06-01 02:30:00,0.0
2026-06-01 02:31:40,0.0
2026-06-01 02:33:20,0.0
2026-06-01 02:35:00,0.0
2026-06-01 02:36:40,0.0
2026-06-01 02:38:20,0.0
2026-06-01 02:40:00,0.0
2026-06-01 02:41:40,0.0
2026-06-01 02:43:20,0.0
2026-06-01 02:45:00,0.0
2026-06-01 02:46:40,0.0
2026-06-01 02:48:20,0.0
2026-06-01 02:50:00,0.0
2026-06-01 02:51:40,0.0
2026-06-01 02:55:00,0.0
2026-06-01 02:56:40,0.0
2026-06-01 02:58:20,0.0
2026-06-01 03:00:00,0.0
2026-06-01 03:01:40,0.0
2026-06-01 03:03:20,0.0
2026-06-01 03:05:00,0.0
2026-06-01 03:06:40,0.0
2026-06-01 03:08:20,0.0
2026-06-01 03:10:00,0.0
2026-06-01 03:11:40,0.0
2026-06-01 03:13:20,0.0
2026-06-01 03:15:00,0.0
2026-06-01 03:16:40,0.0
2026-06-01 03:18:20,0.0
2026-06-01 03:20:00,0.0
2026-06-01 03:21:40,0.0
2026-06-01 03:23:20,0.0
2026-06-01 03:25:00,0.0
2026-06-01 03:26:40,0.0
2026-06-01 03:28:20,0.0
2026-06-01 03:30:00,0.0
2026-06-01 03:31:40,0.0
2026-06-01 03:33:20,0.0
2026-06-01 03:35:00,0.0
2026-06-01 03:36:40,0.0
2026-06-01 03:38:20,0.0
2026-06-01 03:40:00,0.0
2026-06-01 03:41:40,0.0
2026-06-01 03:43:20,0.0
2026-06-01 03:45:00,0.0
2026-06-01 03:46:40,0.0
2026-06-01 03:48:20,0.0
2026-06-01 03:50:00,0.0
2026-06-01 03:51:40,0.0
2026-06-01 03:55:00,0.0
2026-06-01 03:56:40,0.0
2026-06-01 03:58:20,0.0
2026-06-01 04:00:00,0.0
2026-06-01 04:01:40,0.0
2026-06-01 04:03:20,0.0
2026-06-01 04:05:00,0.0
2026-06-01 04:06:40,0.0
2026-06-01 04:08:20,0.0
2026-06-01 04:10:00,0.0
2026-06-01 04:11:40,0.0
2026-06-01 04:13:20,0.0
2026-06-01 04:15:00,0.0
2026-06-01 04:16:40,0.0
2026-06-01 04:18:20,0.0
2026-06-01 04:20:00,0.0
2026-06-01 04:21:40,0.0
2026-06-01 04:23:20,0.0
2026-06-01 04:25:00,0.0
2026-06-01 04:26:40,0.0
2026-06-01 04:28:20,0.0
2026-06-01 04:30:00,0.0
2026-06-01 04:31:40,0.0
2026-06-01 04:33:20,0.0
2026-06-01 04:35:00,0.0
2026-06-01 04:36:40,0.0
2026-06-01 04:38:20,0.0
2026-06-01 04:40:00,0.0
2026-06-01 04:41:40,0.0
2026-06-01 04:43:20,0.0
2026-06-01 04:45:00,0.0
2026-06-01 04:46:40,0.0
2026-06-01 04:48:20,0.0
2026-06-01 04:50:00,0.0
2026-06-01 04:51:40,0.0
2026-06-01 04:55:00,0.0
2026-06-01 04:56:40,0.0
2026-06-01 04:58:20,0.0
2026-06-01 05:00:00,0.0
2026-06-01 05:01:40,0.0
2026-06-01 05:03:20,0.0
2026-06-01 05:05:00,0.0
2026-06-01 05:06:40,0.0
2026-06-01 05:08:20,0.0
2026-06-01 05:10:00,0.0
2026-06-01 05:11:40,0.0
2026-06-01 05:13:20,0.0
2026-06-01 05:15:00,0.0
2026-06-01 05:16:40,0.0
2026-06-01 05:18:20,0.0
2026-06-01 05:20:00,0.0
2026-06-01 05:21:40,0.0
2026-06-01 05:23:20,0.0
2026-06-01 05:25:00,0.0
2026-06-01 05:26:40,0.0
2026-06-01 05:28:20,0.0
2026-06-01 05:30:00,0.0
2026-06-01 05:31:40,0.0
2026-06-01 05:33:20,0.0
2026-06-01 05:35:00,0.0
2026-06-01 05:36:40,0.0
2026-06-01 05:38:20,0.0
2026-06-01 05:40:00,0.0
2026-06-01 05:41:40,0.0
2026-06-01 05:43:20,0.0
2026-06-01 05:45:00,0.0
2026-06-01 05:46:40,0.0
2026-06-01 05:48:20,0.0
2026-06-01 05:50:00,0.0
2026-06-01 05:51:40,0.0
2026-06-01 05:55:00,0.0
2026-06-01 05:56:40,0.0
2026-06-01 05:58:20,0.0
2026-06-01 06:00:00,0.0
2026-06-01 06:01:40,0.0
2026-06-01 06:03:20,0.0
2026-06-01 06:05:00,0.0
2026-06-01 06:06:40,0.0
2026-06-01 06:08:20,0.0
2026-06-01 06:10:00,0.0
2026-06-01 06:11:40,0.0
2026-06-01 06:13:20,0.0
2026-06-01 06:15:00,0.0
2026-06-01 06:16:40,0.0
2026-06-01 06:18:20,0.0
2026-06-01 06:20:00,0.0
2026-06-01 06:21:40,0.0
2026-06-01 06:23:20,0.0
2026-06-01 06:25:00,0.0
2026-06-01 06:26:40,0.0
2026-06-01 06:28:20,0.0
2026-06-01 06:30:00,0.0
2026-06-01 06:31:40,0.0
2026-06-01 06:33:20,0.0
2026-06-01 06:35:00,0.0
2026-06-01 06:36:40,0.0
2026-06-01 06:38:20,0.0
2026-06-01 06:40:00,0.0
2026-06-01 06:41:40,0.0
2026-06-01 06:43:20,0.0
2026-06-01 06:45:00,0.0
2026-06-01 06:46:40,0.0
2026-06-01 06:48:20,0.0
2026-06-01 06:50:00,0.0
2026-06-01 06:51:40,0.0
2026-06-01 06:55:00,0.0
2026-06-01 06:56:40,0.0
2026-06-01 06:58:20,0.0
2026-06-01 07:00:00,0.0
2026-06-01 07:01:40,0.0
2026-06-01 07:03:20,0.0
2026-06-01 07:05:00,0.0
2026-06-01 07:06:40,0.0
2026-06-01 07:08:20,0.0
2026-06-01 07:10:00,0.0
2026-06-01 07:11:40,0.0
2026-06-01 07:13:20,0.0
2026-06-01 07:15:00,0.0
2026-06-01 07:16:40,0.0
2026-06-01 07:18:20,0.0
2026-06-01 07:20:00,0.0
2026-06-01 07:21:40,0.0
2026-06-01 07:23:20,0.0
2026-06-01 07:25:00,0.0
2026-06-01 07:26:40,0.0
2026-06-01 07:28:20,0.0
2026-06-01 07:30:00,0.0
2026-06-01 07:31:40,0.0
2026-06-01 07:33:20,0.0
2026-06-01 07:35:00,0.0
2026-06-01 07:36:40,0.0
2026-06-01 07:38:20,0.0
2026-06-01 07:40:00,0.0
2026-06-01 07:41:40,0.0
2026-06-01 07:43:20,0.0
2026-06-01 07:45:00,0.0
2026-06-01 07:46:40,0.0
2026-06-01 07:48:20,0.0
2026-06-01 07:50:00,0.0
2026-06-01 07:51:40,0.0
2026-06-01 07:55:00,0.0
2026-06-01 07:56:40,0.0
2026-06-01 07:58:20,0.0
2026-06-01 08:00:00,0.0
2026-06-01 08:01:40,0.0
2026-06-01 08:03:20,0.0
2026-06-01 08:05:00,0.0
2026-06-01 08:06:40,0.0
2026-06-01 08:08:20,0.0
2026-06-01 08:10:00,0.0
2026-06-01 08:11:40,0.0
2026-06-01 08:13:20,0.0
2026-06-01 08:15:00,0.0
2026-06-01 08:16:40,0.0
2026-06-01 08:18:20,0.0
2026-06-01 08:20:00,0.0
2026-06-01 08:21:40,0.0
2026-06-01 08:23:20,0.0
2026-06-01 08:25:00,0.0
2026-06-01 08:26:40,0.0
2026-06-01 08:28:20,0.0
2026-06-01 08:30:00,0.0
2026-06-01 08:31:40,0.0
2026-06-01 08:33:20,0.0
2026-06-01 08:35:00,0.0
2026-06-01 08:36:40,0.0
2026-06-01 08:38:20,0.0
2026-06-01 08:40:00,0.0
2026-06-01 08:41:40,0.0
2026-06-01 08:43:20,0.0
2026-06-01 08:45:00,0.0
2026-06-01 08:46:40,0.0
2026-06-01 08:48:20,0.0
2026-06-01 08:50:00,0.0
2026-06-01 08:51:40,0.0
2026-06-01 08:55:00,0.0
2026-06-01 08:56:40,0.0
2026-06-01 08:58:20,0.0
2026-06-01 09:00:00,0.0
2026-06-01 09:01:40,0.0
2026-06-01 09:03:20,0.0
2026-06-01 09:05:00,0.0
2026-06-01 09:06:40,0.0
2026-06-01 09:08:20,0.0
2026-06-01 09:10:00,0.0
2026-06-01 09:11:40,0.0
2026-06-01 09:13:20,0.0
2026-06-01 09:15:00,0.0
2026-06-01 09:16:40,0.0
2026-06-01 09:18:20,0.0
2026-06-01 09:20:00,0.0
2026-06-01 09:21:40,0.0
2026-06-01 09:23:20,0.0
2026-06-01 09:25:00,0.0
2026-06-01 09:26:40,0.0
2026-06-01 09:28:20,0.0
2026-06-01 09:30:00,0.0
2026-06-01 09:31:40,0.0
2026-06-01 09:33:20,0.0
2026-06-01 09:35:00,0.0
2026-06-01 09:36:40,0.0
2026-06-01 09:38:20,0.0
2026-06-01 09:40:00,0.0
2026-06-01 09:41:40,0.0
2026-06-01 09:43:20,0.0
2026-06-01 09:45:00,0.0
2026-06-01 09:46:40,0.0
2026-06-01 09:48:20,0.0
2026-06-01 09:50:00,0.0
2026-06-01 09:51:40,0.0
2026-06-01 09:55:00,0.0
2026-06-01 09:56:40,0.0
2026-06-01 09:58:20,0.0
2026-06-01 10:00:00,0.0
2026-06-01 10:01:40,0.0
2026-06-01 10:03:20,0.0
2026-06-01 10:05:00,0.0
2026-06-01 10:06:40,0.0
2026-06-01 10:08:20,0.0
2026-06-01 10:10:00,0.0
2026-06-01 10:11:40,0.0
2026-06-01 10:13:20,0.0
2026-06-01 10:15:00,0.0
2026-06-01 10:16:40,0.0
2026-06-01 10:18:20,0.0
2026-06-01 10:20:00,0.0
2026-06-01 10:21:40,0.0
2026-06-01 10:23:20,0.0
2026-06-01 10:25:00,0.0
2026-06-01 10:26:40,0.0
2026-06-01 10:28:20,0.0
2026-06-01 10:30:00,0.0
2026-06-01 10:31:40,0.0
2026-06-01 10:33:20,0.0
2026-06-01 10:35:00,0.0
2026-06-01 10:36:40,0.0
2026-06-01 10:38:20,0.0
2026-06-01 10:40:00,0.0
2026-06-01 10:41:40,0.0
2026-06-01 10:43:20,0.0
2026-06-01 10:45:00,0.0
2026-06-01 10:46:40,0.0
2026-06-01 10:48:20,0.0
2026-06-01 10:50:00,0.0
2026-06-01 10:51:40,0.0
2026-06-01 10:55:00,0.0
2026-06-01 10:56:40,0.0
2026-06-01 10:58:20,0.0
2026-06-01 11:00:00,0.0
2026-06-01 11:01:40,0.0
2026-06-01 11:03:20,0.0
2026-06-01 11:05:00,0.0
2026-06-01 11:06:40,0.0
2026-06-01 11:08:20,0.0
2026-06-01 11:10:00,0.0
2026-06-01 11:11:40,0.0
2026-06-01 11:13:20,0.0
2026-06-01 11:15:00,0.0
2026-06-01 11:16:40,0.0
2026-06-01 11:18:20,0.0
2026-06-01 11:20:00,0.0
2026-06-01 11:21:40,0.0
2026-06-01 11:23:20,0.0
2026-06-01 11:25:00,0.0
2026-06-01 11:26:40,0.0
2026-06-01 11:28:20,0.0
2026-06-01 11:30:00,0.0
2026-06-01 11:31:40,0.0
2026-06-01 11:33:20,0.0
2026-06-01 11:35:00,0.0
2026-06-01 11:36:40,0.0
2026-06-01 11:38:20,0.0
2026-06-01 11:40:00,0.0
2026-06-01 11:41:40,0.0
2026-06-01 11:43:20,0.0
2026-06-01 11:45:00,0.0
2026-06-01 11:46:40,0.0
2026-06-01 11:48:20,0.0
2026-06-01 11:50:00,0.0
2026-06-01 11:51:40,0.0
2026-06-01 11:55:00,0.0
2026-06-01 11:56:40,0.0
2026-06-01 11:58:20,0.0
2026-06-01 12:00:00,0.0
2026-06-01 12:01:40,0.0
2026-06-01 12:05:00,0.0
2026-06-01 12:06:40,0.0
2026-06-01 12:08:20,0.0
2026-06-01 12:10:00,0.0
2026-06-01 12:11:40,0.0
2026-06-01 12:13:20,0.0
2026-06-01 12:15:00,0.0
2026-06-01 12:16:40,0.0
2026-06-01 12:18:20,0.0
2026-06-01 12:20:00,0.0
2026-06-01 12:21:40,0.0
2026-06-01 12:23:20,0.0
2026-06-01 12:25:00,0.0
2026-06-01 12:26:40,0.0
2026-06-01 12:28:20,0.0
2026-06-01 12:30:00,0.0
2026-06-01 12:31:40,0.0
2026-06-01 12:33:20,0.0
2026-06-01 12:35:00,0.0
2026-06-01 12:36:40,0.0
2026-06-01 12:38:20,0.0
2026-06-01 12:40:00,0.0
2026-06-01 12:41:40,0.0
2026-06-01 12:43:20,0.0
2026-06-01 12:45:00,0.0
2026-06-01 12:46:40,0.0
2026-06-01 12:48:20,0.0
2026-06-01 12:50:00,0.0
2026-06-01 12:51:40,0.0
2026-06-01 12:55:00,0.0
2026-06-01 12:56:40,0.0
2026-06-01 12:58:20,0.0
2026-06-01 13:00:00,0.0
2026-06-01 13:01:40,0.0
2026-06-01 13:03:20,0.0
2026-06-01 13:05:00,0.0
2026-06-01 13:06:40,0.0
2026-06-01 13:08:20,0.0
2026-06-01 13:10:00,0.0
2026-06-01 13:11:40,0.0
2026-06-01 13:13:20,0.0
2026-06-01 13:15:00,0.0
2026-06-01 13:16:40,0.0
2026-06-01 13:18:20,0.0
2026-06-01 13:20:00,0.0
2026-06-01 13:21:40,0.0
2026-06-01 13:23:20,0.0
2026-06-01 13:25:00,0.0
2026-06-01 13:26:40,0.0
2026-06-01 13:28:20,0.0
2026-06-01 13:30:00,0.0
2026-06-01 13:31:40,0.0
2026-06-01 13:33:20,0.0
2026-06-01 13:35:00,0.0
2026-06-01 13:36:40,0.0
2026-06-01 13:38:20,0.0
2026-06-01 13:40:00,0.0
2026-06-01 13:41:40,0.0
2026-06-01 13:43:20,0.0
2026-06-01 13:45:00,0.0
2026-06-01 13:46:40,0.0
2026-06-01 13:48:20,0.0
2026-06-01 13:50:00,0.0
2026-06-01 13:51:40,0.0
2026-06-01 13:55:00,0.0
2026-06-01 13:56:40,0.0
2026-06-01 13:58:20,0.0
2026-06-01 14:00:00,0.0
2026-06-01 14:01:40,0.0
2026-06-01 14:03:20,0.0
2026-06-01 14:05:00,0.0
2026-06-01 14:06:40,0.0
2026-06-01 14:08:20,0.0
2026-06-01 14:10:00,0.0
2026-06-01 14:11:40,0.0
2026-06-01 14:13:20,0.0
2026-06-01 14:15:00,0.0
2026-06-01 14:16:40,0.0
2026-06-01 14:18:20,0.0
2026-06-01 14:20:00,0.0
2026-06-01 14:21:40,0.0
2026-06-01 14:23:20,0.0
2026-06-01 14:25:00,0.0
2026-06-01 14:26:40,0.0
2026-06-01 14:28:20,0.0
2026-06-01 14:30:00,0.0
2026-06-01 14:31:40,0.0
2026-06-01 14:33:20,0.0
2026-06-01 14:35:00,0.0
2026-06-01 14:36:40,0.0
2026-06-01 14:38:20,0.0
2026-06-01 14:40:00,0.0
2026-06-01 14:41:40,0.0
2026-06-01 14:43:20,0.0
2026-06-01 14:45:00,0.0
2026-06-01 14:46:40,0.0
2026-06-01 14:48:20,0.0
2026-06-01 14:50:00,0.0
2026-06-01 14:51:40,0.0
2026-06-01 14:55:00,0.0
2026-06-01 14:56:40,0.0
2026-06-01 14:58:20,0.0
2026-06-01 15:00:00,0.0
2026-06-01 15:01:40,0.0
2026-06-01 15:03:20,0.0
2026-06-01 15:05:00,0.0
2026-06-01 15:06:40,0.0
2026-06-01 15:08:20,0.0
2026-06-01 15:10:00,0.0
2026-06-01 15:11:40,0.0
2026-06-01 15:13:20,0.0
2026-06-01 15:15:00,0.0
2026-06-01 15:16:40,0.0
2026-06-01 15:18:20,0.0
2026-06-01 15:20:00,0.0
2026-06-01 15:21:40,0.0
2026-06-01 15:23:20,0.0
2026-06-01 15:25:00,0.0
2026-06-01 15:26:40,0.0
2026-06-01 15:28:20,0.0
2026-06-01 15:30:00,0.0
2026-06-01 15:31:40,0.0
2026-06-01 15:33:20,0.0
2026-06-01 15:35:00,0.0
2026-06-01 15:36:40,0.0
2026-06-01 15:38:20,0.0
2026-06-01 15:40:00,0.0
2026-06-01 15:41:40,0.0
2026-06-01 15:43:20,0.0
2026-06-01 15:45:00,0.0
2026-06-01 15:46:40,0.0
2026-06-01 15:48:20,0.0
2026-06-01 15:50:00,0.0
2026-06-01 15:51:40,0.0
2026-06-01 15:55:00,0.0
2026-06-01 15:56:40,0.0
2026-06-01 15:58:20,0.0
2026-06-01 16:00:00,0.0
2026-06-01 16:01:40,0.0
2026-06-01 16:03:20,0.0
2026-06-01 16:05:00,0.0
2026-06-01 16:06:40,0.0
2026-06-01 16:08:20,0.0
2026-06-01 16:10:00,0.0
2026-06-01 16:11:40,0.0
2026-06-01 16:13:20,0.0
2026-06-01 16:15:00,0.0
2026-06-01 16:16:40,0.0
2026-06-01 16:18:20,0.0
2026-06-01 16:20:00,0.0
2026-06-01 16:21:40,0.0
2026-06-01 16:23:20,0.0
2026-06-01 16:25:00,0.0
2026-06-01 16:26:40,0.0
2026-06-01 16:28:20,0.0
2026-06-01 16:30:00,0.0
2026-06-01 16:31:40,0.0
2026-06-01 16:33:20,0.0
2026-06-01 16:35:00,0.0
2026-06-01 16:36:40,0.0
2026-06-01 16:38:20,0.0
2026-06-01 16:40:00,0.0
2026-06-01 16:41:40,0.0
2026-06-01 16:43:20,0.0
2026-06-01 16:45:00,0.0
2026-06-01 16:46:40,0.0
2026-06-01 16:48:20,0.0
2026-06-01 16:50:00,0.0
2026-06-01 16:51:40,0.0
2026-06-01 16:55:00,0.0
2026-06-01 16:56:40,0.0
2026-06-01 16:58:20,0.0
2026-06-01 17:00:00,0.0
2026-06-01 17:01:40,0.0
2026-06-01 17:03:20,0.0
2026-06-01 17:05:00,0.0
2026-06-01 17:06:40,0.0
2026-06-01 17:08:20,0.0
2026-06-01 17:10:00,0.0
2026-06-01 17:11:40,0.0
2026-06-01 17:13:20,0.0
2026-06-01 17:15:00,0.0
2026-06-01 17:16:40,0.0
2026-06-01 17:18:20,0.0
2026-06-01 17:20:00,0.0
2026-06-01 17:21:40,0.0
2026-06-01 17:23:20,0.0
2026-06-01 17:25:00,0.0
2026-06-01 17:26:40,0.0
2026-06-01 17:28:20,0.0
2026-06-01 17:30:00,0.0
2026-06-01 17:31:40,0.0
2026-06-01 17:33:20,0.0
2026-06-01 17:35:00,0.0
2026-06-01 17:36:40,0.0
2026-06-01 17:38:20,0.0
2026-06-01 17:40:00,0.0
2026-06-01 17:41:40,0.0
2026-06-01 17:43:20,0.0
2026-06-01 17:45:00,0.0
2026-06-01 17:46:40,0.0
2026-06-01 17:48:20,0.0
2026-06-01 17:50:00,0.0
2026-06-01 17:51:40,0.0
2026-06-01 17:55:00,0.0
2026-06-01 17:56:40,0.0
2026-06-01 17:58:20,0.0
2026-06-01 18:00:00,0.0
2026-06-01 18:01:40,0.0
2026-06-01 18:03:20,0.0
2026-06-01 18:05:00,0.0
2026-06-01 18:06:40,0.0
2026-06-01 18:08:20,0.0
2026-06-01 18:10:00,0.0
2026-06-01 18:11:40,0.0
2026-06-01 18:13:20,0.0
2026-06-01 18:15:00,0.0
2026-06-01 18:16:40,0.0
2026-06-01 18:18:20,0.0
2026-06-01 18:20:00,0.0
2026-06-01 18:21:40,0.0
2026-06-01 18:23:20,0.0
2026-06-01 18:25:00,0.0
2026-06-01 18:26:40,0.0
2026-06-01 18:28:20,0.0
2026-06-01 18:30:00,0.0
2026-06-01 18:31:40,0.0
2026-06-01 18:33:20,0.0
2026-06-01 18:35:00,0.0
2026-06-01 18:36:40,0.0
2026-06-01 18:38:20,0.0
2026-06-01 18:40:00,0.0
2026-06-01 18:41:40,0.0
2026-06-01 18:43:20,0.0
2026-06-01 18:45:00,0.0
2026-06-01 18:46:40,0.0
2026-06-01 18:48:20,0.0
2026-06-01 18:50:00,0.0
2026-06-01 18:51:40,0.0
2026-06-01 18:56:40,0.0
2026-06-01 18:58:20,0.0
2026-06-01 19:00:00,0.0
2026-06-01 19:01:40,0.0
2026-06-01 19:03:20,0.0
2026-06-01 19:05:00,0.0
2026-06-01 19:06:40,0.0
2026-06-01 19:08:20,0.0
2026-06-01 19:10:00,0.0
2026-06-01 19:11:40,0.0
2026-06-01 19:13:20,0.0
2026-06-01 19:15:00,0.0
2026-06-01 19:16:40,0.0
2026-06-01 19:18:20,0.0
2026-06-01 19:20:00,0.0
2026-06-01 19:21:40,0.0
2026-06-01 19:23:20,0.0
2026-06-01 19:25:00,0.0
2026-06-01 19:26:40,0.0
2026-06-01 19:28:20,0.0
2026-06-01 19:30:00,0.0
2026-06-01 19:31:40,0.0
2026-06-01 19:33:20,0.0
2026-06-01 19:35:00,0.0
2026-06-01 19:36:40,0.0
2026-06-01 19:38:20,0.0
2026-06-01 19:40:00,0.0
2026-06-01 19:41:40,0.0
2026-06-01 19:43:20,0.0
2026-06-01 19:45:00,0.0
2026-06-01 19:46:40,0.0
2026-06-01 19:48:20,0.0
2026-06-01 19:50:00,0.0
2026-06-01 19:51:40,0.0
2026-06-01 19:55:00,0.0
2026-06-01 19:56:40,0.0
2026-06-01 19:58:20,0.0
2026-06-01 20:00:00,0.0
2026-06-01 20:01:40,0.0
2026-06-01 20:03:20,0.0
2026-06-01 20:05:00,0.0
2026-06-01 20:06:40,0.0
2026-06-01 20:08:20,0.0
2026-06-01 20:10:00,0.0
2026-06-01 20:11:40,0.0
2026-06-01 20:13:20,0.0
2026-06-01 20:15:00,0.0
2026-06-01 20:16:40,0.0
2026-06-01 20:18:20,0.0
2026-06-01 20:20:00,0.0
2026-06-01 20:21:40,0.0
2026-06-01 20:23:20,0.0
2026-06-01 20:25:00,0.0
2026-06-01 20:26:40,0.0
2026-06-01 20:28:20,0.0
2026-06-01 20:30:00,0.0
2026-06-01 20:31:40,0.0
2026-06-01 20:33:20,0.0
2026-06-01 20:35:00,0.0
2026-06-01 20:36:40,0.0
2026-06-01 20:38:20,0.0
2026-06-01 20:40:00,0.0
2026-06-01 20:41:40,0.0
2026-06-01 20:43:20,0.0
2026-06-01 20:45:00,0.0
2026-06-01 20:46:40,0.0
2026-06-01 20:48:20,0.0
2026-06-01 20:50:00,0.0
2026-06-01 20:51:40,0.0
2026-06-01 20:55:00,0.0
2026-06-01 20:56:40,0.0
2026-06-01 20:58:20,0.0
2026-06-01 21:00:00,0.0
2026-06-01 21:01:40,0.0
2026-06-01 21:03:20,0.0
2026-06-01 21:05:00,0.0
2026-06-01 21:06:40,0.0
2026-06-01 21:08:20,0.0
2026-06-01 21:10:00,0.0
2026-06-01 21:11:40,0.0
2026-06-01 21:13:20,0.0
2026-06-01 21:15:00,0.0
2026-06-01 21:16:40,0.0
2026-06-01 21:18:20,0.0
2026-06-01 21:20:00,0.0
2026-06-01 21:21:40,0.0
2026-06-01 21:23:20,0.0
2026-06-01 21:25:00,0.0
2026-06-01 21:26:40,0.0
2026-06-01 21:28:20,0.0
2026-06-01 21:30:00,0.0
2026-06-01 21:31:40,0.0
2026-06-01 21:33:20,0.0
2026-06-01 21:35:00,0.0
2026-06-01 21:36:40,0.0
2026-06-01 21:38:20,0.0
2026-06-01 21:40:00,0.0
2026-06-01 21:41:40,0.0
2026-06-01 21:43:20,0.0
2026-06-01 21:45:00,0.0
2026-06-01 21:46:40,0.0
2026-06-01 21:48:20,0.0
2026-06-01 21:50:00,0.0
2026-06-01 21:51:40,0.0
2026-06-01 21:56:40,0.0
2026-06-01 21:58:20,0.0
2026-06-01 22:00:00,0.0
2026-06-01 22:01:40,0.0
2026-06-01 22:03:20,0.0
2026-06-01 22:05:00,0.0
2026-06-01 22:06:40,0.0
2026-06-01 22:08:20,0.0
2026-06-01 22:10:00,0.0
2026-06-01 22:11:40,0.0
2026-06-01 22:13:20,0.0
2026-06-01 22:15:00,0.0
2026-06-01 22:16:40,0.0
2026-06-01 22:18:20,0.0
2026-06-01 22:20:00,0.0
2026-06-01 22:21:40,0.0
2026-06-01 22:23:20,0.0
2026-06-01 22:25:00,0.0
2026-06-01 22:26:40,0.0
2026-06-01 22:28:20,0.0
2026-06-01 22:30:00,0.0
2026-06-01 22:31:40,0.0
2026-06-01 22:33:20,0.0
2026-06-01 22:35:00,0.0
2026-06-01 22:36:40,0.0
2026-06-01 22:38:20,0.0
2026-06-01 22:40:00,0.0
2026-06-01 22:41:40,0.0
2026-06-01 22:43:20,0.0
2026-06-01 22:45:00,0.0
2026-06-01 22:46:40,0.0
2026-06-01 22:48:20,0.0
2026-06-01 22:50:00,0.0
2026-06-01 22:51:40,0.0
2026-06-01 22:55:00,0.0
2026-06-01 22:56:40,0.0
2026-06-01 22:58:20,0.0
2026-06-01 23:00:00,0.0
2026-06-01 23:01:40,0.0
2026-06-01 23:03:20,0.0
2026-06-01 23:05:00,0.0
2026-06-01 23:06:40,0.0
2026-06-01 23:08:20,0.0
2026-06-01 23:10:00,0.0
2026-06-01 23:11:40,0.0
2026-06-01 23:13:20,0.0
2026-06-01 23:15:00,0.0
2026-06-01 23:16:40,0.0
2026-06-01 23:18:20,0.0
2026-06-01 23:20:00,0.0
2026-06-01 23:21:40,0.0
2026-06-01 23:23:20,0.0
2026-06-01 23:25:00,0.0
2026-06-01 23:26:40,0.0
2026-06-01 23:28:20,0.0
2026-06-01 23:30:00,0.0
2026-06-01 23:31:40,0.0
2026-06-01 23:33:20,0.0
2026-06-01 23:35:00,0.0
2026-06-01 23:36:40,0.0
2026-06-01 23:38:20,0.0
2026-06-01 23:40:00,0.0
2026-06-01 23:41:40,0.0
2026-06-01 23:43:20,0.0
2026-06-01 23:45:00,0.0
2026-06-01 23:46:40,0.0
2026-06-01 23:48:20,0.0
2026-06-01 23:50:00,0.0
2026-06-01 23:51:40,0.0
2026-06-01 23:55:00,0.0
2026-06-01 23:56:40,0.0
2026-06-01 23:58:20,0.0
2026-06-02 00:00:00,0.0
2026-06-02 00:01:40,0.0
2026-06-02 00:03:20,0.0
2026-06-02 00:05:00,0.0
2026-06-02 00:06:40,0.0
2026-06-02 00:08:20,0.0
2026-06-02 00:10:00,0.0
2026-06-02 00:11:40,0.0
2026-06-02 00:13:20,0.0
2026-06-02 00:15:00,0.0
2026-06-02 00:16:40,0.0
2026-06-02 00:18:20,0.0
2026-06-02 00:20:00,0.0
2026-06-02 00:21:40,0.0
2026-06-02 00:23:20,0.0
2026-06-02 00:25:00,0.0
2026-06-02 00:26:40,0.0
2026-06-02 00:28:20,0.0
2026-06-02 00:30:00,0.0
2026-06-02 00:31:40,0.0
2026-06-02 00:33:20,0.0
2026-06-02 00:35:00,0.0
2026-06-02 00:36:40,0.0
2026-06-02 00:38:20,0.0
2026-06-02 00:40:00,0.0
2026-06-02 00:41:40,0.0
2026-06-02 00:43:20,0.0
2026-06-02 00:45:00,0.0
2026-06-02 00:46:40,0.0
2026-06-02 00:48:20,0.0
2026-06-02 00:50:00,0.0
2026-06-02 00:51:40,0.0
2026-06-02 00:56:40,0.0
2026-06-02 00:58:20,0.0
2026-06-02 01:00:00,0.0
2026-06-02 01:01:40,0.0
2026-06-02 01:03:20,0.0
2026-06-02 01:05:00,0.0
2026-06-02 01:06:40,0.0
2026-06-02 01:08:20,0.0
2026-06-02 01:10:00,0.0
2026-06-02 01:11:40,0.0
2026-06-02 01:13:20,0.0
2026-06-02 01:15:00,0.0
2026-06-02 01:16:40,0.0
2026-06-02 01:18:20,0.0
2026-06-02 01:20:00,0.0
2026-06-02 01:21:40,0.0
2026-06-02 01:23:20,0.0
2026-06-02 01:25:00,0.0
2026-06-02 01:26:40,0.0
2026-06-02 01:28:20,0.0
2026-06-02 01:30:00,0.0
2026-06-02 01:31:40,0.0
2026-06-02 01:33:20,0.0
2026-06-02 01:35:00,0.0
2026-06-02 01:36:40,0.0
2026-06-02 01:38:20,0.0
2026-06-02 01:40:00,0.0
2026-06-02 01:41:40,0.0
2026-06-02 01:43:20,0.0
2026-06-02 01:45:00,0.0
2026-06-02 01:46:40,0.0
2026-06-02 01:48:20,0.0
2026-06-02 01:50:00,0.0
2026-06-02 01:51:40,0.0
2026-06-02 01:55:00,0.0
2026-06-02 01:56:40,0.0
2026-06-02 01:58:20,0.0
2026-06-02 02:00:00,0.0
2026-06-02 02:01:40,0.0
2026-06-02 02:03:20,0.0
2026-06-02 02:05:00,0.0
2026-06-02 02:06:40,0.0
2026-06-02 02:08:20,0.0
2026-06-02 02:10:00,0.0
2026-06-02 02:11:40,0.0
2026-06-02 02:13:20,0.0
2026-06-02 02:15:00,0.0
2026-06-02 02:16:40,0.0
2026-06-02 02:18:20,0.0
2026-06-02 02:20:00,0.0
2026-06-02 02:21:40,0.0
2026-06-02 02:23:20,0.0
2026-06-02 02:25:00,0.0
2026-06-02 02:26:40,0.0
2026-06-02 02:28:20,0.0
2026-06-02 02:30:00,0.0
2026-06-02 02:31:40,0.0
2026-06-02 02:33:20,0.0
2026-06-02 02:35:00,0.0
2026-06-02 02:36:40,0.0
2026-06-02 02:38:20,0.0
2026-06-02 02:40:00,0.0
2026-06-02 02:41:40,0.0
2026-06-02 02:43:20,0.0
2026-06-02 02:45:00,0.0
2026-06-02 02:46:40,0.0
2026-06-02 02:48:20,0.0
2026-06-02 02:50:00,0.0
2026-06-02 02:51:40,0.0
2026-06-02 02:55:00,0.0
2026-06-02 02:56:40,0.0
2026-06-02 02:58:20,0.0
2026-06-02 03:00:00,0.0
2026-06-02 03:01:40,0.0
2026-06-02 03:03:20,0.0
2026-06-02 03:05:00,0.0
2026-06-02 03:06:40,0.0
2026-06-02 03:08:20,0.0
2026-06-02 03:10:00,0.0
2026-06-02 03:11:40,0.0
2026-06-02 03:13:20,0.0
2026-06-02 03:15:00,0.0
2026-06-02 03:16:40,0.0
2026-06-02 03:18:20,0.0
2026-06-02 03:20:00,0.0
2026-06-02 03:21:40,0.0
2026-06-02 03:23:20,0.0
2026-06-02 03:25:00,0.0
2026-06-02 03:26:40,0.0
2026-06-02 03:28:20,0.0
2026-06-02 03:30:00,0.0
2026-06-02 03:31:40,0.0
2026-06-02 03:33:20,0.0
2026-06-02 03:35:00,0.0
2026-06-02 03:36:40,0.0
2026-06-02 03:38:20,0.0
2026-06-02 03:40:00,0.0
2026-06-02 03:41:40,0.0
2026-06-02 03:43:20,0.0
2026-06-02 03:45:00,0.0
2026-06-02 03:46:40,0.0
2026-06-02 03:48:20,0.0
2026-06-02 03:50:00,0.0
2026-06-02 03:51:40,0.0
2026-06-02 03:56:40,0.0
2026-06-02 03:58:20,0.0
2026-06-02 04:00:00,0.0
2026-06-02 04:01:40,0.0
2026-06-02 04:03:20,0.0
2026-06-02 04:05:00,0.0
2026-06-02 04:06:40,0.0
2026-06-02 04:08:20,0.0
2026-06-02 04:10:00,0.0
2026-06-02 04:11:40,0.0
2026-06-02 04:13:20,0.0
2026-06-02 04:15:00,0.0
2026-06-02 04:16:40,0.0
2026-06-02 04:18:20,0.0
2026-06-02 04:20:00,0.0
2026-06-02 04:21:40,0.0
2026-06-02 04:23:20,0.0
2026-06-02 04:25:00,0.0
2026-06-02 04:26:40,0.0
2026-06-02 04:28:20,0.0
2026-06-02 04:30:00,0.0
2026-06-02 04:31:40,0.0
2026-06-02 04:33:20,0.0
2026-06-02 04:35:00,0.0
2026-06-02 04:36:40,0.0
2026-06-02 04:38:20,0.0
2026-06-02 04:40:00,0.0
2026-06-02 04:41:40,0.0
2026-06-02 04:43:20,0.0
2026-06-02 04:45:00,0.0
2026-06-02 04:46:40,0.0
2026-06-02 04:48:20,0.0
2026-06-02 04:50:00,0.0
2026-06-02 04:51:40,0.0
2026-06-02 04:55:00,0.0
2026-06-02 04:56:40,0.0
2026-06-02 04:58:20,0.0
2026-06-02 05:00:00,0.0
2026-06-02 05:01:40,0.0
2026-06-02 05:03:20,0.0
2026-06-02 05:05:00,0.0
2026-06-02 05:06:40,0.0
2026-06-02 05:08:20,0.0
2026-06-02 05:10:00,0.0
2026-06-02 05:11:40,0.0
2026-06-02 05:13:20,0.0
2026-06-02 05:15:00,0.0
2026-06-02 05:16:40,0.0
2026-06-02 05:18:20,0.0
2026-06-02 05:20:00,0.0
2026-06-02 05:21:40,0.0
2026-06-02 05:23:20,0.0
2026-06-02 05:25:00,0.0
2026-06-02 05:26:40,0.0
2026-06-02 05:28:20,0.0
2026-06-02 05:30:00,0.0
2026-06-02 05:31:40,0.0
2026-06-02 05:33:20,0.0
2026-06-02 05:35:00,0.0
2026-06-02 05:36:40,0.0
2026-06-02 05:38:20,0.0
2026-06-02 05:40:00,0.0
2026-06-02 05:41:40,0.0
2026-06-02 05:43:20,0.0
2026-06-02 05:45:00,0.0
2026-06-02 05:46:40,0.0
2026-06-02 05:48:20,0.0
2026-06-02 05:50:00,0.0
2026-06-02 05:51:40,0.0
2026-06-02 05:55:00,0.0
2026-06-02 05:56:40,0.0
2026-06-02 05:58:20,0.0
2026-06-02 06:00:00,0.0
2026-06-02 06:01:40,0.0
2026-06-02 06:03:20,0.0
2026-06-02 06:05:00,0.0
2026-06-02 06:06:40,0.0
2026-06-02 06:08:20,0.0
2026-06-02 06:10:00,0.0
2026-06-02 06:11:40,0.0
2026-06-02 06:13:20,0.0
2026-06-02 06:15:00,0.0
2026-06-02 06:16:40,0.0
2026-06-02 06:18:20,0.0
2026-06-02 06:20:00,0.0
2026-06-02 06:21:40,0.0
2026-06-02 06:23:20,0.0
2026-06-02 06:25:00,0.0
2026-06-02 06:26:40,0.0
2026-06-02 06:28:20,0.0
2026-06-02 06:30:00,0.0
2026-06-02 06:31:40,0.0
2026-06-02 06:33:20,0.0
2026-06-02 06:35:00,0.0
2026-06-02 06:36:40,0.0
2026-06-02 06:38:20,0.0
2026-06-02 06:40:00,0.0
2026-06-02 06:41:40,0.0
2026-06-02 06:43:20,0.0
2026-06-02 06:45:00,0.0
2026-06-02 06:46:40,0.0
2026-06-02 06:48:20,0.0
2026-06-02 06:50:00,0.0
2026-06-02 06:51:40,0.0
2026-06-02 06:56:40,0.0
2026-06-02 06:58:20,0.0
2026-06-02 07:00:00,0.0
2026-06-02 07:01:40,0.0
2026-06-02 07:03:20,0.0
2026-06-02 07:05:00,0.0
2026-06-02 07:06:40,0.0
2026-06-02 07:08:20,0.0
2026-06-02 07:10:00,0.0
2026-06-02 07:11:40,0.0
2026-06-02 07:13:20,0.0
2026-06-02 07:15:00,0.0
2026-06-02 07:16:40,0.0
2026-06-02 07:18:20,0.0
2026-06-02 07:20:00,0.0
2026-06-02 07:21:40,0.0
2026-06-02 07:23:20,0.0
2026-06-02 07:25:00,0.0
2026-06-02 07:26:40,0.0
2026-06-02 07:28:20,0.0
2026-06-02 07:30:00,0.0
2026-06-02 07:31:40,0.0
2026-06-02 07:33:20,0.0
2026-06-02 07:35:00,0.0
2026-06-02 07:36:40,0.0
2026-06-02 07:38:20,0.0
2026-06-02 07:40:00,0.0
2026-06-02 07:41:40,0.0
2026-06-02 07:43:20,0.0
2026-06-02 07:45:00,0.0
2026-06-02 07:46:40,0.0
2026-06-02 07:48:20,0.0
2026-06-02 07:50:00,0.0
2026-06-02 07:51:40,0.0
2026-06-02 07:55:00,0.0
2026-06-02 07:56:40,0.0
2026-06-02 07:58:20,0.0
2026-06-02 08:00:00,0.0
2026-06-02 08:01:40,0.0
2026-06-02 08:03:20,0.0
2026-06-02 08:05:00,0.0
2026-06-02 08:06:40,0.0
2026-06-02 08:08:20,0.0
2026-06-02 08:10:00,0.0
2026-06-02 08:11:40,0.0
2026-06-02 08:13:20,0.0
2026-06-02 08:15:00,0.0
2026-06-02 08:16:40,0.0
2026-06-02 08:18:20,0.0
2026-06-02 08:20:00,0.0
2026-06-02 08:21:40,0.0
2026-06-02 08:23:20,0.0
2026-06-02 08:25:00,0.0
2026-06-02 08:26:40,0.0
2026-06-02 08:28:20,0.0
2026-06-02 08:30:00,0.0
2026-06-02 08:31:40,0.0
2026-06-02 08:33:20,0.0
2026-06-02 08:35:00,0.0
2026-06-02 08:36:40,0.0
2026-06-02 08:38:20,0.0
2026-06-02 08:40:00,0.0
2026-06-02 08:41:40,0.0
2026-06-02 08:43:20,0.0
2026-06-02 08:45:00,0.0
2026-06-02 08:46:40,0.0
2026-06-02 08:48:20,0.0
2026-06-02 08:50:00,0.0
2026-06-02 08:51:40,0.0
2026-06-02 08:55:00,0.0
2026-06-02 08:56:40,0.0
2026-06-02 08:58:20,0.0
2026-06-02 09:00:00,0.0
2026-06-02 09:01:40,0.0
2026-06-02 09:03:20,0.0
2026-06-02 09:05:00,0.0
2026-06-02 09:06:40,0.0
2026-06-02 09:08:20,0.0
2026-06-02 09:10:00,0.0
2026-06-02 09:11:40,0.0
2026-06-02 09:13:20,0.0
2026-06-02 09:15:00,0.0
2026-06-02 09:16:40,0.0
2026-06-02 09:18:20,0.0
2026-06-02 09:20:00,0.0
2026-06-02 09:21:40,0.0
2026-06-02 09:23:20,0.0
2026-06-02 09:25:00,0.0
2026-06-02 09:26:40,0.0
2026-06-02 09:28:20,0.0
2026-06-02 09:30:00,0.0
2026-06-02 09:31:40,0.0
2026-06-02 09:33:20,0.0
2026-06-02 09:35:00,0.0
2026-06-02 09:36:40,0.0
2026-06-02 09:38:20,0.0
2026-06-02 09:40:00,0.0
2026-06-02 09:41:40,0.0
2026-06-02 09:43:20,0.0
2026-06-02 09:45:00,0.0
2026-06-02 09:46:40,0.0
2026-06-02 09:48:20,0.0
2026-06-02 09:50:00,0.0
2026-06-02 09:51:40,0.0
