ch,tk,NO2,NO2_Error,RMS,Chi2,term_bad,recov
ANs,2026-05-18 11:00:00,0.6417333560658062,0.0333875994226294,1.3274711967096078e-09,1.0833690174800465,0.9444444444444444,0.0
ANs,2026-05-18 12:00:00,0.7357289893241703,0.0405913273138612,1.61153134426981e-09,1.0244402574494824,1.0,0.0
ANs,2026-05-18 13:00:00,1.0597179160493662,0.03769862788545825,1.494090494592803e-09,0.9894190626026611,1.0,0.0
ANs,2026-05-18 14:00:00,0.7841771952105676,0.0357665935412069,1.416271330374996e-09,0.9988690176100118,0.9661016949152542,0.0
ANs,2026-05-18 15:00:00,0.6554283809827607,0.03589827148058495,1.4140946384530647e-09,0.9908103943174712,0.9666666666666667,0.0
ANs,2026-05-18 16:00:00,0.8957835941037089,0.036220987577683,1.425163234369617e-09,1.0119259932724853,0.95,0.0
ANs,2026-05-18 17:00:00,1.3254927511431647,0.039406382476711355,1.5521097546405943e-09,1.0251309191086642,0.1724137931034483,0.0
ANs,2026-05-18 18:00:00,1.9190872576390892,0.0359909686416222,1.4156780472132707e-09,1.009839058848837,0.5666666666666667,0.0
ANs,2026-05-18 19:00:00,1.8885216524534503,0.037010149048534294,1.4494424318931254e-09,1.0788134783005678,0.7833333333333333,0.0
ANs,2026-05-18 20:00:00,0.988214925440885,0.0350253133615083,1.3694648338343887e-09,1.0822568231399674,1.0,0.0
ANs,2026-05-18 21:00:00,1.5716683820555142,0.03698467946720715,1.4471626554988817e-09,1.048637320003294,0.4666666666666667,0.0
ANs,2026-05-18 22:00:00,3.8668715068964223,0.0398200462426897,1.5600146228484843e-09,1.0728400380549665,0.016666666666666666,0.0
ANs,2026-05-18 23:00:00,3.230823270374919,0.0365628643157891,1.4349277681523535e-09,1.0388212531352146,0.01694915254237288,0.0
ANs,2026-05-19 00:00:00,2.7236062817425823,0.035316169756763396,1.3875136996428098e-09,0.9917813703253924,0.0,0.0
ANs,2026-05-19 01:00:00,2.6367520738206434,0.035675838496644297,1.3989193489889898e-09,1.0248085223989456,0.15,0.0
ANs,2026-05-19 02:00:00,2.335588651843469,0.0358316513427238,1.4053578758230027e-09,1.0336912658778064,0.11864406779661017,0.0
ANs,2026-05-19 03:00:00,1.888100920242994,0.034244624837906454,1.341228725629031e-09,1.0153665603918933,0.31666666666666665,0.0
ANs,2026-05-19 04:00:00,2.0698976685580712,0.03558741746977865,1.3948688662888086e-09,1.0367042826960868,0.016666666666666666,0.0
ANs,2026-05-19 05:00:00,2.886565594482728,0.0342339020724259,1.3439996456985355e-09,1.0413984249532096,0.01694915254237288,0.0
ANs,2026-05-19 06:00:00,5.771184424227226,0.038536588049510254,1.5121370596157819e-09,1.0806750175383253,0.0,0.0
ANs,2026-05-19 07:00:00,8.027103391472455,0.043997276680122446,1.7234257193005827e-09,1.1518628779227789,0.0,0.0
ANs,2026-05-19 08:00:00,12.3484471064676,0.0522345833901646,2.042308469432072e-09,1.1689088007868085,0.0,0.0
ANs,2026-05-19 09:00:00,9.071776613283184,0.04543384376812695,1.7700208034053708e-09,1.0878313150167944,0.0,0.0
ANs,2026-05-19 10:00:00,7.439043536052871,0.0414338505804209,1.6248469652288952e-09,1.0671276326026597,0.03333333333333333,0.0
ANs,2026-05-19 11:00:00,0.9549429468934818,0.0334361695956177,1.3140557550306767e-09,1.0053645683669472,0.8983050847457628,0.0
ANs,2026-05-19 12:00:00,0.6578554773555276,0.033510496560580846,1.318805537382688e-09,1.0061855875474766,1.0,0.0
ANs,2026-05-19 13:00:00,0.5849144954155692,0.03655777375322035,1.4437907274651799e-09,1.0110581117274933,1.0,0.0
ANs,2026-05-19 14:00:00,0.9016871881055484,0.0343181366591075,1.355570103111754e-09,1.086731169354454,1.0,0.0
ANs,2026-05-19 15:00:00,0.9731659396860894,0.0349637055679277,1.382903624873375e-09,1.0437882702444319,0.8333333333333334,0.0
ANs,2026-05-19 16:00:00,0.9454267434743542,0.035319603955589945,1.4042863085593668e-09,0.9944362644721698,0.35,0.0
ANs,2026-05-19 17:00:00,1.1114165594950391,0.0346373695620972,1.3766600701230334e-09,1.0663287292784167,0.864406779661017,0.0
ANs,2026-05-19 18:00:00,1.6566916497434143,0.03541690832552295,1.3958081538805725e-09,1.0229090747231484,0.08333333333333333,0.0
ANs,2026-05-19 19:00:00,2.170993426963319,0.034575643464063596,1.35868659202493e-09,1.0358278994892425,0.03333333333333333,0.0
ANs,2026-05-19 20:00:00,2.4992079045129927,0.0365198554279443,1.4409703264505252e-09,1.0766844007046954,0.0,0.0
ANs,2026-05-19 21:00:00,7.182611921725181,0.04308140954616515,1.7016887993037697e-09,1.0967702961731836,0.016666666666666666,0.0
ANs,2026-05-19 22:00:00,8.429139856331044,0.0451210433001051,1.78274923653839e-09,1.164474129629624,0.016666666666666666,0.0
ANs,2026-05-19 23:00:00,9.292547217224262,0.04599611930274435,1.8157227360084013e-09,1.0948655867380415,0.0,0.0
ANs,2026-05-20 00:00:00,4.438976335391354,0.03816822160092455,1.5053801213971667e-09,1.0413825731118993,0.016666666666666666,0.0
ANs,2026-05-20 01:00:00,1.8734366973442487,0.0355474662318772,1.4011748148362204e-09,1.0352307491955424,0.2,0.0
ANs,2026-05-20 02:00:00,0.6214851208491455,0.034359132882053695,1.352804513112314e-09,1.0156245860944741,1.0,0.0
ANs,2026-05-20 03:00:00,0.5371846568859436,0.034864389168485804,1.3759559138615139e-09,1.0136299451118114,1.0,0.0
ANs,2026-05-20 04:00:00,0.8617672835004387,0.03270257361764935,1.2951473230678587e-09,1.0447336715268682,1.0,0.0
ANs,2026-05-20 05:00:00,0.9882387179406875,0.0342087583266298,1.3558131715216938e-09,1.0112457276839308,0.7413793103448276,0.0
ANs,2026-05-20 06:00:00,1.6316943047709331,0.0350341310414598,1.3885419514301502e-09,1.009350338581528,0.03389830508474576,0.0
ANs,2026-05-20 07:00:00,2.1850246119683807,0.0335907250695833,1.330557173469405e-09,1.0555565689902535,0.0,0.0
ANs,2026-05-20 08:00:00,2.8430595009135713,0.035345666162888645,1.4000367085333303e-09,1.1032968570023323,0.0,0.0
ANs,2026-05-20 09:00:00,3.1507903017692263,0.0354426917720035,1.4041230885338594e-09,1.1294672320108354,0.0,0.0
ANs,2026-05-20 10:00:00,3.6388535498387298,0.0354073688793577,1.4058348352584547e-09,1.1046030055371494,0.0,0.0
ANs,2026-05-20 11:00:00,3.3769818475560394,0.03306754800081835,1.3129670631515734e-09,1.0152664503481996,0.0,0.0
ANs,2026-05-20 12:00:00,2.7563056699217,0.0335932294337541,1.3298382052685063e-09,1.0770459846225715,0.0,0.0
ANs,2026-05-20 13:00:00,3.117885723751618,0.0336179607333979,1.3238858792136994e-09,1.08787872816974,0.016666666666666666,0.0
ANs,2026-05-20 14:00:00,3.8533811704820313,0.0384147370997397,1.509523572360632e-09,1.1100619143054329,0.01694915254237288,0.0
ANs,2026-05-20 15:00:00,5.39916826817117,0.0381950836842893,1.5001360320180163e-09,1.085256023177489,0.0,0.0
ANs,2026-05-20 16:00:00,5.591497871246436,0.0397969843330983,1.5625244289314102e-09,1.0331531131875482,0.0,0.0
ANs,2026-05-20 17:00:00,6.081493058109317,0.0396945894292146,1.5560579944961543e-09,1.0772152123064442,0.0,0.0
ANs,2026-05-20 18:00:00,6.534767157367795,0.041067471298444305,1.6076501546830479e-09,1.0996500486997447,0.0,0.0
ANs,2026-05-20 19:00:00,5.316538548084041,0.041160722481264594,1.6101973224024335e-09,1.1474665100644499,0.0,0.0
ANs,2026-05-20 20:00:00,3.650894828650462,0.0368788224861852,1.443303459674798e-09,1.1044257199660368,0.01694915254237288,0.0
ANs,2026-05-20 21:00:00,3.9227058874597818,0.0369229236900365,1.4454141645764568e-09,1.046519735758357,0.0,0.0
ANs,2026-05-20 22:00:00,3.5578872764909484,0.0373337293639392,1.4624577248415079e-09,1.0691333122063114,0.0,0.0
ANs,2026-05-20 23:00:00,3.1011886312914894,0.0363465749929838,1.4206946026908502e-09,1.0656186647282786,0.0,0.0
ANs,2026-05-21 00:00:00,2.4397691728512108,0.03762777270945735,1.4703236856922308e-09,1.0939567359827187,0.016666666666666666,0.0
ANs,2026-05-21 01:00:00,1.9529599007204812,0.0356971193579881,1.3943316614810098e-09,1.0603686605753544,0.36666666666666664,0.0
ANs,2026-05-21 02:00:00,2.1564849250263145,0.0355993191809594,1.3891549512207234e-09,1.0580052752119675,0.03389830508474576,0.0
ANs,2026-05-21 03:00:00,2.0906607566919098,0.0356296107246601,1.3900940590928997e-09,1.0804282696340914,0.03333333333333333,0.0
ANs,2026-05-21 04:00:00,2.6547102276900665,0.0368563094028625,1.4388564881778502e-09,1.045721240517219,0.0,0.0
ANs,2026-05-21 05:00:00,2.251706392473088,0.0361422151813556,1.4122568784254801e-09,1.041136501638375,0.1694915254237288,0.0
ANs,2026-05-21 06:00:00,2.707935892666222,0.0372542770125181,1.4554907712735269e-09,1.0919671992467013,0.0,0.0
ANs,2026-05-21 07:00:00,4.496324194737766,0.03906184861168585,1.526536327611156e-09,1.0946060054855526,0.0,0.0
ANs,2026-05-21 08:00:00,3.261032358067931,0.0383092681091684,1.4972740582418512e-09,1.0675495290351031,0.3220338983050847,0.0
ANs,2026-05-21 09:00:00,0.7673833634579912,0.0349070448309121,1.3620160668182565e-09,1.0790352387559703,0.9629629629629629,0.0
ANs,2026-05-21 10:00:00,0.7945510794644102,0.0337378223295798,1.3229742140736771e-09,1.0353424134067806,0.9166666666666666,0.0
ANs,2026-05-21 11:00:00,0.926811478669189,0.0356509155331525,1.394314938165893e-09,1.0376970473863971,1.0,0.0
ANs,2026-05-21 12:00:00,1.040878956323649,0.0371361699952759,1.4430095455661728e-09,1.0625622751935035,0.9491525423728814,0.0
ANs,2026-05-21 13:00:00,0.8963373010971336,0.032594929927529104,1.2635477010295263e-09,1.0212524952273143,0.9666666666666667,0.0
ANs,2026-05-21 14:00:00,0.9013964491741591,0.03258998685197035,1.2607547451235098e-09,0.9953014851866973,0.9166666666666666,0.0
ANs,2026-05-21 15:00:00,1.1655891410216872,0.0330594940382615,1.280755651262966e-09,1.0039261991219428,0.6101694915254238,0.0
ANs,2026-05-21 16:00:00,1.215795702408665,0.0330318037206919,1.2816548703488324e-09,1.0145388390787335,0.8333333333333334,0.0
ANs,2026-05-21 17:00:00,1.0479121782753742,0.032509183521948995,1.2616878798869735e-09,1.0151839601013792,0.8,0.0
ANs,2026-05-21 18:00:00,1.195051147467311,0.0322809597542206,1.2544663255752024e-09,1.0197834443870286,0.847457627118644,0.0
ANs,2026-05-21 19:00:00,1.4754535197318936,0.033500709513575,1.3078463411748856e-09,1.0431925904242112,0.2833333333333333,0.0
ANs,2026-05-21 20:00:00,1.1235728425266327,0.0331828389498221,1.297879270965634e-09,1.0611976052205516,0.43333333333333335,0.0
ANs,2026-05-21 21:00:00,1.1161253846033128,0.0339885009024248,1.3299009099010591e-09,1.048778784500551,0.711864406779661,0.0
ANs,2026-05-21 22:00:00,2.157523320362958,0.0352844663198073,1.3823662068940765e-09,1.0591271135200282,0.016666666666666666,0.0
ANs,2026-05-21 23:00:00,1.6165053394568014,0.03366871439543425,1.3198718807354905e-09,1.05120711877231,0.03333333333333333,0.0
ANs,2026-05-22 00:00:00,3.383053913498681,0.0365072710574204,1.4312448076676311e-09,1.0552147091268662,0.01694915254237288,0.0
ANs,2026-05-22 01:00:00,1.9892984714871944,0.0353052686156072,1.384013504088786e-09,1.0506695837297353,0.016666666666666666,0.0
ANs,2026-05-22 02:00:00,1.7392365956124727,0.033991678014406,1.3321566126566978e-09,1.0191486714618598,0.016666666666666666,0.0
ANs,2026-05-22 03:00:00,2.093811081040191,0.0341535386311704,1.3392191631409055e-09,1.0635661020290108,0.1016949152542373,0.0
ANs,2026-05-22 04:00:00,0.773834467638056,0.03384431684404035,1.3262215446062262e-09,1.0235139650583451,0.9833333333333333,0.0
ANs,2026-05-22 05:00:00,1.4580849037582364,0.0343219524472647,1.346757423051753e-09,1.022413175758819,0.288135593220339,0.0
ANs,2026-05-22 06:00:00,3.022911662336185,0.0355251458879633,1.3955650483665067e-09,1.0867434008145394,0.01694915254237288,0.0
ANs,2026-05-22 07:00:00,2.596715088950541,0.0345527515755953,1.3591983887124438e-09,1.0646265298365265,0.016666666666666666,0.0
ANs,2026-05-22 08:00:00,1.5193344316591832,0.03382407467652505,1.3320356548476098e-09,1.0488360421522636,0.45,0.0
ANs,2026-05-22 09:00:00,1.2665252339560271,0.0335303497926521,1.3163117348199995e-09,1.0656242212646838,0.6610169491525424,0.0
ANs,2026-05-22 10:00:00,1.2685461451781452,0.0353529090971659,1.3839091308342047e-09,1.0577252288186116,0.5333333333333333,0.0
ANs,2026-05-22 11:00:00,1.4444011420539105,0.0327247478500346,1.2816937350793843e-09,1.017711859140054,0.6,0.0
ANs,2026-05-22 12:00:00,1.8243641125176555,0.0352969700741786,1.383184244745215e-09,1.039449767698249,0.22033898305084745,0.0
ANs,2026-05-22 13:00:00,5.331410737989339,0.03733317523002255,1.4656049376487452e-09,1.0508998096702007,0.016666666666666666,0.0
ANs,2026-05-22 14:00:00,3.8083083128379864,0.0361530347518724,1.4229025306673755e-09,1.0709341028348565,0.1,0.0
ANs,2026-05-22 15:00:00,1.7938393484638453,0.0348405173276865,1.3679941564827371e-09,1.0410106658310931,0.2033898305084746,0.0
ANs,2026-05-22 16:00:00,2.4308040229226253,0.03665198393778475,1.434522128580446e-09,1.0631981834171262,0.016666666666666666,0.0
ANs,2026-05-22 17:00:00,2.3291050464846537,0.03669977853529985,1.4367609215161607e-09,1.0474085518775453,0.016666666666666666,0.0
ANs,2026-05-22 18:00:00,5.999639904632463,0.039904949199814396,1.5689751495638171e-09,1.0637440972110492,0.0,0.0
ANs,2026-05-22 19:00:00,5.996078021800084,0.0397209955769587,1.5731476601835535e-09,1.1286342046778746,0.016666666666666666,0.0
ANs,2026-05-22 20:00:00,5.440529987226162,0.040000358138918654,1.59411768610709e-09,1.161068928271914,0.016666666666666666,0.0
ANs,2026-05-22 21:00:00,4.629954689225964,0.0364955603313729,1.4583762813859747e-09,1.151530806646758,0.0,0.0
ANs,2026-05-22 22:00:00,4.6488196489410205,0.0381273653701983,1.5228525380707355e-09,1.1447558552651946,0.016666666666666666,0.0
ANs,2026-05-22 23:00:00,4.300728212124487,0.03499198101398255,1.399756262627527e-09,1.1639759268158807,0.016666666666666666,0.0
ANs,2026-05-23 00:00:00,2.0639830727349806,0.03127174806040681,1.2499976109745167e-09,1.0913475563218662,0.0,0.0
ANs,2026-05-23 01:00:00,1.7453660025515916,0.031332367854327456,1.2533473752590215e-09,1.0623970315705562,0.21666666666666667,0.0
ANs,2026-05-23 02:00:00,0.955649278215524,0.0307417622143627,1.2287600091010501e-09,1.0277685079070915,1.0,0.0
ANs,2026-05-23 03:00:00,0.7985122495273516,0.030962390671781498,1.237612032980811e-09,1.0021959794536646,0.9827586206896551,0.0
ANs,2026-05-23 04:00:00,0.9066399721977568,0.0315339132716397,1.260863857967375e-09,1.031213988049029,0.7966101694915254,0.0
ANs,2026-05-23 05:00:00,1.3236671318703543,0.0303739574570731,1.2144453305641607e-09,1.0983322726181766,0.3898305084745763,0.0
ANs,2026-05-23 06:00:00,1.74019913059729,0.0308829949609088,1.234696274901938e-09,1.05016974840165,0.034482758620689655,0.0
ANs,2026-05-23 07:00:00,1.633857497778431,0.0311989066078832,1.2461870692211143e-09,1.016661794763352,0.0,0.0
ANs,2026-05-23 08:00:00,2.0932968327483943,0.0337876710393233,1.3464761799475735e-09,1.054842891586255,0.22033898305084745,0.0
ANs,2026-05-23 09:00:00,2.2672472536612753,0.0325022476669042,1.2866846705989109e-09,1.0610370997972245,0.017241379310344827,0.0
ANs,2026-05-23 10:00:00,1.3398195492915168,0.0313410722046078,1.2347887198593476e-09,1.007102711302639,0.8135593220338984,0.0
ANs,2026-05-23 11:00:00,1.8743527311088717,0.0352561559460665,1.391249976836349e-09,1.0637867682945177,0.4,0.0
ANs,2026-05-23 12:00:00,1.433200303215572,0.0331536036597362,1.304649042144586e-09,1.0647846020651264,0.711864406779661,0.0
ANs,2026-05-23 13:00:00,4.3484222157157415,0.0370285311734742,1.4495200830080743e-09,1.1014169091722152,0.016666666666666666,0.0
ANs,2026-05-23 14:00:00,5.468110732068946,0.0367700222670671,1.4332395210462354e-09,1.1794055470454086,0.0,0.0
ANs,2026-05-23 15:00:00,5.087842520718202,0.0360209974486528,1.4045379415358927e-09,1.1745276753891671,0.01694915254237288,0.0
ANs,2026-05-23 16:00:00,6.117160457858491,0.0389973089284649,1.5281874265734647e-09,1.1537256698176317,0.0,0.0
ANs,2026-05-23 17:00:00,9.709457799169261,0.04969654907580205,1.9571754256530192e-09,1.2093203737645406,0.0,0.0
ANs,2026-05-23 18:00:00,1.804669752650323,0.0325566727040127,1.2824572415793166e-09,1.0874993757803622,0.0,0.0
ANs,2026-05-23 19:00:00,1.72519526664654,0.033162611274432804,1.3084303900291474e-09,1.1064251236007063,0.03333333333333333,0.0
ANs,2026-05-23 20:00:00,1.7176656266268344,0.03221718850080965,1.280427466029861e-09,1.0773855059359994,0.03333333333333333,0.0
ANs,2026-05-23 21:00:00,1.6612401666084926,0.0317380785807427,1.263631762694713e-09,1.0439514295446022,0.0,0.0
ANs,2026-05-23 22:00:00,1.7132358155016925,0.0321063449130791,1.2779219693595057e-09,1.0853141582376307,0.06666666666666667,0.0
ANs,2026-05-23 23:00:00,2.071240180183663,0.0324193309327363,1.2900985898838285e-09,1.0619283794278171,0.03333333333333333,0.0
ANs,2026-05-24 00:00:00,2.1388488466841054,0.031264399529261,1.2424361933865983e-09,1.068025465180393,0.0,0.0
ANs,2026-05-24 01:00:00,1.7775275465376505,0.0321715600299691,1.2778792662125947e-09,1.123683801168759,0.0,0.0
ANs,2026-05-24 02:00:00,1.7482745691365646,0.0317644473953599,1.2624678138452598e-09,1.0908033371848367,0.03333333333333333,0.0
ANs,2026-05-24 03:00:00,2.1857727236823123,0.0328938246138667,1.3067839473543523e-09,1.1012482898089924,0.0,0.0
ANs,2026-05-24 04:00:00,3.081257223050763,0.032261598842123845,1.2824953927160538e-09,1.074890477372703,0.016666666666666666,0.0
ANs,2026-05-24 05:00:00,2.682573196510752,0.03322869981234795,1.3210894375520744e-09,1.0515413632059571,0.0,0.0
ANs,2026-05-24 06:00:00,2.717161516415311,0.0313400909502639,1.2466044238023762e-09,1.022512640770331,0.0,0.0
ANs,2026-05-24 07:00:00,2.0992098963338526,0.03230215439375845,1.2846618929543417e-09,1.03124080431222,0.0,0.0
ANs,2026-05-24 08:00:00,1.7328487716467607,0.03247628508543235,1.2896535915784323e-09,1.064663954890655,0.23333333333333334,0.0
ANs,2026-05-24 09:00:00,1.3537847894665505,0.0309935037499625,1.2307348745714543e-09,1.0630296537484245,0.5932203389830508,0.0
ANs,2026-05-24 10:00:00,4.875541454087653,0.036265035872261445,1.426043353623672e-09,1.1272976629634266,0.0,0.0
ANs,2026-05-24 11:00:00,3.972355357178663,0.0362282624311235,1.4099196286726126e-09,1.0998666472520586,0.3333333333333333,0.0
ANs,2026-05-24 12:00:00,1.8941103641018882,0.0349381730774894,1.3539674260626054e-09,1.056728753049403,0.5333333333333333,0.0
ANs,2026-05-24 13:00:00,3.2606334575809033,0.037700591242862,1.4753654706061202e-09,1.0727600785913438,0.0,0.0
ANs,2026-05-24 14:00:00,1.3163651657336108,0.032907234784216,1.312051639986276e-09,1.092187028416879,0.1016949152542373,0.0
ANs,2026-05-24 15:00:00,1.2946555073746993,0.0322598152089199,1.2908518177276606e-09,1.0440282860202792,0.55,0.0
ANs,2026-05-24 16:00:00,1.420350931494494,0.033871531084033346,1.358061046061584e-09,1.1225234718812431,0.9666666666666667,0.0
ANs,2026-05-24 17:00:00,1.4445681081217916,0.0311439586907152,1.2402982176286972e-09,1.120347630549549,0.6440677966101694,0.0
ANs,2026-05-24 18:00:00,1.6622715699446742,0.03265355987861435,1.2728156598164017e-09,1.0678290525297789,0.85,0.0
ANs,2026-05-24 19:00:00,1.6863962429962893,0.0327417799118605,1.2710706385160895e-09,1.0623285636186948,0.5666666666666667,0.0
ANs,2026-05-24 20:00:00,1.7804945208595462,0.033109182265356,1.290335024154021e-09,1.0892314703522894,0.5423728813559322,0.0
ANs,2026-05-24 21:00:00,1.9471993887450225,0.032787425749542604,1.282483820592597e-09,1.0701293543431363,0.06666666666666667,0.0
ANs,2026-05-24 22:00:00,2.01614578535556,0.03198576468872835,1.252250509564488e-09,1.0378663018103431,0.2,0.0
ANs,2026-05-24 23:00:00,2.348544772039171,0.0324458898553358,1.271030201494183e-09,1.0645423532678246,0.01694915254237288,0.0
ANs,2026-05-25 00:00:00,2.1236500524609023,0.0333473050663414,1.3063685678450261e-09,1.076522002463617,0.016666666666666666,0.0
ANs,2026-05-25 01:00:00,1.8995948315243094,0.0333468981422409,1.3061229208536177e-09,0.9942713410209244,0.21666666666666667,0.0
ANs,2026-05-25 02:00:00,2.0981833966762613,0.0335682283114509,1.3129801303018044e-09,1.050429867834193,0.03389830508474576,0.0
ANs,2026-05-25 03:00:00,2.7442324925752337,0.03382073778071415,1.3240778127924466e-09,1.070804140651651,0.016666666666666666,0.0
ANs,2026-05-25 04:00:00,3.2067892899389117,0.0338436089227972,1.3240709882764027e-09,1.0379842897665514,0.0,0.0
ANs,2026-05-25 05:00:00,5.357092810481201,0.0368176765607597,1.4394100357668282e-09,1.083404133760471,0.01694915254237288,0.0
ANs,2026-05-25 06:00:00,6.010180471773959,0.0382827307952736,1.4983097358712447e-09,1.1245478187665117,0.0,0.0
ANs,2026-05-25 07:00:00,5.564819419486662,0.03706020763409885,1.4477863179167574e-09,1.13366698408131,0.0,0.0
ANs,2026-05-25 08:00:00,4.772972489537033,0.0371797311832431,1.4511083838006294e-09,1.1730264172209528,0.01694915254237288,0.0
ANs,2026-05-25 09:00:00,9.110491025689296,0.046622273253953,1.815456411961892e-09,1.1625077161868995,0.0,0.0
ANs,2026-05-25 10:00:00,10.216564602898822,0.0472463030361878,1.8335035771881585e-09,1.1817607867347586,0.0,0.0
ANs,2026-05-25 11:00:00,2.782760908099016,0.0349318757316322,1.352321117888456e-09,1.1107599690383485,0.01694915254237288,0.0
ANs,2026-05-25 12:00:00,1.5465396733743424,0.033528814712680696,1.3093782101346735e-09,1.0507945600216178,0.6333333333333333,0.0
ANs,2026-05-25 13:00:00,0.8589136206875553,0.03252316007559665,1.2729022659692841e-09,1.0418234916586249,1.0,0.0
ANs,2026-05-25 14:00:00,0.8395875734112019,0.0324718257585727,1.269423723396111e-09,1.0387045517694318,0.8813559322033898,0.0
ANs,2026-05-25 15:00:00,1.1420102380296413,0.03261476226931715,1.269035532367003e-09,1.0401603336541045,0.75,0.0
ANs,2026-05-25 16:00:00,1.430078263690943,0.03221153185845265,1.2604264440561163e-09,1.086250758118704,0.75,0.0
ANs,2026-05-25 17:00:00,4.250950349976198,0.0344221477632374,1.3501844268338356e-09,1.1422701667980062,0.01694915254237288,0.0
ANs,2026-05-25 18:00:00,4.29244728434378,0.03584610939731675,1.4092759203381441e-09,1.2182643240010402,0.016666666666666666,0.0
ANs,2026-05-25 19:00:00,3.3849953993159207,0.034369398166059,1.3558494162860134e-09,1.1787338145985973,0.016666666666666666,0.0
ANs,2026-05-25 20:00:00,5.180721907572157,0.0387590317074415,1.523379703890022e-09,1.1440504983358637,0.01694915254237288,0.0
ANs,2026-05-25 21:00:00,5.451031371644636,0.03786046367346705,1.4860090936204366e-09,1.1671691828707842,0.016666666666666666,0.0
ANs,2026-05-25 22:00:00,5.9773143956239885,0.0387130477815041,1.5184359114394173e-09,1.1857677983419666,0.016666666666666666,0.0
ANs,2026-05-25 23:00:00,7.784588125005449,0.0417827122663766,1.6361734726108998e-09,1.2422352757651918,0.0,0.0
ANs,2026-05-26 00:00:00,5.7850366343409,0.0378403979953472,1.483552206544881e-09,1.120428165953077,0.016666666666666666,0.0
ANs,2026-05-26 01:00:00,7.491580045085714,0.041454805532931197,1.6300201779560095e-09,1.232851882750626,0.016666666666666666,0.0
ANs,2026-05-26 02:00:00,7.147521750415274,0.04247356628308605,1.6712913083156855e-09,1.3176369611032832,0.0,0.0
ANs,2026-05-26 03:00:00,7.497461955519985,0.04255697173513675,1.676681479254073e-09,1.2666879080873479,0.016666666666666666,0.0
ANs,2026-05-26 04:00:00,4.333868577502333,0.036662646493212256,1.4454850223677417e-09,1.150096542151185,0.016666666666666666,0.0
ANs,2026-05-26 05:00:00,4.697493309291175,0.036237461944674046,1.4287971160335658e-09,1.1607992203674127,0.0,0.0
ANs,2026-05-26 06:00:00,4.388805602077253,0.0353020391818603,1.3930112332531351e-09,1.1836413730836783,0.0,0.0
ANs,2026-05-26 07:00:00,4.9454664970693365,0.0373074888332176,1.4706919688503326e-09,1.159341490399403,0.0,0.0
ANs,2026-05-26 08:00:00,3.966071686123124,0.03570645432075985,1.4048276910429307e-09,1.1079891006370999,0.0,0.0
ANs,2026-05-26 09:00:00,6.581622579608048,0.0395136647202565,1.539237780002873e-09,1.2257396523980704,0.0,0.0
ANs,2026-05-26 10:00:00,8.734035493302581,0.04275812338497635,1.658517525324859e-09,1.206188747773958,0.0,0.0
ANs,2026-05-26 11:00:00,6.075118776708562,0.0415990734950683,1.6152248184838587e-09,1.1797599081285322,0.0,0.0
ANs,2026-05-26 12:00:00,3.1214176596706014,0.0363827420683289,1.415342827226258e-09,1.2357253238567447,0.0,0.0
ANs,2026-05-26 13:00:00,2.265252441702331,0.03250625168726955,1.268875908841807e-09,1.1009795225716776,0.03333333333333333,0.0
ANs,2026-05-26 14:00:00,6.254240411963457,0.0415568949539874,1.6246267301106242e-09,1.1418833229659326,0.0,0.0
ANs,2026-05-26 15:00:00,3.9293053477585724,0.038186171391977344,1.4946757769969513e-09,1.176260797650205,0.016666666666666666,0.0
ANs,2026-05-26 16:00:00,5.014926432619738,0.0379296544578479,1.4889750637794677e-09,1.087635149145395,0.0,0.0
ANs,2026-05-26 17:00:00,5.018911022282119,0.0366965730938904,1.4420716382484835e-09,1.1296834764841137,0.019230769230769232,0.0
ANs,2026-05-26 18:00:00,8.342803554282707,0.044406988560984004,1.7443690134707042e-09,1.268668329746547,0.0,0.0
ANs,2026-05-26 19:00:00,4.711771663443081,0.03732951994434315,1.4677531025316998e-09,1.1769098786826533,0.0,0.0
ANs,2026-05-26 20:00:00,1.5103016667192364,0.0346103118973229,1.3626397876587263e-09,1.1076896257044755,0.6101694915254238,0.0
ANs,2026-05-26 21:00:00,1.3486716947300614,0.0308785943186145,1.218040228289786e-09,1.0483267125597169,0.864406779661017,0.0
ANs,2026-05-26 22:00:00,1.1098694627251053,0.0315043986109821,1.2436467268033895e-09,0.995242588846114,0.9833333333333333,0.0
ANs,2026-05-26 23:00:00,0.9537376104705539,0.033022744403043494,1.3031863168867594e-09,1.0050332099159776,1.0,0.0
ANs,2026-05-27 00:00:00,0.8356516623468545,0.0313848099159547,1.2380074295090243e-09,1.0055483424383822,1.0,0.0
ANs,2026-05-27 01:00:00,0.8207495142002923,0.0314568592963434,1.238986694990625e-09,1.0327014102059908,1.0,0.0
ANs,2026-05-27 02:00:00,0.8151719998410052,0.030492529155141,1.2013900256898907e-09,1.0475952557715495,1.0,0.0
ANs,2026-05-27 03:00:00,0.8318383826516229,0.0308949745776464,1.2161177318299756e-09,1.0239018869310152,1.0,0.0
ANs,2026-05-27 04:00:00,1.0005684471508247,0.0307132773260572,1.2088420053242787e-09,1.048873071040751,1.0,0.0
ANs,2026-05-27 05:00:00,1.3196418657620899,0.03240031412876695,1.2749761199601863e-09,1.0749857828349676,0.75,0.0
ANs,2026-05-27 06:00:00,2.08565999081281,0.0334600803853181,1.316087604085371e-09,1.057090391755268,0.03389830508474576,0.0
ANs,2026-05-27 07:00:00,2.577703709453417,0.03354838133419785,1.3209151237364728e-09,1.0815675245165366,0.016666666666666666,0.0
ANs,2026-05-27 08:00:00,2.309123891852332,0.032606393402426354,1.2817290944548165e-09,1.106074876436777,0.016666666666666666,0.0
ANs,2026-05-27 09:00:00,2.389922776785353,0.036764768345243,1.4421577358931595e-09,1.218929402177911,0.0425531914893617,0.0
ANs,2026-05-27 10:00:00,1.918392069192669,0.034108895343862106,1.3272982983065028e-09,1.1363685517312452,0.23333333333333334,0.0
ANs,2026-05-27 11:00:00,1.671933238714546,0.03338533355144645,1.2897869994422774e-09,1.0753334729334796,0.2833333333333333,0.0
ANs,2026-05-27 12:00:00,1.3804325337093588,0.0322350160593359,1.241418631288902e-09,1.0228837857982849,1.0,0.0
ANs,2026-05-27 13:00:00,1.5337428719999804,0.033484939100187,1.287398540271998e-09,1.058806579877698,0.55,0.0
ANs,2026-05-27 14:00:00,1.9974229861905466,0.03587476208561795,1.3788820766974366e-09,1.064131304459916,0.11666666666666667,0.0
ANs,2026-05-27 15:00:00,2.5499287846491,0.0361650068002257,1.4035641342548567e-09,1.1794605871557808,0.0847457627118644,0.0
ANs,2026-05-27 16:00:00,3.0013637048791417,0.036694583012928855,1.43279710857499e-09,1.112600028958831,0.0,0.0
ANs,2026-05-27 17:00:00,2.8956943758984885,0.034975683926894846,1.3682621554857508e-09,1.1083295135389597,0.0,0.0
ANs,2026-05-27 18:00:00,2.9421389380559697,0.0345520653090259,1.356071729268714e-09,1.097425735200524,0.0,0.0
ANs,2026-05-27 19:00:00,3.0021787512425964,0.03561772351636555,1.4003202291632497e-09,1.1209494891711058,0.016666666666666666,0.0
ANs,2026-05-27 20:00:00,3.0526177520719875,0.03455614095418125,1.3598009562921595e-09,1.0956787121869487,0.0,0.0
ANs,2026-05-27 21:00:00,6.505565986093695,0.0404534844141463,1.588784174076274e-09,1.234084830578535,0.0,0.0
ANs,2026-05-27 22:00:00,6.382976796210587,0.042200936352526,1.6586239694606864e-09,1.2606037720873342,0.0,0.0
ANs,2026-05-27 23:00:00,5.735521905694005,0.0402472930071599,1.581247236127559e-09,1.239333390371264,0.0,0.0
ANs,2026-05-28 00:00:00,4.234641335395208,0.0361900462118834,1.4211027186773123e-09,1.1828775710758122,0.0,0.0
ANs,2026-05-28 01:00:00,3.166035590749697,0.0352359418266682,1.3839072924451481e-09,1.0952144533093209,0.0,0.0
ANs,2026-05-28 02:00:00,2.7888672627512214,0.03434279803204595,1.3482922566452895e-09,1.087007605504303,0.016666666666666666,0.0
ANs,2026-05-28 03:00:00,2.627590243319672,0.0334040660334381,1.3114623916332994e-09,1.1224083291154712,0.01694915254237288,0.0
ANs,2026-05-28 04:00:00,2.479509454665984,0.033212845213918346,1.3043594784848177e-09,1.0571299512733314,0.016666666666666666,0.0
ANs,2026-05-28 05:00:00,2.4786029840372388,0.03392612607082875,1.331674340751313e-09,1.0914253528969966,0.016666666666666666,0.0
ANs,2026-05-28 06:00:00,2.54539688665066,0.0354843545240103,1.3926552436505314e-09,1.1266593004683738,0.01694915254237288,0.0
ANs,2026-05-28 07:00:00,2.076922030399407,0.0332584968863084,1.3046388205060801e-09,1.0967620867125591,0.016666666666666666,0.0
ANs,2026-05-28 08:00:00,2.3509874201688556,0.034005746126284805,1.3332504560751048e-09,1.1001925733411388,0.016666666666666666,0.0
ANs,2026-05-28 09:00:00,1.7544941292539935,0.0336939805679937,1.3169347326355268e-09,1.1186101605159773,0.37037037037037035,0.0
ANs,2026-05-28 10:00:00,1.1813397894962119,0.03234161146075845,1.2626511254930136e-09,1.0753365182036536,0.8333333333333334,0.0
ANs,2026-05-28 11:00:00,0.9375407708374904,0.0336637817534761,1.3103634704166018e-09,1.0447194374701678,0.9833333333333333,0.0
ANs,2026-05-28 12:00:00,1.2907732975502513,0.0336291610796376,1.3064966232095472e-09,1.0552195805912965,0.9152542372881356,0.0
ANs,2026-05-28 13:00:00,1.754505549234357,0.03450291269169145,1.3356765905365631e-09,1.0764978031486832,0.6833333333333333,0.0
ANs,2026-05-28 14:00:00,1.7395002833363167,0.034227905749989754,1.3251703466176301e-09,1.0776212973960937,0.4666666666666667,0.0
ANs,2026-05-28 15:00:00,1.201797452137789,0.0348111244784861,1.349809878780718e-09,1.0897356911018516,0.864406779661017,0.0
ANs,2026-05-28 16:00:00,1.1767209860314598,0.0325318117094298,1.2640182508462866e-09,1.0375216906309281,0.95,0.0
ANs,2026-05-28 17:00:00,1.553091770494854,0.0349659127576058,1.3578571032460391e-09,1.08093465860992,0.7833333333333333,0.0
ANs,2026-05-28 18:00:00,1.5852143051634844,0.03397662450801525,1.318022553831734e-09,1.084610255428034,0.7413793103448276,0.0
ANs,2026-05-28 19:00:00,1.443679510063223,0.0338480762413707,1.314199092594361e-09,1.0681294749350834,0.9344262295081968,0.0
ANs,2026-05-28 20:00:00,1.1824520122911113,0.0336894978173211,1.3213595711394802e-09,1.0885021262294994,0.3,0.0
ANs,2026-05-28 21:00:00,0.9752492384299032,0.03233398275232445,1.2706183881247952e-09,1.059281237524414,0.6896551724137931,0.0
ANs,2026-05-28 22:00:00,0.9590693641001549,0.0321355083319632,1.2614984466636205e-09,1.0315382463742535,0.8166666666666667,0.0
ANs,2026-05-28 23:00:00,0.7961935290138331,0.0315682546808667,1.239673667199815e-09,0.9875103873318107,1.0,0.0
ANs,2026-05-29 00:00:00,0.826176148744363,0.031113233967449153,1.2208998795543598e-09,1.0273327317924772,1.0,0.0
ANs,2026-05-29 01:00:00,0.7006403583779456,0.0298253344652284,1.170033518744675e-09,1.0209625035486207,0.9666666666666667,0.0
ANs,2026-05-29 02:00:00,0.7190930011461001,0.031943253138226296,1.2550587706029966e-09,1.000004839813703,1.0,0.0
ANs,2026-05-29 03:00:00,0.6675896606141183,0.03249254226701665,1.2756325173104848e-09,1.035622298473558,1.0,0.0
ANs,2026-05-29 04:00:00,0.8824916811968528,0.0326836237065794,1.2835971447080822e-09,1.0647325932640497,1.0,0.0
ANs,2026-05-29 05:00:00,1.0505942077225785,0.0326201347045042,1.2810017690034366e-09,1.065218422087982,0.864406779661017,0.0
ANs,2026-05-29 06:00:00,1.6091278652059193,0.03181675075337685,1.2503729399009887e-09,1.1106397358929354,0.06896551724137931,0.0
ANs,2026-05-29 07:00:00,1.8704605821607836,0.0325175324698156,1.2780853153603095e-09,1.061725626367426,0.06779661016949153,0.0
ANs,2026-05-29 08:00:00,1.951593974222732,0.0327257491443914,1.2842822242119842e-09,1.0210738647792146,0.01694915254237288,0.0
ANs,2026-05-29 09:00:00,1.6428952459776012,0.0303388774903114,1.1922278100879761e-09,1.0459456389353756,0.7647058823529411,0.0
ANs,2026-05-29 10:00:00,1.3981421509569025,0.029305982682351503,1.1483134876101004e-09,1.034729069660617,0.8269230769230769,0.0
ANs,2026-05-29 11:00:00,1.9766521121910945,0.033122208142326,1.2948797070910367e-09,1.1165838982846026,0.03333333333333333,0.0
ANs,2026-05-29 12:00:00,2.905039304900942,0.03383306548781065,1.3113991345850143e-09,1.0840510669482568,0.36666666666666664,0.0
ANs,2026-05-29 13:00:00,1.197433642714819,0.030668116599066,1.1873391544207695e-09,1.0272372342021645,0.9830508474576272,0.0
ANs,2026-05-29 14:00:00,1.3336833572916897,0.031665878536363046,1.224378394970986e-09,1.0649846119763,0.9333333333333333,0.0
ANs,2026-05-29 15:00:00,1.5804759675961124,0.0332222788190722,1.2857890986955247e-09,1.0866097860565613,0.9333333333333333,0.0
ANs,2026-05-29 16:00:00,1.3989890936312488,0.0327178138036131,1.265313917248294e-09,1.0386776643295743,0.7966101694915254,0.0
ANs,2026-05-29 17:00:00,1.2426407434151971,0.03432391300124385,1.3365650250933063e-09,1.054629776367039,0.9333333333333333,0.0
ANs,2026-05-29 18:00:00,1.5170023670713246,0.03023039543159335,1.175469083592628e-09,1.0614527054364258,0.8833333333333333,0.0
ANs,2026-05-29 19:00:00,1.5384290706065915,0.0321752295143255,1.2487107148381306e-09,1.065157546364763,0.9322033898305084,0.0
ANs,2026-05-29 20:00:00,1.7696903831342872,0.033043014838068846,1.2845391421400299e-09,1.183838555760698,0.7833333333333333,0.0
ANs,2026-05-29 21:00:00,2.1298657207725578,0.0358806343266881,1.3943485816872439e-09,1.167957531275662,0.05,0.0
ANs,2026-05-29 22:00:00,1.8907195865142543,0.0343215529524563,1.3197902203130635e-09,1.0679186676517187,0.7627118644067796,0.0
ANs,2026-05-29 23:00:00,1.9054144727623847,0.032599194671690104,1.255913929754014e-09,1.0884756127191437,0.7166666666666667,0.0
ANs,2026-05-30 00:00:00,1.1622714873311917,0.031434146344691855,1.2111557928813995e-09,1.0447732785809545,0.9166666666666666,0.0
ANs,2026-05-30 01:00:00,1.2750466800358664,0.0320874920856052,1.2361011000396441e-09,1.0417261610099031,1.0,0.0
ANs,2026-05-30 02:00:00,1.1038922823810067,0.0319032470641977,1.2298956711168177e-09,1.0507763172668916,1.0,0.0
ANs,2026-05-30 03:00:00,1.2467198425847095,0.031953493286422996,1.232147433342086e-09,1.0391686201592205,0.95,0.0
ANs,2026-05-30 04:00:00,1.6946204591796252,0.0318407968226154,1.2277050381118204e-09,1.052639540037578,0.5084745762711864,0.0
ANs,2026-05-30 05:00:00,1.7631982571104048,0.0322907180597459,1.2467123452236307e-09,1.0414365195230397,0.65,0.0
ANs,2026-05-30 06:00:00,2.950693508019166,0.03333328232678495,1.2886972211532638e-09,1.0239870862852603,0.016666666666666666,0.0
ANs,2026-05-30 07:00:00,3.13884463082718,0.0352026636328848,1.359687097592426e-09,1.037558885662718,0.03389830508474576,0.0
ANs,2026-05-30 08:00:00,3.8197608039936384,0.035001608583633145,1.3502627542987004e-09,1.0780043141404176,0.016666666666666666,0.0
ANs,2026-05-30 09:00:00,2.15730057340746,0.0337208456280169,1.3084086963907372e-09,1.0517410708182626,0.016666666666666666,0.0
ANs,2026-05-30 10:00:00,1.4326579147058005,0.0321343915811548,1.2558143973373004e-09,1.0212087881088718,0.8305084745762712,0.0
ANs,2026-05-30 11:00:00,1.0152891379451319,0.03290290119957785,1.286959856813671e-09,1.0281371881161405,1.0,0.0
ANs,2026-05-30 12:00:00,0.8485465032637407,0.0309767707444383,1.2048582680183597e-09,1.033800678548142,1.0,0.0
ANs,2026-05-30 13:00:00,0.7653669523000095,0.0309630322446448,1.2058033439373103e-09,1.03558280757728,1.0,0.0
ANs,2026-05-30 14:00:00,1.059565423082229,0.03169552124455765,1.2285489252166489e-09,1.0339055777963748,1.0,0.0
ANs,2026-05-30 15:00:00,1.1204366570775042,0.03282029864366,1.2725966158278674e-09,1.0222486251851035,1.0,0.0
ANs,2026-05-30 16:00:00,1.4130467477655788,0.0350495433265224,1.3690926699483055e-09,1.1131811952603319,0.3620689655172414,0.0
ANs,2026-05-30 17:00:00,1.6495763498455676,0.0354079766216477,1.3898369768506966e-09,1.0465381345659257,0.1,0.0
ANs,2026-05-30 18:00:00,2.177450353426336,0.033902732222982845,1.3233481774713996e-09,1.0697326510480285,0.016666666666666666,0.0
ANs,2026-05-30 19:00:00,2.6642502869728766,0.032687927214205756,1.2772578708881844e-09,1.057049555687864,0.0,0.0
ANs,2026-05-30 20:00:00,2.732488503424981,0.03353089148468095,1.311210315214157e-09,1.045149922531147,0.016666666666666666,0.0
ANs,2026-05-30 21:00:00,3.1629684490293624,0.032775167067864305,1.2857159385413177e-09,1.1055168788092442,0.016666666666666666,0.0
ANs,2026-05-30 22:00:00,3.1576104687090583,0.034325434696308055,1.3512956665416207e-09,1.0878504862258924,0.0,0.0
ANs,2026-05-30 23:00:00,3.5794082298904897,0.03557975535774435,1.4000091625994535e-09,1.1135054094138832,0.016666666666666666,0.0
ANs,2026-05-31 00:00:00,2.92453360560961,0.0336399765894671,1.3242579463165311e-09,1.0885502570277197,0.016666666666666666,0.0
ANs,2026-05-31 01:00:00,3.668862405521005,0.033997230630479755,1.3382753156018756e-09,1.115528593547764,0.0,0.0
ANs,2026-05-31 02:00:00,2.900273961191986,0.0318654891061443,1.254273700265691e-09,1.096308325050363,0.0,0.0
ANs,2026-05-31 03:00:00,2.490403357985627,0.0322497955918895,1.2701180639007383e-09,1.066870969577965,0.0,0.0
ANs,2026-05-31 04:00:00,2.4389257782805185,0.0320146429460642,1.2611129806749836e-09,1.065538242657818,0.0,0.0
ANs,2026-05-31 05:00:00,2.8703505160785,0.0320762546251594,1.2620919456524083e-09,1.082455785901934,0.0,0.0
ANs,2026-05-31 06:00:00,4.550790724670996,0.036680157578099,1.4433405616621631e-09,1.1287575165190025,0.0,0.0
ANs,2026-05-31 07:00:00,4.2289336206062575,0.036147174199670895,1.418969622436023e-09,1.1181270733152697,0.0,0.0
ANs,2026-05-31 08:00:00,3.4178585197337115,0.0336695620203436,1.3209244697220387e-09,1.087749025026635,0.0,0.0
ANs,2026-05-31 09:00:00,3.3675178635753698,0.0340568070664609,1.3341801185398432e-09,1.067550535964957,0.03389830508474576,0.0
ANs,2026-05-31 10:00:00,6.370304751503047,0.0381486161902085,1.4879712314564683e-09,1.2488831651522068,0.0,0.0
ANs,2026-05-31 11:00:00,5.601065999676244,0.03667213214580545,1.4356687290678053e-09,1.1318538826355098,0.0,0.0
ANs,2026-05-31 12:00:00,11.186288978265384,0.0511751075495443,1.995385425964002e-09,1.322854859831115,0.0,0.0
ANs,2026-05-31 13:00:00,4.408237646990225,0.03712764087502055,1.4425537810243404e-09,1.0567312791384915,0.03333333333333333,0.0
ANs,2026-05-31 14:00:00,1.2185022107005565,0.0317300165227482,1.236212976576709e-09,1.0429571378632663,0.9666666666666667,0.0
ANs,2026-05-31 15:00:00,1.1644870326875916,0.0321182247723953,1.262665654143476e-09,1.0049328838362386,0.3389830508474576,0.0
ANs,2026-05-31 16:00:00,1.038922723559851,0.03230067041106985,1.2697611456984436e-09,1.0080128754455757,0.36666666666666664,0.0
ANs,2026-05-31 17:00:00,1.6589303759139125,0.032653695409346956,1.2850234742443135e-09,1.0573634056534278,0.016666666666666666,0.0
ANs,2026-05-31 18:00:00,1.6797146342369775,0.0334318320857918,1.314554452369631e-09,1.0681206303622126,0.576271186440678,0.0
ANs,2026-05-31 19:00:00,1.2868313516524859,0.032521556558638004,1.2728852808754228e-09,1.1475573077632744,0.8666666666666667,0.0
ANs,2026-05-31 20:00:00,2.693158442145611,0.0328020091969399,1.2704090746095884e-09,1.1196869802320615,0.38333333333333336,0.0
ANs,2026-05-31 21:00:00,5.419845356343741,0.0388162857829012,1.4992109229266647e-09,1.1712211025883073,0.0,0.0
ANs,2026-05-31 22:00:00,4.757300856705829,0.038158294179220606,1.4813461055020845e-09,1.1830274263881755,0.0,0.0
ANs,2026-05-31 23:00:00,3.9933973689988886,0.03575815379268865,1.3935924122765244e-09,1.1035370975042542,0.0,0.0
ANs,2026-06-01 00:00:00,3.605541204191229,0.0353368377922655,1.374720125937154e-09,1.0921591730278848,0.01694915254237288,0.0
ANs,2026-06-01 01:00:00,3.3329225854933346,0.0344741365306329,1.3403817195816159e-09,1.0609240149265453,0.016666666666666666,0.0
ANs,2026-06-01 02:00:00,3.0424543032421507,0.034220428414440646,1.3289064528902557e-09,1.0539878133925624,0.016666666666666666,0.0
ANs,2026-06-01 03:00:00,2.892414019597002,0.0347240647616883,1.3483948016435978e-09,1.0929617609945663,0.01694915254237288,0.0
ANs,2026-06-01 04:00:00,4.3292889387698255,0.03770502250341985,1.4638648480401815e-09,1.1210683410626827,0.0,0.0
ANs,2026-06-01 05:00:00,3.495475849620857,0.035437178793427254,1.376524091002936e-09,1.061228691063981,0.0,0.0
ANs,2026-06-01 06:00:00,7.232616494845513,0.0413870423406367,1.6076559926838687e-09,1.1150110523225882,0.01694915254237288,0.0
ANs,2026-06-01 07:00:00,9.06144096120996,0.04470928854776225,1.7363520409738262e-09,1.2103026657184472,0.0,0.0
ANs,2026-06-01 08:00:00,9.44726441493068,0.0453321959850289,1.7610467487069182e-09,1.2768752241755252,0.0,0.0
ANs,2026-06-01 09:00:00,11.548072844153005,0.0521517441128187,2.023550183118942e-09,1.233861672757444,0.01694915254237288,0.0
ANs,2026-06-01 10:00:00,3.760003006739896,0.03581367604573765,1.3920456806638227e-09,1.1016005531107917,0.15,0.0
ANs,2026-06-01 11:00:00,0.593375540479144,0.03101386754570895,1.2055604833750656e-09,1.0415000472168865,1.0,0.0
ANs,2026-06-01 12:00:00,0.6601632985158931,0.032592629875983,1.2720240922491903e-09,1.0700196880971475,1.0,0.0
ANs,2026-06-01 13:00:00,0.6231906691601814,0.0320414098263928,1.2518261060916174e-09,0.9983922830472871,0.9833333333333333,0.0
ANs,2026-06-01 14:00:00,0.9273209514379785,0.0320006882988635,1.2535604665093588e-09,1.0779127008659914,0.95,0.0
ANs,2026-06-01 15:00:00,0.7224057199187379,0.0320453805998597,1.258756262756852e-09,1.078081778764581,0.7457627118644068,0.0
ANs,2026-06-01 16:00:00,0.8587823715146843,0.032957383241822055,1.2953417602472056e-09,1.011847566017682,0.55,0.0
ANs,2026-06-01 17:00:00,1.050627038923814,0.0326565140488843,1.290003944347373e-09,1.024949984416859,0.6,0.0
ANs,2026-06-01 18:00:00,1.7355638808860103,0.0342227617865018,1.3405559689955238e-09,1.1926446633592058,0.2413793103448276,0.0
ANs,2026-06-01 19:00:00,1.8870582910397289,0.0333567869165698,1.2946079543146633e-09,1.0452191845705254,0.8833333333333333,0.0
ANs,2026-06-01 20:00:00,1.8610903235903629,0.032968934829223,1.2791131535127882e-09,1.085782189368783,0.4,0.0
ANs,2026-06-01 21:00:00,1.711660165539183,0.031511355829411045,1.223265548122304e-09,1.0769995192767843,0.46551724137931033,0.0
ANs,2026-06-01 22:00:00,5.16136026710927,0.0370019006423942,1.4366374785347046e-09,1.1525296020497469,0.016666666666666666,0.0
ANs,2026-06-01 23:00:00,5.4718366100997695,0.038656806431821455,1.4990452963531235e-09,1.1488934302333869,0.016666666666666666,0.0
ANs,2026-06-02 00:00:00,5.4237075076701675,0.03683185360159655,1.4271847204291847e-09,1.150916016770279,0.0,0.0
ANs,2026-06-02 01:00:00,3.9982932732393834,0.03554756926793175,1.376664655291976e-09,1.1326500256122076,0.016666666666666666,0.0
ANs,2026-06-02 02:00:00,4.176939995100168,0.03617668747340255,1.3993766562107102e-09,1.1015022479167573,0.016666666666666666,0.0
ANs,2026-06-02 03:00:00,2.041955380666823,0.0328968480257487,1.2710539361808573e-09,1.0579555291502767,0.3448275862068966,0.0
ANs,2026-06-02 04:00:00,1.6359766233612436,0.0326939852366966,1.2629027039070655e-09,1.0463451147101033,0.6949152542372882,0.0
ANs,2026-06-02 05:00:00,2.0757189451246005,0.0332305338216059,1.2833133570288291e-09,1.0969117702777331,0.13559322033898305,0.0
ANs,2026-06-02 06:00:00,3.5978012106892208,0.03622419143322175,1.3984049270857322e-09,1.1195761396955937,0.0,0.0
ANs,2026-06-02 07:00:00,5.517790691810264,0.0376474828420514,1.453612298200638e-09,1.1907625105826514,0.0,0.0
ANs,2026-06-02 08:00:00,8.529623716331178,0.0469317452842764,1.811789883734401e-09,1.3136696263569965,0.0,0.0
ANs,2026-06-02 09:00:00,11.21196478708869,0.051498138855848655,1.9878179059660596e-09,1.3800878535239898,0.0,0.0
ANs,2026-06-02 10:00:00,11.20126546758326,0.052781424412097,2.035477575013742e-09,1.359604564057134,0.0,0.0
ANs,2026-06-02 11:00:00,7.485893519341103,0.041979795121818195,1.618198060724956e-09,1.2423286008327108,0.0,0.0
ANs,2026-06-02 12:00:00,5.283728122633001,0.03675516682302925,1.4161425862499575e-09,1.1061192540302778,0.0,0.0
ANs,2026-06-02 13:00:00,2.2190494053485637,0.0314615093253022,1.2133219182952448e-09,1.1013650331355915,0.75,0.0
ANs,2026-06-02 14:00:00,1.9986675810533225,0.033414525824707,1.2872878195755635e-09,1.0671503612801347,0.25,0.0
ANs,2026-06-02 15:00:00,1.588353904066937,0.03280033119755895,1.263339017038876e-09,1.021812314751517,0.5833333333333334,0.0
ANs,2026-06-02 16:00:00,2.0198053148191266,0.0335547092233494,1.28986357972497e-09,1.0880856715439582,0.15254237288135594,0.0
ANs,2026-06-02 17:00:00,1.8120801186344413,0.0333427817519125,1.2848990232069858e-09,1.0464231136865316,0.43333333333333335,0.0
ANs,2026-06-02 18:00:00,2.117389953428164,0.03486349961108605,1.3461378808401381e-09,1.0773331296930353,0.1,0.0
ANs,2026-06-02 19:00:00,2.6395368904723915,0.0343547983702636,1.3233595931941971e-09,1.0757683117366077,0.0,0.0
ANs,2026-06-02 20:00:00,4.718064806961332,0.0376171110521605,1.4489972950310225e-09,1.1239497030973067,0.0,0.0
ANs,2026-06-02 21:00:00,6.954705334862714,0.0425263104055155,1.633673262172133e-09,1.179222985608582,0.0,0.0
ANs,2026-06-02 22:00:00,6.474905728933153,0.0405399746058962,1.5553613632006262e-09,1.1500370105274116,0.0,0.0
ANs,2026-06-02 23:00:00,5.297410597274241,0.037364059022647556,1.432264208161001e-09,1.097081072006791,0.0,0.0
ANs,2026-06-03 00:00:00,3.807822922903706,0.035661392849150444,1.3674140866994343e-09,1.1241000371527505,0.0,0.0
ANs,2026-06-03 01:00:00,3.1360178992293166,0.0336070721040163,1.2893246491524123e-09,1.1321574071147027,0.01694915254237288,0.0
ANs,2026-06-03 02:00:00,2.3197000830590824,0.0330057309489548,1.2672541652747087e-09,1.0170807384407161,0.45,0.0
ANs,2026-06-03 03:00:00,1.8175006141625913,0.03331354464659745,1.278380242366566e-09,1.0096124136565965,0.5,0.0
ANs,2026-06-03 04:00:00,1.756482201955631,0.0337666051577192,1.298181041228594e-09,1.0324827548965845,0.4406779661016949,0.0
ANs,2026-06-03 05:00:00,2.8370015648769797,0.0352224417055748,1.352612678564174e-09,1.1278338782016353,0.016666666666666666,0.0
ANs,2026-06-03 06:00:00,3.417849426930625,0.03633633787720275,1.396807226049443e-09,1.1174622999191837,0.016666666666666666,0.0
ANs,2026-06-03 07:00:00,2.579162607542681,0.0341177309905642,1.3097470646835275e-09,1.1363630549979835,0.15254237288135594,0.0
ANs,2026-06-03 08:00:00,2.064257745764796,0.032938916047083155,1.2648185681374281e-09,1.0924818343168423,0.2833333333333333,0.0
ANs,2026-06-03 09:00:00,2.030406609543421,0.03324029398572295,1.274447155988002e-09,1.120834610849275,0.03333333333333333,0.0
ANs,2026-06-03 10:00:00,2.5020022062444336,0.0329690944612599,1.2688667736262083e-09,1.090743127351195,0.01694915254237288,0.0
ANs,2026-06-03 11:00:00,2.19449217035901,0.0332138620665578,1.2827620796030414e-09,1.0765527369456183,0.5666666666666667,0.0
ANs,2026-06-03 12:00:00,1.2905145105703566,0.03415451761102825,1.3203151416541159e-09,1.0450673823166747,1.0,0.0
ANs,2026-06-03 13:00:00,1.2082922074921527,0.0332984360986438,1.2810108112285998e-09,1.0794012568422855,0.9830508474576272,0.0
ANs,2026-06-03 14:00:00,0.9652790314857296,0.03196948282865735,1.2264941622776872e-09,1.0470692213301358,0.9666666666666667,0.0
ANs,2026-06-03 15:00:00,0.9930032932744774,0.0332305164062738,1.2734359274618376e-09,1.0537962382488517,1.0,0.0
ANs,2026-06-03 16:00:00,1.2576286302648427,0.0336026558031593,1.299836639355396e-09,1.1012636887393088,0.9491525423728814,0.0
ANs,2026-06-03 17:00:00,1.6725761200343578,0.0355283816056613,1.3727051133446747e-09,1.1064702697088697,0.26666666666666666,0.0
ANs,2026-06-03 18:00:00,1.635706116599553,0.0364184712884254,1.4003408250546485e-09,1.0616165697597268,0.8333333333333334,0.0
ANs,2026-06-03 19:00:00,1.511135349857464,0.0330019573722934,1.2617786289446723e-09,1.1009472269805016,0.9322033898305084,0.0
ANs,2026-06-03 20:00:00,1.3348749061548004,0.03243887588369275,1.2404809674126816e-09,1.0722807049090366,0.6,0.0
ANs,2026-06-03 21:00:00,1.6735981972102585,0.0329526903777157,1.2603596871189862e-09,1.1134049222440079,0.18333333333333332,0.0
ANs,2026-06-03 22:00:00,2.870601551987272,0.0341567088429804,1.305828839160611e-09,1.1457829031672198,0.01694915254237288,0.0
ANs,2026-06-03 23:00:00,3.9083741104790137,0.036237264420766954,1.3849785964589038e-09,1.2101333927211928,0.016666666666666666,0.0
ANs,2026-06-04 00:00:00,4.600045866983908,0.0376224489964061,1.4375123126126132e-09,1.1752109685791778,0.016666666666666666,0.0
ANs,2026-06-04 01:00:00,4.672693867409388,0.036518579387463695,1.3956579099859221e-09,1.1825483398849808,0.0,0.0
ANs,2026-06-04 02:00:00,5.152061858666423,0.03725770082983005,1.4241229301466582e-09,1.1643578282984932,0.016666666666666666,0.0
ANs,2026-06-04 03:00:00,5.539493045778917,0.037637872274745604,1.4386130985583305e-09,1.1569859248974659,0.016666666666666666,0.0
ANs,2026-06-04 04:00:00,4.380649156646279,0.035452001203952754,1.3538260380089198e-09,1.1389330037196768,0.0,0.0
ANs,2026-06-04 05:00:00,3.6699051558534936,0.03383757585697415,1.2918008554322476e-09,1.1149027790811497,0.016666666666666666,0.0
ANs,2026-06-04 06:00:00,3.802289051110212,0.035200344735001554,1.3435274213173229e-09,1.141504904120306,0.016666666666666666,0.0
ANs,2026-06-04 07:00:00,7.85933114569917,0.0445476154545641,1.7006873760256287e-09,1.307439084306775,0.0,0.0
ANs,2026-06-04 08:00:00,8.471611251043123,0.044237503169289,1.6879667383263382e-09,1.2893384951437827,0.0,0.0
ANs,2026-06-04 09:00:00,5.9431422505318015,0.0401818270407781,1.538774743732894e-09,1.203273016972585,0.0,0.0
ANs,2026-06-04 10:00:00,7.316998869002989,0.043374683098595254,1.6849642670105409e-09,1.3204516188709179,0.0,0.0
ANs,2026-06-04 11:00:00,8.576287761548892,0.0475206443146275,1.854114017905683e-09,1.3590778602754374,0.0,0.0
ANs,2026-06-04 12:00:00,4.319360615106218,0.0390593249708756,1.525354566485687e-09,1.2113762559581844,0.0,0.0
ANs,2026-06-04 13:00:00,4.523880493557472,0.03618245668267525,1.404814501171756e-09,1.1933977735272565,0.0,0.0
ANs,2026-06-04 14:00:00,5.4639367978422095,0.0382547696191006,1.4778943402537514e-09,1.2021666776628392,0.0,0.0
ANs,2026-06-04 15:00:00,3.8950017677085924,0.03619710230947345,1.3957737788739565e-09,1.125466292299583,0.016666666666666666,0.0
ANs,2026-06-04 16:00:00,11.671580476110227,0.0529165488077064,2.0485002214064104e-09,1.3987221609947846,0.0,0.0
ANs,2026-06-04 17:00:00,2.106053016711935,0.0352555441372597,1.3751919198998193e-09,1.086329350322288,0.0,0.0
ANs,2026-06-04 18:00:00,1.226077582387715,0.03253894255379665,1.265252214034258e-09,1.038014494758791,0.13333333333333333,0.0
ANs,2026-06-04 19:00:00,1.077036167147735,0.0344349213420693,1.335778390681377e-09,1.044160333757538,0.5423728813559322,0.0
ANs,2026-06-04 20:00:00,1.56759839671628,0.0326858880681206,1.2693686481085164e-09,1.0772227264124168,0.16666666666666666,0.0
ANs,2026-06-04 21:00:00,1.6625728377131113,0.03291984654853535,1.279857837784276e-09,1.116645335869668,0.03333333333333333,0.0
ANs,2026-06-04 22:00:00,1.20360166660182,0.0304603153035257,1.1887305022670736e-09,1.0796705204439068,0.7288135593220338,0.0
ANs,2026-06-04 23:00:00,1.1560572028129368,0.0319568414594181,1.2478598569585347e-09,1.047121665437281,0.8,0.0
ANs,2026-06-05 00:00:00,1.091162005888844,0.031092129223567598,1.2137507397199144e-09,1.0377556331367352,0.85,0.0
ANs,2026-06-05 01:00:00,0.8751670036989946,0.0314223449916526,1.2252037187692656e-09,1.0601032137928286,0.9152542372881356,0.0
ANs,2026-06-05 02:00:00,0.9467283413443598,0.03134023888098795,1.2271034288557178e-09,1.077623032077797,0.43333333333333335,0.0
ANs,2026-06-05 03:00:00,1.0231331815241504,0.030851979541176952,1.2076683494628878e-09,1.0330989649090943,0.6,0.0
ANs,2026-06-05 04:00:00,1.54362910109,0.0316868465923153,1.2398304236331583e-09,1.0651636248130585,0.4067796610169492,0.0
ANs,2026-06-05 05:00:00,1.4403761342495214,0.0314969132736999,1.233355269719514e-09,1.0917775928582252,0.45,0.0
ANs,2026-06-05 06:00:00,3.063139045834027,0.0338358078514479,1.3220995170325034e-09,1.1632049861415483,0.0,0.0
ANs,2026-06-05 07:00:00,1.976501901035792,0.0332854769097858,1.295515665573164e-09,1.092573805034032,0.0,0.0
ANs,2026-06-05 08:00:00,1.2444411529703694,0.03086909858259405,1.202711270678796e-09,1.0823345949595977,0.5833333333333334,0.0
ANs,2026-06-05 09:00:00,1.0415882532620593,0.031657003966008304,1.2296914863544012e-09,1.0710974236672723,1.0,0.0
ANs,2026-06-05 10:00:00,1.220832090152248,0.0320133525104045,1.242171239905318e-09,1.0678544578162237,0.9661016949152542,0.0
ANs,2026-06-05 11:00:00,1.0915085001651015,0.0325910994923712,1.2639532863539561e-09,1.0347357998594013,1.0,0.0
ANs,2026-06-05 12:00:00,0.9915871304714533,0.031640316378894945,1.228143163302624e-09,0.9779346061909657,0.9666666666666667,0.0
ANs,2026-06-05 13:00:00,1.2897499983117529,0.0316902142587452,1.2280268874249751e-09,0.9904466105493868,1.0,0.0
ANs,2026-06-05 14:00:00,1.0635253813628522,0.03197322452048835,1.240205525278187e-09,1.0614151243866048,0.9833333333333333,0.0
ANs,2026-06-05 15:00:00,0.9147793747179009,0.03070324833942335,1.201203714468023e-09,1.0733753151876209,0.95,0.0
ANs,2026-06-05 16:00:00,1.2419380738771877,0.0312463887742083,1.2266063022088134e-09,1.0296457683045004,0.6610169491525424,0.0
ANs,2026-06-05 17:00:00,1.573439923811927,0.0300759634630042,1.1773644462687346e-09,1.0090625857646782,0.3,0.0
ANs,2026-06-05 18:00:00,2.516915670364013,0.03259635349594965,1.270093108437866e-09,1.0268974895836325,0.03333333333333333,0.0
ANs,2026-06-05 19:00:00,2.8529052462808564,0.0335189366276917,1.2989334652022976e-09,1.019195114183945,0.01694915254237288,0.0
ANs,2026-06-05 20:00:00,1.750563558445635,0.0322391357115244,1.2481887554127507e-09,1.0517914014183207,0.5,0.0
ANs,2026-06-05 21:00:00,1.7434452262117608,0.03313633764577795,1.2844174616351568e-09,1.0329554981169922,0.5666666666666667,0.0
ANs,2026-06-05 22:00:00,1.865184553484917,0.03269713828063,1.2659208131199675e-09,1.0352220781250223,0.2765957446808511,0.0
ANs,2026-06-05 23:00:00,1.5597188415978074,0.03252540186988085,1.2637734300276471e-09,1.2298400764173736,0.8392857142857143,0.0
ANs,2026-06-06 00:00:00,1.7433225263928889,0.031991829297367755,1.2416103492560471e-09,1.0516086273011633,0.4166666666666667,0.0
ANs,2026-06-06 01:00:00,2.3620493687217277,0.0329033829410556,1.2780836369094686e-09,1.0873776067774377,0.03333333333333333,0.0
ANs,2026-06-06 02:00:00,2.5428915907460405,0.0329379927250271,1.2786273683722087e-09,1.0686910553225668,0.0,0.0
ANs,2026-06-06 03:00:00,2.4565994214800977,0.03310407979451235,1.2851882861253723e-09,1.025286138501262,0.0,0.0
ANs,2026-06-06 04:00:00,3.460573676708893,0.03635971207277005,1.4120408917184223e-09,1.098075923264704,0.0,0.0
ANs,2026-06-06 05:00:00,3.107521590645647,0.0342177156439498,1.3302369932793892e-09,1.113108997215899,0.01694915254237288,0.0
ANs,2026-06-06 06:00:00,4.790883369785721,0.0368087402906725,1.4315657774075697e-09,1.1667744922751933,0.0,0.0
ANs,2026-06-06 07:00:00,5.351324562204852,0.037830359768034,1.468748466765282e-09,1.1687053851731848,0.0,0.0
ANs,2026-06-06 08:00:00,5.194597281505122,0.0368380370610794,1.4311583857127242e-09,1.150216642780368,0.0,0.0
ANs,2026-06-06 09:00:00,7.119277131771533,0.04125434820119955,1.6083704791536056e-09,1.2334439455216497,0.0,0.0
ANs,2026-06-06 10:00:00,1.7147792606571666,0.0326630414436032,1.276109909145224e-09,1.04286954975099,0.5166666666666667,0.0
ANs,2026-06-06 11:00:00,2.577340852668169,0.0347330566372552,1.3568653241821147e-09,1.060788038646804,0.06779661016949153,0.0
ANs,2026-06-06 12:00:00,6.057938205801008,0.03879563815442615,1.511796633088842e-09,1.175571593740028,0.0,0.0
ANs,2026-06-06 13:00:00,3.6306627727872094,0.03493582780950935,1.3587324777997246e-09,1.0750770997856929,0.0,0.0
ANs,2026-06-06 14:00:00,4.09917654255743,0.0369812566008875,1.437005764650068e-09,1.145821745858337,0.0,0.0
ANs,2026-06-06 15:00:00,3.6802131459382332,0.0349708192880162,1.3676080284732604e-09,1.116394749501059,0.0,0.0
ANs,2026-06-06 16:00:00,2.9482009368600366,0.03292463978270295,1.2936422320698767e-09,1.113741693594231,0.0,0.0
ANs,2026-06-06 17:00:00,4.265969107992787,0.0352767950908763,1.3755109613497214e-09,1.1713850060431057,0.01694915254237288,0.0
ANs,2026-06-06 18:00:00,6.595760146674781,0.0389561069872099,1.508776713009349e-09,1.209794611680183,0.0,0.0
ANs,2026-06-06 19:00:00,6.07554611901439,0.0369696120793753,1.4293673760724442e-09,1.1377396324438087,0.0,0.0
ANs,2026-06-06 20:00:00,7.188074084019608,0.0420245865524843,1.6248183027640967e-09,1.2356128882322028,0.0,0.0
ANs,2026-06-06 21:00:00,5.181663086981054,0.037074439332240305,1.4336122554513232e-09,1.1666295741067816,0.0,0.0
ANs,2026-06-06 22:00:00,1.903603944478975,0.0323362782613784,1.2496631600391031e-09,1.0661930418014332,0.5833333333333334,0.0
ANs,2026-06-06 23:00:00,1.5500261475136417,0.0300463882367646,1.160780552451245e-09,1.0613296026324817,0.288135593220339,0.0
ANs,2026-06-07 00:00:00,1.4535692589535538,0.0291005127285589,1.123734035521712e-09,1.0338706645831994,0.2,0.0
ANs,2026-06-07 01:00:00,1.174619227429777,0.0303269482738009,1.169938603806355e-09,1.0537511352163849,1.0,0.0
ANs,2026-06-07 02:00:00,0.8542210859674803,0.0307647050174051,1.185866656811922e-09,1.0697510771357537,1.0,0.0
ANs,2026-06-07 03:00:00,0.6780491228489831,0.0302683281243933,1.1669572501389786e-09,1.0364682379991481,1.0,0.0
ANs,2026-06-07 04:00:00,0.7048890862365951,0.0294316673941641,1.1338943056732718e-09,1.0491345621568764,1.0,0.0
ANs,2026-06-07 05:00:00,0.7928676645336964,0.0296505368530553,1.1431408920091122e-09,1.0109614058371066,1.0,0.0
ANs,2026-06-07 06:00:00,0.9027231554686572,0.0304730759091021,1.1720639394735504e-09,1.0311726853493948,1.0,0.0
ANs,2026-06-07 07:00:00,0.9434105363066616,0.0295960901940144,1.1398096656120507e-09,1.05464635806873,1.0,0.0
ANs,2026-06-07 08:00:00,0.963072153653884,0.0293211149831219,1.128473839895234e-09,1.051204155138925,1.0,0.0
ANs,2026-06-07 09:00:00,0.7988355785368751,0.030262612682671,1.1660162235449712e-09,1.0757738172344735,1.0,0.0
ANs,2026-06-07 10:00:00,0.8277865502497668,0.03167757953971765,1.2231887265165502e-09,1.098694392214366,0.7,0.0
ANs,2026-06-07 11:00:00,0.7886569198728028,0.029776659973283298,1.1577745118784017e-09,1.0497287488155607,0.9310344827586207,0.0
ANs,2026-06-07 12:00:00,0.7411310013165925,0.03223698178181765,1.259518822411379e-09,1.0576920335824678,0.9833333333333333,0.0
ANs,2026-06-07 13:00:00,0.7450129235511682,0.0288494327780272,1.133032920906911e-09,1.0560114218387109,0.9830508474576272,0.0
ANs,2026-06-07 14:00:00,3.0854528894781783,0.03322728822266135,1.3043570933392259e-09,1.152289175918372,0.017241379310344827,0.0
ANs,2026-06-07 15:00:00,3.0776832950606217,0.0319490205203473,1.2493501957117672e-09,1.1450639067756128,0.016666666666666666,0.0
ANs,2026-06-07 16:00:00,1.892846686553994,0.0317781432676916,1.2444303942891243e-09,1.1423364852364768,0.0,0.0
ANs,2026-06-07 17:00:00,3.0612719995478983,0.0322281688741903,1.260344753222882e-09,1.1258439313468322,0.0,0.0
ANs,2026-06-07 18:00:00,3.749800336688714,0.0336260503175748,1.3114712655895624e-09,1.142253320120436,0.0,0.0
ANs,2026-06-07 19:00:00,1.74945341277288,0.0304537571548773,1.181604363221264e-09,1.0581546537170632,0.15254237288135594,0.0
ANs,2026-06-07 20:00:00,1.8256321264200077,0.03128496590337225,1.2141442855460125e-09,1.0850150526042333,0.08620689655172414,0.0
ANs,2026-06-07 21:00:00,1.6623490393105385,0.0319525648053995,1.239168262176347e-09,1.0747616260157002,0.6271186440677966,0.0
ANs,2026-06-07 22:00:00,1.6069937153344147,0.0304961613952728,1.1843040307077003e-09,1.1078264972073544,1.0,0.0
ANs,2026-06-07 23:00:00,1.2961559491227708,0.031862207885157354,1.2380923998209743e-09,1.0513216587464247,1.0,0.0
ANs,2026-06-08 00:00:00,1.3395812537979794,0.0316545579781046,1.227544202518867e-09,1.054688716213967,1.0,0.0
ANs,2026-06-08 01:00:00,1.0257720982502798,0.030994333715525298,1.201344164518217e-09,1.0688272716913172,1.0,0.0
ANs,2026-06-08 02:00:00,1.072258838396353,0.0323375960689518,1.2550408942497098e-09,1.0878422869299658,1.0,0.0
ANs,2026-06-08 03:00:00,1.194545862940983,0.0307388564231398,1.1903646647254122e-09,1.0844992690370647,1.0,0.0
ANs,2026-06-08 04:00:00,1.2348391756562394,0.03080718529086155,1.1939250374933661e-09,1.0453298571191847,1.0,0.0
ANs,2026-06-08 05:00:00,1.7071764299752787,0.0325152421614719,1.2593708358319634e-09,1.0887624069759083,0.9661016949152542,0.0
ANs,2026-06-08 06:00:00,3.3348678682539123,0.0360397724785067,1.3972977114506883e-09,1.1498142550785337,0.016666666666666666,0.0
ANs,2026-06-08 07:00:00,3.8828695854815116,0.0353951198438802,1.3719725450163058e-09,1.1376988516680315,0.0,0.0
ANs,2026-06-08 08:00:00,3.629484003445116,0.0359939388055651,1.3950061033785761e-09,1.1378252289180733,0.0,0.0
ANs,2026-06-08 09:00:00,2.482230702039292,0.0326134332760894,1.263932550072686e-09,1.1193977790973195,0.016666666666666666,0.0
ANs,2026-06-08 10:00:00,2.2376433506754942,0.033151917666814704,1.2865488351226078e-09,1.0839334471342332,0.03333333333333333,0.0
ANs,2026-06-08 11:00:00,2.006742640943502,0.032943114602935,1.2803253142239486e-09,1.074354554568283,0.2711864406779661,0.0
ANs,2026-06-08 12:00:00,1.8826273781353922,0.03293192446124525,1.2743306217010216e-09,1.0950452833596107,0.26666666666666666,0.0
ANs,2026-06-08 13:00:00,2.006705327699963,0.032421726330324904,1.2566237722600272e-09,1.0679133841397204,0.08333333333333333,0.0
ANs,2026-06-08 14:00:00,1.6036891952359125,0.0327255317708885,1.266550366262214e-09,1.0589129384794689,0.576271186440678,0.0
ANs,2026-06-08 15:00:00,1.4245599878792508,0.03205814472698355,1.2375349126894294e-09,1.0304840285169425,0.9333333333333333,0.0
ANs,2026-06-08 16:00:00,1.4248169644825173,0.032293562799501505,1.2443751332874205e-09,1.0237326880538509,1.0,0.0
ANs,2026-06-08 17:00:00,2.2569557555129003,0.0323701782226148,1.2474107354531051e-09,1.0734137295010668,0.22033898305084745,0.0
ANs,2026-06-08 18:00:00,2.6459807297617086,0.03357766542865705,1.2955449429436822e-09,1.096198234951692,0.016666666666666666,0.0
ANs,2026-06-08 19:00:00,2.3953362521996833,0.0330359867219196,1.27552892155145e-09,1.0682202009978967,0.016666666666666666,0.0
ANs,2026-06-08 20:00:00,2.299307064154902,0.0325456753687843,1.2607393481146192e-09,1.0927163692698585,0.1694915254237288,0.0
ANs,2026-06-08 21:00:00,1.8426855305049576,0.03255759438887845,1.2616436228150786e-09,1.0904824314070585,0.8,0.0
ANs,2026-06-08 22:00:00,1.6353531842238767,0.03097638879206855,1.2013677815799071e-09,1.068477475204992,0.8833333333333333,0.0
ANs,2026-06-08 23:00:00,1.7315456566247054,0.0308152192195669,1.1938601468804762e-09,1.0414438546149518,0.423728813559322,0.0
ANs,2026-06-09 00:00:00,1.447750564129354,0.03210002637122546,1.2435944359080113e-09,1.0539678115889966,0.9,0.0
ANs,2026-06-09 01:00:00,1.3888032977038924,0.0314173631335745,1.216551294962286e-09,1.096420039819337,0.9,0.0
ANs,2026-06-09 02:00:00,1.433592998421435,0.0313277641182236,1.2130385316060351e-09,1.1047730694682163,0.5254237288135594,0.0
ANs,2026-06-09 03:00:00,1.7225978495546013,0.03151859240893675,1.222499871308845e-09,1.0297159106478608,0.38333333333333336,0.0
ANs,2026-06-09 04:00:00,3.229164044939415,0.032596173163748146,1.2636826201879429e-09,1.121984722890279,0.0,0.0
ANs,2026-06-09 05:00:00,4.189826559231655,0.0352047283468771,1.365711126714383e-09,1.156945322720084,0.0,0.0
ANs,2026-06-09 06:00:00,7.110105987659891,0.040226802549354054,1.5606361521131347e-09,1.2573184222866944,0.0,0.0
ANs,2026-06-09 07:00:00,7.958182475544348,0.04382325406318585,1.7013603565280903e-09,1.313672629469195,0.0,0.0
ANs,2026-06-09 08:00:00,4.623182780476856,0.0355312134947249,1.3770319009978531e-09,1.158530791851536,0.0,0.0
ANs,2026-06-09 09:00:00,2.517674530008841,0.0319965615295774,1.2361761887382145e-09,1.0818086833523226,0.0,0.0
ANs,2026-06-09 10:00:00,4.829586337608246,0.040149319037618855,1.5502727311096415e-09,1.2011480185057817,0.016666666666666666,0.0
ANs,2026-06-09 11:00:00,4.543037474482364,0.0350094085962837,1.3476513515817567e-09,1.1417836348323944,0.01694915254237288,0.0
ANs,2026-06-09 12:00:00,5.112711795854841,0.0356473025754374,1.3706948075740096e-09,1.1704678867628522,0.020833333333333332,0.0
ANs,2026-06-09 13:00:00,4.145296214045448,0.03389899748914265,1.3061864023238532e-09,1.1606166820087658,0.0,0.0
ANs,2026-06-09 14:00:00,2.313802158614754,0.03386991349439295,1.3084093977708097e-09,1.0824103941620393,0.2,0.0
ANs,2026-06-09 15:00:00,1.447129450374435,0.0321821277221866,1.2379565654541536e-09,1.068265730034024,0.7288135593220338,0.0
ANs,2026-06-09 16:00:00,1.2119049401070807,0.03302674695582275,1.2722340039125747e-09,1.119469450966962,0.9,0.0
ANs,2026-06-09 17:00:00,1.2635033137961302,0.03247433403914625,1.2538968897108098e-09,1.0229866955267206,0.8666666666666667,0.0
ANs,2026-06-09 18:00:00,1.6245799970884127,0.0315672357630632,1.2191487966776792e-09,1.073919535960291,0.4576271186440678,0.0
ANs,2026-06-09 19:00:00,1.2753444450932696,0.03194981691071885,1.2379746289245748e-09,1.0371130113238802,1.0,0.0
ANs,2026-06-09 20:00:00,0.0526155911500144,0.0271207176352604,1.0531977095565222e-09,1.0688216471134595,0.13513513513513514,0.0
ANs,2026-06-09 21:00:00,1.3818170294402017,0.03123731309509605,1.215900442914391e-09,1.0604169686581515,0.9,0.0
ANs,2026-06-09 22:00:00,1.7195621341878926,0.032120513769592296,1.2519636172912958e-09,1.0539626684610075,0.06666666666666667,0.0
ANs,2026-06-09 23:00:00,1.6263043960148746,0.0321783903292609,1.25329468947973e-09,1.0554211565289906,0.01694915254237288,0.0
ANs,2026-06-10 00:00:00,1.3882595179571748,0.0321888854508002,1.2529815491084693e-09,1.0914098997638368,0.1,0.0
ANs,2026-06-10 01:00:00,1.2156604202902312,0.03084072747510635,1.2007035438164189e-09,1.0445902192365428,0.21666666666666667,0.0
ANs,2026-06-10 02:00:00,2.050970775102391,0.032269764746261,1.2554846228337808e-09,1.091722445582274,0.01694915254237288,0.0
ANs,2026-06-10 03:00:00,2.8219534262134967,0.03349108185630785,1.3030616482838355e-09,1.1696286593701306,0.0,0.0
ANs,2026-06-10 04:00:00,1.9807342759633806,0.03211322179628785,1.2506646592389636e-09,1.1181875153498497,0.0,0.0
ANs,2026-06-10 05:00:00,2.184113418831376,0.0312582889835775,1.2171185217279731e-09,1.0928538603104514,0.01694915254237288,0.0
ANs,2026-06-10 06:00:00,3.1652910014872475,0.032245802482921054,1.2540878870524425e-09,1.1301782828013287,0.0,0.0
ANs,2026-06-10 07:00:00,9.534853496804285,0.045658798481761104,1.7746144641522134e-09,1.3994021919442319,0.0,0.0
ANs,2026-06-10 08:00:00,2.6376354702146254,0.0312287090032667,1.2158035298570856e-09,1.052751230091043,0.23728813559322035,0.0
ANs,2026-06-10 09:00:00,1.5816971754110465,0.03168366761443575,1.2293422838432189e-09,1.0492595217223086,0.5833333333333334,0.0
ANs,2026-06-10 10:00:00,1.2196821724609608,0.03099863723334225,1.2004752127109628e-09,1.0820257473241828,0.8,0.0
ANs,2026-06-10 11:00:00,1.2380209678665108,0.0318430368940505,1.2339330224060702e-09,1.0305055484882812,0.9830508474576272,0.0
ANs,2026-06-10 12:00:00,0.8336648105810358,0.0315827371604418,1.2209641116208168e-09,0.9985729468656523,0.9666666666666667,0.0
ANs,2026-06-10 13:00:00,1.0422025399833437,0.03181096243638435,1.2286462747656512e-09,1.0281180953831779,0.9333333333333333,0.0
ANs,2026-06-10 14:00:00,1.162429591159531,0.0320222283277847,1.236373392914809e-09,1.040768996686858,0.847457627118644,0.0
ANs,2026-06-10 15:00:00,1.7080147147751283,0.033312435559992956,1.2867241984401826e-09,1.0160615269754552,0.4,0.0
ANs,2026-06-10 16:00:00,1.7128386650286909,0.0322100803185728,1.2516169095660556e-09,1.0939268422925574,0.6166666666666667,0.0
ANs,2026-06-10 17:00:00,1.7130824044925062,0.0328886384698417,1.2756679153662552e-09,1.095286545519602,0.6101694915254238,0.0
ANs,2026-06-10 18:00:00,2.359717886543746,0.03280555777208105,1.2709139453939644e-09,1.0550921896702166,0.1,0.0
ANs,2026-06-10 19:00:00,2.8108111792453236,0.03278239297387705,1.2708127312795335e-09,1.0934050053606703,0.016666666666666666,0.0
ANs,2026-06-10 20:00:00,2.7001596154211924,0.0326568284396065,1.2728150652454024e-09,1.1304433398055376,0.01694915254237288,0.0
ANs,2026-06-10 21:00:00,2.005820134455486,0.03067370605544935,1.1954733122981611e-09,1.0418956207513774,0.03333333333333333,0.0
ANs,2026-06-10 22:00:00,2.135874772205558,0.031987190827362996,1.2430819268500947e-09,1.0984036047795125,0.016666666666666666,0.0
ANs,2026-06-10 23:00:00,2.798344360733778,0.031790554554627,1.23468087800207e-09,1.1247947056374084,0.01694915254237288,0.0
ANs,2026-06-11 00:00:00,2.714736190238983,0.03284794929155255,1.2762974194492281e-09,1.1068829897706092,0.016666666666666666,0.0
ANs,2026-06-11 01:00:00,2.3346417898614122,0.03136670550040675,1.2190875689119712e-09,1.0262352685201543,0.15,0.0
ANs,2026-06-11 02:00:00,1.5723699845659884,0.0319094592954703,1.2397634357086402e-09,0.9898977030593266,0.4406779661016949,0.0
ANs,2026-06-11 03:00:00,2.12791165422294,0.031228969823083347,1.2143233410699304e-09,1.056639156519957,0.06666666666666667,0.0
ANs,2026-06-11 04:00:00,2.239009124934722,0.03202259261444565,1.2457597462384898e-09,1.070630681550155,0.05,0.0
ANs,2026-06-11 05:00:00,3.3572449117273595,0.0330346381116909,1.285647699241207e-09,1.0989073072752944,0.01694915254237288,0.0
ANs,2026-06-11 06:00:00,4.230308875004592,0.0354330142798225,1.3784468673431664e-09,1.1413089748477367,0.016666666666666666,0.0
ANs,2026-06-11 07:00:00,2.6572489428366595,0.03337149240489915,1.3005855736670545e-09,1.0764191613500445,0.016666666666666666,0.0
ANs,2026-06-11 08:00:00,1.8402444383473249,0.0314647794773635,1.2268111984629896e-09,1.1096082274124153,0.15517241379310345,0.0
ANs,2026-06-11 09:00:00,1.0772500330120751,0.030849416092594,1.2006557436428061e-09,1.0064697032383259,0.9333333333333333,0.0
ANs,2026-06-11 10:00:00,0.9599740692101282,0.0297318359677597,1.1516217025548142e-09,0.9978188412646738,0.9833333333333333,0.0
ANs,2026-06-11 11:00:00,0.8905459207609576,0.03163304028547195,1.2240625302119345e-09,1.062683095982372,0.9827586206896551,0.0
ANs,2026-06-11 12:00:00,0.7737512925561809,0.030491616608355,1.1780078155264552e-09,1.043692794896964,1.0,0.0
ANs,2026-06-11 13:00:00,0.8328145673873775,0.0299596977910251,1.156648889648317e-09,1.0206032139801187,1.0,0.0
ANs,2026-06-11 14:00:00,0.8389602698204528,0.030219196844290502,1.1655215931846563e-09,0.9955606451027579,0.9655172413793104,0.0
ANs,2026-06-11 15:00:00,1.0065284111527577,0.0301129029120499,1.1619705528566811e-09,1.0126136867057811,0.9491525423728814,0.0
ANs,2026-06-11 16:00:00,1.2820424435428843,0.0319460695397166,1.238655394066156e-09,1.004644011487926,0.864406779661017,0.0
ANs,2026-06-11 17:00:00,1.5243167226535923,0.0318862399470888,1.2345408082122516e-09,1.0037183456158587,0.5,0.0
ANs,2026-06-11 18:00:00,1.8169280475726848,0.0318414019830978,1.2331502512617444e-09,1.0188680511885702,0.3220338983050847,0.0
ANs,2026-06-11 19:00:00,1.6528259753472814,0.0315095187053415,1.219979477105052e-09,1.045378441645083,0.22033898305084745,0.0
ANs,2026-06-11 20:00:00,2.25834555476846,0.0319684373515786,1.244229676037755e-09,1.0751555546493545,0.0,0.0
ANs,2026-06-11 21:00:00,2.010062231017117,0.0310082705286484,1.207867031515079e-09,1.067265857539205,0.1016949152542373,0.0
ANs,2026-06-11 22:00:00,1.2956280537273615,0.030500367678292048,1.1898876518568753e-09,1.042992927518049,0.4166666666666667,0.0
ANs,2026-06-11 23:00:00,1.2779972417435472,0.0292952715111803,1.1434542253894607e-09,1.0764880828862238,0.4745762711864407,0.0
ANs,2026-06-12 00:00:00,1.1361754351375175,0.0300268330882795,1.1702854370908902e-09,1.071702145430162,1.0,0.0
ANs,2026-06-12 01:00:00,0.9621279069492739,0.030757980340531,1.2008663529727325e-09,1.1365082358528211,1.0,0.0
ANs,2026-06-12 02:00:00,0.9043529456402092,0.0300579440286621,1.170429358946342e-09,1.058569820205176,0.847457627118644,0.0
ANs,2026-06-12 03:00:00,0.7982264993103827,0.0293584177381876,1.1464142937107325e-09,1.036929349868803,0.9666666666666667,0.0
ANs,2026-06-12 04:00:00,1.1608364485705596,0.029018976035306898,1.1317844078709188e-09,1.048749460691542,0.8333333333333334,0.0
ANs,2026-06-12 05:00:00,1.3320499003021733,0.0309581718193404,1.208736578598044e-09,1.0668225130213889,0.576271186440678,0.0
ANs,2026-06-12 06:00:00,1.8654127080293805,0.03128873908710505,1.222616048437055e-09,1.099954759004155,0.45,0.0
ANs,2026-06-12 07:00:00,1.9117740096704745,0.02964615782801085,1.1589222346355946e-09,1.0766020401175578,0.4,0.0
ANs,2026-06-12 08:00:00,1.6364842353911373,0.0306615976667353,1.1955046136720772e-09,1.057151780737702,0.22033898305084745,0.0
ANs,2026-06-12 09:00:00,1.370297181803544,0.03098278942637975,1.2058271230932338e-09,1.0176427428651782,0.8333333333333334,0.0
ANs,2026-06-12 10:00:00,1.0445996292824506,0.031268685951810204,1.2139322142607553e-09,1.0120496936005479,1.0,0.0
ANs,2026-06-12 11:00:00,0.9479913223306332,0.0305077723222268,1.1835672088753026e-09,1.0361721166168298,0.9830508474576272,0.0
ANs,2026-06-12 12:00:00,0.8711221847376844,0.03120983735643725,1.2096412789719558e-09,1.039589431198464,1.0,0.0
ANs,2026-06-12 13:00:00,0.8219639610441257,0.031013342036479152,1.1987490238087296e-09,1.0461189611061363,1.0,0.0
ANs,2026-06-12 14:00:00,0.8531706419282651,0.0324699059600752,1.2598428727048403e-09,1.03333824024691,0.9491525423728814,0.0
ANs,2026-06-12 15:00:00,0.8439087983322167,0.03134197673232465,1.2291228012679476e-09,1.0721629668759949,0.75,0.0
ANs,2026-06-12 16:00:00,1.1842623851091503,0.030836065230595698,1.2093469551265385e-09,1.0715420429723845,0.9666666666666667,0.0
ANs,2026-06-12 17:00:00,1.1135485629231214,0.0293380610047501,1.1427527993414791e-09,1.036814446394974,0.847457627118644,0.0
ANs,2026-06-12 18:00:00,1.1244388114571897,0.0293245799479003,1.1422223523712341e-09,1.0548615230826053,0.7,0.0
ANs,2026-06-12 19:00:00,1.1716601432846132,0.0294906558921954,1.147208183663369e-09,1.07955846058578,0.9666666666666667,0.0
ANs,2026-06-12 20:00:00,1.211398202120265,0.030140202043023,1.1727932233744371e-09,1.027913362533241,1.0,0.0
ANs,2026-06-12 21:00:00,1.3895362835031406,0.031286718234213,1.2157299918138752e-09,1.1197947963098196,0.9833333333333333,0.0
ANs,2026-06-12 22:00:00,1.6418627252113922,0.032362952265325554,1.2580693552654527e-09,1.081315074154344,0.2833333333333333,0.0
ANs,2026-06-12 23:00:00,1.895428209088592,0.031764399969889,1.23523032440122e-09,1.081711642762774,0.1694915254237288,0.0
ANs,2026-06-13 00:00:00,2.1277070833358964,0.0318435462752288,1.24051520559691e-09,1.0760882268401353,0.1,0.0
ANs,2026-06-13 01:00:00,2.0975050380901514,0.0313964029709706,1.2217138693991215e-09,1.065357025229254,0.3,0.0
ANs,2026-06-13 02:00:00,1.7270068919637156,0.0303608387356031,1.1807880640455022e-09,1.061872141329759,0.711864406779661,0.0
ANs,2026-06-13 03:00:00,1.7250314384919139,0.0307208713452355,1.195183022045875e-09,1.0940072723984975,0.6166666666666667,0.0
ANs,2026-06-13 04:00:00,2.1359157974233343,0.031667968312347805,1.2319488121006352e-09,1.0784327937733091,0.05,0.0
ANs,2026-06-13 05:00:00,2.9599346315328816,0.0318513907783153,1.24244875272944e-09,1.0882372186511071,0.01694915254237288,0.0
ANs,2026-06-13 06:00:00,5.9918766468232665,0.037695397325995195,1.4712913576279083e-09,1.133238270805331,0.0,0.0
ANs,2026-06-13 07:00:00,9.027109596097672,0.0467645314722408,1.8202867675855603e-09,1.3756464273083142,0.0,0.0
ANs,2026-06-13 08:00:00,3.663737062951314,0.0352056070367894,1.3639238382663483e-09,1.1348468272943502,0.01694915254237288,0.0
ANs,2026-06-13 09:00:00,1.1281658931824285,0.0311621156093366,1.2070683778248536e-09,1.0333800014658718,0.9666666666666667,0.0
ANs,2026-06-13 10:00:00,0.6004710770182284,0.03187411137932835,1.2464831246308425e-09,1.0738948368400028,0.9833333333333333,0.0
ANs,2026-06-13 11:00:00,0.6899395414570616,0.0300478455549809,1.1781522428828119e-09,1.0835854987131566,0.423728813559322,0.0
ANs,2026-06-13 12:00:00,0.5389241820954684,0.0291718856892011,1.1447295380237185e-09,1.0547585349556863,1.0,0.0
ANs,2026-06-13 13:00:00,0.5437469930361265,0.028953109573861803,1.1316021142070693e-09,1.0437986132391015,1.0,0.0
ANs,2026-06-13 14:00:00,0.5944237377912587,0.0287475447443755,1.1235399170309443e-09,1.048440225478015,1.0,0.0
ANs,2026-06-13 15:00:00,0.6558987577285597,0.029201043249048,1.1371010720399882e-09,1.0365940811719732,1.0,0.0
ANs,2026-06-13 16:00:00,0.6847443206452694,0.028469817809723748,1.1170888205441978e-09,1.017406173429721,0.9666666666666667,0.0
ANs,2026-06-13 17:00:00,0.8365455823748157,0.0287073418112206,1.1270215968073411e-09,1.0139091176206707,0.9152542372881356,0.0
ANs,2026-06-13 18:00:00,0.7866504202745748,0.02995866188172185,1.1732153739014822e-09,1.0557344088391454,0.85,0.0
ANs,2026-06-13 19:00:00,0.7643238569356396,0.03068202603552945,1.1912002011163192e-09,1.1182212131591553,0.9833333333333333,0.0
ANs,2026-06-13 20:00:00,0.8801199721235898,0.0307076895253482,1.1912193805808519e-09,1.0882447922959346,0.7931034482758621,0.0
ANs,2026-06-13 21:00:00,2.0893080860429922,0.0335407542863148,1.2961711999311278e-09,1.167556934528562,0.05,0.0
ANs,2026-06-13 22:00:00,2.668118104346655,0.032779739361423255,1.2656597284449337e-09,1.1202327738007274,0.016666666666666666,0.0
ANs,2026-06-13 23:00:00,2.315049180715601,0.03172136091176505,1.224709912565636e-09,1.1034101826075795,0.3103448275862069,0.0
ANs,2026-06-14 00:00:00,1.6685519740169603,0.0311334867590406,1.2028411615162925e-09,1.14244136647385,0.06666666666666667,0.0
ANs,2026-06-14 01:00:00,1.7594242642386677,0.03044049221463565,1.1759392598499461e-09,1.1100311496184088,0.06666666666666667,0.0
ANs,2026-06-14 02:00:00,1.837236834486502,0.030368591079250752,1.1714095534543423e-09,1.0961217817229632,0.27586206896551724,0.0
ANs,2026-06-14 03:00:00,1.4762633381883319,0.030665446299346852,1.182684414900233e-09,1.0843456668219786,0.5833333333333334,0.0
ANs,2026-06-14 04:00:00,1.5311043711532797,0.0298194189160177,1.1483955128540404e-09,1.084604533856645,0.11864406779661017,0.0
ANs,2026-06-14 05:00:00,1.9656157923989017,0.031089578800959153,1.1978452996489562e-09,1.0768813325639068,0.0,0.0
ANs,2026-06-14 06:00:00,2.916106329771493,0.031702910416994,1.2231834414482203e-09,1.0877586385987743,0.0,0.0
ANs,2026-06-14 07:00:00,2.903357270863516,0.0330099631559835,1.27289296739636e-09,1.132511830271792,0.01694915254237288,0.0
ANs,2026-06-14 08:00:00,6.549839837825066,0.0384291154856822,1.4799992588234335e-09,1.3047358099025743,0.034482758620689655,0.0
ANs,2026-06-14 09:00:00,11.798884624779474,0.0523112143059465,2.0148542316452126e-09,1.5527915896185212,0.0,0.0
ANs,2026-06-14 10:00:00,17.021718319073713,0.0729054543918106,2.8293068236638372e-09,1.77802156228148,0.0,0.0
ANs,2026-06-14 11:00:00,9.081386108486797,0.04618718634674155,1.8011962580050162e-09,1.5356669166360883,0.018518518518518517,0.0
ANs,2026-06-14 12:00:00,6.006807858708587,0.037104929476406145,1.448384466970489e-09,1.2997857119595468,0.0,0.0
ANs,2026-06-14 13:00:00,2.9253274997373317,0.034666884094995645,1.3499234343429021e-09,1.1288160717394984,0.03333333333333333,0.0
ANs,2026-06-14 14:00:00,1.0444949411084623,0.0306668259389091,1.1910645663227375e-09,1.10494981379757,0.8813559322033898,0.0
ANs,2026-06-14 15:00:00,2.4056919334589235,0.0320795452467856,1.2505726923238741e-09,1.0937181352528573,0.0,0.0
ANs,2026-06-14 16:00:00,2.0175199846169836,0.0314872688190176,1.2259385149655381e-09,1.0872019073138477,0.2833333333333333,0.0
ANs,2026-06-14 17:00:00,1.0333780495868277,0.0304233117707257,1.1838433809854536e-09,1.0457726329619992,0.5423728813559322,0.0
ANs,2026-06-14 18:00:00,0.7585688103258721,0.02971166489165985,1.1574650364418222e-09,1.022285913397249,1.0,0.0
ANs,2026-06-14 19:00:00,1.1888320242434185,0.033312818383272505,1.2946925866561364e-09,1.0511709900220556,0.8833333333333333,0.0
ANs,2026-06-14 20:00:00,1.539738034775845,0.0307491760970023,1.193143641256896e-09,1.0594302693445732,0.4067796610169492,0.0
ANs,2026-06-14 21:00:00,1.9574480027817311,0.033148985512469906,1.286765157347212e-09,1.057439925860618,0.016666666666666666,0.0
ANs,2026-06-14 22:00:00,1.7880875443566,0.0319762834138815,1.2422769132157381e-09,1.1066303763600895,0.016666666666666666,0.0
ANs,2026-06-14 23:00:00,1.7851221036290978,0.0318744578747075,1.2369365444007507e-09,1.1258225135790854,0.1694915254237288,0.0
ANs,2026-06-15 00:00:00,1.7184927845881273,0.0327296183499507,1.2709602752600246e-09,1.0822424553148342,0.26666666666666666,0.0
ANs,2026-06-15 01:00:00,1.5966021667144572,0.03225355888405025,1.2521825841694258e-09,1.0677203660144445,0.43333333333333335,0.0
ANs,2026-06-15 02:00:00,2.213813398323737,0.0337867888979045,1.312729165036569e-09,1.1371645757927284,0.01694915254237288,0.0
ANs,2026-06-15 03:00:00,2.5318685470331026,0.033724059086423355,1.3090470204243855e-09,1.1459867013966936,0.0,0.0
ANs,2026-06-15 04:00:00,4.332096272300413,0.0358153255205783,1.3905366060778636e-09,1.1599616922549059,0.0,0.0
ANs,2026-06-15 05:00:00,4.659188790903732,0.0378344429943583,1.470851925198423e-09,1.2064038933704675,0.01694915254237288,0.0
ANs,2026-06-15 06:00:00,6.7435971942600865,0.0417876897954751,1.624885549880657e-09,1.3395845200929695,0.0,0.0
ANs,2026-06-15 07:00:00,7.287600554363394,0.0416277924014445,1.6187122836873517e-09,1.2332163020449096,0.0,0.0
ANs,2026-06-15 08:00:00,4.28363906907799,0.0361855410508191,1.408479827834261e-09,1.1192929816809494,0.01694915254237288,0.0
ANs,2026-06-15 09:00:00,2.653976163006039,0.034127387363042,1.3314236529192857e-09,1.1083213465465342,0.016666666666666666,0.0
ANs,2026-06-15 10:00:00,5.593542974925573,0.038317162453022,1.504514842937734e-09,1.2273491402182732,0.0,0.0
ANs,2026-06-15 11:00:00,5.959157584382565,0.0383299400445507,1.5090978978571316e-09,1.31956054845657,0.01694915254237288,0.0
ANs,2026-06-15 12:00:00,5.43704022788189,0.03712621328156995,1.4692301461664566e-09,1.2429871386808782,0.0,0.0
ANs,2026-06-15 13:00:00,3.325417882254185,0.0325299894716849,1.2896524379087804e-09,1.1809246053265698,0.016666666666666666,0.0
ANs,2026-06-15 14:00:00,4.50708129161374,0.0349701375523937,1.3825604801303212e-09,1.236325510786408,0.01694915254237288,0.0
ANs,2026-06-15 15:00:00,3.457715043932862,0.032679938064031494,1.2930093828615585e-09,1.1593587976029922,0.016666666666666666,0.0
ANs,2026-06-15 16:00:00,2.992346484062124,0.03231644944849875,1.2802606937108692e-09,1.1120150635325252,0.016666666666666666,0.0
ANs,2026-06-15 17:00:00,3.5744996753894944,0.0336830895986226,1.3371326276230616e-09,1.143333889195628,0.01694915254237288,0.0
ANs,2026-06-15 18:00:00,3.8594916076897157,0.03403563586547245,1.3505209567374584e-09,1.190677312229341,0.016666666666666666,0.0
ANs,2026-06-15 19:00:00,4.387202065101663,0.034539976897211694,1.3710377149907324e-09,1.2353416912609554,0.016666666666666666,0.0
ANs,2026-06-15 20:00:00,6.848898958738626,0.03957732535196655,1.569515162854096e-09,1.3350067196274298,0.0,0.0
ANs,2026-06-15 21:00:00,7.10477640002517,0.041539069298990344,1.6495016213530172e-09,1.368211724902209,0.016666666666666666,0.0
ANs,2026-06-15 22:00:00,5.8935969169627125,0.03780834207606235,1.5028247497814955e-09,1.385681164161858,0.016666666666666666,0.0
ANs,2026-06-15 23:00:00,1.9379482040603944,0.031828290521666094,1.2654185404633087e-09,1.1152945679322972,0.05172413793103448,0.0
ANs,2026-06-16 00:00:00,1.1076188538104361,0.0304466293478788,1.2112680803365374e-09,1.0893191653961833,0.4666666666666667,0.0
ANs,2026-06-16 01:00:00,1.6510272282558733,0.0308052285335826,1.2240350455670187e-09,1.0738223160583305,0.21666666666666667,0.0
ANs,2026-06-16 02:00:00,2.774028463674921,0.03270248629648145,1.2991954070410129e-09,1.1103702456671813,0.0,0.0
ANs,2026-06-16 03:00:00,2.2893740345407725,0.03239076511554835,1.2870264695937888e-09,1.1301201669316252,0.016666666666666666,0.0
ANs,2026-06-16 04:00:00,1.9626002089347407,0.0294714482025035,1.1707356332077094e-09,1.1177835699628136,0.0,0.0
ANs,2026-06-16 05:00:00,5.425295947182427,0.03874554598122015,1.5381418066750832e-09,1.3135743991208235,0.0,0.0
ANs,2026-06-16 06:00:00,8.527226725130266,0.0468926472356827,1.8619954819844062e-09,1.5034531860671307,0.0,0.0
ANs,2026-06-16 07:00:00,6.0713286250938685,0.039089277541167,1.5520186511885692e-09,1.2914261727874172,0.0,0.0
ANs,2026-06-16 08:00:00,2.772027414992274,0.02911708760416805,1.1528872794486763e-09,1.082748063614487,0.0,0.0
ANs,2026-06-16 09:00:00,1.7128546044856718,0.029420190276199,1.1606906139527641e-09,1.1148978264233014,0.4,0.0
ANs,2026-06-16 10:00:00,1.7906272070041096,0.02904763061400675,1.1442262473725426e-09,1.1226083838221883,0.15,0.0
ANs,2026-06-16 11:00:00,1.441654088141549,0.0295252971111448,1.1646769929428267e-09,1.0334461000359374,0.08333333333333333,0.0
ANs,2026-06-16 12:00:00,4.495396091752552,0.0357586116677071,1.4121846946911882e-09,1.1351999754060438,0.0,0.0
ANs,2026-06-16 13:00:00,6.256961901384459,0.03959395106532345,1.5658808811107259e-09,1.356461398927336,0.0,0.0
ANs,2026-06-16 14:00:00,5.811875958412693,0.037864152377556304,1.499842527351205e-09,1.2386028738203776,0.0,0.0
ANs,2026-06-16 15:00:00,4.990915329620969,0.0350942847226201,1.3904676793571076e-09,1.29003946079168,0.0,0.0
ANs,2026-06-16 16:00:00,5.157858061557786,0.0357157074208966,1.415580753542394e-09,1.1888331141096404,0.0,0.0
ANs,2026-06-16 17:00:00,5.189482186722295,0.0361072872910949,1.4307152958756243e-09,1.243783165742613,0.0,0.0
ANs,2026-06-16 18:00:00,4.90295344674634,0.0349635753031123,1.3860390707631032e-09,1.2509612524059397,0.0,0.0
ANs,2026-06-16 19:00:00,4.793387391856122,0.0349697174360032,1.3834833549210084e-09,1.2493604176990125,0.0,0.0
ANs,2026-06-16 20:00:00,5.244610152226618,0.0358900426260404,1.4170493589151024e-09,1.237485009520083,0.0,0.0
ANs,2026-06-16 21:00:00,6.237811776251702,0.0385206026225461,1.525152017242361e-09,1.2765317098668143,0.0,0.0
ANs,2026-06-16 22:00:00,4.861248083223176,0.036477084416726854,1.4448867128316785e-09,1.320538998407939,0.0,0.0
ANs,2026-06-16 23:00:00,4.020273503652957,0.033551229383713,1.3287781327236958e-09,1.1922179675339826,0.0,0.0
ANs,2026-06-17 00:00:00,1.5495274525839398,0.0292843301126972,1.1613597926372403e-09,1.049773446478538,0.01694915254237288,0.0
ANs,2026-06-17 01:00:00,1.293254032368152,0.030753838035738952,1.216960184796406e-09,1.0495323667303604,0.016666666666666666,0.0
ANs,2026-06-17 02:00:00,1.01792045462828,0.02952687778057475,1.1668984570926321e-09,1.05798119002772,0.85,0.0
ANs,2026-06-17 03:00:00,2.0600650223321515,0.0299397954128109,1.1820130137724363e-09,1.0709363239268732,0.06779661016949153,0.0
ANs,2026-06-17 04:00:00,2.1152630984225413,0.0301265008457397,1.1884492319253692e-09,1.0729316915751212,0.016666666666666666,0.0
ANs,2026-06-17 05:00:00,2.934107924394265,0.03249741166736435,1.282543024147962e-09,1.0869636442914166,0.0,0.0
ANs,2026-06-17 06:00:00,3.668408619444647,0.0328561028437165,1.2959186742979063e-09,1.2060580554189857,0.01694915254237288,0.0
ANs,2026-06-17 07:00:00,3.1406317773816923,0.031988726009825,1.2663113739452128e-09,1.1794020795059503,0.0,0.0
ANs,2026-06-17 08:00:00,3.008611068816767,0.0322108550070226,1.2748755357129678e-09,1.1421687133782634,0.0,0.0
ANs,2026-06-17 09:00:00,2.796070148302423,0.0322211633123295,1.2760725845851902e-09,1.275729668754073,0.01694915254237288,0.0
ANs,2026-06-17 10:00:00,5.098631319151544,0.03940952401346355,1.5545730662440046e-09,1.2905002166429411,0.0,0.0
ANs,2026-06-17 11:00:00,12.124685676847141,0.053689899891579546,2.0998477068942096e-09,1.5685040315284675,0.0,0.0
ANs,2026-06-17 12:00:00,3.9722391331052025,0.0362835437981608,1.4167021673324069e-09,1.2568098871052698,0.017241379310344827,0.0
ANs,2026-06-17 13:00:00,4.543150575909673,0.03770104549456925,1.47082305543663e-09,1.2500172575261697,0.016666666666666666,0.0
ANs,2026-06-17 14:00:00,7.846767355569095,0.04600914337364215,1.799021939501458e-09,1.3073274503824086,0.016666666666666666,0.0
ANs,2026-06-17 15:00:00,9.19430155233528,0.0487405809927623,1.905809151219542e-09,1.5307198735639014,0.01694915254237288,0.0
ANs,2026-06-17 16:00:00,7.942811795892073,0.0444229199657009,1.736734497916432e-09,1.4673125049733273,0.016666666666666666,0.0
ANs,2026-06-17 17:00:00,11.919170024025906,0.055914506289688345,2.184815033389682e-09,1.5941012698928083,0.016666666666666666,0.0
ANs,2026-06-17 18:00:00,5.989992973518009,0.0428121666350106,1.6727402701224675e-09,1.2529057742216756,0.01694915254237288,0.0
ANs,2026-06-17 19:00:00,6.44501350263771,0.0419604575707333,1.639951893230019e-09,1.2442752307466631,0.016666666666666666,0.0
ANs,2026-06-17 20:00:00,6.3545527692773405,0.0429402610676027,1.6799300071527735e-09,1.3710577589918775,0.016666666666666666,0.0
ANs,2026-06-17 21:00:00,4.027314494106391,0.03385306752742365,1.3286477355837561e-09,1.1749985209582796,0.0,0.0
ANs,2026-06-17 22:00:00,5.13139282912355,0.0371681874399121,1.4595732978063602e-09,1.2581004429015115,0.016666666666666666,0.0
ANs,2026-06-17 23:00:00,3.618264673889258,0.034570319978856595,1.3572466040302628e-09,1.2274482568223402,0.016666666666666666,0.0
ANs,2026-06-18 00:00:00,3.336686488907926,0.0328807944585138,1.2907828949446283e-09,1.1733296729857807,0.0,0.0
ANs,2026-06-18 01:00:00,3.0475418308383313,0.032858455203794254,1.2911221039235615e-09,1.2093650613966842,0.016666666666666666,0.0
ANs,2026-06-18 02:00:00,3.1870215369057213,0.0332294986837517,1.3052442001520168e-09,1.2552402265029725,0.016666666666666666,0.0
ANs,2026-06-18 03:00:00,3.3214615575057715,0.03256322375102505,1.279091935486696e-09,1.198511248961835,0.0,0.0
ANs,2026-06-18 04:00:00,3.3154610361022177,0.0331284732078155,1.3009710245284618e-09,1.247128109447448,0.0,0.0
ANs,2026-06-18 05:00:00,3.3193418469753966,0.0335901480318087,1.3200460386077452e-09,1.2623764586156383,0.0,0.0
ANs,2026-06-18 06:00:00,4.830397503667175,0.0369600108213505,1.4526488689372467e-09,1.285504498627819,0.0,0.0
ANs,2026-06-18 07:00:00,5.28631387194288,0.0380728484200603,1.4965892421478487e-09,1.3015567347571704,0.0,0.0
ANs,2026-06-18 08:00:00,3.997097229234652,0.0336792604367996,1.324507641140326e-09,1.2447958760101592,0.0,0.0
ANs,2026-06-18 09:00:00,5.923025257056533,0.039797378350168,1.5583322655332428e-09,1.4589287702258935,0.0,0.0
ANs,2026-06-18 10:00:00,7.756534620012409,0.0424868954411498,1.666745107273673e-09,1.4012103046211577,0.0,0.0
ANs,2026-06-18 11:00:00,10.524662004039271,0.050810758219363095,1.9922906151767647e-09,1.5316563977995776,0.0,0.0
ANs,2026-06-18 12:00:00,7.136093651405682,0.0434305058281358,1.6937507016047675e-09,1.4483410664359806,0.0,0.0
ANs,2026-06-18 13:00:00,4.384144307733134,0.04022713543634415,1.5682001526868486e-09,1.2561720627865942,0.0,0.0
ANs,2026-06-18 14:00:00,1.5675178332740978,0.03457592019255645,1.3577580833739028e-09,1.1559078156015377,0.1,0.0
ANs,2026-06-18 15:00:00,1.0367387992416344,0.0320928378236084,1.2611169688701162e-09,1.1291082002872057,0.559322033898305,0.0
ANs,2026-06-18 16:00:00,0.9755709082611976,0.03149681565968075,1.2365794971072633e-09,1.1095950007250257,0.8,0.0
ANs,2026-06-18 17:00:00,1.4325819744502963,0.031857154644540045,1.2491954840885107e-09,1.082782238346792,0.43333333333333335,0.0
ANs,2026-06-18 18:00:00,1.2756090550117845,0.0311072459929849,1.222230125338501e-09,1.169886682259662,0.711864406779661,0.0
ANs,2026-06-18 19:00:00,1.0662489985834585,0.03102530915315445,1.2194329923798372e-09,1.1145634046786026,0.7833333333333333,0.0
ANs,2026-06-18 20:00:00,1.2899459595448821,0.0323459192383352,1.2712945414934411e-09,1.092886031712879,0.7333333333333333,0.0
ANs,2026-06-18 21:00:00,1.3946364018614688,0.0320498328581293,1.2589224155736222e-09,1.0962463479841331,0.22033898305084745,0.0
ANs,2026-06-18 22:00:00,1.5054841864188888,0.03218730362647895,1.2649066478375442e-09,1.1953293940863108,0.21666666666666667,0.0
ANs,2026-06-18 23:00:00,1.52818638487477,0.031960547545256596,1.2568153746262661e-09,1.1244978233023137,0.4666666666666667,0.0
ANs,2026-06-19 00:00:00,0.8988178568973375,0.0308076288525189,1.2124458309876796e-09,1.0713362797477524,1.0,0.0
ANs,2026-06-19 01:00:00,1.390265748572176,0.03339894118762205,1.31331729485342e-09,1.118666068875537,0.65,0.0
ANs,2026-06-19 02:00:00,2.8985888550212993,0.03532785053555565,1.3896361102033744e-09,1.2357758825716672,0.05,0.0
ANs,2026-06-19 03:00:00,2.8238074983484105,0.034448772246567,1.353411725612192e-09,1.146366118864096,0.0,0.0
ANs,2026-06-19 04:00:00,3.7177026628050758,0.0346970799580963,1.365314304460759e-09,1.2561972953701033,0.0,0.0
ANs,2026-06-19 05:00:00,4.234934557486385,0.0345293549487008,1.3584616036531276e-09,1.1658559258866998,0.0,0.0
ANs,2026-06-19 06:00:00,4.703945493778789,0.0394149059630532,1.5516005614413576e-09,1.1941755930103135,0.0,0.0
ANs,2026-06-19 07:00:00,8.426063769197729,0.0451451490580007,1.777108508869894e-09,1.3322240397932146,0.0,0.0
ANs,2026-06-19 08:00:00,5.603029576849758,0.037311877453107045,1.466844638536955e-09,1.2093349680623222,0.0,0.0
ANs,2026-06-19 09:00:00,11.15227434303315,0.0544418807621887,2.139987791111743e-09,1.553269498230087,0.0,0.0
ANs,2026-06-19 10:00:00,14.557215751468313,0.06523129398955904,2.5591486148903596e-09,1.6853329498318668,0.0,0.0
ANs,2026-06-19 11:00:00,11.190869166945312,0.05570454141074615,2.1836589642611227e-09,1.5938676954318296,0.0,0.0
ANs,2026-06-19 12:00:00,10.88025385152068,0.0528925338603933,2.068423595459357e-09,1.515261653525941,0.0,0.0
ANs,2026-06-19 13:00:00,6.677230844158663,0.040353660499756,1.5770920317207895e-09,1.3534499641972195,0.0,0.0
ANs,2026-06-19 14:00:00,8.138031965740655,0.0450949064739368,1.7623192081717867e-09,1.3582191308074645,0.0,0.0
ANs,2026-06-19 15:00:00,9.59523585554615,0.0496495510381703,1.9407297644158863e-09,1.4728433873787543,0.0,0.0
ANs,2026-06-19 16:00:00,8.49888055021074,0.04593693885049305,1.794872497994858e-09,1.3466422582222595,0.0,0.0
ANs,2026-06-19 17:00:00,6.3395450089079395,0.03868316962555965,1.5117721552434999e-09,1.269591272475877,0.0,0.0
ANs,2026-06-19 18:00:00,5.436994974083068,0.0370821759676513,1.4504963656570194e-09,1.252523265474037,0.0,0.0
ANs,2026-06-19 19:00:00,4.474106322219978,0.03553011556520725,1.3897904088690563e-09,1.2276492878959844,0.0,0.0
ANs,2026-06-19 20:00:00,6.353279978296191,0.04085186983377035,1.5963038413974076e-09,1.3118547024187701,0.0,0.0
ANs,2026-06-19 21:00:00,7.844077648859134,0.0428649176830542,1.682656943201706e-09,1.4364223585589937,0.0,0.0
ANs,2026-06-19 22:00:00,1.8943175721081387,0.0320586985073439,1.2573234084942925e-09,1.0650994471860409,0.13333333333333333,0.0
ANs,2026-06-19 23:00:00,2.4485187439654306,0.032270769317985296,1.2645114913350112e-09,1.244766650628018,0.016666666666666666,0.0
ANs,2026-06-20 00:00:00,1.9076300534171664,0.0325635264427267,1.2743879171948262e-09,1.237976407385792,0.1694915254237288,0.0
ANs,2026-06-20 01:00:00,6.815446899639324,0.0404426908321207,1.5803861460171013e-09,1.3965105786725889,0.0,0.0
ANs,2026-06-20 02:00:00,7.2894120805889475,0.0434699390358448,1.6954634298606652e-09,1.3470102945810587,0.0,0.0
ANs,2026-06-20 03:00:00,0.7649641609349439,0.0300824803936289,1.17010791852591e-09,1.0414057379847184,0.9661016949152542,0.0
ANs,2026-06-20 04:00:00,0.5476059927865671,0.0299910921898996,1.1641696069291907e-09,1.0334621796114631,1.0,0.0
ANs,2026-06-20 05:00:00,0.7639250888767581,0.029162635945351602,1.1310304128556615e-09,1.043903059454542,1.0,0.0
ANs,2026-06-20 06:00:00,0.9759092327955122,0.0306408238684259,1.1890819148104641e-09,1.0543331624109815,0.9830508474576272,0.0
ANs,2026-06-20 07:00:00,1.168251521143208,0.03002800015508535,1.1675743235165827e-09,1.1086095758111907,0.95,0.0
ANs,2026-06-20 08:00:00,1.4646932330473925,0.0297263170719466,1.155978870562695e-09,1.1003997517086272,0.36666666666666664,0.0
ANs,2026-06-20 09:00:00,1.347524812706248,0.03136196371547695,1.2215999216366511e-09,1.1246696136148988,0.3793103448275862,0.0
ANs,2026-06-20 10:00:00,0.9194786235703252,0.0309501036253837,1.2055225274874328e-09,1.1121809541657057,0.8666666666666667,0.0
ANs,2026-06-20 11:00:00,0.7793142327255452,0.03042090073235635,1.185776517132443e-09,1.0350088106952122,1.0,0.0
ANs,2026-06-20 12:00:00,0.7156754922413586,0.03040935968124005,1.1831965450445336e-09,1.0622335452898657,1.0,0.0
ANs,2026-06-20 13:00:00,0.7096149655972239,0.03173063539052895,1.2356843126274904e-09,1.0571145189598259,1.0,0.0
ANs,2026-06-20 14:00:00,0.7858022620802414,0.0308352816557023,1.2017082698814809e-09,1.079965599338378,0.9333333333333333,0.0
ANs,2026-06-20 15:00:00,0.8940534127774397,0.02962780601648125,1.1581092400510124e-09,1.082861164906876,0.9827586206896551,0.0
ANs,2026-06-20 16:00:00,0.8750099097242087,0.0299169224786211,1.1687920297548063e-09,1.0753224743585952,1.0,0.0
ANs,2026-06-20 17:00:00,0.8084589633037992,0.0297438321916532,1.164427174521853e-09,1.066381653786427,1.0,0.0
ANs,2026-06-20 18:00:00,0.7793840157834213,0.03063581578434625,1.1924152099598005e-09,1.1025404671303316,0.9310344827586207,0.0
ANs,2026-06-20 19:00:00,0.527776828204607,0.0306408080886051,1.18307645555774e-09,1.0293993695350596,1.0,0.0
ANs,2026-06-20 20:00:00,0.4984024906932314,0.0296344883009032,1.1434817280110394e-09,1.0515687949603312,0.9830508474576272,0.0
ANs,2026-06-20 21:00:00,0.5034867422129765,0.0293271888829736,1.1328305959784188e-09,1.0015863508551952,0.603448275862069,0.0
ANs,2026-06-20 22:00:00,0.6358273754826809,0.0302344150000027,1.167613780649511e-09,1.0235536946558743,0.9491525423728814,0.0
ANs,2026-06-20 23:00:00,0.6473152320809019,0.0297280232227447,1.1479210499798063e-09,1.048529065375195,1.0,0.0
ANs,2026-06-21 00:00:00,0.5307527073290081,0.030186300723345,1.1657218855027914e-09,1.0491525253223983,1.0,0.0
ANs,2026-06-21 01:00:00,0.3580603368884011,0.02963320505097105,1.1442958696168672e-09,1.0413578851874985,1.0,0.0
ANs,2026-06-21 02:00:00,0.36876425477124336,0.02945878023200145,1.138693920507319e-09,1.0180738322173801,1.0,0.0
ANs,2026-06-21 03:00:00,0.3513387179993714,0.0291708522799517,1.126129329621589e-09,1.0518246079848972,1.0,0.0
ANs,2026-06-21 04:00:00,0.28295743631132736,0.03053428280634215,1.1828435777886218e-09,1.0390016346321476,1.0,0.0
ANs,2026-06-21 05:00:00,0.5060514650916962,0.029516172354617,1.1433717723463807e-09,1.028035892887599,1.0,0.0
ANs,2026-06-21 06:00:00,0.842902249483758,0.0311952512493233,1.2099133120127536e-09,1.1385876815702929,0.574468085106383,0.0
ANs,2026-06-21 07:00:00,0.7079368737231311,0.0323516800898922,1.255274008357021e-09,1.1270523537772577,1.0,0.0
ANs,2026-06-21 08:00:00,0.9522132992968796,0.03162823955487035,1.2325952134955737e-09,1.114684763830586,0.9,0.0
ANs,2026-06-21 09:00:00,0.7098323226656853,0.0305037760375004,1.1885614248985264e-09,1.0670381736528771,1.0,0.0
ANs,2026-06-21 10:00:00,0.6538947224117589,0.031970834372094,1.2487856840038374e-09,1.138132591506447,0.95,0.0
ANs,2026-06-21 11:00:00,0.6286262387064903,0.0310744878270305,1.221965835056471e-09,1.0764453370602527,0.85,0.0
ANs,2026-06-21 12:00:00,0.8308342881496384,0.0311477462929314,1.224579721996161e-09,1.0413478346874856,0.3728813559322034,0.0
ANs,2026-06-21 13:00:00,0.7678626004101337,0.0306024844354197,1.1976388103347533e-09,1.0268257221867372,0.9666666666666667,0.0
ANs,2026-06-21 14:00:00,0.7066513302390787,0.03169888606894595,1.2423361631481952e-09,1.0670131421327138,0.8666666666666667,0.0
ANs,2026-06-21 15:00:00,1.0514708537996562,0.0295906375764508,1.1633534290722461e-09,1.039309092462091,0.6949152542372882,0.0
ANs,2026-06-21 16:00:00,0.8928234255245118,0.03010890373028375,1.1797521825243765e-09,1.0798235670679563,0.8666666666666667,0.0
ANs,2026-06-21 17:00:00,2.1668852350657257,0.0326330802004676,1.279400849712486e-09,1.1034824569280537,0.016666666666666666,0.0
ANs,2026-06-21 18:00:00,3.406800450129662,0.0331864576371406,1.290610098960024e-09,1.074768938897721,0.0,0.0
ANs,2026-06-21 19:00:00,2.9702665464483977,0.03388882958623145,1.3132733567910606e-09,1.0945240784753487,0.0,0.0
ANs,2026-06-21 20:00:00,1.695878585548415,0.03282716894117185,1.2730907613250646e-09,1.1044827627525386,0.06666666666666667,0.0
ANs,2026-06-21 21:00:00,1.9907172299285747,0.033370553507138745,1.2947172549348667e-09,1.107513150676069,0.034482758620689655,0.0
ANs,2026-06-21 22:00:00,2.280081754810629,0.03323464449711385,1.2899597108816446e-09,1.1186201533384486,0.016666666666666666,0.0
ANs,2026-06-21 23:00:00,1.7631791494530042,0.03318033892908505,1.2863877213570937e-09,1.1256662226911935,0.35,0.0
ANs,2026-06-22 00:00:00,1.6766899235761563,0.0322034760260946,1.2501147593587035e-09,1.102606848644291,0.3220338983050847,0.0
ANs,2026-06-22 01:00:00,1.4069087505868367,0.03327090325576565,1.289206041629239e-09,1.0524750175630537,0.6666666666666666,0.0
ANs,2026-06-22 02:00:00,1.79067007110039,0.03459548716329485,1.3410663976454964e-09,1.037701591752382,0.21666666666666667,0.0
ANs,2026-06-22 03:00:00,3.2722719681854024,0.0355576408239313,1.3780653246204134e-09,1.1038815115710725,0.01694915254237288,0.0
ANs,2026-06-22 04:00:00,4.234335376229346,0.0355493862120476,1.3775024055046793e-09,1.1722486938284007,0.0,0.0
ANs,2026-06-22 05:00:00,3.2420700088894616,0.035569699137132954,1.3772939712947498e-09,1.1232852806744547,0.016666666666666666,0.0
ANs,2026-06-22 06:00:00,4.752118522072048,0.0367724337542831,1.4251052215901599e-09,1.187904911619345,0.01694915254237288,0.0
ANs,2026-06-22 07:00:00,3.835122010212691,0.0358977015461452,1.3926530605871023e-09,1.084281220503314,0.016666666666666666,0.0
ANs,2026-06-22 08:00:00,3.950816591281481,0.035519210320112696,1.378283946164246e-09,1.079123704239621,0.016666666666666666,0.0
ANs,2026-06-22 09:00:00,2.138878507019331,0.0329363182406515,1.287171068014809e-09,1.1526679080310258,0.06779661016949153,0.0
ANs,2026-06-22 10:00:00,1.7534201046232492,0.0320261764928636,1.2572909265887813e-09,1.0939234306827625,0.016666666666666666,0.0
ANs,2026-06-22 11:00:00,1.799525299052672,0.0310010076704196,1.2131337786757982e-09,1.093914630641247,0.016666666666666666,0.0
ANs,2026-06-22 12:00:00,1.9625399163774,0.0315848627637553,1.2312230922342663e-09,1.099743184259305,0.0847457627118644,0.0
ANs,2026-06-22 13:00:00,2.719900347027809,0.03369811467422895,1.313225132835674e-09,1.1528617251883635,0.016666666666666666,0.0
ANs,2026-06-22 14:00:00,4.125609106044912,0.0353945724995882,1.3782775168656659e-09,1.225822317457534,0.016666666666666666,0.0
ANs,2026-06-22 15:00:00,5.780199512018555,0.0400749310612451,1.562887927195125e-09,1.3687268757083164,0.01694915254237288,0.0
ANs,2026-06-22 16:00:00,8.548781273694521,0.04484908662517925,1.748046134841113e-09,1.29906473474675,0.016666666666666666,0.0
ANs,2026-06-22 17:00:00,13.480970194796669,0.0592323926042788,2.307995247625926e-09,1.5214063926319676,0.016666666666666666,0.0
ANs,2026-06-22 18:00:00,12.364239545625436,0.056060685277239106,2.1833598560016554e-09,1.519954285303528,0.0,0.0
ANs,2026-06-22 19:00:00,8.932507177254555,0.04554657514454345,1.7754193712860154e-09,1.4116404669230553,0.016666666666666666,0.0
ANs,2026-06-22 20:00:00,7.217731747018459,0.0414195287229464,1.6139670334469925e-09,1.2171202272839003,0.016666666666666666,0.0
ANs,2026-06-22 21:00:00,4.466081580271412,0.03549075124786565,1.3844560526480169e-09,1.1370164381820156,0.0,0.0
ANs,2026-06-22 22:00:00,3.8746031493762905,0.034354460165587755,1.3387674855114067e-09,1.1131089520263258,0.016666666666666666,0.0
ANs,2026-06-22 23:00:00,3.2432008511816024,0.0345228593800717,1.3460105777015363e-09,1.1476004031826506,0.016666666666666666,0.0
ANs,2026-06-23 00:00:00,2.4358996587795487,0.0314855130458574,1.227142868561114e-09,1.1235805716561043,0.1206896551724138,0.0
ANs,2026-06-23 01:00:00,2.811566896926005,0.0319085153037484,1.242304716534999e-09,1.0527137024383364,0.0,0.0
ANs,2026-06-23 02:00:00,2.934123730459362,0.0319217656665176,1.2491830978100732e-09,1.082561921120384,0.0,0.0
ANs,2026-06-23 03:00:00,3.2943349700395674,0.033353336464115896,1.3069613016633595e-09,1.139127239826088,0.0,0.0
ANs,2026-06-23 04:00:00,2.6951982505918,0.0319035754396007,1.2464088236271683e-09,1.0905006635159975,0.0,0.0
ANs,2026-06-23 05:00:00,3.008032577034129,0.0316197936024815,1.231797134649296e-09,1.0954184870157293,0.0,0.0
ANs,2026-06-23 06:00:00,3.5896467103255487,0.032500086512964946,1.2660725975943792e-09,1.1457394537214003,0.0,0.0
ANs,2026-06-23 07:00:00,3.3828292434651424,0.0334672426226461,1.3050396958345252e-09,1.1288849732169386,0.0,0.0
ANs,2026-06-23 08:00:00,2.978116000860697,0.03251472398277915,1.2704254167895356e-09,1.0886408823615081,0.016666666666666666,0.0
ANs,2026-06-23 09:00:00,2.136775190514303,0.0324468673349388,1.2728092056827567e-09,1.097272768811822,0.01694915254237288,0.0
ANs,2026-06-23 10:00:00,2.1150129799948942,0.03237138702860935,1.2639430993971818e-09,1.1300205383158113,0.03333333333333333,0.0
ANs,2026-06-23 11:00:00,2.2017529314828694,0.031895211608364754,1.2457558999782766e-09,1.0455901026382917,0.016666666666666666,0.0
ANs,2026-06-23 12:00:00,1.896113058102216,0.032439392870042,1.265271367423181e-09,1.0264891464497707,0.0847457627118644,0.0
ANs,2026-06-23 13:00:00,1.7007575097054874,0.0325566377450288,1.2668980374527087e-09,1.0342182703902494,0.1,0.0
ANs,2026-06-23 14:00:00,2.212229674807339,0.034372167968958894,1.3352927057218183e-09,1.0872166515713615,0.03333333333333333,0.0
ANs,2026-06-23 15:00:00,2.1738084229645875,0.0337989835897011,1.3132532658519815e-09,1.077483635098777,0.1016949152542373,0.0
ANs,2026-06-23 16:00:00,1.7170539545841366,0.033231001498886054,1.2929390589579088e-09,1.105558732657969,0.2833333333333333,0.0
ANs,2026-06-23 17:00:00,1.9820582352006797,0.0337498632431725,1.3293200648529222e-09,1.225024496309248,0.17543859649122806,0.0
ANs,2026-06-23 18:00:00,2.4644187907940287,0.0339131224037138,1.3206075748835248e-09,1.0882705035424096,0.0,0.0
ANs,2026-06-23 19:00:00,1.9965470250018482,0.03370920644231535,1.3094155970373125e-09,1.0605042783281116,0.03333333333333333,0.0
ANs,2026-06-23 20:00:00,1.5511631123861978,0.032020562736027,1.242295758564844e-09,1.0207565170644075,0.423728813559322,0.0
ANs,2026-06-23 21:00:00,1.2449016023767883,0.0326596141099559,1.2671690630893773e-09,1.0456899329784721,0.8666666666666667,0.0
ANs,2026-06-23 22:00:00,1.0741249525242562,0.0323554495926944,1.2557963956644609e-09,1.0500244675790524,0.9666666666666667,0.0
ANs,2026-06-23 23:00:00,0.986594665162249,0.0319563337123604,1.2418372464600534e-09,1.060709279924231,1.0,0.0
ANs,2026-06-24 00:00:00,0.7143780638653092,0.031627591834602606,1.2272166285946287e-09,1.0296787896607245,1.0,0.0
ANs,2026-06-24 01:00:00,0.5653948192184348,0.0322755619164058,1.2530451304313535e-09,1.0290688383210829,1.0,0.0
ANs,2026-06-24 02:00:00,0.5062405381712136,0.0318329201331922,1.2368479096087702e-09,1.0340174898969718,1.0,0.0
ANs,2026-06-24 03:00:00,0.49064598485389077,0.031461627981136095,1.2190589734371157e-09,1.0133655221235536,1.0,0.0
ANs,2026-06-24 04:00:00,0.6768936546388831,0.0315371166376961,1.2222849955911885e-09,1.0093801319131916,1.0,0.0
ANs,2026-06-24 05:00:00,1.0208109947310535,0.032200489941689,1.248367590427663e-09,1.0713488746735262,0.9491525423728814,0.0
ANs,2026-06-24 06:00:00,1.5102284949696942,0.0319132439458502,1.2373793830105787e-09,1.05234454071571,0.6833333333333333,0.0
ANs,2026-06-24 07:00:00,2.005435569080384,0.033000166208806206,1.2798586183597594e-09,0.9999767524241561,0.08333333333333333,0.0
ANs,2026-06-24 08:00:00,1.7374943740155602,0.0325684175992079,1.2633905286055716e-09,1.0308118594908142,0.3389830508474576,0.0
ANs,2026-06-24 09:00:00,1.1479449755918265,0.0313407961180068,1.2202949544063138e-09,1.0545312311692818,0.7666666666666667,0.0
ANs,2026-06-24 10:00:00,1.2789810423371832,0.0318696807914282,1.2484530416989596e-09,1.0994499100158888,0.5333333333333333,0.0
ANs,2026-06-24 11:00:00,1.7396259147842394,0.0317079119195472,1.235087120257663e-09,1.0864326173130316,0.1016949152542373,0.0
ANs,2026-06-24 12:00:00,1.6790653648240244,0.03158635163917725,1.2292682180797353e-09,1.0760214589912303,0.23333333333333334,0.0
ANs,2026-06-24 13:00:00,1.7190489968912943,0.0329084311325332,1.2797859078882794e-09,1.146372150839632,0.15,0.0
ANs,2026-06-24 14:00:00,1.6520978617222386,0.0326283126101918,1.270928093267474e-09,1.092075374395056,0.4067796610169492,0.0
ANs,2026-06-24 15:00:00,2.0642138317743384,0.03264205453720645,1.2753230985514312e-09,1.0726099727235079,0.016666666666666666,0.0
ANs,2026-06-24 16:00:00,2.255766372993661,0.0333766051663646,1.3043557530464788e-09,1.0398770471184857,0.016666666666666666,0.0
ANs,2026-06-24 17:00:00,2.371720271971905,0.0319172101365745,1.2430299210799747e-09,1.0965759002099624,0.06779661016949153,0.0
ANs,2026-06-24 18:00:00,1.7667628144761396,0.031752098491904246,1.2281217885996358e-09,1.1115001143217402,0.016666666666666666,0.0
ANs,2026-06-24 19:00:00,1.6620545358880725,0.03086658863306755,1.1965488650801637e-09,1.0693872233072863,0.03333333333333333,0.0
ANs,2026-06-24 20:00:00,1.592504591745653,0.0315712329841453,1.2263355387098002e-09,1.0511661717162288,0.01694915254237288,0.0
ANs,2026-06-24 21:00:00,1.266359107377664,0.032727724458249355,1.2725582179153882e-09,1.090789684678692,0.6666666666666666,0.0
ANs,2026-06-24 22:00:00,1.3175174348519172,0.03168572091082095,1.23250963259357e-09,1.0583563741442776,0.6166666666666667,0.0
ANs,2026-06-24 23:00:00,1.1184965204692636,0.0324168043696517,1.2605317177598156e-09,1.0517750984668397,0.7758620689655172,0.0
ANs,2026-06-25 00:00:00,1.2215595725167918,0.03320265388721361,1.290087861402485e-09,1.055896227148009,0.7166666666666667,0.0
ANs,2026-06-25 01:00:00,0.7325685345958559,0.03103372918026915,1.2045224100541033e-09,1.060899149828284,1.0,0.0
ANs,2026-06-25 02:00:00,0.6517536744100536,0.0314106393204296,1.219758652434323e-09,1.0303471895748753,1.0,0.0
ANs,2026-06-25 03:00:00,0.7986453423730779,0.03100493286500875,1.2008052064650396e-09,0.9886188405825711,0.9666666666666667,0.0
ANs,2026-06-25 04:00:00,0.9169042355142247,0.03187845302211895,1.235665106667512e-09,1.036501666459992,0.75,0.0
ANs,2026-06-25 05:00:00,2.95487612730691,0.033912066419526654,1.3146048439662748e-09,1.079609424389452,0.0,0.0
ANs,2026-06-25 06:00:00,3.674599909471805,0.0359525491414566,1.3949493770443962e-09,1.1717969883355577,0.016666666666666666,0.0
ANs,2026-06-25 07:00:00,4.367781929324114,0.0365085248044641,1.4183555614132028e-09,1.1436247212612063,0.016666666666666666,0.0
ANs,2026-06-25 08:00:00,2.8752399941643314,0.03336413518222065,1.2952057601335209e-09,1.1119653310470288,0.0,0.0
ANs,2026-06-25 09:00:00,2.9816151617486604,0.035567103423191596,1.3871084443149896e-09,1.1581404930103425,0.016666666666666666,0.0
ANs,2026-06-25 10:00:00,2.5847869563919135,0.03284982816589175,1.2824617388498958e-09,1.117195675138125,0.11666666666666667,0.0
ANs,2026-06-25 11:00:00,1.0509333704803616,0.03160092248987005,1.2291696823526464e-09,1.0913344283190998,0.7068965517241379,0.0
ANs,2026-06-25 12:00:00,0.8769321550829762,0.0301565351826633,1.177967533699773e-09,1.014891891673391,0.847457627118644,0.0
ANs,2026-06-25 13:00:00,0.8591875680516736,0.0296825927487942,1.154862405333968e-09,1.052692647622126,1.0,0.0
ANs,2026-06-25 14:00:00,0.76252237501461,0.030449777355163,1.1815161638107093e-09,1.0833187375465,0.9482758620689655,0.0
ANs,2026-06-25 15:00:00,0.8763371817972964,0.030373379269637,1.178594660191902e-09,1.0218293005808112,0.9152542372881356,0.0
ANs,2026-06-25 16:00:00,1.2029224582149074,0.0314470713824524,1.2207894271207061e-09,1.0967989649819023,0.7288135593220338,0.0
ANs,2026-06-25 17:00:00,1.8160777601711926,0.03199396114211045,1.2444853394355812e-09,1.1463230518257819,0.017241379310344827,0.0
ANs,2026-06-25 18:00:00,2.371138221870249,0.0322656522994859,1.2563679989719963e-09,1.1094073570615777,0.0,0.0
ANs,2026-06-25 19:00:00,1.5608084063437841,0.03297492037413015,1.2917612347868138e-09,1.1306214673416635,0.016666666666666666,0.0
ANs,2026-06-25 20:00:00,1.4466791611498169,0.0318441625599729,1.2435952254662847e-09,1.0678942553055566,0.22033898305084745,0.0
ANs,2026-06-25 21:00:00,2.5575962431525583,0.0335629611888247,1.3107447747497384e-09,1.1465411118355817,0.016666666666666666,0.0
ANs,2026-06-25 22:00:00,4.215250136476254,0.03670206274255535,1.4322381682708516e-09,1.2658997451217853,0.0,0.0
ANs,2026-06-25 23:00:00,2.3250710298982797,0.0321625387588001,1.2556385179766948e-09,1.176401028851136,0.01694915254237288,0.0
ANs,2026-06-26 00:00:00,2.578302560143829,0.032943325813765745,1.2859755263019107e-09,1.144183781148008,0.0,0.0
ANs,2026-06-26 01:00:00,1.5317509387886443,0.0316793312153847,1.2374324879065832e-09,1.0729066288604212,0.03333333333333333,0.0
ANs,2026-06-26 02:00:00,1.370611292202245,0.0306336559784077,1.195561326420481e-09,1.0461740861607258,0.1694915254237288,0.0
ANs,2026-06-26 03:00:00,1.8037460143678241,0.0324430307526966,1.2668564587648416e-09,1.050345380002212,0.1,0.0
ANs,2026-06-26 04:00:00,1.7874297632428515,0.0308417358652323,1.204827299123796e-09,1.0560158477691959,0.08333333333333333,0.0
ANs,2026-06-26 05:00:00,1.8946484310900884,0.0307030535759589,1.2027322258912895e-09,1.1080202614745254,0.06779661016949153,0.0
ANs,2026-06-26 06:00:00,2.6169308540961307,0.0321218005498473,1.2564244192571777e-09,1.096797132736108,0.0,0.0
ANs,2026-06-26 07:00:00,2.029263708736398,0.03227059434055795,1.2607053961407525e-09,1.0433272631337092,0.0,0.0
ANs,2026-06-26 08:00:00,1.647747048637367,0.029559424032153,1.1505102803774671e-09,1.0662810987438924,0.3050847457627119,0.0
ANs,2026-06-26 09:00:00,1.1888374257246386,0.03195819255496145,1.24668457579772e-09,1.0766304717975768,0.65,0.0
ANs,2026-06-26 10:00:00,2.0270655806966467,0.0329026968147008,1.2918542146705279e-09,1.1744008584803898,0.0,0.0
ANs,2026-06-26 11:00:00,2.848792345913808,0.0318758312832008,1.2575542648366342e-09,1.0907276203881489,0.0,0.0
ANs,2026-06-26 12:00:00,3.7461365403394558,0.03191063731564815,1.2547608472020444e-09,1.1495793110827224,0.16666666666666666,0.0
ANs,2026-06-26 13:00:00,1.7756421674291794,0.03156080794057575,1.2336552868230933e-09,1.1035957544045552,0.03333333333333333,0.0
ANs,2026-06-26 14:00:00,1.1330571419509972,0.029765192404505,1.164036619593094e-09,1.067926256690951,0.23728813559322035,0.0
ANs,2026-06-26 15:00:00,2.8607564803243988,0.0323846646742752,1.27168953404404e-09,1.1140669860570056,0.0,0.0
ANs,2026-06-26 16:00:00,3.074567935290032,0.03252585161628255,1.2798999420902679e-09,1.1323602486424784,0.0,0.0
ANs,2026-06-26 17:00:00,4.065703891967594,0.0349087609060935,1.3720964150844701e-09,1.190455129839525,0.0,0.0
ANs,2026-06-26 18:00:00,4.279579752933738,0.0355355114143066,1.39780790291254e-09,1.2885553929384408,0.0,0.0
ANs,2026-06-26 19:00:00,2.9015070420059192,0.0324679590224331,1.2753006038212912e-09,1.1740760054773185,0.0,0.0
ANs,2026-06-26 20:00:00,3.5466144521817875,0.0327628850530419,1.286086019080605e-09,1.109254283689408,0.0,0.0
ANs,2026-06-26 21:00:00,2.6095422098628425,0.03288041853735645,1.287262775803228e-09,1.1341260451187045,0.0,0.0
ANs,2026-06-26 22:00:00,3.372241438632072,0.034038477647666696,1.3318962414710904e-09,1.2213513873170077,0.0,0.0
ANs,2026-06-26 23:00:00,1.5395795757487691,0.0318781783770937,1.2475818518743515e-09,1.0720352915211584,0.01694915254237288,0.0
ANs,2026-06-27 00:00:00,1.425652624255564,0.0310411935791337,1.2140142686714896e-09,1.0514037473310478,0.016666666666666666,0.0
ANs,2026-06-27 01:00:00,1.669380686955213,0.0326350892726677,1.2785135006699723e-09,1.0781402710958763,0.016666666666666666,0.0
ANs,2026-06-27 02:00:00,1.5941488918694022,0.0316613992842858,1.2418482947852186e-09,1.155702379764152,0.11864406779661017,0.0
ANs,2026-06-27 03:00:00,2.4470292646045717,0.0320964624518761,1.2571437410116468e-09,1.1904964053174563,0.016666666666666666,0.0
ANs,2026-06-27 04:00:00,2.905785169442777,0.0320278473984707,1.25587085181588e-09,1.1556459991339445,0.0,0.0
ANs,2026-06-27 05:00:00,4.363268811249209,0.0357271946725514,1.401537058973338e-09,1.239251943521412,0.01694915254237288,0.0
ANs,2026-06-27 06:00:00,4.990700985453728,0.03693984370814555,1.4509287372143078e-09,1.343473471651263,0.0,0.0
ANs,2026-06-27 07:00:00,4.03267517531461,0.03613561321527705,1.4185429321569048e-09,1.2423725085450963,0.016666666666666666,0.0
ANs,2026-06-27 08:00:00,3.488611975972499,0.0336970048579268,1.3210299465657983e-09,1.1343463843441428,0.01694915254237288,0.0
ANs,2026-06-27 09:00:00,2.5448084720385165,0.03297135680228245,1.288389387067202e-09,1.0843576104084978,0.016666666666666666,0.0
ANs,2026-06-27 10:00:00,2.5203304388994536,0.03213463934432735,1.2566109934410804e-09,1.1465131033230462,0.016666666666666666,0.0
ANs,2026-06-27 11:00:00,2.0838432820911037,0.0312870049013542,1.2263185212155136e-09,1.1159484593120623,0.01694915254237288,0.0
ANs,2026-06-27 12:00:00,1.918175270973471,0.0307308642638536,1.1996500031040822e-09,1.088552879956017,0.016666666666666666,0.0
ANs,2026-06-27 13:00:00,4.1398002000452205,0.03399122756060085,1.3313446594580777e-09,1.162680412848998,0.016666666666666666,0.0
ANs,2026-06-27 14:00:00,3.340353974032972,0.0323759828101877,1.273702311609581e-09,1.1924173887386489,0.01694915254237288,0.0
ANs,2026-06-27 15:00:00,4.1522024585986115,0.03551124546095355,1.398456392413593e-09,1.1635511723568206,0.016666666666666666,0.0
ANs,2026-06-27 16:00:00,2.855812648261098,0.03335140710076935,1.3110516154276236e-09,1.1264483588373913,0.016666666666666666,0.0
ANs,2026-06-27 17:00:00,1.606613258277478,0.03178208839697145,1.248112066595131e-09,1.150191018145038,0.0,0.0
ANs,2026-06-27 18:00:00,1.7581119803514262,0.03177360961551755,1.2507062740545044e-09,1.1346308854910399,0.016666666666666666,0.0
ANs,2026-06-27 19:00:00,1.7748492963751064,0.03045617424423385,1.1960708619231032e-09,1.1160572345722644,0.016666666666666666,0.0
ANs,2026-06-27 20:00:00,1.9577555698924511,0.0305186446700135,1.1975543375998318e-09,1.0673543246413237,0.0,0.0
ANs,2026-06-27 21:00:00,1.4342557557712219,0.03178437897830405,1.2502379365631228e-09,1.0572982411752088,0.016666666666666666,0.0
ANs,2026-06-27 22:00:00,1.266906139583841,0.030402985958241202,1.1986362730382235e-09,1.0756456273242239,0.08333333333333333,0.0
ANs,2026-06-27 23:00:00,1.2682294920691084,0.030640438063384498,1.209605482528423e-09,1.0964997053009617,0.22413793103448276,0.0
ANs,2026-06-28 00:00:00,1.26730733489198,0.03007431892618725,1.187163186061547e-09,1.0870707538057787,0.18333333333333332,0.0
ANs,2026-06-28 01:00:00,1.189784814625034,0.0293155677903013,1.1572847930012462e-09,1.0619455388596284,0.06779661016949153,0.0
ANs,2026-06-28 02:00:00,1.2686931467943388,0.02952164919509555,1.1648318525930642e-09,1.0192880260415054,0.017241379310344827,0.0
ANs,2026-06-28 03:00:00,1.4822193366848442,0.0306997796221835,1.2119852317179639e-09,1.0960301338881775,0.0,0.0
ANs,2026-06-28 04:00:00,1.3764644098345085,0.0302396661039821,1.1939530380393446e-09,1.09110910596027,0.0,0.0
ANs,2026-06-28 05:00:00,1.4026534792811438,0.03112792517894975,1.2283044244699145e-09,1.0555390646074692,0.034482758620689655,0.0
ANs,2026-06-28 06:00:00,1.1181644790137637,0.0301129366012898,1.1898717516702175e-09,1.0322833388474382,0.2711864406779661,0.0
ANs,2026-06-28 07:00:00,0.996791838884626,0.0296241585800524,1.1681330140102547e-09,1.0736234521505663,0.8305084745762712,0.0
ANs,2026-06-28 08:00:00,1.5131715122793454,0.02998753632725345,1.1785406310595957e-09,1.0967609662238331,0.41379310344827586,0.0
ANs,2026-06-28 09:00:00,1.054726137911409,0.029227483511381852,1.1478061125824755e-09,1.0705677949869987,0.7833333333333333,0.0
ANs,2026-06-28 10:00:00,1.0106560093153596,0.03055652843100675,1.198710604391241e-09,1.0975553806855967,0.8666666666666667,0.0
ANs,2026-06-28 11:00:00,1.2434596870559165,0.031350683304357,1.2274374311168698e-09,1.0524655039440245,1.0,0.0
ANs,2026-06-28 12:00:00,1.1015111031168772,0.030765876497002298,1.2110833450023461e-09,1.0377774716962627,0.9833333333333333,0.0
ANs,2026-06-28 13:00:00,1.1823170297701475,0.03045303272419975,1.1994064549171518e-09,1.040115551651953,0.9833333333333333,0.0
ANs,2026-06-28 14:00:00,1.233578972730954,0.030301850623676,1.1913790607068455e-09,1.1209410272016689,0.4406779661016949,0.0
ANs,2026-06-28 15:00:00,1.4669981733792343,0.030099014619504552,1.1836634239309949e-09,1.0710165663864424,0.03333333333333333,0.0
ANs,2026-06-28 16:00:00,0.9509951076402345,0.03040475151816345,1.196675728760027e-09,1.0734889562410181,0.6833333333333333,0.0
ANs,2026-06-28 17:00:00,1.2533042688533935,0.0307436889866618,1.2120702187520422e-09,1.1400864685639085,0.4745762711864407,0.0
ANs,2026-06-28 18:00:00,1.2443892144203281,0.0308725970082285,1.2185251726885733e-09,1.1116283214807674,0.5166666666666667,0.0
ANs,2026-06-28 19:00:00,1.0048932598002294,0.029788499789190848,1.1748710853852522e-09,1.0750844748961081,0.7166666666666667,0.0
ANs,2026-06-28 20:00:00,1.0778124011889076,0.0304729577306456,1.2004660087860216e-09,1.069790423067539,0.1694915254237288,0.0
ANs,2026-06-28 21:00:00,0.9938722436732363,0.03093322194120315,1.2222133494964206e-09,1.0672824129171512,0.5,0.0
ANs,2026-06-28 22:00:00,1.0107309817554624,0.03055602469396295,1.20755388531373e-09,1.1127963593557002,0.9,0.0
ANs,2026-06-28 23:00:00,0.9895734203277222,0.0288286765466855,1.137560783701119e-09,1.0931373279082883,0.8813559322033898,0.0
ANs,2026-06-29 00:00:00,1.3437209787935265,0.0302635367554006,1.195941223326989e-09,1.0742636413404316,0.3050847457627119,0.0
ANs,2026-06-29 01:00:00,1.3786021226603677,0.03029466714684055,1.1959293171801461e-09,1.0959338428558865,0.03333333333333333,0.0
ANs,2026-06-29 02:00:00,1.5449671509182252,0.0301675018484611,1.1933218912494227e-09,1.151693954675898,0.01694915254237288,0.0
ANs,2026-06-29 03:00:00,1.8595878565195623,0.02989001574181195,1.1829494261832899e-09,1.142380807431646,0.0,0.0
ANs,2026-06-29 04:00:00,2.355144238297064,0.031980379341083554,1.265224726357019e-09,1.161690584437392,0.0,0.0
ANs,2026-06-29 05:00:00,2.622896044026242,0.0311145848905875,1.2315372546339843e-09,1.137114790029516,0.0,0.0
ANs,2026-06-29 06:00:00,2.2125860679825045,0.032849409757536,1.3016653355114347e-09,1.177681624161944,0.0,0.0
ANs,2026-06-29 07:00:00,2.8289995845620926,0.0328372231657785,1.3005105902631915e-09,1.1395163442938945,0.0,0.0
ANs,2026-06-29 08:00:00,2.49708496239893,0.0328676406369388,1.301610811382508e-09,1.1788161037562557,0.01694915254237288,0.0
ANs,2026-06-29 09:00:00,3.313723818422102,0.0332614328967577,1.3106717195125617e-09,1.1297892959116211,0.0,0.0
ANs,2026-06-29 10:00:00,7.113269431313428,0.0429878456285656,1.6891325746005569e-09,1.3366934616567492,0.0,0.0
ANs,2026-06-29 11:00:00,4.739569236522575,0.0370025922306583,1.4536522406218352e-09,1.3388023677768994,0.0,0.0
ANs,2026-06-29 12:00:00,4.613009428219489,0.0373353056656294,1.4711956303653862e-09,1.1925407429130122,0.0,0.0
ANs,2026-06-29 13:00:00,4.692466367012592,0.0365504554158931,1.4368955123586111e-09,1.1221042601832307,0.0,0.0
ANs,2026-06-29 14:00:00,2.8130730012110035,0.0321039208015694,1.2651040190882696e-09,1.1686602701298048,0.01694915254237288,0.0
ANs,2026-06-29 15:00:00,2.2353985511754626,0.033004008070070354,1.3025165930434734e-09,1.0762490982913504,0.0,0.0
ANs,2026-06-29 16:00:00,2.0012562177290825,0.03331631542157165,1.3142490184821332e-09,1.0950307426574508,0.016666666666666666,0.0
ANs,2026-06-29 17:00:00,2.003078742851426,0.0313605404856508,1.240632226036693e-09,1.09238468652679,0.01694915254237288,0.0
ANs,2026-06-29 18:00:00,1.55455271170701,0.032156150898431046,1.2764585934152545e-09,1.1277348035286292,0.38333333333333336,0.0
ANs,2026-06-29 19:00:00,1.3319951931337881,0.0313016188356933,1.2386624374548648e-09,1.1014236249032585,0.03333333333333333,0.0
ANs,2026-06-29 20:00:00,1.5098407926776438,0.03068928765947,1.213799200833967e-09,1.0518297598900153,0.01694915254237288,0.0
ANs,2026-06-29 21:00:00,1.5954295338172888,0.03062557991177265,1.2113320785093915e-09,1.0743251471946973,0.016666666666666666,0.0
ANs,2026-06-29 22:00:00,2.147782722960228,0.03176698798656685,1.2561443552475063e-09,1.1643949178572575,0.016666666666666666,0.0
ANs,2026-06-29 23:00:00,1.728401723392542,0.0310348462460175,1.2299326353504156e-09,1.0601954005032015,0.01694915254237288,0.0
ANs,2026-06-30 00:00:00,1.308160027114392,0.0309610518928181,1.2232113911540102e-09,1.0964612868302175,0.11666666666666667,0.0
ANs,2026-06-30 01:00:00,1.698251471942558,0.03064963220623785,1.2095253050131157e-09,1.1252965420110908,0.08333333333333333,0.0
ANs,2026-06-30 02:00:00,2.349142515682744,0.0329516168365217,1.300160223767315e-09,1.12636772841145,0.01694915254237288,0.0
ANs,2026-06-30 03:00:00,3.099544326905445,0.032425027194660894,1.2800831876806099e-09,1.1087904211325115,0.016666666666666666,0.0
ANs,2026-06-30 04:00:00,2.5854638633015776,0.032883165433521544,1.2997301194843833e-09,1.1660319949885976,0.016666666666666666,0.0
ANs,2026-06-30 05:00:00,2.5197891864665083,0.0334670481689967,1.3236685280216387e-09,1.1252401634271136,0.01694915254237288,0.0
ANs,2026-06-30 06:00:00,4.520038070264905,0.035550952177828096,1.4047641365193938e-09,1.184830977793697,0.016666666666666666,0.0
ANs,2026-06-30 07:00:00,7.265438910059865,0.04244728405218945,1.6747473635086686e-09,1.3855744273258375,0.016666666666666666,0.0
ANs,2026-06-30 08:00:00,6.244278120835821,0.0394438881213816,1.5567044451873985e-09,1.2720895561703436,0.0,0.0
ANs,2026-06-30 09:00:00,7.819623753063602,0.044742826356166554,1.7631044203818432e-09,1.4276125810244287,0.016666666666666666,0.0
ANs,2026-06-30 10:00:00,4.712588268612051,0.037510197787063,1.476911464887224e-09,1.24567492888414,0.016666666666666666,0.0
ANs,2026-06-30 11:00:00,1.8235049657912623,0.0319437914480393,1.2590606275359378e-09,1.0737311105508178,0.0,0.0
ANs,2026-06-30 12:00:00,1.6414282426423705,0.0310697491386026,1.22349906867962e-09,1.0880013920202294,0.25,0.0
ANs,2026-06-30 13:00:00,1.0335640029764859,0.030817336523318847,1.2107243997497947e-09,1.0868336424430054,0.6666666666666666,0.0
ANs,2026-06-30 14:00:00,0.7763932938091305,0.03038283868402415,1.2008882940174392e-09,1.0772544510825655,0.6724137931034483,0.0
ANs,2026-06-30 15:00:00,0.9618223478717454,0.0300792355580614,1.1906164797147726e-09,1.076957852512611,0.288135593220339,0.0
ANs,2026-06-30 16:00:00,1.02405652704078,0.0294553546920448,1.162285232341286e-09,1.0745838085816688,0.559322033898305,0.0
ANs,2026-06-30 17:00:00,1.441828046308132,0.030168828782952,1.190521133015686e-09,1.1430536764008414,0.06896551724137931,0.0
ANs,2026-06-30 18:00:00,1.259763365871833,0.0302505468123108,1.1951756761913178e-09,1.0902231089992491,0.06779661016949153,0.0
ANs,2026-06-30 19:00:00,1.2847927122448144,0.0307884070322459,1.2194238468768842e-09,1.101061595017309,0.01694915254237288,0.0
ANs,2026-06-30 20:00:00,2.033293087938986,0.0318041311367844,1.258818472855992e-09,1.1506867650422237,0.0,0.0
ANs,2026-06-30 21:00:00,5.15081023091811,0.0379111406105589,1.5002312450550943e-09,1.2387333196329706,0.0,0.0
ANs,2026-06-30 22:00:00,4.76782591779931,0.0367647473939639,1.455461243381273e-09,1.224787971301006,0.0,0.0
ANs,2026-06-30 23:00:00,5.217833851976811,0.03766802275404875,1.4911955920107834e-09,1.2295674788331596,0.0,0.0
ANs,2026-07-01 00:00:00,,,,,,
ANs,2026-07-01 01:00:00,,,,,,
ANs,2026-07-01 02:00:00,,,,,,
ANs,2026-07-01 03:00:00,,,,,,
ANs,2026-07-01 04:00:00,,,,,,
ANs,2026-07-01 05:00:00,,,,,,
ANs,2026-07-01 06:00:00,,,,,,
ANs,2026-07-01 07:00:00,,,,,,
ANs,2026-07-01 08:00:00,,,,,,
ANs,2026-07-01 09:00:00,3.0284237121940123,0.0322909607948866,1.271823811823487e-09,1.132353682633494,0.0,0.0
ANs,2026-07-01 10:00:00,3.068401890764045,0.0328888013281008,1.2932878828228166e-09,1.1725654545542983,0.0,0.0
ANs,2026-07-01 11:00:00,3.460599054190112,0.0337130940738323,1.3251837820158642e-09,1.2293572716836194,0.0,0.0
ANs,2026-07-01 12:00:00,3.079151400354871,0.033173264611873,1.3024802733624236e-09,1.1663741751599934,0.0,0.0
ANs,2026-07-01 13:00:00,4.03674627130022,0.03486939215502035,1.3669562156328554e-09,1.178959793097884,0.0,0.0
ANs,2026-07-01 14:00:00,3.4235078530153835,0.03329602918481775,1.3018607228272084e-09,1.228855592735063,0.06666666666666667,0.0
ANs,2026-07-01 15:00:00,1.7296650931642703,0.0323443313013745,1.26713465124897e-09,1.160111778730836,0.1694915254237288,0.0
ANs,2026-07-01 16:00:00,3.672809226521927,0.0349484415294931,1.3716668797342046e-09,1.237975954000952,0.0,0.0
ANs,2026-07-01 17:00:00,2.765133160780533,0.0339918977083641,1.330889505560902e-09,1.1880483173317296,0.0,0.0
ANs,2026-07-01 18:00:00,4.02413386577034,0.035378909276124346,1.385685333736827e-09,1.251872746252355,0.0,0.0
ANs,2026-07-01 19:00:00,5.106417053090174,0.0374123473871459,1.4614975581907766e-09,1.2812920600924196,0.0,0.0
ANs,2026-07-01 20:00:00,2.4833698646835596,0.03251443521710745,1.2726733160021803e-09,1.1241796977029617,0.0,0.0
ANs,2026-07-01 21:00:00,2.654522737754953,0.03171628700003475,1.241665543676977e-09,1.1576212986149064,0.0,0.0
ANs,2026-07-01 22:00:00,1.2283109700971535,0.0297117520383044,1.163607492952051e-09,1.069559175898591,0.7457627118644068,0.0
ANs,2026-07-01 23:00:00,1.1569535405839848,0.03209519931568745,1.2569159291560964e-09,1.069348800335336,0.75,0.0
ANs,2026-07-02 00:00:00,2.18518798666141,0.031553204553409056,1.2361137345349727e-09,1.1070766122213556,0.0,0.0
ANs,2026-07-02 01:00:00,2.284663888717676,0.0326744415809155,1.2799469853018676e-09,1.080927075011877,0.01694915254237288,0.0
ANs,2026-07-02 02:00:00,2.3652099608413772,0.033983307903169155,1.3319482687256827e-09,1.159076494379094,0.016666666666666666,0.0
ANs,2026-07-02 03:00:00,1.7749011125893634,0.031849832652130455,1.2472531467458187e-09,1.098030159517832,0.05,0.0
ANs,2026-07-02 04:00:00,1.6027442385055892,0.0303953196600859,1.191644326397339e-09,1.0854476536317654,0.05084745762711865,0.0
ANs,2026-07-02 05:00:00,1.964788319562624,0.03120954323186325,1.2242478153419954e-09,1.103887575591075,0.0,0.0
ANs,2026-07-02 06:00:00,2.6114789580489512,0.0327616515954817,1.2844185611186309e-09,1.1580660124083644,0.0,0.0
ANs,2026-07-02 07:00:00,2.7804796271245045,0.032916634475796,1.2916800341639846e-09,1.169703625994293,0.01694915254237288,0.0
ANs,2026-07-02 08:00:00,2.55325705139982,0.0318761275022861,1.250068616786158e-09,1.0532937990901314,0.11666666666666667,0.0
ANs,2026-07-02 09:00:00,2.2390881335933095,0.03326080161978935,1.3030810432918373e-09,1.019827306233768,0.13333333333333333,0.0
ANs,2026-07-02 10:00:00,3.1580701945300955,0.0341859314556894,1.343327200162459e-09,1.147072436966852,0.01694915254237288,0.0
ANs,2026-07-02 11:00:00,4.073901728907403,0.036017833202340296,1.414239844745993e-09,1.128141592207411,0.016666666666666666,0.0
ANs,2026-07-02 12:00:00,5.145323435754938,0.03819779793422905,1.498031822198393e-09,1.2458506352940577,0.0,0.0
ANs,2026-07-02 13:00:00,2.974409302310088,0.0350518923125656,1.3727836013085751e-09,1.169743480696433,0.01694915254237288,0.0
ANs,2026-07-02 14:00:00,1.8189418039456968,0.031039710509950053,1.2202049839193756e-09,1.094215006957624,0.16666666666666666,0.0
ANs,2026-07-02 15:00:00,1.3319211148901111,0.030753923700643802,1.2084974952103175e-09,1.0487412916627195,0.18333333333333332,0.0
ANs,2026-07-02 16:00:00,1.0400111932270832,0.0305713627893052,1.198658666575607e-09,1.0849089784406252,0.7457627118644068,0.0
ANs,2026-07-02 17:00:00,1.0104846368872908,0.03045407794671595,1.195519277539268e-09,1.0461724279810298,0.8333333333333334,0.0
ANs,2026-07-02 18:00:00,1.1605617890347735,0.0301481330156361,1.1863917266253977e-09,1.0684557977419191,0.6666666666666666,0.0
ANs,2026-07-02 19:00:00,1.150540014506742,0.0308545176384641,1.2071041147855966e-09,1.145331915540589,0.9322033898305084,0.0
ANs,2026-07-02 20:00:00,1.0978383269687875,0.0323009756292513,1.2648483965871807e-09,1.0661199149351803,1.0,0.0
ANs,2026-07-02 21:00:00,2.61336371466915,0.03536389681434725,1.383675188999182e-09,1.1277289526431518,0.2833333333333333,0.0
ANs,2026-07-02 22:00:00,3.097140310806828,0.0354092799389058,1.386583857393383e-09,1.215102493843471,0.01694915254237288,0.0
ANs,2026-07-02 23:00:00,3.018749084296029,0.033344773229143004,1.3044711469369292e-09,1.1107832701944553,0.016666666666666666,0.0
ANs,2026-07-03 00:00:00,2.3049012898851586,0.032994907401820456,1.2918649238006578e-09,1.0787734799739015,0.016666666666666666,0.0
ANs,2026-07-03 01:00:00,1.7218277529522616,0.0334666071940157,1.3109705464002283e-09,1.0791125527030063,0.423728813559322,0.0
ANs,2026-07-03 02:00:00,1.2624996764674066,0.032735473461390246,1.2812042719188364e-09,1.1097775700457726,0.6833333333333333,0.0
ANs,2026-07-03 03:00:00,1.4900658782072698,0.033043733986138496,1.2931876667101144e-09,1.1102524600456414,0.5666666666666667,0.0
ANs,2026-07-03 04:00:00,1.097728263401304,0.0318066793968902,1.2451586805314633e-09,1.1092370958047826,1.0,0.0
ANs,2026-07-03 05:00:00,1.343239634304688,0.033639485035088096,1.3162810969798104e-09,1.075629533365198,0.7,0.0
ANs,2026-07-03 06:00:00,5.201210061256607,0.0391156792312854,1.5310745543473281e-09,1.2277142435914716,0.016666666666666666,0.0
ANs,2026-07-03 07:00:00,5.076719670618331,0.0381280881543899,1.4918912200141485e-09,1.2842550864161932,0.0,0.0
ANs,2026-07-03 08:00:00,3.5384502609136916,0.03477632535254,1.357116075593711e-09,1.1508282682945437,0.016666666666666666,0.0
ANs,2026-07-03 09:00:00,3.544252970215986,0.0357288659519272,1.3940164901043108e-09,1.1692569401991113,0.03333333333333333,0.0
ANs,2026-07-03 10:00:00,1.001579247369948,0.032113987808510505,1.2626241471071997e-09,1.1209041393326418,0.6379310344827587,0.0
ANs,2026-07-03 11:00:00,0.6419836484275128,0.03170005279417,1.2428330989528895e-09,1.1052105285405922,1.0,0.0
ANs,2026-07-03 12:00:00,0.7608065079595049,0.0314528975721201,1.230449366110906e-09,1.027034179803537,0.9491525423728814,0.0
ANs,2026-07-03 13:00:00,1.241359413576319,0.0323408534956203,1.2689439323166083e-09,1.1224928862214805,0.8103448275862069,0.0
ANs,2026-07-03 14:00:00,1.1213115516093612,0.0300736947346542,1.1810260137643472e-09,1.1187229249001287,0.8813559322033898,0.0
ANs,2026-07-03 15:00:00,1.423827321352925,0.0313914387146772,1.2333381814646992e-09,1.120029041465423,0.22033898305084745,0.0
ANs,2026-07-03 16:00:00,1.5003021072920815,0.03078746276716235,1.209177908811335e-09,1.0648365485545574,0.0,0.0
ANs,2026-07-03 17:00:00,1.4815297334925317,0.0317218647361576,1.2458081385454315e-09,1.0600161856768475,0.0,0.0
ANs,2026-07-03 18:00:00,1.2485845179867456,0.03108876391047,1.2218736615714023e-09,1.1315766873410524,0.26666666666666666,0.0
ANs,2026-07-03 19:00:00,1.0719017945425386,0.0327410604306857,1.2831927539422986e-09,1.1477097178667564,0.5084745762711864,0.0
ANs,2026-07-03 20:00:00,1.8924182578428779,0.0320751790631805,1.2561639783837657e-09,1.0929961097016263,0.21666666666666667,0.0
ANs,2026-07-03 21:00:00,2.558874611402203,0.0320163927635818,1.2535821064656792e-09,1.0876641442365833,0.016666666666666666,0.0
ANs,2026-07-03 22:00:00,2.20065334817517,0.0340101430238664,1.3301104247763074e-09,1.1342259480835515,0.2413793103448276,0.0
ANs,2026-07-03 23:00:00,1.0887395381543594,0.0309839999736724,1.2143413300098425e-09,1.091678438132455,0.8833333333333333,0.0
ANs,2026-07-04 00:00:00,2.820967362360987,0.032633132826269604,1.2784217592796032e-09,1.135303220967756,0.06666666666666667,0.0
ANs,2026-07-04 01:00:00,2.2272563744752825,0.0327770036037009,1.2809357826134008e-09,1.0984230792327556,0.01694915254237288,0.0
ANs,2026-07-04 02:00:00,1.8441818361292386,0.03113995866142575,1.216930414529753e-09,1.0988470635874277,0.16666666666666666,0.0
ANs,2026-07-04 03:00:00,1.888925202319534,0.0312447148745277,1.2216188769779264e-09,1.0807228443000487,0.2,0.0
ANs,2026-07-04 04:00:00,0.7839105595505265,0.0307856974247734,1.2025302328651855e-09,1.049340069824139,0.7966101694915254,0.0
ANs,2026-07-04 05:00:00,0.6339661053802104,0.0307974006964058,1.2018465314168342e-09,1.048182116668537,1.0,0.0
ANs,2026-07-04 06:00:00,0.9500526178491686,0.031329792711763796,1.2235760327524914e-09,1.1131059691205225,0.9166666666666666,0.0
ANs,2026-07-04 07:00:00,1.2106527744367035,0.0314989383101256,1.230841874436994e-09,1.1007304291159756,0.8983050847457628,0.0
ANs,2026-07-04 08:00:00,2.0089059414833725,0.03205767812319975,1.2530028742102855e-09,1.0612794450700822,0.18333333333333332,0.0
ANs,2026-07-04 09:00:00,5.8926267875948355,0.03996399988883815,1.5628488678942905e-09,1.32165476483862,0.0,0.0
ANs,2026-07-04 10:00:00,7.837945373837447,0.0453369519749214,1.7653604543278627e-09,1.3430779397304773,0.0,0.0
ANs,2026-07-04 11:00:00,5.696163595759651,0.037596426774237954,1.467001515396403e-09,1.25730358544698,0.0,0.0
ANs,2026-07-04 12:00:00,8.13548959638987,0.04516823607784025,1.762929305175227e-09,1.3863078995774405,0.0,0.0
ANs,2026-07-04 13:00:00,5.2724253998935495,0.0374940541562175,1.4624543626465915e-09,1.284971948858332,0.0,0.0
ANs,2026-07-04 14:00:00,0.7438238436520409,0.03205848412097475,1.2544567957788757e-09,1.0278547363752013,0.5,0.0
ANs,2026-07-04 15:00:00,0.5933057141868097,0.03154794646023805,1.241754801406782e-09,1.0247854756300558,0.6166666666666667,0.0
ANs,2026-07-04 16:00:00,0.5444339989416859,0.0307120930064356,1.207469034696528e-09,1.029846255573742,0.9491525423728814,0.0
ANs,2026-07-04 17:00:00,0.7194744541579658,0.0303019658675958,1.190644821243598e-09,1.0062994252288595,0.95,0.0
ANs,2026-07-04 18:00:00,0.6024211980858953,0.03077155375522795,1.2078344128526384e-09,1.029548234711151,1.0,0.0
ANs,2026-07-04 19:00:00,0.6111826484215148,0.0302163366567593,1.1828989593226752e-09,1.0310124685105335,0.9661016949152542,0.0
ANs,2026-07-04 20:00:00,0.514394945846457,0.029736018416882698,1.1673769166587153e-09,0.970686219277566,1.0,0.0
ANs,2026-07-04 21:00:00,0.6411047307656832,0.03105984888042685,1.2175702576396706e-09,1.0595339623968605,1.0,0.0
ANs,2026-07-04 22:00:00,1.001959940531738,0.0310071911822304,1.2160450428395688e-09,1.0958286555735166,0.7288135593220338,0.0
ANs,2026-07-04 23:00:00,0.8322825969171888,0.03052925212487065,1.1978174711771185e-09,1.0829742649843062,0.7166666666666667,0.0
ANs,2026-07-05 00:00:00,0.7916751549777838,0.029817752794744398,1.1702886053831695e-09,1.000057071055605,0.9333333333333333,0.0
ANs,2026-07-05 01:00:00,0.7487931065755311,0.0299870456735982,1.1744299521902647e-09,1.0181602658686963,1.0,0.0
ANs,2026-07-05 02:00:00,0.765272705437158,0.0305539919988536,1.1976867662996147e-09,1.0573825436564261,0.8666666666666667,0.0
ANs,2026-07-05 03:00:00,0.36450222768147233,0.03028937109221405,1.1871511057307606e-09,1.02502779298674,1.0,0.0
ANs,2026-07-05 04:00:00,0.577443811672154,0.0296012277357761,1.1600103068464427e-09,1.0489230851991251,1.0,0.0
ANs,2026-07-05 05:00:00,0.8835152799999927,0.0304842195810493,1.195803855266768e-09,1.0990962682831982,1.0,0.0
ANs,2026-07-05 06:00:00,1.4400612861024102,0.0295116239346015,1.1569400451322646e-09,1.091317649808393,0.4,0.0
ANs,2026-07-05 07:00:00,1.7266392366964007,0.0303343706799113,1.1900969924883283e-09,1.1132967839734007,0.05084745762711865,0.0
ANs,2026-07-05 08:00:00,1.2425188551256108,0.030552786132230753,1.1986426267142221e-09,1.0330636529314887,0.35,0.0
ANs,2026-07-05 09:00:00,0.9225541914948114,0.0305429534341498,1.1964859546656337e-09,1.0715758469579262,0.9166666666666666,0.0
ANs,2026-07-05 10:00:00,1.0796034397533385,0.03037206784589,1.189866681783819e-09,1.081792281025679,0.576271186440678,0.0
ANs,2026-07-05 11:00:00,1.055584816896451,0.02994442365664475,1.1698621772510748e-09,1.0817417299852687,0.7833333333333333,0.0
ANs,2026-07-05 12:00:00,1.0080033369417145,0.0302810858745345,1.1798980628691174e-09,1.081507768765944,1.0,0.0
ANs,2026-07-05 13:00:00,0.8369794816716188,0.0303629363618338,1.1890595207589264e-09,1.0843408156193757,1.0,0.0
ANs,2026-07-05 14:00:00,0.6596260186791587,0.031381621269032,1.230136560097243e-09,1.0861457799375258,1.0,0.0
ANs,2026-07-05 15:00:00,0.6337194458416313,0.031005017589284048,1.2120151114062743e-09,1.013854378178175,0.9666666666666667,0.0
ANs,2026-07-05 16:00:00,0.761236771257187,0.030927086812264748,1.210903292696279e-09,1.007743914833099,0.7068965517241379,0.0
ANs,2026-07-05 17:00:00,1.147135155277397,0.03057521551044545,1.1939203583191052e-09,1.0649959314256092,0.31666666666666665,0.0
ANs,2026-07-05 18:00:00,0.9728738622515853,0.0304135369456166,1.1880434410796556e-09,1.1082874705250023,0.6833333333333333,0.0
ANs,2026-07-05 19:00:00,1.4742330945685884,0.031256617456368,1.222105708171029e-09,1.0603481902527556,0.3620689655172414,0.0
ANs,2026-07-05 20:00:00,1.0988620078569682,0.03129649629892725,1.2242875064945978e-09,1.065888346979691,0.9833333333333333,0.0
ANs,2026-07-05 21:00:00,1.0578653111422356,0.0301247695051526,1.177138551850895e-09,1.1065191457292167,1.0,0.0
ANs,2026-07-05 22:00:00,0.9977886228780253,0.03138042416571695,1.2271001647402891e-09,1.1006132305760454,1.0,0.0
ANs,2026-07-05 23:00:00,1.044613535949912,0.03093472932931265,1.210844717048884e-09,1.140649945591191,1.0,0.0
ANs,2026-07-06 00:00:00,0.8264779452131616,0.0294200957232934,1.150830295682054e-09,1.0192517254827405,1.0,0.0
ANs,2026-07-06 01:00:00,0.8443699466413421,0.0293862762221073,1.1494997219132787e-09,1.053798897254772,1.0,0.0
ANs,2026-07-06 02:00:00,0.8450276233449919,0.0290788156258535,1.1374638454538614e-09,1.0393281560716687,0.9152542372881356,0.0
ANs,2026-07-06 03:00:00,0.7861217664458899,0.0298785343992114,1.1668392979200383e-09,1.0822462604569916,0.864406779661017,0.0
ANs,2026-07-06 04:00:00,1.038136019032624,0.03033178447912455,1.1866833931329777e-09,1.096145463199973,0.9310344827586207,0.0
ANs,2026-07-06 05:00:00,1.4432636405196904,0.0319856488955562,1.251816824912919e-09,1.1608322544625846,0.4915254237288136,0.0
ANs,2026-07-06 06:00:00,1.479476474694962,0.0317080475307502,1.240364565380522e-09,1.138010050926104,0.5932203389830508,0.0
ANs,2026-07-06 07:00:00,1.9202923177774955,0.03185299590314335,1.2473424607065294e-09,1.1320801360330595,0.0,0.0
ANs,2026-07-06 08:00:00,1.1505346984259883,0.0305962081695297,1.1970879518837676e-09,1.0385699056093856,0.7833333333333333,0.0
ANs,2026-07-06 09:00:00,0.728943490623005,0.0313464726280286,1.2238335944764907e-09,1.1073649235905552,0.9,0.0
ANs,2026-07-06 10:00:00,2.676463213383632,0.0325720712557997,1.286942446627856e-09,1.154944183181419,0.2711864406779661,0.0
ANs,2026-07-06 11:00:00,2.644331977076195,0.032003909615593254,1.2649403165108967e-09,1.1411191652357533,0.06666666666666667,0.0
ANs,2026-07-06 12:00:00,0.8063325863053405,0.0296596650442899,1.1702752137039005e-09,1.0562049071471664,0.9166666666666666,0.0
ANs,2026-07-06 13:00:00,0.7594072647090415,0.0304897697578768,1.1981733531489623e-09,1.1389209373522615,0.8135593220338984,0.0
ANs,2026-07-06 14:00:00,0.6214400940742497,0.0287872385037305,1.1284174082482564e-09,1.060413024198851,0.95,0.0
ANs,2026-07-06 15:00:00,0.688039162362061,0.029343014260479548,1.1497423204430518e-09,0.9963947713351233,0.9166666666666666,0.0
ANs,2026-07-06 16:00:00,0.7283102447043381,0.0298277685702873,1.16791249696631e-09,1.0171770232586816,1.0,0.0
ANs,2026-07-06 17:00:00,0.7383093040450164,0.03131880166892815,1.2265341517118978e-09,1.0835084968040358,0.8333333333333334,0.0
ANs,2026-07-06 18:00:00,0.8785304542661057,0.030647909256088998,1.202133927337296e-09,1.0128552723998987,0.55,0.0
ANs,2026-07-06 19:00:00,1.075829315483744,0.0300629438955251,1.179506585330614e-09,1.0370832719617822,0.864406779661017,0.0
ANs,2026-07-06 20:00:00,1.2546569720782959,0.03001761509490325,1.1796469046828928e-09,1.0173919602838057,0.43333333333333335,0.0
ANs,2026-07-06 21:00:00,1.0682012976665354,0.03004598504162655,1.1834620882232135e-09,1.043747917189204,0.4166666666666667,0.0
ANs,2026-07-06 22:00:00,1.0573037730026753,0.0290396103653839,1.1436691232288692e-09,1.0976379534983072,0.4067796610169492,0.0
ANs,2026-07-06 23:00:00,1.4590692442318725,0.030086301899661848,1.1848716670199049e-09,1.0878372261787947,0.0,0.0
ANs,2026-07-07 00:00:00,1.0010892834130178,0.02875946713081525,1.1325006007982179e-09,1.0240459007076028,0.45,0.0
ANs,2026-07-07 01:00:00,0.866607781377792,0.028756868095313,1.133213354674626e-09,1.0422677603746262,0.8305084745762712,0.0
ANs,2026-07-07 02:00:00,1.7328951871528513,0.030084986623239197,1.1854659269154335e-09,1.0373719157957488,0.03333333333333333,0.0
ANs,2026-07-07 03:00:00,1.042775046497027,0.0285319455820932,1.1243895958892415e-09,1.0612119578959698,0.6166666666666667,0.0
ANs,2026-07-07 04:00:00,0.8672379047358253,0.0284744900242332,1.1213948188798138e-09,1.0436125395511056,1.0,0.0
ANs,2026-07-07 05:00:00,2.734867569540583,0.031916813366534444,1.2554553041518683e-09,1.12750852093908,0.13333333333333333,0.0
ANs,2026-07-07 06:00:00,3.653130237568035,0.03345089716246185,1.3178360826778452e-09,1.2275549458113324,0.0,0.0
ANs,2026-07-07 07:00:00,5.048391003211481,0.0371738557020519,1.4664617484689241e-09,1.2864888079520036,0.0,0.0
ANs,2026-07-07 08:00:00,4.36238401747609,0.033532880522452305,1.3198414048397168e-09,1.2112717940258197,0.0,0.0
ANs,2026-07-07 09:00:00,7.179590002794775,0.0420614475433476,1.6518695746975574e-09,1.4432521343836566,0.0,0.0
ANs,2026-07-07 10:00:00,7.022075733769448,0.04079875361223945,1.6030803247666605e-09,1.4394496669996082,0.0,0.0
ANs,2026-07-07 11:00:00,5.80054463235699,0.03755261026950705,1.4775403103979e-09,1.3627676391909618,0.0,0.0
ANs,2026-07-07 12:00:00,2.370426997180859,0.0305076040134496,1.1940928895875735e-09,1.096028657650183,0.03389830508474576,0.0
ANs,2026-07-07 13:00:00,1.4935390269327566,0.03011992707917565,1.175909578762732e-09,1.008096709719938,0.06666666666666667,0.0
ANs,2026-07-07 14:00:00,0.7729250045903244,0.0289694933857636,1.1328661363057105e-09,1.0450705767277246,0.95,0.0
ANs,2026-07-07 15:00:00,0.9614613919658408,0.0303983193976339,1.1872849413603502e-09,1.062113406023491,0.6779661016949152,0.0
ANs,2026-07-07 16:00:00,2.1384026926804998,0.0314719791161669,1.2343395844830655e-09,1.0835666254202214,0.1,0.0
ANs,2026-07-07 17:00:00,4.140449649447226,0.03337689107786165,1.3076610103339367e-09,1.1296709758681425,0.0,0.0
ANs,2026-07-07 18:00:00,2.801369393379817,0.032007920947578,1.258362472027733e-09,1.106469382421435,0.0,0.0
ANs,2026-07-07 19:00:00,1.5231402730642656,0.0307057533360955,1.2081355702609302e-09,1.0994257204052125,0.016666666666666666,0.0
ANs,2026-07-07 20:00:00,1.1138839725390217,0.0302255883643718,1.1905294432230108e-09,1.0935598593097735,0.3333333333333333,0.0
ANs,2026-07-07 21:00:00,1.752921361721075,0.0312262918737032,1.2310619818639715e-09,1.0768826636910898,0.05084745762711865,0.0
ANs,2026-07-07 22:00:00,1.393901713787631,0.029268909761931902,1.1551897758616938e-09,1.0570437584224845,0.016666666666666666,0.0
ANs,2026-07-07 23:00:00,3.440132197780877,0.0330105458477333,1.30268233314039e-09,1.1637611664184462,0.0,0.0
ANs,2026-07-08 00:00:00,1.7340278448670252,0.030532682852554,1.204281879032566e-09,1.103106652692492,0.0,0.0
ANs,2026-07-08 01:00:00,2.1976602786861053,0.03159091720242285,1.2461072823798973e-09,1.0689754529630822,0.016666666666666666,0.0
ANs,2026-07-08 02:00:00,1.399713044129098,0.0296104301230913,1.166288105733686e-09,1.0771277511279287,0.11666666666666667,0.0
ANs,2026-07-08 03:00:00,1.445107869424495,0.0301238078119631,1.1887592937635987e-09,1.0409662777788211,0.01694915254237288,0.0
ANs,2026-07-08 04:00:00,1.1526685645053645,0.0297309005547082,1.1722206397701148e-09,1.0412731574122565,0.18333333333333332,0.0
ANs,2026-07-08 05:00:00,0.8299129246293515,0.02966109225998765,1.1695293956412127e-09,1.0588277337265923,0.8666666666666667,0.0
ANs,2026-07-08 06:00:00,1.588935851233137,0.0309111486810231,1.2198608225610096e-09,1.0489399545142686,0.06779661016949153,0.0
ANs,2026-07-08 07:00:00,1.4507390017577375,0.029854434071067,1.1771959354183795e-09,1.0583282958209337,0.13333333333333333,0.0
ANs,2026-07-08 08:00:00,1.195994743165041,0.03047055186976955,1.2006279773665716e-09,1.0644146500203155,0.5166666666666667,0.0
ANs,2026-07-08 09:00:00,0.7527432679132593,0.0369911083547326,1.4397766687367703e-09,1.0759536269784025,1.0,0.0
ANs,2026-07-08 10:00:00,0.7878447142603091,0.02941002330865835,1.148091913337501e-09,0.9825262432182416,0.9833333333333333,0.0
ANs,2026-07-08 11:00:00,0.7459843468786983,0.03020927671730415,1.1796435796774373e-09,0.9772496105924013,0.9333333333333333,0.0
ANs,2026-07-08 12:00:00,0.7404127804726812,0.0293346909927434,1.1444535072916643e-09,1.0241553919359734,0.9152542372881356,0.0
ANs,2026-07-08 13:00:00,0.7852030537071282,0.0314422294590506,1.2266415772967971e-09,1.018709154871238,1.0,0.0
ANs,2026-07-08 14:00:00,1.2574486072893614,0.0294943066119256,1.1521100980905302e-09,1.0398826825397416,0.38333333333333336,0.0
ANs,2026-07-08 15:00:00,1.144762694185578,0.0306093080255685,1.1991398130992791e-09,1.0298586625589148,0.559322033898305,0.0
ANs,2026-07-08 16:00:00,2.14674121229256,0.030046384532406697,1.1773354545972947e-09,1.0224394362159899,0.016666666666666666,0.0
ANs,2026-07-08 17:00:00,2.39082909653866,0.032256299690134604,1.2642646734757586e-09,1.142421994265506,0.018518518518518517,0.0
ANs,2026-07-08 18:00:00,1.7810755653729702,0.0306107686752994,1.195984376642091e-09,1.0848134106485017,0.0,0.0
ANs,2026-07-08 19:00:00,1.538060949764982,0.030242301315800198,1.1826211795367303e-09,1.063564584581624,0.03333333333333333,0.0
ANs,2026-07-08 20:00:00,1.3482108138938025,0.0298823381852041,1.169704779582332e-09,1.0476643612962049,0.05084745762711865,0.0
ANs,2026-07-08 21:00:00,0.9348603011163987,0.02938370577909475,1.1498175230412515e-09,1.0441053616466789,0.6,0.0
ANs,2026-07-08 22:00:00,0.8672394810740107,0.0295030975174145,1.153751033005616e-09,1.0320872742823852,0.8666666666666667,0.0
ANs,2026-07-08 23:00:00,0.5060587345742459,0.0296366187831909,1.1593489405653122e-09,1.0441140354296703,1.0,0.0
ANs,2026-07-09 00:00:00,0.6290397966831368,0.0296435624386956,1.1568566912238359e-09,1.0642732757312263,1.0,0.0
ANs,2026-07-09 01:00:00,0.6014468919782101,0.029393050985058053,1.1480459589050564e-09,1.0450909196151437,1.0,0.0
ANs,2026-07-09 02:00:00,0.4365724087462199,0.0295666478935272,1.1536932587203196e-09,1.0330679703002374,1.0,0.0
ANs,2026-07-09 03:00:00,0.49501104667508095,0.03057420283382995,1.196741712480764e-09,1.0241845661857294,1.0,0.0
ANs,2026-07-09 04:00:00,0.5301581003959135,0.0305017640011632,1.1929980142605972e-09,1.0366636799517353,1.0,0.0
ANs,2026-07-09 05:00:00,1.067808491363286,0.0309170039745391,1.209746813368425e-09,1.0359955812495427,0.559322033898305,0.0
ANs,2026-07-09 06:00:00,1.2771273075366554,0.031633750201464,1.2379906933667402e-09,1.0631014347051195,0.4,0.0
ANs,2026-07-09 07:00:00,1.162513115163287,0.03105485749583585,1.2164615411578804e-09,1.0490541229993182,0.6833333333333333,0.0
ANs,2026-07-09 08:00:00,1.4991831679122223,0.03137806341784835,1.2275457182502962e-09,1.1056783069569278,0.4107142857142857,0.0
ANs,2026-07-09 09:00:00,0.9118284400605392,0.030777523518105,1.1941839568797787e-09,1.103230510493282,0.4489795918367347,0.0
ANs,2026-07-09 10:00:00,0.8780702202492912,0.03081446417909075,1.1909216552884458e-09,1.0239415834808407,0.5833333333333334,0.0
ANs,2026-07-09 11:00:00,0.48905929271953064,0.0313573327955491,1.2108889076785574e-09,1.0538413093263834,1.0,0.0
ANs,2026-07-09 12:00:00,0.5897771143532965,0.0305492459125962,1.1822377166339494e-09,0.9984204004656544,1.0,0.0
ANs,2026-07-09 13:00:00,0.5257111868551014,0.0289860251770278,1.1174661226404291e-09,0.968368395054723,1.0,0.0
ANs,2026-07-09 14:00:00,0.6021653882209388,0.02924974637284265,1.1302853942658155e-09,1.0178752578158465,1.0,0.0
ANs,2026-07-09 15:00:00,0.706321559511325,0.029067882096507,1.1207137901458411e-09,1.010905188085449,0.9661016949152542,0.0
ANs,2026-07-09 16:00:00,1.057488974267268,0.029302204752664353,1.1326332894012437e-09,1.0391611156773424,0.9333333333333333,0.0
ANs,2026-07-09 17:00:00,0.7380789755543811,0.03094792393490135,1.1995980259206831e-09,1.0003623142362,0.95,0.0
ANs,2026-07-09 18:00:00,0.9241027900390628,0.0305048501375253,1.1854842497007567e-09,1.0620650997879002,0.6101694915254238,0.0
ANs,2026-07-09 19:00:00,0.8146797287859988,0.032178839545836946,1.2506075567153745e-09,1.0664759058071014,0.6666666666666666,0.0
ANs,2026-07-09 20:00:00,0.768546624728393,0.030708656315641798,1.2045751330743024e-09,1.062354526484759,0.6333333333333333,0.0
ANs,2026-07-09 21:00:00,1.546782233224265,0.0319133434049193,1.2533873482008726e-09,1.0529326811330169,0.5084745762711864,0.0
ANs,2026-07-09 22:00:00,3.245340194817799,0.03166590055763325,1.239370333924047e-09,1.206385512035415,0.0,0.0
ANs,2026-07-09 23:00:00,2.5429744404367405,0.032509591972407895,1.2711249579754736e-09,1.0978169363027934,0.016666666666666666,0.0
ANs,2026-07-10 00:00:00,2.5601729305943968,0.0318346131671617,1.24252629643862e-09,1.074875020397399,0.0,0.0
ANs,2026-07-10 01:00:00,2.2493460162695795,0.03126592185934695,1.2203837166894543e-09,1.049018244332721,0.016666666666666666,0.0
ANs,2026-07-10 02:00:00,2.537507523316241,0.0331729329000412,1.292544196264268e-09,1.094209869177667,0.0,0.0
ANs,2026-07-10 03:00:00,3.305669242367469,0.0325929588409537,1.2704338577624946e-09,1.0979580465013616,0.01694915254237288,0.0
ANs,2026-07-10 04:00:00,3.4924678604329005,0.03338716296765215,1.3025391887787704e-09,1.0564332023890584,0.0,0.0
ANs,2026-07-10 05:00:00,4.288042501793958,0.0352070791439706,1.3726613439504865e-09,1.1391250557103287,0.0,0.0
ANs,2026-07-10 06:00:00,5.246720204968315,0.0382293514661208,1.4917373946474115e-09,1.2286989094033307,0.01694915254237288,0.0
ANs,2026-07-10 07:00:00,6.242290107116007,0.04008146262025,1.5651485907873507e-09,1.266536679566185,0.0,0.0
ANs,2026-07-10 08:00:00,3.16636599282515,0.03485803774025525,1.3575730247492514e-09,1.0889391598736262,0.0,0.0
ANs,2026-07-10 09:00:00,2.1131747542386035,0.0340348033718613,1.3229523340965077e-09,1.0622890926577042,0.0,0.0
PNs,2026-05-18 11:00:00,0.44894630991682916,0.044187126452109746,1.0095777086203873e-09,1.1372143651409519,0.8888888888888888,0.0
PNs,2026-05-18 12:00:00,0.6212716217194445,0.0478963907678494,1.0890213745991082e-09,1.1357477794235504,0.9672131147540983,0.0
PNs,2026-05-18 13:00:00,0.8116006390207358,0.0402212822928329,9.270122660980226e-10,1.0008097266090135,0.8,0.0
PNs,2026-05-18 14:00:00,0.6754070014327889,0.041930440438904,9.577450455141696e-10,0.967666640215298,0.8983050847457628,0.0
PNs,2026-05-18 15:00:00,0.5601241516929588,0.04297124324290745,9.811988260341961e-10,0.9883171679125257,0.9333333333333333,0.0
PNs,2026-05-18 16:00:00,0.7343158039809551,0.0423460974777927,9.651089194912892e-10,0.9893067745471967,0.7833333333333333,0.0
PNs,2026-05-18 17:00:00,1.1602606632681107,0.0405421369323989,9.254023218307078e-10,1.0078454991245112,0.39655172413793105,0.0
PNs,2026-05-18 18:00:00,1.6632264672381014,0.04175444448470405,9.533441792654768e-10,1.0483442191326797,0.0,0.0
PNs,2026-05-18 19:00:00,1.675969658559264,0.04187621178719555,9.572328124430005e-10,1.03619272001066,0.016666666666666666,0.0
PNs,2026-05-18 20:00:00,0.926070286602226,0.0423394555342371,9.72564076569761e-10,0.9797464610292964,0.5932203389830508,0.0
PNs,2026-05-18 21:00:00,1.4706865356233796,0.04216750145800125,9.683925323896153e-10,0.9995751743840209,0.2833333333333333,0.0
PNs,2026-05-18 22:00:00,3.7115539570219633,0.04572703878125235,1.049591713161454e-09,1.0066954530054226,0.0,0.0
PNs,2026-05-18 23:00:00,3.060798815296657,0.0432015512530456,9.914980046209975e-10,0.98650281465907,0.01694915254237288,0.0
PNs,2026-05-19 00:00:00,2.6118142637575357,0.044048406900059345,1.011880266247583e-09,0.9677867109012652,0.0,0.0
PNs,2026-05-19 01:00:00,2.5649090380203954,0.04362068567691775,1.0005211086864626e-09,0.9797567112683612,0.016666666666666666,0.0
PNs,2026-05-19 02:00:00,2.190042100483231,0.0443389879196587,1.0177801582679935e-09,0.9665011788521491,0.01694915254237288,0.0
PNs,2026-05-19 03:00:00,1.7946076663186723,0.04373045265563135,1.0039628858401316e-09,0.993554069562164,0.016666666666666666,0.0
PNs,2026-05-19 04:00:00,1.989701564182428,0.04212577401186465,9.640175541490252e-10,1.018149321196432,0.016666666666666666,0.0
PNs,2026-05-19 05:00:00,2.785639937599305,0.0431466940975435,9.89993198439644e-10,1.0135934973579095,0.01694915254237288,0.0
PNs,2026-05-19 06:00:00,5.438148292583245,0.0449025673222541,1.0310288155586477e-09,0.9716203948967597,0.0,0.0
PNs,2026-05-19 07:00:00,7.330663004123121,0.0475099002843128,1.0898764898220944e-09,0.9287488490219278,0.0,0.0
PNs,2026-05-19 08:00:00,11.19783671889427,0.053934720335283,1.2366859547407408e-09,0.8495648125527411,0.0,0.0
PNs,2026-05-19 09:00:00,7.605485178584896,0.047129949181623554,1.0807220441773927e-09,0.9381923864292998,0.0,0.0
PNs,2026-05-19 10:00:00,6.208660666178107,0.05476260153764855,1.2564875297410594e-09,1.1620219626814803,0.0,0.0
PNs,2026-05-19 11:00:00,0.8149217148135591,0.0431729844473798,9.957716612113662e-10,1.0112629917989946,0.8305084745762712,0.0
PNs,2026-05-19 12:00:00,0.5596828816213085,0.04280719732047765,9.841899999968055e-10,0.9770187843962548,0.95,0.0
PNs,2026-05-19 13:00:00,0.4716226930377181,0.0443815861914148,1.026554533674678e-09,1.074101441130762,1.0,0.0
PNs,2026-05-19 14:00:00,0.7872015847655454,0.0434092682661703,9.95514274280391e-10,1.090022200283869,0.9491525423728814,0.0
PNs,2026-05-19 15:00:00,0.8566688646566358,0.0411899818331095,9.471323325094363e-10,1.0568990264950964,0.6666666666666666,0.0
PNs,2026-05-19 16:00:00,0.8264957010513154,0.041211840077525,9.440619121316436e-10,1.0844041150550414,0.8166666666666667,0.0
PNs,2026-05-19 17:00:00,1.062886457507466,0.0434264304338595,9.975815477913666e-10,1.0631553599816126,0.4745762711864407,0.0
PNs,2026-05-19 18:00:00,1.5214192885257063,0.043600612892805354,9.988737897900773e-10,1.0657002338520418,0.26666666666666666,0.0
PNs,2026-05-19 19:00:00,1.9054011102564106,0.04239395500526685,9.737096835082109e-10,1.0709910113782466,0.016666666666666666,0.0
PNs,2026-05-19 20:00:00,2.222090006340343,0.044392395488746045,1.0220145483822838e-09,1.0101576424008853,0.0,0.0
PNs,2026-05-19 21:00:00,6.502279173882808,0.048482100512594856,1.1171469997865794e-09,0.9568303955232503,0.016666666666666666,0.0
PNs,2026-05-19 22:00:00,7.553439898825378,0.049551509347107406,1.141276635568087e-09,0.9019387348569277,0.016666666666666666,0.0
PNs,2026-05-19 23:00:00,8.3272019964587,0.0483202247373761,1.1124645453520555e-09,0.8834029540074388,0.0,0.0
PNs,2026-05-20 00:00:00,3.880552900506885,0.0439048523449058,1.0101908188247808e-09,0.9562594665059239,0.016666666666666666,0.0
PNs,2026-05-20 01:00:00,1.6626674335250917,0.0433788256846889,9.965880134606228e-10,1.0135834669136465,0.016666666666666666,0.0
PNs,2026-05-20 02:00:00,0.6306400297332224,0.041999049242515046,9.599038031457198e-10,0.9983963425524458,0.9482758620689655,0.0
PNs,2026-05-20 03:00:00,0.5204657684814189,0.04185950587259115,9.64031572385135e-10,1.0211839592549694,1.0,0.0
PNs,2026-05-20 04:00:00,0.8760979199856471,0.0428867229160879,9.838566437188633e-10,0.9905259288519594,0.9,0.0
PNs,2026-05-20 05:00:00,0.9993124952908503,0.0404068810763929,9.268984681101861e-10,0.97066642383553,0.6896551724137931,0.0
PNs,2026-05-20 06:00:00,1.506763291610874,0.0424906280458634,9.76493715718733e-10,1.0317726025406797,0.0,0.0
PNs,2026-05-20 07:00:00,2.085011486032157,0.0424883492236834,9.785867954517146e-10,1.0345766118958828,0.0,0.0
PNs,2026-05-20 08:00:00,2.6537074787914747,0.042560338476455406,9.76626823453561e-10,0.996629226682599,0.0,0.0
PNs,2026-05-20 09:00:00,2.915122917483837,0.0452899213072008,1.0384786543152043e-09,1.0253495043226926,0.0,0.0
PNs,2026-05-20 10:00:00,3.5132620706742643,0.0433411230785556,9.94299315448876e-10,1.0166281123614735,0.0,0.0
PNs,2026-05-20 11:00:00,3.163264585145212,0.042216273388607145,9.677138658632274e-10,0.9898508141922229,0.0,0.0
PNs,2026-05-20 12:00:00,2.598356379936113,0.0404464757394648,9.245973695883511e-10,0.9681232815489726,0.0,0.0
PNs,2026-05-20 13:00:00,3.0675873675641627,0.043060438192255704,9.847830873313043e-10,1.0031064123954287,0.016666666666666666,0.0
PNs,2026-05-20 14:00:00,3.6381319316109257,0.0436023281097352,9.978426040166083e-10,0.993729174208022,0.01694915254237288,0.0
PNs,2026-05-20 15:00:00,5.090761931822147,0.0453326321980118,1.0366461199421956e-09,0.991251320746654,0.0,0.0
PNs,2026-05-20 16:00:00,5.090334344075739,0.04535516323831875,1.036746184734822e-09,0.9675261818696483,0.0,0.0
PNs,2026-05-20 17:00:00,5.50293222827981,0.0460369460041149,1.0516661352154983e-09,0.9374844418843216,0.0,0.0
PNs,2026-05-20 18:00:00,5.938718837372774,0.045459332075226705,1.0385558382102523e-09,0.9333767847794656,0.0,0.0
PNs,2026-05-20 19:00:00,4.974186510535899,0.0442891064802603,1.0124641988623257e-09,0.9696978523358988,0.0,0.0
PNs,2026-05-20 20:00:00,3.268829182487229,0.0437235525429091,1.000272887891958e-09,1.012949961991466,0.0,0.0
PNs,2026-05-20 21:00:00,3.482754983528831,0.04438611439620235,1.0143355583326073e-09,1.0000307805782764,0.0,0.0
PNs,2026-05-20 22:00:00,3.1454062053568475,0.044361140933520005,1.0137536067887884e-09,0.9874948202964751,0.0,0.0
PNs,2026-05-20 23:00:00,2.7559790025816477,0.0412113435374753,9.41227149685342e-10,0.9558336963864762,0.0,0.0
PNs,2026-05-21 00:00:00,2.2023335759481895,0.0415045864989184,9.483673655969819e-10,0.9919725918959303,0.0,0.0
PNs,2026-05-21 01:00:00,1.7200331539462472,0.0418989262638982,9.556310835860447e-10,1.0390724556372095,0.0,0.0
PNs,2026-05-21 02:00:00,1.952087148635596,0.0416680708511973,9.52403664217647e-10,1.0329794227019646,0.03389830508474576,0.0
PNs,2026-05-21 03:00:00,1.888550623448487,0.041614371406252196,9.495091473149967e-10,1.008826388712135,0.0,0.0
PNs,2026-05-21 04:00:00,2.335391080883068,0.0436717157583603,9.93679013062369e-10,1.0060825445521826,0.0,0.0
PNs,2026-05-21 05:00:00,1.9849277965587864,0.042320477075522,9.64672620120377e-10,1.0093678996557869,0.01694915254237288,0.0
PNs,2026-05-21 06:00:00,2.426417475670696,0.043222416820852,9.86061933887559e-10,0.9747004232784702,0.0,0.0
PNs,2026-05-21 07:00:00,3.9995530829312185,0.0459044710456609,1.0475145588833067e-09,0.9729454861250836,0.0,0.0
PNs,2026-05-21 08:00:00,2.8517994811552447,0.0436879571652987,9.973447796714054e-10,1.0358039745035357,0.03389830508474576,0.0
PNs,2026-05-21 09:00:00,0.6085215651487057,0.04140610226512035,9.432447572402565e-10,1.0149293859504196,0.9259259259259259,0.0
PNs,2026-05-21 10:00:00,0.6436187130692659,0.041084228709415,9.35965100990346e-10,1.0044581993598625,0.8666666666666667,0.0
PNs,2026-05-21 11:00:00,0.7597512375555566,0.042600702777245245,9.706933753721516e-10,1.0232263666581654,1.0,0.0
PNs,2026-05-21 12:00:00,0.8191600076873097,0.0424683932309387,9.652581813353406e-10,1.0168390137492835,0.847457627118644,0.0
PNs,2026-05-21 13:00:00,0.7662434215532187,0.04097602792608675,9.354339562792864e-10,1.0078469513509811,0.85,0.0
PNs,2026-05-21 14:00:00,0.811464055175576,0.0424578170994363,9.664356967875925e-10,1.010460023892188,0.85,0.0
PNs,2026-05-21 15:00:00,1.0377617500563854,0.0441351788399312,1.00360557377653e-09,1.0498111122619709,0.576271186440678,0.0
PNs,2026-05-21 16:00:00,1.0552334875949718,0.0426474393149167,9.717143361355018e-10,0.9960917944430455,0.4,0.0
PNs,2026-05-21 17:00:00,0.8651841066652296,0.04123635647393695,9.399325928101768e-10,0.9947016755182017,0.7166666666666667,0.0
PNs,2026-05-21 18:00:00,0.9991681232957464,0.0433883644177207,9.90538469290437e-10,1.0184704997803171,0.3389830508474576,0.0
PNs,2026-05-21 19:00:00,1.3341863744434268,0.0444751513726525,1.0175027425884502e-09,1.0507320104646565,0.48333333333333334,0.0
PNs,2026-05-21 20:00:00,1.0536069117436062,0.04074309548686175,9.3173774385435e-10,1.0044194543772877,0.7666666666666667,0.0
PNs,2026-05-21 21:00:00,0.9664376506536324,0.0415803611985901,9.488199353820671e-10,1.0147426221217846,0.7288135593220338,0.0
PNs,2026-05-21 22:00:00,1.8884191845830884,0.043254709765052746,9.896854575840161e-10,1.0012625863484417,0.016666666666666666,0.0
PNs,2026-05-21 23:00:00,1.3968293912946128,0.04337611089573295,9.922045137716131e-10,0.9865468157988375,0.03333333333333333,0.0
PNs,2026-05-22 00:00:00,3.035106124690525,0.0449159325948557,1.028243323815758e-09,0.9730620719174596,0.01694915254237288,0.0
PNs,2026-05-22 01:00:00,1.6729473222627076,0.043028832345499354,9.857898526663726e-10,1.0470686958536124,0.03333333333333333,0.0
PNs,2026-05-22 02:00:00,1.5033283030764224,0.042675299292047,9.79021688986256e-10,1.008876583427234,0.016666666666666666,0.0
PNs,2026-05-22 03:00:00,1.8294321547868455,0.0431814725095371,9.91239829290058e-10,0.9824145680191952,0.13559322033898305,0.0
PNs,2026-05-22 04:00:00,0.7059447287968375,0.040783939500962096,9.366632146950817e-10,1.0153679583414772,1.0,0.0
PNs,2026-05-22 05:00:00,1.3466630711830792,0.0422403531233868,9.68116415526165e-10,0.9923495614438836,0.2542372881355932,0.0
PNs,2026-05-22 06:00:00,2.6274056846886884,0.0436203517774348,1.0021802189228103e-09,0.9540351649618016,0.01694915254237288,0.0
PNs,2026-05-22 07:00:00,2.3504471615638707,0.04310721819472025,9.904539456853486e-10,0.9542827578307675,0.016666666666666666,0.0
PNs,2026-05-22 08:00:00,1.3489689524183743,0.0406025679576134,9.336120017918273e-10,0.9936200664661585,0.1,0.0
PNs,2026-05-22 09:00:00,1.1223477320593254,0.0409014927100935,9.401499818517946e-10,1.0242938719219912,0.6271186440677966,0.0
PNs,2026-05-22 10:00:00,1.0279937013489697,0.043317860228851895,9.975754363580802e-10,1.0126847662564418,0.35,0.0
PNs,2026-05-22 11:00:00,1.22475381947144,0.04139897921022255,9.507858268660155e-10,0.9703030808604804,0.26666666666666666,0.0
PNs,2026-05-22 12:00:00,1.5545471534409825,0.0446310069107509,1.0251452333882674e-09,1.0464110199701175,0.1016949152542373,0.0
PNs,2026-05-22 13:00:00,4.552235990667162,0.0465146311217391,1.0689998995981572e-09,1.0158671833635773,0.016666666666666666,0.0
PNs,2026-05-22 14:00:00,3.1789143978241876,0.0445288251086783,1.0234908209401314e-09,1.0003410965095747,0.05,0.0
PNs,2026-05-22 15:00:00,1.4373770327834403,0.042634071599967,9.781582852849591e-10,1.0055145609472835,0.01694915254237288,0.0
PNs,2026-05-22 16:00:00,2.107072935431897,0.0436846524908055,1.0026860105016422e-09,0.9950728275138698,0.016666666666666666,0.0
PNs,2026-05-22 17:00:00,2.0485191965789475,0.04137633748287925,9.498098829641655e-10,0.9713604546356662,0.016666666666666666,0.0
PNs,2026-05-22 18:00:00,5.284311586003245,0.04939927554143595,1.1348798314512307e-09,0.9493166112557478,0.0,0.0
PNs,2026-05-22 19:00:00,5.186675511576466,0.0460237986010927,1.0570798281661812e-09,0.9738979702724389,0.016666666666666666,0.0
PNs,2026-05-22 20:00:00,4.951387543195853,0.0485059053385906,1.115882382676537e-09,0.953430991675703,0.016666666666666666,0.0
PNs,2026-05-22 21:00:00,4.1576010960685625,0.0412296425471458,9.474213254158841e-10,0.9736592572079206,0.0,0.0
PNs,2026-05-22 22:00:00,4.2476285374979055,0.0439656869168268,1.0095325123017216e-09,0.9575933623434993,0.016666666666666666,0.0
PNs,2026-05-22 23:00:00,3.9374696892350673,0.0437545955329682,1.0060457224199643e-09,1.00649383161322,0.016666666666666666,0.0
PNs,2026-05-23 00:00:00,1.8684577833443188,0.04003447909103735,9.213175795206876e-10,0.9958380902325443,0.0,0.0
PNs,2026-05-23 01:00:00,1.5515136174031037,0.041525990789312794,9.555257779614278e-10,0.9862570555584379,0.05,0.0
PNs,2026-05-23 02:00:00,0.8432223149966184,0.0383860749161906,8.841329275496063e-10,0.9651479345911012,0.9152542372881356,0.0
PNs,2026-05-23 03:00:00,0.6754864928670735,0.039300877504003795,9.047307919961883e-10,1.0088064373754952,1.0,0.0
PNs,2026-05-23 04:00:00,0.771675577780754,0.0401279840215816,9.199452550014535e-10,0.9781355822184852,0.8135593220338984,0.0
PNs,2026-05-23 05:00:00,1.2257136522980443,0.0404891248717054,9.291181664086511e-10,0.9817165905836166,0.3898305084745763,0.0
PNs,2026-05-23 06:00:00,1.664413077017829,0.039258119094082305,9.006926552974315e-10,1.0323061310182755,0.017241379310344827,0.0
PNs,2026-05-23 07:00:00,1.546131501593949,0.0395655932163004,9.079059039827255e-10,1.0390123180401702,0.01694915254237288,0.0
PNs,2026-05-23 08:00:00,1.9535614808569917,0.0431732135359852,9.90528094306074e-10,0.9969971743628672,0.23728813559322035,0.0
PNs,2026-05-23 09:00:00,2.041437458168777,0.04203347783685905,9.66219555837978e-10,1.0220933017672742,0.017241379310344827,0.0
PNs,2026-05-23 10:00:00,1.1147763813006513,0.039242519012997,9.021864128095001e-10,1.024812031486365,0.0847457627118644,0.0
PNs,2026-05-23 11:00:00,1.6747631804069725,0.041052961012052844,9.448849740543412e-10,0.9786245728264411,0.26666666666666666,0.0
PNs,2026-05-23 12:00:00,1.2048324095010166,0.0409037221119431,9.37825296595497e-10,0.9947512494321544,0.4067796610169492,0.0
PNs,2026-05-23 13:00:00,3.8317616270204744,0.0436185008920461,1.0006058624350796e-09,0.9634330908814913,0.016666666666666666,0.0
PNs,2026-05-23 14:00:00,5.009922452033951,0.04977625400715225,1.1411969859234732e-09,1.003554690689942,0.0,0.0
PNs,2026-05-23 15:00:00,4.770154379664248,0.0463215691256812,1.0621311283339898e-09,1.0523165070872795,0.0,0.0
PNs,2026-05-23 16:00:00,5.8182185278136584,0.0494786484346769,1.135774444279603e-09,0.9916029723966241,0.0,0.0
PNs,2026-05-23 17:00:00,8.803255450426601,0.0525335188742724,1.2061804148251373e-09,0.9422068761066675,0.0,0.0
PNs,2026-05-23 18:00:00,1.5380446520681774,0.0425573371261263,9.755372268760695e-10,0.987082646628422,0.05084745762711865,0.0
PNs,2026-05-23 19:00:00,1.4525385379359412,0.0447250593481004,1.0256860381625466e-09,1.0161730225593324,0.06666666666666667,0.0
PNs,2026-05-23 20:00:00,1.4325040733396794,0.0425881077716041,9.790600513935792e-10,1.0376184143939344,0.03333333333333333,0.0
PNs,2026-05-23 21:00:00,1.4144994112593972,0.0414434973710139,9.548308384203664e-10,1.032517268005939,0.03389830508474576,0.0
PNs,2026-05-23 22:00:00,1.4229599557700219,0.0404599621026743,9.305637213518712e-10,0.9918464674948068,0.03333333333333333,0.0
PNs,2026-05-23 23:00:00,1.716979124507293,0.0422831096940722,9.733283197633459e-10,0.9531580495868857,0.03333333333333333,0.0
PNs,2026-05-24 00:00:00,1.7959312522932975,0.0405989227954611,9.33676805686473e-10,0.9967223279556584,0.03389830508474576,0.0
PNs,2026-05-24 01:00:00,1.530735451259177,0.04064154234313405,9.334346795990353e-10,1.0301274195171022,0.0,0.0
PNs,2026-05-24 02:00:00,1.4709520673694434,0.04251030180017305,9.78381540055995e-10,1.025722605601859,0.03333333333333333,0.0
PNs,2026-05-24 03:00:00,1.879951857204746,0.0416696677528693,9.6023522537392e-10,1.0082786161103166,0.01694915254237288,0.0
PNs,2026-05-24 04:00:00,2.7342598500133093,0.0426593873162948,9.821971783028548e-10,1.000483101433642,0.016666666666666666,0.0
PNs,2026-05-24 05:00:00,2.3814498903500265,0.04192266894605905,9.65402358917897e-10,0.9977205661556194,0.0,0.0
PNs,2026-05-24 06:00:00,2.412629780307356,0.042492066520895,9.780915641820242e-10,0.982861693480047,0.0,0.0
PNs,2026-05-24 07:00:00,1.7074348380177522,0.0413898267489154,9.540473060361179e-10,1.0156821471031348,0.016666666666666666,0.0
PNs,2026-05-24 08:00:00,1.3298171577047044,0.0427565087584624,9.86509191237628e-10,0.9684849356388692,0.016666666666666666,0.0
PNs,2026-05-24 09:00:00,1.1266092188801031,0.0412139411490094,9.491823793198794e-10,1.0182063547870102,0.6610169491525424,0.0
PNs,2026-05-24 10:00:00,4.392154395339988,0.046257453580106606,1.0633830847715e-09,1.0574861954922294,0.0,0.0
PNs,2026-05-24 11:00:00,3.6213606427404255,0.0444515483324357,1.021344271747262e-09,1.0688804556211224,0.07692307692307693,0.0
PNs,2026-05-24 12:00:00,1.6068988227256296,0.04397282056765155,1.0129579582854113e-09,1.0959694335163803,0.21666666666666667,0.0
PNs,2026-05-24 13:00:00,2.779266362021009,0.047878685864461354,1.1023742346436958e-09,1.0140430591665028,0.0,0.0
PNs,2026-05-24 14:00:00,1.004402236060334,0.0445230898456308,1.0243701323588701e-09,0.9972572415886858,0.7627118644067796,0.0
PNs,2026-05-24 15:00:00,0.945236651437448,0.043875906282646704,1.0082380871271515e-09,1.0282585280831316,0.95,0.0
PNs,2026-05-24 16:00:00,0.9376517752745628,0.0398293362265108,9.160389225148966e-10,1.0301712653267312,0.5666666666666667,0.0
PNs,2026-05-24 17:00:00,1.126972470594393,0.0466123692430359,1.0688841002283527e-09,1.1266295350485085,0.4915254237288136,0.0
PNs,2026-05-24 18:00:00,1.3223703545254784,0.04436538018273645,1.0164160174651424e-09,1.0170784383043592,0.25,0.0
PNs,2026-05-24 19:00:00,1.4405342608604146,0.040495701964005495,9.307897152695642e-10,1.007045073210588,0.06666666666666667,0.0
PNs,2026-05-24 20:00:00,1.4915625379836706,0.0453323624929904,1.0424488982113716e-09,1.0292638160760958,0.22033898305084745,0.0
PNs,2026-05-24 21:00:00,1.771032858524261,0.0448721497948768,1.0306163476493566e-09,0.9664525504223668,0.016666666666666666,0.0
PNs,2026-05-24 22:00:00,1.7729061721725161,0.04409453487370465,1.0159933158282257e-09,1.011726635690838,0.03333333333333333,0.0
PNs,2026-05-24 23:00:00,2.076170704334597,0.0449939858673105,1.0355771604565735e-09,0.9955812351800516,0.01694915254237288,0.0
PNs,2026-05-25 00:00:00,1.8508023558334008,0.0471685781471414,1.086416982381895e-09,1.0339637482358446,0.016666666666666666,0.0
PNs,2026-05-25 01:00:00,1.6419630350935166,0.044623434746832,1.0251847741896623e-09,1.0714187120491776,0.016666666666666666,0.0
PNs,2026-05-25 02:00:00,1.8368740489792497,0.0463162205419015,1.0640704301515474e-09,1.0173314271631746,0.01694915254237288,0.0
PNs,2026-05-25 03:00:00,2.3788712846235205,0.04444676727982585,1.02050310191451e-09,0.9607500949610963,0.016666666666666666,0.0
PNs,2026-05-25 04:00:00,2.8098853803943733,0.04680904047394335,1.0734452281572599e-09,0.9639030129300062,0.016666666666666666,0.0
PNs,2026-05-25 05:00:00,4.851224674336113,0.048851631626296,1.122199107481715e-09,0.9723554304494824,0.01694915254237288,0.0
PNs,2026-05-25 06:00:00,5.381907473277238,0.04902783462400155,1.1250563542647543e-09,0.9611502642763938,0.0,0.0
PNs,2026-05-25 07:00:00,4.9269203783849935,0.05012774870251045,1.1506148385287932e-09,0.9760428908142544,0.0,0.0
PNs,2026-05-25 08:00:00,4.289172017799735,0.048709116824367,1.1176245942709811e-09,0.9525260194236738,0.01694915254237288,0.0
PNs,2026-05-25 09:00:00,8.250615524938087,0.054246227629242846,1.2451331196809036e-09,0.8805549467446279,0.0,0.0
PNs,2026-05-25 10:00:00,9.004727064898223,0.0538835579084799,1.2375977426970789e-09,0.9662457746071071,0.0,0.0
PNs,2026-05-25 11:00:00,2.4720470199111366,0.0455492156551529,1.045544731160996e-09,1.0554817593058827,0.01694915254237288,0.0
PNs,2026-05-25 12:00:00,1.3175411124521674,0.04784527985723595,1.0993815022938893e-09,1.0307218740596733,0.48333333333333334,0.0
PNs,2026-05-25 13:00:00,0.7241927422025358,0.04697420600451855,1.0788197025774312e-09,1.0171024951208998,1.0,0.0
PNs,2026-05-25 14:00:00,0.7726558731934781,0.0452380894562471,1.0399916908996232e-09,1.0311841114196914,0.7796610169491526,0.0
PNs,2026-05-25 15:00:00,1.0121714102292447,0.047908450228558455,1.0980147322327898e-09,1.0700741967855372,0.5833333333333334,0.0
PNs,2026-05-25 16:00:00,1.340221922594008,0.04595690014283875,1.0557218707999215e-09,1.0404638958172523,0.6,0.0
PNs,2026-05-25 17:00:00,3.881344844453572,0.0482183882727012,1.1048007431351983e-09,1.02401923638884,0.01694915254237288,0.0
PNs,2026-05-25 18:00:00,3.8228804686818965,0.051044102492859594,1.1689720630779507e-09,1.0583159745025914,0.016666666666666666,0.0
PNs,2026-05-25 19:00:00,3.1715750312954887,0.04891704348267145,1.1219029406623385e-09,1.0626702396432937,0.016666666666666666,0.0
PNs,2026-05-25 20:00:00,4.705014894299231,0.0474322362202139,1.0870165408609736e-09,0.9782982439884684,0.01694915254237288,0.0
PNs,2026-05-25 21:00:00,5.30242056837945,0.051164161489374804,1.172496960662741e-09,0.9709975435304963,0.016666666666666666,0.0
PNs,2026-05-25 22:00:00,5.658175892222452,0.0504716726187378,1.1572212707173425e-09,0.9407041720210908,0.016666666666666666,0.0
PNs,2026-05-25 23:00:00,7.280955322097643,0.050588372135423096,1.1596177097356878e-09,0.922293538005063,0.0,0.0
PNs,2026-05-26 00:00:00,5.3485957243005835,0.04982629858046985,1.1421078545240741e-09,0.9705263391220431,0.016666666666666666,0.0
PNs,2026-05-26 01:00:00,6.886145248510264,0.0498963061353718,1.143472777707145e-09,0.9434932505205219,0.016666666666666666,0.0
PNs,2026-05-26 02:00:00,6.565087338922766,0.051623457340642054,1.18283016448743e-09,0.9439702605788969,0.0,0.0
PNs,2026-05-26 03:00:00,7.088405404912693,0.053041212069262295,1.2150115082719277e-09,0.9251778704190936,0.016666666666666666,0.0
PNs,2026-05-26 04:00:00,4.056311797443518,0.04821737559486105,1.1036410252322643e-09,0.9954154174610332,0.016666666666666666,0.0
PNs,2026-05-26 05:00:00,4.367545804519862,0.0472465002945974,1.082306549414009e-09,1.0239155919355465,0.0,0.0
PNs,2026-05-26 06:00:00,4.034258837979449,0.0474663108481148,1.0865377169643839e-09,0.974519861657465,0.0,0.0
PNs,2026-05-26 07:00:00,4.53061910294444,0.0483386036449722,1.1063131543475991e-09,0.989104262277337,0.0,0.0
PNs,2026-05-26 08:00:00,3.5134936478633207,0.0467413924143546,1.0704901360031134e-09,0.9949394476943599,0.0,0.0
PNs,2026-05-26 09:00:00,5.876920208369351,0.0501577569413963,1.1473630135620263e-09,0.9835830115736997,0.0,0.0
PNs,2026-05-26 10:00:00,7.795397571571586,0.0539805672805269,1.2356955636075436e-09,1.0207133088631353,0.0,0.0
PNs,2026-05-26 11:00:00,5.5610565386704085,0.0507165807737952,1.1605016534630036e-09,0.9528875132365243,0.0,0.0
PNs,2026-05-26 12:00:00,2.87399258144947,0.0485428780712557,1.1108172848804392e-09,0.9642118842642268,0.0,0.0
PNs,2026-05-26 13:00:00,2.0519542029701343,0.0464627196084879,1.0642036405199506e-09,0.9865597528361604,0.03333333333333333,0.0
PNs,2026-05-26 14:00:00,5.282486743037508,0.0501273540028986,1.145340616925333e-09,0.996574903490436,0.0,0.0
PNs,2026-05-26 15:00:00,3.4991049623379915,0.050971172181379046,1.1642469098276835e-09,0.9769164577349356,0.016666666666666666,0.0
PNs,2026-05-26 16:00:00,4.438177914090616,0.0528491647311749,1.2070679628676756e-09,1.0317323324007113,0.0,0.0
PNs,2026-05-26 17:00:00,4.543538164501374,0.0489838264575071,1.117709306856209e-09,1.0308358567160891,0.0,0.0
PNs,2026-05-26 18:00:00,7.740701341929977,0.047626879170960604,1.0877422469899536e-09,0.9143550428075751,0.0,0.0
PNs,2026-05-26 19:00:00,4.304557264945191,0.0419570080121625,9.57874552269611e-10,0.9741755319680154,0.0,0.0
PNs,2026-05-26 20:00:00,1.397936236325637,0.0383000085469021,8.750060047894566e-10,0.9957594702568544,0.01694915254237288,0.0
PNs,2026-05-26 21:00:00,1.295873917048634,0.0400412951850642,9.14851165967684e-10,1.0039396822805364,0.15254237288135594,0.0
PNs,2026-05-26 22:00:00,1.0657881027685292,0.038952701526522054,8.903985354900552e-10,1.0012279292694175,0.35,0.0
PNs,2026-05-26 23:00:00,0.8977979631263321,0.0399981052978161,9.144755965085889e-10,0.9981511175013797,0.9166666666666666,0.0
PNs,2026-05-27 00:00:00,0.7280631591956899,0.0398081084569554,9.108424702425255e-10,1.00496668431738,1.0,0.0
PNs,2026-05-27 01:00:00,0.7158912734152838,0.0389599825425985,8.902605544349542e-10,0.995163709783996,1.0,0.0
PNs,2026-05-27 02:00:00,0.7260504836939288,0.0397743169084595,9.053333430349559e-10,0.9827773353361273,1.0,0.0
PNs,2026-05-27 03:00:00,0.7877637085661919,0.0401697455398963,9.138854509806405e-10,0.981390312359402,1.0,0.0
PNs,2026-05-27 04:00:00,0.907936420603674,0.038859016963676996,8.840190734853268e-10,0.9970154240408675,0.6833333333333333,0.0
PNs,2026-05-27 05:00:00,1.1443663362747873,0.0394546610136916,8.989528368406038e-10,0.9767084695179931,0.25,0.0
PNs,2026-05-27 06:00:00,1.9314753235361095,0.0411057773509654,9.385147004149563e-10,0.9948020109842032,0.03389830508474576,0.0
PNs,2026-05-27 07:00:00,2.4193085173040387,0.0404947298580032,9.221074682479172e-10,0.9646856049735693,0.016666666666666666,0.0
PNs,2026-05-27 08:00:00,2.1210443638856313,0.0410266966987363,9.348125789520593e-10,0.9504082366596773,0.016666666666666666,0.0
PNs,2026-05-27 09:00:00,2.0331626141016543,0.0466713529985824,1.0786883743785026e-09,1.1624697318518795,0.0425531914893617,0.0
PNs,2026-05-27 10:00:00,1.6603424346027094,0.04403184923881085,1.1512569051538175e-09,1.4967101906679376,0.6,0.0
PNs,2026-05-27 11:00:00,1.4862002661484666,0.0392263737206725,1.0176590686291632e-09,1.1483070619774414,0.05,0.0
PNs,2026-05-27 12:00:00,1.2035389680058106,0.0381533891638744,9.897852850213555e-10,1.0327452450096597,0.5254237288135594,0.0
PNs,2026-05-27 13:00:00,1.327756953026031,0.039286977569799555,1.0175715535190372e-09,1.0046734661440562,0.3,0.0
PNs,2026-05-27 14:00:00,1.801308295579638,0.042245262195673,1.093223877909111e-09,1.0656104213403685,0.03333333333333333,0.0
PNs,2026-05-27 15:00:00,2.160820122762882,0.0416428790826426,1.0914390936864555e-09,0.9875264154585224,0.01694915254237288,0.0
PNs,2026-05-27 16:00:00,2.5262158390623513,0.04310576591656935,1.1379722626885166e-09,1.0090479984678102,0.0,0.0
PNs,2026-05-27 17:00:00,2.443737138565199,0.0421168757841824,1.112613350359947e-09,0.9554151263427433,0.0,0.0
PNs,2026-05-27 18:00:00,2.628898590798592,0.0423287455280832,1.123018570939092e-09,1.000466671850076,0.0,0.0
PNs,2026-05-27 19:00:00,2.685849605330718,0.0402726922684442,1.0714575439070856e-09,0.9903276524998035,0.0,0.0
PNs,2026-05-27 20:00:00,2.550930764454127,0.0398700914575291,1.0594835792463326e-09,1.0015317753257749,0.0,0.0
PNs,2026-05-27 21:00:00,5.691000438218836,0.0461275425339443,1.223284415028408e-09,0.9332094985391646,0.0,0.0
PNs,2026-05-27 22:00:00,5.63054154624778,0.046764235442098054,1.241749466058391e-09,0.9443226842843491,0.0,0.0
PNs,2026-05-27 23:00:00,5.047399924699984,0.04461136279689275,1.1845067439573963e-09,1.0325528057649835,0.0,0.0
PNs,2026-05-28 00:00:00,3.7368600108665375,0.0420169900336518,1.1153262445420534e-09,0.9985061532035576,0.01694915254237288,0.0
PNs,2026-05-28 01:00:00,2.6946566228844597,0.0409937155791321,1.0860478549218091e-09,0.9930071071044091,0.0,0.0
PNs,2026-05-28 02:00:00,2.4385984519948063,0.039682421481567254,1.052627596633968e-09,1.0224825120685206,0.016666666666666666,0.0
PNs,2026-05-28 03:00:00,2.252252964595848,0.0394714932541859,1.0472778592477623e-09,1.0233101790761334,0.01694915254237288,0.0
PNs,2026-05-28 04:00:00,2.1440359217786984,0.0410634936050792,1.0896912095808192e-09,0.9700130414746002,0.016666666666666666,0.0
PNs,2026-05-28 05:00:00,2.1935249652942845,0.0406397882620435,1.0759054008470142e-09,0.9956715238603702,0.016666666666666666,0.0
PNs,2026-05-28 06:00:00,2.2142658787979017,0.0423415201991086,1.122409249235557e-09,1.0374081021811978,0.01694915254237288,0.0
PNs,2026-05-28 07:00:00,1.7465957615476704,0.0391826594779401,1.0379867664336258e-09,1.0556594323884991,0.016666666666666666,0.0
PNs,2026-05-28 08:00:00,1.9592859139317524,0.0401393363136528,1.0621600295356195e-09,1.0152385197268965,0.016666666666666666,0.0
PNs,2026-05-28 09:00:00,1.571312544293088,0.03862207804439525,1.0184151773644763e-09,1.0964762235826515,0.1111111111111111,0.0
PNs,2026-05-28 10:00:00,1.0608515498914648,0.04030052305829104,1.06178199996184e-09,1.0429085102491664,0.6,0.0
PNs,2026-05-28 11:00:00,0.800864493747624,0.038573538616688996,1.0151328663555694e-09,1.026296074506538,0.8333333333333334,0.0
PNs,2026-05-28 12:00:00,1.0317437888385754,0.0415368553008943,1.0840297790752663e-09,1.0478576896449967,0.4067796610169492,0.0
PNs,2026-05-28 13:00:00,1.5068805999122947,0.0393225642175485,1.027333162617224e-09,1.0104469597023278,0.15,0.0
PNs,2026-05-28 14:00:00,1.478511314110362,0.0392264039560799,1.0248548342807586e-09,0.9897376153393946,0.16666666666666666,0.0
PNs,2026-05-28 15:00:00,0.966918749247336,0.0394766627591262,1.0368153825008954e-09,1.0259603986554884,0.711864406779661,0.0
PNs,2026-05-28 16:00:00,0.9046997535374988,0.0387018734457677,1.015210023156764e-09,1.0148000015522933,0.8333333333333334,0.0
PNs,2026-05-28 17:00:00,1.319037903306055,0.04108053876335805,1.0784965416466857e-09,1.0469496081714276,0.25,0.0
PNs,2026-05-28 18:00:00,1.3719555259250915,0.039470122351038694,1.0338634552618173e-09,1.0193005372184487,0.1724137931034483,0.0
PNs,2026-05-28 19:00:00,1.234208897121632,0.0430548526080592,1.1290854816810072e-09,1.0851069197940086,0.21311475409836064,0.0
PNs,2026-05-28 20:00:00,1.0639150481387012,0.04202057183238965,1.1104648045711938e-09,1.0358500557429067,0.5,0.0
PNs,2026-05-28 21:00:00,0.8952979629169051,0.03964748321214755,1.0546314020430763e-09,1.0228225044403731,0.9310344827586207,0.0
PNs,2026-05-28 22:00:00,0.8613127456358693,0.03980895004323915,1.0547641652461868e-09,1.0312674068555987,0.8,0.0
PNs,2026-05-28 23:00:00,0.7006640851660093,0.038049009320970745,1.006956138733345e-09,0.9890196404591729,0.9833333333333333,0.0
PNs,2026-05-29 00:00:00,0.7103724919797794,0.03901905847963875,1.031532237415195e-09,0.960174591327392,1.0,0.0
PNs,2026-05-29 01:00:00,0.5908668526736185,0.037148157823136796,9.828833320129324e-10,0.9848011699292392,0.9666666666666667,0.0
PNs,2026-05-29 02:00:00,0.5203416683505522,0.03676869182552845,9.744716747538968e-10,0.9977920008452561,1.0,0.0
PNs,2026-05-29 03:00:00,0.4206046511262548,0.03936576080842735,1.038462214465031e-09,1.0303285709779793,1.0,0.0
PNs,2026-05-29 04:00:00,0.6399868882803595,0.0389424750719289,1.0347662183883344e-09,0.989398153050144,1.0,0.0
PNs,2026-05-29 05:00:00,0.8873697001021016,0.038716194700965,1.027910423007522e-09,0.9629451513135596,0.5932203389830508,0.0
PNs,2026-05-29 06:00:00,1.3629541854506941,0.04073544905549345,1.0797616066475118e-09,0.9967411509518429,0.06896551724137931,0.0
PNs,2026-05-29 07:00:00,1.5287827859975718,0.0386311636884854,1.0227249006729938e-09,1.0362952332865991,0.06779661016949153,0.0
PNs,2026-05-29 08:00:00,1.6057614990529592,0.0401297916744113,1.063724835512999e-09,1.034548184193974,0.01694915254237288,0.0
PNs,2026-05-29 09:00:00,1.380063729936392,0.0400810802392805,1.062992475619176e-09,1.005204904827645,0.23529411764705882,0.0
PNs,2026-05-29 10:00:00,1.1941677811233455,0.0385789673200691,1.0225641552222724e-09,1.0094454125172927,0.75,0.0
PNs,2026-05-29 11:00:00,1.7337272951685547,0.037568779705751995,9.88569714202894e-10,1.0176113102524276,0.03333333333333333,0.0
PNs,2026-05-29 12:00:00,2.4835454684807816,0.0405344000663937,1.0586046304042574e-09,1.0575983973005334,0.18333333333333332,0.0
PNs,2026-05-29 13:00:00,0.9154643802898896,0.0387044014873318,1.0120951083054568e-09,1.0056584585338009,0.9322033898305084,0.0
PNs,2026-05-29 14:00:00,1.018678979672568,0.0391935300239018,1.0240854526383469e-09,1.0033251814552337,0.4666666666666667,0.0
PNs,2026-05-29 15:00:00,1.1710700356487669,0.0405655965535513,1.0623118190859887e-09,1.0025638672994952,0.25,0.0
PNs,2026-05-29 16:00:00,1.0789416254019852,0.0406969474540592,1.063587974801195e-09,1.0917752819035815,0.6440677966101694,0.0
PNs,2026-05-29 17:00:00,1.057293820635394,0.0393451225935213,1.0389951338421996e-09,1.0045834175917572,0.65,0.0
PNs,2026-05-29 18:00:00,1.3857917260623633,0.037774623320353196,9.932305078550916e-10,0.9836299210170555,0.1,0.0
PNs,2026-05-29 19:00:00,1.3694971702379926,0.0384737742650029,1.0087574799976383e-09,1.0301908717615471,0.1016949152542373,0.0
PNs,2026-05-29 20:00:00,1.6555579874413375,0.0417068914484085,1.0980712346206764e-09,1.0568509100139791,0.016666666666666666,0.0
PNs,2026-05-29 21:00:00,1.8318577006359034,0.044841451979665,1.1815086467136668e-09,1.280256567081356,0.18333333333333332,0.0
PNs,2026-05-29 22:00:00,1.5295727926547735,0.0430886571397968,1.1201270231514304e-09,1.01669173714658,0.05084745762711865,0.0
PNs,2026-05-29 23:00:00,1.6072278274311373,0.03845635207509375,1.001052654803451e-09,0.9814554138687064,0.13333333333333333,0.0
PNs,2026-05-30 00:00:00,0.9325025854038175,0.039814718870577845,1.0371872275657277e-09,1.0398758111653374,0.8166666666666667,0.0
PNs,2026-05-30 01:00:00,1.0090368506315377,0.0392842805533539,1.0234543506672611e-09,1.016321531721674,0.7627118644067796,0.0
PNs,2026-05-30 02:00:00,0.8604513194511997,0.039651746192428644,1.0313710270322068e-09,1.0230338569152073,1.0,0.0
PNs,2026-05-30 03:00:00,1.0324095901310733,0.0420154536203176,1.0971961025006728e-09,1.0322169785759203,0.9,0.0
PNs,2026-05-30 04:00:00,1.45097693414439,0.0421882364127128,1.1006142008928431e-09,1.0476873438553524,0.423728813559322,0.0
PNs,2026-05-30 05:00:00,1.5219202843739574,0.0401177135743198,1.0463904325906658e-09,0.9912146862620772,0.06666666666666667,0.0
PNs,2026-05-30 06:00:00,2.5517372119662296,0.0419576755562394,1.0945541578478721e-09,0.978626031043514,0.016666666666666666,0.0
PNs,2026-05-30 07:00:00,2.71404027873002,0.0431423520421522,1.122685867290805e-09,1.0144812258703846,0.01694915254237288,0.0
PNs,2026-05-30 08:00:00,3.2183318281816566,0.043764172700039905,1.1391058207983062e-09,1.0060191413637218,0.016666666666666666,0.0
PNs,2026-05-30 09:00:00,1.761920319281101,0.044368167969957295,1.1603000246301033e-09,0.999961076985207,0.016666666666666666,0.0
PNs,2026-05-30 10:00:00,1.1632109617304376,0.0424852238038958,1.1213077729754174e-09,0.9827057132622666,0.6440677966101694,0.0
PNs,2026-05-30 11:00:00,0.9148283235858237,0.04144556968350815,1.0890870005349672e-09,0.961420007951745,0.9333333333333333,0.0
PNs,2026-05-30 12:00:00,0.7262059759810365,0.04243961846625035,1.1161122312894683e-09,1.0288975254827202,0.95,0.0
PNs,2026-05-30 13:00:00,0.6562051336714728,0.040240635571856,1.062376765210426e-09,1.0046194291378483,0.9830508474576272,0.0
PNs,2026-05-30 14:00:00,0.808965175575393,0.03995564604712455,1.044461947775525e-09,0.9731013213550018,0.6666666666666666,0.0
PNs,2026-05-30 15:00:00,0.9241766306412127,0.0417889471111818,1.0920091284047934e-09,1.0332810821351492,0.8666666666666667,0.0
PNs,2026-05-30 16:00:00,1.0762021827215478,0.04303335996253575,1.1382764468998977e-09,0.9993811859136958,0.7931034482758621,0.0
PNs,2026-05-30 17:00:00,1.2355758214832648,0.04163319842007615,1.1033227666083868e-09,1.0600381462339454,0.2833333333333333,0.0
PNs,2026-05-30 18:00:00,1.7254962620579777,0.041275799594309354,1.0856492368259006e-09,1.0316454816077774,0.016666666666666666,0.0
PNs,2026-05-30 19:00:00,2.3243036786193807,0.040803708264601155,1.0745595710990331e-09,0.9756316744056515,0.0,0.0
PNs,2026-05-30 20:00:00,2.4240767692381144,0.04017540336289505,1.0603298611211823e-09,1.0208553337208468,0.016666666666666666,0.0
PNs,2026-05-30 21:00:00,2.7786761474892474,0.041158720745206004,1.089451538823867e-09,1.022924462356806,0.016666666666666666,0.0
PNs,2026-05-30 22:00:00,2.663578838858716,0.03952865897292485,1.05213306388271e-09,0.974750404957563,0.0,0.0
PNs,2026-05-30 23:00:00,3.1572810974065924,0.041554148501927055,1.1044596467227038e-09,0.9632894077651721,0.016666666666666666,0.0
PNs,2026-05-31 00:00:00,2.590103626478478,0.0409765622686782,1.0888596774830328e-09,1.0054872969767958,0.016666666666666666,0.0
PNs,2026-05-31 01:00:00,3.2354797517330187,0.04071669117671855,1.0831629598409739e-09,0.9732117342875453,0.0,0.0
PNs,2026-05-31 02:00:00,2.544398483200799,0.0408234539624217,1.0850080475427803e-09,1.0219404305860065,0.0,0.0
PNs,2026-05-31 03:00:00,2.2416962308597346,0.0402117787400272,1.0680140502863236e-09,0.993517161000684,0.0,0.0
PNs,2026-05-31 04:00:00,2.1479493335172286,0.039571194182759103,1.0521076573692889e-09,0.9948322647862171,0.0,0.0
PNs,2026-05-31 05:00:00,2.4211106163234795,0.0525836913198009,1.3967073733769195e-09,1.4936571402616146,0.2033898305084746,0.0
PNs,2026-05-31 06:00:00,3.8363327638985183,0.1019641782889688,2.7060423614446603e-09,2.359507162064244,0.1016949152542373,0.0
PNs,2026-05-31 07:00:00,3.5786013431258032,0.0424608710738866,1.1256083010891579e-09,1.031815326056973,0.0,0.0
PNs,2026-05-31 08:00:00,2.992093512342828,0.0413305563542364,1.0939285466800096e-09,1.0377395996851448,0.0,0.0
PNs,2026-05-31 09:00:00,2.6756537084651995,0.0418255157680301,1.107571870585954e-09,1.001307855833825,0.03389830508474576,0.0
PNs,2026-05-31 10:00:00,5.3851534440062,0.0435481841453393,1.1468879062741464e-09,0.9863108732528443,0.0,0.0
PNs,2026-05-31 11:00:00,4.876360757796659,0.043044491005813104,1.1389293271294856e-09,0.9753854985408618,0.0,0.0
PNs,2026-05-31 12:00:00,9.415927454635757,0.0504976186839947,1.3321041879476804e-09,0.9002675867602751,0.0,0.0
PNs,2026-05-31 13:00:00,3.3441599791004863,0.042939554092290055,1.1255059555154804e-09,0.9845777325675612,0.016666666666666666,0.0
PNs,2026-05-31 14:00:00,0.9523622513926295,0.0421814817908964,1.1125134195802561e-09,1.0560079359051118,0.2833333333333333,0.0
PNs,2026-05-31 15:00:00,0.941741054560093,0.0397247689133927,1.0597169340667455e-09,0.9742804831596346,1.0,0.0
PNs,2026-05-31 16:00:00,0.8439906700884932,0.041844614641552855,1.1091618329715525e-09,0.9736842200987827,0.9333333333333333,0.0
PNs,2026-05-31 17:00:00,1.2409573870815547,0.039954683747989855,1.061897822268681e-09,0.9967238597340387,0.16666666666666666,0.0
PNs,2026-05-31 18:00:00,1.337464030180955,0.0408290528081048,1.0870669707795954e-09,1.0160350850088415,0.2542372881355932,0.0
PNs,2026-05-31 19:00:00,1.0322103347034575,0.03875478849346685,1.0179877780963544e-09,1.0051629765699959,0.8,0.0
PNs,2026-05-31 20:00:00,2.2469268620632272,0.0404914516552159,1.058051073422297e-09,1.0610112672134742,0.3333333333333333,0.0
PNs,2026-05-31 21:00:00,4.750066336228277,0.0442478612193378,1.1527006533624722e-09,1.0435738272212538,0.0,0.0
PNs,2026-05-31 22:00:00,4.3820698977333805,0.04813853753144336,1.261952465653911e-09,1.1551806955042623,0.0,0.0
PNs,2026-05-31 23:00:00,3.529090528414113,0.047029118296700645,1.2391760716016141e-09,1.0310634684621132,0.0,0.0
PNs,2026-06-01 00:00:00,2.8753904152209837,0.0425844288289171,1.1183889669736955e-09,0.9995534519807968,0.01694915254237288,0.0
PNs,2026-06-01 01:00:00,2.70439474382912,0.0417498288073832,1.0941145663043007e-09,0.9909202659904044,0.016666666666666666,0.0
PNs,2026-06-01 02:00:00,2.453427698122103,0.0415988352436554,1.0911847847330453e-09,0.9843289100325776,0.016666666666666666,0.0
PNs,2026-06-01 03:00:00,2.3648624639719587,0.0414766120689653,1.0887849793631711e-09,1.0099994248848958,0.01694915254237288,0.0
PNs,2026-06-01 04:00:00,3.6169919145735046,0.043623958330444496,1.1449431809468576e-09,1.0011269729988561,0.0,0.0
PNs,2026-06-01 05:00:00,2.9143481470723107,0.042014097236887454,1.1025073249141191e-09,0.9853382778191331,0.0,0.0
PNs,2026-06-01 06:00:00,6.142892315606222,0.0459697081218265,1.207276296655578e-09,0.9724036398554172,0.01694915254237288,0.0
PNs,2026-06-01 07:00:00,7.653877977271362,0.0488766524927755,1.283370615983483e-09,0.9492802755593536,0.0,0.0
PNs,2026-06-01 08:00:00,7.896289950196105,0.0483620858055227,1.2681574367310987e-09,0.9500926304453516,0.0,0.0
PNs,2026-06-01 09:00:00,9.892354137225354,0.0518787371318803,1.3583391417236496e-09,0.9398788724653764,0.01694915254237288,0.0
PNs,2026-06-01 10:00:00,2.8333742155511095,0.04148556787428005,1.0934637052665126e-09,1.0246905223228762,0.13333333333333333,0.0
PNs,2026-06-01 11:00:00,0.41235994158603945,0.0394459981029405,1.036705755974956e-09,1.0226692422377657,1.0,0.0
PNs,2026-06-01 12:00:00,0.3898748081960704,0.0415497249980801,1.084157546306093e-09,1.034822050997573,1.0,0.0
PNs,2026-06-01 13:00:00,0.4852092899739634,0.04418028114632855,1.1623075342381664e-09,1.0269742172807745,0.9333333333333333,0.0
PNs,2026-06-01 14:00:00,0.6991576590047726,0.04094315803608865,1.0898510305828742e-09,1.0068771836375925,0.75,0.0
PNs,2026-06-01 15:00:00,0.5877280506286587,0.0404690086394464,1.0759995137325335e-09,0.9786317819261798,1.0,0.0
PNs,2026-06-01 16:00:00,0.7478902607541,0.0407150736173143,1.0814237900062199e-09,1.0571240345531758,0.9166666666666666,0.0
PNs,2026-06-01 17:00:00,0.9429236290301384,0.040809397692346,1.0931387931124006e-09,1.054955831925413,0.9,0.0
PNs,2026-06-01 18:00:00,1.5739214233614802,0.0408941155238135,1.080377795237652e-09,1.039487832301725,0.06896551724137931,0.0
PNs,2026-06-01 19:00:00,1.7046688900332012,0.04135609133923345,1.083914237804564e-09,1.0099624345291598,0.016666666666666666,0.0
PNs,2026-06-01 20:00:00,1.6824724995367404,0.04081983109089945,1.0716924410161971e-09,1.0035039051979981,0.016666666666666666,0.0
PNs,2026-06-01 21:00:00,1.486791986549417,0.039548179822937055,1.0372456871056718e-09,1.012832654823304,0.0,0.0
PNs,2026-06-01 22:00:00,4.490290229619603,0.0430380714911695,1.1284967040754725e-09,0.9644889670791985,0.016666666666666666,0.0
PNs,2026-06-01 23:00:00,4.891276556773876,0.044777141712908294,1.1722468852728904e-09,0.9598085601349654,0.016666666666666666,0.0
PNs,2026-06-02 00:00:00,4.928263626194065,0.0438093113405449,1.1473501721670758e-09,0.9662104800660491,0.0,0.0
PNs,2026-06-02 01:00:00,3.6286042858473673,0.04444101700573955,1.1628162209297883e-09,0.9954104077033539,0.016666666666666666,0.0
PNs,2026-06-02 02:00:00,3.855016966647126,0.044210755704277405,1.1546619084657293e-09,1.028171923721921,0.016666666666666666,0.0
PNs,2026-06-02 03:00:00,1.8899007399209342,0.04214473766211315,1.1007143104373912e-09,1.0322192414726543,0.27586206896551724,0.0
PNs,2026-06-02 04:00:00,1.4509227650324248,0.0422813377809688,1.1040805252279223e-09,1.0577311491029848,0.1694915254237288,0.0
PNs,2026-06-02 05:00:00,1.8619764713565528,0.0426607733390646,1.1126525698654026e-09,1.0430607286836262,0.0,0.0
PNs,2026-06-02 06:00:00,3.3061020382329094,0.04457625220851745,1.1624407635667793e-09,0.9765041553676583,0.0,0.0
PNs,2026-06-02 07:00:00,5.004880239288122,0.0458787695914276,1.1977526070494223e-09,0.9588608791143176,0.0,0.0
PNs,2026-06-02 08:00:00,7.797272269040563,0.0478038184898199,1.246057434698738e-09,0.9520769609385306,0.0,0.0
PNs,2026-06-02 09:00:00,10.12812375937489,0.050647492026514904,1.3202912208283968e-09,0.8892753586818691,0.0,0.0
PNs,2026-06-02 10:00:00,10.066217712056892,0.0516078646334931,1.3434443755081414e-09,0.9122591534877548,0.0,0.0
PNs,2026-06-02 11:00:00,6.863826134687862,0.04687174839956195,1.2216796268752984e-09,0.932984572389647,0.0,0.0
PNs,2026-06-02 12:00:00,4.8954396236508515,0.043006629282157954,1.120583506709113e-09,0.974350807462673,0.0,0.0
PNs,2026-06-02 13:00:00,2.087181916436726,0.0402021911573797,1.0471007685064122e-09,1.0356244822199137,0.13636363636363635,0.0
PNs,2026-06-02 14:00:00,1.7927914663578766,0.040934941308068754,1.0670861840707897e-09,1.0065477262894071,0.016666666666666666,0.0
PNs,2026-06-02 15:00:00,1.4501396733686953,0.04248834188280645,1.1034788971421258e-09,0.9997461797112108,0.31666666666666665,0.0
PNs,2026-06-02 16:00:00,1.8117433179734708,0.0421825542475577,1.0939800371160951e-09,1.000127328067355,0.06779661016949153,0.0
PNs,2026-06-02 17:00:00,1.4821944307327222,0.04231142341063325,1.106465695652634e-09,1.018026700560501,0.016666666666666666,0.0
PNs,2026-06-02 18:00:00,1.719921582693238,0.0426266507962769,1.1143585437344698e-09,1.0041636866114285,0.05,0.0
PNs,2026-06-02 19:00:00,2.3182546089202267,0.0426194370419421,1.1100837308457227e-09,1.0469089202130653,0.0,0.0
PNs,2026-06-02 20:00:00,4.103277581453384,0.04424589223338795,1.151661528141236e-09,0.9793235366143045,0.0,0.0
PNs,2026-06-02 21:00:00,6.09449724362906,0.04700771054616385,1.2208983254423887e-09,0.9743973058770713,0.0,0.0
PNs,2026-06-02 22:00:00,5.768894841850282,0.0443863216003467,1.1504041979847235e-09,0.9238833421572666,0.0,0.0
PNs,2026-06-02 23:00:00,4.772737834864856,0.043475734662763346,1.1261202296725302e-09,0.9322480688182513,0.0,0.0
PNs,2026-06-03 00:00:00,3.3629394117987355,0.0426856713953814,1.1065967485339759e-09,0.9605979429271764,0.0,0.0
PNs,2026-06-03 01:00:00,2.7454762122427323,0.0422081510270118,1.0941279091767378e-09,0.9944649428509462,0.01694915254237288,0.0
PNs,2026-06-03 02:00:00,2.0493154368695445,0.0428316724025972,1.1125199313824968e-09,1.0344519087543467,0.016666666666666666,0.0
PNs,2026-06-03 03:00:00,1.5604248006912145,0.04086736974093755,1.059529464771694e-09,0.9947406033722996,0.06666666666666667,0.0
PNs,2026-06-03 04:00:00,1.6057501253499085,0.0411051472275568,1.0661494722933614e-09,0.974026410304614,0.03389830508474576,0.0
PNs,2026-06-03 05:00:00,2.491106238463006,0.042689909196112805,1.108075054854665e-09,0.9962956601408954,0.016666666666666666,0.0
PNs,2026-06-03 06:00:00,2.9321647770341945,0.0430244122709211,1.118292192841628e-09,1.0084055595854353,0.016666666666666666,0.0
PNs,2026-06-03 07:00:00,2.122489179763388,0.0417567557289715,1.0832738726599707e-09,1.0315830909668438,0.01694915254237288,0.0
PNs,2026-06-03 08:00:00,1.63321547813884,0.042097729705369444,1.0911648406118155e-09,0.9856485095789072,0.016666666666666666,0.0
PNs,2026-06-03 09:00:00,1.6062416244330573,0.042826766777232045,1.109580820699335e-09,1.0095870951604087,0.016666666666666666,0.0
PNs,2026-06-03 10:00:00,2.038926299583172,0.0421412839463066,1.0958600641373476e-09,0.96890917809124,0.01694915254237288,0.0
PNs,2026-06-03 11:00:00,1.7232790831913798,0.04423564658695305,1.155969018702932e-09,1.0400142416462215,0.31666666666666665,0.0
PNs,2026-06-03 12:00:00,0.9119717577387123,0.040777617551624845,1.0694694145799612e-09,0.9982777313317743,0.8833333333333333,0.0
PNs,2026-06-03 13:00:00,0.8359529402840512,0.039781118519441,1.033921949438268e-09,0.9676750221475552,1.0,0.0
PNs,2026-06-03 14:00:00,0.764519388606939,0.042091358404151596,1.0897269089884388e-09,1.0307099777618505,0.9666666666666667,0.0
PNs,2026-06-03 15:00:00,0.7864377003844142,0.04079201584202795,1.0564398952644358e-09,1.0063435611590914,1.0,0.0
PNs,2026-06-03 16:00:00,0.9802761009757356,0.0423187103984136,1.1091614682944961e-09,1.0264044097942164,0.8813559322033898,0.0
PNs,2026-06-03 17:00:00,1.2336709178894478,0.0439548902433417,1.152494604342562e-09,1.0527679544406348,0.26666666666666666,0.0
PNs,2026-06-03 18:00:00,1.1903960489248329,0.0447366319628498,1.1579923742697544e-09,1.089095678733283,0.35,0.0
PNs,2026-06-03 19:00:00,1.1602642089180724,0.0414822257897404,1.0741798967015144e-09,1.0200662829939515,0.8983050847457628,0.0
PNs,2026-06-03 20:00:00,1.0656157820011978,0.04186687460647575,1.0832623750566356e-09,0.975011508133292,0.6666666666666666,0.0
PNs,2026-06-03 21:00:00,1.4189294714326999,0.0418899579925695,1.082173584977664e-09,0.998357216679479,0.06666666666666667,0.0
PNs,2026-06-03 22:00:00,2.562932677650488,0.0438336639983078,1.1339065706157004e-09,0.969680648502609,0.01694915254237288,0.0
PNs,2026-06-03 23:00:00,3.356400928311073,0.044596280474682004,1.1521617210739527e-09,0.9665843427259253,0.016666666666666666,0.0
PNs,2026-06-04 00:00:00,3.9477670297268963,0.04601605890766645,1.1896339895054948e-09,0.954516397689517,0.016666666666666666,0.0
PNs,2026-06-04 01:00:00,4.042196607945297,0.045108210338703755,1.165928461818734e-09,0.9696748800926991,0.0,0.0
PNs,2026-06-04 02:00:00,4.579739460823058,0.04574561533085585,1.182078206060699e-09,0.9705691700038153,0.016666666666666666,0.0
PNs,2026-06-04 03:00:00,4.998637280332846,0.04671429698680425,1.2056817422951514e-09,0.9879956179720328,0.016666666666666666,0.0
PNs,2026-06-04 04:00:00,3.810320099561933,0.044345315046548095,1.1451130608889193e-09,1.0367645311653502,0.0,0.0
PNs,2026-06-04 05:00:00,3.1196114592727717,0.043641851299560205,1.1261733960501558e-09,0.9995789174594197,0.016666666666666666,0.0
PNs,2026-06-04 06:00:00,3.3259511208621433,0.043953056570449955,1.132726796819799e-09,0.9901615454147084,0.016666666666666666,0.0
PNs,2026-06-04 07:00:00,7.1953563259684055,0.0497901232536895,1.284325894137229e-09,0.962217045517784,0.0,0.0
PNs,2026-06-04 08:00:00,7.655926471449797,0.0470451217760349,1.2142872101187918e-09,0.9068581618065592,0.0,0.0
PNs,2026-06-04 09:00:00,5.241433898678868,0.047242801365869,1.2223214426090914e-09,1.0158179648633454,0.0,0.0
PNs,2026-06-04 10:00:00,6.427033514659177,0.04877173782771295,1.284339925704793e-09,0.9969134695483004,0.0,0.0
PNs,2026-06-04 11:00:00,7.263742347745206,0.0508281147215036,1.3446123042195764e-09,0.9869314408071392,0.0,0.0
PNs,2026-06-04 12:00:00,3.646202480621452,0.0443923059328897,1.1726428780362054e-09,0.9980001456998996,0.0,0.0
PNs,2026-06-04 13:00:00,3.934415246915183,0.0430589707847739,1.129729204867329e-09,0.9840060155925304,0.0,0.0
PNs,2026-06-04 14:00:00,4.669784493909527,0.0430276008498329,1.1249273571872182e-09,1.013099435065942,0.0,0.0
PNs,2026-06-04 15:00:00,3.2818541983792526,0.04186520340596205,1.092118504298895e-09,1.0220706568705298,0.016666666666666666,0.0
PNs,2026-06-04 16:00:00,10.521346537476578,0.0534657291504352,1.4024978921082935e-09,0.9248907695477953,0.0,0.0
PNs,2026-06-04 17:00:00,1.860135404214071,0.04231012574392305,1.1178922285782092e-09,1.0090993698363357,0.05,0.0
PNs,2026-06-04 18:00:00,0.9539026356384419,0.0437305295061545,1.1536007081202431e-09,1.0748992853155432,0.8,0.0
PNs,2026-06-04 19:00:00,0.8679891380753351,0.0393285843573449,1.0329993499754036e-09,1.069092716995934,0.864406779661017,0.0
PNs,2026-06-04 20:00:00,1.3842379401755913,0.041247494104410004,1.080754744586032e-09,0.9818562984686934,0.06666666666666667,0.0
PNs,2026-06-04 21:00:00,1.5043625429477738,0.041488692073178596,1.0925135657272498e-09,1.0029375914329606,0.03333333333333333,0.0
PNs,2026-06-04 22:00:00,1.0917054885664164,0.0424835203209053,1.1189321834579756e-09,0.9736030597821196,0.7966101694915254,0.0
PNs,2026-06-04 23:00:00,0.986451155873262,0.0415303097955892,1.0991491621852406e-09,1.0159283862872104,0.7833333333333333,0.0
PNs,2026-06-05 00:00:00,0.9174960320255974,0.040154472155328,1.0617570504828664e-09,1.0175303784807088,0.8833333333333333,0.0
PNs,2026-06-05 01:00:00,0.7430161252184603,0.0408236760816692,1.081911357669807e-09,0.9946052301651308,0.9322033898305084,0.0
PNs,2026-06-05 02:00:00,0.8131603911078438,0.041564585825177705,1.1012222927934035e-09,0.9963590489229692,0.7166666666666667,0.0
PNs,2026-06-05 03:00:00,0.9125427219074533,0.041342701177435,1.0955880499501573e-09,0.9891077157217762,0.85,0.0
PNs,2026-06-05 04:00:00,1.3526314031012436,0.0411034057589768,1.0915271208598754e-09,1.0461700073732425,0.4406779661016949,0.0
PNs,2026-06-05 05:00:00,1.31203686369753,0.04193348092044085,1.1134950902809384e-09,1.01727474682947,0.4166666666666667,0.0
PNs,2026-06-05 06:00:00,2.7601441920302534,0.04261560552828145,1.124380103542641e-09,1.0430695475914273,0.0,0.0
PNs,2026-06-05 07:00:00,1.6037862505350746,0.0404888487541032,1.0664753193329736e-09,1.0447233764201476,0.01694915254237288,0.0
PNs,2026-06-05 08:00:00,1.047263776181866,0.0408082132661172,1.0738788883240633e-09,1.0174933539453153,0.5333333333333333,0.0
PNs,2026-06-05 09:00:00,0.9503365033123254,0.0405215199957726,1.066733224106347e-09,1.0201179246055725,0.9666666666666667,0.0
PNs,2026-06-05 10:00:00,1.0143611047948615,0.0398465598002374,1.0459411153256946e-09,0.9729842651743336,0.864406779661017,0.0
PNs,2026-06-05 11:00:00,0.8151371400095991,0.039460799452701145,1.0361864092564493e-09,1.0072038515497392,0.9833333333333333,0.0
PNs,2026-06-05 12:00:00,0.8036047791790173,0.0399623997478919,1.0459337029135016e-09,0.9809555586547276,0.9666666666666667,0.0
PNs,2026-06-05 13:00:00,0.9977389465800376,0.040154829462413,1.0512118916261296e-09,1.0125523218822847,0.8813559322033898,0.0
PNs,2026-06-05 14:00:00,0.8792928391524533,0.0408159890918987,1.073157089608644e-09,0.9920099347590665,0.75,0.0
PNs,2026-06-05 15:00:00,0.7904939950980557,0.041548393011447554,1.1019093852824857e-09,0.9816324029783503,1.0,0.0
PNs,2026-06-05 16:00:00,1.095524720676476,0.0401284212838256,1.0637689119610416e-09,0.995435981769248,0.5932203389830508,0.0
PNs,2026-06-05 17:00:00,1.335930275904863,0.042254178877270454,1.1175744933801229e-09,1.013140185506397,0.21666666666666667,0.0
PNs,2026-06-05 18:00:00,2.1514642054188258,0.042478360248184396,1.1186784045573e-09,1.0327997348105202,0.03333333333333333,0.0
PNs,2026-06-05 19:00:00,2.482118384647848,0.042208510339071,1.1036362773399287e-09,0.9990733262186844,0.01694915254237288,0.0
PNs,2026-06-05 20:00:00,1.485481931788756,0.04244321465967835,1.109480324471297e-09,0.9956772641575552,0.05,0.0
PNs,2026-06-05 21:00:00,1.49932053279716,0.041374744643390804,1.0855718794019709e-09,0.9807890862286532,0.016666666666666666,0.0
PNs,2026-06-05 22:00:00,1.676564480172234,0.0465351850470379,1.221474743350619e-09,1.1272075241990551,0.02127659574468085,0.0
PNs,2026-06-05 23:00:00,1.5501406396449093,0.046534687833112,1.2209381483356265e-09,1.0989512763508538,0.017857142857142856,0.0
PNs,2026-06-06 00:00:00,1.5636940908240446,0.04471938484702365,1.1754517395560352e-09,0.9767726277507409,0.03333333333333333,0.0
PNs,2026-06-06 01:00:00,2.269541401531864,0.04511010011333964,1.185216980702179e-09,0.9933642266436642,0.0,0.0
PNs,2026-06-06 02:00:00,2.470211917158743,0.0462692272510073,1.2150425385311044e-09,1.0015717545124831,0.0,0.0
PNs,2026-06-06 03:00:00,2.411872169999741,0.0468418669500273,1.2294278093391147e-09,1.0366188870697346,0.0,0.0
PNs,2026-06-06 04:00:00,3.494279186836394,0.0468872293392748,1.2306700023035428e-09,0.9833630979130308,0.0,0.0
PNs,2026-06-06 05:00:00,3.1907074123842647,0.0468127618877034,1.2288358147601742e-09,0.99632837291039,0.0,0.0
PNs,2026-06-06 06:00:00,4.845393070271634,0.0510583888336123,1.3409892586108895e-09,0.9419327690469826,0.0,0.0
PNs,2026-06-06 07:00:00,5.297028744827275,0.04860976845975375,1.274186393885972e-09,0.9566790883431333,0.0,0.0
PNs,2026-06-06 08:00:00,5.173586783355352,0.0495711548166832,1.3044044316584848e-09,0.9508674894247668,0.0,0.0
PNs,2026-06-06 09:00:00,7.122428534640699,0.05048132310901925,1.3298239377641652e-09,0.9653020262775377,0.0,0.0
PNs,2026-06-06 10:00:00,1.5654435423165791,0.043980157088205754,1.1585494193428532e-09,0.9914008644128541,0.016666666666666666,0.0
PNs,2026-06-06 11:00:00,2.454392722627293,0.0470266277049608,1.2403262486828783e-09,0.9691323648362764,0.01694915254237288,0.0
PNs,2026-06-06 12:00:00,6.1382200478699325,0.0501925438977147,1.3211295885257232e-09,0.949150757721902,0.0,0.0
PNs,2026-06-06 13:00:00,3.657917448878205,0.049204873234277746,1.293864475792296e-09,0.9448665293630204,0.0,0.0
PNs,2026-06-06 14:00:00,4.190825369423612,0.0491456903944638,1.2899977953770687e-09,0.9925180424185854,0.01694915254237288,0.0
PNs,2026-06-06 15:00:00,3.637460723287128,0.04653777683756765,1.2287081725064122e-09,0.9748914236087569,0.0,0.0
PNs,2026-06-06 16:00:00,3.0390449952028096,0.04391002624045855,1.1668745391175535e-09,0.9588898031215876,0.0,0.0
PNs,2026-06-06 17:00:00,4.616503826598896,0.0474685862425794,1.254370691391878e-09,0.962598123565834,0.01694915254237288,0.0
PNs,2026-06-06 18:00:00,7.230008172307302,0.05298377610240775,1.3875197410913381e-09,1.0187517961517523,0.0,0.0
PNs,2026-06-06 19:00:00,6.401121278655647,0.0506460630418831,1.3218249578236618e-09,0.9984814738474217,0.0,0.0
PNs,2026-06-06 20:00:00,7.436323554879048,0.0502489953410849,1.312701714398251e-09,0.9385593660141646,0.0,0.0
PNs,2026-06-06 21:00:00,5.438496452213036,0.048935941546904005,1.2786990599486177e-09,0.9616683008361094,0.0,0.0
PNs,2026-06-06 22:00:00,1.966010653916706,0.04482436527106245,1.1701368520486543e-09,1.0016455931924295,0.016666666666666666,0.0
PNs,2026-06-06 23:00:00,1.549952745602262,0.045607370091894,1.1924228146834702e-09,0.9975610013701884,0.01694915254237288,0.0
PNs,2026-06-07 00:00:00,1.4027017856873798,0.0442545665666277,1.1553369167151084e-09,0.9822194705115437,0.016666666666666666,0.0
PNs,2026-06-07 01:00:00,1.173903467659732,0.04437307443167265,1.1560561897908048e-09,0.9950803444139824,0.11666666666666667,0.0
PNs,2026-06-07 02:00:00,0.8329469538767333,0.0459944113243337,1.1960134125502443e-09,1.0432666039425345,1.0,0.0
PNs,2026-06-07 03:00:00,0.6844257141439632,0.04444772075152765,1.1563991927004562e-09,1.0249201112437996,1.0,0.0
PNs,2026-06-07 04:00:00,0.6714196543071942,0.0466453223515417,1.21328839823411e-09,1.039273846113435,1.0,0.0
PNs,2026-06-07 05:00:00,0.791204051410184,0.0461693585973431,1.2017977610149567e-09,1.0463032106040533,0.9830508474576272,0.0
PNs,2026-06-07 06:00:00,0.9554676405818296,0.045291015460029546,1.1787730933939251e-09,1.025008835363391,0.36666666666666664,0.0
PNs,2026-06-07 07:00:00,0.9533969207548737,0.046598753006633,1.2090386206537625e-09,0.9719417113115285,0.36666666666666664,0.0
PNs,2026-06-07 08:00:00,0.9116804618740352,0.0469139442414784,1.2203050421981623e-09,1.011904486313603,0.6101694915254238,0.0
PNs,2026-06-07 09:00:00,0.7703568810882774,0.0447382768169352,1.1702151048162378e-09,0.9843028251292706,0.9666666666666667,0.0
PNs,2026-06-07 10:00:00,0.6721271353997714,0.04677631473324055,1.2152104956170042e-09,1.0442509084802563,1.0,0.0
PNs,2026-06-07 11:00:00,0.6923523626301875,0.04444767942165765,1.1652852921308482e-09,1.0155621760849691,0.9655172413793104,0.0
PNs,2026-06-07 12:00:00,0.764449609265753,0.047324625578299945,1.2563652798761365e-09,1.0385468555374926,1.0,0.0
PNs,2026-06-07 13:00:00,0.6625831587714748,0.0443790470869845,1.1772085079049512e-09,0.9995164238429668,0.9830508474576272,0.0
PNs,2026-06-07 14:00:00,3.0986383633726113,0.0454708563390381,1.2056070214848098e-09,1.0057847655524563,0.034482758620689655,0.0
PNs,2026-06-07 15:00:00,3.1101935886825296,0.04831254559854105,1.2784396909539335e-09,1.069011070649772,0.016666666666666666,0.0
PNs,2026-06-07 16:00:00,1.9414677364285624,0.0447920423676804,1.1866048531828435e-09,1.0091182685481448,0.0,0.0
PNs,2026-06-07 17:00:00,3.1327397535835004,0.046379216286232955,1.226885867833742e-09,1.0594318328421028,0.0,0.0
PNs,2026-06-07 18:00:00,3.922457416950329,0.0478453779475708,1.2666685883768384e-09,1.026528220312374,0.0,0.0
PNs,2026-06-07 19:00:00,1.6842403314181849,0.0445055900794154,1.1652775627864162e-09,0.9733691743431752,0.0,0.0
PNs,2026-06-07 20:00:00,1.713251497114459,0.0453847646407864,1.1880291598928529e-09,0.9984803237854136,0.0,0.0
PNs,2026-06-07 21:00:00,1.6058190016689895,0.047457465407455,1.2471131306329015e-09,1.0532691449256453,0.0,0.0
PNs,2026-06-07 22:00:00,1.604212631053315,0.0462081610197316,1.2159794886620324e-09,1.021213092869507,0.0,0.0
PNs,2026-06-07 23:00:00,1.2777558867476824,0.04562020798837585,1.1984831618806268e-09,1.00771782494862,0.0,0.0
PNs,2026-06-08 00:00:00,1.281601529168132,0.045880168212561,1.2004862795135192e-09,0.9950985788640412,0.01694915254237288,0.0
PNs,2026-06-08 01:00:00,0.9630027833061654,0.045615165631172405,1.1978077476840454e-09,0.9873404591776092,0.8166666666666667,0.0
PNs,2026-06-08 02:00:00,1.1016716998506402,0.0444711475150026,1.1654457709153743e-09,1.0136617774336991,0.6949152542372882,0.0
PNs,2026-06-08 03:00:00,1.15225993562116,0.04507525564329405,1.1817278937921296e-09,0.9788987079654762,0.4666666666666667,0.0
PNs,2026-06-08 04:00:00,1.1369265072836074,0.0437671561008625,1.1479685052220382e-09,0.9523619495297324,0.5166666666666667,0.0
PNs,2026-06-08 05:00:00,1.7055129659872377,0.0444447544038906,1.1655191424600207e-09,1.026146896723379,0.13559322033898305,0.0
PNs,2026-06-08 06:00:00,3.351893043139425,0.0476735354070768,1.2511154031783988e-09,1.0314990922207299,0.0,0.0
PNs,2026-06-08 07:00:00,3.8750332548537685,0.04832761806931615,1.2701617253446827e-09,1.011281308620807,0.0,0.0
PNs,2026-06-08 08:00:00,3.505660577361578,0.0482650877963731,1.2630138282413502e-09,1.050999288037917,0.0,0.0
PNs,2026-06-08 09:00:00,2.266718983549115,0.0464888265857806,1.217495100343556e-09,1.0385162040830123,0.0,0.0
PNs,2026-06-08 10:00:00,1.9886350256361351,0.047255793588167144,1.2416325092706283e-09,1.008688343113295,0.0,0.0
PNs,2026-06-08 11:00:00,1.7865261793303286,0.0458172683815433,1.2009933777795304e-09,1.0360374881297996,0.01694915254237288,0.0
PNs,2026-06-08 12:00:00,1.7177479160878162,0.044573917801740304,1.1657429374087993e-09,1.0159110236378135,0.0,0.0
PNs,2026-06-08 13:00:00,1.8943281040267035,0.04560498600836265,1.1911385744658916e-09,0.9800008187461084,0.016666666666666666,0.0
PNs,2026-06-08 14:00:00,1.3777401039493449,0.0438306484877169,1.1481346405403483e-09,0.9868367124328776,0.03389830508474576,0.0
PNs,2026-06-08 15:00:00,1.187788184753064,0.04439783290775245,1.1576576843632072e-09,1.0264355951037398,0.03333333333333333,0.0
PNs,2026-06-08 16:00:00,1.3434757493501492,0.044591796394884045,1.159339326458462e-09,1.0027605595190083,0.03333333333333333,0.0
PNs,2026-06-08 17:00:00,2.292980524457709,0.0469461284230755,1.2214381321290171e-09,0.9753407722934028,0.01694915254237288,0.0
PNs,2026-06-08 18:00:00,2.735616640362908,0.045301872701277196,1.1794741582186709e-09,1.0320735162640569,0.0,0.0
PNs,2026-06-08 19:00:00,2.3795847017448364,0.045563366160661256,1.1866355257017159e-09,0.9970715208689606,0.0,0.0
PNs,2026-06-08 20:00:00,2.3693221506575277,0.0470520010649648,1.230449804312325e-09,1.0144895811391463,0.0,0.0
PNs,2026-06-08 21:00:00,1.7870218420621948,0.047478275396742556,1.244977096920093e-09,1.0541711854356413,0.0,0.0
PNs,2026-06-08 22:00:00,1.540451256401599,0.0483012070188458,1.2641928724181967e-09,1.0542021567978694,0.016666666666666666,0.0
PNs,2026-06-08 23:00:00,1.629493302522858,0.0476323444079594,1.2456575136326047e-09,1.037252616479502,0.01694915254237288,0.0
PNs,2026-06-09 00:00:00,1.2634021028068205,0.04788033918498395,1.2532452407977635e-09,1.0630129835438598,0.05,0.0
PNs,2026-06-09 01:00:00,1.1470477726463493,0.0477827931595013,1.2527212545933403e-09,1.090414614896378,0.16666666666666666,0.0
PNs,2026-06-09 02:00:00,1.1672451467426856,0.046573054424952,1.2170830235208071e-09,1.131186191360707,0.1694915254237288,0.0
PNs,2026-06-09 03:00:00,1.55989374818733,0.04665850528637775,1.2217285601760677e-09,1.057460385533073,0.05,0.0
PNs,2026-06-09 04:00:00,3.221194309026088,0.0487620879628562,1.2771928754905106e-09,1.0010678511176452,0.0,0.0
PNs,2026-06-09 05:00:00,4.258764005138781,0.0483350195598474,1.2654145344242806e-09,0.9898423321709876,0.0,0.0
PNs,2026-06-09 06:00:00,7.406533156117524,0.05186473489419255,1.3590674548442203e-09,0.9455159995955325,0.0,0.0
PNs,2026-06-09 07:00:00,8.383042184464347,0.053990146681768,1.4160392777332448e-09,0.9474471760403429,0.0,0.0
PNs,2026-06-09 08:00:00,4.772156011328692,0.0475549622762401,1.2450740319964741e-09,0.9541324668433672,0.01694915254237288,0.0
PNs,2026-06-09 09:00:00,2.3642306842864405,0.0452050462252022,1.1773578305543688e-09,0.9828532161162766,0.0,0.0
PNs,2026-06-09 10:00:00,4.943394067541105,0.047949771622305,1.2479889227560863e-09,0.952505202068699,0.016666666666666666,0.0
PNs,2026-06-09 11:00:00,4.657116213489811,0.0506884277103983,1.315381144649011e-09,0.973744122945649,0.01694915254237288,0.0
PNs,2026-06-09 12:00:00,5.475816227731061,0.051167677270432255,1.3254664937291526e-09,0.9708524572069533,0.020833333333333332,0.0
PNs,2026-06-09 13:00:00,4.240146885985483,0.049049923545240945,1.2731747033065233e-09,1.002028617790234,0.0,0.0
PNs,2026-06-09 14:00:00,2.1711552753701597,0.04608656978402985,1.1984599146492371e-09,0.987208107222563,0.03333333333333333,0.0
PNs,2026-06-09 15:00:00,1.3019526649914617,0.0449294387558081,1.1667078657850024e-09,1.0314307285782205,0.03389830508474576,0.0
PNs,2026-06-09 16:00:00,1.1368502112852332,0.0450937461180315,1.1755702109237988e-09,1.014343458141492,0.43333333333333335,0.0
PNs,2026-06-09 17:00:00,1.1520946658920073,0.04657429453650695,1.2129982800316085e-09,1.0146412803280451,0.26666666666666666,0.0
PNs,2026-06-09 18:00:00,1.6422995681751722,0.045954644196581,1.196248081964626e-09,0.9968336982331488,0.11864406779661017,0.0
PNs,2026-06-09 19:00:00,1.2584238891494108,0.04531286772948935,1.1837711950112087e-09,1.013185644629695,0.2833333333333333,0.0
PNs,2026-06-09 20:00:00,-0.3374568980932986,0.0410469208430344,1.0779159402238107e-09,1.0353404820562997,0.21621621621621623,0.0
PNs,2026-06-09 21:00:00,1.5203336100393487,0.04756763850579675,1.2482751528055434e-09,1.0112561761312222,0.03333333333333333,0.0
PNs,2026-06-09 22:00:00,1.8449600806356168,0.047573136948490996,1.2497988337888854e-09,1.0723604186105118,0.03333333333333333,0.0
PNs,2026-06-09 23:00:00,1.562337520911423,0.0461306125601525,1.212098792567848e-09,1.0690838168084422,0.03389830508474576,0.0
PNs,2026-06-10 00:00:00,1.2444121748424093,0.047366665645257,1.2427412106056193e-09,1.0185300753133393,0.05,0.0
PNs,2026-06-10 01:00:00,1.1493038227419505,0.04570261742013955,1.2018495884051461e-09,1.0129138381822231,0.1,0.0
PNs,2026-06-10 02:00:00,2.1190674491807333,0.04751307459608,1.2500906122732675e-09,1.0207516474941307,0.01694915254237288,0.0
PNs,2026-06-10 03:00:00,2.796927585374354,0.047840285598472046,1.2572637719648326e-09,1.0662663671683292,0.0,0.0
PNs,2026-06-10 04:00:00,1.9999042583934101,0.0463963175029167,1.2200267997181822e-09,0.9909331721700798,0.016666666666666666,0.0
PNs,2026-06-10 05:00:00,2.189276352205081,0.0451026233419004,1.1853541387080463e-09,0.983539494828008,0.01694915254237288,0.0
PNs,2026-06-10 06:00:00,3.324096826265903,0.047317307599332004,1.241939257161593e-09,0.9569193616656679,0.0,0.0
PNs,2026-06-10 07:00:00,10.35583106047742,0.05639652801415085,1.4793177486458569e-09,0.8979155028798105,0.0,0.0
PNs,2026-06-10 08:00:00,2.688830716183375,0.0472837591794347,1.2401409013646372e-09,0.921991918568807,0.01694915254237288,0.0
PNs,2026-06-10 09:00:00,1.477943870120904,0.04601983511083205,1.205042935572362e-09,0.9881832188413322,0.016666666666666666,0.0
PNs,2026-06-10 10:00:00,1.1040349292485796,0.04547926607432565,1.1900199091969323e-09,0.9995669893546519,0.26666666666666666,0.0
PNs,2026-06-10 11:00:00,1.1115819265891087,0.0464893440190669,1.213747471588996e-09,0.9593654682203556,0.2711864406779661,0.0
PNs,2026-06-10 12:00:00,0.788439950496557,0.04530731898283115,1.1809952881431911e-09,1.0044144776455264,0.7,0.0
PNs,2026-06-10 13:00:00,0.9576943755347296,0.04669214088673995,1.2148032961410116e-09,0.9977123936688946,0.36666666666666664,0.0
PNs,2026-06-10 14:00:00,1.1121570490393182,0.0476759475306587,1.2394984372436131e-09,1.0167213289123656,0.2542372881355932,0.0
PNs,2026-06-10 15:00:00,1.4715482621313132,0.0474557491747646,1.2349135967811318e-09,1.0124229852730469,0.016666666666666666,0.0
PNs,2026-06-10 16:00:00,1.4701004527660668,0.048360437995305205,1.2665350002435738e-09,0.9925374819120999,0.016666666666666666,0.0
PNs,2026-06-10 17:00:00,1.6329723588063152,0.0483355196280775,1.2652369095715146e-09,0.9724923554836532,0.03389830508474576,0.0
PNs,2026-06-10 18:00:00,2.338821958333985,0.047826607811615005,1.2494334619649663e-09,1.007908092873031,0.016666666666666666,0.0
PNs,2026-06-10 19:00:00,2.890226435768561,0.0486564782563396,1.2745932890556859e-09,1.021883571197641,0.016666666666666666,0.0
PNs,2026-06-10 20:00:00,2.828186551046732,0.0472484785869552,1.24676096425749e-09,0.9650092228031418,0.01694915254237288,0.0
PNs,2026-06-10 21:00:00,2.1146474147810315,0.0467279391146359,1.2296709085291013e-09,0.996627101123156,0.016666666666666666,0.0
PNs,2026-06-10 22:00:00,2.170079892132162,0.0479960632855535,1.2597436502746709e-09,1.0132095325403254,0.016666666666666666,0.0
PNs,2026-06-10 23:00:00,2.798223783364157,0.0469894904896396,1.2335711296677763e-09,1.017802763040779,0.01694915254237288,0.0
PNs,2026-06-11 00:00:00,2.7543223581116365,0.0468980292524657,1.2306904176611495e-09,1.015362189118464,0.016666666666666666,0.0
PNs,2026-06-11 01:00:00,2.37183240325116,0.04823246367101895,1.2653728421883402e-09,1.0408856050239608,0.016666666666666666,0.0
PNs,2026-06-11 02:00:00,1.5967496115522313,0.0466627611353574,1.2271770756113032e-09,0.9952202322575802,0.01694915254237288,0.0
PNs,2026-06-11 03:00:00,2.210241450825955,0.04625084341868965,1.2170115951476078e-09,0.9943734519050866,0.016666666666666666,0.0
PNs,2026-06-11 04:00:00,2.30131715478974,0.0464808280532491,1.2207166760159098e-09,0.9787362247413893,0.016666666666666666,0.0
PNs,2026-06-11 05:00:00,3.5874115669651747,0.0462454797528548,1.216734106865815e-09,0.9374633406410304,0.01694915254237288,0.0
PNs,2026-06-11 06:00:00,4.391059740326205,0.0476009253304325,1.2506727725817607e-09,0.9493823785817053,0.016666666666666666,0.0
PNs,2026-06-11 07:00:00,2.6973086161779345,0.04705609435372585,1.2379005979800144e-09,1.0017104830411774,0.016666666666666666,0.0
PNs,2026-06-11 08:00:00,1.8493577787655737,0.04473827598630875,1.1778670081030082e-09,0.9806956272877795,0.06896551724137931,0.0
PNs,2026-06-11 09:00:00,0.887576751900238,0.04574885127516215,1.19860132553093e-09,0.9766916721019614,0.4666666666666667,0.0
PNs,2026-06-11 10:00:00,0.8602265880499569,0.04432216427748695,1.1599859973563366e-09,1.0296574558210507,0.5166666666666667,0.0
PNs,2026-06-11 11:00:00,0.8114450657737867,0.045891888957806604,1.2006522564226878e-09,1.001931682435412,0.7413793103448276,0.0
PNs,2026-06-11 12:00:00,0.7481518659865589,0.04593485023891285,1.2003944977816414e-09,1.0284797916855968,0.8666666666666667,0.0
PNs,2026-06-11 13:00:00,0.8065325275963369,0.0449114317944916,1.1748005425573983e-09,1.0148044418443294,0.9,0.0
PNs,2026-06-11 14:00:00,0.8880517547470962,0.04560171485452855,1.1885471423483464e-09,0.9828304545632958,0.6379310344827587,0.0
PNs,2026-06-11 15:00:00,0.99481688490312,0.0475822118382074,1.2433442422611235e-09,1.055995434719945,0.6610169491525424,0.0
PNs,2026-06-11 16:00:00,1.1702107528375434,0.0466671621158161,1.2240929302268635e-09,1.005050060585642,0.3389830508474576,0.0
PNs,2026-06-11 17:00:00,1.4124979653018506,0.045290387642330454,1.1883461795416694e-09,0.9571043168568287,0.034482758620689655,0.0
PNs,2026-06-11 18:00:00,1.7478061460014864,0.0459703026151008,1.2029774346030275e-09,0.9718786439743308,0.01694915254237288,0.0
PNs,2026-06-11 19:00:00,1.606455293974381,0.0483999246815678,1.2650744018592071e-09,1.0011929110030575,0.0,0.0
PNs,2026-06-11 20:00:00,2.2952167973600597,0.04794510964348185,1.2626083046837265e-09,1.0026456740867566,0.0,0.0
PNs,2026-06-11 21:00:00,2.0822408511986352,0.0482658917859032,1.273606559763176e-09,1.0337214309948826,0.0847457627118644,0.0
PNs,2026-06-11 22:00:00,1.2249730749053507,0.047444028589246096,1.2470531135766042e-09,1.027191237667938,0.08333333333333333,0.0
PNs,2026-06-11 23:00:00,1.1420083029532058,0.0454460917141297,1.2012004858963914e-09,0.9791854413874308,0.1694915254237288,0.0
PNs,2026-06-12 00:00:00,1.0606117148768572,0.0486419605274719,1.2873935121458372e-09,1.080962884966909,0.8813559322033898,0.0
PNs,2026-06-12 01:00:00,0.8878467792592245,0.04537537681941585,1.1992286343719847e-09,0.9904956935310274,0.8166666666666667,0.0
PNs,2026-06-12 02:00:00,0.8271632731328936,0.0438890275180099,1.1535583757698723e-09,0.9914983651331862,0.6779661016949152,0.0
PNs,2026-06-12 03:00:00,0.7097073874262285,0.0450917731519838,1.1872387297203276e-09,1.0140225776927387,0.85,0.0
PNs,2026-06-12 04:00:00,1.1110364695064083,0.04466994662869165,1.1800407329353072e-09,0.9644484890380141,0.08333333333333333,0.0
PNs,2026-06-12 05:00:00,1.255310925207252,0.0454641229325017,1.2003400076405923e-09,1.030416289259635,0.23728813559322035,0.0
PNs,2026-06-12 06:00:00,1.9060801253841837,0.0486102722917677,1.2822602901313512e-09,1.00958952574421,0.06666666666666667,0.0
PNs,2026-06-12 07:00:00,1.8439901002057129,0.045519483415426346,1.2015793380345298e-09,1.0258726074014144,0.21666666666666667,0.0
PNs,2026-06-12 08:00:00,1.6134544407106723,0.0449925204064765,1.18646477445396e-09,1.0175650438582995,0.03389830508474576,0.0
PNs,2026-06-12 09:00:00,1.1813008848358386,0.046151413951025455,1.212271762672797e-09,1.0141272212946304,0.08333333333333333,0.0
PNs,2026-06-12 10:00:00,0.9112679860925187,0.0461938825001017,1.2107964902162464e-09,0.9910935146439965,0.5166666666666667,0.0
PNs,2026-06-12 11:00:00,0.7605460588305885,0.0464155240822171,1.216675440544706e-09,0.987287575440082,0.8813559322033898,0.0
PNs,2026-06-12 12:00:00,0.7182417295902619,0.0465528263236897,1.2177063984342067e-09,1.0347436363649591,0.85,0.0
PNs,2026-06-12 13:00:00,0.6882447755165013,0.0451638703865858,1.180423559142355e-09,1.0285782145753215,0.9166666666666666,0.0
PNs,2026-06-12 14:00:00,0.681936757805974,0.0485265779177826,1.2661812050104907e-09,1.0555516406656091,0.9491525423728814,0.0
PNs,2026-06-12 15:00:00,0.797522444712302,0.05006179742596875,1.32557800151062e-09,1.0537492873095804,0.85,0.0
PNs,2026-06-12 16:00:00,0.9996559564039325,0.050597272257119755,1.3350642309630222e-09,1.1669803976194904,0.5833333333333334,0.0
PNs,2026-06-12 17:00:00,0.922506694339711,0.0467206179349383,1.2290767621742503e-09,1.071305835670083,0.5423728813559322,0.0
PNs,2026-06-12 18:00:00,1.103392121786916,0.046244037165471194,1.2163188607977777e-09,1.0410599447495903,0.13333333333333333,0.0
PNs,2026-06-12 19:00:00,1.1771360459236324,0.0457481003655913,1.2016707946176998e-09,0.9964398219644461,0.03333333333333333,0.0
PNs,2026-06-12 20:00:00,1.1867583439593772,0.0475082942065867,1.2452655754968403e-09,0.9846233980417344,0.15254237288135594,0.0
PNs,2026-06-12 21:00:00,1.29962244299298,0.04691900560209185,1.2310781029543464e-09,1.0227819850055897,0.03333333333333333,0.0
PNs,2026-06-12 22:00:00,1.5690803583934763,0.045660085131210004,1.2001884573186865e-09,0.9974241217463209,0.016666666666666666,0.0
PNs,2026-06-12 23:00:00,1.8555237849430584,0.0471067233612855,1.2381836526552867e-09,0.9712808728261828,0.01694915254237288,0.0
PNs,2026-06-13 00:00:00,2.0572851889537174,0.046013901577355146,1.2101996018969486e-09,1.0362569365275345,0.016666666666666666,0.0
PNs,2026-06-13 01:00:00,2.0183990809484387,0.04767812132891765,1.2533570475008688e-09,1.041030879171945,0.016666666666666666,0.0
PNs,2026-06-13 02:00:00,1.6634927579358052,0.0455617463787048,1.1986086170250883e-09,1.0231022441939726,0.01694915254237288,0.0
PNs,2026-06-13 03:00:00,1.652224769294047,0.04423588855247615,1.1641320828274462e-09,1.031753485283207,0.016666666666666666,0.0
PNs,2026-06-13 04:00:00,2.0262275072425604,0.046730387131588905,1.2299657609770709e-09,1.014879636781612,0.016666666666666666,0.0
PNs,2026-06-13 05:00:00,2.87458317582686,0.0472384427979001,1.2476906075336298e-09,1.0476259277379512,0.01694915254237288,0.0
PNs,2026-06-13 06:00:00,6.238685215045629,0.04968465090969745,1.3120885459748752e-09,0.9719830298845318,0.0,0.0
PNs,2026-06-13 07:00:00,9.391975245457495,0.0563289664370094,1.479936934553463e-09,0.926232076193749,0.0,0.0
PNs,2026-06-13 08:00:00,3.496007141857143,0.04873820541608,1.2769609524811535e-09,0.9710434282280794,0.01694915254237288,0.0
PNs,2026-06-13 09:00:00,0.937771001929192,0.0455017554778595,1.1927682260233987e-09,1.005178333645968,0.35,0.0
PNs,2026-06-13 10:00:00,0.5418543796207109,0.04564867349199245,1.2019087940936927e-09,1.0260323890076228,1.0,0.0
PNs,2026-06-13 11:00:00,0.6322345546402862,0.0430264904061822,1.1462138720658614e-09,1.0372216683679338,0.9322033898305084,0.0
PNs,2026-06-13 12:00:00,0.5105831898896793,0.046156670142548054,1.2239660629359513e-09,1.0899946325871717,0.95,0.0
PNs,2026-06-13 13:00:00,0.5087359820558257,0.046837391569414605,1.2297151522197382e-09,1.168531775204428,1.0,0.0
PNs,2026-06-13 14:00:00,0.6421419924540442,0.0453934387906788,1.195036669654142e-09,1.0863741565293856,1.0,0.0
PNs,2026-06-13 15:00:00,0.6679357244355449,0.0486771265439605,1.2790849099083956e-09,1.1784519104006153,1.0,0.0
PNs,2026-06-13 16:00:00,0.6042325305850728,0.045299560587107754,1.2005724022709721e-09,1.0008047951965693,0.9833333333333333,0.0
PNs,2026-06-13 17:00:00,0.7467419039740798,0.0449034997815921,1.1865958308281991e-09,1.004687100732989,0.864406779661017,0.0
PNs,2026-06-13 18:00:00,0.7783442226331754,0.04967667644991075,1.315361990675072e-09,1.0780828086966683,0.8833333333333333,0.0
PNs,2026-06-13 19:00:00,0.7666123370136857,0.0468046437943298,1.2283781161716139e-09,1.0604731376278789,0.9333333333333333,0.0
PNs,2026-06-13 20:00:00,0.8672731620863063,0.04549523928427675,1.196092203059376e-09,1.0292891753881093,0.5689655172413793,0.0
PNs,2026-06-13 21:00:00,2.109854566499112,0.047047674643465556,1.2281670377569393e-09,1.032012744345632,0.016666666666666666,0.0
PNs,2026-06-13 22:00:00,2.6813345064012717,0.04742406466041485,1.2367621603217707e-09,0.9922825942421002,0.016666666666666666,0.0
PNs,2026-06-13 23:00:00,2.399111339569223,0.04763256437968125,1.2429728744017728e-09,0.9989617441222114,0.0,0.0
PNs,2026-06-14 00:00:00,1.7884364820497232,0.04723998283849675,1.232915483324458e-09,0.9999510364933893,0.016666666666666666,0.0
PNs,2026-06-14 01:00:00,1.865974584255997,0.0476410143288242,1.2425606197009458e-09,1.0926702569446016,0.016666666666666666,0.0
PNs,2026-06-14 02:00:00,1.889048103352225,0.0475958362842176,1.241015158284004e-09,1.0684198959984275,0.0,0.0
PNs,2026-06-14 03:00:00,1.554198843536147,0.04692002307546835,1.2266762400177008e-09,0.9982414441753253,0.016666666666666666,0.0
PNs,2026-06-14 04:00:00,1.6916291486825377,0.0455802308733885,1.186094420858552e-09,0.9663051494315696,0.0,0.0
PNs,2026-06-14 05:00:00,2.101023026472549,0.0462883653451149,1.2051188469904532e-09,0.9755072745657122,0.0,0.0
PNs,2026-06-14 06:00:00,3.082028284088081,0.0484015230003988,1.261890854645942e-09,0.952800098071104,0.0,0.0
PNs,2026-06-14 07:00:00,3.0702569376343525,0.0482137232481114,1.2563199693782163e-09,0.9911215957791876,0.0,0.0
PNs,2026-06-14 08:00:00,6.947183504537186,0.05338239112385075,1.3881342164088347e-09,0.9706218499709638,0.0,0.0
PNs,2026-06-14 09:00:00,12.591946044557645,0.0592119136216468,1.54205057982513e-09,0.851855229148374,0.0,0.0
PNs,2026-06-14 10:00:00,18.571588175319,0.0727903105942017,1.910851270584373e-09,0.8308020141559289,0.0,0.0
PNs,2026-06-14 11:00:00,9.655377599964112,0.0538807302895795,1.421376161315183e-09,0.8906187873558962,0.018518518518518517,0.0
PNs,2026-06-14 12:00:00,5.722959773975773,0.04977626755111745,1.3126551779126754e-09,0.9478412157666286,0.0,0.0
PNs,2026-06-14 13:00:00,2.4754016513931916,0.04761369298409005,1.2521232811050433e-09,0.9977578015830508,0.0,0.0
PNs,2026-06-14 14:00:00,0.9957172465112042,0.0462452934150461,1.209779060587703e-09,1.0836012982994134,0.5254237288135594,0.0
PNs,2026-06-14 15:00:00,2.186723007822658,0.047303871675181644,1.2435648681096708e-09,0.9919314998396336,0.0,0.0
PNs,2026-06-14 16:00:00,1.9694483682207606,0.04611330030078565,1.2124072004850501e-09,0.9890401820739094,0.23333333333333334,0.0
PNs,2026-06-14 17:00:00,1.0477437784582475,0.0465967324864555,1.225538968659337e-09,0.9813233525926564,0.4745762711864407,0.0
PNs,2026-06-14 18:00:00,0.7610355109252082,0.04467520963019725,1.1745541707091209e-09,1.0173822597759818,0.75,0.0
PNs,2026-06-14 19:00:00,1.2440747173237243,0.04651011429830335,1.2213483430947831e-09,1.0534524288011096,0.08333333333333333,0.0
PNs,2026-06-14 20:00:00,1.580614487090408,0.047173112565447,1.2345196899357846e-09,1.0100238731215545,0.03389830508474576,0.0
PNs,2026-06-14 21:00:00,1.9010793787229816,0.0475103065694423,1.24369548599696e-09,1.0209093053847567,0.0,0.0
PNs,2026-06-14 22:00:00,1.700500993394995,0.047335677460817155,1.2404660305135003e-09,1.0135824769986552,0.016666666666666666,0.0
PNs,2026-06-14 23:00:00,1.687312871117062,0.0460231389847977,1.205872725739081e-09,0.9950908957242948,0.01694915254237288,0.0
PNs,2026-06-15 00:00:00,1.6758147162387662,0.04539671726770304,1.1883858532755357e-09,1.0058836364896866,0.016666666666666666,0.0
PNs,2026-06-15 01:00:00,1.4570456524060609,0.04637337867179335,1.2154629338960561e-09,1.0041181690406,0.016666666666666666,0.0
PNs,2026-06-15 02:00:00,2.14536936016389,0.0463637651841605,1.2138717071775922e-09,0.998735106011394,0.01694915254237288,0.0
PNs,2026-06-15 03:00:00,2.51300176363278,0.0457883906550967,1.1997085385553453e-09,0.9874779256514756,0.0,0.0
PNs,2026-06-15 04:00:00,4.334091145699103,0.0473662692226572,1.243893444889273e-09,0.9822816570028734,0.0,0.0
PNs,2026-06-15 05:00:00,4.704398120000952,0.0495690513315379,1.3014504922380672e-09,0.977647034734358,0.01694915254237288,0.0
PNs,2026-06-15 06:00:00,6.765691722687688,0.05187469914832285,1.3628748169173065e-09,0.9091128160002184,0.0,0.0
PNs,2026-06-15 07:00:00,6.989969633191735,0.0507305640299427,1.3308993283442236e-09,0.9248291745971048,0.0,0.0
PNs,2026-06-15 08:00:00,4.010881440396228,0.0480653086483468,1.2638343902971079e-09,0.97543797653214,0.01694915254237288,0.0
PNs,2026-06-15 09:00:00,2.5339324635853937,0.04891665921380675,1.2888060615868116e-09,0.9835957175230685,0.016666666666666666,0.0
PNs,2026-06-15 10:00:00,5.695760104085382,0.04970062810712325,1.3190181216629144e-09,0.9711560136402226,0.0,0.0
PNs,2026-06-15 11:00:00,6.1590020688887215,0.0512740214517863,1.369029149829555e-09,0.9521996922665246,0.01694915254237288,0.0
PNs,2026-06-15 12:00:00,5.575323682931787,0.0482109061733328,1.2905214035822415e-09,0.9467569490054539,0.0,0.0
PNs,2026-06-15 13:00:00,3.315712282982275,0.05246180245500945,1.4053789097783895e-09,1.0257998324178246,0.016666666666666666,0.0
PNs,2026-06-15 14:00:00,4.656693148093413,0.0485839480466671,1.3009644417414468e-09,0.961123068629611,0.01694915254237288,0.0
PNs,2026-06-15 15:00:00,3.484569601966371,0.045404561791251755,1.2154825254021938e-09,0.9408234380644195,0.016666666666666666,0.0
PNs,2026-06-15 16:00:00,2.9472425501323376,0.0508444758794387,1.3635122297736643e-09,1.0277911089940668,0.016666666666666666,0.0
PNs,2026-06-15 17:00:00,3.3685176622461706,0.0465847527890515,1.2506449186397914e-09,1.011627627748484,0.01694915254237288,0.0
PNs,2026-06-15 18:00:00,3.853034840813123,0.0469300425421898,1.2574742660250787e-09,1.0444706819270477,0.016666666666666666,0.0
PNs,2026-06-15 19:00:00,4.452165423381535,0.0494792642577539,1.3277952254107616e-09,1.004168978790667,0.016666666666666666,0.0
PNs,2026-06-15 20:00:00,7.261727100566873,0.0494140863575484,1.3241484676360111e-09,0.9851893510912395,0.0,0.0
PNs,2026-06-15 21:00:00,7.47918584525253,0.05131812500454725,1.3786578224656708e-09,0.9419647266063947,0.016666666666666666,0.0
PNs,2026-06-15 22:00:00,6.076349911818946,0.049974988896331,1.3420476547523094e-09,0.9453384214322292,0.016666666666666666,0.0
PNs,2026-06-15 23:00:00,1.8168891614238691,0.0441682427119075,1.1861890411574853e-09,1.0010171897744515,0.017241379310344827,0.0
PNs,2026-06-16 00:00:00,1.0361366596062214,0.0440311232325758,1.1821619272580407e-09,0.9948764644869363,0.36666666666666664,0.0
PNs,2026-06-16 01:00:00,1.626249764066733,0.0462463972479948,1.2416750977122615e-09,1.022438639430391,0.016666666666666666,0.0
PNs,2026-06-16 02:00:00,2.6623754073609214,0.04431981831624205,1.189700667292451e-09,1.0225454188894991,0.0,0.0
PNs,2026-06-16 03:00:00,2.3455706391852313,0.044823651693820896,1.2035697296858224e-09,0.9945637012279935,0.016666666666666666,0.0
PNs,2026-06-16 04:00:00,1.9754126033061508,0.044244403365713,1.1879686590787235e-09,0.9716441971488016,0.0,0.0
PNs,2026-06-16 05:00:00,5.331325399657411,0.04674971124707465,1.253426780097353e-09,0.9783586081021645,0.0,0.0
PNs,2026-06-16 06:00:00,8.746468506401289,0.0521413092021721,1.3995182878662456e-09,0.9241292812891136,0.0,0.0
PNs,2026-06-16 07:00:00,6.521489745971814,0.0495891198079146,1.330391621437528e-09,0.9417942627839506,0.0,0.0
PNs,2026-06-16 08:00:00,2.7524322862652624,0.0436320990193857,1.1640909644624818e-09,0.9749930603023015,0.0,0.0
PNs,2026-06-16 09:00:00,1.696358215509824,0.0460230015626056,1.225854583011514e-09,0.9937007283776484,0.04,0.0
PNs,2026-06-16 10:00:00,1.8474531834640666,0.04659675438884075,1.2382099880351178e-09,0.9555873058100637,0.0,0.0
PNs,2026-06-16 11:00:00,1.4656515832917782,0.045037263665851396,1.1963345345173777e-09,1.0156956642273964,0.0,0.0
PNs,2026-06-16 12:00:00,4.614025246263751,0.0493721923073115,1.3190041414309994e-09,1.0019000655129933,0.0,0.0
PNs,2026-06-16 13:00:00,6.41009998112778,0.0516782288235451,1.3821323851931413e-09,1.0182290807403884,0.0,0.0
PNs,2026-06-16 14:00:00,5.8424526447702565,0.0503680543288678,1.351234006086161e-09,0.9613350085599637,0.0,0.0
PNs,2026-06-16 15:00:00,5.117433280623685,0.0469805827761947,1.2613145091081472e-09,0.9685377773377314,0.0,0.0
PNs,2026-06-16 16:00:00,5.157735778666019,0.0486185638569363,1.3056367458945614e-09,0.9922738233225886,0.0,0.0
PNs,2026-06-16 17:00:00,5.327035914349349,0.0480764412537472,1.2898583233468566e-09,0.9762459059699797,0.0,0.0
PNs,2026-06-16 18:00:00,5.080885881330217,0.0489390148529365,1.3144843372714534e-09,0.976605428990721,0.0,0.0
PNs,2026-06-16 19:00:00,4.950811029284637,0.0480556254957918,1.2849804060863999e-09,0.9969964892912313,0.0,0.0
PNs,2026-06-16 20:00:00,5.442528276911888,0.0485854627878599,1.297701669726719e-09,0.9937265037886915,0.0,0.0
PNs,2026-06-16 21:00:00,6.55253830418799,0.0522774000698417,1.4011371471478034e-09,0.940479024878589,0.0,0.0
PNs,2026-06-16 22:00:00,5.140292886925867,0.0515367374327126,1.38336043083641e-09,0.9755347007118969,0.0,0.0
PNs,2026-06-16 23:00:00,4.24800101294235,0.047512278671404,1.2741701948215131e-09,1.0325051490174233,0.0,0.0
PNs,2026-06-17 00:00:00,1.5001884355169803,0.046387424230866,1.243781547684126e-09,1.066374387150384,0.01694915254237288,0.0
PNs,2026-06-17 01:00:00,1.1519659973580623,0.04573556780473465,1.2226494880152386e-09,1.0547250243994228,0.08333333333333333,0.0
PNs,2026-06-17 02:00:00,0.899480932202992,0.045166394920194,1.2096370836250646e-09,1.010455047588107,0.4666666666666667,0.0
PNs,2026-06-17 03:00:00,2.093723000121867,0.0468522241070456,1.2512620499719484e-09,0.9913525187892313,0.01694915254237288,0.0
PNs,2026-06-17 04:00:00,2.225297909047174,0.045107332929469154,1.2042174189745524e-09,1.0095366649803066,0.016666666666666666,0.0
PNs,2026-06-17 05:00:00,3.071111395106174,0.046163395072487554,1.2313182776414918e-09,0.9923253597003621,0.0,0.0
PNs,2026-06-17 06:00:00,3.9087265570866503,0.0506317611835248,1.3505612033622763e-09,1.001822511577494,0.01694915254237288,0.0
PNs,2026-06-17 07:00:00,3.4800949533780927,0.05067564698762715,1.3566240271579782e-09,1.0187166178094769,0.0,0.0
PNs,2026-06-17 08:00:00,3.154802131113396,0.0474168525801519,1.2693792834815545e-09,0.9753256322091182,0.016666666666666666,0.0
PNs,2026-06-17 09:00:00,2.9804327749479724,0.0429197665522477,1.1466687445032251e-09,1.0168777899312271,0.01694915254237288,0.0
PNs,2026-06-17 10:00:00,5.1572776104886575,0.05223130380128215,1.3922757867315237e-09,0.9990359441259038,0.016666666666666666,0.0
PNs,2026-06-17 11:00:00,12.831604822252892,0.06134469206276735,1.6227075922116323e-09,0.9489573014857589,0.0,0.0
PNs,2026-06-17 12:00:00,3.858150901287212,0.0496704904197941,1.3129220408531574e-09,0.955394723122286,0.017241379310344827,0.0
PNs,2026-06-17 13:00:00,4.469736062354094,0.04778161076619105,1.262204742532177e-09,1.027640464777952,0.016666666666666666,0.0
PNs,2026-06-17 14:00:00,8.153741794798144,0.05326545027179385,1.4085475800365455e-09,0.9403224285770915,0.016666666666666666,0.0
PNs,2026-06-17 15:00:00,9.696012927645786,0.0555783184275638,1.469988417058182e-09,0.9038527958134251,0.01694915254237288,0.0
PNs,2026-06-17 16:00:00,8.461773377216609,0.054712492942617,1.4466072116836149e-09,0.9294495411296857,0.016666666666666666,0.0
PNs,2026-06-17 17:00:00,12.548378683493446,0.0605530436541646,1.6008903645652832e-09,0.9054624945656449,0.016666666666666666,0.0
PNs,2026-06-17 18:00:00,6.128777921994531,0.0557605626953948,1.472516044246789e-09,0.9801556273859784,0.01694915254237288,0.0
PNs,2026-06-17 19:00:00,6.6657567065191135,0.05116687182880005,1.3526812825538567e-09,0.9187677837354614,0.016666666666666666,0.0
PNs,2026-06-17 20:00:00,6.701682996734235,0.0515290146347743,1.3629047448508745e-09,0.9473330902627082,0.016666666666666666,0.0
PNs,2026-06-17 21:00:00,4.242811219758799,0.04664386121016445,1.2368770882905291e-09,0.9865793101629932,0.0,0.0
PNs,2026-06-17 22:00:00,5.432947094906025,0.05054483423631295,1.343800951815028e-09,0.9686206332893279,0.016666666666666666,0.0
PNs,2026-06-17 23:00:00,3.7624755220015533,0.047434528733207595,1.2598256594550597e-09,1.0194820213118447,0.016666666666666666,0.0
PNs,2026-06-18 00:00:00,3.410691278551777,0.0464872086502366,1.2333950950205406e-09,1.0070773902839965,0.0,0.0
PNs,2026-06-18 01:00:00,3.2026378249533707,0.045542927021275895,1.2095445179051347e-09,1.020502220053276,0.016666666666666666,0.0
PNs,2026-06-18 02:00:00,3.3183323157623343,0.04707168547314115,1.2516283501363802e-09,1.0313118998241966,0.016666666666666666,0.0
PNs,2026-06-18 03:00:00,3.426898358282626,0.0467430746967717,1.2426267203604555e-09,0.9895226419585268,0.0,0.0
PNs,2026-06-18 04:00:00,3.4975904140659466,0.0470365964695125,1.2490262010255336e-09,1.0074567178191285,0.0,0.0
PNs,2026-06-18 05:00:00,3.4742575258772344,0.0468301657725526,1.243901152973591e-09,1.0113070489041285,0.0,0.0
PNs,2026-06-18 06:00:00,5.002045798383017,0.0478052040436224,1.27020879103549e-09,0.9450396277529216,0.0,0.0
PNs,2026-06-18 07:00:00,5.538232758033229,0.0501126512142731,1.332519749335845e-09,1.0099056072605703,0.0,0.0
PNs,2026-06-18 08:00:00,4.131552537829493,0.0473103358555715,1.2565924010702923e-09,1.029870431339721,0.0,0.0
PNs,2026-06-18 09:00:00,5.8922383401509055,0.05098503492790295,1.3572694225881585e-09,1.0077134953707585,0.0,0.0
PNs,2026-06-18 10:00:00,8.146968873839066,0.0509222903216601,1.3535743639135347e-09,0.9426888840164778,0.0,0.0
PNs,2026-06-18 11:00:00,11.14074441216459,0.05835946619340805,1.5483180637913517e-09,0.9583908862673451,0.0,0.0
PNs,2026-06-18 12:00:00,6.043589947722726,0.0576920711920424,1.5107939214349652e-09,1.1698464611803656,0.0,0.0
PNs,2026-06-18 13:00:00,3.505025799510547,0.0526487750968644,1.3912394434120462e-09,1.2236384309187476,0.0,0.0
PNs,2026-06-18 14:00:00,1.5204396436723004,0.04755834464134275,1.262499060515315e-09,1.0224456543617282,0.13333333333333333,0.0
PNs,2026-06-18 15:00:00,0.9564994849622128,0.0483665884828504,1.2824213088918876e-09,1.0408237668527274,0.6271186440677966,0.0
PNs,2026-06-18 16:00:00,0.7353692544881099,0.04636345627367775,1.2306582550351801e-09,1.0740224912532237,0.6166666666666667,0.0
PNs,2026-06-18 17:00:00,1.2904271196953538,0.04695236610977685,1.245410957475602e-09,1.0562003014928054,0.016666666666666666,0.0
PNs,2026-06-18 18:00:00,1.3234637089276151,0.0464460777327485,1.2343687719565767e-09,1.0088533580430548,0.15254237288135594,0.0
PNs,2026-06-18 19:00:00,1.1382444921857342,0.046631709201517796,1.2403266497444671e-09,1.0289226054729244,0.23333333333333334,0.0
PNs,2026-06-18 20:00:00,1.3383446524893579,0.04753665858790515,1.2636869569455577e-09,1.0462845671722791,0.15,0.0
PNs,2026-06-18 21:00:00,1.336793155587899,0.044436093477703,1.181094488293903e-09,1.0432876008448757,0.03389830508474576,0.0
PNs,2026-06-18 22:00:00,1.4696288566506157,0.04490506265708375,1.1964937061676826e-09,1.0357486863992718,0.016666666666666666,0.0
PNs,2026-06-18 23:00:00,1.3853456807362736,0.04625773236639655,1.2313648191360576e-09,1.0302680084582336,0.05,0.0
PNs,2026-06-19 00:00:00,0.7459762865166417,0.0457304005932055,1.2180018157030972e-09,1.0512056130290497,0.8983050847457628,0.0
PNs,2026-06-19 01:00:00,1.38288143893033,0.0454662264470784,1.210407022289746e-09,1.019075841571306,0.03333333333333333,0.0
PNs,2026-06-19 02:00:00,2.857823057875297,0.0451800170982085,1.2014837737992984e-09,0.9719601316214213,0.0,0.0
PNs,2026-06-19 03:00:00,2.708968469771502,0.0461158741896296,1.2279557990228851e-09,0.9777104219791244,0.0,0.0
PNs,2026-06-19 04:00:00,3.585028658107786,0.05004990479854435,1.3332020352050287e-09,1.0231358608870276,0.0,0.0
PNs,2026-06-19 05:00:00,4.11123035698092,0.04886015489989885,1.3004619443368114e-09,1.0187579983190198,0.0,0.0
PNs,2026-06-19 06:00:00,4.488142891187681,0.0498538908380973,1.3274371123970067e-09,1.0215897367462174,0.0,0.0
PNs,2026-06-19 07:00:00,8.274627313146143,0.053868071316302904,1.4339341168245764e-09,0.931156166607457,0.0,0.0
PNs,2026-06-19 08:00:00,5.513153957816986,0.05117036679779105,1.3629270549317658e-09,1.0004153101140785,0.0,0.0
PNs,2026-06-19 09:00:00,11.221921550657532,0.0603379249745742,1.6045514225940474e-09,0.9352715623514932,0.0,0.0
PNs,2026-06-19 10:00:00,15.209312806199883,0.0685934862730062,1.8188374624723758e-09,0.8631791819894218,0.0,0.0
PNs,2026-06-19 11:00:00,11.656951546770227,0.058387054270248,1.5470860333770817e-09,0.8183254249977593,0.0,0.0
PNs,2026-06-19 12:00:00,11.41143785098427,0.0587981236592265,1.554723155260222e-09,0.9484080206064838,0.0,0.0
PNs,2026-06-19 13:00:00,7.022112166522932,0.05294063920699575,1.3980739703441185e-09,1.0190394838706829,0.0,0.0
PNs,2026-06-19 14:00:00,8.668452828665274,0.0564838776858269,1.4924816987178398e-09,0.9679989336387469,0.0,0.0
PNs,2026-06-19 15:00:00,10.12175787062692,0.0568702081440963,1.5027036576092135e-09,0.9389094185128584,0.0,0.0
PNs,2026-06-19 16:00:00,8.916194811088126,0.0553297761757488,1.4622464822772622e-09,0.9384716842435378,0.0,0.0
PNs,2026-06-19 17:00:00,6.423615889472437,0.05103154379830925,1.3473695339455645e-09,0.9850703828702136,0.0,0.0
PNs,2026-06-19 18:00:00,5.794483578452547,0.0494195118666649,1.3075863812915106e-09,0.9498494907417006,0.0,0.0
PNs,2026-06-19 19:00:00,4.897949573733413,0.051136556889781,1.3511217855588717e-09,1.0247378219079493,0.0,0.0
PNs,2026-06-19 20:00:00,6.8618990201934,0.0533949952301381,1.413054592071014e-09,1.0043893398971258,0.0,0.0
PNs,2026-06-19 21:00:00,8.499515813939455,0.0546630410602901,1.4454757872536143e-09,0.9638165568810748,0.01694915254237288,0.0
PNs,2026-06-19 22:00:00,2.0300317188982735,0.04933174766293495,1.3062984715462362e-09,1.0301233630903184,0.016666666666666666,0.0
PNs,2026-06-19 23:00:00,2.640921294642231,0.04726326308706,1.250185074189279e-09,0.9919167827126897,0.016666666666666666,0.0
PNs,2026-06-20 00:00:00,1.8764359140644076,0.046524399435607,1.229704013360804e-09,1.006159817158897,0.01694915254237288,0.0
PNs,2026-06-20 01:00:00,7.300255359720043,0.052787172306359945,1.3927451904728152e-09,0.9171163335297313,0.0,0.0
PNs,2026-06-20 02:00:00,7.8143736832613735,0.05293493819888885,1.3943632367190333e-09,0.9512764286623462,0.0,0.0
PNs,2026-06-20 03:00:00,0.8207232894965343,0.0436684854659443,1.1459220863910626e-09,1.004162689514894,0.847457627118644,0.0
PNs,2026-06-20 04:00:00,0.6728360287733269,0.04720717596903365,1.2376875316561062e-09,0.968916501312203,1.0,0.0
PNs,2026-06-20 05:00:00,0.8041164926866436,0.047163073192998145,1.2374542463393962e-09,0.9721409010350774,0.8666666666666667,0.0
PNs,2026-06-20 06:00:00,1.0559909150270403,0.0450364281272699,1.1826022142671592e-09,0.9626912631541849,0.559322033898305,0.0
PNs,2026-06-20 07:00:00,1.2501972752838597,0.04612385916634895,1.2146753020666234e-09,1.0745701595772972,0.1,0.0
PNs,2026-06-20 08:00:00,1.5532019693957888,0.04779295980710605,1.2530006849694636e-09,1.0165362120063801,0.016666666666666666,0.0
PNs,2026-06-20 09:00:00,1.449680835723527,0.04703526170206475,1.2332304812696407e-09,1.0261608670132603,0.0,0.0
PNs,2026-06-20 10:00:00,1.0482960763167455,0.045894250447732446,1.2020474579387973e-09,1.0345081389430324,0.23333333333333334,0.0
PNs,2026-06-20 11:00:00,0.7595789424397692,0.0450452714609576,1.1833543454632322e-09,1.0429287070815718,0.7833333333333333,0.0
PNs,2026-06-20 12:00:00,0.7197495914028983,0.04515593708129155,1.1899270940547737e-09,1.0322262610326542,0.896551724137931,0.0
PNs,2026-06-20 13:00:00,0.7657469715429068,0.043926154078945095,1.1520089008419269e-09,0.9952255698337029,0.7166666666666667,0.0
PNs,2026-06-20 14:00:00,0.7560898339606532,0.04789621383575825,1.2543194621130167e-09,1.0599483469065722,0.7666666666666667,0.0
PNs,2026-06-20 15:00:00,0.8413158742135661,0.0462283684226112,1.2169363315260226e-09,1.1070790571832114,0.7586206896551724,0.0
PNs,2026-06-20 16:00:00,0.8720836832728351,0.046013899338051,1.2094182619702603e-09,1.0308266855109494,0.4406779661016949,0.0
PNs,2026-06-20 17:00:00,0.8432705316520696,0.0458098012202358,1.2116572917026002e-09,1.0455513260742115,0.711864406779661,0.0
PNs,2026-06-20 18:00:00,0.7946090216107768,0.051456645156348804,1.3488915596205828e-09,1.332421096546969,0.7413793103448276,0.0
PNs,2026-06-20 19:00:00,0.4918220405386133,0.0453080476751375,1.1765445569328395e-09,0.984776314908813,0.9830508474576272,0.0
PNs,2026-06-20 20:00:00,0.5200250487647603,0.046844509227221,1.2190669579096076e-09,1.05308917006017,1.0,0.0
PNs,2026-06-20 21:00:00,0.45622652953985854,0.048238944059709604,1.2543781792263559e-09,0.9881602830769367,1.0,0.0
PNs,2026-06-20 22:00:00,0.6786482043909396,0.046864621587129,1.221230191432129e-09,1.0244229888216183,0.6271186440677966,0.0
PNs,2026-06-20 23:00:00,0.6522417290830537,0.0464273994027276,1.2071678371527903e-09,0.995561240473114,0.7627118644067796,0.0
PNs,2026-06-21 00:00:00,0.5090337717626586,0.046856894001528954,1.2173200917447006e-09,1.0046494495393579,1.0,0.0
PNs,2026-06-21 01:00:00,0.40306636619026237,0.04469721897355705,1.158487230634647e-09,1.0122997939941647,1.0,0.0
PNs,2026-06-21 02:00:00,0.38755279784242647,0.0467411860611485,1.2146468034038879e-09,0.9759807172259949,1.0,0.0
PNs,2026-06-21 03:00:00,0.3942821363650158,0.0468337692834391,1.217853758915237e-09,1.0297186640042697,1.0,0.0
PNs,2026-06-21 04:00:00,0.38055899555439926,0.0464687792645935,1.211490366196383e-09,0.9523963670642288,1.0,0.0
PNs,2026-06-21 05:00:00,0.4743518568354932,0.0502799679891058,1.3075728176084517e-09,1.039424962614201,1.0,0.0
PNs,2026-06-21 06:00:00,0.7194592816326746,0.0847958634474984,2.185233846345998e-09,3.529448609930646,0.7659574468085106,0.0
PNs,2026-06-21 07:00:00,0.7961175918152575,0.0469173866004086,1.2245189125281323e-09,1.0021549418593894,0.639344262295082,0.0
PNs,2026-06-21 08:00:00,0.8713266023864612,0.04386579130885195,1.1501758237524063e-09,1.0094664301238083,0.6666666666666666,0.0
PNs,2026-06-21 09:00:00,0.6416894632676519,0.0450852576434957,1.188269477343094e-09,1.031729788688191,1.0,0.0
PNs,2026-06-21 10:00:00,0.6243015866500441,0.0452316235566379,1.1897893865211383e-09,1.0196970665519742,0.9666666666666667,0.0
PNs,2026-06-21 11:00:00,0.4994117201118088,0.04674564069009715,1.2412263093013903e-09,1.0816578836659314,0.85,0.0
PNs,2026-06-21 12:00:00,0.5834310552324319,0.0529369837425223,1.4017927669050232e-09,1.1251809176610674,0.3220338983050847,0.0
PNs,2026-06-21 13:00:00,0.620487950394957,0.04667439954788705,1.2286053972611237e-09,1.0615964013122292,0.8666666666666667,0.0
PNs,2026-06-21 14:00:00,0.590122391211594,0.04426283777435975,1.172530524428675e-09,1.0425541969902286,0.9333333333333333,0.0
PNs,2026-06-21 15:00:00,0.9162316290109376,0.0455681657785905,1.210393580959721e-09,1.0529762020493072,0.7796610169491526,0.0
PNs,2026-06-21 16:00:00,0.794008822189193,0.04282735265529075,1.128501376529702e-09,1.016643057389027,0.5833333333333334,0.0
PNs,2026-06-21 17:00:00,2.1105466795096177,0.0469327918163824,1.2382418469555438e-09,1.0015785266707173,0.0,0.0
PNs,2026-06-21 18:00:00,3.3977753935904795,0.0508541979872795,1.3358043930691635e-09,1.0966244413225803,0.0,0.0
PNs,2026-06-21 19:00:00,2.9143358188740907,0.04655452897460155,1.2168482964926285e-09,1.034966948344005,0.0,0.0
PNs,2026-06-21 20:00:00,1.6841992717625212,0.0462978488051727,1.213124735840584e-09,0.9848286759546157,0.016666666666666666,0.0
PNs,2026-06-21 21:00:00,1.8881204900128705,0.0468516377424186,1.2271870535485474e-09,0.9857335151528668,0.017241379310344827,0.0
PNs,2026-06-21 22:00:00,2.1068282720426534,0.0475583511873794,1.2458349690560757e-09,1.0148233156419728,0.016666666666666666,0.0
PNs,2026-06-21 23:00:00,1.697445510013363,0.045045302007074794,1.183118582019469e-09,1.0045253698842145,0.016666666666666666,0.0
PNs,2026-06-22 00:00:00,1.5380006827099078,0.0440970054538425,1.155664389392166e-09,1.0300696948864798,0.01694915254237288,0.0
PNs,2026-06-22 01:00:00,1.3597227576513191,0.04655210249548005,1.2170289544187692e-09,1.0101518696325498,0.016666666666666666,0.0
PNs,2026-06-22 02:00:00,1.7105126973044522,0.04582921849852935,1.203286505636532e-09,1.035943740775104,0.016666666666666666,0.0
PNs,2026-06-22 03:00:00,3.085912633525803,0.0467929007551557,1.2237705456732403e-09,0.988632142872985,0.01694915254237288,0.0
PNs,2026-06-22 04:00:00,3.8720211330279497,0.0471636619664599,1.234239712142693e-09,0.9633183097505732,0.0,0.0
PNs,2026-06-22 05:00:00,2.9291166109849476,0.04820194993616895,1.2592591153149643e-09,0.9974149605195848,0.016666666666666666,0.0
PNs,2026-06-22 06:00:00,4.45561820891637,0.0458902935282814,1.202031031081017e-09,0.951259111186917,0.01694915254237288,0.0
PNs,2026-06-22 07:00:00,3.6305069483557166,0.0470707845316352,1.2355721266820939e-09,0.9504101611057337,0.016666666666666666,0.0
PNs,2026-06-22 08:00:00,3.823223518247598,0.047351666935959,1.2431953680347734e-09,0.9687490714293991,0.016666666666666666,0.0
PNs,2026-06-22 09:00:00,2.083399700799493,0.0477138212722034,1.256269023187806e-09,0.9925261748915234,0.01694915254237288,0.0
PNs,2026-06-22 10:00:00,1.6850807308446973,0.0476901374220348,1.263329612189427e-09,1.0829555433147662,0.016666666666666666,0.0
PNs,2026-06-22 11:00:00,1.8017173298716709,0.048867328954530054,1.291638939975667e-09,1.0184982416432957,0.016666666666666666,0.0
PNs,2026-06-22 12:00:00,1.8738076668889128,0.0448703653481979,1.1806777131734543e-09,0.984904277909761,0.01694915254237288,0.0
PNs,2026-06-22 13:00:00,2.621143299836546,0.04745955645538645,1.2499393612959e-09,1.0224685434503171,0.016666666666666666,0.0
PNs,2026-06-22 14:00:00,4.1078131794962225,0.0472308294478799,1.2429537655308165e-09,0.9561936147963885,0.016666666666666666,0.0
PNs,2026-06-22 15:00:00,6.077062739095287,0.0510679448088372,1.345220267429997e-09,1.0169018350933527,0.01694915254237288,0.0
PNs,2026-06-22 16:00:00,8.40576083103894,0.05547090323941565,1.4593153419073015e-09,0.936604388283335,0.016666666666666666,0.0
PNs,2026-06-22 17:00:00,13.680802937482646,0.06343077436682175,1.6700782778997023e-09,0.8793425133426302,0.016666666666666666,0.0
PNs,2026-06-22 18:00:00,12.482431499120477,0.0586729454679475,1.5443174331410608e-09,0.8826157994929,0.0,0.0
PNs,2026-06-22 19:00:00,8.890647290487316,0.053992753373592495,1.4221709438564057e-09,0.9261468558305256,0.016666666666666666,0.0
PNs,2026-06-22 20:00:00,7.060273117202566,0.051523322168400554,1.355728600580849e-09,0.9591952848871262,0.016666666666666666,0.0
PNs,2026-06-22 21:00:00,4.219213330783724,0.0480871493323423,1.2672861832989477e-09,0.9925122375927985,0.0,0.0
PNs,2026-06-22 22:00:00,3.7091971187427557,0.047434439163512254,1.2503100621574697e-09,0.9987975694820712,0.016666666666666666,0.0
PNs,2026-06-22 23:00:00,3.1404698102536437,0.047014257838467896,1.2377107729262436e-09,0.9230606527007157,0.016666666666666666,0.0
PNs,2026-06-23 00:00:00,2.3137493451073814,0.04411249351266715,1.1620766003118776e-09,0.9726511027370206,0.0,0.0
PNs,2026-06-23 01:00:00,2.6995062501762863,0.0465068400402444,1.2227261748414508e-09,1.0059860447858235,0.0,0.0
PNs,2026-06-23 02:00:00,2.799340801177601,0.0473303790572374,1.2526190366353755e-09,0.9637956228700064,0.0,0.0
PNs,2026-06-23 03:00:00,3.1363923118573087,0.04707475838701395,1.2494305998242418e-09,1.0433756476885563,0.0,0.0
PNs,2026-06-23 04:00:00,2.493385560266076,0.0446785658606322,1.175924568126771e-09,0.9928835736232778,0.0,0.0
PNs,2026-06-23 05:00:00,2.934356309208296,0.0458070702778473,1.208342304282232e-09,1.004590498352537,0.0,0.0
PNs,2026-06-23 06:00:00,3.541406919226774,0.0471235158802924,1.2378951632422436e-09,1.0038499207468714,0.0,0.0
PNs,2026-06-23 07:00:00,3.3755639040392094,0.0457294027848844,1.2080751220889836e-09,0.9716529880481916,0.0,0.0
PNs,2026-06-23 08:00:00,2.9233229433541355,0.046392242733831704,1.2252325534130319e-09,0.9878974050541363,0.016666666666666666,0.0
PNs,2026-06-23 09:00:00,2.193575859929555,0.0459934978556145,1.219012460553835e-09,1.0509130689317232,0.01694915254237288,0.0
PNs,2026-06-23 10:00:00,2.1176695217373553,0.04622116116115385,1.2177831376316543e-09,1.014129259649231,0.016666666666666666,0.0
PNs,2026-06-23 11:00:00,2.2141639854642827,0.04523219856849115,1.1937654088939761e-09,1.0449733753971397,0.016666666666666666,0.0
PNs,2026-06-23 12:00:00,1.7361140938311823,0.048394366559648,1.274539489587775e-09,0.9998520674750488,0.01694915254237288,0.0
PNs,2026-06-23 13:00:00,1.561345974249872,0.04720230506455175,1.2434365599702674e-09,1.0155005974752527,0.016666666666666666,0.0
PNs,2026-06-23 14:00:00,2.1263615375145006,0.0481517415648587,1.2615225856113583e-09,0.9811786987696434,0.016666666666666666,0.0
PNs,2026-06-23 15:00:00,2.028251829660257,0.0462759458399671,1.2133302880750718e-09,0.9526026187133252,0.0,0.0
PNs,2026-06-23 16:00:00,1.5682332975176059,0.0486547371505195,1.277030635893833e-09,1.0444600065331517,0.0,0.0
PNs,2026-06-23 17:00:00,1.9969291162885212,0.0469915191812332,1.25102017094249e-09,1.0708633531573173,0.0,0.0
PNs,2026-06-23 18:00:00,2.181237409496377,0.04447901733470175,1.1704031799999439e-09,1.0138587016399998,0.0,0.0
PNs,2026-06-23 19:00:00,1.8988174328985503,0.045969729724108246,1.2032290411315225e-09,0.9764666442376067,0.0,0.0
PNs,2026-06-23 20:00:00,1.5289504380676908,0.0458928099605014,1.202609823024104e-09,0.9696824145624656,0.03389830508474576,0.0
PNs,2026-06-23 21:00:00,1.213452978630715,0.0440063344722098,1.1521213335971548e-09,1.0099293213963776,0.05,0.0
PNs,2026-06-23 22:00:00,0.9078376312665621,0.044590168138497754,1.1676245191294193e-09,0.9861332056947185,0.11666666666666667,0.0
PNs,2026-06-23 23:00:00,0.8104658294617209,0.0451012804282101,1.1794492963073492e-09,1.00876591805381,0.7457627118644068,0.0
PNs,2026-06-24 00:00:00,0.7008139188075766,0.0455362596489563,1.1894351573582183e-09,1.0377499238222216,1.0,0.0
PNs,2026-06-24 01:00:00,0.5877061880861478,0.04670268720016435,1.2188335857406033e-09,0.9888007992307952,1.0,0.0
PNs,2026-06-24 02:00:00,0.4816080643057461,0.0464289894744671,1.2097732578042707e-09,1.0018588847506669,1.0,0.0
PNs,2026-06-24 03:00:00,0.5136007690623129,0.0447684236140793,1.173403182002818e-09,1.0144085260624442,1.0,0.0
PNs,2026-06-24 04:00:00,0.7110943129892252,0.04704062274212585,1.230086804920498e-09,1.0221591651195832,0.9833333333333333,0.0
PNs,2026-06-24 05:00:00,1.0337662769800822,0.0447677902221083,1.1770805320753667e-09,0.9790318247783724,0.6610169491525424,0.0
PNs,2026-06-24 06:00:00,1.5953922675229135,0.04562000374171425,1.1961430144972978e-09,1.0181490659471792,0.08333333333333333,0.0
PNs,2026-06-24 07:00:00,1.971211210084942,0.045562837130005196,1.1938274415645616e-09,1.0502215116762854,0.016666666666666666,0.0
PNs,2026-06-24 08:00:00,1.7192609919421944,0.0434790375606221,1.1397572530693047e-09,0.973838043312548,0.06779661016949153,0.0
PNs,2026-06-24 09:00:00,1.0215714547637762,0.0480092886254782,1.2603521447114728e-09,1.0064869290026364,0.08333333333333333,0.0
PNs,2026-06-24 10:00:00,1.1886844654642936,0.04755481279851115,1.2571440187949684e-09,1.0742786295515219,0.18333333333333332,0.0
PNs,2026-06-24 11:00:00,1.766820077980342,0.0453265931636747,1.1932567773221295e-09,0.9916784556465276,0.01694915254237288,0.0
PNs,2026-06-24 12:00:00,1.7304497363236062,0.0452821701965876,1.190841052419587e-09,0.9534962246682424,0.016666666666666666,0.0
PNs,2026-06-24 13:00:00,1.7032136311517831,0.047107917440538105,1.2381833602600238e-09,1.008091631511211,0.016666666666666666,0.0
PNs,2026-06-24 14:00:00,1.489191897910081,0.0455924515371849,1.1972192880600434e-09,1.0287399027795827,0.05084745762711865,0.0
PNs,2026-06-24 15:00:00,1.9402365155967976,0.0442313156910281,1.165062842817591e-09,1.010077809775537,0.016666666666666666,0.0
PNs,2026-06-24 16:00:00,2.147460701995226,0.05102091613921205,1.3452986665424592e-09,1.040759099672309,0.016666666666666666,0.0
PNs,2026-06-24 17:00:00,2.331155960530368,0.046747192245952,1.2232476580609795e-09,1.012503782478553,0.01694915254237288,0.0
PNs,2026-06-24 18:00:00,1.8066019506250937,0.045425977771011844,1.187209458141248e-09,0.9730179041714195,0.016666666666666666,0.0
PNs,2026-06-24 19:00:00,1.7184202084794227,0.04565227742737195,1.1965746578742697e-09,0.9703615872136191,0.016666666666666666,0.0
PNs,2026-06-24 20:00:00,1.5634122257348937,0.0457263694872448,1.1984399219681771e-09,0.9945561028461066,0.01694915254237288,0.0
PNs,2026-06-24 21:00:00,1.3625016586849767,0.04656085562249965,1.2248865817301227e-09,0.9934324905043577,0.21666666666666667,0.0
PNs,2026-06-24 22:00:00,1.2590144824117209,0.044169528852629855,1.1611526574489956e-09,0.9831213981876838,0.08333333333333333,0.0
PNs,2026-06-24 23:00:00,1.0640873714335084,0.0453070421792569,1.187783212143492e-09,1.0316742762001716,0.3620689655172414,0.0
PNs,2026-06-25 00:00:00,1.1542394347838538,0.0460449902988449,1.2068021250787628e-09,1.0143515746449343,0.16666666666666666,0.0
PNs,2026-06-25 01:00:00,0.7334992149401162,0.04438951698018425,1.1660119368503212e-09,1.0301255438481791,0.9666666666666667,0.0
PNs,2026-06-25 02:00:00,0.6394349104423371,0.0446964383864723,1.169066981656843e-09,0.9546919079576728,1.0,0.0
PNs,2026-06-25 03:00:00,0.6858184334600996,0.04408579081373145,1.1527282975168188e-09,0.9498268697968444,0.6833333333333333,0.0
PNs,2026-06-25 04:00:00,0.9111536264251311,0.043759757184286846,1.1454213904122835e-09,0.9905886801065267,0.43333333333333335,0.0
PNs,2026-06-25 05:00:00,2.8624621716387257,0.04669621822636385,1.2236116156470864e-09,0.9956949634613844,0.0,0.0
PNs,2026-06-25 06:00:00,3.479646846208998,0.0470644769085876,1.235275084447448e-09,0.9610993514006296,0.016666666666666666,0.0
PNs,2026-06-25 07:00:00,4.353105194348024,0.04918828352648505,1.2916251151061288e-09,0.9426629729206164,0.016666666666666666,0.0
PNs,2026-06-25 08:00:00,2.810405008711556,0.0449043717564607,1.1782259693423563e-09,0.9634556835314141,0.0,0.0
PNs,2026-06-25 09:00:00,2.89167644403188,0.045647556266883396,1.2033947725720803e-09,1.0081159774587172,0.016666666666666666,0.0
PNs,2026-06-25 10:00:00,2.4224092567828706,0.04653546896594625,1.227045194221513e-09,1.045889580947228,0.016666666666666666,0.0
PNs,2026-06-25 11:00:00,1.0144066495732234,0.0469717946444321,1.2315093626517612e-09,1.125752706986108,0.603448275862069,0.0
PNs,2026-06-25 12:00:00,0.8618356820821562,0.0467118696130604,1.2341975932290531e-09,1.1047944861544403,0.9830508474576272,0.0
PNs,2026-06-25 13:00:00,0.8077978144310511,0.0459088929736392,1.2023979656933035e-09,1.0525428348093815,0.9322033898305084,0.0
PNs,2026-06-25 14:00:00,0.7434226968677933,0.0454862992096295,1.1897524563048148e-09,1.0139735772034988,0.9310344827586207,0.0
PNs,2026-06-25 15:00:00,0.9051985952686388,0.0459729887392903,1.206467721098958e-09,1.0581401755600883,0.4406779661016949,0.0
PNs,2026-06-25 16:00:00,1.2031796326281452,0.046657747816162,1.2237538571613706e-09,1.0495936228585694,0.15254237288135594,0.0
PNs,2026-06-25 17:00:00,1.8035572473716992,0.046554088177557,1.223247344691739e-09,1.0214113339735515,0.017241379310344827,0.0
PNs,2026-06-25 18:00:00,2.331556820338551,0.0462498660287812,1.2219544360005015e-09,0.9942040779041318,0.06779661016949153,0.0
PNs,2026-06-25 19:00:00,1.5525292112388156,0.04611255533500485,1.2251073127678656e-09,1.034909515596841,0.03333333333333333,0.0
PNs,2026-06-25 20:00:00,1.4472698658193648,0.0446956112804458,1.1794366192324567e-09,0.9567502966548322,0.11864406779661017,0.0
PNs,2026-06-25 21:00:00,2.504812401021751,0.045048971551615455,1.1877749751277178e-09,1.0011381584627141,0.016666666666666666,0.0
PNs,2026-06-25 22:00:00,4.292386259217315,0.0473530453178362,1.2477214507649172e-09,1.0207319441144187,0.0,0.0
PNs,2026-06-25 23:00:00,2.2909809981269404,0.0456838110299344,1.2060079088817735e-09,1.0332793875134665,0.01694915254237288,0.0
PNs,2026-06-26 00:00:00,2.556744859486014,0.04532778396885145,1.1962539350716654e-09,0.9635937935327035,0.0,0.0
PNs,2026-06-26 01:00:00,1.469233880918396,0.04422484017691795,1.1656793194063243e-09,1.0275535902624207,0.03333333333333333,0.0
PNs,2026-06-26 02:00:00,1.317385580926503,0.0441506479326511,1.1656809801935672e-09,0.9618491229647542,0.03389830508474576,0.0
PNs,2026-06-26 03:00:00,1.7830571284111638,0.0452893325301595,1.1944984850712485e-09,0.9601899502431106,0.03333333333333333,0.0
PNs,2026-06-26 04:00:00,1.730157027006599,0.04554958031952385,1.2036673580573697e-09,0.9613155339351792,0.11666666666666667,0.0
PNs,2026-06-26 05:00:00,1.850146848308661,0.0459261105467963,1.2145341082045036e-09,0.9953086586908376,0.1694915254237288,0.0
PNs,2026-06-26 06:00:00,2.59106493534889,0.0462657134393974,1.2246266847843103e-09,1.0143220069782568,0.0,0.0
PNs,2026-06-26 07:00:00,1.860812912406988,0.04636189571272725,1.2240507999856298e-09,1.0339194340596698,0.0,0.0
PNs,2026-06-26 08:00:00,1.580842194727051,0.0458386227115953,1.2053085599625898e-09,0.9771046090132316,0.03389830508474576,0.0
PNs,2026-06-26 09:00:00,1.088935676514087,0.0473576313696667,1.2477405461079343e-09,1.0183453417452233,0.21666666666666667,0.0
PNs,2026-06-26 10:00:00,1.8919855335181976,0.04627067872787425,1.2388472171678543e-09,1.0717126547741502,0.03333333333333333,0.0
PNs,2026-06-26 11:00:00,2.5869762306785105,0.0448127292329125,1.1973328228508951e-09,0.99124572438673,0.0,0.0
PNs,2026-06-26 12:00:00,3.614206638572247,0.046800719331116,1.243383600402362e-09,1.0178254343762148,0.016666666666666666,0.0
PNs,2026-06-26 13:00:00,1.6750989284601112,0.0453824661395675,1.1971569441687083e-09,0.9839173550095621,0.016666666666666666,0.0
PNs,2026-06-26 14:00:00,0.9527954411754104,0.0445139877763519,1.1821768588372715e-09,1.0106937970613268,0.6610169491525424,0.0
PNs,2026-06-26 15:00:00,2.459398157413686,0.04559960672005445,1.2146739725749043e-09,0.9713470480881141,0.06666666666666667,0.0
PNs,2026-06-26 16:00:00,2.650948951746384,0.0443769317568267,1.1847566586837091e-09,0.9627948718433657,0.0,0.0
PNs,2026-06-26 17:00:00,3.73690569622616,0.0462058185794785,1.2304615339397435e-09,0.9749185769147036,0.0,0.0
PNs,2026-06-26 18:00:00,4.013666494040261,0.04579329047921755,1.2191986339454377e-09,0.9974690998564782,0.0,0.0
PNs,2026-06-26 19:00:00,2.7128005066190823,0.047797509077821404,1.2689425882710479e-09,1.0358950158954081,0.0,0.0
PNs,2026-06-26 20:00:00,3.2437753915053587,0.0467954435385245,1.2446444775247022e-09,0.9609273508856776,0.0,0.0
PNs,2026-06-26 21:00:00,2.447108158638636,0.0472477879453857,1.2526270125158344e-09,0.9508112341352384,0.0,0.0
PNs,2026-06-26 22:00:00,3.2574870700489478,0.04614750013301325,1.2230146559147452e-09,1.0194845663673437,0.0,0.0
PNs,2026-06-26 23:00:00,1.309715779926841,0.0441784486377012,1.1720988220819078e-09,1.019839755516659,0.01694915254237288,0.0
PNs,2026-06-27 00:00:00,1.3537586606910899,0.0433168999441336,1.1469297922075564e-09,1.0211642356779191,0.016666666666666666,0.0
PNs,2026-06-27 01:00:00,1.5685257663356535,0.046238847718842846,1.224961783857627e-09,1.0157547737159764,0.016666666666666666,0.0
PNs,2026-06-27 02:00:00,1.4325026021061595,0.0454122278701455,1.2089281861758711e-09,1.0252040636433093,0.03389830508474576,0.0
PNs,2026-06-27 03:00:00,2.4675323734492736,0.044968026475795245,1.1929851131559632e-09,1.0080678990482497,0.016666666666666666,0.0
PNs,2026-06-27 04:00:00,2.8026645764023863,0.04590238545684455,1.21681590601898e-09,1.0182348338888711,0.016666666666666666,0.0
PNs,2026-06-27 05:00:00,4.367776503818095,0.0468121804727969,1.243224833648506e-09,0.9744649125304826,0.01694915254237288,0.0
PNs,2026-06-27 06:00:00,5.035993971459851,0.0488834827627247,1.298899004147852e-09,0.9666519338652866,0.0,0.0
PNs,2026-06-27 07:00:00,3.9678957921516727,0.048684002797757656,1.2959662545046627e-09,0.995656878298224,0.016666666666666666,0.0
PNs,2026-06-27 08:00:00,3.2639020601087823,0.047063810402747,1.249204107008796e-09,0.9894840470825506,0.01694915254237288,0.0
PNs,2026-06-27 09:00:00,2.3288327202542076,0.048261204232617594,1.2743583666980432e-09,1.0236856122352247,0.016666666666666666,0.0
PNs,2026-06-27 10:00:00,2.27938975311473,0.046332160216848856,1.2244576829768757e-09,0.9752511804760733,0.016666666666666666,0.0
PNs,2026-06-27 11:00:00,1.792050451812929,0.0449028471962835,1.193104003710584e-09,0.981581654813239,0.01694915254237288,0.0
PNs,2026-06-27 12:00:00,1.5515137388186615,0.04429509063097385,1.168793026525674e-09,0.9523088549290658,0.016666666666666666,0.0
PNs,2026-06-27 13:00:00,3.8875399887471027,0.0471334659933162,1.2490578634669383e-09,0.9858676997208512,0.016666666666666666,0.0
PNs,2026-06-27 14:00:00,3.003311159270536,0.0453319499488957,1.2075652142030595e-09,0.9793087674991356,0.01694915254237288,0.0
PNs,2026-06-27 15:00:00,3.8533554849700113,0.045804111857477556,1.2206502486469918e-09,0.9317474833073349,0.016666666666666666,0.0
PNs,2026-06-27 16:00:00,2.253852957147058,0.04733722806732485,1.2551312055526194e-09,1.048199481144314,0.016666666666666666,0.0
PNs,2026-06-27 17:00:00,1.4232688330429943,0.04577366334091545,1.2162039033439963e-09,1.033541324940456,0.034482758620689655,0.0
PNs,2026-06-27 18:00:00,1.5941410220139256,0.044683390916906596,1.1915022370653124e-09,1.0269062960214457,0.016666666666666666,0.0
PNs,2026-06-27 19:00:00,1.6564596694854348,0.04567761065671175,1.2147385726625922e-09,1.0564049588294493,0.016666666666666666,0.0
PNs,2026-06-27 20:00:00,1.726255530589734,0.044608562698964155,1.1850018674729039e-09,1.0464276314166312,0.0,0.0
PNs,2026-06-27 21:00:00,1.2579825366114834,0.0453872986336243,1.2071941173202462e-09,1.0138399766336375,0.016666666666666666,0.0
PNs,2026-06-27 22:00:00,1.1665382581276904,0.04459548017953955,1.189441956402924e-09,0.9927616821328173,0.3333333333333333,0.0
PNs,2026-06-27 23:00:00,1.2072001879441243,0.045691574220224504,1.2228480186387664e-09,0.9694206765156284,0.5517241379310345,0.0
PNs,2026-06-28 00:00:00,1.0791085520583856,0.04396461906693935,1.1745136028909158e-09,1.0125994529421667,0.15,0.0
PNs,2026-06-28 01:00:00,1.0952279127679865,0.0450880774758465,1.204532936010684e-09,0.9965592785468466,0.4067796610169492,0.0
PNs,2026-06-28 02:00:00,1.1045396243506964,0.044209238913092946,1.1807608096784663e-09,0.9920211996149015,0.43103448275862066,0.0
PNs,2026-06-28 03:00:00,1.2833800185427702,0.0447181301965478,1.1953365223611992e-09,1.0225296539200597,0.0,0.0
PNs,2026-06-28 04:00:00,1.2145768274561866,0.0427730387061543,1.142273648028954e-09,1.0327989260110426,0.01694915254237288,0.0
PNs,2026-06-28 05:00:00,1.236586148373365,0.04478411552363615,1.1955046537681695e-09,0.9724785872443233,0.1724137931034483,0.0
PNs,2026-06-28 06:00:00,0.9237356317754656,0.0448772411534591,1.2000720104474214e-09,0.9774760968456062,0.3389830508474576,0.0
PNs,2026-06-28 07:00:00,0.8863798042596541,0.044291317686111,1.1833755874525392e-09,1.077031045823918,0.7966101694915254,0.0
PNs,2026-06-28 08:00:00,1.4344681064223561,0.044819149183587204,1.1913528284209954e-09,1.0118769567443437,0.06896551724137931,0.0
PNs,2026-06-28 09:00:00,0.8973794065350371,0.0464288383362039,1.232306906533858e-09,1.029680204446252,0.31666666666666665,0.0
PNs,2026-06-28 10:00:00,0.8780396629524507,0.04530981909549585,1.2001808615360173e-09,1.0074054210685262,0.43333333333333335,0.0
PNs,2026-06-28 11:00:00,1.0796787310159357,0.0487321749616405,1.2871954793581467e-09,1.01738480270166,0.5254237288135594,0.0
PNs,2026-06-28 12:00:00,0.9257390302328674,0.0470837064837135,1.2496955027308865e-09,1.018553021538005,0.8,0.0
PNs,2026-06-28 13:00:00,1.0347216267907338,0.0449600401748722,1.197057254500959e-09,0.9760991158844816,0.55,0.0
PNs,2026-06-28 14:00:00,1.0087427623575975,0.0443135264900382,1.174513667989463e-09,0.988267585654593,0.6440677966101694,0.0
PNs,2026-06-28 15:00:00,1.1207833077689708,0.044103217645476145,1.173480643905733e-09,1.0121683959559,0.2,0.0
PNs,2026-06-28 16:00:00,0.7941126133983433,0.04394046208638515,1.1683205798867547e-09,1.0084217992078428,0.8333333333333334,0.0
PNs,2026-06-28 17:00:00,1.1261331348696662,0.0425813503781013,1.133886813959179e-09,1.0578328403926456,0.4745762711864407,0.0
PNs,2026-06-28 18:00:00,1.144738707420054,0.04475207612267705,1.1944019750607808e-09,1.0380588682124285,0.21666666666666667,0.0
PNs,2026-06-28 19:00:00,0.9316757610780844,0.0465722528210644,1.2408885414138133e-09,1.0167559575550476,0.8333333333333334,0.0
PNs,2026-06-28 20:00:00,0.9898094478673272,0.0446277466049638,1.1877757954109952e-09,1.0318926604244747,0.4067796610169492,0.0
PNs,2026-06-28 21:00:00,0.9460728057050507,0.04414894731448845,1.1831043793084235e-09,0.9994723208049399,0.4166666666666667,0.0
PNs,2026-06-28 22:00:00,0.9673622482727808,0.0449505321251806,1.200927064689121e-09,0.9545701224134676,0.6666666666666666,0.0
PNs,2026-06-28 23:00:00,0.8603030063259847,0.0442668711439679,1.179661483499697e-09,0.9695020858663932,0.711864406779661,0.0
PNs,2026-06-29 00:00:00,1.2715317037114449,0.046038915827346,1.2320927148565963e-09,1.0331540662436236,0.288135593220339,0.0
PNs,2026-06-29 01:00:00,1.2614933157145156,0.043276962777960504,1.1574637374759969e-09,0.9851934264854729,0.016666666666666666,0.0
PNs,2026-06-29 02:00:00,1.3593512806789894,0.0430853398240748,1.1539928987730084e-09,1.0042416785670334,0.03389830508474576,0.0
PNs,2026-06-29 03:00:00,1.7398844288001518,0.04556000342308415,1.2208271148338913e-09,0.9720360135704769,0.0,0.0
PNs,2026-06-29 04:00:00,2.2963010350190474,0.045560043319868196,1.2212940722159579e-09,0.9953052774081177,0.0,0.0
PNs,2026-06-29 05:00:00,2.5722116191544524,0.0448813708102901,1.2020539993869355e-09,1.0362185872982204,0.0,0.0
PNs,2026-06-29 06:00:00,2.203278652092341,0.04478064960696015,1.20129981830381e-09,1.0336544604874738,0.016666666666666666,0.0
PNs,2026-06-29 07:00:00,2.7621556135769865,0.0469470216831346,1.2596069733076669e-09,0.976851561496638,0.0,0.0
PNs,2026-06-29 08:00:00,2.3587063746388863,0.0445935167249096,1.196518651259894e-09,0.986031196632272,0.05084745762711865,0.0
PNs,2026-06-29 09:00:00,3.1811226661707064,0.0493029656228665,1.3150737388514514e-09,1.0494219259433448,0.0,0.0
PNs,2026-06-29 10:00:00,6.914881182091992,0.0548939853348333,1.457235785930301e-09,0.9155729092500267,0.0,0.0
PNs,2026-06-29 11:00:00,4.612903089529443,0.0488441509395585,1.2991954270574987e-09,0.9729124670228652,0.0,0.0
PNs,2026-06-29 12:00:00,4.16674780184646,0.04915525467988485,1.3132372063965139e-09,1.051216974113532,0.0,0.0
PNs,2026-06-29 13:00:00,3.725061383560887,0.05212483659088005,1.3815652479761417e-09,1.0983936874223592,0.0,0.0
PNs,2026-06-29 14:00:00,2.315235836037956,0.0479851329367252,1.273737925606532e-09,1.0794501160097798,0.01694915254237288,0.0
PNs,2026-06-29 15:00:00,1.7661198778294325,0.0456689905771006,1.2202902203748682e-09,1.0367752527905059,0.016666666666666666,0.0
PNs,2026-06-29 16:00:00,1.6536773059455423,0.0448601195618532,1.1967751085178987e-09,1.046279705539471,0.016666666666666666,0.0
PNs,2026-06-29 17:00:00,1.5926585708783725,0.0457834429691233,1.224385208413288e-09,1.0127933846232453,0.01694915254237288,0.0
PNs,2026-06-29 18:00:00,1.3378260762222116,0.04524566399704435,1.2115815682270327e-09,1.0536425658654336,0.05,0.0
PNs,2026-06-29 19:00:00,1.1255408067848442,0.04492660041339015,1.1987100046802064e-09,0.9567379902526825,0.08333333333333333,0.0
PNs,2026-06-29 20:00:00,1.2405234875222688,0.048219809703816,1.2875674463379601e-09,0.9855827812192532,0.01694915254237288,0.0
PNs,2026-06-29 21:00:00,1.349341971019729,0.04628841151563945,1.2373125054826177e-09,0.999797826125444,0.016666666666666666,0.0
PNs,2026-06-29 22:00:00,1.9476548880630986,0.0465466356999183,1.245397915961522e-09,0.9943581341449348,0.016666666666666666,0.0
PNs,2026-06-29 23:00:00,1.574326330104014,0.0454909609889809,1.2194453489079776e-09,0.9930940601384888,0.01694915254237288,0.0
PNs,2026-06-30 00:00:00,1.1996235543130922,0.04518591952272935,1.2051918274458281e-09,0.9913642468781771,0.016666666666666666,0.0
PNs,2026-06-30 01:00:00,1.4637038147464723,0.0446942529411295,1.1907069924410831e-09,1.0144088913481357,0.016666666666666666,0.0
PNs,2026-06-30 02:00:00,2.198216541288773,0.0459963181816075,1.2281946694435347e-09,0.9876202390026092,0.01694915254237288,0.0
PNs,2026-06-30 03:00:00,3.0459325344517563,0.0470169842192521,1.2533626054557552e-09,1.0187332601169805,0.016666666666666666,0.0
PNs,2026-06-30 04:00:00,2.506704696337396,0.04488724033759805,1.2007731448060218e-09,0.9971707060919885,0.016666666666666666,0.0
PNs,2026-06-30 05:00:00,2.4052342859052347,0.0467219357228594,1.249648802295746e-09,1.0024196043466358,0.01694915254237288,0.0
PNs,2026-06-30 06:00:00,4.376542456091542,0.04732709528881625,1.2652164228891407e-09,0.9665784658376422,0.016666666666666666,0.0
PNs,2026-06-30 07:00:00,7.07538728242459,0.0528992736683434,1.4089087177355678e-09,0.9524157546593142,0.016666666666666666,0.0
PNs,2026-06-30 08:00:00,6.116511063062811,0.0497427926223713,1.3253233764198129e-09,0.9731877748126333,0.0,0.0
PNs,2026-06-30 09:00:00,8.03148269004795,0.05173207960479245,1.3777625127933683e-09,0.8980311871477555,0.016666666666666666,0.0
PNs,2026-06-30 10:00:00,4.175360085868529,0.0500500267947591,1.3326284104581593e-09,1.006321799345426,0.016666666666666666,0.0
PNs,2026-06-30 11:00:00,1.6423259659675076,0.046883858836816006,1.2499700345106154e-09,0.9752647811402828,0.0,0.0
PNs,2026-06-30 12:00:00,1.5212841103139105,0.04713849021323155,1.2528255637254502e-09,1.0116087070997646,0.016666666666666666,0.0
PNs,2026-06-30 13:00:00,0.9210671453363408,0.04536322538144355,1.2065838898537019e-09,1.0241793052522334,0.38333333333333336,0.0
PNs,2026-06-30 14:00:00,0.7578370430221619,0.04506496024959915,1.2044269718062602e-09,1.0879625859211342,0.896551724137931,0.0
PNs,2026-06-30 15:00:00,0.8759870229707151,0.0449128649271498,1.2011720459612372e-09,1.0177607988708497,0.6779661016949152,0.0
PNs,2026-06-30 16:00:00,0.8744422579058688,0.045292656212464,1.2052730596306832e-09,1.0316063837005418,0.423728813559322,0.0
PNs,2026-06-30 17:00:00,1.2435481605411587,0.04586649553590805,1.2226710002214774e-09,0.9696134960712098,0.1206896551724138,0.0
PNs,2026-06-30 18:00:00,1.163647388997579,0.0451937845532293,1.208590706484206e-09,0.9879651011176936,0.13559322033898305,0.0
PNs,2026-06-30 19:00:00,1.2303661477841996,0.0454625812902756,1.218097565837925e-09,0.9962523456126308,0.03389830508474576,0.0
PNs,2026-06-30 20:00:00,2.003054002084483,0.0452482830951515,1.2130998999939103e-09,0.9896684265959246,0.0,0.0
PNs,2026-06-30 21:00:00,5.169107862127428,0.050882628971438,1.363611463453111e-09,0.9981382478343404,0.0,0.0
PNs,2026-06-30 22:00:00,4.682196346239899,0.0488985055750775,1.3096479608428267e-09,1.0022661116107197,0.0,0.0
PNs,2026-06-30 23:00:00,5.123811588551178,0.05816860294717845,1.5577984065009775e-09,1.2456363716461403,0.0,0.0
PNs,2026-07-01 00:00:00,,,,,,
PNs,2026-07-01 01:00:00,,,,,,
PNs,2026-07-01 02:00:00,,,,,,
PNs,2026-07-01 03:00:00,,,,,,
PNs,2026-07-01 04:00:00,,,,,,
PNs,2026-07-01 05:00:00,,,,,,
PNs,2026-07-01 06:00:00,,,,,,
PNs,2026-07-01 07:00:00,,,,,,
PNs,2026-07-01 08:00:00,,,,,,
PNs,2026-07-01 09:00:00,3.075576254568496,0.0459606260091619,1.2263895025975022e-09,1.0004081793843145,0.0,0.0
PNs,2026-07-01 10:00:00,3.203217760566509,0.04574977167349675,1.2191224435491929e-09,0.9509821022510727,0.0,0.0
PNs,2026-07-01 11:00:00,3.6103169172324927,0.047259655705804746,1.2565508938951784e-09,0.973500284871802,0.0,0.0
PNs,2026-07-01 12:00:00,3.170922016489193,0.0495456169415439,1.315925898984065e-09,0.9824881932869368,0.0,0.0
PNs,2026-07-01 13:00:00,4.195434354585089,0.04892143425502765,1.2966700221294015e-09,0.9849781565554464,0.0,0.0
PNs,2026-07-01 14:00:00,3.4882396337407737,0.04602658317712395,1.2175481735886676e-09,1.0254824598959718,0.0,0.0
PNs,2026-07-01 15:00:00,1.8036201471318605,0.0454979665815505,1.206101323986861e-09,0.9978933681058524,0.05084745762711865,0.0
PNs,2026-07-01 16:00:00,3.7923181247836495,0.0496827281225782,1.3237228350059027e-09,1.0328823861058292,0.0,0.0
PNs,2026-07-01 17:00:00,2.7882325824720278,0.05523702806169755,1.4614212616069904e-09,1.3837554219385542,0.0,0.0
PNs,2026-07-01 18:00:00,3.9745264692623827,0.04909399844410605,1.300490554412433e-09,0.9876897915164646,0.0,0.0
PNs,2026-07-01 19:00:00,5.098941677874653,0.0496335830369321,1.3131362880273303e-09,0.9419190261615986,0.0,0.0
PNs,2026-07-01 20:00:00,2.5399566383467747,0.0476115331065087,1.2594196663060217e-09,0.9667607487880786,0.0,0.0
PNs,2026-07-01 21:00:00,2.7802074914390857,0.0479354622533769,1.2663926739252726e-09,1.023255691808342,0.0,0.0
PNs,2026-07-01 22:00:00,1.2640008580358282,0.0461344200769946,1.2240411983728762e-09,1.002731494739425,0.3050847457627119,0.0
PNs,2026-07-01 23:00:00,1.176847860973897,0.0483284312949378,1.2762054827476485e-09,1.0162303578760172,0.08333333333333333,0.0
PNs,2026-07-02 00:00:00,2.1111828264384234,0.047164189963258996,1.248231497979991e-09,0.9718857349903915,0.0,0.0
PNs,2026-07-02 01:00:00,2.265519236462273,0.0468762740359857,1.242680215309138e-09,0.9728779033856306,0.0,0.0
PNs,2026-07-02 02:00:00,2.4865201915036854,0.04751889961283455,1.2593205390015319e-09,0.9909830572230731,0.0,0.0
PNs,2026-07-02 03:00:00,1.7153487871194937,0.04505187404467375,1.1925872105523454e-09,0.9623263057513213,0.016666666666666666,0.0
PNs,2026-07-02 04:00:00,1.5371876438628904,0.0456960903478506,1.2134181589281096e-09,1.0015118897168405,0.03389830508474576,0.0
PNs,2026-07-02 05:00:00,1.993471806393215,0.0463500066421935,1.2294305619890215e-09,0.9850164065565399,0.0,0.0
PNs,2026-07-02 06:00:00,2.639898804126684,0.047546280981849404,1.2604792748884356e-09,0.9995876920186595,0.0,0.0
PNs,2026-07-02 07:00:00,2.7545985537472584,0.0453681402031586,1.204594491012558e-09,0.979566627056972,0.01694915254237288,0.0
PNs,2026-07-02 08:00:00,2.5201048146461575,0.046266377693417945,1.2301411038050883e-09,1.017147272425515,0.016666666666666666,0.0
PNs,2026-07-02 09:00:00,2.1459321113152674,0.04524321833740825,1.2002771208070742e-09,1.0236408500938508,0.016666666666666666,0.0
PNs,2026-07-02 10:00:00,3.05087917145158,0.0484982449055505,1.2838349372313971e-09,1.029702118241452,0.01694915254237288,0.0
PNs,2026-07-02 11:00:00,3.7855599511841254,0.04689788719285155,1.2463303542013493e-09,0.9885438933588531,0.016666666666666666,0.0
PNs,2026-07-02 12:00:00,4.1394829314225134,0.0486829838393179,1.2902805364044096e-09,0.9873229521832858,0.0,0.0
PNs,2026-07-02 13:00:00,2.360993004233773,0.0473631218921436,1.251311968463312e-09,1.0260055381813311,0.01694915254237288,0.0
PNs,2026-07-02 14:00:00,1.5172833072629275,0.04705351007463205,1.2479261029304642e-09,1.0107925994452205,0.016666666666666666,0.0
PNs,2026-07-02 15:00:00,1.054233260192828,0.0457518728636236,1.2165867407167472e-09,0.9869894690982224,0.18333333333333332,0.0
PNs,2026-07-02 16:00:00,0.9556651027205696,0.046585594920058,1.2368180736687174e-09,0.9720015190489336,0.576271186440678,0.0
PNs,2026-07-02 17:00:00,0.9360500099057874,0.04585727315110775,1.2170765659290756e-09,0.985070748309945,0.5833333333333334,0.0
PNs,2026-07-02 18:00:00,1.1573123759678863,0.045812118875866795,1.2274244253354102e-09,1.0287182681660334,0.45,0.0
PNs,2026-07-02 19:00:00,1.0423998648702597,0.0479497041424803,1.2656879843345572e-09,1.0153640841342133,0.5084745762711864,0.0
PNs,2026-07-02 20:00:00,1.01162562750465,0.0474783795067311,1.255950571798611e-09,0.9901004760528044,0.45,0.0
PNs,2026-07-02 21:00:00,2.5461910663733445,0.04901247216967125,1.2983069264605475e-09,0.9953083808301371,0.016666666666666666,0.0
PNs,2026-07-02 22:00:00,3.031737906893038,0.0486735016274467,1.289458238557371e-09,1.004173823203468,0.01694915254237288,0.0
PNs,2026-07-02 23:00:00,2.795758622558221,0.04704500716395965,1.2470117891102373e-09,0.966878163029085,0.016666666666666666,0.0
PNs,2026-07-03 00:00:00,2.222794347361617,0.04771142004450215,1.2654046379218867e-09,0.9854134424809748,0.016666666666666666,0.0
PNs,2026-07-03 01:00:00,1.5420388298496108,0.0468839978858154,1.2391829482563667e-09,0.9588839586708978,0.23728813559322035,0.0
PNs,2026-07-03 02:00:00,1.2104377143016967,0.0473335581739407,1.2541522487792772e-09,0.9719547741191403,0.016666666666666666,0.0
PNs,2026-07-03 03:00:00,1.402929699079814,0.04715829590925535,1.2507139918916369e-09,1.0038967485871404,0.016666666666666666,0.0
PNs,2026-07-03 04:00:00,1.0551394309593385,0.0475943119339011,1.2606444699843065e-09,0.9992535860260718,0.7068965517241379,0.0
PNs,2026-07-03 05:00:00,1.2874035463667592,0.047900941737229155,1.2707468266680254e-09,0.9882534054389268,0.016666666666666666,0.0
PNs,2026-07-03 06:00:00,5.0122362892081505,0.0485996868582122,1.2880050342158509e-09,0.9551480657950472,0.016666666666666666,0.0
PNs,2026-07-03 07:00:00,5.016232461805164,0.048610699411831396,1.287656619838712e-09,0.9620824018120748,0.0,0.0
PNs,2026-07-03 08:00:00,3.328730956376962,0.047946001907110056,1.2657980993557666e-09,0.9699649309595739,0.016666666666666666,0.0
PNs,2026-07-03 09:00:00,3.366429097151583,0.04902637763987705,1.3001302188749284e-09,0.9683682655867973,0.016666666666666666,0.0
PNs,2026-07-03 10:00:00,0.8442001569435109,0.04531575225080875,1.2102118687120442e-09,0.9834658126012981,0.5,0.0
PNs,2026-07-03 11:00:00,0.5908732852216383,0.0458590444478597,1.212720044720037e-09,0.9925524290308778,0.8983050847457628,0.0
PNs,2026-07-03 12:00:00,0.6753589197472089,0.0483206067935512,1.2790664859714475e-09,1.020116189697671,0.864406779661017,0.0
PNs,2026-07-03 13:00:00,1.1630225737156619,0.0480151150740266,1.2697770151972517e-09,1.0396890189401469,0.20689655172413793,0.0
PNs,2026-07-03 14:00:00,1.0951859234557524,0.0441659996490674,1.171350163505104e-09,0.9749724978635652,0.23728813559322035,0.0
PNs,2026-07-03 15:00:00,1.3787249164193256,0.0452629294442882,1.2026422971781476e-09,0.9758091763301636,0.0,0.0
PNs,2026-07-03 16:00:00,1.4006648974344662,0.0448178904076598,1.1901930622595237e-09,0.9874571130025606,0.05172413793103448,0.0
PNs,2026-07-03 17:00:00,1.4985946779513315,0.0446827165833601,1.1872823175730451e-09,0.9962856594672456,0.0,0.0
PNs,2026-07-03 18:00:00,1.2900639906805433,0.046105968601987096,1.2227250109224076e-09,1.0101447550609604,0.25,0.0
PNs,2026-07-03 19:00:00,1.1178344502523456,0.0459498816668872,1.2175685654120266e-09,1.0323151672885404,0.4576271186440678,0.0
PNs,2026-07-03 20:00:00,1.9720778945688129,0.04815041411459765,1.2757370805797372e-09,0.9922460917319464,0.016666666666666666,0.0
PNs,2026-07-03 21:00:00,2.6570062833914596,0.0471515549955419,1.2474616882180967e-09,0.9744441575766494,0.016666666666666666,0.0
PNs,2026-07-03 22:00:00,2.1687415887179773,0.048150893190853,1.2742627710295723e-09,0.9975874745973012,0.1724137931034483,0.0
PNs,2026-07-03 23:00:00,1.0635615460026617,0.0462706083647177,1.2267927997541281e-09,1.0076661901400519,0.36666666666666664,0.0
PNs,2026-07-04 00:00:00,2.9291633123812035,0.0486382201071788,1.2900819660132914e-09,1.0106360788512072,0.0,0.0
PNs,2026-07-04 01:00:00,2.323321290062684,0.0471413952319179,1.2476127308477199e-09,0.9899083408381726,0.01694915254237288,0.0
PNs,2026-07-04 02:00:00,1.960944661401713,0.047959259970083504,1.2710157326977867e-09,1.0084300021269845,0.03333333333333333,0.0
PNs,2026-07-04 03:00:00,1.888440812332623,0.047085715131433156,1.2473598996884921e-09,1.0359396402198193,0.016666666666666666,0.0
PNs,2026-07-04 04:00:00,0.7338699153057071,0.045041108472492,1.1914859076700384e-09,1.0292651025132626,0.6610169491525424,0.0
PNs,2026-07-04 05:00:00,0.6096077111911378,0.04557534786407835,1.2033456492950215e-09,0.9859355389378557,1.0,0.0
PNs,2026-07-04 06:00:00,1.0451951739211314,0.0468526341604402,1.2378365096588491e-09,0.9923473063762736,0.35,0.0
PNs,2026-07-04 07:00:00,1.1802833464515576,0.046922137755759,1.2387147366664795e-09,1.060327717614093,0.11864406779661017,0.0
PNs,2026-07-04 08:00:00,2.0028107618045494,0.048057321681852505,1.2714674066475747e-09,0.9991524521015699,0.0,0.0
PNs,2026-07-04 09:00:00,6.024193132459777,0.050156536105767244,1.3274683571772845e-09,0.9911028004903305,0.0,0.0
PNs,2026-07-04 10:00:00,7.778460720507352,0.0520997571407644,1.377695733215856e-09,0.9049853845999536,0.0,0.0
PNs,2026-07-04 11:00:00,5.623256846893749,0.05251118523564195,1.3856338535524352e-09,0.9767854124997929,0.0,0.0
PNs,2026-07-04 12:00:00,8.154611502247294,0.05566146892671385,1.4690102984927228e-09,0.9387678071686711,0.0,0.0
PNs,2026-07-04 13:00:00,4.28795467727132,0.0488740753280585,1.2895425869834671e-09,0.9793035093185296,0.0,0.0
PNs,2026-07-04 14:00:00,0.5933767631645406,0.04546229739064655,1.1995571677994979e-09,1.051253934598356,0.6833333333333333,0.0
PNs,2026-07-04 15:00:00,0.4793275540347699,0.0456197917615628,1.2160651187100512e-09,1.013734263832426,0.95,0.0
PNs,2026-07-04 16:00:00,0.5074059274147156,0.0454711246765288,1.210965197437418e-09,1.0271393475202886,0.9661016949152542,0.0
PNs,2026-07-04 17:00:00,0.6287399815589403,0.04574307917500485,1.216489262864597e-09,1.0458220241049863,1.0,0.0
PNs,2026-07-04 18:00:00,0.5739510716583838,0.04551914536515565,1.2031222435146722e-09,1.0679509190284133,1.0,0.0
PNs,2026-07-04 19:00:00,0.5902264285035864,0.0469674094188641,1.2393586872582459e-09,1.016800477815534,1.0,0.0
PNs,2026-07-04 20:00:00,0.5178771309976382,0.0471756647097843,1.2484733946591663e-09,1.088888162098045,1.0,0.0
PNs,2026-07-04 21:00:00,0.5983255171679955,0.0464887869102895,1.2286836476045843e-09,1.0114493451375475,0.8833333333333333,0.0
PNs,2026-07-04 22:00:00,0.985822917469997,0.0456397227586729,1.206854264007835e-09,0.9921137814614602,0.3050847457627119,0.0
PNs,2026-07-04 23:00:00,0.9577563019176369,0.0455048309615706,1.2105038453018527e-09,1.0323094304703495,0.65,0.0
PNs,2026-07-05 00:00:00,0.7706719088197882,0.0483352029999888,1.2765115549313791e-09,1.0373517296921233,0.85,0.0
PNs,2026-07-05 01:00:00,0.7510179129428419,0.046862194706401,1.2399685786671991e-09,1.032679359773046,1.0,0.0
PNs,2026-07-05 02:00:00,0.8266758994643874,0.047143571272667495,1.2495761961173116e-09,1.0274453818312443,0.8,0.0
PNs,2026-07-05 03:00:00,0.3439082485931608,0.046247626673808245,1.2209588139794433e-09,1.0081428133193588,0.85,0.0
PNs,2026-07-05 04:00:00,0.5753922589103037,0.0464040975528528,1.2268751392965442e-09,1.0162956365488345,1.0,0.0
PNs,2026-07-05 05:00:00,0.8392107471041401,0.044938570798517596,1.1953510734032804e-09,0.983707081310808,0.9666666666666667,0.0
PNs,2026-07-05 06:00:00,1.5102509213702153,0.0469277399743946,1.2436095587115472e-09,0.96086054881574,0.15,0.0
PNs,2026-07-05 07:00:00,1.7709325667844986,0.0461070572889352,1.2195418259710307e-09,1.0060682791598674,0.01694915254237288,0.0
PNs,2026-07-05 08:00:00,1.2008777873858016,0.04790080926353865,1.2714827744119692e-09,1.0436568540120672,0.1,0.0
PNs,2026-07-05 09:00:00,0.894607907983459,0.04700543037011465,1.2466525194644428e-09,1.0262604960823174,0.4666666666666667,0.0
PNs,2026-07-05 10:00:00,1.033595680792308,0.0468562500396811,1.239784402537635e-09,0.9986907880170832,0.22033898305084745,0.0
PNs,2026-07-05 11:00:00,1.0225372132321096,0.04805447012403545,1.2683368905569475e-09,0.9705042096974175,0.31666666666666665,0.0
PNs,2026-07-05 12:00:00,0.9776583207560046,0.047234374821148395,1.2411820293564634e-09,0.9910522488343648,0.5,0.0
PNs,2026-07-05 13:00:00,0.7905789298329117,0.0471347069733703,1.236668477071442e-09,1.0063742834465343,0.9661016949152542,0.0
PNs,2026-07-05 14:00:00,0.5897124347525871,0.0477179048249394,1.2663098462319325e-09,0.9955794131484131,1.0,0.0
PNs,2026-07-05 15:00:00,0.6348587821270835,0.0463021395977619,1.224018893576405e-09,1.029747260282496,1.0,0.0
PNs,2026-07-05 16:00:00,0.7367366879365884,0.0446819074626627,1.1864183019835448e-09,1.014786182331544,0.7931034482758621,0.0
PNs,2026-07-05 17:00:00,1.1335259037422762,0.045190251787867,1.1889593422207239e-09,1.0248999634874059,0.26666666666666666,0.0
PNs,2026-07-05 18:00:00,0.9831758765619225,0.04621485361609195,1.2171960719654758e-09,1.0066099501208199,0.45,0.0
PNs,2026-07-05 19:00:00,1.5417752949352663,0.04630152914661575,1.2236092316894082e-09,1.0005440107131192,0.25862068965517243,0.0
PNs,2026-07-05 20:00:00,1.1414061467597754,0.04558120194847335,1.2033471599057977e-09,1.019302825536451,0.16666666666666666,0.0
PNs,2026-07-05 21:00:00,1.094130471639547,0.0465161024321693,1.2273999828539146e-09,1.0343307216803288,0.2,0.0
PNs,2026-07-05 22:00:00,1.0105994403556355,0.04681546628531345,1.2380582907111935e-09,0.9746560258639586,0.7931034482758621,0.0
PNs,2026-07-05 23:00:00,1.0586412930330986,0.04698772552413625,1.2434992683409803e-09,0.9797850606146635,0.5166666666666667,0.0
PNs,2026-07-06 00:00:00,0.882769966406822,0.0468129435051128,1.2402082158480787e-09,0.967863543448666,0.864406779661017,0.0
PNs,2026-07-06 01:00:00,0.9457099881457101,0.0464133088249353,1.2238086141143802e-09,0.9829304100327293,1.0,0.0
PNs,2026-07-06 02:00:00,0.9529966655925016,0.0459675768323877,1.2139921620882292e-09,1.0464305136093612,0.8305084745762712,0.0
PNs,2026-07-06 03:00:00,0.8199449350665415,0.0456649863902315,1.206046067665269e-09,0.979752300433084,0.6101694915254238,0.0
PNs,2026-07-06 04:00:00,1.0744867949085044,0.045223905593067895,1.1946611372441094e-09,1.0255621044971421,0.5344827586206896,0.0
PNs,2026-07-06 05:00:00,1.443603845026708,0.0460257228270219,1.215485267175611e-09,1.024778362034557,0.0,0.0
PNs,2026-07-06 06:00:00,1.4641794286967122,0.0476142497098089,1.257274994614415e-09,1.0069437741012146,0.01694915254237288,0.0
PNs,2026-07-06 07:00:00,1.9440664480512249,0.0481448589850879,1.2717810196953183e-09,0.983018704357864,0.017241379310344827,0.0
PNs,2026-07-06 08:00:00,1.1404187714582423,0.04649307287064505,1.2323571003887356e-09,0.9100648590072359,0.23333333333333334,0.0
PNs,2026-07-06 09:00:00,0.7056458695156236,0.0473669112695147,1.2500812145620747e-09,1.0417585500474371,0.8666666666666667,0.0
PNs,2026-07-06 10:00:00,2.626797928863291,0.0477109052122747,1.2796758628346163e-09,1.0689703176558,0.0847457627118644,0.0
PNs,2026-07-06 11:00:00,2.802343907092682,0.049608867875825,1.325006109443271e-09,1.025535468373303,0.016666666666666666,0.0
PNs,2026-07-06 12:00:00,0.7825520848588383,0.0456174277523729,1.2184261047306167e-09,1.0143350880371873,0.75,0.0
PNs,2026-07-06 13:00:00,0.769058702239963,0.0489962139294464,1.3067672104165783e-09,1.024305605207377,0.847457627118644,0.0
PNs,2026-07-06 14:00:00,0.6523725971669253,0.04625320222932815,1.2238527174312317e-09,0.9934723877656548,0.95,0.0
PNs,2026-07-06 15:00:00,0.649267631223926,0.04584335890977285,1.2099607331533986e-09,0.9985366365790725,0.9,0.0
PNs,2026-07-06 16:00:00,0.6795258205421817,0.0466006245249265,1.2347052412432788e-09,0.9907079289175562,0.9491525423728814,0.0
PNs,2026-07-06 17:00:00,0.7251223980477863,0.0467700203003588,1.2410876565004282e-09,1.0252014506101743,0.85,0.0
PNs,2026-07-06 18:00:00,0.8734250258751277,0.047530916435550755,1.2619384858925958e-09,0.9895774345380768,0.7333333333333333,0.0
PNs,2026-07-06 19:00:00,1.0946880434565618,0.0464437301364544,1.2410705825553094e-09,0.9782851022583634,0.5423728813559322,0.0
PNs,2026-07-06 20:00:00,1.25773599323513,0.04472773064263305,1.1962059628479634e-09,0.9903239825139828,0.3333333333333333,0.0
PNs,2026-07-06 21:00:00,1.0718634056395224,0.0441905370191485,1.1823785994260373e-09,1.0325993213033766,0.45,0.0
PNs,2026-07-06 22:00:00,1.096385917356392,0.0437502956739765,1.1718612340553692e-09,1.0065412789821295,0.5423728813559322,0.0
PNs,2026-07-06 23:00:00,1.483742652050792,0.044522635994037996,1.191079638332614e-09,0.9997398842334941,0.05,0.0
PNs,2026-07-07 00:00:00,1.0736293466857467,0.0451442131393137,1.2069011643601758e-09,1.051420846906649,0.5,0.0
PNs,2026-07-07 01:00:00,0.9622394046684783,0.0449743185270332,1.2021059643615363e-09,1.0346129173987653,0.8983050847457628,0.0
PNs,2026-07-07 02:00:00,1.8896817162029829,0.047721438970774396,1.2733266535267804e-09,0.986023961419627,0.016666666666666666,0.0
PNs,2026-07-07 03:00:00,1.0479339186692698,0.0470626659045794,1.2557647085834982e-09,0.9988827442959478,0.43333333333333335,0.0
PNs,2026-07-07 04:00:00,0.884916906370759,0.0454359655972666,1.2127193592908078e-09,0.996862749802099,0.9661016949152542,0.0
PNs,2026-07-07 05:00:00,2.890198425151459,0.04892840503220615,1.3048682790559818e-09,1.0276500647907505,0.13333333333333333,0.0
PNs,2026-07-07 06:00:00,3.7565963133055216,0.048339022850999,1.2909768015568687e-09,0.9733570325231455,0.0,0.0
PNs,2026-07-07 07:00:00,5.277792314254116,0.0499001245262506,1.3335814904033321e-09,0.9430195834453068,0.0,0.0
PNs,2026-07-07 08:00:00,4.527891666937041,0.0485638913213339,1.2950199834920067e-09,0.9539527067449964,0.0,0.0
PNs,2026-07-07 09:00:00,7.481339577228287,0.0517857894852639,1.378827630516221e-09,0.920180236583019,0.0,0.0
PNs,2026-07-07 10:00:00,7.418711845235219,0.05236409719169665,1.3930196294543514e-09,0.8965493690799019,0.0,0.0
PNs,2026-07-07 11:00:00,6.0575346161750465,0.05612402185968665,1.4970228576474336e-09,0.9965616326987798,0.0,0.0
PNs,2026-07-07 12:00:00,2.3243570662039152,0.049330637131115,1.3137967361531431e-09,1.0170100604180032,0.01694915254237288,0.0
PNs,2026-07-07 13:00:00,1.4362962087131468,0.0473089840072003,1.255513021327089e-09,1.0342807328542123,0.03333333333333333,0.0
PNs,2026-07-07 14:00:00,0.789637418227846,0.046280918525090795,1.22603496289838e-09,0.9793412565416009,0.8166666666666667,0.0
PNs,2026-07-07 15:00:00,0.9253172900588026,0.0481365882257917,1.2763973785912866e-09,1.027718973983436,0.864406779661017,0.0
PNs,2026-07-07 16:00:00,2.137045078740417,0.0462052660290998,1.227578992530287e-09,0.9761349294539095,0.16666666666666666,0.0
PNs,2026-07-07 17:00:00,4.181745644365612,0.04917501908716995,1.305605534346735e-09,0.9775977382705007,0.0,0.0
PNs,2026-07-07 18:00:00,2.929249001890568,0.0497966057292638,1.3266276460187527e-09,1.014755088538621,0.0,0.0
PNs,2026-07-07 19:00:00,1.677905127165699,0.04762575490615545,1.2713073474706587e-09,1.0150853559233552,0.0,0.0
PNs,2026-07-07 20:00:00,1.2262971381779428,0.04675664722230275,1.2486484787723536e-09,0.9820487105728957,0.16666666666666666,0.0
PNs,2026-07-07 21:00:00,1.8503307518729784,0.0458759659554885,1.2262769387557188e-09,0.9850772177333156,0.06779661016949153,0.0
PNs,2026-07-07 22:00:00,1.3876296708563025,0.044698102465377754,1.1941702213758313e-09,1.0106550814982183,0.016666666666666666,0.0
PNs,2026-07-07 23:00:00,3.51069692006197,0.046554546784349796,1.2457755628266098e-09,0.9577590154821624,0.0,0.0
PNs,2026-07-08 00:00:00,1.8111185610343516,0.046660033190507,1.2470537242870327e-09,0.9610217525747026,0.0,0.0
PNs,2026-07-08 01:00:00,2.25703753540067,0.045595049347070996,1.22065695136421e-09,0.961347442580035,0.016666666666666666,0.0
PNs,2026-07-08 02:00:00,1.4441906420287696,0.0451029924115323,1.2074450675887538e-09,0.9562411211675882,0.11666666666666667,0.0
PNs,2026-07-08 03:00:00,1.5769038423761883,0.0458771947663037,1.2267771627815544e-09,0.9726728078653822,0.01694915254237288,0.0
PNs,2026-07-08 04:00:00,1.2051922216750863,0.04541308587684935,1.2122017484403875e-09,0.9771848205338844,0.2,0.0
PNs,2026-07-08 05:00:00,0.8542523863782142,0.04503614462489295,1.2020732456455947e-09,0.9894204258440047,0.8166666666666667,0.0
PNs,2026-07-08 06:00:00,1.6741736815377877,0.0464908974540199,1.241902423411449e-09,0.976107800290177,0.06779661016949153,0.0
PNs,2026-07-08 07:00:00,1.4545839836420096,0.045589424291167455,1.2191695154403445e-09,0.9859578665238413,0.13333333333333333,0.0
PNs,2026-07-08 08:00:00,1.198666402210745,0.0452174018474029,1.2067726573609808e-09,0.9928430828459474,0.2833333333333333,0.0
PNs,2026-07-08 09:00:00,0.7559493250686321,0.0531410784966761,1.4017647139176844e-09,0.9446229234126362,1.0,0.0
PNs,2026-07-08 10:00:00,0.7836825410328428,0.04530102127955085,1.2015651132034947e-09,0.9760143396563148,0.8166666666666667,0.0
PNs,2026-07-08 11:00:00,0.7657679340791446,0.046055905592471094,1.2190030113599842e-09,1.0390704472854506,0.8666666666666667,0.0
PNs,2026-07-08 12:00:00,0.7951340045235794,0.0452122698118248,1.1986237772513339e-09,1.0301235332039331,0.8813559322033898,0.0
PNs,2026-07-08 13:00:00,0.8559098457282857,0.0471306474983654,1.2499544694995554e-09,0.9807861279890888,1.0,0.0
PNs,2026-07-08 14:00:00,1.2744131537587893,0.047143733994773895,1.2484334015180001e-09,0.9881933930312694,0.3333333333333333,0.0
PNs,2026-07-08 15:00:00,1.2029474589234643,0.0469463569063944,1.2464307201206796e-09,1.0022493445160998,0.2711864406779661,0.0
PNs,2026-07-08 16:00:00,2.172800314443476,0.0469090835329501,1.242876477145139e-09,0.9958694405054129,0.016666666666666666,0.0
PNs,2026-07-08 17:00:00,2.5174686623691143,0.0463194030053298,1.2282929869085965e-09,0.9814026964060241,0.037037037037037035,0.0
PNs,2026-07-08 18:00:00,1.9683871839134532,0.0460182405753046,1.2171111459373675e-09,0.9687899890222066,0.0,0.0
PNs,2026-07-08 19:00:00,1.5965687667540416,0.04638915037240125,1.2311106358317735e-09,1.025653589114604,0.05,0.0
PNs,2026-07-08 20:00:00,1.3320153318722294,0.046551202786034,1.2381433154818286e-09,1.0198294924526206,0.0847457627118644,0.0
PNs,2026-07-08 21:00:00,0.9927978272310329,0.045433475295335896,1.2090382807797927e-09,1.012890308368311,0.4166666666666667,0.0
PNs,2026-07-08 22:00:00,0.909756383521611,0.045977288512656644,1.2219830400079625e-09,1.0549907034589314,0.7333333333333333,0.0
PNs,2026-07-08 23:00:00,0.5585021436244949,0.0460180919672217,1.2228399686961501e-09,1.0054594674386723,1.0,0.0
PNs,2026-07-09 00:00:00,0.6895606856003356,0.04577330995213985,1.2144315300425592e-09,1.008503596816293,1.0,0.0
PNs,2026-07-09 01:00:00,0.6008253038392473,0.0463095368719953,1.230814669525778e-09,1.0311272613311795,1.0,0.0
PNs,2026-07-09 02:00:00,0.4789490106260602,0.0449238499830225,1.188191594239379e-09,1.0149885468433606,1.0,0.0
PNs,2026-07-09 03:00:00,0.4796642202715921,0.0453382460880209,1.1997584375648443e-09,0.997746440482852,1.0,0.0
PNs,2026-07-09 04:00:00,0.47054693911694856,0.04679687898260005,1.2411542828543522e-09,0.951025219916015,1.0,0.0
PNs,2026-07-09 05:00:00,1.1131451572092057,0.0467575638976377,1.2416495417802986e-09,0.9765616371075544,0.3898305084745763,0.0
PNs,2026-07-09 06:00:00,1.3425212670302744,0.04693365325159115,1.2464293965821667e-09,0.9736949701231716,0.23333333333333334,0.0
PNs,2026-07-09 07:00:00,1.1930365003303525,0.046825238826638804,1.2393476769029575e-09,1.0345900376072872,0.21666666666666667,0.0
PNs,2026-07-09 08:00:00,1.3968268139339846,0.05192389458299685,1.3768054116019047e-09,1.115032609638357,0.125,0.0
PNs,2026-07-09 09:00:00,0.8766522343177521,0.0484931510835392,1.2736104769164954e-09,1.2620199717195106,0.9591836734693877,0.0
PNs,2026-07-09 10:00:00,0.8749799705911697,0.0451384543123437,1.1857450628205607e-09,1.0024970135832234,0.4666666666666667,0.0
PNs,2026-07-09 11:00:00,0.4724069878166922,0.04391621750405325,1.1486112702584159e-09,1.0224389170840225,0.9666666666666667,0.0
PNs,2026-07-09 12:00:00,0.5546669273764387,0.0450003457121283,1.1755628708695403e-09,1.0144601416545285,1.0,0.0
PNs,2026-07-09 13:00:00,0.6374696487578607,0.044868904675954197,1.1758893684156394e-09,1.0207038706094673,0.95,0.0
PNs,2026-07-09 14:00:00,0.6179941483298865,0.0451941057812924,1.179703912261301e-09,1.0236841643259238,0.9666666666666667,0.0
PNs,2026-07-09 15:00:00,0.6490530273290952,0.0454809636504638,1.1841666747730424e-09,1.0676686095347692,0.9830508474576272,0.0
PNs,2026-07-09 16:00:00,1.0658294419754477,0.045945420226469705,1.2074421219171657e-09,1.0588870803494903,0.8166666666666667,0.0
PNs,2026-07-09 17:00:00,0.705988699168943,0.0430390629568116,1.1278508308400558e-09,0.9949094515908614,0.85,0.0
PNs,2026-07-09 18:00:00,0.8638288699401427,0.0442578174001348,1.1628025528758067e-09,0.9940026193356164,0.7457627118644068,0.0
PNs,2026-07-09 19:00:00,0.8428536110744111,0.0440217293532183,1.157924642804938e-09,0.9982567868236327,0.6,0.0
PNs,2026-07-09 20:00:00,0.809574470218579,0.04423928867214095,1.171089972756019e-09,1.007938990848678,0.9,0.0
PNs,2026-07-09 21:00:00,1.6464837167773378,0.0445978818647691,1.1820109499133496e-09,1.0031970550009517,0.1694915254237288,0.0
PNs,2026-07-09 22:00:00,3.4018092671684226,0.0458111135649315,1.2138294280144912e-09,0.9737325360938855,0.0,0.0
PNs,2026-07-09 23:00:00,2.6888037073583915,0.04421088924892395,1.1682729701594675e-09,0.972966194683172,0.0,0.0
PNs,2026-07-10 00:00:00,2.654320847363769,0.0451599449313986,1.193480024396454e-09,0.9798244694432624,0.01694915254237288,0.0
PNs,2026-07-10 01:00:00,2.294004032767267,0.0456242724425021,1.2050184431377729e-09,0.97254587237884,0.016666666666666666,0.0
PNs,2026-07-10 02:00:00,2.6101061233789973,0.04561032446605785,1.20310517618838e-09,0.970116947543055,0.0,0.0
PNs,2026-07-10 03:00:00,3.4341785116940686,0.0456760150704949,1.2048226515413452e-09,0.9989070933637192,0.01694915254237288,0.0
PNs,2026-07-10 04:00:00,3.6113209222591287,0.046775239901954646,1.2345969946848163e-09,1.0373641598553291,0.0,0.0
PNs,2026-07-10 05:00:00,4.44067305320962,0.04708847912160835,1.2421859230655335e-09,0.9725857758790954,0.0,0.0
PNs,2026-07-10 06:00:00,5.33254444487784,0.0480812873550928,1.2695878631084241e-09,0.9647362366396496,0.01694915254237288,0.0
PNs,2026-07-10 07:00:00,6.517307696843018,0.049351353339114404,1.3040495473936876e-09,0.96529269304109,0.0,0.0
PNs,2026-07-10 08:00:00,3.280159164051945,0.052635763052148246,1.387655998963882e-09,1.025394743828532,0.0,0.0
PNs,2026-07-10 09:00:00,2.120441702838968,0.05855952815990355,1.5370813758368002e-09,1.3139387018766042,0.0,0.0
cold,2026-05-17 08:00:00,0.21478735164221513,0.06257080612534345,2.465064262830305e-09,1.2181872863318934,0.8076923076923077,0.0
cold,2026-05-17 09:00:00,0.29236835387539717,0.08773054955849945,3.462675639167337e-09,1.1888350935351748,0.5333333333333333,0.0
cold,2026-05-17 10:00:00,0.6022106358485074,0.13008734381230935,5.132069411712677e-09,1.1437638414057765,0.26666666666666666,0.0
cold,2026-05-17 11:00:00,0.9014426223157408,0.0807931428193232,3.1954331910773154e-09,1.5984882381131331,0.0,0.0
cold,2026-05-17 12:00:00,1.2615609329772592,0.0850458934311457,3.3673674891316766e-09,1.7519880809167945,0.0,0.0
cold,2026-05-17 13:00:00,1.1788235303904453,0.0853185357014728,3.3703316116097607e-09,1.6456018242084078,0.016666666666666666,0.0
cold,2026-05-17 14:00:00,0.8479812722699742,0.0746659569914564,2.962246565286841e-09,1.8985507337858385,0.01694915254237288,0.0
cold,2026-05-17 15:00:00,1.1048457182757168,0.0831598675798758,3.2817258590335124e-09,2.416643760524628,0.016666666666666666,0.0
cold,2026-05-17 16:00:00,1.1129523314352956,0.08112080987591644,3.2020621473719143e-09,2.3520405519958834,0.016666666666666666,0.0
cold,2026-05-17 17:00:00,0.9740691488051008,0.0706015937569917,2.786782765192556e-09,2.0355120893911023,0.01694915254237288,0.0
cold,2026-05-17 18:00:00,1.0377478123378898,0.07280763360829505,2.8717401972893787e-09,1.9920058653361774,0.016666666666666666,0.0
cold,2026-05-17 19:00:00,1.4438741663303492,0.09586935454654574,3.796641633561752e-09,2.7481704063058356,0.016666666666666666,0.0
cold,2026-05-17 20:00:00,1.5641614481505006,0.0962730296707057,3.810249034048995e-09,3.3396896142244987,0.01694915254237288,0.0
cold,2026-05-17 21:00:00,3.4003385499336938,0.1691842268252395,6.697406331680287e-09,8.843485060768497,0.016666666666666666,0.0
cold,2026-05-17 22:00:00,2.227090658880549,0.11529634243413675,4.572534421554399e-09,4.853515561800032,0.016666666666666666,0.0
cold,2026-05-17 23:00:00,5.398958176773116,0.2408407845342755,9.52782309422261e-09,17.040242782740506,0.01694915254237288,0.0
cold,2026-05-18 00:00:00,3.886742616231549,0.196996980578941,7.787288789314537e-09,10.90417703854112,0.11864406779661017,0.0
cold,2026-05-18 01:00:00,0.0984912109810131,0.0536664851545793,2.1123102652897626e-09,1.73482753153543,0.5,0.0
cold,2026-05-18 02:00:00,-0.0069377481743904505,0.0484158293758438,1.911794684730306e-09,1.0531201728532738,0.4,0.0
cold,2026-05-18 03:00:00,-0.0554751611564314,0.0565239503694664,2.2566850594377342e-09,1.2032964493121383,0.6862745098039216,0.0
cold,2026-05-18 04:00:00,0.0647423847689406,0.0570572851062787,2.276846805974355e-09,1.088494003507986,0.04918032786885246,0.0
cold,2026-05-18 05:00:00,0.08517265740411385,0.0519078671018704,2.0645029777190152e-09,1.0696165824852404,0.6,0.0
cold,2026-05-18 06:00:00,0.1029139480829473,0.0553656653331586,2.202471612069844e-09,1.053749125494947,0.2711864406779661,0.0
cold,2026-05-18 07:00:00,0.15636708196914906,0.05489903121627045,2.186952845747288e-09,1.0930961990814805,0.016666666666666666,0.0
cold,2026-05-18 08:00:00,0.3293683023587741,0.0580511819694637,2.303575870294296e-09,1.131742552994269,0.0,0.0
cold,2026-05-18 09:00:00,0.4622974896042316,0.0661448237146678,2.6106155777930246e-09,1.2612759804904563,0.0,0.0
cold,2026-05-18 10:00:00,0.6914452114984154,0.0906343342548396,3.549546048558831e-09,1.3201646721646196,0.016666666666666666,0.0
cold,2026-05-18 11:00:00,0.6026152556639763,0.08502131220788664,3.3309064899634604e-09,1.122635901039032,0.11666666666666667,0.0
cold,2026-05-18 12:00:00,0.5231656600297693,0.0638108040517226,2.5007036760304513e-09,1.241690376928953,0.05084745762711865,0.0
cold,2026-05-18 13:00:00,1.3877844615534136,0.08277096600710795,3.246937356519554e-09,2.4805387716861764,0.016666666666666666,0.0
cold,2026-05-18 14:00:00,1.0024800459289107,0.07188127614762466,2.822970731839543e-09,2.047729269984821,0.016666666666666666,0.0
cold,2026-05-18 15:00:00,0.9139096100597952,0.0671398158143596,2.637079788034828e-09,1.6528161027737869,0.01694915254237288,0.0
cold,2026-05-18 16:00:00,0.8655416379015587,0.06544706554884536,2.5698167654544846e-09,1.6998183983076454,0.016666666666666666,0.0
cold,2026-05-18 17:00:00,0.6415956704814179,0.0597257653212439,2.347969697261221e-09,1.3140052972575447,0.016666666666666666,0.0
cold,2026-05-18 18:00:00,0.598130288509923,0.0592465381913567,2.3270759003282184e-09,1.2164871456473785,0.01694915254237288,0.0
cold,2026-05-18 19:00:00,0.6359848135954194,0.0621806913639805,2.4434281649333475e-09,1.3819928852103747,0.016666666666666666,0.0
cold,2026-05-18 20:00:00,0.941049306932486,0.06978857669107086,2.7465718601973194e-09,1.7251430464855948,0.016666666666666666,0.0
cold,2026-05-18 21:00:00,2.1845936861638258,0.1082149571785427,4.249977678375928e-09,3.836328316701176,0.01694915254237288,0.0
cold,2026-05-18 22:00:00,3.043329972317273,0.13933531316496928,5.4619425094978344e-09,5.365383515278374,0.016666666666666666,0.0
cold,2026-05-18 23:00:00,4.175807777582334,0.18772489628218034,7.347754663603658e-09,8.35897082117781,0.016666666666666666,0.0
cold,2026-05-19 00:00:00,2.3932192348242243,0.1182280811289742,4.6210179580936285e-09,4.023583705912243,0.0,0.0
cold,2026-05-19 01:00:00,1.7610720105319801,0.12931046840082844,5.105538027210105e-09,2.8348570598393583,0.016666666666666666,0.0
cold,2026-05-19 02:00:00,0.0051576889799026995,0.06730394972097406,2.622015303537496e-09,1.245134271546073,0.8833333333333333,0.0
cold,2026-05-19 03:00:00,-0.0076038651026699,0.059989285044934254,2.3370895016761265e-09,1.054772007638562,0.8448275862068966,0.0
cold,2026-05-19 04:00:00,0.0432845503475625,0.0537094277995215,2.0961832158213114e-09,1.2136643399101708,0.3389830508474576,0.0
cold,2026-05-19 05:00:00,0.0898415247035034,0.0465413967415684,1.8317011356817027e-09,1.1207609763915367,0.11864406779661017,0.0
cold,2026-05-19 06:00:00,0.1086349657897023,0.0598596398593549,2.358936234709488e-09,1.1184691687545818,0.6271186440677966,0.0
cold,2026-05-19 07:00:00,0.22819774965417938,0.06768836224360969,2.679589586450731e-09,1.1382288004954075,0.03333333333333333,0.0
cold,2026-05-19 08:00:00,0.4004890966585123,0.1124922455123758,4.4412157064186965e-09,1.118759635083763,0.21666666666666667,0.0
cold,2026-05-19 09:00:00,0.4275445493224599,0.0669004476493272,2.6141089097601984e-09,1.273267435525138,0.7796610169491526,0.0
cold,2026-05-19 10:00:00,0.662539925300131,0.09764477210528816,3.835552836657362e-09,1.5057191488939012,0.016666666666666666,0.0
cold,2026-05-19 11:00:00,0.03948896072437545,0.2858199522511047,1.1277661953792162e-08,8.218356894814857,0.016666666666666666,0.0
cold,2026-05-19 12:00:00,1.9718883718742617,0.1432897401190347,5.654228746896117e-09,3.218439847699209,0.01694915254237288,0.0
cold,2026-05-19 13:00:00,1.0831685545619045,0.14314845012098,5.647312144036733e-09,2.757782360936658,0.0,0.0
cold,2026-05-19 14:00:00,-7.015876829715802,0.7637348562288095,3.0181503769287647e-08,7.932867557014699,0.0,0.0
cold,2026-05-19 15:00:00,-84.81656710219096,6.892084381963851,2.7112985741652854e-07,16.447583493125247,0.0,0.0
cold,2026-05-19 16:00:00,-11.4019980183186,1.0393495588659425,4.094019285194178e-08,6.459270084364961,0.0,0.0
cold,2026-05-19 17:00:00,-2.4917914333761204,0.2935659853593352,1.155229440049017e-08,3.2686402283107903,0.0,0.0
cold,2026-05-19 18:00:00,-4.924064601339881,0.4755330094918085,1.8753757176534367e-08,4.219192555457808,0.01694915254237288,0.0
cold,2026-05-19 19:00:00,-1.3145417329226752,0.3338191656620523,1.309366527291838e-08,2.107075503169458,0.016666666666666666,0.0
cold,2026-05-19 20:00:00,-1.311163809133844,0.3284627557353582,1.2856258131923011e-08,1.2457105419700383,0.05,0.0
cold,2026-05-19 21:00:00,0.482216635696047,0.1823009901816544,7.1527733516992285e-09,1.5094285948039368,0.03389830508474576,0.0
cold,2026-05-19 22:00:00,0.8188596756540957,0.11634902058625829,4.545906120364697e-09,1.1206207039446094,0.016666666666666666,0.0
cold,2026-05-19 23:00:00,0.8815174540789139,0.09765848382062589,3.814292061413344e-09,1.1960790218974728,0.016666666666666666,0.0
cold,2026-05-20 00:00:00,1.1046020621297763,0.1100024005386408,4.3018605729947074e-09,1.413776611622681,0.01694915254237288,0.0
cold,2026-05-20 01:00:00,1.0748595825562401,0.1089831400638247,4.245381173179612e-09,1.3107568654930555,0.0,0.0
cold,2026-05-20 02:00:00,1.2258246760124138,0.1094163712579592,4.276973901020991e-09,1.1728782693324833,0.0,0.0
cold,2026-05-20 03:00:00,1.1753149854775988,0.1214199069283924,4.743595411596157e-09,1.3344322539953477,0.0,0.0
cold,2026-05-20 04:00:00,1.1302095902100118,0.11436246378097706,4.472547638084267e-09,1.2494373741606708,0.0,0.0
cold,2026-05-20 05:00:00,0.8830942627553648,0.09484499626278105,3.7067653426163768e-09,1.1835690351433938,0.3,0.0
cold,2026-05-20 06:00:00,1.9551244164727217,0.1094130078436826,4.2701874407197355e-09,1.9964334010492797,0.0,0.0
cold,2026-05-20 07:00:00,2.0549866040288958,0.1161380346860129,4.5305549907709356e-09,2.8041093314993537,0.0,0.0
cold,2026-05-20 08:00:00,2.3323367600482907,0.12327666092880875,4.7922268382140506e-09,3.041449305245411,0.0,0.0
cold,2026-05-20 09:00:00,2.412344010048056,0.1239514651569828,4.812497167461024e-09,3.0768299021508527,0.0,0.0
cold,2026-05-20 10:00:00,2.0057967543851762,0.1152921118991174,4.483014688601027e-09,2.3772435482486225,0.0,0.0
cold,2026-05-20 11:00:00,1.1476806706788665,0.08234552020544675,3.1941161067845587e-09,1.6951381719567127,0.016666666666666666,0.0
cold,2026-05-20 12:00:00,1.295787100320845,0.0899747665126028,3.492279601576776e-09,1.928001747015148,0.01694915254237288,0.0
cold,2026-05-20 13:00:00,1.1553698775489214,0.08869898731555124,3.4415704423222277e-09,1.786190032277302,0.016666666666666666,0.0
cold,2026-05-20 14:00:00,1.0589583974486187,0.08085584329494075,3.137609105287149e-09,1.5897471031113013,0.016666666666666666,0.0
cold,2026-05-20 15:00:00,0.8450576678927976,0.0772897061779726,2.999796068529476e-09,1.2851563283524448,0.01694915254237288,0.0
cold,2026-05-20 16:00:00,0.4600296506238516,0.0749710263800359,2.9093604741556026e-09,1.2352611412659846,0.016666666666666666,0.0
cold,2026-05-20 17:00:00,0.5592289261499441,0.07684398020479255,2.981407564507531e-09,1.1497642480107297,0.016666666666666666,0.0
cold,2026-05-20 18:00:00,0.6194141288067406,0.0782946755838713,3.036862236700478e-09,1.3516959380021318,0.01694915254237288,0.0
cold,2026-05-20 19:00:00,0.9405617298779632,0.08121074368074704,3.146907943062291e-09,1.5803607339094403,0.016666666666666666,0.0
cold,2026-05-20 20:00:00,0.7799034075365499,0.0767067066949266,2.9791711794879273e-09,1.3682127218034132,0.016666666666666666,0.0
cold,2026-05-20 21:00:00,0.7982163119426334,0.0766066774290077,2.965802076000106e-09,1.3342597483663174,0.01694915254237288,0.0
cold,2026-05-20 22:00:00,1.349680253483505,0.09323599045429895,3.612820856090032e-09,1.916170088860264,0.016666666666666666,0.0
cold,2026-05-20 23:00:00,1.0225919916861659,0.08514907413631075,3.317514006627401e-09,1.7709427916284817,0.016666666666666666,0.0
cold,2026-05-21 00:00:00,0.0558837715271039,0.0632139669507894,2.4552115326860757e-09,1.220792592509161,0.018867924528301886,0.0
cold,2026-05-21 01:00:00,-0.2814641486597236,0.14556211605182,5.7069951391069805e-09,5.030859194451992,0.0,0.0
cold,2026-05-21 02:00:00,-17.602465602824967,2.394857801305013,9.347504776687533e-08,66.04098364260521,0.0,0.0
cold,2026-05-21 03:00:00,-2.693165080892277,0.402520899635767,1.5658715513376803e-08,4.75283982554315,0.0,0.0
cold,2026-05-21 04:00:00,-0.8122144289531086,0.1477200302520588,5.736380130036719e-09,1.8259806149158555,0.0,0.0
cold,2026-05-21 05:00:00,-0.26967736389583696,0.09377463617171919,3.6291156090705336e-09,1.3780366560267403,0.0,0.0
cold,2026-05-21 06:00:00,-0.2243546761495521,0.0957563358460234,3.7046941139644644e-09,1.2884946196979323,0.01694915254237288,0.0
cold,2026-05-21 07:00:00,-0.6456350299357854,0.1198894864100598,4.659933455788009e-09,1.6970325760068818,0.0,0.0
cold,2026-05-21 08:00:00,-0.5389967921350549,0.11139430437233999,4.342096839101067e-09,1.5434558731625923,0.0,0.0
cold,2026-05-21 09:00:00,-0.1901677060918117,0.1012952470951341,3.9247164017963105e-09,1.325056007107819,0.01694915254237288,0.0
cold,2026-05-21 10:00:00,0.10791396820779355,0.09207945671306166,3.5668065515871836e-09,1.5333403386754687,0.016666666666666666,0.0
cold,2026-05-21 11:00:00,0.12592854512496887,0.08474482572911479,3.2847306760238576e-09,1.3729567158246654,0.016666666666666666,0.0
cold,2026-05-21 12:00:00,-0.0389820721855102,0.0793484082954517,3.076866471854497e-09,1.1541715698718804,0.01694915254237288,0.0
cold,2026-05-21 13:00:00,0.22703020958249143,0.0846738335102306,3.2852385974468956e-09,1.3011894358328058,0.016666666666666666,0.0
cold,2026-05-21 14:00:00,-0.06770718577643,0.09496101603048951,3.6879910569852137e-09,1.303644036980526,0.016666666666666666,0.0
cold,2026-05-21 15:00:00,0.1788897136462693,0.1211568911277537,4.703680546585052e-09,1.4795859282702697,0.01694915254237288,0.0
cold,2026-05-21 16:00:00,-0.17259504832276706,0.10352806973436604,4.01417781660386e-09,1.338004314075156,0.016666666666666666,0.0
cold,2026-05-21 17:00:00,-0.0947796400845291,0.1063315936177417,4.124813168507898e-09,1.3472188723297107,0.016666666666666666,0.0
cold,2026-05-21 18:00:00,0.1209215056455546,0.1119756888160475,4.349645341735242e-09,1.350349320775162,0.01694915254237288,0.0
cold,2026-05-21 19:00:00,0.0443894818100573,0.07844022087640234,3.0444847358019995e-09,1.1199574205818006,0.016666666666666666,0.0
cold,2026-05-21 20:00:00,0.2164255223006208,0.07907584322981095,3.0732148886841865e-09,1.2176399692570306,0.016666666666666666,0.0
cold,2026-05-21 21:00:00,0.823478630483863,0.082532636931762,3.209750918081888e-09,1.3191309551283577,0.0,0.0
cold,2026-05-21 22:00:00,0.7493432648599418,0.0752269716426322,2.9285849279479234e-09,1.2771027248681182,0.0,0.0
cold,2026-05-21 23:00:00,0.455356219506692,0.0728961251091756,2.8422913973606674e-09,1.1306493625695158,0.0,0.0
cold,2026-05-22 00:00:00,0.3003431189212985,0.0641385162100132,2.497232661339465e-09,1.0525166958282226,0.01694915254237288,0.0
cold,2026-05-22 01:00:00,0.2668457967428919,0.06741646378309875,2.6479466804863357e-09,1.0407798879876542,0.0,0.0
cold,2026-05-22 02:00:00,0.1741511269296453,0.07088435923289725,2.7865980046345173e-09,1.1088988577887438,0.0,0.0
cold,2026-05-22 03:00:00,0.3690337715820057,0.0717180489768765,2.821550309733536e-09,1.072415351780138,0.0,0.0
cold,2026-05-22 04:00:00,1.329611725438336,0.09389355847909034,3.6995996243137215e-09,1.846799712108166,0.0,0.0
cold,2026-05-22 05:00:00,0.7330146490112381,0.0910277372273336,3.581763060915085e-09,1.309777234830828,0.0,0.0
cold,2026-05-22 06:00:00,0.2372558111291207,0.0713526016138761,2.800718586057564e-09,1.1375691878902578,0.01694915254237288,0.0
cold,2026-05-22 07:00:00,0.6024338413259527,0.07700274177802141,3.020356863067553e-09,1.311849961364246,0.016666666666666666,0.0
cold,2026-05-22 08:00:00,0.5804600653531327,0.07048879625334765,2.765307547162279e-09,1.2483322793432214,0.016666666666666666,0.0
cold,2026-05-22 09:00:00,1.6385043059062645,0.0983937092427194,3.86572429997579e-09,2.229830340256864,0.01694915254237288,0.0
cold,2026-05-22 10:00:00,1.0644715173508144,0.0946007703916773,3.730828686334426e-09,1.8800918783092566,0.0,0.0
cold,2026-05-22 11:00:00,1.752992995371325,0.10663454363965236,4.222139962682449e-09,2.3012428532699323,0.016666666666666666,0.0
cold,2026-05-22 12:00:00,1.5971078652219308,0.1023237837926513,4.025334625302757e-09,2.23311987574003,0.01694915254237288,0.0
cold,2026-05-22 13:00:00,1.852292391029149,0.1297760795086994,5.108046599057902e-09,3.061283652074594,0.016666666666666666,0.0
cold,2026-05-22 14:00:00,1.7362412478728397,0.1118249247249211,4.400912662988744e-09,2.3656460504864825,0.016666666666666666,0.0
cold,2026-05-22 15:00:00,0.6653665529061439,0.064715450464504,2.547229352839416e-09,1.2988616740786298,0.01694915254237288,0.0
cold,2026-05-22 16:00:00,0.47950740293803606,0.060183781807559,2.3714467832300876e-09,1.1847881522424828,0.016666666666666666,0.0
cold,2026-05-22 17:00:00,0.20548836139896692,0.0567936803362316,2.2325479484191092e-09,1.1072953223942843,0.016666666666666666,0.0
cold,2026-05-22 18:00:00,0.127619594191967,0.0630664709533355,2.4771075073254635e-09,1.1217002483344989,0.06779661016949153,0.0
cold,2026-05-22 19:00:00,0.10228175599497695,0.06328548035205156,2.4870367628598423e-09,1.127567391736863,0.03333333333333333,0.0
cold,2026-05-22 20:00:00,0.4657401169523334,0.06909105168208049,2.7207627132179446e-09,1.2776444545961598,0.03333333333333333,0.0
cold,2026-05-22 21:00:00,0.5833871695782229,0.067534385742206,2.661505647966948e-09,1.2267920192663817,0.03389830508474576,0.0
cold,2026-05-22 22:00:00,0.5197748425657684,0.06803280396006385,2.668157932805371e-09,1.1928155182389664,0.03333333333333333,0.0
cold,2026-05-22 23:00:00,0.7132731089670286,0.07277643077970425,2.856012098697388e-09,1.1925547539459544,0.03333333333333333,0.0
cold,2026-05-23 00:00:00,0.7847095418090109,0.0642206681921672,2.509229387674066e-09,1.2563907070097178,0.4067796610169492,0.0
cold,2026-05-23 01:00:00,0.379108585891152,0.06411343373132665,2.5324990089763996e-09,1.1153428669853644,0.016666666666666666,0.0
cold,2026-05-23 02:00:00,0.5558267139862325,0.07072369372533704,2.784408812598877e-09,1.229886732711763,0.016666666666666666,0.0
cold,2026-05-23 03:00:00,0.4327923767071054,0.0660417927339117,2.590968760258893e-09,1.094188450680095,0.01694915254237288,0.0
cold,2026-05-23 04:00:00,1.5735800024182673,0.0988494341354665,3.872842345234695e-09,1.9509113802222147,0.0,0.0
cold,2026-05-23 05:00:00,2.234254390760224,0.12596925388314378,4.913181167300439e-09,2.794529239649857,0.0,0.0
cold,2026-05-23 06:00:00,1.7137094765815737,0.0975698482484406,3.813097955374584e-09,2.287833920837086,0.0,0.0
cold,2026-05-23 07:00:00,-0.1546304466048793,0.2860813983325915,1.1268446806286972e-08,10.755273855951984,0.0,0.0
cold,2026-05-23 08:00:00,14.801943154296051,0.1483590465256813,5.870288418146746e-09,2.173133255485024,0.0,0.0
cold,2026-05-23 09:00:00,-0.8588128848445891,0.2872298708825698,1.134890916498454e-08,4.57934142076337,0.0,0.0
cold,2026-05-23 10:00:00,-0.6634165461099454,0.24055717167302546,9.525490886376903e-09,3.819175338622869,0.0,0.0
cold,2026-05-23 11:00:00,-211.71236181418712,18.115970574450984,7.231176593627884e-07,46.87501774594749,0.0,0.0
cold,2026-05-23 12:00:00,0.5490918515016474,0.33177966247487456,1.3261319898718067e-08,0.9685178139853069,1.0,0.0
cold,2026-05-23 13:00:00,0.29325423728657996,0.3985975653047581,1.594153215011717e-08,0.9465342447221339,1.0,0.0
cold,2026-05-23 14:00:00,-3.544068165530375,1.3523394868431589,5.3704699149781065e-08,6.415085238952261,0.06779661016949153,0.0
cold,2026-05-23 15:00:00,1.9454332420605147,0.9702525467366729,3.836731497798452e-08,8.345218766561924,0.0,0.0
cold,2026-05-23 16:00:00,2.325253046498146,0.5721126545615274,2.2610145506974364e-08,4.9117540068108285,0.0,0.0
cold,2026-05-23 17:00:00,2.442360153740029,0.5868941136625954,2.3168893624211993e-08,4.495135083819854,0.01694915254237288,0.0
cold,2026-05-23 18:00:00,2.6438317381707375,0.5657736841650903,2.2310510087803872e-08,3.542149649503056,0.016666666666666666,0.0
cold,2026-05-23 19:00:00,4.2547328544627385,0.5421564166455428,2.1425409722568526e-08,2.5450630409839556,0.016666666666666666,0.0
cold,2026-05-23 20:00:00,4.208164628150566,0.4544916148869957,1.7938532550847306e-08,2.0279283006298345,0.01694915254237288,0.0
cold,2026-05-23 21:00:00,3.3549106102489668,0.42222579133011784,1.6721943647965733e-08,2.1641237908636217,0.016666666666666666,0.0
cold,2026-05-23 22:00:00,1.4868232824339023,0.3869859533918881,1.530147886717737e-08,1.4831350069665687,0.016666666666666666,0.0
cold,2026-05-23 23:00:00,0.1807528086716144,0.3485066776633113,1.3772334966532809e-08,1.6216765078785182,0.01694915254237288,0.0
cold,2026-05-24 00:00:00,-4.323340996432969,1.4236870603269138,5.6572921225403664e-08,13.392095561733369,0.0196078431372549,0.0
cold,2026-05-24 01:00:00,8.361719641400118,0.07361012639513925,2.8686407142235364e-09,1.5037408733465925,0.0,0.0
cold,2026-05-24 02:00:00,6.79540027042311,0.0696123966751955,2.721447495024803e-09,1.6699463861390664,0.0,0.0
cold,2026-05-24 03:00:00,2.1128796735976647,0.0678106688269744,2.6580061681890482e-09,2.540515303369788,0.0,0.0
cold,2026-05-24 04:00:00,2.7973276424946043,0.1686703058052658,6.710614758221598e-09,5.506510746177756,0.0,0.0
cold,2026-05-24 05:00:00,-384.99615127046957,40.549268078014535,1.621546186166083e-06,91.1913407869421,0.08333333333333333,0.0
cold,2026-05-24 06:00:00,-0.006218224406864237,0.26695785442859454,1.0682051099704009e-08,0.9161671962655172,0.9666666666666667,0.0
cold,2026-05-24 07:00:00,-43.733236973362,4.898612817526734,1.96191410699166e-07,46.39345468269048,0.0,0.0
cold,2026-05-24 08:00:00,,,,,,
cold,2026-05-24 09:00:00,1.8564104322051755,0.06689222546569931,2.5685510704431837e-09,1.4953996501745177,0.0,0.0
cold,2026-05-24 10:00:00,1.473978213177848,0.0394219460594441,1.5087249403970027e-09,1.2858713982146257,0.0,0.0
cold,2026-05-24 11:00:00,2.3945750056920194,0.0566578076697523,2.173312850804493e-09,1.2864916810905571,0.0,0.0
cold,2026-05-24 12:00:00,2.6152600297786535,0.05569287697845715,2.1374018989680073e-09,1.0831318152408733,0.0,0.0
cold,2026-05-24 13:00:00,2.7514970040393223,0.0571281554961905,2.191451328895153e-09,1.129746972153709,0.0,0.0
cold,2026-05-24 14:00:00,3.301823575158696,0.0589227179548361,2.260327954997299e-09,1.1695150357250232,0.0,0.0
cold,2026-05-24 15:00:00,2.850079301347095,0.0571853750955807,2.196678955584551e-09,1.07620040762012,0.0,0.0
cold,2026-05-24 16:00:00,2.5250022755722137,0.05626745369261815,2.1587577481834107e-09,1.1207811494530655,0.016666666666666666,0.0
cold,2026-05-24 17:00:00,2.886281219687269,0.0555754550610327,2.13312872634301e-09,1.1065214944515052,0.01694915254237288,0.0
cold,2026-05-24 18:00:00,3.9667204537994367,0.058185855182218346,2.2324181568055787e-09,1.1685339673370447,0.0,0.0
cold,2026-05-24 19:00:00,4.592811899300262,0.05839188539530505,2.2363813670011123e-09,1.189483029653382,0.0,0.0
cold,2026-05-24 20:00:00,7.998969482365426,0.0713956896652821,2.738092353485552e-09,1.573503668214826,0.01694915254237288,0.0
cold,2026-05-24 21:00:00,8.70087888995403,0.07664013742580586,2.9383256907209427e-09,1.8203778763483556,0.0,0.0
cold,2026-05-24 22:00:00,7.821223862818896,0.07450507239902394,2.851308605214981e-09,1.8737739728116207,0.0,0.0
cold,2026-05-24 23:00:00,6.933062293398872,0.0716787678097587,2.744805945016418e-09,1.51639182711274,0.01694915254237288,0.0
cold,2026-05-25 00:00:00,13.596812572344218,0.11050363506295915,4.22315930331607e-09,2.6395496788593347,0.0,0.0
cold,2026-05-25 01:00:00,14.801974116259052,0.12590258364313625,4.8472745986048674e-09,3.113582829936192,0.016666666666666666,0.0
cold,2026-05-25 02:00:00,2.742617391863221,0.051339807933122,1.984271224259137e-09,1.2557548790380102,0.01694915254237288,0.0
cold,2026-05-25 03:00:00,1.3794360539068014,0.042100866882159305,1.6445216273265136e-09,1.1250502761256485,0.6333333333333333,0.0
cold,2026-05-25 04:00:00,1.1474679647816188,0.0534160533468284,2.078568344229677e-09,1.1374006356222224,0.4067796610169492,0.0
cold,2026-05-25 05:00:00,1.1031858775503474,0.08281419604329125,3.242644061632683e-09,1.7306124575154356,0.0,0.0
cold,2026-05-25 06:00:00,-0.77494774755246,1.1969212221814454,4.691646393722913e-08,66.72834793520103,0.0,0.0
cold,2026-05-25 07:00:00,-0.3025138846729,0.9120235313747128,3.606256518302596e-08,48.600265048065474,0.0,0.0
cold,2026-05-25 08:00:00,3.180740041395537,1.021005041136675,4.051631096872264e-08,109.95312872243828,0.023255813953488372,0.0
cold,2026-05-25 09:00:00,4.394079855500351,0.069949029401256,2.7138149295530875e-09,1.1487055793195613,0.0625,0.0
cold,2026-05-25 10:00:00,4.59463018209585,0.1192382627471515,4.622865070010431e-09,3.706593206774557,0.0,0.0
cold,2026-05-25 11:00:00,10.452690890008492,0.0772387536400822,2.9821157281137476e-09,1.7150626370494368,0.0,0.0
cold,2026-05-25 12:00:00,8.964024719687336,0.0694638631035538,2.677755515868734e-09,1.5236982440164324,0.0,0.0
cold,2026-05-25 13:00:00,12.04175069743964,0.0924686651753912,3.5659840170230533e-09,1.869885497098441,0.0,0.0
cold,2026-05-25 14:00:00,,,,,,
cold,2026-05-25 15:00:00,,,,,,
cold,2026-05-25 16:00:00,,,,,,
cold,2026-05-25 17:00:00,,,,,,
cold,2026-05-25 18:00:00,,,,,,
cold,2026-05-25 19:00:00,,,,,,
cold,2026-05-25 20:00:00,,,,,,
cold,2026-05-25 21:00:00,,,,,,
cold,2026-05-25 22:00:00,,,,,,
cold,2026-05-25 23:00:00,,,,,,
cold,2026-05-26 00:00:00,9.08454247047119,0.0675391219024666,2.594904066242677e-09,1.3964165221410294,0.0,0.0
cold,2026-05-26 01:00:00,13.579995752177249,0.0947795318876599,3.6203375001246995e-09,2.451784817571725,0.0,0.0
cold,2026-05-26 02:00:00,9.417111457669751,0.0838527209839987,3.1996693216813094e-09,1.6197360039465991,0.0,0.0
cold,2026-05-26 03:00:00,4.4898603532249775,0.0620784377792661,2.370702091595043e-09,1.2065551790367732,0.0,0.0
cold,2026-05-26 04:00:00,3.065462776540695,0.0653244286455691,2.4942575744080854e-09,1.1039241000873647,0.01694915254237288,0.0
cold,2026-05-26 05:00:00,9.99509343752809,0.0798971835583643,3.057748223856933e-09,1.7327428640303495,0.01694915254237288,0.0
cold,2026-05-26 06:00:00,5.553978336833626,0.059166925637808,2.2622861830528416e-09,1.2068550319460871,0.0,0.0
cold,2026-05-26 07:00:00,7.24536177662447,0.0667236655131492,2.5599294658446203e-09,1.2345135773673346,0.0,0.0
cold,2026-05-26 08:00:00,7.6156491017808,0.0683199361659828,2.6206971885829717e-09,1.2726874998148268,0.0,0.0
cold,2026-05-26 09:00:00,13.408446242238252,0.08302898659071026,3.188618479970791e-09,1.7912656795967798,0.0,0.0
cold,2026-05-26 10:00:00,7.463293639813056,0.0662767019072353,2.5428654488015875e-09,1.2822179834850924,0.0,0.0
cold,2026-05-26 11:00:00,2.247688520534185,0.0549621367311859,2.112590208011428e-09,1.0972391506776018,0.01694915254237288,0.0
cold,2026-05-26 12:00:00,2.129758268521824,0.0539771944516941,2.0778333448131477e-09,1.1241489634690376,0.01694915254237288,0.0
cold,2026-05-26 13:00:00,1.7200059809404094,0.0568114917489084,2.1870839459654757e-09,1.1299600181689138,0.01694915254237288,0.0
cold,2026-05-26 14:00:00,1.5421232109913106,0.049809723034679,1.917295710537876e-09,0.99672020208182,0.01694915254237288,0.0
cold,2026-05-26 15:00:00,1.263895120718692,0.0482950760060854,1.858739575998237e-09,1.030963049401354,0.01694915254237288,0.0
cold,2026-05-26 16:00:00,1.1390091573708188,0.050705755214687,1.949999461996571e-09,1.0442423025894043,0.01694915254237288,0.0
cold,2026-05-26 17:00:00,1.1697833735575445,0.0503214442827758,1.934512260615609e-09,1.03596122109569,0.1694915254237288,0.0
cold,2026-05-26 18:00:00,1.2285739979653163,0.0520665489566795,2.000083135597727e-09,1.049881477504694,0.01694915254237288,0.0
cold,2026-05-26 19:00:00,1.535794135217076,0.0489194648948489,1.879628510042056e-09,1.0692977363967544,0.01694915254237288,0.0
cold,2026-05-26 20:00:00,2.022296506209435,0.0528390419436964,2.0284764624556788e-09,1.0509673108273614,0.01694915254237288,0.0
cold,2026-05-26 21:00:00,3.3937558230246614,0.0520814860092848,1.9994594471937967e-09,1.1181573112915018,0.017241379310344827,0.0
cold,2026-05-26 22:00:00,4.2629202354571065,0.0548273490909624,2.1072745051939706e-09,1.1490169206933247,0.016666666666666666,0.0
cold,2026-05-26 23:00:00,3.6846285373231495,0.0497996678483248,1.9102090479493906e-09,1.1056771093603754,0.017241379310344827,0.0
cold,2026-05-27 00:00:00,3.363616981761936,0.0575627069170676,2.204503743651855e-09,1.11393884254879,0.016666666666666666,0.0
cold,2026-05-27 01:00:00,3.3178248260851095,0.0775198546825159,2.9527162876297213e-09,1.829642201369928,0.0,0.0
cold,2026-05-27 02:00:00,4.077462926899061,0.14728904010661942,5.614807394344471e-09,3.3324277499851007,0.0,0.0
cold,2026-05-27 03:00:00,1.985736373402468,0.0578932245751211,2.204780663607486e-09,1.2764641554420224,0.0,0.0
cold,2026-05-27 04:00:00,1.8569127288260066,0.052663235222486504,2.0063976903078918e-09,1.110107294080906,0.0,0.0
cold,2026-05-27 05:00:00,2.6492273526555756,0.0534887367700579,2.0455573549534215e-09,1.1940661839891744,0.0,0.0
cold,2026-05-27 06:00:00,3.496673470189348,0.0585589204881212,2.244046092628354e-09,1.2314629052713906,0.0,0.0
cold,2026-05-27 07:00:00,3.903348477928334,0.0626235980394107,2.4027162171269208e-09,1.293897597857326,0.0,0.0
cold,2026-05-27 08:00:00,3.706424484481997,0.0666774732377015,2.559114052533875e-09,1.326226914773695,0.0,0.0
cold,2026-05-27 09:00:00,3.873505863294728,0.0737008937892134,2.8438393942896862e-09,1.4544878314813263,0.01694915254237288,0.0
cold,2026-05-27 10:00:00,-0.24557616448520914,0.2429137094718828,9.384533367302127e-09,3.6689768880925264,0.0,0.0
cold,2026-05-27 11:00:00,3.3404459345215862,0.3313255087409185,1.280804775526641e-08,21.41810207524759,0.0,0.0
cold,2026-05-27 12:00:00,-6.471120246647374,0.570858539024932,2.2044507742256962e-08,5.60426474628449,0.03389830508474576,0.0
cold,2026-05-27 13:00:00,1.909591623724232,0.6580083205653985,2.539355289112618e-08,9.507385704438228,0.11666666666666667,0.0
cold,2026-05-27 14:00:00,5.759512481454847,0.5949163191700105,2.2990686085422386e-08,36.666404188068746,0.016666666666666666,0.0
cold,2026-05-27 15:00:00,-163.28448943242708,13.68977303269177,5.278566573073062e-07,55.28169101063232,0.01694915254237288,0.0
cold,2026-05-27 16:00:00,-39.13516553558014,3.6698761248556426,1.4171988103819215e-07,44.99209328646435,0.0,0.0
cold,2026-05-27 17:00:00,1.1147355759308328,0.42517409052300825,1.638588694574425e-08,10.481306802574839,0.03333333333333333,0.0
cold,2026-05-27 18:00:00,-92.65205524034792,8.33769210758926,3.2184276839359986e-07,58.5225579854454,0.0,0.0
cold,2026-05-27 19:00:00,-10.157737889489766,0.9384811080166453,3.622115892349824e-08,20.303044992066006,0.05,0.0
cold,2026-05-27 20:00:00,3.6909254320445655,0.43837011355065525,1.6895131252304515e-08,26.175918450510352,0.0,0.0
cold,2026-05-27 21:00:00,-143.96199983070971,12.62849563891048,4.872397086971626e-07,57.39291363785583,0.0,0.0
cold,2026-05-27 22:00:00,-44.854992225344034,3.610126615439466,1.3893316525932743e-07,40.18400543394981,0.16666666666666666,0.0
cold,2026-05-27 23:00:00,7.025663282191087,0.9022486002042664,3.47048459686464e-08,7.043194662516689,0.06779661016949153,0.0
cold,2026-05-28 00:00:00,-24.683868900781977,2.308956153122091,8.885500245029562e-08,19.74233560100989,0.0,0.0
cold,2026-05-28 01:00:00,1.008133198594606,0.17788973066525954,6.830112770397611e-09,6.286619933468991,0.0,0.0
cold,2026-05-28 02:00:00,0.7329432753648524,0.1311997254957718,5.0022323756432396e-09,3.1132347928984228,0.0,0.0
cold,2026-05-28 03:00:00,1.540201248037091,0.0715625250512336,2.7244572396039724e-09,1.1261299724562115,0.01694915254237288,0.0
cold,2026-05-28 04:00:00,1.6093644307991988,0.050349466307412244,1.9200816222382672e-09,1.1207499516565476,0.0,0.0
cold,2026-05-28 05:00:00,1.3581637102538515,0.0480933671721321,1.8325088429319377e-09,1.2133047511421409,0.0,0.0
cold,2026-05-28 06:00:00,1.2822125000404745,0.0708113979312687,2.697818489082615e-09,1.1256042755847866,0.01694915254237288,0.0
cold,2026-05-28 07:00:00,1.3499841711568024,0.07319459847929885,2.790410814545574e-09,1.1802359405664267,0.016666666666666666,0.0
cold,2026-05-28 08:00:00,2.0358930731215628,0.07205907119491556,2.7490263773893406e-09,1.0661443719464505,0.016666666666666666,0.0
cold,2026-05-28 09:00:00,1.984061705749805,0.0700414382993093,2.6753620988422726e-09,1.1487740735638952,0.01694915254237288,0.0
cold,2026-05-28 10:00:00,1.6353947014361951,0.0587192306904073,2.246967014939687e-09,1.1611659210280632,0.016666666666666666,0.0
cold,2026-05-28 11:00:00,1.3807225795442941,0.06385379158871735,2.453036610429227e-09,1.1040344379523217,0.016666666666666666,0.0
cold,2026-05-28 12:00:00,1.121309425786166,0.0679488376863385,2.6119358074104843e-09,1.0960544504759273,0.01694915254237288,0.0
cold,2026-05-28 13:00:00,1.9746739193880067,0.11478322743386396,4.415719612650326e-09,1.0596172157069632,0.016666666666666666,0.0
cold,2026-05-28 14:00:00,1.5645749540503417,0.13127253627138602,5.0447096641824375e-09,1.0320146991386263,0.016666666666666666,0.0
cold,2026-05-28 15:00:00,0.8896796214248062,0.0605261510699132,2.325899605827425e-09,1.0583744393988417,0.01694915254237288,0.0
cold,2026-05-28 16:00:00,0.6591345849813302,0.06092474661668665,2.34123079768898e-09,1.096695893711549,0.016666666666666666,0.0
cold,2026-05-28 17:00:00,0.655099851104155,0.055824292106818205,2.1421052221382155e-09,1.0981212095223676,0.016666666666666666,0.0
cold,2026-05-28 18:00:00,0.5081421309513492,0.0553632970843837,2.129111592380844e-09,1.0228606280863548,0.03389830508474576,0.0
cold,2026-05-28 19:00:00,0.6436877986522124,0.053166323666332255,2.0422287379018974e-09,1.052613964877527,0.016666666666666666,0.0
cold,2026-05-28 20:00:00,0.9189636966982215,0.0553548552156784,2.1312365214336537e-09,1.0398068705720376,0.016666666666666666,0.0
cold,2026-05-28 21:00:00,1.8448563305922647,0.0564189569510692,2.1705479896353714e-09,1.0566112353830746,0.03389830508474576,0.0
cold,2026-05-28 22:00:00,1.9296972087560156,0.054130876232839756,2.0787516731294305e-09,0.9964683252495776,0.016666666666666666,0.0
cold,2026-05-28 23:00:00,1.9608582224676698,0.0510012157593531,1.9586220747271374e-09,1.215585724291912,0.017241379310344827,0.0
cold,2026-05-29 00:00:00,1.635060179223644,0.0584522678011695,2.245765520897817e-09,1.0575551409408086,0.022222222222222223,0.0
cold,2026-05-29 01:00:00,1.0568019953213197,0.04630417552196995,1.7761909446325232e-09,1.0599083486744973,0.016666666666666666,0.0
cold,2026-05-29 02:00:00,1.6154999935997174,0.04963677558413375,1.9028638667433013e-09,1.084430956433002,0.016666666666666666,0.0
cold,2026-05-29 03:00:00,2.7560633158247367,0.0664014993725669,2.5426982140011247e-09,1.0693591314719726,0.0,0.0
cold,2026-05-29 04:00:00,0.8936079090015847,0.061584329653748,2.3509173290234106e-09,1.0371718314724903,0.016666666666666666,0.0
cold,2026-05-29 05:00:00,0.9470766786742069,0.06153621452078295,2.3468553841484853e-09,1.0430777306824108,0.016666666666666666,0.0
cold,2026-05-29 06:00:00,1.165834964382567,0.0654795154470697,2.497729790615059e-09,1.0475894383369992,0.01694915254237288,0.0
cold,2026-05-29 07:00:00,1.2103259570313059,0.066967461177761,2.560761911383236e-09,1.1044868832717325,0.016666666666666666,0.0
cold,2026-05-29 08:00:00,1.3135793763989012,0.0655722255937908,2.5177591583377506e-09,1.0329111472388406,0.016666666666666666,0.0
cold,2026-05-29 09:00:00,1.786430985751347,0.063177942817327,2.4212671823203323e-09,1.0680460408113108,0.01694915254237288,0.0
cold,2026-05-29 10:00:00,2.1347784540415504,0.0601496674599424,2.3038300074882315e-09,1.1097969612299883,0.0,0.0
cold,2026-05-29 11:00:00,,,,,,
cold,2026-05-29 12:00:00,,,,,,
cold,2026-05-29 13:00:00,,,,,,
cold,2026-05-29 14:00:00,,,,,,
cold,2026-05-29 15:00:00,,,,,,
cold,2026-05-29 16:00:00,,,,,,
cold,2026-05-29 17:00:00,,,,,,
cold,2026-05-29 18:00:00,,,,,,
cold,2026-05-29 19:00:00,1.681371580261258,0.058317393255922154,2.2366741765885176e-09,1.135359925863051,0.021739130434782608,0.0
cold,2026-05-29 20:00:00,2.1877817006305595,0.05825838386477345,2.2415777528114477e-09,1.1043471429303495,0.016666666666666666,0.0
cold,2026-05-29 21:00:00,3.3083285934815887,0.0964604125717038,3.6987286374468366e-09,1.0637226895434564,0.22033898305084745,0.0
cold,2026-05-29 22:00:00,4.292881285880794,0.15689098569026916,5.994219845132026e-09,1.3151391002579893,0.016666666666666666,0.0
cold,2026-05-29 23:00:00,3.503274196522984,0.09989591853747225,3.834338682514535e-09,1.1454200257188578,0.016666666666666666,0.0
cold,2026-05-30 00:00:00,1.363528115975605,0.0586539044022194,2.254764275485421e-09,1.0457107125347331,0.01694915254237288,0.0
cold,2026-05-30 01:00:00,1.4031655524624707,0.060931742060427854,2.342987250664544e-09,1.1115707172518063,0.016666666666666666,0.0
cold,2026-05-30 02:00:00,1.2021177596353878,0.0614607881378013,2.3649753390530678e-09,1.0256991311342736,0.016666666666666666,0.0
cold,2026-05-30 03:00:00,1.5705167077084905,0.0627333469441047,2.412861922613738e-09,1.0378787413893302,0.01694915254237288,0.0
cold,2026-05-30 04:00:00,2.194070235748003,0.0613771932430069,2.361678701641252e-09,1.0613111971658282,0.016666666666666666,0.0
cold,2026-05-30 05:00:00,2.453564683588093,0.05679946073904125,2.187652836791295e-09,1.0499401446326293,0.016666666666666666,0.0
cold,2026-05-30 06:00:00,4.429103729666311,0.06624980813196829,2.554232720364907e-09,1.119694987061739,0.0,0.0
cold,2026-05-30 07:00:00,4.660358958566712,0.06855988137535615,2.635229649826467e-09,1.138413310871329,0.016666666666666666,0.0
cold,2026-05-30 08:00:00,5.520334194451435,0.0686423875921681,2.6408697903338984e-09,1.1644361631421387,0.034482758620689655,0.0
cold,2026-05-30 09:00:00,2.583717873213054,0.0689137275490843,2.6504466415826046e-09,1.1405552783642976,0.03278688524590164,0.0
cold,2026-05-30 10:00:00,1.3443071992555893,0.053127501602083904,2.054571455477066e-09,1.1447197665504907,0.6666666666666666,0.0
cold,2026-05-30 11:00:00,1.126456799371628,0.061108396906333,2.3516671238370435e-09,1.0272460029802737,0.01694915254237288,0.0
cold,2026-05-30 12:00:00,0.7146115203018331,0.056923930032819856,2.191463517116458e-09,1.0456549187449795,0.03333333333333333,0.0
cold,2026-05-30 13:00:00,0.8046728172391411,0.05678945932007455,2.180393530878774e-09,1.06384982789393,0.25,0.0
cold,2026-05-30 14:00:00,1.247397584691868,0.0628768542321767,2.4108685799908256e-09,1.0663649123204428,0.1016949152542373,0.0
cold,2026-05-30 15:00:00,1.304260055754297,0.06572735727920885,2.5198652544443153e-09,1.1137542286700632,0.016666666666666666,0.0
cold,2026-05-30 16:00:00,1.472669858578393,0.0701389444572025,2.702410815235413e-09,1.0641546299593578,0.016666666666666666,0.0
cold,2026-05-30 17:00:00,1.6406269544328993,0.064196568950275,2.4697103020372154e-09,1.0856527375949252,0.01694915254237288,0.0
cold,2026-05-30 18:00:00,2.4787189844755275,0.06156544317607515,2.3708926048929543e-09,1.0934421403755352,0.016666666666666666,0.0
cold,2026-05-30 19:00:00,3.280535519288272,0.06304542138009481,2.4301322021281707e-09,1.0754504756662664,0.016666666666666666,0.0
cold,2026-05-30 20:00:00,3.6239920626934343,0.0656446877080283,2.528287055470572e-09,1.10749705527855,0.01694915254237288,0.0
cold,2026-05-30 21:00:00,4.522444188589316,0.06765619109037521,2.6173487640585308e-09,1.1192816433113841,0.016666666666666666,0.0
cold,2026-05-30 22:00:00,5.087248600382338,0.07595033168723331,2.934713822348662e-09,1.0796812268074545,0.016666666666666666,0.0
cold,2026-05-30 23:00:00,5.0942953429511935,0.0726741672283881,2.8119472292536116e-09,1.1613658173163568,0.01694915254237288,0.0
cold,2026-05-31 00:00:00,4.097450765917159,0.06196527596226245,2.3977895511279634e-09,1.1544434967247494,0.016666666666666666,0.0
cold,2026-05-31 01:00:00,5.111958541900227,0.06740647330745225,2.602940971456917e-09,1.1738037858143189,0.016666666666666666,0.0
cold,2026-05-31 02:00:00,3.841005214939642,0.05850840952678015,2.263611278101985e-09,1.1097395457411867,0.034482758620689655,0.0
cold,2026-05-31 03:00:00,3.1969422815776802,0.057217615919401554,2.2118021716878353e-09,1.0374695710231578,0.016666666666666666,0.0
cold,2026-05-31 04:00:00,3.106883530572456,0.056027418038976096,2.1673340877358483e-09,1.0381350027785523,0.016666666666666666,0.0
cold,2026-05-31 05:00:00,3.658503745860751,0.0567868734945297,2.1999036901325486e-09,1.0988658671409035,0.03389830508474576,0.0
cold,2026-05-31 06:00:00,5.7935300680486534,0.06064038542485205,2.3485894076939426e-09,1.136522372200344,0.016666666666666666,0.0
cold,2026-05-31 07:00:00,4.079986150597034,0.0524635166735131,2.0278823227292537e-09,1.1652393674913615,0.016666666666666666,0.0
cold,2026-05-31 08:00:00,3.5954961760248194,0.0535421618143316,2.072668453537411e-09,1.1984055885783509,0.03389830508474576,0.0
cold,2026-05-31 09:00:00,3.7701407395563216,0.06209127874180585,2.396590202877266e-09,1.2115600825211659,0.016666666666666666,0.0
cold,2026-05-31 10:00:00,7.979385081989362,0.07411301864221595,2.860718482690753e-09,1.2283269787083837,0.0,0.0
cold,2026-05-31 11:00:00,7.4480881484654,0.07090603094935605,2.735488325770844e-09,1.3227033355842264,0.0,0.0
cold,2026-05-31 12:00:00,14.704755425491236,0.0972825280485111,3.747616099086208e-09,1.8167998746131069,0.0,0.0
cold,2026-05-31 13:00:00,3.52046255544085,0.0871388263878819,3.354554293817013e-09,1.8066309877863536,0.0,0.0
cold,2026-05-31 14:00:00,1.3183907203792096,0.07361949915426325,2.8571105552955264e-09,1.4008679259649734,0.016666666666666666,0.0
cold,2026-05-31 15:00:00,0.8841856594159623,0.0636659181136097,2.4626264826156276e-09,1.018550716179678,0.01694915254237288,0.0
cold,2026-05-31 16:00:00,0.9691286419693116,0.05718041671165385,2.208494532364919e-09,1.0216198865956603,0.016666666666666666,0.0
cold,2026-05-31 17:00:00,1.45336492181651,0.06360888023321304,2.45723049858354e-09,1.0597236661083786,0.016666666666666666,0.0
cold,2026-05-31 18:00:00,1.9523117258362035,0.0621636527707279,2.4030881800245672e-09,1.0926208579473404,0.01694915254237288,0.0
cold,2026-05-31 19:00:00,2.2308288032299215,0.11089319674184525,4.271940851897905e-09,1.5317326223053014,0.016666666666666666,0.0
cold,2026-05-31 20:00:00,6.456315578524066,0.16288380618150033,6.267062650328773e-09,2.2167086472092112,0.0,0.0
cold,2026-05-31 21:00:00,8.550617605246105,0.0831974126458647,3.2090879267487453e-09,1.3328515630971147,0.01694915254237288,0.0
cold,2026-05-31 22:00:00,7.042345177776108,0.08296546962708895,3.230753590439348e-09,1.7523120809943675,0.0,0.0
cold,2026-05-31 23:00:00,5.707576326613702,0.09367362706475085,3.6431316554766174e-09,2.012135596387215,0.016666666666666666,0.0
cold,2026-06-01 00:00:00,4.878239097261461,0.0721536605059782,2.804921938448718e-09,1.2572314140459806,0.01694915254237288,0.0
cold,2026-06-01 01:00:00,4.4750283603580066,0.0691567056837758,2.689767418917333e-09,1.2865372624927924,0.016666666666666666,0.0
cold,2026-06-01 02:00:00,4.117701290387124,0.0643697346632276,2.5006166054741586e-09,1.1642544587584076,0.016666666666666666,0.0
cold,2026-06-01 03:00:00,3.886850050104649,0.0649990923490783,2.523233827578945e-09,1.1050840850816863,0.01694915254237288,0.0
cold,2026-06-01 04:00:00,6.255211950572443,0.06801106482284056,2.6421645053135767e-09,1.1802389561111595,0.016666666666666666,0.0
cold,2026-06-01 05:00:00,5.009028866438205,0.0681562978363528,2.6478957178983453e-09,1.1989099035317081,0.016666666666666666,0.0
cold,2026-06-01 06:00:00,10.974763074402214,0.0790791737642363,3.070674892669417e-09,1.3584785924410188,0.01694915254237288,0.0
cold,2026-06-01 07:00:00,13.290926805809637,0.08362003989541025,3.2449637257838916e-09,1.3570176097991165,0.016666666666666666,0.0
cold,2026-06-01 08:00:00,12.811835662150692,0.08148039363510265,3.1610381817124428e-09,1.4576035583750748,0.016666666666666666,0.0
cold,2026-06-01 09:00:00,16.531913613833062,0.09867411669853754,3.823435416482241e-09,1.5364571933818887,0.0,0.0
cold,2026-06-01 10:00:00,3.1145688594903116,0.0805775633624488,3.129022968361834e-09,1.2850801403168206,0.016666666666666666,0.0
cold,2026-06-01 11:00:00,-0.6736431876143332,0.13366925105279404,5.189568712798317e-09,1.9233884889701995,0.016666666666666666,0.0
cold,2026-06-01 12:00:00,-0.7517182212508887,0.13191054615352343,5.126456986470531e-09,2.0915418179318612,0.0,0.0
cold,2026-06-01 13:00:00,-1.2067191723124062,0.1431684230298468,5.5400290737179355e-09,2.623181981840882,0.0,0.0
cold,2026-06-01 14:00:00,0.8228109486773612,0.0744479314268731,2.8887513113382316e-09,1.7562682671373917,0.0,0.0
cold,2026-06-01 15:00:00,0.8294245380372784,0.06248156008379255,2.4185180964662222e-09,1.100032044626837,0.017241379310344827,0.0
cold,2026-06-01 16:00:00,0.8435168195364707,0.0551409116344225,2.1337996012309917e-09,1.0823113661060424,0.01694915254237288,0.0
cold,2026-06-01 17:00:00,1.1903669859946984,0.05179494032705645,2.0098901921232703e-09,1.0616405346536926,0.03333333333333333,0.0
cold,2026-06-01 18:00:00,2.063626003010447,0.0555620268454322,2.1391075394407253e-09,1.0804977274600949,0.01694915254237288,0.0
cold,2026-06-01 19:00:00,2.3846141606863602,0.0532250125158975,2.046178197502052e-09,1.114377326997276,0.016666666666666666,0.0
cold,2026-06-01 20:00:00,2.3431177030103596,0.0553065902845197,2.1267141893671794e-09,1.2280851750367519,0.016666666666666666,0.0
cold,2026-06-01 21:00:00,1.9797798529028676,0.0549695947513933,2.1143675980807103e-09,1.1294056003059634,0.0,0.0
cold,2026-06-01 22:00:00,7.073208884586077,0.07902919645029755,3.0361327291211193e-09,1.6862430887953659,0.016666666666666666,0.0
cold,2026-06-01 23:00:00,8.184648834332794,0.08625546828527855,3.308528436028545e-09,1.7293759052279394,0.016666666666666666,0.0
cold,2026-06-02 00:00:00,7.828189829413125,0.0806212719493718,3.0980210168255596e-09,2.01056296085548,0.0,0.0
cold,2026-06-02 01:00:00,5.709759746606047,0.07326474790943696,2.8082137499946388e-09,1.324960486112719,0.016666666666666666,0.0
cold,2026-06-02 02:00:00,5.883791884044886,0.07407458989344134,2.836992984240479e-09,1.485655455963109,0.0,0.0
cold,2026-06-02 03:00:00,5.838521300718591,0.1451721280063728,5.554365561935149e-09,1.2287817585607816,0.01694915254237288,0.0
cold,2026-06-02 04:00:00,2.5224080531234314,0.09691494713897056,3.716639157347992e-09,1.1683198032540871,0.016666666666666666,0.0
cold,2026-06-02 05:00:00,2.3191480277060377,0.1028428172201844,3.948506950965039e-09,2.033127146846267,0.0,0.0
cold,2026-06-02 06:00:00,0.6925772477230295,0.4832248858665721,1.8595113986785345e-08,26.006961615554857,0.0,0.0
cold,2026-06-02 07:00:00,0.9973342277476789,0.1123819994227032,4.326249769125284e-09,3.3450241455709095,0.0,0.0
cold,2026-06-02 08:00:00,2.806427499764924,0.14910835724824734,5.735492889679631e-09,2.7989740972211834,0.0,0.0
cold,2026-06-02 09:00:00,9.072266774406716,0.6138892842073409,2.3545128850515743e-08,8.16285780410537,0.0,0.0
cold,2026-06-02 10:00:00,5.7503767256319245,0.6492017199462448,2.494182686287132e-08,8.751844501886676,0.0,0.0
cold,2026-06-02 11:00:00,-5.4736008111423065,1.1206677069676485,4.305297595519581e-08,12.343223199508902,0.0,0.0
cold,2026-06-02 12:00:00,-17.16634503941262,1.8030938078439598,6.925188128104693e-08,16.1892480099334,0.0,0.0
cold,2026-06-02 13:00:00,-27.101296399088746,2.210367062330913,8.4793405138033e-08,16.87662792290531,0.0,0.0
cold,2026-06-02 14:00:00,-9.41892761628588,0.9037736461371874,3.4684317814218646e-08,10.90223911022131,0.0,0.0
cold,2026-06-02 15:00:00,-2.947310549006424,0.26888248436941853,1.0288712001623449e-08,4.83159445520951,0.0,0.0
cold,2026-06-02 16:00:00,-3.0862651829314127,0.2061416049093183,8.114401642376745e-09,2.5028688198515336,0.21052631578947367,0.0
cold,2026-06-02 17:00:00,2.098722955149435,0.10970413798088499,4.2104522500786355e-09,1.95766381544408,0.0,0.0
cold,2026-06-02 18:00:00,2.5651430953479717,0.07275641990754969,2.786962073040836e-09,1.3809727816498576,0.0,0.0
cold,2026-06-02 19:00:00,3.675317314918308,0.0789841061919262,3.019039469934735e-09,1.36662552790858,0.0,0.0
cold,2026-06-02 20:00:00,8.8210191687422,0.10440103933138155,3.987862133891136e-09,1.3235619033986672,0.0,0.0
cold,2026-06-02 21:00:00,16.359860084653477,0.23045887129630616,8.791597704923554e-09,2.895010244586944,0.0,0.0
cold,2026-06-02 22:00:00,10.543395924083972,0.3056878108638682,1.1673995252321322e-08,4.877652506024575,0.0,0.0
cold,2026-06-02 23:00:00,7.0814260340053945,0.1544838112393202,5.8938503820121014e-09,2.5124243449661545,0.0,0.0
cold,2026-06-03 00:00:00,5.304994096357623,0.12540532595884854,4.787727890813988e-09,1.923202680640813,0.0,0.0
cold,2026-06-03 01:00:00,4.323286716933586,0.1200978100413792,4.589039039255426e-09,1.9500147511877557,0.01694915254237288,0.0
cold,2026-06-03 02:00:00,2.829122921280498,0.10335608530921084,3.955459841972937e-09,1.6304848012590285,0.0,0.0
cold,2026-06-03 03:00:00,2.22405907441916,0.0869589723472395,3.3283402895897196e-09,1.3847166251164977,0.016666666666666666,0.0
cold,2026-06-03 04:00:00,2.5688825784287093,0.0818945014775364,3.132045819568741e-09,1.232472615194293,0.01694915254237288,0.0
cold,2026-06-03 05:00:00,4.529944500245554,0.0678808548643266,2.5995754863005015e-09,1.136854329414614,0.016666666666666666,0.0
cold,2026-06-03 06:00:00,3.462028575817879,0.1451325154655866,5.553403816405638e-09,2.1348114688871016,0.016666666666666666,0.0
cold,2026-06-03 07:00:00,1.4218187681936103,0.1935044365053023,7.409456394568821e-09,2.764770244711011,0.01694915254237288,0.0
cold,2026-06-03 08:00:00,-1.3406366306290876,0.31728629560424115,1.213639971074819e-08,4.258447528302595,0.016666666666666666,0.0
cold,2026-06-03 09:00:00,-0.5915317343138795,0.24167191208452055,9.232213356227575e-09,3.6759044316841947,0.016666666666666666,0.0
cold,2026-06-03 10:00:00,-0.4509355759551795,0.2479370427521766,9.476963121420744e-09,3.5309796700992666,0.01694915254237288,0.0
cold,2026-06-03 11:00:00,2.2444435659971718,0.10376260618019556,3.980621734129154e-09,2.006690094917091,0.016666666666666666,0.0
cold,2026-06-03 12:00:00,0.9282660437211274,0.05737944902046685,2.191562543829437e-09,1.280157131633299,0.016666666666666666,0.0
cold,2026-06-03 13:00:00,0.6061383388507133,0.0541874407773165,2.06256237790261e-09,1.0692457065104282,0.01694915254237288,0.0
cold,2026-06-03 14:00:00,0.6022207625414497,0.049582094091214654,1.8831917637247736e-09,1.0277112554287857,0.016666666666666666,0.0
cold,2026-06-03 15:00:00,0.6996985197484016,0.0484121374718393,1.8361462173113359e-09,1.0360593611681606,0.016666666666666666,0.0
cold,2026-06-03 16:00:00,0.9619657705339796,0.0553499354614489,2.107296519171374e-09,1.1115677011635663,0.01694915254237288,0.0
cold,2026-06-03 17:00:00,1.5105682390087625,0.06582992984683314,2.51253856787514e-09,1.1827837318143857,0.016666666666666666,0.0
cold,2026-06-03 18:00:00,2.3180790540710845,0.12151379713416124,4.608698015663892e-09,1.1718119670722589,0.2,0.0
cold,2026-06-03 19:00:00,2.1595394932833756,0.08499062856583994,3.2262303669333848e-09,1.2478908922561405,0.0,0.0
cold,2026-06-03 20:00:00,1.2308419230985579,0.08840390886445545,3.3651256034496515e-09,1.294549404927019,0.016666666666666666,0.0
cold,2026-06-03 21:00:00,1.9154056778527575,0.1203784357771888,4.592133761601066e-09,2.463394823668448,0.0,0.0
cold,2026-06-03 22:00:00,3.810558243368451,0.10014124556481441,3.818583752567837e-09,1.5737566399384926,0.0,0.0
cold,2026-06-03 23:00:00,5.088969120832213,0.0844065578275486,3.2148158673472312e-09,1.3959003709333162,0.0,0.0
cold,2026-06-04 00:00:00,6.418930144560672,0.0752108717802603,2.8683536200283846e-09,1.3234137500609104,0.0,0.0
cold,2026-06-04 01:00:00,6.548426304148396,0.07933967270735075,3.0238225832576175e-09,1.2676001082289203,0.0,0.0
cold,2026-06-04 02:00:00,7.621207479406458,0.0752108540923579,2.8656140749739315e-09,1.3191694194720764,0.0,0.0
cold,2026-06-04 03:00:00,8.41343065846621,0.07819885825936551,2.9792149216228623e-09,1.3637373393204735,0.0,0.0
cold,2026-06-04 04:00:00,6.481074042672611,0.0732362450294789,2.7895543540331832e-09,1.3036798586171685,0.0,0.0
cold,2026-06-04 05:00:00,5.20044878681974,0.06910032758435425,2.628569480806838e-09,1.2035985119348527,0.0,0.0
cold,2026-06-04 06:00:00,5.590162410836234,0.06204168869465525,2.3595406222832623e-09,1.1902301055609126,0.0,0.0
cold,2026-06-04 07:00:00,12.617527817573263,0.0804163582040507,3.0613298495250252e-09,1.344199163273207,0.0,0.0
cold,2026-06-04 08:00:00,12.399769888819613,0.08119512883391485,3.085733894269602e-09,1.389576773265451,0.0,0.0
cold,2026-06-04 09:00:00,8.074726982132908,0.0745960116575927,2.844647574401733e-09,1.483399794833065,0.0,0.0
cold,2026-06-04 10:00:00,10.417477845228207,0.0871457033036224,3.3526041440141363e-09,2.2346000002662127,0.01694915254237288,0.0
cold,2026-06-04 11:00:00,9.611970966730826,0.0646058884538296,2.481545028366523e-09,1.5501693482707788,0.0,0.0
cold,2026-06-04 12:00:00,3.3929586017388207,0.040276280075164,1.542307762736156e-09,1.2160898041760224,0.016666666666666666,0.0
cold,2026-06-04 13:00:00,5.531629552260374,0.0590160943114432,2.2508130225064902e-09,1.2996434388248097,0.01694915254237288,0.0
cold,2026-06-04 14:00:00,7.122138832333423,0.0676795006955873,2.5812949620875558e-09,1.47188521690086,0.016666666666666666,0.0
cold,2026-06-04 15:00:00,4.6774654004368,0.05844306208330105,2.2217577240275037e-09,1.2780025910736712,0.016666666666666666,0.0
cold,2026-06-04 16:00:00,15.822928315778125,0.108316696868526,4.140571618527414e-09,2.564127794316857,0.0,0.0
cold,2026-06-04 17:00:00,2.506072290655,0.063878592153711,2.4385649628268886e-09,1.1249574878508142,0.016666666666666666,0.0
cold,2026-06-04 18:00:00,1.581103184968868,0.0613157300927817,2.3413455446390385e-09,1.0474394065459223,0.016666666666666666,0.0
cold,2026-06-04 19:00:00,1.3213643164637665,0.0548414213210698,2.094225450462976e-09,1.0712885367106866,0.03389830508474576,0.0
cold,2026-06-04 20:00:00,1.9513398284002919,0.0553008146297745,2.117810278813919e-09,1.0807550642308812,0.016666666666666666,0.0
cold,2026-06-04 21:00:00,1.899497404865269,0.05207905614202995,1.994304936486295e-09,1.047608504894404,0.03333333333333333,0.0
cold,2026-06-04 22:00:00,1.316355007127374,0.0545378247959199,2.09313597781995e-09,1.0546431701457777,0.03389830508474576,0.0
cold,2026-06-04 23:00:00,1.5440783850223085,0.06440501516833605,2.4715675457169548e-09,1.0402678806381114,0.03333333333333333,0.0
cold,2026-06-05 00:00:00,1.3141735420461047,0.05875403528336695,2.2526050493021013e-09,1.018500335486003,0.03333333333333333,0.0
cold,2026-06-05 01:00:00,1.3922500924989776,0.0800697056913581,3.0714473990463304e-09,1.081114957007074,0.01694915254237288,0.0
cold,2026-06-05 02:00:00,1.153806078119196,0.07209207671475375,2.7679607228738863e-09,1.0810055900973983,0.03333333333333333,0.0
cold,2026-06-05 03:00:00,1.1573727863539078,0.061812476444251405,2.3732784447364217e-09,1.0277331714391889,0.03333333333333333,0.0
cold,2026-06-05 04:00:00,3.63363558014635,0.0871307523481278,3.3474617113068303e-09,1.0704264330668276,0.01694915254237288,0.0
cold,2026-06-05 05:00:00,2.5839194946107362,0.10098561352770791,3.878181287394305e-09,1.0578017618926183,0.03333333333333333,0.0
cold,2026-06-05 06:00:00,7.060969102535974,0.1278221631206211,4.8999283648999965e-09,1.2282111559990494,0.03333333333333333,0.0
cold,2026-06-05 07:00:00,6.554226670981503,0.1651706288369466,6.330457377140515e-09,1.1941631934632695,0.01694915254237288,0.0
cold,2026-06-05 08:00:00,2.728913979091228,0.10806039092040914,4.146716844086695e-09,1.0857448166243315,0.2833333333333333,0.0
cold,2026-06-05 09:00:00,0.836455003819029,0.0699059961482229,2.6813721518033084e-09,1.0006545879726714,1.0,0.0
cold,2026-06-05 10:00:00,1.5523244104295082,0.0768944164117891,2.948566225673548e-09,1.1003084479901135,0.06896551724137931,0.0
cold,2026-06-05 11:00:00,1.2006524481317156,0.07641176996689561,2.9293226552962393e-09,1.0353975665389554,0.26666666666666666,0.0
cold,2026-06-05 12:00:00,0.6827236569734358,0.06957889228097319,2.664285218709958e-09,0.9945726903373102,0.9833333333333333,0.0
cold,2026-06-05 13:00:00,1.5359876280544278,0.08560158669962944,3.274198578280266e-09,1.0745941000574049,0.13793103448275862,0.0
cold,2026-06-05 14:00:00,1.1945813082971697,0.0821950899658518,3.1527014889916572e-09,1.0824554588095952,0.3050847457627119,0.0
cold,2026-06-05 15:00:00,0.5063344090442263,0.0702198861586145,2.696980517859391e-09,1.025593132210521,1.0,0.0
cold,2026-06-05 16:00:00,1.5225363672814565,0.07895617561097075,3.0358807165115266e-09,1.0406355708662618,0.1206896551724138,0.0
cold,2026-06-05 17:00:00,1.7903817101134072,0.08069924781869126,3.1005518349713725e-09,1.0971312914398939,0.26666666666666666,0.0
cold,2026-06-05 18:00:00,1.7499998276236846,0.07157967791406131,2.752506485920929e-09,1.1230976892309126,0.31666666666666665,0.0
cold,2026-06-05 19:00:00,3.875410476076575,0.0818743975057879,3.137992656519297e-09,1.088343815164681,0.11864406779661017,0.0
cold,2026-06-05 20:00:00,1.8033382015185135,0.08068035596115974,3.0924884214277794e-09,1.1404124365451866,0.26666666666666666,0.0
cold,2026-06-05 21:00:00,1.2117969764642536,0.0770024642308256,2.954061554181346e-09,1.0647087761273724,0.423728813559322,0.0
cold,2026-06-05 22:00:00,2.6496043418487325,0.1023250601579366,3.924460765616128e-09,1.3695059897155566,0.11864406779661017,0.0
cold,2026-06-05 23:00:00,2.2595094196224657,0.10290271728010031,3.942723117510299e-09,1.2962974647568775,0.25,0.0
cold,2026-06-06 00:00:00,0.8586602157084948,0.08381351070999984,3.2182377867054465e-09,1.0632008687995413,0.8666666666666667,0.0
cold,2026-06-06 01:00:00,3.677675124676406,0.1159071106973772,4.44271372281975e-09,1.6851300202057995,0.0,0.0
cold,2026-06-06 02:00:00,4.516714496845042,0.11705047373909866,4.4942320935683845e-09,1.6707778196836358,0.2,0.0
cold,2026-06-06 03:00:00,1.3186065490996213,0.0875330153036214,3.3590092946173994e-09,0.9884622344231776,0.9166666666666666,0.0
cold,2026-06-06 04:00:00,6.8404864480603855,0.1346901735183231,5.1696339969545825e-09,2.021873711648013,0.05084745762711865,0.0
cold,2026-06-06 05:00:00,3.489866310084606,0.1025772306034829,3.942172492325814e-09,1.2627395532877606,0.08333333333333333,0.0
cold,2026-06-06 06:00:00,-0.21024695911144795,0.07639318245675614,2.935355796993855e-09,1.0187022592045285,0.7,0.0
cold,2026-06-06 07:00:00,4.581728695623425,0.0772162922849055,2.961696259357821e-09,1.529201020424917,0.0,0.0
cold,2026-06-06 08:00:00,3.6873416526904075,0.06166353392728195,2.369849234344103e-09,1.3918047470333592,0.21666666666666667,0.0
cold,2026-06-06 09:00:00,3.6536746418239794,0.062829512258394,2.4185734112321744e-09,1.1768208896160708,0.15,0.0
cold,2026-06-06 10:00:00,0.2231855858801041,0.0649762194611946,2.501675568462848e-09,1.0989136409732871,0.1694915254237288,0.0
cold,2026-06-06 11:00:00,2.6904391971796198,0.0592133718459538,2.279046306358741e-09,1.168468271009826,0.0,0.0
cold,2026-06-06 12:00:00,8.13330123520192,0.07051061512582374,2.7085260624059526e-09,1.4043868740907675,0.0,0.0
cold,2026-06-06 13:00:00,4.766220104152944,0.0633586444914465,2.4319475888280566e-09,1.099197448444612,0.0,0.0
cold,2026-06-06 14:00:00,5.283466082588945,0.0629302526828581,2.4153166023965594e-09,1.200175360030392,0.0,0.0
cold,2026-06-06 15:00:00,4.879477314631249,0.0667514651533907,2.5712123323409216e-09,1.098043885553738,0.0,0.0
cold,2026-06-06 16:00:00,4.01752750273827,0.0567819889883405,2.187685562925448e-09,1.063599625924961,0.0,0.0
cold,2026-06-06 17:00:00,6.097371398292143,0.06334504117920026,2.4339055450637556e-09,1.1545868596376638,0.0,0.0
cold,2026-06-06 18:00:00,10.648857277136223,0.0897777167137473,3.4385673604700395e-09,1.9583083548300437,0.0,0.0
cold,2026-06-06 19:00:00,9.354747302912392,0.0887977767035196,3.400241870930596e-09,1.653431175004617,0.0,0.0
cold,2026-06-06 20:00:00,11.13122687348054,0.08888787618151685,3.4002957408805337e-09,1.8342359437988907,0.0,0.0
cold,2026-06-06 21:00:00,8.297681662444655,0.0799289513814464,3.05851583812321e-09,1.5006613716978372,0.0,0.0
cold,2026-06-06 22:00:00,3.0262356951256355,0.0620651603067607,2.379255866147273e-09,1.1498680498491207,0.01694915254237288,0.0
cold,2026-06-06 23:00:00,2.4135457180701625,0.06131248693775325,2.353552194145057e-09,1.08091816921683,0.016666666666666666,0.0
cold,2026-06-07 00:00:00,2.472977802051905,0.0805225409278715,3.0929412335611906e-09,1.2388161433032447,0.016666666666666666,0.0
cold,2026-06-07 01:00:00,1.725423176765925,0.0622182267756136,2.388452579190498e-09,1.2031861110898077,0.01694915254237288,0.0
cold,2026-06-07 02:00:00,1.0161079023454174,0.05246216338305665,2.0137753589167665e-09,1.0505716614898053,0.016666666666666666,0.0
cold,2026-06-07 03:00:00,0.7549332672569253,0.052102754860903946,1.9987413153614728e-09,1.0472953480853935,0.016666666666666666,0.0
cold,2026-06-07 04:00:00,0.8308165851663101,0.0530710807041545,2.0361339769907124e-09,1.0617320317895682,0.01694915254237288,0.0
cold,2026-06-07 05:00:00,1.0094450573516394,0.05187915025570205,1.9902234802311506e-09,1.0788595166720523,0.016666666666666666,0.0
cold,2026-06-07 06:00:00,1.2573431347310389,0.05085785405687,1.950352606570673e-09,1.059970053690685,0.016666666666666666,0.0
cold,2026-06-07 07:00:00,1.3307115695626652,0.0537771848697301,2.06032464748154e-09,1.0539884653044203,0.0,0.0
cold,2026-06-07 08:00:00,1.1377556866971146,0.05738136822454365,2.197764174183477e-09,1.082291188144811,0.016666666666666666,0.0
cold,2026-06-07 09:00:00,0.7990580913303005,0.0480638679686413,1.8380407056965404e-09,1.0952032722719112,0.016666666666666666,0.0
cold,2026-06-07 10:00:00,0.7370249036235262,0.05448113157464895,2.0867530678717374e-09,1.1152514178977466,0.0,0.0
cold,2026-06-07 11:00:00,0.791787015831657,0.0546084956416169,2.1035462590570196e-09,1.1750779446051285,0.0,0.0
cold,2026-06-07 12:00:00,0.5278266724652944,0.0454409113635775,1.7445272505808402e-09,1.160138370163989,0.01694915254237288,0.0
cold,2026-06-07 13:00:00,0.6228998606388019,0.048145249278174554,1.8525971013698027e-09,1.0290965452231853,0.0,0.0
cold,2026-06-07 14:00:00,4.346660366341943,0.0635091440968091,2.441712384094882e-09,1.1289210710302378,0.0,0.0
cold,2026-06-07 15:00:00,4.414345540097065,0.061229632565916,2.34920926659566e-09,1.1564090660208286,0.016666666666666666,0.0
cold,2026-06-07 16:00:00,2.269487923862485,0.0573226303536397,2.2033650023178594e-09,1.050782930330079,0.0,0.0
cold,2026-06-07 17:00:00,3.7281454348806946,0.0615029202097631,2.357976941862606e-09,1.079830396163163,0.0,0.0
cold,2026-06-07 18:00:00,5.092036514328852,0.0578214940481415,2.218927852706974e-09,1.185676546039033,0.016666666666666666,0.0
cold,2026-06-07 19:00:00,2.0400302503333627,0.0599122523154487,2.294628251822734e-09,1.082711327000902,0.0,0.0
cold,2026-06-07 20:00:00,2.0874281061078612,0.0585242326313114,2.2434516703246514e-09,1.051260694173632,0.03333333333333333,0.0
cold,2026-06-07 21:00:00,1.8962660412609051,0.05876808949146725,2.2521101759715377e-09,1.0441037213247204,0.016666666666666666,0.0
cold,2026-06-07 22:00:00,1.9074432849020624,0.0577102624815193,2.2128786177358433e-09,1.0917163454797711,0.0,0.0
cold,2026-06-07 23:00:00,1.396641376932935,0.055782705799193505,2.1403467561587945e-09,1.0853157853726718,0.03333333333333333,0.0
cold,2026-06-08 00:00:00,1.460239953674027,0.05487532820776165,2.104532734273461e-09,1.0905466960658812,0.016666666666666666,0.0
cold,2026-06-08 01:00:00,1.0076790750161928,0.0536686328029702,2.057914524671757e-09,1.0625703709758845,0.0,0.0
cold,2026-06-08 02:00:00,1.1141268241088225,0.055549935312349946,2.1251204435274196e-09,1.0553623037333635,0.03333333333333333,0.0
cold,2026-06-08 03:00:00,1.2607742087820524,0.054840057555510496,2.101850411432908e-09,1.0009535394085718,0.016666666666666666,0.0
cold,2026-06-08 04:00:00,1.185299023128634,0.0522952859362972,2.0050190299114315e-09,1.0879760227876962,0.0,0.0
cold,2026-06-08 05:00:00,1.933734137090199,0.05387704577368865,2.0652206391736077e-09,1.120036201157041,0.03333333333333333,0.0
cold,2026-06-08 06:00:00,4.381150631655149,0.060488964781771945,2.317561716939221e-09,1.176796900408271,0.016666666666666666,0.0
cold,2026-06-08 07:00:00,5.03106919545348,0.0594658807085676,2.281944788416945e-09,1.2604030736502103,0.0,0.0
cold,2026-06-08 08:00:00,4.196257004887952,0.0577443611000068,2.2094214530131084e-09,1.1416434036415732,0.03333333333333333,0.0
cold,2026-06-08 09:00:00,2.8003134328701993,0.0538481379568989,2.065421030125985e-09,1.0838086327409675,0.016666666666666666,0.0
cold,2026-06-08 10:00:00,2.3450179791841976,0.0607973430108968,2.331490738565786e-09,1.155579302667626,0.0,0.0
cold,2026-06-08 11:00:00,1.9676774642720614,0.057902255961818805,2.220098716101286e-09,1.0515928348015815,0.017241379310344827,0.0
cold,2026-06-08 12:00:00,1.8607006049948667,0.05204244539247485,1.9904433875248535e-09,1.055941999863576,0.0,0.0
cold,2026-06-08 13:00:00,2.1760779428760157,0.056154601770641854,2.145538475463479e-09,1.0318810566975527,0.0,0.0
cold,2026-06-08 14:00:00,1.5163352622187731,0.0559871065573974,2.136818853716733e-09,1.0216401455025246,0.01694915254237288,0.0
cold,2026-06-08 15:00:00,1.235373487707297,0.0558423702219977,2.1294042104679014e-09,1.0398103721615373,0.016666666666666666,0.0
cold,2026-06-08 16:00:00,1.3444941606880012,0.0544063122865416,2.072369281395387e-09,1.0229348726147058,0.03333333333333333,0.0
cold,2026-06-08 17:00:00,2.630242406456151,0.057102378306723,2.176835409835844e-09,1.0848563355349004,0.01694915254237288,0.0
cold,2026-06-08 18:00:00,3.3616764325731543,0.0554666490180306,2.1186993937729032e-09,1.071612175612605,0.016666666666666666,0.0
cold,2026-06-08 19:00:00,2.9422135010414543,0.05802276172558725,2.2219774524659175e-09,1.0934420508461025,0.016666666666666666,0.0
cold,2026-06-08 20:00:00,3.066586070972042,0.0606002516912134,2.320145149406896e-09,1.0901683012562613,0.01694915254237288,0.0
cold,2026-06-08 21:00:00,2.2285881412918496,0.0547524295403949,2.1057373174887225e-09,1.0512665217213848,0.016666666666666666,0.0
cold,2026-06-08 22:00:00,1.7184112413027144,0.055608971627806356,2.134574195454975e-09,1.0442299815054197,0.016666666666666666,0.0
cold,2026-06-08 23:00:00,1.784324157994778,0.0562802096571197,2.166646829779622e-09,1.074624401683689,0.01694915254237288,0.0
cold,2026-06-09 00:00:00,1.3419532854371492,0.0540268706715879,2.073376235068885e-09,1.0222755489312232,0.016666666666666666,0.0
cold,2026-06-09 01:00:00,1.0727030456871345,0.05487131657306505,2.1086628146801415e-09,1.0433256645306055,0.016666666666666666,0.0
cold,2026-06-09 02:00:00,1.1261501316992562,0.055809083202569,2.142785758565089e-09,1.0845501211416584,0.03389830508474576,0.0
cold,2026-06-09 03:00:00,1.934012253635403,0.0567951555562446,2.183357810373799e-09,1.1122773869776155,0.016666666666666666,0.0
cold,2026-06-09 04:00:00,4.629816463709273,0.06040593103556135,2.3218096306393817e-09,1.160446337855321,0.016666666666666666,0.0
cold,2026-06-09 05:00:00,6.122432533636975,0.0610548472052529,2.351690384134817e-09,1.1654636085429777,0.01694915254237288,0.0
cold,2026-06-09 06:00:00,10.431750348472665,0.0730945536158263,2.810718823238955e-09,1.3492224746422103,0.016666666666666666,0.0
cold,2026-06-09 07:00:00,11.320014814035574,0.08060031803582615,3.098145697420008e-09,1.3985202267433832,0.016666666666666666,0.0
cold,2026-06-09 08:00:00,5.9508078617498334,0.06116870343543665,2.351398010722839e-09,1.1921106344720211,0.0,0.0
cold,2026-06-09 09:00:00,2.6502092463367046,0.0588192185101605,2.249977166267455e-09,1.0896911588675782,0.03389830508474576,0.0
cold,2026-06-09 10:00:00,6.116390733979422,0.07178400545677875,2.7464452387522544e-09,1.1782856629045373,0.0,0.0
cold,2026-06-09 11:00:00,7.12304884327922,0.06975087051582471,2.6645117900418978e-09,1.2688783616042403,0.0,0.0
cold,2026-06-09 12:00:00,13.502355660200395,0.1591231058082873,6.057310889018476e-09,1.463882206298905,0.06666666666666667,0.0
cold,2026-06-09 13:00:00,6.364344253968936,0.1225128407519553,4.690757671329269e-09,1.1290301263289404,0.016666666666666666,0.0
cold,2026-06-09 14:00:00,3.785936267604452,0.1376022559727991,5.253159746184346e-09,1.0838887029908313,0.016666666666666666,0.0
cold,2026-06-09 15:00:00,1.6027462514313613,0.0766882021250593,2.9229521460794302e-09,1.0846909180572726,0.0,0.0
cold,2026-06-09 16:00:00,1.110182139022626,0.05461289280943795,2.091292247289093e-09,1.0252082385685823,0.016666666666666666,0.0
cold,2026-06-09 17:00:00,1.1878552671717253,0.05222585891866455,1.9960244061162202e-09,1.041952233418807,0.016666666666666666,0.0
cold,2026-06-09 18:00:00,1.950778418604244,0.0562054642878514,2.1518529775425364e-09,1.042808787436888,0.01694915254237288,0.0
cold,2026-06-09 19:00:00,1.5490614818202593,0.0561188598503952,2.1561346622920022e-09,1.0271822593135134,0.016666666666666666,0.0
cold,2026-06-09 20:00:00,1.9508766750359514,0.06210304372436255,2.3882185902822704e-09,1.0227194995307896,0.016666666666666666,0.0
cold,2026-06-09 21:00:00,1.8958751387853028,0.0585713209777709,2.253596337306848e-09,1.126024156801873,0.01694915254237288,0.0
cold,2026-06-09 22:00:00,2.150858769758452,0.04982769566906245,1.922865996818382e-09,1.0610954338320189,0.016666666666666666,0.0
cold,2026-06-09 23:00:00,1.7697798248057817,0.049373748018451,1.9056911276331494e-09,1.0534669998729165,0.016666666666666666,0.0
cold,2026-06-10 00:00:00,1.5591545761075274,0.05193384084538814,2.0016082165077547e-09,1.0301771063923413,0.037037037037037035,0.0
cold,2026-06-10 01:00:00,,,,,,
cold,2026-06-10 02:00:00,,,,,,
cold,2026-06-10 03:00:00,,,,,,
cold,2026-06-10 04:00:00,,,,,,
cold,2026-06-10 05:00:00,,,,,,
cold,2026-06-10 06:00:00,,,,,,
cold,2026-06-10 07:00:00,,,,,,
cold,2026-06-10 08:00:00,,,,,,
cold,2026-06-10 09:00:00,1.774375674580569,0.055356900717619895,2.1260528433905355e-09,1.0547213372111077,0.027777777777777776,0.0
cold,2026-06-10 10:00:00,1.2422722850647503,0.0585623978864694,2.2443459392290368e-09,1.0282640690267617,0.01639344262295082,0.0
cold,2026-06-10 11:00:00,1.1281531463730667,0.0553540263963295,2.120689464443551e-09,1.045090199045826,0.06666666666666667,0.0
cold,2026-06-10 12:00:00,0.827225125657307,0.0561391988981857,2.1492962749563903e-09,1.075146507483539,0.3559322033898305,0.0
cold,2026-06-10 13:00:00,1.1091570706155518,0.054834564804858946,2.0922128791116694e-09,1.032196463209881,0.36666666666666664,0.0
cold,2026-06-10 14:00:00,0.9901062650073658,0.055675211580037645,2.1255510131325596e-09,1.0578896501504262,0.35,0.0
cold,2026-06-10 15:00:00,1.3717377452319874,0.0548939902324223,2.0961677838709367e-09,1.044397658518103,0.05084745762711865,0.0
cold,2026-06-10 16:00:00,1.520450680847016,0.055036887992568645,2.1115913249890156e-09,1.0687860172816284,0.03333333333333333,0.0
cold,2026-06-10 17:00:00,1.9730512182248747,0.0578583022409226,2.219838440503233e-09,1.0102105859552313,0.03333333333333333,0.0
cold,2026-06-10 18:00:00,3.042700509176936,0.0586589209429924,2.2476958397298317e-09,1.0365803443834058,0.01694915254237288,0.0
cold,2026-06-10 19:00:00,3.982673403063714,0.0588873257242718,2.2681933723762125e-09,1.1396577686234703,0.016666666666666666,0.0
cold,2026-06-10 20:00:00,3.8989145729740833,0.058617798210667246,2.263232735334656e-09,1.1314739372392149,0.016666666666666666,0.0
cold,2026-06-10 21:00:00,2.922316967628794,0.0579504518562169,2.2370190944798643e-09,1.0237958591358438,0.01694915254237288,0.0
cold,2026-06-10 22:00:00,3.626603376790521,0.06981302053225055,2.685629949377901e-09,1.063125562304619,0.016666666666666666,0.0
cold,2026-06-10 23:00:00,4.6021109693545625,0.07497260318908275,2.888196246278169e-09,1.1288686560849488,0.016666666666666666,0.0
cold,2026-06-11 00:00:00,3.9232894415106863,0.0554437155563192,2.1375585597568093e-09,1.1347764855635707,0.01694915254237288,0.0
cold,2026-06-11 01:00:00,3.41536019120493,0.0570772102439016,2.198351614648389e-09,1.0699615955993027,0.016666666666666666,0.0
cold,2026-06-11 02:00:00,2.230559998893801,0.054563030911861196,2.100195468417882e-09,1.0563222267290295,0.016666666666666666,0.0
cold,2026-06-11 03:00:00,2.838793186651617,0.0547344529757165,2.108397506681204e-09,1.0344334286329129,0.01694915254237288,0.0
cold,2026-06-11 04:00:00,3.057334904469667,0.0524849648247313,2.0220438891597987e-09,1.047116120823578,0.016666666666666666,0.0
cold,2026-06-11 05:00:00,4.982393096475194,0.0565662544817042,2.1841425888359584e-09,1.0236239171955457,0.016666666666666666,0.0
cold,2026-06-11 06:00:00,6.0177380507672815,0.0581779552143801,2.245332530471345e-09,1.169702594967924,0.01694915254237288,0.0
cold,2026-06-11 07:00:00,2.648231974012676,0.0398475009170562,1.5399758743982818e-09,1.1024738834411223,0.01694915254237288,0.0
cold,2026-06-11 08:00:00,1.6423532763649777,0.03950576903677895,1.5234278917234998e-09,1.090836315032714,0.025,0.0
cold,2026-06-11 09:00:00,1.1707850599628185,0.0519455939524281,1.9981101501196507e-09,1.0500975479639392,0.01694915254237288,0.0
cold,2026-06-11 10:00:00,1.0275648016873635,0.0560844896380016,2.1474738682859683e-09,1.065798309445908,0.04918032786885246,0.0
cold,2026-06-11 11:00:00,0.8806307811375336,0.054681191126985204,2.0953300705540288e-09,1.018469294617403,0.05,0.0
cold,2026-06-11 12:00:00,0.7212318531774462,0.0538599641484467,2.062355216537522e-09,1.0575101960225677,0.423728813559322,0.0
cold,2026-06-11 13:00:00,0.7110053204129365,0.055122370749747795,2.1039764681955855e-09,1.019656255502134,0.45,0.0
cold,2026-06-11 14:00:00,0.7981549414812453,0.05453526422299705,2.0784313938825286e-09,1.0513651711711853,0.6666666666666666,0.0
cold,2026-06-11 15:00:00,1.0431362328209328,0.0559327526501556,2.1456182427482392e-09,1.0328325267349536,0.06779661016949153,0.0
cold,2026-06-11 16:00:00,1.3747795735686876,0.055999914703522696,2.1452214950802166e-09,1.0468344313486884,0.21666666666666667,0.0
cold,2026-06-11 17:00:00,1.8057255840194106,0.0566273957313767,2.1719478562440567e-09,1.0534324525894077,0.03333333333333333,0.0
cold,2026-06-11 18:00:00,2.557544480636,0.0549127989697576,2.1082405586746e-09,1.0946234891880038,0.01694915254237288,0.0
cold,2026-06-11 19:00:00,2.2155251250743015,0.055391286226544004,2.126468831958303e-09,1.072632001979842,0.03333333333333333,0.0
cold,2026-06-11 20:00:00,3.1230695314030132,0.0557517539154038,2.15309263941222e-09,1.1155990169109633,0.016666666666666666,0.0
cold,2026-06-11 21:00:00,2.701827127053278,0.0538325898545087,2.0792652038858126e-09,1.07060205177569,0.01694915254237288,0.0
cold,2026-06-11 22:00:00,1.405635456782269,0.0526142930080936,2.028438063864642e-09,1.0523456326191338,0.016666666666666666,0.0
cold,2026-06-11 23:00:00,1.3236919921891377,0.052326905186386996,2.0195739985129806e-09,1.0406718141082445,0.016666666666666666,0.0
cold,2026-06-12 00:00:00,1.192890534524963,0.0523258948632905,2.025558623102578e-09,1.0440983423657135,0.01694915254237288,0.0
cold,2026-06-12 01:00:00,1.0567087314920074,0.051577809077202,1.9904065296329874e-09,1.0430023747448804,0.03333333333333333,0.0
cold,2026-06-12 02:00:00,0.8892312262432096,0.0520774966898013,2.010931747180566e-09,1.0629712907928897,0.23333333333333334,0.0
cold,2026-06-12 03:00:00,0.8877558373544182,0.05634795199577635,2.1787231164964024e-09,1.075154547741227,0.3333333333333333,0.0
cold,2026-06-12 04:00:00,,,,,,
cold,2026-06-12 05:00:00,,,,,,
cold,2026-06-12 06:00:00,,,,,,
cold,2026-06-12 07:00:00,,,,,,
cold,2026-06-12 08:00:00,2.000894430590893,0.0562777667847762,2.1687044837684776e-09,1.059682781492831,0.125,0.0
cold,2026-06-12 09:00:00,1.460896635118296,0.0531844832313031,2.047172275876868e-09,1.0366921632068944,0.01639344262295082,0.0
cold,2026-06-12 10:00:00,0.967602427943838,0.054876452690525546,2.113579043502442e-09,1.0114142128926793,0.11666666666666667,0.0
cold,2026-06-12 11:00:00,0.7370677961104588,0.0531733589897828,2.0439298982539557e-09,1.002634020056285,0.03389830508474576,0.0
cold,2026-06-12 12:00:00,0.6223816136909804,0.05271950411253695,2.0214709430847287e-09,1.008180452003287,0.31666666666666665,0.0
cold,2026-06-12 13:00:00,0.6719357076880557,0.05118205445953535,1.958920646016609e-09,1.0278570320587122,0.23333333333333334,0.0
cold,2026-06-12 14:00:00,0.6740082998838948,0.0544839317011258,2.086979117032257e-09,1.050911381321849,0.1016949152542373,0.0
cold,2026-06-12 15:00:00,0.9126757031638368,0.0542004336250084,2.0912509509240634e-09,1.0532958056307224,0.016666666666666666,0.0
cold,2026-06-12 16:00:00,1.1582600130737124,0.05952074907327585,2.2946125098704805e-09,1.0803154464935187,0.016666666666666666,0.0
cold,2026-06-12 17:00:00,1.246697452548534,0.0553517064085887,2.129831377213161e-09,1.035618964127746,0.01694915254237288,0.0
cold,2026-06-12 18:00:00,1.3495673785116327,0.05510236719641615,2.1201650444538547e-09,1.0066239897651026,0.016666666666666666,0.0
cold,2026-06-12 19:00:00,1.3637966173001845,0.0534835899071388,2.05677940662119e-09,1.0678352652862526,0.016666666666666666,0.0
cold,2026-06-12 20:00:00,1.4126969497516069,0.0546941128367411,2.107069312424961e-09,1.1146988572217935,0.01694915254237288,0.0
cold,2026-06-12 21:00:00,1.7288000502410887,0.0619258026132568,2.3822182621292044e-09,1.0091754946977487,0.016666666666666666,0.0
cold,2026-06-12 22:00:00,2.2558543553846713,0.06123088740803005,2.3562113027688097e-09,1.0267080774850301,0.016666666666666666,0.0
cold,2026-06-12 23:00:00,2.335494519011523,0.0575771981023886,2.217461435125516e-09,1.0775227178664892,0.01694915254237288,0.0
cold,2026-06-13 00:00:00,2.676283395954604,0.054743450526825055,2.109562137622519e-09,1.1258690855046334,0.016666666666666666,0.0
cold,2026-06-13 01:00:00,2.6215156402106023,0.05211506336831585,2.00806048344458e-09,1.0919567497413847,0.016666666666666666,0.0
cold,2026-06-13 02:00:00,2.0186835102160448,0.0523763512398445,2.018111859998465e-09,1.039639803581001,0.01694915254237288,0.0
cold,2026-06-13 03:00:00,2.1516499619266707,0.050874208363061654,1.9603623988512335e-09,1.0714495376640314,0.016666666666666666,0.0
cold,2026-06-13 04:00:00,2.8163915292510984,0.054147612245678045,2.08864948060498e-09,1.1063532197540955,0.016666666666666666,0.0
cold,2026-06-13 05:00:00,4.024588574961316,0.0553348065896596,2.135703528307567e-09,1.2150564688788297,0.03389830508474576,0.0
cold,2026-06-13 06:00:00,8.552341815977027,0.06277001262409845,2.4221271005276355e-09,1.3975079374144612,0.016666666666666666,0.0
cold,2026-06-13 07:00:00,12.71227712807781,0.08086594210553355,3.107479556027999e-09,1.822108571337713,0.016666666666666666,0.0
cold,2026-06-13 08:00:00,4.085650288231792,0.0572102221660273,2.197506111851945e-09,1.1673074590469743,0.03389830508474576,0.0
cold,2026-06-13 09:00:00,0.9334324565561727,0.05625265488454945,2.157726011901628e-09,1.0786661382028129,0.034482758620689655,0.0
cold,2026-06-13 10:00:00,0.46690905765821644,0.052769122268836496,2.0348934411323464e-09,1.0878681805814046,0.2833333333333333,0.0
cold,2026-06-13 11:00:00,0.6926985557325661,0.05569697133085535,2.1507814341091076e-09,1.12027855726271,0.2833333333333333,0.0
cold,2026-06-13 12:00:00,0.5886923902625855,0.0536409610263149,2.065132350645496e-09,1.0245062984593996,0.7966101694915254,0.0
cold,2026-06-13 13:00:00,0.4546877750895163,0.051411191209162446,1.9799908870898776e-09,1.0622253795793255,0.13333333333333333,0.0
cold,2026-06-13 14:00:00,0.5268808017373091,0.052588512704085696,2.0261176487523466e-09,1.0854166418804505,0.03333333333333333,0.0
cold,2026-06-13 15:00:00,0.5905868937302386,0.054272944140919,2.090535327840021e-09,1.082216492208094,0.01694915254237288,0.0
cold,2026-06-13 16:00:00,0.7422216701352363,0.057482333853381196,2.2183945318851677e-09,1.0238051989052699,0.03333333333333333,0.0
cold,2026-06-13 17:00:00,1.1941731279724905,0.0575982988816683,2.224583392504639e-09,1.0463778736731433,0.06666666666666667,0.0
cold,2026-06-13 18:00:00,0.9832062442523491,0.0541137267357293,2.083386891159865e-09,1.0801567533376717,0.01694915254237288,0.0
cold,2026-06-13 19:00:00,0.9369232605620578,0.0479674056068561,1.8425187767240514e-09,1.0308312905563415,0.016666666666666666,0.0
cold,2026-06-13 20:00:00,1.3368349275106914,0.0629773301312335,2.4137720196069787e-09,1.120343679448432,0.4666666666666667,0.0
cold,2026-06-13 21:00:00,3.188391829662543,0.0574848511590223,2.1999791215207727e-09,1.1240059986110342,0.01694915254237288,0.0
cold,2026-06-13 22:00:00,4.199011001097073,0.06445917135132351,2.469208862298204e-09,1.4806996057851884,0.016666666666666666,0.0
cold,2026-06-13 23:00:00,4.146613567007437,0.10566485584394025,4.0588546821039385e-09,2.371293380304725,0.016666666666666666,0.0
cold,2026-06-14 00:00:00,2.510863360988932,0.0627902327664167,2.414602988354148e-09,1.3816707389195348,0.01694915254237288,0.0
cold,2026-06-14 01:00:00,2.624388541563514,0.055724095254696654,2.1408252507269185e-09,1.1536499809767238,0.016666666666666666,0.0
cold,2026-06-14 02:00:00,2.707318120557943,0.0541285716853349,2.0798842576238116e-09,1.108897589501647,0.016666666666666666,0.0
cold,2026-06-14 03:00:00,2.1564831476210315,0.0539186824199054,2.072699301425607e-09,1.0814173573616697,0.01694915254237288,0.0
cold,2026-06-14 04:00:00,2.346772449504745,0.05416886089902455,2.081098862111662e-09,1.0833927190393822,0.016666666666666666,0.0
cold,2026-06-14 05:00:00,2.9258363039755784,0.054850251130769245,2.1076259436603973e-09,1.1700671822959716,0.016666666666666666,0.0
cold,2026-06-14 06:00:00,4.194807562785913,0.0583893101685538,2.242267884849855e-09,1.2150421436673775,0.0,0.0
cold,2026-06-14 07:00:00,4.363054281781472,0.05747218368159525,2.2033778336038455e-09,1.1880281286052905,0.016666666666666666,0.0
cold,2026-06-14 08:00:00,9.66973705568462,0.061783099973081304,2.365084143548123e-09,1.3382796650334767,0.016666666666666666,0.0
cold,2026-06-14 09:00:00,17.033143853772167,0.0892250212339849,3.4189605867736406e-09,1.8158296709653035,0.0,0.0
cold,2026-06-14 10:00:00,24.30930789078073,0.1557582870127422,6.114118648367557e-09,3.666804342111891,0.0,0.0
cold,2026-06-14 11:00:00,12.612962271062504,0.134677360438054,5.294821517382406e-09,4.284651201494839,0.0,0.0
cold,2026-06-14 12:00:00,7.976397228073218,0.07563720112944575,2.973026414816098e-09,1.9942793688434968,0.017241379310344827,0.0
cold,2026-06-14 13:00:00,2.19294370782644,0.0480164762941933,1.876076847108967e-09,1.087689429403276,0.03389830508474576,0.0
cold,2026-06-14 14:00:00,1.0169725933716938,0.0527370696049786,2.059729704250928e-09,1.7124388890558953,0.06779661016949153,0.0
cold,2026-06-14 15:00:00,2.165076533119892,0.0470699525559836,1.8477585942385431e-09,1.2317947730636742,0.13559322033898305,0.0
cold,2026-06-14 16:00:00,2.1395150601016875,0.0490331127544526,1.9135825799803026e-09,1.1348999200083987,0.03333333333333333,0.0
cold,2026-06-14 17:00:00,1.0952515059483465,0.04617144831710835,1.804749217967661e-09,1.0542281166121625,0.016666666666666666,0.0
cold,2026-06-14 18:00:00,1.1233571748725135,0.0593020736749103,2.3201893305763027e-09,1.1949667351821949,0.01694915254237288,0.0
cold,2026-06-14 19:00:00,2.078458949929332,0.0685333392307379,2.678461228318798e-09,1.1279418622612036,0.0,0.0
cold,2026-06-14 20:00:00,2.769614599091299,0.06774791641173511,2.6469938248891253e-09,1.1385395975640702,0.0,0.0
cold,2026-06-14 21:00:00,3.1214423301817016,0.0568002497757576,2.2125874214398623e-09,1.121384477684349,0.0,0.0
cold,2026-06-14 22:00:00,2.795852090696293,0.0562873361440456,2.193937839936408e-09,1.0534427875713885,0.0,0.0
cold,2026-06-14 23:00:00,2.604800366179421,0.055027351473793354,2.148293857976114e-09,1.0355778585759172,0.0,0.0
cold,2026-06-15 00:00:00,2.5035707981479507,0.0539277126853839,2.1087281024008394e-09,1.0342358533110505,0.01694915254237288,0.0
cold,2026-06-15 01:00:00,2.277181017007087,0.053377222686945947,2.085523887863876e-09,1.0574457982247916,0.016666666666666666,0.0
cold,2026-06-15 02:00:00,3.1829708703210615,0.0513161347816026,2.00532926560779e-09,1.0619759149561983,0.016666666666666666,0.0
cold,2026-06-15 03:00:00,3.794498580842039,0.0539835936756228,2.109568047226647e-09,1.075221223031429,0.01694915254237288,0.0
cold,2026-06-15 04:00:00,6.688141021377479,0.05951997713469085,2.3262316048517144e-09,1.1208015532269116,0.016666666666666666,0.0
cold,2026-06-15 05:00:00,7.056914006701725,0.0604931577839124,2.3654385071031744e-09,1.110379317924089,0.016666666666666666,0.0
cold,2026-06-15 06:00:00,9.830958989807144,0.06802372373252155,2.6579970242421835e-09,1.3209860466595469,0.017241379310344827,0.0
cold,2026-06-15 07:00:00,10.181719095108658,0.06409292631025425,2.504430649011834e-09,1.1753039224790467,0.016666666666666666,0.0
cold,2026-06-15 08:00:00,5.330966732200851,0.0547070766683387,2.1472361689593446e-09,1.1961809574486792,0.016666666666666666,0.0
cold,2026-06-15 09:00:00,3.671367232755296,0.0560993977790451,2.2080071571969863e-09,1.1020642752272254,0.11538461538461539,0.0
cold,2026-06-15 10:00:00,8.128182217001017,0.08206209149729529,3.246505189222584e-09,1.4315310377805441,0.0,0.0
cold,2026-06-15 11:00:00,8.8589474744931,0.09614597764405244,3.814075050470547e-09,2.139414173853352,0.0,0.0
cold,2026-06-15 12:00:00,7.951283814870752,0.0771131100030168,3.066093611896401e-09,1.4760573592877,0.0,0.0
cold,2026-06-15 13:00:00,4.328147634810904,0.06408074451131085,2.5457659069219697e-09,1.1784822558960215,0.0,0.0
cold,2026-06-15 14:00:00,6.781816398992987,0.06733964439921065,2.6714438536170946e-09,1.25299314777617,0.0,0.0
cold,2026-06-15 15:00:00,4.964317010845388,0.0728586028982044,2.895878532293281e-09,1.3089242580747864,0.0,0.0
cold,2026-06-15 16:00:00,3.7657740298382216,0.068138700691685,2.706648583615958e-09,1.2002840318470382,0.03333333333333333,0.0
cold,2026-06-15 17:00:00,1.3089330680071714,0.1052453465299451,4.1805262103832995e-09,27.149593082752638,0.0,0.0
cold,2026-06-15 18:00:00,1.177337299357556,0.0734423699464217,2.9132953412283332e-09,18.06590639298819,0.0,0.0
cold,2026-06-15 19:00:00,0.7978906917018818,0.05299996243518245,2.105975573183882e-09,22.088162985372847,0.0,0.0
cold,2026-06-15 20:00:00,5.347712086532637,0.04517685950667635,1.7935098081815503e-09,1.7532831673622598,0.18333333333333332,0.0
cold,2026-06-15 21:00:00,10.768717591571694,0.0767562755502534,3.053265553903097e-09,1.438058493117642,0.03389830508474576,0.0
cold,2026-06-15 22:00:00,2.3770764640061937,0.088147207154162,3.5048589552135377e-09,10.44670693594235,0.0,0.0
cold,2026-06-15 23:00:00,2.215788410025588,0.0595396772406923,2.3678192287879172e-09,1.1251826532002562,0.03333333333333333,0.0
cold,2026-06-16 00:00:00,1.46864982897359,0.0597051155362777,2.3747588898535663e-09,1.0683756994481126,0.11864406779661017,0.0
cold,2026-06-16 01:00:00,2.3164276932002923,0.05792695300085715,2.30249799674175e-09,1.1577124231701585,0.016666666666666666,0.0
cold,2026-06-16 02:00:00,3.7768739120271393,0.06182798460395855,2.4600743443710284e-09,1.136667513683932,0.016666666666666666,0.0
cold,2026-06-16 03:00:00,3.3712301491902976,0.0587496532101477,2.3337545674878467e-09,1.150720495435679,0.01694915254237288,0.0
cold,2026-06-16 04:00:00,2.9326177813735326,0.058210327781883356,2.3145506501062346e-09,1.08228816325557,0.016666666666666666,0.0
cold,2026-06-16 05:00:00,8.101898382528633,0.06872391128298094,2.733795952983576e-09,1.3434359829989568,0.016666666666666666,0.0
cold,2026-06-16 06:00:00,13.444535001175012,0.0846534496645006,3.36147041949664e-09,1.5576117672406702,0.01694915254237288,0.0
cold,2026-06-16 07:00:00,9.387205325024215,0.06831114157126555,2.7108695742785484e-09,1.1732578291360545,0.016666666666666666,0.0
cold,2026-06-16 08:00:00,3.876374334002266,0.0604725997894333,2.3953367896858712e-09,1.0930775383589837,0.03389830508474576,0.0
cold,2026-06-16 09:00:00,2.0980603703223317,0.0586159178059553,2.325392016388454e-09,1.020922677203493,0.02040816326530612,0.0
cold,2026-06-16 10:00:00,2.3932307779243365,0.0588843602037885,2.333797846770588e-09,1.1504598797616425,0.0,0.0
cold,2026-06-16 11:00:00,1.611015501231595,0.05524368143327725,2.1929285824209708e-09,1.130922623232549,0.0,0.0
cold,2026-06-16 12:00:00,6.111590660364709,0.0664852565063306,2.6408908710618103e-09,1.1870065694475775,0.0,0.0
cold,2026-06-16 13:00:00,8.848230536766211,0.07155109740111645,2.8437272593230936e-09,1.3914610480602425,0.0,0.0
cold,2026-06-16 14:00:00,8.12525093496616,0.0782803833104244,3.1088929341362596e-09,1.5009746702115105,0.0,0.0
cold,2026-06-16 15:00:00,6.377540916264593,0.07324349035304856,2.906080986813262e-09,1.4099157671385494,0.0,0.0
cold,2026-06-16 16:00:00,4.461351350326763,0.070326142014366,2.791127266075342e-09,1.671116291899223,0.044444444444444446,0.0
cold,2026-06-16 17:00:00,1.028697287387718,0.10619279664491596,4.215012910457364e-09,21.348947594147337,0.0,0.0
cold,2026-06-16 18:00:00,0.9103907661843437,0.0746414858107156,2.965028180401075e-09,11.00126557331441,0.016666666666666666,0.0
cold,2026-06-16 19:00:00,0.7878298962664371,0.0756737221132774,2.987845853118804e-09,12.801088615884424,0.01694915254237288,0.0
cold,2026-06-16 20:00:00,0.702951556274582,0.10245785166324345,4.0403309048232915e-09,26.228129439650246,0.016666666666666666,0.0
cold,2026-06-16 21:00:00,1.129011221749523,0.11645422236089861,4.600144224908793e-09,35.14848243699397,0.016666666666666666,0.0
cold,2026-06-16 22:00:00,2.1939668928187643,0.0695000424294561,2.749821268134246e-09,4.126424803183664,0.0,0.0
cold,2026-06-16 23:00:00,0.3603412938834696,0.18648155514313863,7.353564030898721e-09,96.00038128315404,0.016666666666666666,0.0
cold,2026-06-17 00:00:00,0.517191647671964,0.16814261966145944,6.644260708889854e-09,77.22227815590094,0.0,0.0
cold,2026-06-17 01:00:00,0.767130487393764,0.0669080055128299,2.623460042669405e-09,5.305051925591239,0.0,0.0
cold,2026-06-17 02:00:00,0.576903835045081,0.033110785219005706,1.2976616322525157e-09,1.0226197243729307,0.16666666666666666,0.0
cold,2026-06-17 03:00:00,1.6098296292506613,0.0386438794427566,1.5124257975187752e-09,1.0452876748676183,0.016666666666666666,0.0
cold,2026-06-17 04:00:00,5.287299722648887,0.2293970984745464,8.973999141557686e-09,3.5748793130775094,0.01694915254237288,0.0
cold,2026-06-17 05:00:00,16.185640995158803,0.6886445225762481,2.6934743425963155e-08,6.754672470208229,0.31666666666666665,0.0
cold,2026-06-17 06:00:00,11.76413001601611,0.25811840135323744,1.0082003403789905e-08,3.5435482352176884,0.016666666666666666,0.0
cold,2026-06-17 07:00:00,5.052027469695788,0.0698572461723092,2.742327429671234e-09,1.2277694829859769,0.01694915254237288,0.0
cold,2026-06-17 08:00:00,4.440654098240714,0.070986069836366,2.7844815278816883e-09,1.1456852790350003,0.016666666666666666,0.0
cold,2026-06-17 09:00:00,4.258088401043521,0.0725044996487968,2.8573329158884796e-09,1.1769355558835253,0.03333333333333333,0.0
cold,2026-06-17 10:00:00,14.680926248809058,0.1913935914908044,7.483915037705849e-09,1.6221028395771695,0.0,0.0
cold,2026-06-17 11:00:00,42.421119522029265,0.2777061559042904,1.0864194278029365e-08,2.318084856806723,0.0,0.0
cold,2026-06-17 12:00:00,12.476730772669027,0.2370683391521837,9.291255065154926e-09,1.3319037221210028,0.05084745762711865,0.0
cold,2026-06-17 13:00:00,4.344029990952796,0.32748036300429695,1.2846953895720921e-08,3.221938441736494,0.016666666666666666,0.0
cold,2026-06-17 14:00:00,4.306182655646517,0.3435266554821222,1.3489360413651322e-08,3.527393638225959,0.016666666666666666,0.0
cold,2026-06-17 15:00:00,4.993835398185273,0.3605230502626985,1.4130598898919253e-08,4.103608880217483,0.01694915254237288,0.0
cold,2026-06-17 16:00:00,4.895454508117455,0.3866252557085695,1.5141443592297912e-08,5.047008831654345,0.016666666666666666,0.0
cold,2026-06-17 17:00:00,5.728274521691547,0.42729797004600967,1.6742334730281538e-08,5.82902253895363,0.016666666666666666,0.0
cold,2026-06-17 18:00:00,5.238805087240286,0.4403971199348602,1.7246943658010323e-08,6.786736095898099,0.01694915254237288,0.0
cold,2026-06-17 19:00:00,5.34511662208769,0.4375742468220587,1.7149741850885655e-08,6.748872395883387,0.016666666666666666,0.0
cold,2026-06-17 20:00:00,5.124414607816717,0.4220643343068521,1.6552315271943358e-08,6.278887915092435,0.016666666666666666,0.0
cold,2026-06-17 21:00:00,4.824134760601666,0.4198801082208117,1.6488763352531212e-08,6.239198148119843,0.03389830508474576,0.0
cold,2026-06-17 22:00:00,5.791408792581162,0.498382751270667,1.9569276355758857e-08,9.494499532957015,0.016666666666666666,0.0
cold,2026-06-17 23:00:00,5.503305691492658,0.4929447618710427,1.9325311768253224e-08,9.09875266148743,0.016666666666666666,0.0
cold,2026-06-18 00:00:00,5.449583386103832,0.5194868780056264,2.0378057332560568e-08,8.916142540798843,0.03389830508474576,0.0
cold,2026-06-18 01:00:00,5.7575029943892275,0.5295115345034752,2.077581866749241e-08,10.827014214163306,0.016666666666666666,0.0
cold,2026-06-18 02:00:00,5.954453653138365,0.538856366905285,2.1074741777012954e-08,10.46774763101385,0.016666666666666666,0.0
cold,2026-06-18 03:00:00,5.80212971578372,0.5232990800200698,2.0505173489666252e-08,10.22268089799065,0.03389830508474576,0.0
cold,2026-06-18 04:00:00,6.101349032179696,0.54599782716936,2.1372749954946452e-08,11.779228827791098,0.016666666666666666,0.0
cold,2026-06-18 05:00:00,6.026089896131839,0.5335165154986725,2.0863958102013644e-08,10.835660330123348,0.03333333333333333,0.0
cold,2026-06-18 06:00:00,6.000754370219934,0.5650716769508936,2.2143955928496558e-08,10.977629060753578,0.03389830508474576,0.0
cold,2026-06-18 07:00:00,6.341410936962053,0.562385044772332,2.2027363001515808e-08,12.906313476374478,0.0,0.0
cold,2026-06-18 08:00:00,6.2036942828514405,0.5590745531990982,2.1924826922031372e-08,12.068605198894538,0.0,0.0
cold,2026-06-18 09:00:00,6.28533180292888,0.546024467771396,2.1385070898774496e-08,11.42515415170552,0.0,0.0
