pixel,wavelength_nm,sigma_NO2_cm2,sigma_CHOCHO_cm2,sigma_H2O_cm2
0,400.007583,6.41443821e-19,3.88151592e-20,1.09872194e-19
1,400.057171,6.45525898e-19,3.86872005e-20,1.06921713e-19
2,400.106757,6.48908014e-19,3.86040134e-20,1.04060364e-19
3,400.156342,6.51568331e-19,3.85684669e-20,1.01282635e-19
4,400.205925,6.53516885e-19,3.85819639e-20,9.85579031e-20
5,400.255508,6.54792398e-19,3.86445541e-20,9.58503137e-20
6,400.305089,6.55456371e-19,3.87551135e-20,9.31379856e-20
7,400.354669,6.55586179e-19,3.89116034e-20,9.042456349999999e-20
8,400.404247,6.55267362e-19,3.91113722e-20,8.77414675e-20
9,400.453825,6.54586365e-19,3.93515274e-20,8.51397634e-20
10,400.503401,6.53624368e-19,3.96292758e-20,8.26758661e-20
11,400.552975,6.52452382e-19,3.99423006e-20,8.03945409e-20
12,400.602549,6.51127905e-19,4.02890559e-20,7.83153081e-20
13,400.652121,6.49693288e-19,4.06688952e-20,7.64259317e-20
14,400.701692,6.48175159e-19,4.1082122e-20,7.4683808e-20
15,400.751261,6.4658541e-19,4.15297548e-20,7.302547069999999e-20
16,400.800829,6.44923032e-19,4.20131591e-20,7.13805105e-20
17,400.850396,6.43177084e-19,4.25334529e-20,6.96866172e-20
18,400.899962,6.41330231e-19,4.30908647e-20,6.79015903e-20
19,400.949527,6.39362682e-19,4.36841202e-20,6.60098142e-20
20,400.99909,6.37256145e-19,4.43099906e-20,6.40222078e-20
21,401.048652,6.34997123e-19,4.49631873e-20,6.19702157e-20
22,401.098212,6.3257962e-19,4.56365407e-20,5.98964275e-20
23,401.147772,6.30006232e-19,4.63216768e-20,5.7844011e-20
24,401.19733,6.27288479e-19,4.70098413e-20,5.58485194e-20
25,401.246886,6.2444523e-19,4.76930724e-20,5.39329286e-20
26,401.296442,6.2150036e-19,4.83652768e-20,5.21073926e-20
27,401.345996,6.18480181e-19,4.90230202e-20,5.03730622e-20
28,401.395549,6.15409907e-19,4.96661308e-20,4.87276667e-20
29,401.4451,6.12311093e-19,5.02976819e-20,4.71716872e-20
30,401.494651,6.09199067e-19,5.09236332e-20,4.57123444e-20
31,401.5442,6.06081985e-19,5.15519133e-20,4.4364763699999996e-20
32,401.593748,6.02959999e-19,5.21914116e-20,4.3149138e-20
33,401.643294,5.99826191e-19,5.28507238e-20,4.2085335999999994e-20
34,401.692839,5.96667859e-19,5.35371019e-20,4.1185873399999995e-20
35,401.742383,5.93468975e-19,5.42555642e-20,4.0449575e-20
36,401.791926,5.90212816e-19,5.50084166e-20,3.9857475e-20
37,401.841467,5.86884819e-19,5.57951537e-20,3.93723271e-20
38,401.891007,5.83474866e-19,5.66128148e-20,3.89419981e-20
39,401.940546,5.79979341e-19,5.7456559e-20,3.85062298e-20
40,401.990083,5.76402125e-19,5.83204759e-20,3.8005281099999995e-20
41,402.03962,5.72754359e-19,5.91985173e-20,3.7388641200000003e-20
42,402.089155,5.69054179e-19,6.00851436e-20,3.6622210499999996e-20
43,402.138688,5.65324945e-19,6.09759834e-20,3.5692370699999995e-20
44,402.188221,5.61593677e-19,6.18680893e-20,3.4606495e-20
45,402.237752,5.57890067e-19,6.27597437e-20,3.3390181e-20
46,402.287282,5.54244838e-19,6.36501629e-20,3.20815773e-20
47,402.33681,5.50689375e-19,6.4538701e-20,3.07245469e-20
48,402.386337,5.47254973e-19,6.54240221e-20,2.93615245e-20
49,402.435863,5.43972652e-19,6.6303075e-20,2.80276595e-20
50,402.485388,5.40872546e-19,6.71702178e-20,2.67468119e-20
51,402.534911,5.37983159e-19,6.80165394e-20,2.5529994999999998e-20
52,402.584433,5.35330176e-19,6.88296308e-20,2.43761137e-20
53,402.633954,5.32935616e-19,6.95937448e-20,2.3274853499999998e-20
54,402.683474,5.30817009e-19,7.0290577e-20,2.22107803e-20
55,402.732992,5.28987222e-19,7.09005476e-20,2.11679476e-20
56,402.782509,5.27454868e-19,7.14045547e-20,2.01340135e-20
57,402.832025,5.26225668e-19,7.17858803e-20,1.91033407e-20
58,402.881539,5.25304192e-19,7.20321315e-20,1.8078409900000002e-20
59,402.931052,5.24695758e-19,7.21368963e-20,1.7069409299999997e-20
60,402.980564,5.24408272e-19,7.21008118e-20,1.60923883e-20
61,403.030075,5.24453458e-19,7.19319203e-20,1.51662539e-20
62,403.079584,5.24847395e-19,7.16451825e-20,1.43093789e-20
63,403.129092,5.25610301e-19,7.12611444e-20,1.35363894e-20
64,403.178599,5.26765571e-19,7.08039586e-20,1.28558664e-20
65,403.228104,5.28338104e-19,7.02989792e-20,1.2269135300000001e-20
66,403.277608,5.30352114e-19,6.97702257e-20,1.17702781e-20
67,403.327111,5.32828094e-19,6.92381713e-20,1.13473317e-20
68,403.376613,5.35779104e-19,6.8718078e-20,1.0984225e-20
69,403.426113,5.39206204e-19,6.82191638e-20,1.06631256e-20
70,403.475612,5.43093613e-19,6.77446284e-20,1.03667368e-20
71,403.52511,5.4740341e-19,6.72925659e-20,1.00802685e-20
72,403.574606,5.52071148e-19,6.68574405e-20,9.79278756e-21
73,403.624102,5.57003685e-19,6.6431798e-20,9.49784786e-21
74,403.673595,5.62078707e-19,6.60079871e-20,9.19350179e-21
75,403.723088,5.67149769e-19,6.55793056e-20,8.88160946e-21
76,403.772579,5.72053049e-19,6.5140729e-20,8.56684542e-21
77,403.822069,5.76619568e-19,6.46888238e-20,8.25533421e-21
78,403.871558,5.80688649e-19,6.42212237e-20,7.95329658e-21
79,403.921046,5.84122755e-19,6.37357509e-20,7.6657877e-21
80,403.970532,5.86821181e-19,6.3229523e-20,7.39574277e-21
81,404.020017,5.88731184e-19,6.26982458e-20,7.143436729999999e-21
82,404.069501,5.8985458e-19,6.21359728e-20,6.90649663e-21
83,404.118983,5.90249653e-19,6.15353149e-20,6.68041544e-21
84,404.168464,5.90027914e-19,6.08880469e-20,6.459480079999999e-21
85,404.217944,5.89346136e-19,6.01860958e-20,6.23796976e-21
86,404.267422,5.8839474e-19,5.94226457e-20,6.01134048e-21
87,404.316899,5.87383472e-19,5.85931736e-20,5.7771477e-21
88,404.366375,5.86525859e-19,5.7696418e-20,5.53554982e-21
89,404.41585,5.86023478e-19,5.67350378e-20,5.28925146e-21
90,404.465323,5.86051269e-19,5.57159916e-20,5.04294131e-21
91,404.514796,5.86744938e-19,5.46504603e-20,4.80233331e-21
92,404.564266,5.88191184e-19,5.35536495e-20,4.57311469e-21
93,404.613736,5.90421772e-19,5.24438134e-20,4.35988941e-21
94,404.663204,5.93410994e-19,5.13414116e-20,4.1655132000000004e-21
95,404.712671,5.97077567e-19,5.02675744e-20,3.9907476999999995e-21
96,404.762137,6.01289532e-19,4.92426891e-20,3.83439174e-21
97,404.811601,6.05872087e-19,4.82849176e-20,3.69374102e-21
98,404.861064,6.10617778e-19,4.74088869e-20,3.56524747e-21
99,404.910526,6.15297463e-19,4.66249125e-20,3.4452367000000004e-21
100,404.959987,6.19672406e-19,4.59386835e-20,3.3305016199999996e-21
101,405.009446,6.23506704e-19,4.53515535e-20,3.21868503e-21
102,405.058904,6.26580338e-19,4.4861279e-20,3.10839338e-21
103,405.108361,6.28701765e-19,4.44631405e-20,2.9990847499999996e-21
104,405.157816,6.29720445e-19,4.41510649e-20,2.8907813e-21
105,405.20727,6.2953806e-19,4.39185292e-20,2.7837063899999997e-21
106,405.256723,6.28117054e-19,4.37590984e-20,2.67796801e-21
107,405.306175,6.25485545e-19,4.36664347e-20,2.57334848e-21
108,405.355625,6.21737363e-19,4.36338747e-20,2.4692575999999996e-21
109,405.405074,6.17026239e-19,4.365374e-20,2.36483675e-21
110,405.454522,6.11554995e-19,4.37166563e-20,2.25919459e-21
111,405.503968,6.05560118e-19,4.38111368e-20,2.1516873900000003e-21
112,405.553413,5.9929294e-19,4.39236672e-20,2.0421667599999998e-21
113,405.602857,5.93000473e-19,4.40393662e-20,1.93114685e-21
114,405.6523,5.8690673e-19,4.41431906e-20,1.8198282e-21
115,405.701741,5.8119693e-19,4.42214913e-20,1.7099828799999998e-21
116,405.751181,5.7600523e-19,4.42636501e-20,1.60371297e-21
117,405.80062,5.71407991e-19,4.42634665e-20,1.50315538e-21
118,405.850057,5.67421761e-19,4.42200398e-20,1.41017409e-21
119,405.899494,5.64006027e-19,4.41379463e-20,1.32609961e-21
120,405.948929,5.61071379e-19,4.40266712e-20,1.25158646e-21
121,405.998362,5.58490484e-19,4.38993419e-20,1.1865657299999999e-21
122,406.047795,5.56112375e-19,4.37709621e-20,1.1303260399999999e-21
123,406.097226,5.53778461e-19,4.36564228e-20,1.08169006e-21
124,406.146655,5.51338055e-19,4.35685136e-20,1.0392285099999999e-21
125,406.196084,5.48662826e-19,4.35162495e-20,1.00149195e-21
126,406.245511,5.45658766e-19,4.35036963e-20,9.672144230000001e-22
127,406.294937,5.42273563e-19,4.35293957e-20,9.354458259999999e-22
128,406.344362,5.38499902e-19,4.35864557e-20,9.056155169999999e-22
129,406.393785,5.34373796e-19,4.3663238e-20,8.7751413e-22
130,406.443207,5.29968295e-19,4.37445489e-20,8.51208134e-22
131,406.492628,5.25384363e-19,4.38131589e-20,8.26915287e-22
132,406.542047,5.20739664e-19,4.38514872e-20,8.048643159999999e-22
133,406.591466,5.16156658e-19,4.38432652e-20,7.8516806099999995e-22
134,406.640883,5.11752977e-19,4.37749985e-20,7.677397690000001e-22
135,406.690298,5.07632985e-19,4.36370995e-20,7.52255874e-22
136,406.739713,5.03883097e-19,4.34245582e-20,7.38175742e-22
137,406.789126,5.0057077e-19,4.31371537e-20,7.248071939999999e-22
138,406.838538,4.97745354e-19,4.27791243e-20,7.1139509699999995e-22
139,406.887948,4.9544195e-19,4.23584599e-20,6.9721931500000005e-22
140,406.937357,4.93685798e-19,4.18858273e-20,6.816769e-22
141,406.986765,4.92497199e-19,4.13733836e-20,6.64340085e-22
142,407.036172,4.91895497e-19,4.08335586e-20,6.4498242599999995e-22
143,407.085578,4.91901876e-19,4.0277995e-20,6.23577381e-22
144,407.134982,4.92540631e-19,3.97167667e-20,6.0027765399999995e-22
145,407.184384,4.9383897e-19,3.91579031e-20,5.75382962e-22
146,407.233786,4.95825678e-19,3.86072835e-20,5.49305621e-22
147,407.283186,4.98528498e-19,3.80689428e-20,5.22541795e-22
148,407.332585,5.01971416e-19,3.75454976e-20,4.95638145e-22
149,407.381983,5.061713e-19,3.70388716e-20,4.69164465e-22
150,407.431379,5.11134669e-19,3.6551047e-20,4.43682307e-22
151,407.480775,5.16855292e-19,3.60847412e-20,4.1970909499999997e-22
152,407.530169,5.2331126e-19,3.56440486e-20,3.9768723499999997e-22
153,407.579561,5.30464281e-19,3.52347209e-20,3.77950101e-22
154,407.628952,5.38259409e-19,3.48642138e-20,3.60700331e-22
155,407.678342,5.46625615e-19,3.45413966e-20,3.4600104599999997e-22
156,407.727731,5.55477745e-19,3.42759002e-20,3.33780959e-22
157,407.777119,5.64718968e-19,3.40772082e-20,3.23855104e-22
158,407.826505,5.74243061e-19,3.39536254e-20,3.15958365e-22
159,407.87589,5.83936298e-19,3.39109762e-20,3.09780507e-22
160,407.925273,5.93678275e-19,3.39518685e-20,3.05014184e-22
161,407.974656,6.03342095e-19,3.40750079e-20,3.0139008699999996e-22
162,408.024037,6.12791691e-19,3.42749988e-20,2.9870687e-22
163,408.073416,6.21881736e-19,3.45426508e-20,2.9684815899999997e-22
164,408.122795,6.3045746e-19,3.48657535e-20,2.9578721399999995e-22
165,408.172172,6.38355829e-19,3.52301546e-20,2.95579229e-22
166,408.221548,6.45412225e-19,3.56211142e-20,2.9634385399999997e-22
167,408.270923,6.51468515e-19,3.60245905e-20,2.9824331199999997e-22
168,408.320296,6.56384576e-19,3.64283671e-20,3.0146165100000002e-22
169,408.369668,6.60051181e-19,3.68228786e-20,3.0619196299999996e-22
170,408.419039,6.62401389e-19,3.72015838e-20,3.12636519e-22
171,408.468408,6.63419542e-19,3.75609571e-20,3.2102340099999997e-22
172,408.517777,6.6314572e-19,3.79001698e-20,3.31640657e-22
173,408.567144,6.61674741e-19,3.82204699e-20,3.44881396e-22
174,408.616509,6.5915017e-19,3.85245694e-20,3.6129683200000003e-22
175,408.665874,6.55753848e-19,3.88160293e-20,3.81644621e-22
176,408.715237,6.51693477e-19,3.9098754e-20,4.06919444e-22
177,408.764599,6.4718852e-19,3.93767569e-20,4.3836504e-22
178,408.813959,6.42457566e-19,3.96540572e-20,4.77452907e-22
179,408.863318,6.37706634e-19,3.99348035e-20,5.25838992e-22
180,408.912676,6.3312018e-19,4.02234807e-20,5.852959179999999e-22
181,408.962033,6.28853681e-19,4.05252013e-20,6.57638987e-22
182,409.011388,6.25028024e-19,4.08459796e-20,7.44652788e-22
183,409.060742,6.21724948e-19,4.11929589e-20,8.48035743e-22
184,409.110095,6.18984395e-19,4.15744584e-20,9.6934606e-22
185,409.159447,6.16803312e-19,4.1999832e-20,1.10995488e-21
186,409.208797,6.15137097e-19,4.24790385e-20,1.27097896e-21
187,409.258146,6.13904201e-19,4.30219458e-20,1.4531924e-21
188,409.307494,6.1299475e-19,4.3637292e-20,1.65687496e-21
189,409.35684,6.12282772e-19,4.43314542e-20,1.88162788e-21
190,409.406185,6.11641421e-19,4.51072038e-20,2.12619425e-21
191,409.455529,6.10959768e-19,4.59625206e-20,2.38829314e-21
192,409.504872,6.10158916e-19,4.68898221e-20,2.66457418e-21
193,409.554213,6.09205226e-19,4.78757258e-20,2.95072889e-21
194,409.603553,6.08118355e-19,4.89015898e-20,3.2418334700000002e-21
195,409.652892,6.06972703e-19,4.9944655e-20,3.53286708e-21
196,409.702229,6.05891393e-19,5.09798598e-20,3.81940899e-21
197,409.751565,6.05033118e-19,5.19821281e-20,4.0984165900000005e-21
198,409.8009,6.04573448e-19,5.29286424e-20,4.3688931599999994e-21
199,409.850234,6.04682619e-19,5.38010081e-20,4.6323498899999996e-21
200,409.899566,6.05502683e-19,5.45869071e-20,4.89288631e-21
201,409.948897,6.07127017e-19,5.52811455e-20,5.15682423e-21
202,409.998227,6.09584751e-19,5.58858442e-20,5.4318190399999994e-21
203,410.047555,6.12832095e-19,5.64099612e-20,5.7255618000000005e-21
204,410.096883,6.1675213e-19,5.68682404e-20,6.044244450000001e-21
205,410.146209,6.21161959e-19,5.72796275e-20,6.3909409e-21
206,410.195533,6.25827911e-19,5.76656089e-20,6.76434273e-21
207,410.244856,6.30485518e-19,5.80484615e-20,7.1580209e-21
208,410.294179,6.34862048e-19,5.84496654e-20,7.560470439999999e-21
209,410.343499,6.38698676e-19,5.88885578e-20,7.95601285e-21
210,410.392819,6.41770996e-19,5.93814469e-20,8.32662957e-21
211,410.442137,6.43902855e-19,5.99409246e-20,8.65419953e-21
212,410.491454,6.44975322e-19,6.05757407e-20,8.9230799e-21
213,410.54077,6.44928223e-19,6.12909381e-20,9.122345309999999e-21
214,410.590084,6.43756081e-19,6.20883474e-20,9.24740493e-21
215,410.639397,6.41499422e-19,6.29673781e-20,9.30067614e-21
216,410.688709,6.38233637e-19,6.39258153e-20,9.29119166e-21
217,410.738019,6.34057491e-19,6.49605638e-20,9.23327712e-21
218,410.787329,6.29082521e-19,6.6068181e-20,9.144532460000001e-21
219,410.836637,6.23425982e-19,6.72446799e-20,9.04350085e-21
220,410.885943,6.1720565e-19,6.84850031e-20,8.94735516e-21
221,410.935249,6.10537828e-19,6.97818026e-20,8.86993056e-21
222,410.984553,6.0353829e-19,7.11236542e-20,8.82030502e-21
223,411.033855,5.96322574e-19,7.24935285e-20,8.80198539e-21
224,411.083157,5.89006862e-19,7.38674931e-20,8.8127483e-21
225,411.132457,5.81708866e-19,7.52140469e-20,8.8450702e-21
226,411.181756,5.74545386e-19,7.64949491e-20,8.88708678e-21
227,411.231054,5.67630058e-19,7.76670045e-20,8.92399646e-21
228,411.28035,5.61069346e-19,7.86851268e-20,8.93979894e-21
229,411.329645,5.54957544e-19,7.95062836e-20,8.9192203e-21
230,411.378939,5.49372623e-19,8.00936374e-20,8.84962163e-21
231,411.428232,5.44372195e-19,8.04205543e-20,8.72266805e-21
232,411.477523,5.39990923e-19,8.04738342e-20,8.53552644e-21
233,411.526813,5.36239287e-19,8.02557811e-20,8.29138682e-21
234,411.576102,5.33104901e-19,7.97848489e-20,7.99924916e-21
235,411.625389,5.30555553e-19,7.90948834e-20,7.67298359e-21
236,411.674675,5.28544119e-19,7.82329844e-20,7.32979822e-21
237,411.72396,5.2701538e-19,7.72564048e-20,6.98843218e-21
238,411.773244,5.25913557e-19,7.622875e-20,6.66730883e-21
239,411.822526,5.25190056e-19,7.52159569e-20,6.3829634200000006e-21
240,411.871807,5.24810356e-19,7.42823448e-20,6.14891424e-21
241,411.921087,5.24759308e-19,7.34872876e-20,5.975128929999999e-21
242,411.970365,5.25043866e-19,7.28825442e-20,5.86799106e-21
243,412.019643,5.25692958e-19,7.25104112e-20,5.83065699e-21
244,412.068918,5.26754224e-19,7.24028727e-20,5.86363024e-21
245,412.118193,5.28288368e-19,7.25814173e-20,5.9653204399999996e-21
246,412.167466,5.30361245e-19,7.30576405e-20,6.1324439999999995e-21
247,412.216738,5.33035599e-19,7.38343235e-20,6.36019482e-21
248,412.266009,5.36362973e-19,7.49068156e-20,6.642161179999999e-21
249,412.315279,5.40377449e-19,7.62645101e-20,6.97010007e-21
250,412.364547,5.45091901e-19,7.78921142e-20,7.33369416e-21
251,412.413814,5.50497745e-19,7.977063e-20,7.72049253e-21
252,412.463079,5.56567027e-19,8.1877479e-20,8.11609816e-21
253,412.512344,5.63257801e-19,8.4186236e-20,8.504812469999999e-21
254,412.561607,5.70519176e-19,8.66652156e-20,8.8705919e-21
255,412.610869,5.78297944e-19,8.92763286e-20,9.19845365e-21
256,412.660129,5.86542015e-19,9.19734839e-20,9.475976479999999e-21
257,412.709388,5.95202642e-19,9.47020742e-20,9.69483942e-21
258,412.758646,6.04232576e-19,9.73992021e-20,9.85204482e-21
259,412.807903,6.13582133e-19,9.99955112e-20,9.95066252e-21
260,412.857158,6.23192975e-19,1.02418306e-19,9.99987683e-21
261,412.906412,6.32991891e-19,1.04595948e-19,1.00142568e-20
262,412.955665,6.42883895e-19,1.06462494e-19,1.00122692e-20
263,413.004917,6.52747636e-19,1.07962475e-19,1.0014208e-20
264,413.054167,6.62432789e-19,1.0905497e-19,1.0039797e-20
265,413.103416,6.71761012e-19,1.09716738e-19,1.01058046e-20
266,413.152664,6.80528569e-19,1.09943967e-19,1.0224007299999999e-20
267,413.20191,6.88512368e-19,1.09752916e-19,1.03997805e-20
268,413.251155,6.95478954e-19,1.09179362e-19,1.0631509399999999e-20
269,413.300399,7.01194625e-19,1.08277018e-19,1.09108266e-20
270,413.349641,7.0543791e-19,1.07115099e-19,1.1223612e-20
271,413.398883,7.08013362e-19,1.05774928e-19,1.15516066e-20
272,413.448123,7.08764811e-19,1.04346101e-19,1.18743218e-20
273,413.497361,7.07588943e-19,1.02921728e-19,1.2171195499999999e-20
274,413.546599,7.0444613e-19,1.01593407e-19,1.2423703000000001e-20
275,413.595835,6.99368948e-19,1.00446162e-19,1.261732e-20
276,413.64507,6.92465927e-19,9.95530484e-20,1.2743353e-20
277,413.694303,6.83921198e-19,9.89703644e-20,1.2800421400000001e-20
278,413.743536,6.73987769e-19,9.87332551e-20,1.27955728e-20
279,413.792767,6.62977791e-19,9.8852411e-20,1.27448507e-20
280,413.841996,6.51246023e-19,9.93120341e-20,1.2673188000000001e-20
281,413.891225,6.39170856e-19,1.00069838e-19,1.26134801e-20
282,413.940452,6.27135103e-19,1.01059243e-19,1.26048078e-20
283,413.989678,6.15503301e-19,1.0219439e-19,1.26898135e-20
284,414.038902,6.04603278e-19,1.03377528e-19,1.29114177e-20
285,414.088126,5.94708326e-19,1.04508627e-19,1.33091608e-20
286,414.137348,5.86026179e-19,1.05495724e-19,1.39154552e-20
287,414.186568,5.78690242e-19,1.06265212e-19,1.4752298999999998e-20
288,414.235788,5.72757886e-19,1.06770066e-19,1.5828823999999998e-20
289,414.285006,5.68214624e-19,1.06994779e-19,1.71398654e-20
290,414.334223,5.64981384e-19,1.06956299e-19,1.86662464e-20
291,414.383439,5.62926932e-19,1.06700359e-19,2.03763692e-20
292,414.432653,5.61881957e-19,1.06293862e-19,2.22292617e-20
293,414.481866,5.61653939e-19,1.0581422e-19,2.41787872e-20
294,414.531078,5.62041304e-19,1.05337323e-19,2.6178109399999998e-20
295,414.580288,5.62845166e-19,1.04925782e-19,2.81840766e-20
296,414.629497,5.63878024e-19,1.04619168e-19,3.01609124e-20
297,414.678705,5.64968843e-19,1.04427725e-19,3.20823279e-20
298,414.727912,5.65964907e-19,1.04330367e-19,3.39321898e-20
299,414.777117,5.6673121e-19,1.04277262e-19,3.5703504900000004e-20
300,414.826321,5.67148637e-19,1.04196566e-19,3.73961959e-20
301,414.875524,5.67112055e-19,1.04004236e-19,3.90137478e-20
302,414.924726,5.66529645e-19,1.03615352e-19,4.05596433e-20
303,414.973926,5.65324108e-19,1.0295524e-19,4.20339307e-20
304,415.023125,5.63435811e-19,1.01968633e-19,4.34306313e-20
305,415.072323,5.60827635e-19,1.00625731e-19,4.47361179e-20
306,415.121519,5.57490535e-19,9.89244768e-20,4.5929084e-20
307,415.170714,5.53448298e-19,9.68889497e-20,4.69822501e-20
308,415.219908,5.48760872e-19,9.45649227e-20,4.78655735e-20
309,415.2691,5.43524741e-19,9.20134546e-20,4.85509374e-20
310,415.318292,5.37869301e-19,8.93036151e-20,4.9017682599999994e-20
311,415.367482,5.31950841e-19,8.65063169e-20,4.92579572e-20
312,415.41667,5.25941957e-19,8.36887942e-20,4.92811683e-20
313,415.465858,5.20019428e-19,8.09111109e-20,4.9116259500000004e-20
314,415.515044,5.14352046e-19,7.82247153e-20,4.88112969e-20
315,415.564229,5.09087556e-19,7.56716188e-20,4.8430082799999995e-20
316,415.613412,5.04343183e-19,7.32851313e-20,4.8046324099999996e-20
317,415.662594,5.00198499e-19,7.10905209e-20,4.7736370999999997e-20
318,415.711775,4.96693088e-19,6.9106059e-20,4.75721411e-20
319,415.760955,4.93827971e-19,6.73436549e-20,4.7615713e-20
320,415.810134,4.91570843e-19,6.58092783e-20,4.7916829900000004e-20
321,415.859311,4.89864049e-19,6.4503199e-20,4.85137377e-20
322,415.908487,4.88633808e-19,6.34200568e-20,4.9436889499999994e-20
323,415.957661,4.87799673e-19,6.25492214e-20,5.07139177e-20
324,416.006834,4.8728252e-19,6.1875211e-20,5.2373974400000003e-20
325,416.056006,4.87010656e-19,6.13786146e-20,5.44489603e-20
326,416.105177,4.86923474e-19,6.10373047e-20,5.697015729999999e-20
327,416.154347,4.86972938e-19,6.0827996e-20,5.99595762e-20
328,416.203515,4.87123422e-19,6.07279895e-20,6.341682089999999e-20
329,416.252682,4.87350646e-19,6.07168965e-20,6.73041714e-20
330,416.301847,4.8764039e-19,6.0778141e-20,7.1532576e-20
331,416.351012,4.87987592e-19,6.08999985e-20,7.59535819e-20
332,416.400175,4.88395962e-19,6.1076008e-20,8.035886330000001e-20
333,416.449336,4.88878185e-19,6.13047113e-20,8.44914694e-20
334,416.498497,4.89456242e-19,6.15887374e-20,8.80669714e-20
335,416.547656,4.90161228e-19,6.1933323e-20,9.08022615e-20
336,416.596814,4.91032317e-19,6.23446114e-20,9.244912509999999e-20
337,416.645971,4.92114099e-19,6.28278699e-20,9.282528159999999e-20
338,416.695126,4.93452226e-19,6.33859677e-20,9.183871789999999e-20
339,416.74428,4.95087613e-19,6.40183565e-20,8.950047669999999e-20
340,416.793433,4.97049527e-19,6.47205718e-20,8.592395329999999e-20
341,416.842584,4.99348747e-19,6.54843587e-20,8.131120849999999e-20
342,416.891735,5.0197218e-19,6.62983749e-20,7.59283972e-20
343,416.940883,5.04879351e-19,6.71490387e-20,7.00764751e-20
344,416.990031,5.08003352e-19,6.80218189e-20,6.4058991e-20
345,417.039177,5.11254489e-19,6.89020889e-20,5.815607319999999e-20
346,417.088323,5.14528822e-19,6.9776122e-20,5.26030889e-20
347,417.137466,5.17718383e-19,7.06315042e-20,4.75799227e-20
348,417.186609,5.20723943e-19,7.14576538e-20,4.3206327e-20
349,417.23575,5.23465729e-19,7.22457809e-20,3.95463563e-20
350,417.28489,5.2589283e-19,7.29891011e-20,3.6615303100000005e-20
351,417.334029,5.27987839e-19,7.3682848e-20,3.4389795499999995e-20
352,417.383166,5.29766947e-19,7.43244004e-20,3.28175174e-20
353,417.432302,5.31275386e-19,7.49134674e-20,3.1825741899999997e-20
354,417.481437,5.32578857e-19,7.54521518e-20,3.13284953e-20
355,417.530571,5.33752989e-19,7.59449476e-20,3.12321172e-20
356,417.579703,5.34872552e-19,7.63985194e-20,3.1439945100000004e-20
357,417.628834,5.36002428e-19,7.68212891e-20,3.18566149e-20
358,417.677963,5.37191478e-19,7.72227475e-20,3.23922394e-20
359,417.727092,5.38470254e-19,7.76127064e-20,3.2966522e-20
360,417.776219,5.39851822e-19,7.80004193e-20,3.3512322299999995e-20
361,417.825345,5.41335385e-19,7.83939031e-20,3.39784704e-20
362,417.874469,5.42910675e-19,7.87993563e-20,3.43310866e-20
363,417.923593,5.4456229e-19,7.92209228e-20,3.45533623e-20
364,417.972715,5.46272171e-19,7.96606419e-20,3.46436514e-20
365,418.021835,5.48020462e-19,8.01187684e-20,3.46123556e-20
366,418.070955,5.49784183e-19,8.05942443e-20,3.44779997e-20
367,418.120073,5.5153433e-19,8.10852214e-20,3.42632433e-20
368,418.16919,5.53233144e-19,8.15897245e-20,3.39913583e-20
369,418.218305,5.54831823e-19,8.21061304e-20,3.3683670999999996e-20
370,418.26742,5.5627057e-19,8.26336012e-20,3.33581113e-20
371,418.316533,5.57480978e-19,8.31721853e-20,3.3028957900000003e-20
372,418.365645,5.58391855e-19,8.37228132e-20,3.2707383199999997e-20
373,418.414755,5.58937389e-19,8.42868742e-20,3.2402587200000005e-20
374,418.463864,5.59067264e-19,8.48655886e-20,3.21229438e-20
375,418.512972,5.58757003e-19,8.54590155e-20,3.18768499e-20
376,418.562079,5.58017009e-19,8.60648812e-20,3.16728959e-20
377,418.611184,5.56898471e-19,8.66772832e-20,3.1519251899999996e-20
378,418.660288,5.55494575e-19,8.72855198e-20,3.14223064e-20
379,418.709391,5.53936389e-19,8.78731378e-20,3.13848509e-20
380,418.758492,5.52383264e-19,8.84175336e-20,3.1404181499999996e-20
381,418.807592,5.51008584e-19,8.88902857e-20,3.1470630699999997e-20
382,418.856691,5.49982955e-19,8.92582102e-20,3.15669772e-20
383,418.905789,5.494568e-19,8.94852406e-20,3.16690435e-20
384,418.954885,5.49544946e-19,8.95349252e-20,3.1747567299999996e-20
385,419.00398,5.5031535e-19,8.93732973e-20,3.17711651e-20
386,419.053074,5.51783416e-19,8.89717641e-20,3.17099264e-20
387,419.102167,5.53912333e-19,8.83097062e-20,3.15390487e-20
388,419.151258,5.56618946e-19,8.73764774e-20,3.12418588e-20
389,419.200348,5.59784125e-19,8.61724995e-20,3.0811640899999996e-20
390,419.249437,5.6326527e-19,8.47095303e-20,3.02520041e-20
391,419.298524,5.66909449e-19,8.30100274e-20,2.9575742299999995e-20
392,419.34761,5.70565688e-19,8.11056386e-20,2.8802416e-20
393,419.396695,5.74094612e-19,7.90353655e-20,2.79552998e-20
394,419.445778,5.7737569e-19,7.68433835e-20,2.70582194e-20
395,419.494861,5.80312256e-19,7.45766255e-20,2.61328195e-20
396,419.543942,5.82833829e-19,7.22830126e-20,2.51969932e-20
397,419.593021,5.84897841e-19,7.00093513e-20,2.4264233399999998e-20
398,419.6421,5.86489796e-19,6.77997953e-20,2.33442019e-20
399,419.691177,5.87622277e-19,6.56948572e-20,2.24442291e-20
400,419.740253,5.88333127e-19,6.37300613e-20,2.1570936e-20
401,419.789327,5.88681618e-19,6.19353467e-20,2.0731938699999998e-20
402,419.8384,5.88742996e-19,6.03343333e-20,1.99367862e-20
403,419.887472,5.88601297e-19,5.89441801e-20,1.91970948e-20
404,419.936543,5.88341248e-19,5.77756987e-20,1.8525569999999997e-20
405,419.985612,5.8804031e-19,5.68340339e-20,1.79341391e-20
406,420.034681,5.87762127e-19,5.61197802e-20,1.74314586e-20
407,420.083747,5.87552663e-19,5.56307222e-20,1.70205012e-20
408,420.132813,5.87439498e-19,5.53634725e-20,1.66964725e-20
409,420.181877,5.87434438e-19,5.53151826e-20,1.64459759e-20
410,420.23094,5.87538391e-19,5.54844446e-20,1.62473998e-20
411,420.280002,5.87747177e-19,5.58712815e-20,1.6072848e-20
412,420.329062,5.88056515e-19,5.64758675e-20,1.58912645e-20
413,420.378122,5.88464775e-19,5.72961436e-20,1.5672284299999998e-20
414,420.42718,5.88972512e-19,5.832445e-20,1.53902112e-20
415,420.476236,5.89578986e-19,5.95441261e-20,1.50273518e-20
416,420.525291,5.90276439e-19,6.09266252e-20,1.45762057e-20
417,420.574345,5.91043738e-19,6.24299449e-20,1.40401721e-20
418,420.623398,5.9184133e-19,6.39991032e-20,1.3432676199999999e-20
419,420.67245,5.9260914e-19,6.55688222e-20,1.27749481e-20
420,420.7215,5.93268511e-19,6.70682055e-20,1.2092885199999999e-20
421,420.770549,5.93728472e-19,6.84269368e-20,1.1413460300000001e-20
422,420.819596,5.93895506e-19,6.95817204e-20,1.07613773e-20
423,420.868643,5.93685552e-19,7.04823736e-20,1.01562236e-20
424,420.917688,5.93036297e-19,7.10961292e-20,9.61072824e-21
425,420.966732,5.91917871e-19,7.14101038e-20,9.12995211e-21
426,421.015774,5.90340433e-19,7.14312335e-20,8.71173033e-21
427,421.064815,5.8835739e-19,7.11842391e-20,8.34796612e-21
428,421.113855,5.86064187e-19,7.07080521e-20,8.026667130000001e-21
429,421.162894,5.83592617e-19,7.00515075e-20,7.73427091e-21
430,421.211931,5.81101517e-19,6.92690107e-20,7.457945239999999e-21
431,421.260967,5.78764584e-19,6.84166707e-20,7.187484769999999e-21
432,421.310002,5.76756956e-19,6.7549377e-20,6.91659837e-21
433,421.359036,5.75241177e-19,6.67187372e-20,6.64338406e-21
434,421.408068,5.74353858e-19,6.59718305e-20,6.370015219999999e-21
435,421.457099,5.74193872e-19,6.53504619e-20,6.10172306e-21
436,421.506128,5.74813187e-19,6.48908649e-20,5.8453608e-21
437,421.555157,5.7621095e-19,6.46234978e-20,5.6077478000000006e-21
438,421.604184,5.78331404e-19,6.45731337e-20,5.3941989699999996e-21
439,421.65321,5.81066565e-19,6.47591259e-20,5.20736176e-21
440,421.702234,5.8426321e-19,6.5196161e-20,5.04666281e-21
441,421.751257,5.8773458e-19,6.58955503e-20,4.90833724e-21
442,421.800279,5.91275168e-19,6.68670233e-20,4.7860627e-21
443,421.8493,5.94677789e-19,6.81208723e-20,4.67201732e-21
444,421.89832,5.97750803e-19,6.96700229e-20,4.55817368e-21
445,421.947338,6.0033343e-19,7.15314117e-20,4.43759106e-21
446,421.996354,6.0230748e-19,7.37261607e-20,4.30547466e-21
447,422.04537,6.0360375e-19,7.62779104e-20,4.1598387899999996e-21
448,422.094384,6.04202526e-19,7.92085934e-20,4.00170496e-21
449,422.143397,6.04129034e-19,8.25328123e-20,3.83477446e-21
450,422.192409,6.03444319e-19,8.62502599e-20,3.6647262700000004e-21
451,422.241419,6.02233842e-19,9.03380102e-20,3.49824113e-21
452,422.290429,6.0059547e-19,9.47443514e-20,3.34192509e-21
453,422.339436,5.98629222e-19,9.93842665e-20,3.20136207e-21
454,422.388443,5.96429129e-19,1.04140549e-19,3.08034362e-21
455,422.437448,5.94079258e-19,1.08867515e-19,2.98049855e-21
456,422.486452,5.91652247e-19,1.13400992e-19,2.9012373999999998e-21
457,422.535455,5.89210956e-19,1.17570651e-19,2.84006959e-21
458,422.584457,5.86811508e-19,1.21214639e-19,2.79316701e-21
459,422.633457,5.84506911e-19,1.24193765e-19,2.75607331e-21
460,422.682456,5.82350014e-19,1.26403552e-19,2.72442198e-21
461,422.731453,5.80395582e-19,1.27781868e-19,2.6945523799999996e-21
462,422.78045,5.78700329e-19,1.28312059e-19,2.66392439e-21
463,422.829445,5.7732165e-19,1.28020863e-19,2.63130466e-21
464,422.878438,5.76314257e-19,1.26972509e-19,2.5967151199999998e-21
465,422.927431,5.75725917e-19,1.25259749e-19,2.5612022200000002e-21
466,422.976422,5.75592665e-19,1.22994071e-19,2.52649997e-21
467,423.025412,5.7593403e-19,1.20295774e-19,2.49464992e-21
468,423.0744,5.76749452e-19,1.1728583e-19,2.46766189e-21
469,423.123388,5.78016518e-19,1.14079235e-19,2.44724475e-21
470,423.172374,5.79691325e-19,1.10781191e-19,2.4346392600000002e-21
471,423.221359,5.81711623e-19,1.07484254e-19,2.43053832e-21
472,423.270342,5.84001893e-19,1.04267649e-19,2.4350921099999997e-21
473,423.319324,5.86480266e-19,1.01196918e-19,2.44797176e-21
474,423.368305,5.89065693e-19,9.83245435e-20,2.46847549e-21
475,423.417285,5.91684716e-19,9.56905485e-20,2.49566076e-21
476,423.466263,5.94276564e-19,9.33233466e-20,2.52848978e-21
477,423.51524,5.96796219e-19,9.12405365e-20,2.5659805200000002e-21
478,423.564216,5.99214703e-19,8.94501797e-20,2.60734697e-21
479,423.613191,6.01517444e-19,8.79520691e-20,2.65212568e-21
480,423.662164,6.03701111e-19,8.67392642e-20,2.7002788899999998e-21
481,423.711136,6.05770114e-19,8.57996371e-20,2.7522763400000002e-21
482,423.760107,6.07733208e-19,8.51175702e-20,2.8091462e-21
483,423.809076,6.09601183e-19,8.46753851e-20,2.87250444e-21
484,423.858044,6.11385747e-19,8.44544967e-20,2.9445648e-21
485,423.907011,6.13098926e-19,8.44362842e-20,3.02811555e-21
486,423.955976,6.14752629e-19,8.46025309e-20,3.1264677100000003e-21
487,424.004941,6.1635761e-19,8.49355601e-20,3.2433759599999996e-21
488,424.053904,6.17920706e-19,8.54180459e-20,3.3828971699999997e-21
489,424.102865,6.19441015e-19,8.60326951e-20,3.54924107e-21
490,424.151826,6.20904793e-19,8.67618482e-20,3.7465907499999994e-21
491,424.200785,6.22280086e-19,8.7586987e-20,3.9788889099999996e-21
492,424.249743,6.23512985e-19,8.84885698e-20,4.24968383e-21
493,424.298699,6.24526058e-19,8.94459508e-20,4.5619435e-21
494,424.347655,6.25220509e-19,9.04378405e-20,4.9179313199999994e-21
495,424.396609,6.25481899e-19,9.14429801e-20,5.3189904999999996e-21
496,424.445561,6.25189476e-19,9.24415307e-20,5.7653675e-21
497,424.494513,6.24227513e-19,9.34167228e-20,6.25593108e-21
498,424.543463,6.22497536e-19,9.43565885e-20,6.78774233e-21
499,424.592412,6.19929359e-19,9.52559041e-20,7.35570178e-21
500,424.641359,6.16489913e-19,9.61175481e-20,7.95209936e-21
501,424.690306,6.12188099e-19,9.69534213e-20,8.56640584e-21
502,424.739251,6.07076458e-19,9.77843195e-20,9.18517446e-21
503,424.788195,6.01247677e-19,9.8639122e-20,9.792484699999999e-21
504,424.837137,5.94828495e-19,9.95528774e-20,1.03706797e-20
505,424.886078,5.87969741e-19,1.00564313e-19,1.09016658e-20
506,424.935018,5.80835188e-19,1.01712727e-19,1.1368509199999999e-20
507,424.983957,5.73588908e-19,1.0303477e-19,1.17573244e-20
508,425.032894,5.66382993e-19,1.0456128e-19,1.20591804e-20
509,425.08183,5.59345875e-19,1.06314691e-19,1.22718277e-20
510,425.130765,5.52573852e-19,1.08306935e-19,1.24009325e-20
511,425.179698,5.46125378e-19,1.10538316e-19,1.2460681299999998e-20
512,425.22863,5.40018908e-19,1.12997572e-19,1.2473571500000001e-20
513,425.277561,5.34235755e-19,1.15662767e-19,1.24693292e-20
514,425.326491,5.28726393e-19,1.18503368e-19,1.24830248e-20
515,425.375419,5.23420243e-19,1.21483052e-19,1.25525219e-20
516,425.424346,5.18237067e-19,1.2456328e-19,1.2715501499999999e-20
517,425.473272,5.13099521e-19,1.27706604e-19,1.3006329399999999e-20
518,425.522197,5.07944181e-19,1.30879831e-19,1.34530543e-20
519,425.57112,5.02730312e-19,1.34056212e-19,1.40747807e-20
520,425.620042,4.97444743e-19,1.37216669e-19,1.48797002e-20
521,425.668963,4.92103489e-19,1.4034919e-19,1.5863837e-20
522,425.717882,4.86749331e-19,1.43446996e-19,1.70107024e-20
523,425.7668,4.81446034e-19,1.4650572e-19,1.82920007e-20
524,425.815717,4.76271197e-19,1.49519487e-19,1.96691659e-20
525,425.864632,4.71307942e-19,1.52477105e-19,2.10958172e-20
526,425.913547,4.66636513e-19,1.55359055e-19,2.2521008399999998e-20
527,425.96246,4.6232824e-19,1.58135019e-19,2.38925061e-20
528,426.011371,4.58440203e-19,1.60763838e-19,2.5160412e-20
529,426.060282,4.55013004e-19,1.63194948e-19,2.62801537e-20
530,426.109191,4.52071469e-19,1.65371373e-19,2.72145959e-20
531,426.158099,4.49626867e-19,1.67234883e-19,2.79355533e-20
532,426.207005,4.47682011e-19,1.68731541e-19,2.84241678e-20
533,426.25591,4.46237206e-19,1.69817913e-19,2.86708036e-20
534,426.304814,4.4529701e-19,1.70466558e-19,2.8674520700000004e-20
535,426.353717,4.44876148e-19,1.70670567e-19,2.84425832e-20
536,426.402619,4.4500373e-19,1.7044641e-19,2.79900847e-20
537,426.451519,4.45724703e-19,1.69834873e-19,2.7339674099999996e-20
538,426.500418,4.47097969e-19,1.68899947e-19,2.6521076499999997e-20
539,426.549315,4.49190886e-19,1.67725949e-19,2.55702163e-20
540,426.598211,4.52070901e-19,1.66412997e-19,2.4527456399999997e-20
541,426.647106,4.55794988e-19,1.65071471e-19,2.34351046e-20
542,426.696,4.60398709e-19,1.63815667e-19,2.23342005e-20
543,426.744893,4.65886452e-19,1.62757117e-19,2.12611415e-20
544,426.793784,4.72224279e-19,1.61997966e-19,2.0244790500000002e-20
545,426.842674,4.79337194e-19,1.61624684e-19,1.9304578e-20
546,426.891562,4.87109928e-19,1.6170271e-19,1.84502388e-20
547,426.94045,4.95393225e-19,1.62272274e-19,1.76829251e-20
548,426.989336,5.04011682e-19,1.63345883e-19,1.69977628e-20
549,427.03822,5.12775972e-19,1.64907933e-19,1.63868061e-20
550,427.087104,5.21495043e-19,1.66916717e-19,1.58419859e-20
551,427.135986,5.29986832e-19,1.69308418e-19,1.53573122e-20
552,427.184867,5.38089946e-19,1.72003655e-19,1.49297152e-20
553,427.233747,5.45671275e-19,1.7491508e-19,1.45587335e-20
554,427.282625,5.52631807e-19,1.77955721e-19,1.42451529e-20
555,427.331502,5.58909973e-19,1.81047097e-19,1.3989165e-20
556,427.380378,5.64481109e-19,1.84125421e-19,1.37887155e-20
557,427.429252,5.69354437e-19,1.87145387e-19,1.36385048e-20
558,427.478125,5.73567467e-19,1.9008078e-19,1.35299696e-20
559,427.526997,5.77177402e-19,1.92920991e-19,1.34522896e-20
560,427.575868,5.80251411e-19,1.95664275e-19,1.33941269e-20
561,427.624737,5.82856239e-19,1.98308243e-19,1.33456748e-20
562,427.673605,5.85048767e-19,2.00839363e-19,1.3300501299999998e-20
563,427.722472,5.86868209e-19,2.0322278e-19,1.3256756999999999e-20
564,427.771338,5.88331482e-19,2.05394998e-19,1.32174658e-20
565,427.820202,5.89431973e-19,2.07260762e-19,1.3189853300000001e-20
566,427.869065,5.9014184e-19,2.08695442e-19,1.3183869e-20
567,427.917927,5.90417062e-19,2.09552585e-19,1.32102291e-20
568,427.966787,5.90204596e-19,2.09676191e-19,1.3278367499999999e-20
569,428.015646,5.89450315e-19,2.08915748e-19,1.3394686499999999e-20
570,428.064504,5.88106683e-19,2.07141802e-19,1.35613976e-20
571,428.11336,5.86139336e-19,2.04260018e-19,1.37761177e-20
572,428.162216,5.83531706e-19,2.00221455e-19,1.4032271e-20
573,428.21107,5.80288144e-19,1.95028999e-19,1.4320110400000002e-20
574,428.259922,5.76434513e-19,1.88738099e-19,1.46282584e-20
575,428.308774,5.72017076e-19,1.81453192e-19,1.4945412400000002e-20
576,428.357624,5.67100449e-19,1.73321682e-19,1.52618949e-20
577,428.406473,5.61763e-19,1.64523565e-19,1.55709048e-20
578,428.45532,5.56092116e-19,1.55261387e-19,1.58690858e-20
579,428.504167,5.50177542e-19,1.45748002e-19,1.61564204e-20
580,428.553012,5.44105643e-19,1.36196758e-19,1.64353021e-20
581,428.601855,5.37952339e-19,1.26809969e-19,1.67090613e-20
582,428.650698,5.31777759e-19,1.17769835e-19,1.6980089700000002e-20
583,428.699539,5.25623576e-19,1.09232261e-19,1.72479317e-20
584,428.748379,5.19511282e-19,1.01320419e-19,1.7507858200000002e-20
585,428.797217,5.13444886e-19,9.41230471e-20,1.77501541e-20
586,428.846055,5.0741509e-19,8.76937537e-20,1.79604795e-20
587,428.894891,5.0140698e-19,8.20546202e-20,1.81212369e-20
588,428.943725,4.95407e-19,7.72000823e-20,1.82138709e-20
589,428.992559,4.89410304e-19,7.31033194e-20,1.82215894e-20
590,429.041391,4.8342728e-19,6.97236476e-20,1.81320226e-20
591,429.090222,4.77486118e-19,6.70125208e-20,1.79392769e-20
592,429.139051,4.71634195e-19,6.49194696e-20,1.76449547e-20
593,429.18788,4.65935825e-19,6.33956863e-20,1.7257923899999998e-20
594,429.236707,4.60469696e-19,6.23960494e-20,1.67930297e-20
595,429.285533,4.55323757e-19,6.18785253e-20,1.6268929999999997e-20
596,429.334357,4.50591491e-19,6.18021725e-20,1.5705749400000002e-20
597,429.38318,4.46367832e-19,6.21238394e-20,1.51229088e-20
598,429.432002,4.42746766e-19,6.27946687e-20,1.4537698e-20
599,429.480823,4.39819417e-19,6.37572492e-20,1.396466e-20
600,429.529642,4.37672841e-19,6.49443009e-20,1.3415776700000001e-20
601,429.57846,4.36388718e-19,6.62795849e-20,1.2901098000000001e-20
602,429.627277,4.36041907e-19,6.76809718e-20,1.24295183e-20
603,429.676092,4.36697934e-19,6.90655483e-20,1.20092012e-20
604,429.724907,4.38409674e-19,7.0356086e-20,1.1647407399999999e-20
605,429.77372,4.41213026e-19,7.14873913e-20,1.13498064e-20
606,429.822531,4.45122418e-19,7.24120706e-20,1.11192569e-20
607,429.871342,4.50126629e-19,7.31041433e-20,1.0954573100000001e-20
608,429.920151,4.56184611e-19,7.35600142e-20,1.08496319e-20
609,429.968959,4.63223998e-19,7.37968896e-20,1.07931163e-20
610,430.017765,4.71140276e-19,7.3848566e-20,1.0769183999999999e-20
611,430.06657,4.79799228e-19,7.37595478e-20,1.07589856e-20
612,430.115374,4.89040537e-19,7.35783234e-20,1.07428382e-20
613,430.164177,4.98683942e-19,7.33508478e-20,1.07026559e-20
614,430.212978,5.08536664e-19,7.3115098e-20,1.06241952e-20
615,430.261778,5.18402652e-19,7.28973294e-20,1.0498682199999999e-20
616,430.310577,5.28090925e-19,7.27104198e-20,1.0323540599999999e-20
617,430.359375,5.37424203e-19,7.25542564e-20,1.01021059e-20
618,430.408171,5.46245833e-19,7.24179108e-20,9.842437270000001e-21
619,430.456966,5.54425431e-19,7.22830771e-20,9.555480099999999e-21
620,430.50576,5.61860919e-19,7.21281672e-20,9.253027900000001e-21
621,430.554552,5.68478671e-19,7.19323893e-20,8.945857890000001e-21
622,430.603343,5.74231829e-19,7.16792373e-20,8.64237864e-21
623,430.652133,5.79096272e-19,7.13590217e-20,8.348051809999999e-21
624,430.700922,5.83066672e-19,7.09702169e-20,8.06554559e-21
625,430.749709,5.86152682e-19,7.05196632e-20,7.79550204e-21
626,430.798495,5.88376357e-19,7.00217445e-20,7.5376043e-21
627,430.84728,5.8977031e-19,6.94968912e-20,7.29166971e-21
628,430.896063,5.90377073e-19,6.89696011e-20,7.0584224e-21
629,430.944845,5.90248648e-19,6.84661746e-20,6.83976315e-21
630,430.993626,5.89445416e-19,6.80124082e-20,6.63853841e-21
631,431.042406,5.88034017e-19,6.76312162e-20,6.4578628699999995e-21
632,431.091184,5.86083886e-19,6.73403146e-20,6.3002350200000005e-21
633,431.139961,5.836625e-19,6.71500432e-20,6.16667915e-21
634,431.188737,5.80830437e-19,6.70615872e-20,6.05617662e-21
635,431.237511,5.77636882e-19,6.70657871e-20,5.9654979700000006e-21
636,431.286285,5.74116269e-19,6.71428723e-20,5.8894780800000004e-21
637,431.335056,5.70287837e-19,6.72633281e-20,5.82168349e-21
638,431.383827,5.66156155e-19,6.73900164e-20,5.75526445e-21
639,431.432596,5.6171542e-19,6.74813648e-20,5.68386778e-21
640,431.481364,5.56953754e-19,6.74953655e-20,5.60237806e-21
641,431.530131,5.51859169e-19,6.73938001e-20,5.507412769999999e-21
642,431.578897,5.46424937e-19,6.71461429e-20,5.3975003e-21
643,431.627661,5.40654292e-19,6.67325907e-20,5.27297037e-21
644,431.676424,5.34563305e-19,6.61457917e-20,5.1356103100000004e-21
645,431.725185,5.28183047e-19,6.53912064e-20,4.9882061199999996e-21
646,431.773946,5.21559148e-19,6.44860339e-20,4.83401752e-21
647,431.822705,5.14751643e-19,6.34572816e-20,4.67632337e-21
648,431.871463,5.0783199e-19,6.23389646e-20,4.51801305e-21
649,431.920219,5.00881095e-19,6.1169316e-20,4.3613374299999994e-21
650,431.968974,4.93985827e-19,5.9987957e-20,4.20776805e-21
651,432.017728,4.87236571e-19,5.88335999e-20,4.058013630000001e-21
652,432.066481,4.80724509e-19,5.77421225e-20,3.9121409599999994e-21
653,432.115232,4.74539626e-19,5.67451221e-20,3.7697865599999996e-21
654,432.163982,4.68768748e-19,5.58687385e-20,3.63039608e-21
655,432.212731,4.63494834e-19,5.51328634e-20,3.49346954e-21
656,432.261479,4.58796021e-19,5.45504521e-20,3.35873578e-21
657,432.310225,4.54744911e-19,5.4127062e-20,3.22624258e-21
658,432.35897,4.51407268e-19,5.38606138e-20,3.09633854e-21
659,432.407714,4.48840791e-19,5.37415729e-20,2.96959288e-21
660,432.456456,4.47092984e-19,5.3753542e-20,2.84666606e-21
661,432.505197,4.46198556e-19,5.38743868e-20,2.72817782e-21
662,432.553937,4.46176947e-19,5.40778702e-20,2.61463285e-21
663,432.602676,4.47029929e-19,5.43356722e-20,2.5063964099999998e-21
664,432.651413,4.48739961e-19,5.46196125e-20,2.4037294199999998e-21
665,432.700149,4.51269822e-19,5.49038562e-20,2.3068444899999997e-21
666,432.748884,4.54563462e-19,5.51667893e-20,2.21597003e-21
667,432.797617,4.5854822e-19,5.53924035e-20,2.1313722300000002e-21
668,432.846349,4.63138574e-19,5.55710546e-20,2.05332301e-21
669,432.89508,4.68240229e-19,5.56995228e-20,1.9820350599999996e-21
670,432.94381,4.73754775e-19,5.57805015e-20,1.9175690199999998e-21
671,432.992538,4.79583917e-19,5.58216388e-20,1.85975518e-21
672,433.041265,4.85633462e-19,5.58343281e-20,1.80815072e-21
673,433.089991,4.91815543e-19,5.58324199e-20,1.76206018e-21
674,433.138715,4.98049961e-19,5.58310087e-20,1.72060407e-21
675,433.187438,5.04264746e-19,5.58453702e-20,1.68281754e-21
676,433.23616,5.10394956e-19,5.58900897e-20,1.6477559299999999e-21
677,433.284881,5.16381275e-19,5.59783869e-20,1.6145679499999998e-21
678,433.3336,5.22167985e-19,5.61216401e-20,1.5825227599999999e-21
679,433.382318,5.27701349e-19,5.63291479e-20,1.5509848199999998e-21
680,433.431035,5.32927508e-19,5.66081413e-20,1.51935932e-21
681,433.47975,5.3779128e-19,5.69640972e-20,1.4870311999999999e-21
682,433.528465,5.42236105e-19,5.74013909e-20,1.45332866e-21
683,433.577177,5.4620389e-19,5.79240895e-20,1.41754579e-21
684,433.625889,5.49637874e-19,5.85370019e-20,1.37900994e-21
685,433.674599,5.52485059e-19,5.92463738e-20,1.33721036e-21
686,433.723308,5.54701666e-19,6.00603838e-20,1.29192938e-21
687,433.772016,5.56258962e-19,6.0988856e-20,1.24336197e-21
688,433.820723,5.57150283e-19,6.20422338e-20,1.19217589e-21
689,433.869428,5.57398063e-19,6.32297149e-20,1.13949623e-21
690,433.918132,5.57060032e-19,6.45568516e-20,1.08680437e-21
691,433.966835,5.56233505e-19,6.60227207e-20,1.03577829e-21
692,434.015536,5.55056994e-19,6.76173121e-20,9.88094686e-22
693,434.064236,5.53708258e-19,6.93196987e-20,9.452298700000001e-22
694,434.112935,5.52398719e-19,7.10971375e-20,9.08301945e-22
695,434.161632,5.51364127e-19,7.29056884e-20,8.77967642e-22
696,434.210329,5.50851915e-19,7.46925293e-20,8.54384658e-22
697,434.259023,5.5110628e-19,7.63992287e-20,8.372435400000001e-22
698,434.307717,5.5235164e-19,7.79667395e-20,8.25838897e-22
699,434.35641,5.54775874e-19,7.93401207e-20,8.191797830000001e-22
700,434.405101,5.58514303e-19,8.04736325e-20,8.16105923e-22
701,434.45379,5.63636009e-19,8.13349268e-20,8.15404275e-22
702,434.502479,5.70133676e-19,8.19079288e-20,8.159145210000001e-22
703,434.551166,5.77916835e-19,8.21940852e-20,8.16617608e-22
704,434.599852,5.86812121e-19,8.22121479e-20,8.167046010000001e-22
705,434.648537,5.96568132e-19,8.19963285e-20,8.15622702e-22
706,434.69722,6.06866774e-19,8.15933962e-20,8.13095714e-22
707,434.745902,6.17340926e-19,8.1059041e-20,8.09116627e-22
708,434.794583,6.27595316e-19,8.04540629e-20,8.03913365e-22
709,434.843263,6.37231012e-19,7.98407264e-20,7.978920009999999e-22
710,434.891941,6.45870341e-19,7.92795954e-20,7.915665079999999e-22
711,434.940618,6.5318117e-19,7.88269273e-20,7.85486214e-22
712,434.989294,6.58896674e-19,7.85327626e-20,7.80174394e-22
713,435.037968,6.62830859e-19,7.84395047e-20,7.76085927e-22
714,435.086641,6.64888088e-19,7.85809446e-20,7.73587845e-22
715,435.135313,6.65065336e-19,7.89816815e-20,7.72960716e-22
716,435.183984,6.6344824e-19,7.96568835e-20,7.74411445e-22
717,435.232653,6.6020095e-19,8.06124762e-20,7.780871159999999e-22
718,435.281321,6.55550494e-19,8.18459837e-20,7.84080572e-22
719,435.329988,6.49767644e-19,8.33479721e-20,7.92422373e-22
720,435.378653,6.43145655e-19,8.51042647e-20,8.03061308e-22
721,435.427318,6.35978101e-19,8.70989978e-20,8.158433589999999e-22
722,435.475981,6.28540012e-19,8.93176357e-20,8.30498166e-22
723,435.524642,6.21070729e-19,9.17503609e-20,8.46651546e-22
724,435.573302,6.13762644e-19,9.4394481e-20,8.63868458e-22
725,435.621962,6.06755656e-19,9.72553741e-20,8.81728653e-22
726,435.670619,6.00137595e-19,1.00345194e-19,8.99925897e-22
727,435.719276,5.93947526e-19,1.03680092e-19,9.18380763e-22
728,435.767931,5.88185468e-19,1.07273849e-19,9.37332115e-22
729,435.816585,5.82821381e-19,1.11130939e-19,9.57400162e-22
730,435.865237,5.77806036e-19,1.15237907e-19,9.79591546e-22
731,435.913889,5.73079831e-19,1.19556178e-19,1.0052498e-21
732,435.962539,5.68580753e-19,1.24015723e-19,1.0359444200000001e-21
733,436.011188,5.64248792e-19,1.28513313e-19,1.07332591e-21
734,436.059835,5.60029475e-19,1.32914036e-19,1.1189584300000001e-21
735,436.108481,5.55874774e-19,1.37058124e-19,1.1741673e-21
736,436.157126,5.51743353e-19,1.40771205e-19,1.2399122299999999e-21
737,436.20577,5.47599602e-19,1.43877792e-19,1.31670837e-21
738,436.254412,5.43412332e-19,1.46215861e-19,1.4045933500000001e-21
739,436.303053,5.39152894e-19,1.47650955e-19,1.5031442300000001e-21
740,436.351693,5.34793819e-19,1.4808756e-19,1.6115156999999998e-21
741,436.400332,5.30307387e-19,1.47477073e-19,1.72850349e-21
742,436.448969,5.25664936e-19,1.45821413e-19,1.85261328e-21
743,436.497605,5.20836654e-19,1.43172147e-19,1.98214516e-21
744,436.54624,5.15793009e-19,1.39625948e-19,2.11526896e-21
745,436.594873,5.1050709e-19,1.35317168e-19,2.25011524e-21
746,436.643505,5.04957618e-19,1.30408178e-19,2.3848862e-21
747,436.692136,4.99133231e-19,1.25079286e-19,2.5179608e-21
748,436.740766,4.9303638e-19,1.19518301e-19,2.64801761e-21
749,436.789394,4.86686754e-19,1.13910813e-19,2.77415285e-21
750,436.838021,4.8012278e-19,1.08431012e-19,2.8960015599999998e-21
751,436.886647,4.73401952e-19,1.03234537e-19,3.01382822e-21
752,436.935271,4.66598594e-19,9.84525559e-20,3.1286041e-21
753,436.983894,4.59799117e-19,9.41874082e-20,3.2420615499999998e-21
754,437.032516,4.53096532e-19,9.05109598e-20,3.35669423e-21
755,437.081137,4.46583553e-19,8.74647817e-20,3.47571404e-21
756,437.129756,4.40346015e-19,8.50628158e-20,3.602935e-21
757,437.178374,4.34456669e-19,8.32960762e-20,3.7425864e-21
758,437.226991,4.2897135e-19,8.21395804e-20,3.89902362e-21
759,437.275606,4.23926678e-19,8.15603299e-20,4.076363e-21
760,437.32422,4.19339589e-19,8.15257475e-20,4.27806858e-21
761,437.372833,4.15209465e-19,8.20115894e-20,4.50649686e-21
762,437.421445,4.11521441e-19,8.3007982e-20,4.76248482e-21
763,437.470055,4.08251126e-19,8.4522571e-20,5.0450192099999995e-21
764,437.518664,4.0536984e-19,8.65800577e-20,5.35107754e-21
765,437.567272,4.02850694e-19,8.92174076e-20,5.67563027e-21
766,437.615878,4.00674446e-19,9.24750301e-20,6.01187687e-21
767,437.664483,3.98834961e-19,9.63849817e-20,6.3517225e-21
768,437.713087,3.97344301e-19,1.00957053e-19,6.68639967e-21
769,437.76169,3.96236574e-19,1.06165332e-19,7.007245369999999e-21
770,437.810291,3.95570416e-19,1.11937175e-19,7.30651792e-21
771,437.858891,3.954296e-19,1.18147475e-19,7.578206629999999e-21
772,437.90749,3.95921612e-19,1.24618799e-19,7.81869154e-21
773,437.956088,3.97173766e-19,1.31129377e-19,8.02725559e-21
774,438.004684,3.99326855e-19,1.374279e-19,8.20637378e-21
775,438.053279,4.02526675e-19,1.43254293e-19,8.361792059999999e-21
776,438.101872,4.06913319e-19,1.48362324e-19,8.502367959999999e-21
777,438.150465,4.12609748e-19,1.52542701e-19,8.639761470000001e-21
778,438.199056,4.19708831e-19,1.55641078e-19,8.78794804e-21
779,438.247646,4.28262493e-19,1.5757091e-19,8.96266836e-21
780,438.296234,4.38271286e-19,1.58317344e-19,9.18076878e-21
781,438.344821,4.49678374e-19,1.57933688e-19,9.459518119999999e-21
782,438.393407,4.62366289e-19,1.56531017e-19,9.81585299e-21
783,438.441992,4.76159056e-19,1.54263655e-19,1.0265596299999999e-20
784,438.490575,4.90828622e-19,1.51313083e-19,1.0822629199999999e-20
785,438.539157,5.06106851e-19,1.47872503e-19,1.1498101100000001e-20
786,438.587738,5.21699061e-19,1.44134418e-19,1.2299610799999999e-20
787,438.636318,5.37300622e-19,1.40281539e-19,1.32305104e-20
788,438.684896,5.52613211e-19,1.36481233e-19,1.42893214e-20
789,438.733473,5.67360915e-19,1.32882311e-19,1.54694305e-20
790,438.782049,5.81301515e-19,1.29613884e-19,1.67588788e-20
791,438.830623,5.9423482e-19,1.26784525e-19,1.81404186e-20
792,438.879196,6.06007195e-19,1.24481219e-19,1.95918734e-20
793,438.927768,6.16509853e-19,1.22768523e-19,2.10865411e-20
794,438.976339,6.25674304e-19,1.21687688e-19,2.2593949600000002e-20
795,439.024908,6.33464528e-19,1.21256807e-19,2.4080898e-20
796,439.073476,6.39868458e-19,1.21472738e-19,2.5513097e-20
797,439.122043,6.44888833e-19,1.22315579e-19,2.6857225399999997e-20
798,439.170608,6.48536798e-19,1.23755679e-19,2.80837392e-20
799,439.219172,6.50828833e-19,1.25763093e-19,2.9170282900000003e-20
800,439.267735,6.51786837e-19,1.28318121e-19,3.01051277e-20
801,439.316297,6.51441886e-19,1.31421534e-19,3.08903495e-20
802,439.364857,6.49839832e-19,1.35102363e-19,3.1543891099999996e-20
803,439.413416,6.47046793e-19,1.39421615e-19,3.20999131e-20
804,439.461974,6.43152665e-19,1.44469534e-19,3.26068053e-20
805,439.51053,6.38270923e-19,1.50355959e-19,3.31228794e-20
806,439.559085,6.32533319e-19,1.57194093e-19,3.3710067900000003e-20
807,439.607639,6.26080703e-19,1.65077808e-19,3.4426365e-20
808,439.656192,6.19050508e-19,1.74056011e-19,3.5318259299999996e-20
809,439.704743,6.11563744e-19,1.84106786e-19,3.64143483e-20
810,439.753293,6.03713298e-19,1.95116609e-19,3.7721374e-20
811,439.801842,5.9555756e-19,2.06866757e-19,3.92231966e-20
812,439.850389,5.87119682e-19,2.19032044e-19,4.08830412e-20
813,439.898936,5.7839267e-19,2.31194501e-19,4.26487336e-20
814,439.94748,5.69352346e-19,2.42867856e-19,4.44594285e-20
815,439.996024,5.59970682e-19,2.53538102e-19,4.6253706e-20
816,440.044566,5.50234249e-19,2.62705551e-19,4.7976254299999997e-20
817,440.093107,5.40157251e-19,2.69932149e-19,4.95835495e-20
818,440.141647,5.29792384e-19,2.74880338e-19,5.10467159e-20
819,440.190186,5.19234511e-19,2.77341702e-19,5.2352077399999996e-20
820,440.238723,5.08617874e-19,2.7725029e-19,5.34996114e-20
821,440.287259,4.98106081e-19,2.74679724e-19,5.45003704e-20
822,440.335794,4.87878633e-19,2.69825567e-19,5.53737903e-20
823,440.384327,4.78114239e-19,2.62977371e-19,5.61462508e-20
824,440.432859,4.68973462e-19,2.54484528e-19,5.68516266e-20
825,440.48139,4.60584824e-19,2.44722657e-19,5.75339456e-20
826,440.529919,4.53034113e-19,2.34064025e-19,5.82519034e-20
827,440.578448,4.46357999e-19,2.22854005e-19,5.90842088e-20
828,440.626975,4.40544315e-19,2.11398193e-19,6.01340689e-20
829,440.6755,4.3553487e-19,1.99954343e-19,6.15315489e-20
830,440.724025,4.31232914e-19,1.88731807e-19,6.34321372e-20
831,440.772548,4.27513385e-19,1.77896581e-19,6.60102965e-20
832,440.82107,4.24233262e-19,1.67575465e-19,6.94484922e-20
833,440.86959,4.21243348e-19,1.57863531e-19,7.39213613e-20
834,440.918109,4.18398889e-19,1.48829085e-19,7.95775236e-20
835,440.966627,4.155696e-19,1.40519041e-19,8.65201498e-20
836,441.015144,4.12647828e-19,1.32962245e-19,9.4789624e-20
837,441.063659,4.09554785e-19,1.26172093e-19,1.0435030300000001e-19
838,441.112174,4.06244031e-19,1.20147719e-19,1.15084772e-19
839,441.160686,4.0270307e-19,1.14876315e-19,1.2679334700000001e-19
840,441.209198,3.98950952e-19,1.10332886e-19,1.39205669e-19
841,441.257708,3.95034994e-19,1.06482544e-19,1.51994256e-19
842,441.306217,3.91024256e-19,1.03280821e-19,1.6479780900000002e-19
843,441.354725,3.87002841e-19,1.00675264e-19,1.77244461e-19
844,441.403231,3.83062709e-19,9.86066639e-20,1.8897679799999999e-19
845,441.451737,3.79296782e-19,9.70102568e-20,1.99676862e-19
846,441.50024,3.75794185e-19,9.58174978e-20,2.0908658000000002e-19
847,441.548743,3.72635408e-19,9.49573834e-20,2.17030447e-19
848,441.597244,3.69890355e-19,9.43586954e-20,2.2343208099999997e-19
849,441.645744,3.67615892e-19,9.39521012e-20,2.2833306e-19
850,441.694243,3.65854596e-19,9.36728068e-20,2.31907801e-19
851,441.742741,3.64633213e-19,9.34632574e-20,2.3447609799999998e-19
852,441.791237,3.63961164e-19,9.32757439e-20,2.36509882e-19
853,441.839732,3.63829243e-19,9.30745445e-20,2.38631691e-19
854,441.888225,3.64209182e-19,9.28373129e-20,2.41601597e-19
855,441.936718,3.65054563e-19,9.25554006e-20,2.46291425e-19
856,441.985209,3.6630349e-19,9.22331152e-20,2.53644131e-19
857,442.033698,3.67883375e-19,9.18858572e-20,2.64620618e-19
858,442.082187,3.69717344e-19,9.15374627e-20,2.8013533100000003e-19
859,442.130674,3.71731136e-19,9.12171237e-20,3.0098074e-19
860,442.17916,3.7386015e-19,9.09561295e-20,3.2775053e-19
861,442.227645,3.76054594e-19,9.07849666e-20,3.60759284e-19
862,442.276128,3.78282317e-19,9.07309364e-20,3.99968512e-19
863,442.32461,3.80528875e-19,9.0816489e-20,4.44929355e-19
864,442.373091,3.82794479e-19,9.10583202e-20,4.947439499999999e-19
865,442.42157,3.85088914e-19,9.14671106e-20,5.48061539e-19
866,442.470049,3.87425559e-19,9.20478257e-20,6.03121194e-19
867,442.518525,3.89814989e-19,9.28002057e-20,6.578271900000001e-19
868,442.567001,3.92260809e-19,9.37195947e-20,7.09889444e-19
869,442.615476,3.94756619e-19,9.47974478e-20,7.569740369999999e-19
870,442.663949,3.97286178e-19,9.60218766e-20,7.96886799e-19
871,442.71242,3.99825762e-19,9.73780271e-20,8.27747899e-19
872,442.760891,4.02348243e-19,9.88483657e-20,8.481378929999999e-19
873,442.80936,4.04827532e-19,1.00412744e-19,8.57196505e-19
874,442.857828,4.07243393e-19,1.02048988e-19,8.546726190000001e-19
875,442.906295,4.09584393e-19,1.03733415e-19,8.409126689999999e-19
876,442.95476,4.11849136e-19,1.05441778e-19,8.168031799999999e-19
877,443.003224,4.14045473e-19,1.07150629e-19,7.83674713e-19
878,443.051687,4.16187547e-19,1.08838642e-19,7.43187108e-19
879,443.100149,4.18291835e-19,1.1048806e-19,6.9720609400000005e-19
880,443.148609,4.20372879e-19,1.12085795e-19,6.47684075e-19
881,443.197068,4.22440029e-19,1.13624136e-19,5.9654665399999995e-19
882,443.245526,4.24495646e-19,1.15100534e-19,5.455993340000001e-19
883,443.293982,4.26535721e-19,1.16516728e-19,4.96448374e-19
884,443.342437,4.28552968e-19,1.17877278e-19,4.504380979999999e-19
885,443.390891,4.30541595e-19,1.19187516e-19,4.0861682299999996e-19
886,443.439344,4.32503302e-19,1.20451591e-19,3.71722778e-19
887,443.487795,4.34453139e-19,1.21670855e-19,3.4019614699999997e-19
888,443.536245,4.36424286e-19,1.22843077e-19,3.14210406e-19
889,443.584694,4.38470341e-19,1.23962435e-19,2.93724044e-19
890,443.633141,4.40664846e-19,1.25020498e-19,2.78537178e-19
891,443.681587,4.4309793e-19,1.26007933e-19,2.6834571900000003e-19
892,443.730032,4.45870063e-19,1.26916382e-19,2.62786654e-19
893,443.778476,4.49084185e-19,1.27740295e-19,2.61464233e-19
894,443.826918,4.52837075e-19,1.28478242e-19,2.63956969e-19
895,443.875359,4.57211616e-19,1.29133621e-19,2.69808077e-19
896,443.923799,4.62270284e-19,1.29714601e-19,2.78506243e-19
897,443.972237,4.68051118e-19,1.30233664e-19,2.89466705e-19
898,444.020675,4.74566752e-19,1.30707008e-19,3.0202503299999997e-19
899,444.069111,4.81804192e-19,1.31153935e-19,3.15448369e-19
900,444.117545,4.89727476e-19,1.31596618e-19,3.2897381399999996e-19
901,444.165978,4.98279759e-19,1.32059991e-19,3.4186694999999995e-19
902,444.214411,5.07384463e-19,1.32571585e-19,3.53493075e-19
903,444.262841,5.16944244e-19,1.33160882e-19,3.63387181e-19
904,444.311271,5.26841141e-19,1.3385799e-19,3.71310365e-19
905,444.359699,5.36931652e-19,1.34690994e-19,3.77270902e-19
906,444.408126,5.47045755e-19,1.35682488e-19,3.81509848e-19
907,444.456552,5.56985209e-19,1.36845255e-19,3.84444815e-19
908,444.504976,5.6652588e-19,1.38177943e-19,3.86583688e-19
909,444.553399,5.75424883e-19,1.39661626e-19,3.88423707e-19
910,444.601821,5.83431029e-19,1.41257807e-19,3.90356003e-19
911,444.650241,5.90299859e-19,1.42908659e-19,3.9259567000000002e-19
912,444.698661,5.95811541e-19,1.44539793e-19,3.95151573e-19
913,444.747079,5.99787535e-19,1.46064797e-19,3.97840534e-19
914,444.795495,6.02106861e-19,1.47391737e-19,4.00342355e-19
915,444.843911,6.02716821e-19,1.48430081e-19,4.02281273e-19
916,444.892325,6.01637944e-19,1.4909725e-19,4.03315281e-19
917,444.940737,5.98962524e-19,1.49324476e-19,4.03215016e-19
918,444.989149,5.94846042e-19,1.49060884e-19,4.01915845e-19
919,445.037559,5.89493978e-19,1.48275949e-19,3.9953581099999998e-19
920,445.085968,5.83143987e-19,1.46960227e-19,3.96358723e-19
921,445.134376,5.76047426e-19,1.4512459e-19,3.9278961099999996e-19
922,445.182782,5.68451352e-19,1.42798234e-19,3.89293294e-19
923,445.231187,5.60582521e-19,1.40025463e-19,3.8632777400000003e-19
924,445.279591,5.52636232e-19,1.36861961e-19,3.84283347e-19
925,445.327994,5.44769179e-19,1.33370393e-19,3.83433435e-19
926,445.376395,5.37097211e-19,1.2961597e-19,3.83900746e-19
927,445.424795,5.29696464e-19,1.25661938e-19,3.8563953999999995e-19
928,445.473194,5.22608467e-19,1.21566238e-19,3.8843375900000003e-19
929,445.521591,5.15846471e-19,1.17379051e-19,3.91910695e-19
930,445.569987,5.09401883e-19,1.13141436e-19,3.9557102199999996e-19
931,445.618382,5.03251019e-19,1.08885869e-19,3.9883444999999995e-19
932,445.666776,4.97360095e-19,1.04637606e-19,4.0110013699999996e-19
933,445.715168,4.91689058e-19,1.00416945e-19,4.0181709000000003e-19
934,445.763559,4.86193758e-19,9.62413269e-20,4.0055658000000003e-19
935,445.811949,4.80828143e-19,9.21276312e-20,3.97075226e-19
936,445.860337,4.75546045e-19,8.80934758e-20,3.9135714199999996e-19
937,445.908725,4.70303104e-19,8.41573129e-20,3.83623655e-19
938,445.95711,4.65060872e-19,8.03386844e-20,3.74307305e-19
939,446.005495,4.5978972e-19,7.66563526e-20,3.6398693e-19
940,446.053878,4.54474554e-19,7.31279419e-20,3.5329976e-19
941,446.10226,4.49118214e-19,6.97681705e-20,3.4283882399999997e-19
942,446.150641,4.43745063e-19,6.65883455e-20,3.33060874e-19
943,446.199021,4.38402186e-19,6.35959332e-20,3.24219794e-19
944,446.247399,4.33158462e-19,6.07947197e-20,3.16340396e-19
945,446.295776,4.28100785e-19,5.81850959e-20,3.0923674300000003e-19
946,446.344151,4.23328991e-19,5.57649511e-20,3.0257234300000003e-19
947,446.392526,4.18948516e-19,5.3530116e-20,2.95946433e-19
948,446.440899,4.15063829e-19,5.14753214e-20,2.88990583e-19
949,446.489271,4.11771135e-19,4.9594326e-20,2.81451763e-19
950,446.537641,4.09153576e-19,4.7880424e-20,2.7324848199999997e-19
951,446.58601,4.07277772e-19,4.63264317e-20,2.64486765e-19
952,446.634378,4.06193106e-19,4.49248607e-20,2.55437032e-19
953,446.682745,4.05932923e-19,4.36679203e-20,2.46477251e-19
954,446.73111,4.06517633e-19,4.25476294e-20,2.38016839e-19
955,446.779474,4.07959108e-19,4.15559195e-20,2.30416893e-19
956,446.827837,4.10265594e-19,4.06849764e-20,2.23924507e-19
957,446.876199,4.13446371e-19,3.99275434e-20,2.18631353e-19
958,446.924559,4.17515342e-19,3.92772722e-20,2.14463575e-19
959,446.972918,4.22493346e-19,3.87289527e-20,2.11201852e-19
960,447.021276,4.28407978e-19,3.8278681e-20,2.0852616799999999e-19
961,447.069632,4.35291275e-19,3.79237533e-20,2.06073981e-19
962,447.117987,4.43175827e-19,3.76622987e-20,2.03500221e-19
963,447.166341,4.52088384e-19,3.74927235e-20,2.0052842e-19
964,447.214693,4.62042703e-19,3.74129497e-20,1.96984356e-19
965,447.263045,4.73033083e-19,3.74196022e-20,1.92807842e-19
966,447.311395,4.85026069e-19,3.75072948e-20,1.88044046e-19
967,447.359743,4.97956121e-19,3.76681335e-20,1.82816574e-19
968,447.408091,5.11721853e-19,3.78915928e-20,1.77290489e-19
969,447.456437,5.26182273e-19,3.81647618e-20,1.71633762e-19
970,447.504782,5.41158585e-19,3.84730512e-20,1.65982544e-19
971,447.553125,5.56434426e-19,3.88011764e-20,1.60419103e-19
972,447.601468,5.71760826e-19,3.913439e-20,1.5496325400000001e-19
973,447.649809,5.86859057e-19,3.9459665e-20,1.4958011799999999e-19
974,447.698148,6.0142926e-19,3.97668303e-20,1.44198786e-19
975,447.746487,6.1515877e-19,4.00493911e-20,1.38739263e-19
976,447.794824,6.27730436e-19,4.03049578e-20,1.3314162000000002e-19
977,447.84316,6.38836294e-19,4.05353726e-20,1.2738916e-19
978,447.891494,6.48189098e-19,4.07464153e-20,1.21523415e-19
979,447.939828,6.55536939e-19,4.09472809e-20,1.1564546800000001e-19
980,447.98816,6.60675502e-19,4.11498151e-20,1.0990576899999999e-19
981,448.036491,6.63461765e-19,4.13677044e-20,1.04481409e-19
982,448.08482,6.63823879e-19,4.16155691e-20,9.954821479999999e-20
983,448.133148,6.6176883e-19,4.19080849e-20,9.52506425e-20
984,448.181475,6.57385691e-19,4.22590618e-20,9.16768938e-20
985,448.229801,6.50844242e-19,4.26805261e-20,8.88426896e-20
986,448.278125,6.4238833e-19,4.31817761e-20,8.66871715e-20
987,448.326448,6.32323084e-19,4.37685061e-20,8.50811595e-20
988,448.37477,6.20998148e-19,4.4441977e-20,8.38464658e-20
989,448.42309,6.08786841e-19,4.5198425e-20,8.27820848e-20
990,448.47141,5.96062133e-19,4.60288897e-20,8.16926699e-20
991,448.519727,5.83175931e-19,4.69193071e-20,8.04147133e-20
992,448.568044,5.70436032e-19,4.78514449e-20,7.883561289999999e-20
993,448.616359,5.58093647e-19,4.88039475e-20,7.69040491e-20
994,448.664674,5.46331991e-19,4.9754139e-20,7.46297974e-20
995,448.712986,5.35266435e-19,5.0679696e-20,7.20752333e-20
996,448.761298,5.24946366e-19,5.15607035e-20,6.93393358e-20
997,448.809608,5.15367481e-19,5.238107e-20,6.653929449999999e-20
998,448.857917,5.06483065e-19,5.31299284e-20,6.37908215e-20
999,448.906225,4.98219046e-19,5.38023553e-20,6.11915392e-20
1000,448.954531,4.90487309e-19,5.43997145e-20,5.88085019e-20
1001,449.002836,4.83196395e-19,5.49296434e-20,5.667101489999999e-20
1002,449.05114,4.76260329e-19,5.54056742e-20,5.47694774e-20
1003,449.099443,4.69603966e-19,5.58467237e-20,5.30593343e-20
1004,449.147744,4.63166404e-19,5.62764369e-20,5.14695646e-20
1005,449.196044,4.5690241e-19,5.67224539e-20,4.99142242e-20
1006,449.244342,4.50784065e-19,5.72154711e-20,4.83058522e-20
1007,449.29264,4.4480101e-19,5.77881835e-20,4.65684645e-20
1008,449.340936,4.38962113e-19,5.84738377e-20,4.4649101100000004e-20
1009,449.389231,4.33295119e-19,5.93046533e-20,4.25254877e-20
1010,449.437524,4.27847116e-19,6.0309854e-20,4.02096516e-20
1011,449.485817,4.22682735e-19,6.15137347e-20,3.77462283e-20
1012,449.534108,4.17882227e-19,6.2933531e-20,3.52068125e-20
1013,449.582397,4.13536461e-19,6.4577861e-20,3.2680206600000003e-20
1014,449.630686,4.09741116e-19,6.64456176e-20,3.0261058299999996e-20
1015,449.678973,4.06589999e-19,6.85253352e-20,2.8038649699999996e-20
1016,449.727259,4.04166545e-19,7.07959298e-20,2.6086443199999997e-20
1017,449.775543,4.02536172e-19,7.32279022e-20,2.44548246e-20
1018,449.823827,4.01738783e-19,7.57858279e-20,2.3166685e-20
1019,449.872109,4.01783175e-19,7.84308945e-20,2.2216766200000002e-20
1020,449.920389,4.02643286e-19,8.11244723e-20,2.1573632499999997e-20
1021,449.968669,4.04257543e-19,8.38314213e-20,2.11843358e-20
1022,450.016947,4.06530834e-19,8.65227332e-20,2.09807521e-20
1023,450.065224,4.09339742e-19,8.91782728e-20,2.0886718699999997e-20
1024,450.113499,4.12539804e-19,9.17879528e-20,2.0825466e-20
1025,450.161774,4.1597489e-19,9.43523642e-20,2.07265243e-20
1026,450.210047,4.19486482e-19,9.68815531e-20,2.05316058e-20
1027,450.258319,4.22923541e-19,9.93933268e-20,2.0198950799999998e-20
1028,450.306589,4.26150293e-19,1.01909807e-19,1.97058737e-20
1029,450.354858,4.2905271e-19,1.04453592e-19,1.9049290099999997e-20
1030,450.403126,4.31542224e-19,1.07043085e-19,1.82443851e-20
1031,450.451393,4.33557451e-19,1.09688091e-19,1.73215996e-20
1032,450.499658,4.35063767e-19,1.12385978e-19,1.63224002e-20
1033,450.547922,4.36051396e-19,1.15119335e-19,1.5294239299999998e-20
1034,450.596185,4.36532113e-19,1.1785504e-19,1.42854632e-20
1035,450.644446,4.3653544e-19,1.20545499e-19,1.3340510599999999e-20
1036,450.692707,4.36104468e-19,1.23132044e-19,1.24958301e-20
1037,450.740966,4.35291714e-19,1.25549328e-19,1.17771462e-20
1038,450.789223,4.34155227e-19,1.27731412e-19,1.1197834700000001e-20
1039,450.83748,4.3275516e-19,1.29617731e-19,1.07588844e-20
1040,450.885735,4.31151367e-19,1.31158359e-19,1.0450274e-20
1041,450.933988,4.29401679e-19,1.32318735e-19,1.02534084e-20
1042,450.982241,4.27561414e-19,1.3308261e-19,1.01444982e-20
1043,451.030492,4.25684258e-19,1.33453449e-19,1.00983351e-20
1044,451.078742,4.23823538e-19,1.33454657e-19,1.00919382e-20
1045,451.126991,4.2203431e-19,1.33128455e-19,1.01076433e-20
1046,451.175238,4.20375092e-19,1.3253403e-19,1.0135181099999999e-20
1047,451.223484,4.1890858e-19,1.31745059e-19,1.01725148e-20
1048,451.271729,4.17701053e-19,1.30846954e-19,1.02253822e-20
1049,451.319973,4.16819722e-19,1.29933877e-19,1.03057147e-20
1050,451.368215,4.16328193e-19,1.29105626e-19,1.0429278099999999e-20
1051,451.416456,4.16280373e-19,1.28464326e-19,1.06130157e-20
1052,451.464696,4.16713779e-19,1.28111135e-19,1.08725649e-20
1053,451.512934,4.17643155e-19,1.28142788e-19,1.12203901e-20
1054,451.561171,4.19055801e-19,1.2864814e-19,1.16648565e-20
1055,451.609407,4.20909484e-19,1.29704815e-19,1.22102988e-20
1056,451.657642,4.23133752e-19,1.31376022e-19,1.28580702e-20
1057,451.705875,4.25634733e-19,1.33707716e-19,1.36082891e-20
1058,451.754107,4.28303266e-19,1.36726526e-19,1.4461998900000002e-20
1059,451.802338,4.3102484e-19,1.40438247e-19,1.54231514e-20
1060,451.850567,4.33690369e-19,1.44827385e-19,1.65000733e-20
1061,451.898795,4.36206248e-19,1.49858247e-19,1.77060491e-20
1062,451.947022,4.38501634e-19,1.55476817e-19,1.9058501199999998e-20
1063,451.995248,4.4053239e-19,1.61614245e-19,2.05768239e-20
1064,452.043472,4.4228079e-19,1.68191299e-19,2.22788036e-20
1065,452.091695,4.43751396e-19,1.75124263e-19,2.4176155299999997e-20
1066,452.139917,4.4496357e-19,1.8233053e-19,2.62694369e-20
1067,452.188137,4.45942461e-19,1.89734472e-19,2.85434401e-20
1068,452.236356,4.46710094e-19,1.97273048e-19,3.0964068199999994e-20
1069,452.284574,4.47278155e-19,2.04898979e-19,3.34771259e-20
1070,452.332791,4.47644116e-19,2.12582259e-19,3.60100561e-20
1071,452.381006,4.47791359e-19,2.20308501e-19,3.8476505299999996e-20
1072,452.42922,4.47693358e-19,2.28074793e-19,4.0783616200000004e-20
1073,452.477433,4.47321077e-19,2.35881665e-19,4.2840597e-20
1074,452.525644,4.46652191e-19,2.43723424e-19,4.4567766199999997e-20
1075,452.573855,4.4568014e-19,2.51578398e-19,4.59045768e-20
1076,452.622064,4.44421343e-19,2.59398444e-19,4.681487e-20
1077,452.670271,4.42918582e-19,2.67103526e-19,4.72893196e-20
1078,452.718478,4.41239781e-19,2.74579813e-19,4.73440813e-20
1079,452.766683,4.39472236e-19,2.81682269e-19,4.7016389099999997e-20
1080,452.814886,4.37712293e-19,2.88244486e-19,4.63579818e-20
1081,452.863089,4.36052524e-19,2.94091705e-19,4.5427389800000004e-20
1082,452.91129,4.34568422e-19,2.99055536e-19,4.4282674000000003e-20
1083,452.95949,4.3330608e-19,3.0299036e-19,4.2975309899999996e-20
1084,453.007689,4.32273674e-19,3.05786169e-19,4.15464181e-20
1085,453.055886,4.31437678e-19,3.07378187e-19,4.0025430900000005e-20
1086,453.104082,4.3072461e-19,3.07751817e-19,3.84310397e-20
1087,453.152277,4.30028303e-19,3.06942746e-19,3.6774239999999996e-20
1088,453.200471,4.2922152e-19,3.05033557e-19,3.5062431599999996e-20
1089,453.248663,4.28170446e-19,3.02147872e-19,3.3303899499999996e-20
1090,453.296854,4.26749987e-19,2.98443109e-19,3.1511626700000004e-20
1091,453.345043,4.24858135e-19,2.94103555e-19,2.9706159e-20
1092,453.393232,4.22427295e-19,2.89333334e-19,2.79165101e-20
1093,453.441419,4.19432141e-19,2.84351098e-19,2.61797699e-20
1094,453.489605,4.15892332e-19,2.79383876e-19,2.4538647799999998e-20
1095,453.537789,4.11871409e-19,2.74662193e-19,2.30383818e-20
1096,453.585973,4.07471256e-19,2.70413958e-19,2.1722857999999998e-20
1097,453.634155,4.02824814e-19,2.66859041e-19,2.0631301400000002e-20
1098,453.682335,3.98086153e-19,2.64202101e-19,1.97953132e-20
1099,453.730515,3.93420709e-19,2.62625857e-19,1.92372025e-20
1100,453.778693,3.88996783e-19,2.62284434e-19,1.89694405e-20
1101,453.82687,3.84977004e-19,2.63296591e-19,1.89948138e-20
1102,453.875045,3.81512391e-19,2.65740205e-19,1.93071861e-20
1103,453.92322,3.78736862e-19,2.69648201e-19,1.9892259699999997e-20
1104,453.971393,3.76763484e-19,2.75005722e-19,2.07279364e-20
1105,454.019564,3.75680209e-19,2.81750341e-19,2.17843239e-20
1106,454.067735,3.75546239e-19,2.89774891e-19,2.3023409399999997e-20
1107,454.115904,3.7638815e-19,2.98931878e-19,2.43985554e-20
1108,454.164072,3.78196059e-19,3.09042845e-19,2.58548405e-20
1109,454.212238,3.80920593e-19,3.19908406e-19,2.73301021e-20
1110,454.260404,3.84471727e-19,3.31322313e-19,2.8757579e-20
1111,454.308568,3.88719482e-19,3.43084095e-19,3.0069553799999996e-20
1112,454.35673,3.93498633e-19,3.55014716e-19,3.12024608e-20
1113,454.404892,3.98616652e-19,3.66969423e-19,3.21022564e-20
1114,454.453052,4.03864029e-19,3.78845768e-19,3.27294069e-20
1115,454.501211,4.09028166e-19,3.90589763e-19,3.30630491e-20
1116,454.549369,4.13906913e-19,4.0219256e-19,3.31031719e-20
1117,454.597525,4.18321632e-19,4.13680392e-19,3.28707523e-20
1118,454.64568,4.22128039e-19,4.25097531e-19,3.24056469e-20
1119,454.693834,4.25222751e-19,4.36481546e-19,3.1762599600000004e-20
1120,454.741986,4.27545926e-19,4.47835927e-19,3.10059613e-20
1121,454.790138,4.29079872e-19,4.59104379e-19,3.02037785e-20
1122,454.838287,4.29843839e-19,4.70147699e-19,2.94223111e-20
1123,454.886436,4.29887283e-19,4.8073477e-19,2.872114e-20
1124,454.934583,4.29281856e-19,4.90541189e-19,2.81499497e-20
1125,454.98273,4.28114118e-19,4.99165979e-19,2.77464598e-20
1126,455.030874,4.26479628e-19,5.06156785e-19,2.75358853e-20
1127,455.079018,4.24478254e-19,5.11047196e-19,2.75311795e-20
1128,455.12716,4.22211627e-19,5.13394107e-19,2.7733934e-20
1129,455.175301,4.19780988e-19,5.12815998e-19,2.81353241e-20
1130,455.223441,4.17285822e-19,5.09023443e-19,2.87169636e-20
1131,455.271579,4.14822033e-19,5.0184111e-19,2.94515909e-20
1132,455.319716,4.12479157e-19,4.9121862e-19,3.03038411e-20
1133,455.367852,4.10336905e-19,4.77232258e-19,3.12312535e-20
1134,455.415987,4.08460644e-19,4.60078269e-19,3.21859524e-20
1135,455.46412,4.06896558e-19,4.40060646e-19,3.31171197e-20
1136,455.512252,4.05666935e-19,4.17573208e-19,3.39743572e-20
1137,455.560382,4.04766728e-19,3.93081909e-19,3.47114679e-20
1138,455.608512,4.04161626e-19,3.67101287e-19,3.5290479700000004e-20
1139,455.65664,4.03788684e-19,3.4017564e-19,3.56849897e-20
1140,455.704767,4.03559333e-19,3.12852054e-19,3.58826142e-20
1141,455.752892,4.03365066e-19,2.85659827e-19,3.5885772100000003e-20
1142,455.801017,4.03085126e-19,2.59085604e-19,3.57108083e-20
1143,455.84914,4.02595639e-19,2.33557944e-19,3.53855014e-20
1144,455.897261,4.01779157e-19,2.09428846e-19,3.49453312e-20
1145,455.945382,4.0053372e-19,1.86964479e-19,3.4429094e-20
1146,455.993501,3.98780837e-19,1.66344732e-19,3.38746579e-20
1147,456.041619,3.96471324e-19,1.476627e-19,3.33152569e-20
1148,456.089735,3.93589274e-19,1.30935091e-19,3.27770391e-20
1149,456.137851,3.90153394e-19,1.16112547e-19,3.2277848300000005e-20
1150,456.185965,3.86217e-19,1.03096444e-19,3.18274207e-20
1151,456.234077,3.8186543e-19,9.17519736e-20,3.14284413e-20
1152,456.282189,3.77212284e-19,8.19228122e-20,3.10782581e-20
1153,456.330299,3.72395184e-19,7.34447906e-20,3.07707529e-20
1154,456.378408,3.67569378e-19,6.6154307e-20,3.04978473e-20
1155,456.426516,3.62901677e-19,5.98963738e-20,3.02505803e-20
1156,456.474622,3.58563511e-19,5.45291079e-20,3.0019570899999995e-20
1157,456.522727,3.54723501e-19,4.99257629e-20,2.9794985399999996e-20
1158,456.570831,3.51540736e-19,4.59757159e-20,2.95662664e-20
1159,456.618933,3.49158196e-19,4.25837613e-20,2.93218378e-20
1160,456.667034,3.47696969e-19,3.96684919e-20,2.9049018899999996e-20
1161,456.715134,3.47251997e-19,3.71607535e-20,2.87343309e-20
1162,456.763233,3.47888893e-19,3.50016886e-20,2.83641686e-20
1163,456.81133,3.4964209e-19,3.31410149e-20,2.79257758e-20
1164,456.859426,3.52514304e-19,3.15353711e-20,2.74082986e-20
1165,456.907521,3.56476783e-19,3.01471762e-20,2.68038031e-20
1166,456.955615,3.61470325e-19,2.89435872e-20,2.6108013e-20
1167,457.003707,3.67406788e-19,2.7895786e-20,2.53207323e-20
1168,457.051798,3.74171758e-19,2.69784174e-20,2.44458627e-20
1169,457.099887,3.81627203e-19,2.61693916e-20,2.34912634e-20
1170,457.147976,3.89616393e-19,2.54496846e-20,2.24682863e-20
1171,457.196063,3.97968175e-19,2.4803481e-20,2.13914711e-20
1172,457.244149,4.06504634e-19,2.42181783e-20,2.02779178e-20
1173,457.292233,4.15047592e-19,2.36845911e-20,1.9146860200000002e-20
1174,457.340316,4.2342684e-19,2.31969761e-20,1.80189244e-20
1175,457.388398,4.31486532e-19,2.27530055e-20,1.6915371e-20
1176,457.436479,4.39090884e-19,2.23534789e-20,1.58570332e-20
1177,457.484558,4.46127524e-19,2.20017878e-20,1.48631259e-20
1178,457.532636,4.52509114e-19,2.17030548e-20,1.39499164e-20
1179,457.580713,4.5817194e-19,2.14630381e-20,1.31296356e-20
1180,457.628789,4.63073621e-19,2.12867831e-20,1.2409599199999999e-20
1181,457.676863,4.67189951e-19,2.11771751e-20,1.17918105e-20
1182,457.724936,4.70512369e-19,2.11335318e-20,1.12730438e-20
1183,457.773008,4.73045834e-19,2.11504487e-20,1.08455336e-20
1184,457.821078,4.74808285e-19,2.12170535e-20,1.04980498e-20
1185,457.869147,4.75831062e-19,2.13168607e-20,1.02172545e-20
1186,457.917215,4.7615925e-19,2.14283145e-20,9.989237700000001e-21
1187,457.965282,4.75851441e-19,2.15260415e-20,9.80098479e-21
1188,458.013347,4.7497779e-19,2.15827233e-20,9.64168375e-21
1189,458.061411,4.73615815e-19,2.15714018e-20,9.50372714e-21
1190,458.109474,4.71844178e-19,2.1467929e-20,9.383346519999999e-21
1191,458.157535,4.69735153e-19,2.12532758e-20,9.280769250000001e-21
1192,458.205595,4.67346857e-19,2.09153652e-20,9.199858359999999e-21
1193,458.253654,4.64717199e-19,2.04502283e-20,9.14725002e-21
1194,458.301712,4.61860573e-19,1.98623161e-20,9.13102408e-21
1195,458.349768,4.58768519e-19,1.91639761e-20,9.159056920000001e-21
1196,458.397823,4.55414261e-19,1.83741214e-20,9.237271630000001e-21
1197,458.445877,4.51761282e-19,1.75164323e-20,9.368050469999999e-21
1198,458.493929,4.47774209e-19,1.6617241e-20,9.5490796e-21
1199,458.541981,4.43430172e-19,1.57033168e-20,9.77287973e-21
1200,458.59003,4.38730242e-19,1.48001057e-20,1.00270743e-20
1201,458.638079,4.3370652e-19,1.39300208e-20,1.02955126e-20
1202,458.686126,4.2842741e-19,1.31116537e-20,1.0559887800000001e-20
1203,458.734172,4.22996421e-19,1.23591568e-20,1.0801771e-20
1204,458.782217,4.17547511e-19,1.16823168e-20,1.1004553999999999e-20
1205,458.830261,4.12235778e-19,1.10869045e-20,1.11550637e-20
1206,458.878303,4.072253e-19,1.05752895e-20,1.1244569599999999e-20
1207,458.926344,4.02674962e-19,1.01471217e-20,1.12690898e-20
1208,458.974383,3.98725125e-19,9.80008098e-21,1.12290166e-20
1209,459.022422,3.95485227e-19,9.53045088e-21,1.11282541e-20
1210,459.070459,3.93025597e-19,9.33363703e-21,1.0973119299999999e-20
1211,459.118495,3.91372511e-19,9.20443551e-21,1.0771238200000001e-20
1212,459.166529,3.9050881e-19,9.13722396e-21,1.05306888e-20
1213,459.214562,3.90378713e-19,9.1260079e-21,1.02594503e-20
1214,459.262594,3.90896715e-19,9.16442683e-21,9.96522037e-21
1215,459.310625,3.91958954e-19,9.24574608e-21,9.65545827e-21
1216,459.358654,3.93455645e-19,9.36289565e-21,9.337533439999999e-21
1217,459.406682,3.95283081e-19,9.50860288e-21,9.01878685e-21
1218,459.454709,3.97353466e-19,9.67561484e-21,8.70645684e-21
1219,459.502735,3.99601755e-19,9.85702744e-21,8.40735985e-21
1220,459.550759,4.01988752e-19,1.00466826e-20,8.1273998e-21
1221,459.598782,4.04500683e-19,1.02396081e-20,7.8709717e-21
1222,459.646804,4.07145177e-19,1.04323969e-20,7.640455469999999e-21
1223,459.694824,4.09944869e-19,1.06234897e-20,7.43587472e-21
1224,459.742843,4.1292969e-19,1.08132913e-20,7.254826760000001e-21
1225,459.790861,4.16128348e-19,1.10040263e-20,7.092756879999999e-21
1226,459.838878,4.19560497e-19,1.11993418e-20,6.943499939999999e-21
1227,459.886893,4.23229973e-19,1.14036341e-20,6.80002929e-21
1228,459.934907,4.27120036e-19,1.16211693e-20,6.6552712899999995e-21
1229,459.98292,4.31190166e-19,1.18550468e-20,6.5028864499999996e-21
1230,460.030931,4.35375188e-19,1.21061676e-20,6.3378829e-21
1231,460.078941,4.39586832e-19,1.23723694e-20,6.156993349999999e-21
1232,460.12695,4.43716904e-19,1.26478336e-20,5.95882812e-21
1233,460.174958,4.47642772e-19,1.29229477e-20,5.743801639999999e-21
1234,460.222964,4.51234464e-19,1.318467e-20,5.5139150300000005e-21
1235,460.270969,4.54363376e-19,1.3417436e-20,5.27244166e-21
1236,460.318973,4.56911194e-19,1.36044706e-20,5.02362786e-21
1237,460.366975,4.58778966e-19,1.37294067e-20,4.77240717e-21
1238,460.414976,4.59895141e-19,1.37779836e-20,4.52413054e-21
1239,460.462976,4.60221273e-19,1.37395655e-20,4.2843392399999995e-21
1240,460.510975,4.59755111e-19,1.36083058e-20,4.0584924999999995e-21
1241,460.558972,4.58530365e-19,1.33837838e-20,3.85165e-21
1242,460.606968,4.56613046e-19,1.30710226e-20,3.6680755999999994e-21
1243,460.654963,4.54094964e-19,1.26799516e-20,3.51083399e-21
1244,460.702956,4.51085086e-19,1.22243987e-20,3.38139524e-21
1245,460.750948,4.47699478e-19,1.17207456e-20,3.2793371799999997e-21
1246,460.798939,4.44051584e-19,1.11865357e-20,3.2022475999999996e-21
1247,460.846929,4.40243309e-19,1.06391355e-20,3.14585033e-21
1248,460.894917,4.36358171e-19,1.00946474e-20,3.10438622e-21
1249,460.942904,4.32456672e-19,9.56709866e-21,3.071206e-21
1250,460.99089,4.28575037e-19,9.06804072e-21,3.03950316e-21
1251,461.038875,4.24726469e-19,8.60640844e-21,3.00306695e-21
1252,461.086858,4.20905093e-19,8.18862585e-21,2.9569455700000003e-21
1253,461.13484,4.1709149e-19,7.81880971e-21,2.89791367e-21
1254,461.18282,4.13259898e-19,7.49907675e-21,2.8246911099999997e-21
1255,461.2308,4.09384918e-19,7.22975425e-21,2.73787889e-21
1256,461.278778,4.05448514e-19,7.00960751e-21,2.63967256e-21
1257,461.326755,4.01444507e-19,6.83591564e-21,2.53337942e-21
1258,461.37473,3.97382171e-19,6.70457334e-21,2.42287435e-21
1259,461.422704,3.93287001e-19,6.61015177e-21,2.31204817e-21
1260,461.470677,3.89200078e-19,6.54602825e-21,2.20436169e-21
1261,461.518649,3.85175439e-19,6.504582e-21,2.10253473e-21
1262,461.566619,3.8127645e-19,6.47749405e-21,2.00840526e-21
1263,461.614589,3.77571201e-19,6.45614178e-21,1.92293654e-21
1264,461.662556,3.74128875e-19,6.43207293e-21,1.84637178e-21
1265,461.710523,3.71015233e-19,6.39750202e-21,1.77843215e-21
1266,461.758488,3.68290733e-19,6.34579957e-21,1.71857846e-21
1267,461.806452,3.66008629e-19,6.2718999e-21,1.6662230399999998e-21
1268,461.854415,3.64215349e-19,6.17259994e-21,1.6209070100000001e-21
1269,461.902376,3.6295198e-19,6.04670895e-21,1.58239989e-21
1270,461.950336,3.62256864e-19,5.89502381e-21,1.55072283e-21
1271,461.998295,3.62169082e-19,5.72015775e-21,1.52611074e-21
1272,462.046253,3.62731814e-19,5.52622203e-21,1.5089204e-21
1273,462.094209,3.63994978e-19,5.3184118e-21,1.4995093499999999e-21
1274,462.142164,3.6601644e-19,5.10251902e-21,1.49810406e-21
1275,462.190118,3.68860915e-19,4.8844661e-21,1.5046792899999998e-21
1276,462.23807,3.72596163e-19,4.66987026e-21,1.51886132e-21
1277,462.286021,3.77286734e-19,4.46367536e-21,1.5398717099999999e-21
1278,462.333971,3.829849e-19,4.26991891e-21,1.56651715e-21
1279,462.38192,3.89720201e-19,4.09159864e-21,1.5972303700000001e-21
1280,462.429867,3.97488363e-19,3.93066002e-21,1.6301581499999998e-21
1281,462.477813,4.06241993e-19,3.78806562e-21,1.66329077e-21
1282,462.525758,4.15883085e-19,3.66395448e-21,1.69461176e-21
1283,462.573701,4.26260065e-19,3.55782635e-21,1.72225713e-21
1284,462.621643,4.37170816e-19,3.46872885e-21,1.74466663e-21
1285,462.669584,4.48370056e-19,3.39544145e-21,1.7607072e-21
1286,462.717524,4.59582679e-19,3.33661385e-21,1.76976625e-21
1287,462.765462,4.7052055e-19,3.29086341e-21,1.77180782e-21
1288,462.813399,4.80902071e-19,3.25682332e-21,1.76739356e-21
1289,462.861335,4.90469789e-19,3.23315841e-21,1.757671e-21
1290,462.90927,4.99006022e-19,3.2185489e-21,1.7443333e-21
1291,462.957203,5.06343287e-19,3.21166311e-21,1.72955031e-21
1292,463.005135,5.12369448e-19,3.21113238e-21,1.71586699e-21
1293,463.053065,5.17025884e-19,3.21554232e-21,1.7060693e-21
1294,463.100995,5.20301924e-19,3.22344767e-21,1.70301104e-21
1295,463.148923,5.22225008e-19,3.23341277e-21,1.70940925e-21
1296,463.19685,5.22850995e-19,3.24407695e-21,1.7276153699999997e-21
1297,463.244775,5.2225463e-19,3.2542322e-21,1.7593849e-21
1298,463.292699,5.20522733e-19,3.2629037e-21,1.8056754e-21
1299,463.340622,5.17750322e-19,3.26941647e-21,1.8664994e-21
1300,463.388544,5.14039573e-19,3.27343887e-21,1.94086619e-21
1301,463.436464,5.09500704e-19,3.2749943e-21,2.0268288199999996e-21
1302,463.484383,5.04253061e-19,3.27443991e-21,2.12165161e-21
1303,463.532301,4.98426044e-19,3.27241593e-21,2.22206823e-21
1304,463.580218,4.92158079e-19,3.26977436e-21,2.32461798e-21
1305,463.628133,4.85593781e-19,3.26749675e-21,2.42600872e-21
1306,463.676047,4.78878695e-19,3.26661015e-21,2.52347207e-21
1307,463.72396,4.72153634e-19,3.26810849e-21,2.61504592e-21
1308,463.771871,4.65548281e-19,3.2728818e-21,2.69977201e-21
1309,463.819781,4.59174941e-19,3.28165399e-21,2.77778967e-21
1310,463.86769,4.53124386e-19,3.29492755e-21,2.8503087800000002e-21
1311,463.915597,4.47462925e-19,3.31293443e-21,2.9194913499999997e-21
1312,463.963504,4.42230751e-19,3.33559736e-21,2.98826041e-21
1313,464.011409,4.37443119e-19,3.3624999e-21,3.06003697e-21
1314,464.059312,4.33091247e-19,3.39288164e-21,3.1384592500000002e-21
1315,464.107215,4.29144944e-19,3.42565901e-21,3.22707474e-21
1316,464.155116,4.25556331e-19,3.45947263e-21,3.3290148399999997e-21
1317,464.203016,4.22263002e-19,3.49277508e-21,3.44670103e-21
1318,464.250914,4.19192624e-19,3.52393632e-21,3.58155442e-21
1319,464.298812,4.16267137e-19,3.55136992e-21,3.7337761299999996e-21
1320,464.346708,4.1340786e-19,3.57365118e-21,3.90216651e-21
1321,464.394602,4.10539619e-19,3.58962776e-21,4.084080289999999e-21
1322,464.442496,4.07594705e-19,3.59849651e-21,4.27548619e-21
1323,464.490388,4.04516234e-19,3.59984437e-21,4.47112923e-21
1324,464.538279,4.01259468e-19,3.59365498e-21,4.66487107e-21
1325,464.586168,3.97792461e-19,3.58028097e-21,4.85008987e-21
1326,464.634057,3.94094726e-19,3.5603925e-21,5.0201900099999994e-21
1327,464.681944,3.90155744e-19,3.53491697e-21,5.16909005e-21
1328,464.729829,3.85971985e-19,3.5049725e-21,5.29173298e-21
1329,464.777714,3.81544324e-19,3.47180786e-21,5.3844954e-21
1330,464.825597,3.76876619e-19,3.43675705e-21,5.44548527e-21
1331,464.873479,3.71974042e-19,3.40119459e-21,5.47475337e-21
1332,464.92136,3.66843565e-19,3.36650505e-21,5.47437707e-21
1333,464.969239,3.61495218e-19,3.33405265e-21,5.44847579e-21
1334,465.017117,3.55943845e-19,3.30514765e-21,5.40316778e-21
1335,465.064994,3.50211954e-19,3.2810136e-21,5.34648992e-21
1336,465.112869,3.44332165e-19,3.26274866e-21,5.28827168e-21
1337,465.160743,3.38348677e-19,3.25128498e-21,5.2399240200000004e-21
1338,465.208616,3.32318426e-19,3.24735432e-21,5.214107519999999e-21
1339,465.256488,3.26310482e-19,3.25146005e-21,5.22421725e-21
1340,465.304358,3.20404347e-19,3.26386225e-21,5.283663499999999e-21
1341,465.352227,3.14686587e-19,3.28457968e-21,5.4049734e-21
1342,465.400095,3.0924741e-19,3.31340655e-21,5.59878262e-21
1343,465.447962,3.041764e-19,3.3499431e-21,5.87285265e-21
1344,465.495827,2.99558643e-19,3.39363404e-21,6.23127252e-21
1345,465.543691,2.95471101e-19,3.44381389e-21,6.67405389e-21
1346,465.591554,2.91980557e-19,3.49974472e-21,7.19718522e-21
1347,465.639415,2.89142287e-19,3.56064902e-21,7.79325792e-21
1348,465.687275,2.86999664e-19,3.62573788e-21,8.452669009999999e-21
1349,465.735134,2.85584998e-19,3.694223e-21,9.16515274e-21
1350,465.782991,2.84920606e-19,3.76532534e-21,9.921524529999999e-21
1351,465.830848,2.85020071e-19,3.83828806e-21,1.0715416300000001e-20
1352,465.878703,2.85889433e-19,3.91237584e-21,1.15444921e-20
1353,465.926556,2.87527846e-19,3.98690178e-21,1.24113181e-20
1354,465.974409,2.89927946e-19,4.0612567e-21,1.3323473299999999e-20
1355,466.02226,2.93075258e-19,4.13494073e-21,1.42928745e-20
1356,466.07011,2.96947787e-19,4.20762266e-21,1.53348096e-20
1357,466.117958,3.01514747e-19,4.27917925e-21,1.6466426e-20
1358,466.165806,3.06735919e-19,4.34973459e-21,1.77053929e-20
1359,466.213652,3.12559927e-19,4.41965052e-21,1.90684874e-20
1360,466.261496,3.18923961e-19,4.48949069e-21,2.05708815e-20
1361,466.30934,3.25753266e-19,4.55992116e-21,2.22257507e-20
1362,466.357182,3.32959969e-19,4.63154923e-21,2.40440042e-20
1363,466.405023,3.40444099e-19,4.70474237e-21,2.6034602699999997e-20
1364,466.452862,3.48093395e-19,4.77941698e-21,2.82043495e-20
1365,466.500701,3.55785266e-19,4.85486519e-21,3.05577295e-20
1366,466.548538,3.63387642e-19,4.92962268e-21,3.3095702899999997e-20
1367,466.596373,3.70762917e-19,5.00144723e-21,3.58146106e-20
1368,466.644208,3.77771984e-19,5.06739344e-21,3.87045356e-20
1369,466.692041,3.84278526e-19,5.12398246e-21,4.17472914e-20
1370,466.739873,3.90156197e-19,5.16747115e-21,4.4915616999999994e-20
1371,466.787703,3.95294698e-19,5.19414891e-21,4.81724664e-20
1372,466.835533,3.99607177e-19,5.20064428e-21,5.1472007399999995e-20
1373,466.883361,4.0303575e-19,5.18418481e-21,5.47609271e-20
1374,466.931188,4.05557033e-19,5.14279201e-21,5.79816319e-20
1375,466.979013,4.07184512e-19,5.07539201e-21,6.10751868e-20
1376,467.026837,4.07968913e-19,4.98184201e-21,6.398493820000001e-20
1377,467.07466,4.07995316e-19,4.86289852e-21,6.665927469999999e-20
1378,467.122482,4.07377683e-19,4.72013877e-21,6.90539191e-20
1379,467.170302,4.06250953e-19,4.55586256e-21,7.11332191e-20
1380,467.218121,4.04761358e-19,4.37297017e-21,7.28707661e-20
1381,467.265939,4.03056044e-19,4.1748549e-21,7.424909059999999e-20
1382,467.313755,4.01272796e-19,3.96528149e-21,7.52591731e-20
1383,467.361571,3.99530522e-19,3.74823358e-21,7.5899888e-20
1384,467.409385,3.97921788e-19,3.52779493e-21,7.61773071e-20
1385,467.457197,3.96506974e-19,3.30795929e-21,7.610440109999999e-20
1386,467.505009,3.95311109e-19,3.09246101e-21,7.570071e-20
1387,467.552819,3.94323395e-19,2.88464158e-21,7.49922805e-20
1388,467.600627,3.93498993e-19,2.68728537e-21,7.40116884e-20
1389,467.648435,3.9276357e-19,2.50252473e-21,7.27981906e-20
1390,467.696241,3.92020256e-19,2.3318172e-21,7.13982874e-20
1391,467.744046,3.91158438e-19,2.17592502e-21,6.98661606e-20
1392,467.79185,3.90064224e-19,2.03498748e-21,6.82644787e-20
1393,467.839652,3.88631592e-19,1.90861482e-21,6.66650351e-20
1394,467.887453,3.86773176e-19,1.79599982e-21,6.51489237e-20
1395,467.935253,3.84429822e-19,1.69605475e-21,6.38062487e-20
1396,467.983052,3.81577568e-19,1.60753122e-21,6.27346968e-20
1397,468.030849,3.78231295e-19,1.52912894e-21,6.20368616e-20
1398,468.078645,3.74444105e-19,1.45957603e-21,6.18160026e-20
1399,468.12644,3.70303036e-19,1.39769536e-21,6.21703354e-20
1400,468.174233,3.65921027e-19,1.34244148e-21,6.31857013e-20
1401,468.222025,3.61425964e-19,1.29291472e-21,6.492719559999999e-20
1402,468.269816,3.56949019e-19,1.24836634e-21,6.74302397e-20
1403,468.317606,3.52612857e-19,1.20818677e-21,7.0692252e-20
1404,468.365394,3.48521659e-19,1.17188787e-21,7.46661728e-20
1405,468.413181,3.44753512e-19,1.13907771e-21,7.925782229999999e-20
1406,468.460967,3.41356664e-19,1.10943864e-21,8.43277294e-20
1407,468.508751,3.38348889e-19,1.08270352e-21,8.96990169e-20
1408,468.556534,3.35719696e-19,1.05863361e-21,9.517171639999999e-20
1409,468.604316,3.3343522e-19,1.0370047e-21,1.0054152399999999e-19
1410,468.652097,3.31444165e-19,1.01759623e-21,1.0562210399999999e-19
1411,468.699876,3.296843e-19,1.00018716e-21,1.10267498e-19
1412,468.747654,3.28088475e-19,9.84555519e-22,1.1439208e-19
1413,468.795431,3.26590041e-19,9.70484019e-22,1.1798414e-19
1414,468.843206,3.25127028e-19,9.57766328e-22,1.2111205e-19
1415,468.89098,3.23645164e-19,9.46212651e-22,1.23921909e-19
1416,468.938753,3.2210012e-19,9.35655106e-22,1.266265e-19
1417,468.986525,3.20458959e-19,9.25948731e-22,1.29487659e-19
1418,469.034295,3.18701208e-19,9.16969227e-22,1.3279354799999998e-19
1419,469.082064,3.1681955e-19,9.08606536e-22,1.36833273e-19
1420,469.129832,3.14820548e-19,9.00757302e-22,1.4186996e-19
1421,469.177598,3.12725051e-19,8.93316126e-22,1.4811416799999999e-19
1422,469.225364,3.10568015e-19,8.86167733e-22,1.55699475e-19
1423,469.273128,3.08398127e-19,8.79184164e-22,1.64659552e-19
1424,469.32089,3.06275929e-19,8.72224668e-22,1.7491211200000001e-19
1425,469.368652,3.04271056e-19,8.65141835e-22,1.86249955e-19
1426,469.416412,3.02458514e-19,8.57793452e-22,1.9834075899999998e-19
1427,469.46417,3.00913376e-19,8.50056187e-22,2.10742372e-19
1428,469.511928,2.99705083e-19,8.41841478e-22,2.22930486e-19
1429,469.559684,2.98891742e-19,8.33111374e-22,2.34337017e-19
1430,469.607439,2.98514634e-19,8.23888475e-22,2.44400433e-19
1431,469.655193,2.98594259e-19,8.14261886e-22,2.5261592200000004e-19
1432,469.702945,2.99128023e-19,8.04385407e-22,2.58582246e-19
1433,469.750696,3.00090074e-19,7.94467671e-22,2.62037469e-19
1434,469.798446,3.01433132e-19,7.84757026e-22,2.62877249e-19
1435,469.846195,3.03092003e-19,7.75520965e-22,2.6115517999999996e-19
1436,469.893942,3.04988135e-19,7.67023824e-22,2.57065648e-19
1437,469.941688,3.07034734e-19,7.59504502e-22,2.5091322e-19
1438,469.989432,3.09141366e-19,7.53158927e-22,2.43075693e-19
1439,470.037176,3.11218262e-19,7.48126853e-22,2.33965791e-19
1440,470.084918,3.13179295e-19,7.44487431e-22,2.23999967e-19
1441,470.132659,3.14944865e-19,7.4226083e-22,2.13573272e-19
1442,470.180398,3.1644387e-19,7.41418214e-22,2.0304590799999998e-19
1443,470.228137,3.17615933e-19,7.41896545e-22,1.9273592799999998e-19
1444,470.275874,3.18413393e-19,7.43616456e-22,1.82920121e-19
1445,470.323609,3.18803776e-19,7.46499648e-22,1.73834629e-19
1446,470.371344,3.18771854e-19,7.5048289e-22,1.65677188e-19
1447,470.419077,3.18321218e-19,7.55524604e-22,1.58608942e-19
1448,470.466809,3.1747481e-19,7.61603836e-22,1.52752178e-19
1449,470.514539,3.16274045e-19,7.68709193e-22,1.48188677e-19
1450,470.562269,3.14776228e-19,7.76821362e-22,1.44956108e-19
1451,470.609997,3.13050875e-19,7.85889508e-22,1.43045721e-19
1452,470.657723,3.11174727e-19,7.9580997e-22,1.42399673e-19
1453,470.705449,3.09226608e-19,8.06409648e-22,1.4291034299999999e-19
1454,470.753173,3.07282981e-19,8.17437933e-22,1.44420808e-19
1455,470.800896,3.05413979e-19,8.28574596e-22,1.46727266e-19
1456,470.848617,3.03681293e-19,8.39448861e-22,1.49583818e-19
1457,470.896338,3.02137085e-19,8.4967248e-22,1.52710741e-19
1458,470.944057,3.00824547e-19,8.5887748e-22,1.5580584999999999e-19
1459,470.991774,2.99778751e-19,8.66758113e-22,1.58560652e-19
1460,471.039491,2.99028013e-19,8.73105974e-22,1.6067955600000002e-19
1461,471.087206,2.98595054e-19,8.77833656e-22,1.61900926e-19
1462,471.13492,2.98497309e-19,8.8098572e-22,1.6201871e-19
1463,471.182633,2.98746639e-19,8.82732313e-22,1.60900741e-19
1464,471.230344,2.99348172e-19,8.83349097e-22,1.5850186699999999e-19
1465,471.278054,3.00298626e-19,8.83186068e-22,1.54869192e-19
1466,471.325763,3.01584342e-19,8.8262993e-22,1.50138896e-19
1467,471.37347,3.03179435e-19,8.82065281e-22,1.4452481200000001e-19
1468,471.421177,3.05044652e-19,8.81838885e-22,1.3829980900000001e-19
1469,471.468881,3.07126718e-19,8.82230746e-22,1.31774712e-19
1470,471.516585,3.09359578e-19,8.83434182e-22,1.252738e-19
1471,471.564287,3.11666079e-19,8.85545986e-22,1.19114771e-19
1472,471.611989,3.13961827e-19,8.88567147e-22,1.13589253e-19
1473,471.659688,3.16159336e-19,8.92412495e-22,1.08949284e-19
1474,471.707387,3.18173871e-19,8.96929747e-22,1.05394698e-19
1475,471.755084,3.199285e-19,9.01923211e-22,1.03065095e-19
1476,471.80278,3.21359677e-19,9.07182804e-22,1.02031517e-19
1477,471.850475,3.22421419e-19,9.12512939e-22,1.0229068599999999e-19
1478,471.898168,3.23088379e-19,9.1775964e-22,1.03761387e-19
1479,471.94586,3.23357346e-19,9.2283286e-22,1.06285614e-19
1480,471.993551,3.23246983e-19,9.27720347e-22,1.0963633e-19
1481,472.041241,3.22796116e-19,9.32492225e-22,1.1353359299999999e-19
1482,472.088929,3.22060715e-19,9.37294655e-22,1.17669064e-19
1483,472.136616,3.21109841e-19,9.42333317e-22,1.21737474e-19
1484,472.184301,3.20021056e-19,9.47846983e-22,1.25470171e-19
1485,472.231986,3.18875383e-19,9.54075414e-22,1.28666725e-19
1486,472.279669,3.17752571e-19,9.61222676e-22,1.3121727399999998e-19
1487,472.327351,3.16726418e-19,9.69423289e-22,1.3311282699999998e-19
1488,472.375031,3.15861106e-19,9.787124e-22,1.3443920600000001e-19
1489,472.422711,3.1520844e-19,9.8900749e-22,1.35356377e-19
1490,472.470389,3.14806705e-19,1.00010108e-21,1.36065864e-19
1491,472.518065,3.1468092e-19,1.01167127e-21,1.36772837e-19
1492,472.565741,3.14844904e-19,1.02330638e-21,1.37649468e-19
1493,472.613415,3.15304696e-19,1.03454069e-21,1.38806341e-19
1494,472.661088,3.16062986e-19,1.04490182e-21,1.4027704899999998e-19
1495,472.708759,3.17123843e-19,1.05395744e-21,1.4201753999999998e-19
1496,472.75643,3.18497193e-19,1.06135998e-21,1.43919553e-19
1497,472.804099,3.20201982e-19,1.06687867e-21,1.45833482e-19
1498,472.851766,3.2226808e-19,1.07041918e-21,1.47595974e-19
1499,472.899433,3.24736303e-19,1.07202507e-21,1.490555e-19
1500,472.947098,3.27656226e-19,1.07186339e-21,1.5009105899999998e-19
1501,472.994762,3.31083074e-19,1.07019833e-21,1.50621801e-19
1502,473.042425,3.35072869e-19,1.06735682e-21,1.5060653999999998e-19
1503,473.090086,3.39676967e-19,1.06369263e-21,1.50035789e-19
1504,473.137746,3.44936586e-19,1.0595536e-21,1.4891975399999998e-19
1505,473.185405,3.50876809e-19,1.05525664e-21,1.47276554e-19
1506,473.233062,3.57501055e-19,1.05107192e-21,1.45124163e-19
1507,473.280718,3.64786616e-19,1.04721615e-21,1.42477801e-19
1508,473.328373,3.7268028e-19,1.04385443e-21,1.39353284e-19
1509,473.376027,3.81095746e-19,1.04110717e-21,1.3577429499999998e-19
1510,473.423679,3.899125e-19,1.03905995e-21,1.31781116e-19
1511,473.47133,3.98977695e-19,1.03777346e-21,1.27437392e-19
1512,473.51898,4.0810961e-19,1.03729238e-21,1.22833403e-19
1513,473.566629,4.17104725e-19,1.03765146e-21,1.18083852e-19
1514,473.614276,4.25747255e-19,1.03887869e-21,1.13320844e-19
1515,473.661922,4.33821775e-19,1.040996e-21,1.08682833e-19
1516,473.709566,4.41126063e-19,1.04401753e-21,1.04302722e-19
1517,473.75721,4.47485773e-19,1.04794683e-21,1.0029576199999999e-19
1518,473.804852,4.52766242e-19,1.05277288e-21,9.67510226e-20
1519,473.852493,4.56883854e-19,1.05846756e-21,9.3725216e-20
1520,473.900132,4.59812152e-19,1.0649839e-21,9.12413946e-20
1521,473.94777,4.61584349e-19,1.07225812e-21,8.929045510000001e-20
1522,473.995407,4.62290295e-19,1.08021464e-21,8.78356061e-20
1523,474.043043,4.62068974e-19,1.08877591e-21,8.68179915e-20
1524,474.090677,4.61096758e-19,1.09787612e-21,8.616273439999999e-20
1525,474.138311,4.59572466e-19,1.10747902e-21,8.578442479999999e-20
1526,474.185942,4.57701093e-19,1.11759476e-21,8.55917448e-20
1527,474.233573,4.55676909e-19,1.12829929e-21,8.54907929e-20
1528,474.281202,4.53668858e-19,1.13974529e-21,8.53876141e-20
1529,474.32883,4.51808191e-19,1.15217043e-21,8.519013650000001e-20
1530,474.376457,4.50180643e-19,1.16589386e-21,8.48102005e-20
1531,474.424082,4.48823158e-19,1.18130291e-21,8.41661721e-20
1532,474.471706,4.47725425e-19,1.19882946e-21,8.31864366e-20
1533,474.519329,4.46836115e-19,1.21891351e-21,8.181392639999999e-20
1534,474.566951,4.46072571e-19,1.24195831e-21,8.00112733e-20
1535,474.614571,4.45332844e-19,1.26827773e-21,7.77659852e-20
1536,474.66219,4.44508407e-19,1.29804313e-21,7.50944545e-20
1537,474.709808,4.43496105e-19,1.33122993e-21,7.20442135e-20
1538,474.757424,4.42207859e-19,1.36757489e-21,6.86932216e-20
1539,474.805039,4.40577073e-19,1.40655295e-21,6.51454907e-20
1540,474.852653,4.38561559e-19,1.4473734e-21,6.15237285e-20
1541,474.900266,4.3614293e-19,1.48900747e-21,5.795893729999999e-20
1542,474.947877,4.3332332e-19,1.53024445e-21,5.45785028e-20
1543,474.995487,4.30120187e-19,1.56977825e-21,5.1493866599999997e-20
1544,475.043096,4.26561014e-19,1.60630766e-21,4.8790146800000004e-20
1545,475.090703,4.22678589e-19,1.63864622e-21,4.65184623e-20
1546,475.13831,4.18507439e-19,1.66582701e-21,4.46921239e-20
1547,475.185915,4.14083099e-19,1.68717832e-21,4.3287801800000005e-20
1548,475.233518,4.09442062e-19,1.70237474e-21,4.2250389299999995e-20
1549,475.28112,4.04623502e-19,1.71144372e-21,4.15016997e-20
1550,475.328721,3.99671506e-19,1.71473404e-21,4.09512646e-20
1551,475.376321,3.94636481e-19,1.71285365e-21,4.05076554e-20
1552,475.42392,3.89575358e-19,1.70658654e-21,4.00888617e-20
1553,475.471517,3.84550204e-19,1.69680346e-21,3.96303706e-20
1554,475.519113,3.79624738e-19,1.68437906e-21,3.90900063e-20
1555,475.566708,3.7486026e-19,1.67012805e-21,3.84492771e-20
1556,475.614301,3.70310766e-19,1.65476535e-21,3.77113844e-20
1557,475.661893,3.66018183e-19,1.63889033e-21,3.68965404e-20
1558,475.709484,3.62009395e-19,1.6229949e-21,3.60357254e-20
1559,475.757073,3.58294679e-19,1.60748565e-21,3.5163847e-20
1560,475.804661,3.54867879e-19,1.59271184e-21,3.4313272699999996e-20
1561,475.852248,3.51708863e-19,1.57899389e-21,3.35086984e-20
1562,475.899834,3.48786992e-19,1.56664276e-21,3.27636685e-20
1563,475.947418,3.46065481e-19,1.55596819e-21,3.2079081499999996e-20
1564,475.995002,3.43505585e-19,1.54727344e-21,3.14435644e-20
1565,476.042583,3.41071004e-19,1.54084149e-21,3.08357494e-20
1566,476.090164,3.38730377e-19,1.53691088e-21,3.02276709e-20
1567,476.137743,3.36459829e-19,1.53565265e-21,2.95893528e-20
1568,476.185321,3.34243367e-19,1.53714737e-21,2.8893468e-20
1569,476.232898,3.32072786e-19,1.54137051e-21,2.81198389e-20
1570,476.280473,3.29946497e-19,1.54818711e-21,2.725895e-20
1571,476.328047,3.27867631e-19,1.55735902e-21,2.63139297e-20
1572,476.37562,3.25842185e-19,1.56856365e-21,2.53008284e-20
1573,476.423192,3.23877099e-19,1.58142405e-21,2.42469623e-20
1574,476.470762,3.2197884e-19,1.59554753e-21,2.31876529e-20
1575,476.518331,3.20152452e-19,1.61057112e-21,2.2161731299999998e-20
1576,476.565899,3.18401564e-19,1.62620694e-21,2.1206700199999998e-20
1577,476.613465,3.16728874e-19,1.64228559e-21,2.03540638e-20
1578,476.66103,3.15136957e-19,1.65879335e-21,1.96254969e-20
1579,476.708594,3.13629406e-19,1.67589599e-21,1.9030489700000002e-20
1580,476.756157,3.12211635e-19,1.69394884e-21,1.85655132e-20
1581,476.803718,3.10891317e-19,1.71348877e-21,1.8214814200000002e-20
1582,476.851278,3.09678125e-19,1.73520879e-21,1.79525742e-20
1583,476.898837,3.08583069e-19,1.75991137e-21,1.7746147100000002e-20
1584,476.946394,3.07617265e-19,1.78844439e-21,1.7559839000000002e-20
1585,476.99395,3.06790401e-19,1.82162323e-21,1.7358786499999998e-20
1586,477.041505,3.06109313e-19,1.86013725e-21,1.71125158e-20
1587,477.089059,3.05576682e-19,1.90445168e-21,1.67977779e-20
1588,477.136611,3.05190135e-19,1.95470916e-21,1.6400435099999998e-20
1589,477.184162,3.04941787e-19,2.01064696e-21,1.5916221100000002e-20
1590,477.231712,3.04818317e-19,2.07153208e-21,1.53504549e-20
1591,477.27926,3.04801425e-19,2.13613506e-21,1.47167755e-20
1592,477.326808,3.04868651e-19,2.20275749e-21,1.40350624e-20
1593,477.374353,3.04994412e-19,2.26929707e-21,1.3329047e-20
1594,477.421898,3.05151202e-19,2.33339288e-21,1.2623480499999999e-20
1595,477.469441,3.05310782e-19,2.39258462e-21,1.19417313e-20
1596,477.516983,3.05445388e-19,2.44452492e-21,1.13034623e-20
1597,477.564524,3.05528847e-19,2.48717735e-21,1.0723036499999999e-20
1598,477.612064,3.05537644e-19,2.51899597e-21,1.0208524299999999e-20
1599,477.659602,3.05451952e-19,2.53905242e-21,9.761469409999999e-21
1600,477.707139,3.05256658e-19,2.54709553e-21,9.37733936e-21
1601,477.754675,3.04942414e-19,2.54353088e-21,9.04667817e-21
1602,477.802209,3.04506723e-19,2.52933175e-21,8.756714649999999e-21
1603,477.849742,3.03954908e-19,2.50589238e-21,8.49325044e-21
1604,477.897274,3.03300926e-19,2.47485119e-21,8.242640010000001e-21
1605,477.944804,3.02567745e-19,2.43791043e-21,7.99355659e-21
1606,477.992334,3.01787024e-19,2.39667298e-21,7.73832658e-21
1607,478.039861,3.009982e-19,2.35252911e-21,7.47375254e-21
1608,478.087388,3.00246409e-19,2.30657712e-21,7.20118017e-21
1609,478.134914,2.99580014e-19,2.25961319e-21,6.92604441e-21
1610,478.182438,2.99047373e-19,2.2121518e-21,6.65681152e-21
1611,478.22996,2.9869352e-19,2.16447873e-21,6.40358658e-21
1612,478.277482,2.98557172e-19,2.11671924e-21,6.17659029e-21
1613,478.325002,2.98668458e-19,2.06891414e-21,5.984750739999999e-21
1614,478.372521,2.99047641e-19,2.02107256e-21,5.8344953400000005e-21
1615,478.420039,2.99705139e-19,1.97321849e-21,5.72898952e-21
1616,478.467555,3.00642757e-19,1.9254138e-21,5.6678036e-21
1617,478.51507,3.0185609e-19,1.87775997e-21,5.64702575e-21
1618,478.562584,3.03337564e-19,1.83039159e-21,5.65976991e-21
1619,478.610097,3.0507981e-19,1.78345705e-21,5.696958909999999e-21
1620,478.657608,3.0707871e-19,1.73709767e-21,5.74827278e-21
1621,478.705118,3.09335811e-19,1.69142442e-21,5.8031416e-21
1622,478.752627,3.11859238e-19,1.64650556e-21,5.85165883e-21
1623,478.800134,3.14663129e-19,1.60235851e-21,5.88533363e-21
1624,478.84764,3.17765607e-19,1.55894722e-21,5.897619439999999e-21
1625,478.895145,3.21184918e-19,1.51619314e-21,5.88418192e-21
1626,478.942649,3.24934672e-19,1.47398892e-21,5.84292167e-21
1627,478.990151,3.29018444e-19,1.43221852e-21,5.7737845e-21
1628,479.037652,3.33424942e-19,1.39077558e-21,5.67841317e-21
1629,479.085152,3.38123618e-19,1.34958594e-21,5.55972707e-21
1630,479.13265,3.43062049e-19,1.30862356e-21,5.42149529e-21
1631,479.180148,3.48165719e-19,1.26791689e-21,5.2679476199999995e-21
1632,479.227643,3.53338633e-19,1.22755803e-21,5.10350897e-21
1633,479.275138,3.58467901e-19,1.18768817e-21,4.93256583e-21
1634,479.322631,3.6342753e-19,1.14849511e-21,4.759378809999999e-21
1635,479.370123,3.68085376e-19,1.11019034e-21,4.58796836e-21
1636,479.417614,3.72309353e-19,1.0729943e-21,4.4220455e-21
1637,479.465104,3.75974316e-19,1.03711833e-21,4.26490431e-21
1638,479.512592,3.7896853e-19,1.00275132e-21,4.11929906e-21
1639,479.560079,3.81199906e-19,9.70048092e-22,3.98730851e-21
1640,479.607564,3.82601084e-19,9.39127987e-22,3.870257999999999e-21
1641,479.655049,3.83134035e-19,9.10072029e-22,3.76869259e-21
1642,479.702532,3.827931e-19,8.82931452e-22,3.6824838799999995e-21
1643,479.750014,3.81606749e-19,8.57729507e-22,3.6110133e-21
1644,479.797494,3.7963721e-19,8.34471188e-22,3.5534664999999994e-21
1645,479.844973,3.7697771e-19,8.13147181e-22,3.50914822e-21
1646,479.892451,3.73747437e-19,7.93739997e-22,3.4777814299999995e-21
1647,479.939928,3.70084099e-19,7.76226094e-22,3.4597122699999995e-21
1648,479.987403,3.66134815e-19,7.60577055e-22,3.4559814400000004e-21
1649,480.034877,3.62045755e-19,7.46757961e-22,3.4682397499999995e-21
1650,480.08235,3.57952496e-19,7.34726884e-22,3.49851942e-21
1651,480.129822,3.53971463e-19,7.24432449e-22,3.5488957999999995e-21
1652,480.177292,3.50193988e-19,7.15812021e-22,3.62109624e-21
1653,480.224761,3.46683232e-19,7.08789653e-22,3.71612815e-21
1654,480.272229,3.43475067e-19,7.0327608e-22,3.83397298e-21
1655,480.319695,3.40581845e-19,6.99168979e-22,3.97340292e-21
1656,480.36716,3.3799847e-19,6.96354277e-22,4.13195972e-21
1657,480.414624,3.3571017e-19,6.94709113e-22,4.306078e-21
1658,480.462087,3.33700086e-19,6.9410514e-22,4.491369199999999e-21
1659,480.509548,3.31955792e-19,6.94412378e-22,4.6830230899999995e-21
1660,480.557008,3.30473524e-19,6.95503102e-22,4.87630722e-21
1661,480.604466,3.29259891e-19,6.97255334e-22,5.06706511e-21
1662,480.651924,3.28330363e-19,6.99555906e-22,5.2522126799999995e-21
1663,480.69938,3.27705437e-19,7.0230239e-22,5.43007968e-21
1664,480.746835,3.27404538e-19,7.05404976e-22,5.60063109e-21
1665,480.794288,3.2743921e-19,7.08787126e-22,5.76540993e-21
1666,480.841741,3.27806375e-19,7.12386119e-22,5.92725292e-21
1667,480.889192,3.28482856e-19,7.16151751e-22,6.08970462e-21
1668,480.936641,3.29422141e-19,7.20044546e-22,6.25626693e-21
1669,480.98409,3.30554012e-19,7.24031603e-22,6.429518409999999e-21
1670,481.031537,3.31787016e-19,7.28079581e-22,6.61024195e-21
1671,481.078983,3.33014061e-19,7.32146534e-22,6.79679241e-21
1672,481.126428,3.34119955e-19,7.36171321e-22,6.98477595e-21
1673,481.173871,3.349903e-19,7.40063321e-22,7.16721392e-21
1674,481.221313,3.35520539e-19,7.43694446e-22,7.33523751e-21
1675,481.268754,3.35623848e-19,7.46895021e-22,7.47923242e-21
1676,481.316193,3.3523716e-19,7.49456372e-22,7.590330129999999e-21
1677,481.363631,3.34324512e-19,7.51141158e-22,7.662014279999999e-21
1678,481.411068,3.32877587e-19,7.51700757e-22,7.69155289e-21
1679,481.458504,3.30913645e-19,7.50898697e-22,7.68102672e-21
1680,481.505938,3.28471471e-19,7.48536811e-22,7.637742289999999e-21
1681,481.553371,3.25605863e-19,7.44479972e-22,7.57393934e-21
1682,481.600803,3.22382035e-19,7.38675748e-22,7.50584664e-21
1683,481.648233,3.18870316e-19,7.31165549e-22,7.45225833e-21
1684,481.695663,3.15141454e-19,7.22084335e-22,7.432901889999999e-21
1685,481.743091,3.11263969e-19,7.11651426e-22,7.466935279999999e-21
1686,481.790517,3.07301716e-19,7.00150007e-22,7.5718518e-21
1687,481.837943,3.03312825e-19,6.87901361e-22,7.76304516e-21
1688,481.885367,2.99349761e-19,6.75238752e-22,8.05406392e-21
1689,481.932789,2.95458536e-19,6.62479964e-22,8.457545709999999e-21
1690,481.980211,2.91678286e-19,6.49906206e-22,8.98656264e-21
1691,482.027631,2.88041007e-19,6.37749587e-22,9.6559047e-21
1692,482.07505,2.8456993e-19,6.26184635e-22,1.0483059e-20
1693,482.122468,2.81278637e-19,6.1532957e-22,1.14881675e-20
1694,482.169884,2.78170016e-19,6.05251661e-22,1.26927162e-20
1695,482.217299,2.75235543e-19,5.95975102e-22,1.41168281e-20
1696,482.264713,2.72455825e-19,5.8749129e-22,1.57750133e-20
1697,482.312126,2.69801921e-19,5.79767665e-22,1.76710159e-20
1698,482.359537,2.67237905e-19,5.72755544e-22,1.9792366299999998e-20
1699,482.406947,2.64724188e-19,5.66395878e-22,2.2105904199999998e-20
1700,482.454356,2.62221831e-19,5.60624954e-22,2.45549534e-20
1701,482.501763,2.59696866e-19,5.55379412e-22,2.70595084e-20
1702,482.549169,2.57124118e-19,5.50601641e-22,2.9520122e-20
1703,482.596574,2.54490459e-19,5.46246912e-22,3.18250277e-20
1704,482.643977,2.51796581e-19,5.42290968e-22,3.3860329899999996e-20
1705,482.69138,2.49056944e-19,5.38737323e-22,3.55219358e-20
1706,482.738781,2.4629871e-19,5.35624043e-22,3.67268756e-20
1707,482.78618,2.43558456e-19,5.33026456e-22,3.74231338e-20
1708,482.833579,2.40878181e-19,5.31056044e-22,3.7595519099999997e-20
1709,482.880976,2.3830115e-19,5.29854291e-22,3.72670373e-20
1710,482.928372,2.35867151e-19,5.29580856e-22,3.64956525e-20
1711,482.975766,2.3360918e-19,5.303983e-22,3.53669954e-20
1712,483.02316,2.3155087e-19,5.32454834e-22,3.3984326e-20
1713,483.070552,2.29706013e-19,5.35867591e-22,3.24578038e-20
1714,483.117942,2.28079024e-19,5.40709554e-22,3.0894114800000004e-20
1715,483.165332,2.26667016e-19,5.47002051e-22,2.9388238e-20
1716,483.21272,2.25462842e-19,5.54712534e-22,2.80181947e-20
1717,483.260107,2.24457972e-19,5.63759916e-22,2.68423164e-20
1718,483.307493,2.23645365e-19,5.74022719e-22,2.58994961e-20
1719,483.354877,2.23021362e-19,5.85348999e-22,2.52112945e-20
1720,483.40226,2.22586447e-19,5.97565393e-22,2.47852988e-20
1721,483.449642,2.22344924e-19,6.10480362e-22,2.46191887e-20
1722,483.497022,2.22303542e-19,6.23882109e-22,2.47048037e-20
1723,483.544401,2.22469479e-19,6.37531795e-22,2.50319851e-20
1724,483.591779,2.22848132e-19,6.51151677e-22,2.5591967899999998e-20
1725,483.639156,2.23441112e-19,6.64414776e-22,2.63801937e-20
1726,483.686531,2.24244773e-19,6.76939161e-22,2.73984652e-20
1727,483.733905,2.25249571e-19,6.88292838e-22,2.86564774e-20
1728,483.781278,2.26440143e-19,6.98009464e-22,3.01724714e-20
1729,483.82865,2.27796118e-19,7.05618182e-22,3.19731777e-20
1730,483.87602,2.29293369e-19,7.10683674e-22,3.4092980500000004e-20
1731,483.923389,2.30905598e-19,7.12852085e-22,3.65727056e-20
1732,483.970756,2.32605662e-19,7.11894564e-22,3.9457803899999996e-20
1733,484.018123,2.34366944e-19,7.07742112e-22,4.2797029499999994e-20
1734,484.065488,2.36163964e-19,7.00505024e-22,4.66407172e-20
1735,484.112852,2.37973142e-19,6.90471825e-22,5.1040528599999995e-20
1736,484.160214,2.39772845e-19,6.78088667e-22,5.6048908e-20
1737,484.207575,2.41543626e-19,6.6391947e-22,6.171961709999999e-20
1738,484.254935,2.43268147e-19,6.48595309e-22,6.81074164e-20
1739,484.302294,2.44931304e-19,6.32758017e-22,7.52671845e-20
1740,484.349651,2.46520321e-19,6.17007045e-22,8.325101679999999e-20
1741,484.397008,2.48025012e-19,6.01854009e-22,9.21037206e-20
1742,484.444362,2.49437543e-19,5.87694992e-22,1.01853321e-19
1743,484.491716,2.50752633e-19,5.74792557e-22,1.12502429e-19
1744,484.539068,2.51966828e-19,5.6327961e-22,1.2401346600000002e-19
1745,484.586419,2.53078148e-19,5.53170043e-22,1.36297581e-19
1746,484.633769,2.54085273e-19,5.44381314e-22,1.49202938e-19
1747,484.681117,2.54986906e-19,5.36760121e-22,1.62508246e-19
1748,484.728464,2.55781401e-19,5.30108274e-22,1.75923964e-19
1749,484.77581,2.56466649e-19,5.2420731e-22,1.8910026e-19
1750,484.823155,2.57040509e-19,5.18838356e-22,2.01645071e-19
1751,484.870498,2.57501657e-19,5.13797593e-22,2.13149825e-19
1752,484.91784,2.57850823e-19,5.08906768e-22,2.23221971e-19
1753,484.965181,2.58092116e-19,5.04020394e-22,2.31518194e-19
1754,485.01252,2.58234295e-19,4.99029448e-22,2.3777651799999997e-19
1755,485.059858,2.58291677e-19,4.93862285e-22,2.4184220800000003e-19
1756,485.107195,2.58284439e-19,4.88484184e-22,2.4368258e-19
1757,485.154531,2.58238183e-19,4.82894796e-22,2.4338999e-19
1758,485.201865,2.58182707e-19,4.77124311e-22,2.41171526e-19
1759,485.249198,2.58150031e-19,4.71227791e-22,2.37326546e-19
1760,485.29653,2.58171893e-19,4.65279146e-22,2.32215287e-19
1761,485.34386,2.58276955e-19,4.59364099e-22,2.26222546e-19
1762,485.39119,2.58488046e-19,4.53572517e-22,2.19720303e-19
1763,485.438517,2.58819694e-19,4.47992721e-22,2.13036103e-19
1764,485.485844,2.59276294e-19,4.42704572e-22,2.06426943e-19
1765,485.533169,2.59850875e-19,4.37776744e-22,2.00066873e-19
1766,485.580493,2.60524765e-19,4.33263597e-22,1.94043734e-19
1767,485.627816,2.61267934e-19,4.29205282e-22,1.88368777e-19
1768,485.675138,2.62040103e-19,4.25628918e-22,1.82994669e-19
1769,485.722458,2.6279251e-19,4.22551229e-22,1.7783955e-19
1770,485.769777,2.63470383e-19,4.19981676e-22,1.72812541e-19
1771,485.817094,2.64015934e-19,4.17926276e-22,1.67837947e-19
1772,485.864411,2.64372049e-19,4.16390649e-22,1.62873149e-19
1773,485.911726,2.6448632e-19,4.1538287e-22,1.57920279e-19
1774,485.95904,2.64315466e-19,4.14914845e-22,1.5302821999999998e-19
1775,486.006352,2.63829549e-19,4.15003017e-22,1.48288355e-19
1776,486.053663,2.63015606e-19,4.15667932e-22,1.43823725e-19
1777,486.100973,2.6188018e-19,4.16933139e-22,1.39775745e-19
1778,486.148282,2.60450187e-19,4.18823676e-22,1.36289963e-19
1779,486.195589,2.58771815e-19,4.21364523e-22,1.3350369799999998e-19
1780,486.242895,2.56907172e-19,4.24579617e-22,1.31536627e-19
1781,486.2902,2.54929231e-19,4.28491159e-22,1.30485598e-19
1782,486.337504,2.52915286e-19,4.33119695e-22,1.30422631e-19
1783,486.384806,2.50939922e-19,4.3848449e-22,1.3139547900000002e-19
1784,486.432107,2.49068202e-19,4.44604466e-22,1.33429366e-19
1785,486.479407,2.47350439e-19,4.51498189e-22,1.36528311e-19
1786,486.526705,2.45818904e-19,4.59183312e-22,1.4067479e-19
1787,486.574002,2.44486983e-19,4.67675514e-22,1.4582757399999998e-19
1788,486.621298,2.43351113e-19,4.7698536e-22,1.51917025e-19
1789,486.668593,2.42394799e-19,4.87114817e-22,1.5883943399999998e-19
1790,486.715886,2.41594216e-19,4.98052986e-22,1.6645144799999998e-19
1791,486.763178,2.40924369e-19,5.09773078e-22,1.74567318e-19
1792,486.810469,2.40365007e-19,5.2222917e-22,1.8295921e-19
1793,486.857758,2.3990528e-19,5.35355273e-22,1.9136322599999998e-19
1794,486.905046,2.39546542e-19,5.49067343e-22,1.99491751e-19
1795,486.952333,2.39303136e-19,5.63265429e-22,2.07049779e-19
1796,486.999619,2.3920109e-19,5.77837858e-22,2.1375531e-19
1797,487.046903,2.39275177e-19,5.92664609e-22,2.19360308e-19
1798,487.094186,2.39564934e-19,6.07620326e-22,2.2367019e-19
1799,487.141468,2.40110327e-19,6.22572707e-22,2.2655796699999997e-19
1800,487.188748,2.40947724e-19,6.37378599e-22,2.27972564e-19
1801,487.236027,2.42106796e-19,6.5187826e-22,2.27939851e-19
1802,487.283305,2.43608576e-19,6.65886433e-22,2.26556355e-19
1803,487.330582,2.45464918e-19,6.79185683e-22,2.23977267e-19
1804,487.377857,2.47679206e-19,6.9152282e-22,2.20400166e-19
1805,487.425131,2.50248329e-19,7.02612403e-22,2.1604605499999998e-19
1806,487.472404,2.53165139e-19,7.12146029e-22,2.1114032599999997e-19
1807,487.519675,2.56421349e-19,7.19810081e-22,2.05894855e-19
1808,487.566945,2.60010604e-19,7.25309669e-22,2.0049246099999999e-19
1809,487.614214,2.63930692e-19,7.28394312e-22,1.9507610199999998e-19
1810,487.661482,2.68185203e-19,7.28883417e-22,1.89742774e-19
1811,487.708748,2.72783937e-19,7.26686689e-22,1.8454339e-19
1812,487.756013,2.77742462e-19,7.21816207e-22,1.79488058e-19
1813,487.803277,2.8307984e-19,7.14388586e-22,1.74557152e-19
1814,487.85054,2.88815584e-19,7.04616972e-22,1.69715497e-19
1815,487.897801,2.94965554e-19,6.9279442e-22,1.64928096e-19
1816,487.945061,3.01537987e-19,6.79270066e-22,1.60174158e-19
1817,487.992319,3.08528713e-19,6.64424093e-22,1.55458127e-19
1818,488.039577,3.15918242e-19,6.48640649e-22,1.5081440700000002e-19
1819,488.086833,3.23668104e-19,6.32287675e-22,1.4630734499999998e-19
1820,488.134088,3.317206e-19,6.15697334e-22,1.4202466999999999e-19
1821,488.181341,3.39998012e-19,5.99156466e-22,1.3806884e-19
1822,488.228593,3.48404471e-19,5.8290004e-22,1.34546815e-19
1823,488.275844,3.56827532e-19,5.6711237e-22,1.31562221e-19
1824,488.323094,3.65141068e-19,5.51930997e-22,1.29210648e-19
1825,488.370342,3.73208252e-19,5.3745386e-22,1.27579084e-19
1826,488.417589,3.80885619e-19,5.2374646e-22,1.2674835799999999e-19
1827,488.464835,3.88026626e-19,5.10850914e-22,1.2679689799999998e-19
1828,488.51208,3.94486714e-19,4.9879277e-22,1.2780263e-19
1829,488.559323,4.00129105e-19,4.87586849e-22,1.29840656e-19
1830,488.606565,4.04832135e-19,4.77240394e-22,1.32975216e-19
1831,488.653806,4.08496555e-19,4.6775602e-22,1.37245464e-19
1832,488.701045,4.11053384e-19,4.59132487e-22,1.4264688700000002e-19
1833,488.748283,4.12470837e-19,4.51364146e-22,1.4911212999999999e-19
1834,488.79552,4.12758637e-19,4.4444118e-22,1.56494468e-19
1835,488.842756,4.11969324e-19,4.38349124e-22,1.6455927899999998e-19
1836,488.88999,4.10195475e-19,4.33069064e-22,1.72986388e-19
1837,488.937223,4.07562632e-19,4.28577837e-22,1.81385968e-19
1838,488.984455,4.04218863e-19,4.24849325e-22,1.8932553399999999e-19
1839,489.031685,4.00322101e-19,4.21855397e-22,1.96366637e-19
1840,489.078914,3.96026623e-19,4.19566568e-22,2.02106142e-19
1841,489.126142,3.91471326e-19,4.17952605e-22,2.0621460699999999e-19
1842,489.173369,3.86770622e-19,4.16982168e-22,2.08467474e-19
1843,489.220594,3.8200949e-19,4.16621822e-22,2.0876348599999998e-19
1844,489.267818,3.77242457e-19,4.16834442e-22,2.07127978e-19
1845,489.315041,3.72497145e-19,4.17577401e-22,2.0370095199999998e-19
1846,489.362262,3.67780504e-19,4.18800733e-22,1.9871313000000001e-19
1847,489.409482,3.63086401e-19,4.20445984e-22,1.9245384099999998e-19
1848,489.456701,3.58404049e-19,4.22445862e-22,1.85237511e-19
1849,489.503919,3.53725022e-19,4.24725189e-22,1.77373395e-19
1850,489.551135,3.4904856e-19,4.27203071e-22,1.69143337e-19
1851,489.59835,3.44384049e-19,4.29796409e-22,1.60788858e-19
1852,489.645564,3.39751611e-19,4.32423783e-22,1.52509268e-19
1853,489.692776,3.35180152e-19,4.3500956e-22,1.44467139e-19
1854,489.739988,3.30703292e-19,4.37487604e-22,1.36797461e-19
1855,489.787198,3.26355282e-19,4.39803143e-22,1.29619094e-19
1856,489.834406,3.22165303e-19,4.41913695e-22,1.2304098399999998e-19
1857,489.881614,3.18152758e-19,4.43787892e-22,1.17164317e-19
1858,489.92882,3.14324084e-19,4.45402697e-22,1.1207958499999999e-19
1859,489.976024,3.10670096e-19,4.46740361e-22,1.07857438e-19
1860,490.023228,3.0716583e-19,4.47785127e-22,1.04538309e-19
1861,490.07043,3.03772823e-19,4.48520754e-22,1.02123076e-19
1862,490.117631,3.00442248e-19,4.48929863e-22,1.0056635999999999e-19
1863,490.164831,2.97120251e-19,4.48994762e-22,9.977635499999999e-20
1864,490.212029,2.93753652e-19,4.48699942e-22,9.96207822e-20
1865,490.259226,2.90295315e-19,4.48035437e-22,9.99389005e-20
1866,490.306422,2.8670903e-19,4.47000248e-22,1.0055777e-19
1867,490.353616,2.82972708e-19,4.45604947e-22,1.01310073e-19
1868,490.40081,2.79079415e-19,4.43872558e-22,1.0205081499999999e-19
1869,490.448002,2.75037473e-19,4.41837887e-22,1.02670063e-19
1870,490.495192,2.70868018e-19,4.39544644e-22,1.03100289e-19
1871,490.542382,2.66602046e-19,4.3704144e-22,1.0331721700000001e-19
1872,490.58957,2.62277682e-19,4.34377708e-22,1.03334691e-19
1873,490.636757,2.57936529e-19,4.3159939e-22,1.0319499e-19
1874,490.683942,2.53621757e-19,4.28746429e-22,1.02956482e-19
1875,490.731126,2.49376241e-19,4.25851388e-22,1.0268093e-19
1876,490.778309,2.45242179e-19,4.22940145e-22,1.0242249e-19
1877,490.825491,2.41260951e-19,4.2003367e-22,1.02219815e-19
1878,490.872672,2.37473366e-19,4.17150553e-22,1.02091945e-19
1879,490.919851,2.33919951e-19,4.14309553e-22,1.0203782999999999e-19
1880,490.967029,2.30640637e-19,4.11531197e-22,1.0203867e-19
1881,491.014205,2.27674563e-19,4.08838666e-22,1.02061949e-19
1882,491.06138,2.2505886e-19,4.06256948e-22,1.0206595900000001e-19
1883,491.108554,2.22827591e-19,4.03811357e-22,1.0200395e-19
1884,491.155727,2.21010211e-19,4.01525237e-22,1.01827496e-19
1885,491.202899,2.19630047e-19,3.99417728e-22,1.01489147e-19
1886,491.250069,2.18702843e-19,3.97502145e-22,1.0094479599999999e-19
1887,491.297238,2.18235327e-19,3.95785152e-22,1.0015618e-19
1888,491.344405,2.18224034e-19,3.94267342e-22,9.90939873e-20
1889,491.391572,2.18654169e-19,3.92944454e-22,9.77412542e-20
1890,491.438737,2.19498664e-19,3.91809589e-22,9.60970386e-20
1891,491.4859,2.20717592e-19,3.9085509e-22,9.41789756e-20
1892,491.533063,2.22258151e-19,3.9007418e-22,9.202427480000001e-20
1893,491.580224,2.240551e-19,3.89461725e-22,8.968877469999999e-20
1894,491.627384,2.26032528e-19,3.89013593e-22,8.72429621e-20
1895,491.674542,2.28106282e-19,3.8872504e-22,8.47664494e-20
1896,491.7217,2.30187833e-19,3.88588133e-22,8.234074609999999e-20
1897,491.768856,2.32188501e-19,3.88588943e-22,8.00425612e-20
1898,491.816011,2.34024868e-19,3.88705052e-22,7.79373991e-20
1899,491.863164,2.35623786e-19,3.88904194e-22,7.607558219999999e-20
1900,491.910316,2.36927352e-19,3.89144537e-22,7.44899852e-20
1901,491.957467,2.3789672e-19,3.89376896e-22,7.31960159e-20
1902,492.004617,2.38514727e-19,3.89548821e-22,7.21927794e-20
1903,492.051765,2.38786857e-19,3.89610106e-22,7.14649511e-20
1904,492.098912,2.3874047e-19,3.89518963e-22,7.098462799999999e-20
1905,492.146058,2.38422305e-19,3.89247865e-22,7.071301039999999e-20
1906,492.193203,2.37894628e-19,3.88788158e-22,7.060176359999999e-20
1907,492.240346,2.37230368e-19,3.88152635e-22,7.059448999999999e-20
1908,492.287488,2.36507727e-19,3.87375578e-22,7.06287262e-20
1909,492.334628,2.35804955e-19,3.86510374e-22,7.06388014e-20
1910,492.381768,2.35195591e-19,3.85624884e-22,7.055962290000001e-20
1911,492.428906,2.34744869e-19,3.84795613e-22,7.03311404e-20
1912,492.476043,2.34507155e-19,3.84101098e-22,6.99029242e-20
1913,492.523178,2.34524798e-19,3.83615863e-22,6.923819979999999e-20
1914,492.570312,2.34828018e-19,3.83405277e-22,6.83165985e-20
1915,492.617445,2.35435624e-19,3.83521973e-22,6.713530420000001e-20
1916,492.664577,2.36356133e-19,3.84003722e-22,6.570836279999999e-20
1917,492.711708,2.37588937e-19,3.84872615e-22,6.40643842e-20
1918,492.758837,2.39125195e-19,3.86135058e-22,6.22431118e-20
1919,492.805964,2.4094845e-19,3.87782193e-22,6.02912683e-20
1920,492.853091,2.43034941e-19,3.89790308e-22,5.82583595e-20
1921,492.900216,2.45353426e-19,3.92120648e-22,5.6193181e-20
1922,492.94734,2.47865675e-19,3.94719572e-22,5.41404198e-20
1923,492.994463,2.50526895e-19,3.9751842e-22,5.2138484199999995e-20
1924,493.041584,2.53286908e-19,4.00434212e-22,5.0217909599999995e-20
1925,493.088705,2.56092291e-19,4.03371858e-22,4.84002945e-20
1926,493.135823,2.58888463e-19,4.06227319e-22,4.6698337300000003e-20
1927,493.182941,2.61623397e-19,4.08893769e-22,4.5115736599999995e-20
1928,493.230057,2.64250243e-19,4.11268015e-22,4.36485016e-20
1929,493.277172,2.66730982e-19,4.13259026e-22,4.22861635e-20
1930,493.324286,2.69038951e-19,4.14795788e-22,4.10139414e-20
1931,493.371398,2.71160903e-19,4.15834352e-22,3.9815173e-20
1932,493.41851,2.73098264e-19,4.16362813e-22,3.86738439e-20
1933,493.46562,2.74866803e-19,4.16403187e-22,3.75772727e-20
1934,493.512728,2.76495691e-19,4.160103e-22,3.6517992199999995e-20
1935,493.559835,2.78025126e-19,4.15267388e-22,3.54949906e-20
1936,493.606941,2.79502994e-19,4.14279299e-22,3.4513880899999994e-20
1937,493.654046,2.80980973e-19,4.13164123e-22,3.35858015e-20
1938,493.70115,2.82510268e-19,4.12044312e-22,3.2725212299999996e-20
1939,493.748252,2.84137416e-19,4.11038318e-22,3.1946861299999997e-20
1940,493.795353,2.85900687e-19,4.10253408e-22,3.12623016e-20
1941,493.842452,2.87827059e-19,4.09780304e-22,3.0676727699999997e-20
1942,493.889551,2.89930534e-19,4.09689432e-22,3.0186486e-20
1943,493.936648,2.92211033e-19,4.10028771e-22,2.97780572e-20
1944,493.983744,2.9465489e-19,4.10822742e-22,2.94285151e-20
1945,494.030838,2.97235625e-19,4.12071789e-22,2.9107775599999996e-20
1946,494.077931,2.99915731e-19,4.13752467e-22,2.87821387e-20
1947,494.125023,3.026484e-19,4.15817732e-22,2.84186864e-20
1948,494.172114,3.05379586e-19,4.18197807e-22,2.79897046e-20
1949,494.219203,3.08049932e-19,4.20801837e-22,2.74763941e-20
1950,494.266291,3.10596882e-19,4.23521055e-22,2.68711527e-20
1951,494.313378,3.12956438e-19,4.26233238e-22,2.61781447e-20
1952,494.360464,3.15065236e-19,4.28809138e-22,2.54120212e-20
1953,494.407548,3.16862749e-19,4.31120387e-22,2.4595157899999997e-20
1954,494.454631,3.18293927e-19,4.33048651e-22,2.3753884000000003e-20
1955,494.501713,3.19311888e-19,4.34494704e-22,2.29145781e-20
1956,494.548793,3.19881e-19,4.35386933e-22,2.2100156500000002e-20
1957,494.595872,3.19979959e-19,4.35688107e-22,2.1327472400000002e-20
1958,494.64295,3.19604467e-19,4.35399351e-22,2.0606064499999997e-20
1959,494.690026,3.18769337e-19,4.34561106e-22,1.99381111e-20
1960,494.737102,3.17509426e-19,4.33250591e-22,1.9319398099999997e-20
1961,494.784176,3.1587943e-19,4.31576418e-22,1.8741164000000002e-20
1962,494.831248,3.1395188e-19,4.29670464e-22,1.81921082e-20
1963,494.87832,3.1181366e-19,4.27678227e-22,1.76604788e-20
1964,494.92539,3.09561523e-19,4.25748965e-22,1.71359446e-20
1965,494.972459,3.07296053e-19,4.24025741e-22,1.66108778e-20
1966,495.019526,3.05115658e-19,4.22637286e-22,1.60812638e-20
1967,495.066593,3.03110165e-19,4.21691452e-22,1.55469883e-20
1968,495.113658,3.01355561e-19,4.21271219e-22,1.50118004e-20
1969,495.160721,2.99909215e-19,4.21432513e-22,1.44827457e-20
1970,495.207784,2.98806901e-19,4.22204108e-22,1.39693745e-20
1971,495.254845,2.98061611e-19,4.23588517e-22,1.3482824199999999e-20
1972,495.301905,2.97663832e-19,4.25563518e-22,1.3034664699999999e-20
1973,495.348963,2.97583827e-19,4.28083305e-22,1.26358784e-20
1974,495.396021,2.97775291e-19,4.31079317e-22,1.22958342e-20
1975,495.443077,2.98180174e-19,4.34459644e-22,1.20215182e-20
1976,495.490131,2.98734173e-19,4.38108643e-22,1.18168607e-20
1977,495.537185,2.99372391e-19,4.41886441e-22,1.1682355799999999e-20
1978,495.584237,3.00034449e-19,4.45628995e-22,1.1614927099999999e-20
1979,495.631288,3.00668875e-19,4.49151379e-22,1.16079999e-20
1980,495.678337,3.01236047e-19,4.52253208e-22,1.16518635e-20
1981,495.725386,3.01709768e-19,4.54728282e-22,1.1734279500000001e-20
1982,495.772433,3.0207716e-19,4.56376747e-22,1.1841326e-20
1983,495.819479,3.02337324e-19,4.57020391e-22,1.19584676e-20
1984,495.866523,3.02498744e-19,4.5651797e-22,1.20717411e-20
1985,495.913566,3.02576015e-19,4.54779337e-22,1.21689809e-20
1986,495.960608,3.02586174e-19,4.51775917e-22,1.2240904499999999e-20
1987,496.007649,3.02545077e-19,4.4754589e-22,1.2281933600000001e-20
1988,496.054688,3.0246412e-19,4.421931e-22,1.2290602e-20
1989,496.101726,3.02347524e-19,4.35879064e-22,1.2269470599999999e-20
1990,496.148763,3.02190371e-19,4.28810092e-22,1.2224529599999999e-20
1991,496.195799,3.01977458e-19,4.21220272e-22,1.21641681e-20
1992,496.242833,3.01683047e-19,4.13353126e-22,1.20978505e-20
1993,496.289866,3.01271501e-19,4.05443267e-22,1.2034691699999998e-20
1994,496.336897,3.00698902e-19,3.97701846e-22,1.19821621e-20
1995,496.383928,2.99915501e-19,3.90304449e-22,1.19450991e-20
1996,496.430957,2.98869173e-19,3.8338546e-22,1.19251914e-20
1997,496.477985,2.97509331e-19,3.770346e-22,1.19209802e-20
1998,496.525011,2.95791433e-19,3.71299132e-22,1.1928387e-20
1999,496.572036,2.93681237e-19,3.66187686e-22,1.1941659099999998e-20
2000,496.61906,2.91158736e-19,3.61676939e-22,1.19545849e-20
2001,496.666083,2.88220944e-19,3.57718823e-22,1.1961783800000001e-20
2002,496.713104,2.84883336e-19,3.54248337e-22,1.1959871999999999e-20
2003,496.760125,2.81179187e-19,3.51190927e-22,1.1948322700000001e-20
2004,496.807143,2.7715808e-19,3.48470299e-22,1.19298875e-20
2005,496.854161,2.72881416e-19,3.46014292e-22,1.1910504300000001e-20
2006,496.901177,2.68418687e-19,3.43761167e-22,1.1898708599999998e-20
2007,496.948192,2.63841706e-19,3.41663538e-22,1.19046179e-20
2008,496.995206,2.5922013e-19,3.39691392e-22,1.1938654e-20
2009,497.042218,2.54617453e-19,3.3783307e-22,1.20101886e-20
2010,497.089229,2.5008792e-19,3.36094224e-22,1.21263452e-20
2011,497.136239,2.45675441e-19,3.34495174e-22,1.2291145899999998e-20
2012,497.183248,2.41413442e-19,3.33066661e-22,1.25051737e-20
2013,497.230255,2.37325943e-19,3.31844771e-22,1.2765826799999998e-20
2014,497.277261,2.33428916e-19,3.30865656e-22,1.30681912e-20
2015,497.324266,2.29732325e-19,3.30161055e-22,1.34063805e-20
2016,497.371269,2.26241629e-19,3.29754979e-22,1.37752003e-20
2017,497.418271,2.22958522e-19,3.29662011e-22,1.4171908299999998e-20
2018,497.465272,2.19881464e-19,3.29887266e-22,1.45977196e-20
2019,497.512272,2.17005302e-19,3.3042747e-22,1.5058862e-20
2020,497.55927,2.14320651e-19,3.31272522e-22,1.5566917300000002e-20
2021,497.606267,2.11813005e-19,3.32406806e-22,1.61383776e-20
2022,497.653263,2.09462534e-19,3.33809387e-22,1.67932993e-20
2023,497.700258,2.07244282e-19,3.35452846e-22,1.7553273100000002e-20
2024,497.747251,2.05129317e-19,3.37300759e-22,1.8438881599999998e-20
2025,497.794243,2.03086561e-19,3.39304608e-22,1.94670868e-20
2026,497.841233,2.01085635e-19,3.41400706e-22,2.06487317e-20
2027,497.888223,1.99099636e-19,3.43508919e-22,2.19868473e-20
2028,497.935211,1.97108302e-19,3.45533363e-22,2.3475558700000002e-20
2029,497.982197,1.95100014e-19,3.47366799e-22,2.51003786e-20
2030,498.029183,1.93072987e-19,3.48897846e-22,2.68393999e-20
2031,498.076167,1.91035422e-19,3.50020408e-22,2.8665064e-20
2032,498.12315,1.89003764e-19,3.50644629e-22,3.05469019e-20
2033,498.170132,1.87000279e-19,3.50706854e-22,3.24539815e-20
2034,498.217112,1.8504973e-19,3.50177424e-22,3.4357227700000004e-20
2035,498.264091,1.83175711e-19,3.49064675e-22,3.6231322699999995e-20
2036,498.311069,1.81397568e-19,3.47414463e-22,3.8055681699999997e-20
2037,498.358045,1.79727966e-19,3.45305279e-22,3.98149049e-20
2038,498.405021,1.78171401e-19,3.42839432e-22,4.1498884e-20
2039,498.451995,1.76724253e-19,3.40132446e-22,4.31022368e-20
2040,498.498967,1.75375434e-19,3.37301248e-22,4.46241764e-20
2041,498.545939,1.7410803e-19,3.34453659e-22,4.60682368e-20
2042,498.592909,1.72901521e-19,3.31680738e-22,4.7441950299999997e-20
2043,498.639878,1.71733722e-19,3.29051578e-22,4.87569616e-20
2044,498.686845,1.70582841e-19,3.26612257e-22,5.0028634e-20
2045,498.733811,1.69428943e-19,3.24387312e-22,5.12756015e-20
2046,498.780776,1.68255149e-19,3.22383795e-22,5.25186942e-20
2047,498.82774,1.67048353e-19,3.20596218e-22,5.37795477e-20
