pixel,wavelength_nm,sigma_NO2_cm2,sigma_CHOCHO_cm2,sigma_H2O_cm2
0,400.315066,6.53179735e-19,3.90065052e-20,9.276226919999999e-20
1,400.364834,6.53549356e-19,3.91629602e-20,9.01422767e-20
2,400.414601,6.53481576e-19,3.93613876e-20,8.76002791e-20
3,400.464366,6.53039553e-19,3.96003321e-20,8.515111349999999e-20
4,400.51413,6.52287323e-19,3.9878346e-20,8.280701419999999e-20
5,400.563893,6.51286195e-19,4.01941405e-20,8.057458689999999e-20
6,400.613654,6.50091674e-19,4.0546675e-20,7.84522464e-20
7,400.663414,6.48750937e-19,4.0935188e-20,7.64290434e-20
8,400.713172,6.47301247e-19,4.13590861e-20,7.44857322e-20
9,400.762929,6.45769062e-19,4.18178101e-20,7.2597333e-20
10,400.812685,6.44170253e-19,4.23105845e-20,7.07372074e-20
11,400.862439,6.42511156e-19,4.28361634e-20,6.888134379999999e-20
12,400.912192,6.40790288e-19,4.33926355e-20,6.70119324e-20
13,400.961944,6.39000818e-19,4.3977239e-20,6.51198218e-20
14,401.011694,6.37133188e-19,4.45863219e-20,6.32051633e-20
15,401.061442,6.3517754e-19,4.52154728e-20,6.12763424e-20
16,401.11119,6.3312573e-19,4.58597939e-20,5.9347747e-20
17,401.160936,6.30972912e-19,4.6514209e-20,5.74372677e-20
18,401.21068,6.28717787e-19,4.71740077e-20,5.55634656e-20
19,401.260423,6.26362268e-19,4.78353174e-20,5.37436767e-20
20,401.310165,6.23910492e-19,4.84955019e-20,5.1993061399999994e-20
21,401.359905,6.2136731e-19,4.91534593e-20,5.03244261e-20
22,401.409644,6.18736513e-19,4.98097791e-20,4.87484952e-20
23,401.459382,6.16019561e-19,5.04666145e-20,4.7274497599999994e-20
24,401.509118,6.13214691e-19,5.11273961e-20,4.59103228e-20
25,401.558853,6.10316507e-19,5.17964229e-20,4.46620148e-20
26,401.608587,6.07316643e-19,5.2478278e-20,4.3532810599999996e-20
27,401.658319,6.04204925e-19,5.31772603e-20,4.25216585e-20
28,401.708049,6.00970875e-19,5.38969036e-20,4.1621677199999993e-20
29,401.757779,5.97605498e-19,5.46396115e-20,4.08191061e-20
30,401.807506,5.94103594e-19,5.54063407e-20,4.0093237e-20
31,401.857233,5.90464578e-19,5.6196742e-20,3.94171767e-20
32,401.906958,5.86694375e-19,5.70091412e-20,3.87600729e-20
33,401.956682,5.82805423e-19,5.7840945e-20,3.8089930300000003e-20
34,402.006404,5.78817071e-19,5.86889139e-20,3.73770298e-20
35,402.056125,5.74754787e-19,5.9549584e-20,3.65970812e-20
36,402.105845,5.70649536e-19,6.04195053e-20,3.5733784399999997e-20
37,402.155563,5.6653667e-19,6.12954076e-20,3.4780254799999997e-20
38,402.20528,5.62454446e-19,6.21742634e-20,3.37390754e-20
39,402.254995,5.58443089e-19,6.30530639e-20,3.26212036e-20
40,402.304709,5.54543228e-19,6.39285899e-20,3.14436997e-20
41,402.354422,5.50794953e-19,6.47969596e-20,3.02269991e-20
42,402.404133,5.47236643e-19,6.56531967e-20,2.8992014299999996e-20
43,402.453843,5.43903633e-19,6.64908943e-20,2.77575135e-20
44,402.503551,5.40827436e-19,6.73018828e-20,2.65383961e-20
45,402.553258,5.38034516e-19,6.80762302e-20,2.53447027e-20
46,402.602964,5.35545727e-19,6.88023707e-20,2.41817571e-20
47,402.652668,5.33375843e-19,6.94675583e-20,2.30510492e-20
48,402.702371,5.31533395e-19,7.00586115e-20,2.19516031e-20
49,402.752073,5.30021294e-19,7.05627759e-20,2.08816966e-20
50,402.801773,5.28837793e-19,7.09687547e-20,1.98403831e-20
51,402.851472,5.27977857e-19,7.1267759e-20,1.88285444e-20
52,402.901169,5.2743503e-19,7.14543769e-20,1.78495041e-20
53,402.950865,5.27203233e-19,7.1527254e-20,1.69088358e-20
54,403.000559,5.27278556e-19,7.14893913e-20,1.60137621e-20
55,403.050253,5.27660612e-19,7.13480571e-20,1.51719845e-20
56,403.099944,5.28353253e-19,7.11143006e-20,1.43905763e-20
57,403.149635,5.29364659e-19,7.08020463e-20,1.36746284e-20
58,403.199324,5.30706304e-19,7.04270006e-20,1.3026536899999999e-20
59,403.249011,5.32391278e-19,7.0005343e-20,1.24454299e-20
60,403.298698,5.34431756e-19,6.95524585e-20,1.19271989e-20
61,403.348383,5.36835525e-19,6.90819029e-20,1.1465028799999999e-20
62,403.398066,5.39602565e-19,6.86045484e-20,1.1050143e-20
63,403.447748,5.4272141e-19,6.81281495e-20,1.0672830599999999e-20
64,403.497429,5.46165777e-19,6.76572976e-20,1.03235015e-20
65,403.547108,5.4989213e-19,6.71936887e-20,9.993600519999999e-21
66,403.596786,5.53838804e-19,6.67366042e-20,9.67626347e-21
67,403.646463,5.57926382e-19,6.62835718e-20,9.366702949999999e-21
68,403.696138,5.6206018e-19,6.58309993e-20,9.06224656e-21
69,403.745811,5.66134889e-19,6.53746872e-20,8.7620709e-21
70,403.795484,5.70040881e-19,6.49101836e-20,8.46672239e-21
71,403.845155,5.73671276e-19,6.44330185e-20,8.17755686e-21
72,403.894824,5.76930658e-19,6.39386706e-20,7.896091189999999e-21
73,403.944493,5.79743106e-19,6.34224892e-20,7.623476069999999e-21
74,403.994159,5.82058919e-19,6.28796767e-20,7.36016788e-21
75,404.043825,5.83860572e-19,6.23051437e-20,7.10571106e-21
76,404.093489,5.85165131e-19,6.169372e-20,6.85885694e-21
77,404.143151,5.86024742e-19,6.10403208e-20,6.61777504e-21
78,404.192813,5.86523759e-19,6.03403263e-20,6.3804300299999995e-21
79,404.242473,5.86773151e-19,5.95901615e-20,6.145031099999999e-21
80,404.292131,5.86902727e-19,5.8787764e-20,5.91038227e-21
81,404.341788,5.87051561e-19,5.79331157e-20,5.67614992e-21
82,404.391444,5.87357586e-19,5.70287046e-20,5.44296883e-21
83,404.441098,5.87947137e-19,5.60797969e-20,5.212358569999999e-21
84,404.490751,5.88925346e-19,5.50944378e-20,4.9864677799999994e-21
85,404.540403,5.90368015e-19,5.40833289e-20,4.76774042e-21
86,404.590053,5.92315569e-19,5.30594162e-20,4.55853104e-21
87,404.639701,5.94769556e-19,5.20372246e-20,4.3607474e-21
88,404.689349,5.97691823e-19,5.10320573e-20,4.1755948e-21
89,404.738995,6.01005782e-19,5.00592562e-20,4.003476679999999e-21
90,404.788639,6.04600652e-19,4.91332195e-20,3.843986590000001e-21
91,404.838283,6.0833747e-19,4.82666434e-20,3.69604402e-21
92,404.887924,6.12056092e-19,4.74700462e-20,3.55812572e-21
93,404.937565,6.1558473e-19,4.67512022e-20,3.4284721e-21
94,404.987204,6.18748623e-19,4.6115181e-20,3.3053381199999998e-21
95,405.036842,6.21380433e-19,4.55643047e-20,3.18713718e-21
96,405.086478,6.23329619e-19,4.50984651e-20,3.07254802e-21
97,405.136113,6.24471719e-19,4.47154268e-20,2.9605284699999997e-21
98,405.185746,6.24716101e-19,4.44112308e-20,2.8502940199999997e-21
99,405.235378,6.24012169e-19,4.41804847e-20,2.74124943e-21
100,405.285009,6.22353092e-19,4.40166202e-20,2.6329349999999996e-21
101,405.334638,6.19776852e-19,4.39120339e-20,2.52498692e-21
102,405.384266,6.16363945e-19,4.38581706e-20,2.41712372e-21
103,405.433893,6.12232194e-19,4.38456217e-20,2.30917853e-21
104,405.483518,6.07528679e-19,4.38642741e-20,2.20114661e-21
105,405.533142,6.02419037e-19,4.39035858e-20,2.09323052e-21
106,405.582764,5.97076025e-19,4.39530075e-20,1.9858851899999997e-21
107,405.632385,5.91666921e-19,4.4002546e-20,1.87981445e-21
108,405.682005,5.86342346e-19,4.40434106e-20,1.77594274e-21
109,405.731623,5.81226462e-19,4.40686665e-20,1.67534101e-21
110,405.78124,5.7640939e-19,4.4073792e-20,1.57911734e-21
111,405.830855,5.71943439e-19,4.40570338e-20,1.48830877e-21
112,405.880469,5.67841918e-19,4.40194875e-20,1.40376379e-21
113,405.930082,5.64081945e-19,4.39648618e-20,1.32606264e-21
114,405.979693,5.60609929e-19,4.38989334e-20,1.25546869e-21
115,406.029303,5.57349287e-19,4.38287393e-20,1.1919194200000001e-21
116,406.078912,5.542102e-19,4.37616116e-20,1.13506779e-21
117,406.128519,5.51099844e-19,4.37041621e-20,1.08435051e-21
118,406.178124,5.47932237e-19,4.36613404e-20,1.0390733100000001e-21
119,406.227729,5.44636951e-19,4.36356872e-20,9.985009360000001e-22
120,406.277332,5.41166288e-19,4.36268687e-20,9.61940527e-22
121,406.326933,5.3749913e-19,4.36315321e-20,9.2879191e-22
122,406.376533,5.33642361e-19,4.36435065e-20,8.9857602e-22
123,406.426132,5.29629583e-19,4.36543093e-20,8.70934692e-22
124,406.47573,5.25517167e-19,4.36538942e-20,8.45604833e-22
125,406.525326,5.21378627e-19,4.36315541e-20,8.22378932e-22
126,406.57492,5.17297738e-19,4.35768726e-20,8.01059521e-22
127,406.624513,5.13361696e-19,4.34806205e-20,7.81420129e-22
128,406.674105,5.09655168e-19,4.3335511e-20,7.63179817e-22
129,406.723696,5.06255441e-19,4.31367399e-20,7.459935800000001e-22
130,406.773285,5.03229491e-19,4.2882274e-20,7.29461312e-22
131,406.822872,5.00632725e-19,4.25728594e-20,7.13150681e-22
132,406.872459,4.98509554e-19,4.22117764e-20,6.966300930000001e-22
133,406.922044,4.96895524e-19,4.18044517e-20,6.79507362e-22
134,406.971627,4.95819566e-19,4.13578547e-20,6.6146195e-22
135,407.021209,4.95306771e-19,4.08798786e-20,6.42272153e-22
136,407.07079,4.95380656e-19,4.03787593e-20,6.21832628e-22
137,407.120369,4.96064459e-19,3.98625672e-20,6.00160223e-22
138,407.169947,4.9738145e-19,3.93388034e-20,5.77387915e-22
139,407.219524,4.99354103e-19,3.88142242e-20,5.53752474e-22
140,407.269099,5.02002292e-19,3.82948059e-20,5.29574303e-22
141,407.318673,5.05341104e-19,3.77858273e-20,5.05231243e-22
142,407.368245,5.09378079e-19,3.7292136e-20,4.81133386e-22
143,407.417816,5.14111114e-19,3.68183906e-20,4.57693476e-22
144,407.467386,5.19526415e-19,3.63693735e-20,4.35301948e-22
145,407.516954,5.25597317e-19,3.59502092e-20,4.14303284e-22
146,407.566521,5.32284348e-19,3.55664514e-20,3.94975697e-22
147,407.616086,5.39535171e-19,3.52240849e-20,3.77519781e-22
148,407.66565,5.47286068e-19,3.49293069e-20,3.62051007e-22
149,407.715213,5.55462698e-19,3.46882116e-20,3.4860236300000003e-22
150,407.764774,5.63981136e-19,3.45063181e-20,3.37132547e-22
151,407.814334,5.72749611e-19,3.43881355e-20,3.27542881e-22
152,407.863893,5.81667913e-19,3.43365976e-20,3.1969465999999996e-22
153,407.91345,5.9062767e-19,3.4352668e-20,3.1343152100000003e-22
154,407.963006,5.99512871e-19,3.44350706e-20,3.0860024899999996e-22
155,408.01256,6.08199371e-19,3.45802105e-20,3.05069894e-22
156,408.062113,6.16556541e-19,3.4782319e-20,3.02745809e-22
157,408.111665,6.2444879e-19,3.50337929e-20,3.01579402e-22
158,408.161215,6.31739107e-19,3.53257066e-20,3.01572804e-22
159,408.210764,6.38294508e-19,3.56484583e-20,3.02780081e-22
160,408.260311,6.43991753e-19,3.59924143e-20,3.0530683400000004e-22
161,408.309857,6.4872498e-19,3.63485647e-20,3.09310519e-22
162,408.359402,6.52412519e-19,3.67090309e-20,3.1500340500000003e-22
163,408.408945,6.55003474e-19,3.70674426e-20,3.22659879e-22
164,408.458487,6.56482815e-19,3.74191682e-20,3.32629397e-22
165,408.508027,6.5687387e-19,3.77613279e-20,3.4535284400000003e-22
166,408.557566,6.56238483e-19,3.80927264e-20,3.61382956e-22
167,408.607104,6.54674237e-19,3.84136398e-20,3.8140303899999997e-22
168,408.65664,6.52309308e-19,3.87255785e-20,4.06242204e-22
169,408.706175,6.49295042e-19,3.90310689e-20,4.368852480000001e-22
170,408.755709,6.45797388e-19,3.93334329e-20,4.74469966e-22
171,408.805241,6.41987648e-19,3.96366454e-20,5.20273382e-22
172,408.854772,6.38033012e-19,3.99452727e-20,5.75689165e-22
173,408.904301,6.34088334e-19,4.02644163e-20,6.42187102e-22
174,408.953829,6.30288504e-19,4.05997315e-20,7.21270519e-22
175,409.003356,6.26742965e-19,4.09573876e-20,8.14416609e-22
176,409.052881,6.23531805e-19,4.13439945e-20,9.23010416e-22
177,409.102405,6.20703716e-19,4.17664641e-20,1.04827848e-21
178,409.151927,6.18276546e-19,4.22317019e-20,1.1911997000000001e-21
179,409.201448,6.16239571e-19,4.27462388e-20,1.35242923e-21
180,409.250968,6.14558256e-19,4.33156873e-20,1.53220299e-21
181,409.300486,6.1318071e-19,4.39441388e-20,1.73025487e-21
182,409.350003,6.12045566e-19,4.46335839e-20,1.94576717e-21
183,409.399518,6.11090897e-19,4.53833025e-20,2.17732957e-21
184,409.449032,6.10262966e-19,4.61895057e-20,2.42298503e-21
185,409.498545,6.09524224e-19,4.70451078e-20,2.68031391e-21
186,409.548056,6.08859383e-19,4.79398269e-20,2.94660615e-21
187,409.597566,6.08278753e-19,4.88606704e-20,3.2191221399999997e-21
188,409.647075,6.07818392e-19,4.9792626e-20,3.49537255e-21
189,409.696582,6.07536665e-19,5.07196676e-20,3.77342794e-21
190,409.746088,6.07507495e-19,5.16259867e-20,4.0522108700000005e-21
191,409.795592,6.0781096e-19,5.2497145e-20,4.33165813e-21
192,409.845095,6.08522225e-19,5.33212919e-20,4.61278498e-21
193,409.894597,6.09700085e-19,5.40900536e-20,4.89752938e-21
194,409.944097,6.1137647e-19,5.47991824e-20,5.188419549999999e-21
195,409.993596,6.13548387e-19,5.54488871e-20,5.48808631e-21
196,410.043093,6.16172973e-19,5.60436863e-20,5.79861684e-21
197,410.092589,6.19166851e-19,5.65920251e-20,6.12092544e-21
198,410.142084,6.22409302e-19,5.71055156e-20,6.4541571499999995e-21
199,410.191577,6.25749356e-19,5.75980244e-20,6.7952934e-21
200,410.241069,6.2901609e-19,5.80846892e-20,7.13905666e-21
201,410.29056,6.32030372e-19,5.85808815e-20,7.478106959999998e-21
202,410.340049,6.34617325e-19,5.91012931e-20,7.80359692e-21
203,410.389536,6.36618124e-19,5.96592041e-20,8.1060266e-21
204,410.439023,6.37899665e-19,6.02659545e-20,8.376267489999999e-21
205,410.488508,6.3836133e-19,6.09305459e-20,8.60658697e-21
206,410.537991,6.37939006e-19,6.16595869e-20,8.791624319999999e-21
207,410.587473,6.36605573e-19,6.24573237e-20,8.929056009999999e-21
208,410.636954,6.34368791e-19,6.33257395e-20,9.01989397e-21
209,410.686434,6.31267114e-19,6.42647092e-20,9.06837632e-21
210,410.735912,6.27364307e-19,6.52720559e-20,9.08144518e-21
211,410.785388,6.22743397e-19,6.63435382e-20,9.06789018e-21
212,410.834863,6.17500919e-19,6.74726451e-20,9.03727029e-21
213,410.884337,6.11742162e-19,6.86501915e-20,8.998766790000001e-21
214,410.93381,6.05577123e-19,6.98638849e-20,8.96010946e-21
215,410.983281,5.99117633e-19,7.10978634e-20,8.92670724e-21
216,411.03275,5.92474899e-19,7.23324597e-20,8.90107991e-21
217,411.082219,5.85757669e-19,7.35442366e-20,8.88265402e-21
218,411.131686,5.79071591e-19,7.47062685e-20,8.867937029999999e-21
219,411.181151,5.72516908e-19,7.5789222e-20,8.85103549e-21
220,411.230615,5.66186908e-19,7.6762759e-20,8.82446097e-21
221,411.280078,5.60166275e-19,7.75973578e-20,8.780125639999999e-21
222,411.329539,5.54529012e-19,7.82664779e-20,8.710415139999999e-21
223,411.378999,5.4933609e-19,7.8748833e-20,8.60921066e-21
224,411.428458,5.4463414e-19,7.9030413e-20,8.47275465e-21
225,411.477915,5.40454351e-19,7.91061844e-20,8.30025723e-21
226,411.527371,5.36812011e-19,7.8981192e-20,8.094164200000001e-21
227,411.576825,5.33707727e-19,7.86709309e-20,7.86010005e-21
228,411.626278,5.31129131e-19,7.82009472e-20,7.60645318e-21
229,411.67573,5.29054171e-19,7.76057257e-20,7.343725560000001e-21
230,411.72518,5.27454999e-19,7.69269571e-20,7.08369862e-21
231,411.774629,5.26302313e-19,7.6211295e-20,6.83851701e-21
232,411.824076,5.25570005e-19,7.55079566e-20,6.6198495200000005e-21
233,411.873522,5.25239146e-19,7.48661792e-20,6.43813572e-21
234,411.922967,5.25301224e-19,7.43329395e-20,6.30204598e-21
235,411.97241,5.25759963e-19,7.39509422e-20,6.21811944e-21
236,412.021852,5.26631668e-19,7.3757028e-20,6.1905823800000004e-21
237,412.071293,5.27943925e-19,7.37811319e-20,6.2213245e-21
238,412.120732,5.29732833e-19,7.40456773e-20,6.3099577600000006e-21
239,412.17017,5.32039273e-19,7.45654371e-20,6.45393831e-21
240,412.219606,5.34904341e-19,7.5347697e-20,6.6487009000000005e-21
241,412.269041,5.38365059e-19,7.63926965e-20,6.88782922e-21
242,412.318474,5.4245016e-19,7.76940456e-20,7.16323157e-21
243,412.367907,5.47177412e-19,7.92392835e-20,7.46541906e-21
244,412.417337,5.52550995e-19,8.10099602e-20,7.78380791e-21
245,412.466767,5.58561898e-19,8.29821453e-20,8.107258589999999e-21
246,412.516195,5.65187108e-19,8.51260637e-20,8.42460738e-21
247,412.565621,5.72391421e-19,8.74063129e-20,8.72542112e-21
248,412.615047,5.80128901e-19,8.97819431e-20,9.00076123e-21
249,412.664471,5.88343151e-19,9.22064624e-20,9.24389464e-21
250,412.713893,5.96968917e-19,9.46288098e-20,9.45096052e-21
251,412.763314,6.05932038e-19,9.69945148e-20,9.62137912e-21
252,412.812734,6.15148444e-19,9.92473485e-20,9.75796841e-21
253,412.862152,6.24522954e-19,1.01331598e-19,9.86672838e-21
254,412.911569,6.33948447e-19,1.03194842e-19,9.95627602e-21
255,412.960984,6.43303883e-19,1.0479062e-19,1.00369521e-20
256,413.010399,6.52454593e-19,1.06081377e-19,1.01197214e-20
257,413.059811,6.61251113e-19,1.0704072e-19,1.02149464e-20
258,413.109223,6.6953278e-19,1.07655634e-19,1.03312338e-20
259,413.158633,6.77128815e-19,1.07927508e-19,1.04744206e-20
260,413.208041,6.83864151e-19,1.07872705e-19,1.06468973e-20
261,413.257448,6.8956519e-19,1.07522073e-19,1.0847306199999999e-20
262,413.306854,6.94066772e-19,1.06919652e-19,1.10706601e-20
263,413.356259,6.97220485e-19,1.06120588e-19,1.13088897e-20
264,413.405662,6.98903211e-19,1.05188344e-19,1.1551754199999998e-20
265,413.455063,6.99025673e-19,1.04191295e-19,1.17880505e-20
266,413.504464,6.97539842e-19,1.03198916e-19,1.20069932e-20
267,413.553862,6.94445291e-19,1.02277941e-19,1.21996141e-20
268,413.60326,6.89792809e-19,1.01488176e-19,1.2360171999999999e-20
269,413.652656,6.836864e-19,1.00878991e-19,1.2487284100000001e-20
270,413.702051,6.76281095e-19,1.00485995e-19,1.25848297e-20
271,413.751444,6.67778748e-19,1.00328716e-19,1.26624153e-20
272,413.800836,6.58419719e-19,1.00409237e-19,1.2735392e-20
273,413.850226,6.48473195e-19,1.00712139e-19,1.28243443e-20
274,413.899616,6.3822389e-19,1.01205845e-19,1.29540767e-20
275,413.949003,6.2796015e-19,1.01845276e-19,1.31520961e-20
276,413.99839,6.17957912e-19,1.02575961e-19,1.34467664e-20
277,414.047775,6.08469931e-19,1.03338851e-19,1.38651518e-20
278,414.097158,5.99712911e-19,1.04075857e-19,1.44308811e-20
279,414.14654,5.91858789e-19,1.04735215e-19,1.5162158600000002e-20
280,414.195921,5.85029109e-19,1.05276121e-19,1.60701209e-20
281,414.245301,5.79292097e-19,1.05672135e-19,1.71577852e-20
282,414.294679,5.74663332e-19,1.05912823e-19,1.841966e-20
283,414.344055,5.71109124e-19,1.06003424e-19,1.98421818e-20
284,414.393431,5.68552707e-19,1.05962508e-19,2.14048769e-20
285,414.442805,5.66882474e-19,1.05817965e-19,2.30818755e-20
286,414.492177,5.65960474e-19,1.0560184e-19,2.48441777e-20
287,414.541548,5.65631643e-19,1.05344699e-19,2.66618504e-20
288,414.590918,5.65732342e-19,1.05070344e-19,2.8506016e-20
289,414.640286,5.66097748e-19,1.0479158e-19,3.0350508599999996e-20
290,414.689653,5.66567939e-19,1.04507596e-19,3.2173054399999996e-20
291,414.739019,5.66992524e-19,1.04203369e-19,3.39555354e-20
292,414.788383,5.67234034e-19,1.03851082e-19,3.56836869e-20
293,414.837746,5.67170428e-19,1.03413318e-19,3.7346328900000005e-20
294,414.887107,5.66697038e-19,1.02847615e-19,3.8933984700000004e-20
295,414.936467,5.65728338e-19,1.02111602e-19,4.04376673e-20
296,414.985826,5.64199773e-19,1.01168149e-19,4.1847604200000003e-20
297,415.035183,5.62069714e-19,9.9989774e-20,4.3152507e-20
298,415.084539,5.59321163e-19,9.85617283e-20,4.43395466e-20
299,415.133893,5.55963344e-19,9.68837087e-20,4.5394878e-20
300,415.183246,5.5203209e-19,9.49697608e-20,4.63050887e-20
301,415.232598,5.47589386e-19,9.28469645e-20,4.70590603e-20
302,415.281948,5.4272126e-19,9.05529648e-20,4.7650243e-20
303,415.331297,5.37533639e-19,8.81326865e-20,4.80789402e-20
304,415.380644,5.32147305e-19,8.56351648e-20,4.8354129499999997e-20
305,415.42999,5.26690795e-19,8.31101762e-20,4.8494656e-20
306,415.479335,5.21293311e-19,8.06056736e-20,4.85294262e-20
307,415.528679,5.16077142e-19,7.81656366e-20,4.84966171e-20
308,415.57802,5.11151021e-19,7.58287127e-20,4.8441954799999996e-20
309,415.627361,5.06603857e-19,7.36270279e-20,4.8416321900000004e-20
310,415.6767,5.02501947e-19,7.15862871e-20,4.84730907e-20
311,415.726038,4.98886448e-19,6.9725388e-20,4.86655365e-20
312,415.775374,4.95774146e-19,6.80568624e-20,4.90446484e-20
313,415.824709,4.93159375e-19,6.65871148e-20,4.96575008e-20
314,415.874043,4.9101793e-19,6.53170394e-20,5.05460487e-20
315,415.923375,4.89311695e-19,6.42426075e-20,5.17460733e-20
316,415.972706,4.87993625e-19,6.33555138e-20,5.32859612e-20
317,416.022035,4.87012884e-19,6.26440901e-20,5.518462379999999e-20
318,416.071364,4.86319193e-19,6.20941567e-20,5.74487129e-20
319,416.12069,4.85866644e-19,6.16901369e-20,6.00683391e-20
320,416.170015,4.85616289e-19,6.14159909e-20,6.301299439999999e-20
321,416.219339,4.85538047e-19,6.12563001e-20,6.622684769999999e-20
322,416.268662,4.85611604e-19,6.11971237e-20,6.96256234e-20
323,416.317983,4.8582661e-19,6.12266729e-20,7.309562259999999e-20
324,416.367303,4.86182275e-19,6.13357169e-20,7.64962882e-20
325,416.416621,4.8668641e-19,6.15176732e-20,7.96660925e-20
326,416.465938,4.87354027e-19,6.17683962e-20,8.24327349e-20
327,416.515254,4.88205427e-19,6.20856756e-20,8.46259013e-20
328,416.564568,4.8926381e-19,6.24685322e-20,8.609196930000001e-20
329,416.613881,4.90552527e-19,6.29164398e-20,8.670865889999999e-20
330,416.663192,4.9209184e-19,6.34284967e-20,8.63974164e-20
331,416.712502,4.93895698e-19,6.40027704e-20,8.5132158e-20
332,416.761811,4.95968455e-19,6.46357642e-20,8.29428994e-20
333,416.811118,4.9830212e-19,6.53221405e-20,7.99139443e-20
334,416.860424,5.00874648e-19,6.60547403e-20,7.617652329999999e-20
335,416.909728,5.03649176e-19,6.68247307e-20,7.18975893e-20
336,416.959031,5.06575165e-19,6.76220451e-20,6.726537080000001e-20
337,417.008333,5.09590822e-19,6.84358325e-20,6.24745508e-20
338,417.057633,5.12627173e-19,6.92549994e-20,5.77120612e-20
339,417.106932,5.15613499e-19,7.0068794e-20,5.31448051e-20
340,417.15623,5.18482995e-19,7.08672416e-20,4.8911157900000004e-20
341,417.205526,5.21178524e-19,7.16415529e-20,4.51157097e-20
342,417.25482,5.23657655e-19,7.23844791e-20,4.1827296300000004e-20
343,417.304114,5.25896119e-19,7.30905577e-20,3.90801471e-20
344,417.353406,5.27889037e-19,7.37561736e-20,3.68776026e-20
345,417.402696,5.29650618e-19,7.43797138e-20,3.51965408e-20
346,417.451985,5.31211504e-19,7.49615253e-20,3.39930645e-20
347,417.501273,5.32614546e-19,7.55037766e-20,3.32083161e-20
348,417.55056,5.33909751e-19,7.60102657e-20,3.27739753e-20
349,417.599845,5.35148899e-19,7.64861144e-20,3.26173605e-20
350,417.649128,5.36380666e-19,7.69374168e-20,3.2665925999999996e-20
351,417.698411,5.37646666e-19,7.73708223e-20,3.28511162e-20
352,417.747691,5.38978534e-19,7.7793034e-20,3.31114059e-20
353,417.796971,5.40396775e-19,7.82104908e-20,3.3394598799999996e-20
354,417.846249,5.41910162e-19,7.86289203e-20,3.36591736e-20
355,417.895526,5.43516459e-19,7.90531528e-20,3.38748542e-20
356,417.944801,5.45203223e-19,7.94869418e-20,3.40222898e-20
357,417.994075,5.46949013e-19,7.99329827e-20,3.4092063499999997e-20
358,418.043347,5.48724274e-19,8.03929699e-20,3.4083137099999996e-20
359,418.092619,5.50492458e-19,8.08678141e-20,3.4000991999999995e-20
360,418.141888,5.52210733e-19,8.13577754e-20,3.3855691299999996e-20
361,418.191157,5.53831686e-19,8.18627686e-20,3.36600382e-20
362,418.240424,5.55304844e-19,8.23823946e-20,3.34280713e-20
363,418.289689,5.56579647e-19,8.29160464e-20,3.31738801e-20
364,418.338953,5.5760902e-19,8.34628015e-20,3.29108207e-20
365,418.388216,5.58353704e-19,8.40211475e-20,3.26510558e-20
366,418.437478,5.58787107e-19,8.45885915e-20,3.24052842e-20
367,418.486738,5.58899978e-19,8.5161127e-20,3.21825552e-20
368,418.535996,5.58704293e-19,8.5732667e-20,3.19900359e-20
369,418.585254,5.58235581e-19,8.62944742e-20,3.18326881e-20
370,418.634509,5.57553268e-19,8.68345966e-20,3.17128611e-20
371,418.683764,5.56738401e-19,8.73377032e-20,3.16297781e-20
372,418.733017,5.55889107e-19,8.77849589e-20,3.15791409e-20
373,418.782269,5.55113624e-19,8.81544571e-20,3.1552877999999996e-20
374,418.831519,5.54521957e-19,8.84219036e-20,3.15392346e-20
375,418.880768,5.54216729e-19,8.85617459e-20,3.15232569e-20
376,418.930015,5.542845e-19,8.85485573e-20,3.14877083e-20
377,418.979262,5.5478837e-19,8.83586468e-20,3.14143493e-20
378,419.028506,5.55762699e-19,8.79717433e-20,3.12854684e-20
379,419.07775,5.5721072e-19,8.73725103e-20,3.10854299e-20
380,419.126992,5.5910469e-19,8.65519446e-20,3.08021049e-20
381,419.176232,5.61389065e-19,8.55082744e-20,3.04278993e-20
382,419.225472,5.63985814e-19,8.42474085e-20,2.99602844e-20
383,419.274709,5.66800797e-19,8.27831221e-20,2.94018572e-20
384,419.323946,5.69731835e-19,8.11362928e-20,2.87597046e-20
385,419.373181,5.72675567e-19,7.93343299e-20,2.80445951e-20
386,419.422414,5.75534683e-19,7.7409756e-20,2.72697462e-20
387,419.471647,5.78223654e-19,7.53987556e-20,2.64496293e-20
388,419.520878,5.80672735e-19,7.33398979e-20,2.55990383e-20
389,419.570107,5.82831152e-19,7.12723772e-20,2.47322352e-20
390,419.619335,5.84668322e-19,6.92346207e-20,2.38625308e-20
391,419.668562,5.86173627e-19,6.72631086e-20,2.3002182299999998e-20
392,419.717787,5.87354996e-19,6.53913171e-20,2.2162453399999998e-20
393,419.767011,5.88236397e-19,6.36488011e-20,2.1353685900000002e-20
394,419.816234,5.88854285e-19,6.20607913e-20,2.0585395399999998e-20
395,419.865455,5.89253586e-19,6.0647945e-20,1.98661232e-20
396,419.914675,5.89483478e-19,5.94263049e-20,1.9203005599999997e-20
397,419.963893,5.89593289e-19,5.84077113e-20,1.8601228999999998e-20
398,420.01311,5.89629038e-19,5.76001919e-20,1.80632523e-20
399,420.062326,5.89630823e-19,5.70086168e-20,1.75881532e-20
400,420.11154,5.89631272e-19,5.66352349e-20,1.71711349e-20
401,420.160753,5.89655023e-19,5.64800487e-20,1.6803381099999998e-20
402,420.209964,5.8971906e-19,5.65409666e-20,1.64724501e-20
403,420.259174,5.89833549e-19,5.68135537e-20,1.6163112899999997e-20
404,420.308383,5.90002779e-19,5.72904285e-20,1.58586902e-20
405,420.35759,5.90225829e-19,5.79603278e-20,1.55426647e-20
406,420.406796,5.90496738e-19,5.88070834e-20,1.5200362e-20
407,420.456001,5.90804087e-19,5.98086036e-20,1.48205138e-20
408,420.505204,5.91130197e-19,6.09362053e-20,1.43964289e-20
409,420.554405,5.91450322e-19,6.21545849e-20,1.39265983e-20
410,420.603606,5.91732269e-19,6.34225424e-20,1.34146669e-20
411,420.652805,5.91936893e-19,6.46943407e-20,1.28688624e-20
412,420.702002,5.92019919e-19,6.59221395e-20,1.2300785299999999e-20
413,420.751198,5.91935097e-19,6.70588189e-20,1.17239241e-20
414,420.800393,5.91638606e-19,6.80610405e-20,1.1152065200000001e-20
415,420.849587,5.91094312e-19,6.88922956e-20,1.0597768e-20
416,420.898779,5.90279266e-19,6.9525468e-20,1.0071154699999999e-20
417,420.947969,5.89188655e-19,6.99447016e-20,9.57909988e-21
418,420.997158,5.87839522e-19,7.01462886e-20,9.124942800000001e-21
419,421.046346,5.8627273e-19,7.01385858e-20,8.70870533e-21
420,421.095533,5.84552637e-19,6.99410688e-20,8.32768531e-21
421,421.144718,5.82764458e-19,6.95826628e-20,7.97734507e-21
422,421.193901,5.81009275e-19,6.9099583e-20,7.65229626e-21
423,421.243084,5.79397236e-19,6.85329467e-20,7.347253779999999e-21
424,421.292265,5.78039712e-19,6.79265122e-20,7.05784816e-21
425,421.341444,5.77040455e-19,6.73245009e-20,6.78108259e-21
426,421.390622,5.76487225e-19,6.67698354e-20,6.51551312e-21
427,421.439799,5.76444333e-19,6.63028154e-20,6.26111931e-21
428,421.488974,5.76946703e-19,6.59601981e-20,6.0189110399999995e-21
429,421.538148,5.77996165e-19,6.57746895e-20,5.79036689e-21
430,421.587321,5.79560259e-19,6.57748875e-20,5.57686245e-21
431,421.636492,5.81573693e-19,6.59855261e-20,5.37915283e-21
432,421.685662,5.83942595e-19,6.6428023e-20,5.19700561e-21
433,421.73483,5.86550779e-19,6.7121174e-20,5.0290786900000006e-21
434,421.783997,5.89268108e-19,6.8081935e-20,4.87299712e-21
435,421.833163,5.91959502e-19,6.93259924e-20,4.72565779e-21
436,421.882327,5.94494233e-19,7.08679847e-20,4.5836626200000004e-21
437,421.93149,5.96754659e-19,7.27212903e-20,4.4438020700000004e-21
438,421.980651,5.98643055e-19,7.4896887e-20,4.3035288899999995e-21
439,422.029811,6.00086732e-19,7.74017045e-20,4.16130042e-21
440,422.07897,6.01040401e-19,8.02359875e-20,4.01677754e-21
441,422.128127,6.01486281e-19,8.33902325e-20,3.87082708e-21
442,422.177283,6.01432045e-19,8.68422113e-20,3.72533495e-21
443,422.226438,6.00907032e-19,9.05539826e-20,3.58289409e-21
444,422.275591,5.99957611e-19,9.44699522e-20,3.44639841e-21
445,422.324743,5.98642137e-19,9.85166088e-20,3.31861137e-21
446,422.373893,5.970264e-19,1.02603488e-19,3.20180256e-21
447,422.423042,5.95179655e-19,1.06626714e-19,3.0974646599999997e-21
448,422.47219,5.93171878e-19,1.1047378e-19,3.00618232e-21
449,422.521336,5.91071982e-19,1.14030012e-19,2.92763466e-21
450,422.570481,5.8894675e-19,1.17186039e-19,2.86072225e-21
451,422.619624,5.86860633e-19,1.19844752e-19,2.80380058e-21
452,422.668766,5.84875431e-19,1.21928018e-19,2.75495224e-21
453,422.717907,5.83050163e-19,1.23381457e-19,2.71227229e-21
454,422.767046,5.81440441e-19,1.24177481e-19,2.67411051e-21
455,422.816184,5.80097272e-19,1.24316123e-19,2.6392432199999998e-21
456,422.86532,5.79065619e-19,1.23823595e-19,2.6069658099999998e-21
457,422.914455,5.7838239e-19,1.22749104e-19,2.57709387e-21
458,422.963589,5.78074532e-19,1.21160325e-19,2.5498966300000002e-21
459,423.012721,5.78157202e-19,1.19138204e-19,2.52597663e-21
460,423.061852,5.78632493e-19,1.16771407e-19,2.5061222799999998e-21
461,423.110982,5.79488951e-19,1.14151337e-19,2.4911624800000003e-21
462,423.16011,5.80701973e-19,1.11367756e-19,2.4818388e-21
463,423.209237,5.82235301e-19,1.08505079e-19,2.4787111999999998e-21
464,423.258362,5.84043252e-19,1.05640016e-19,2.4821065599999996e-21
465,423.307486,5.86073831e-19,1.02839659e-19,2.49210854e-21
466,423.356609,5.88271999e-19,1.00160756e-19,2.5085863799999997e-21
467,423.40573,5.90583026e-19,9.76494366e-20,2.53125418e-21
468,423.45485,5.92955676e-19,9.53412931e-20,2.55975466e-21
469,423.503968,5.95344475e-19,9.32621854e-20,2.5937527399999996e-21
470,423.553085,5.97711559e-19,9.14289203e-20,2.63303736e-21
471,423.602201,6.00027378e-19,8.98504331e-20,2.6776152999999998e-21
472,423.651315,6.02270746e-19,8.85289054e-20,2.72779582e-21
473,423.700428,6.04428381e-19,8.74608599e-20,2.78426294e-21
474,423.749539,6.06493594e-19,8.66384175e-20,2.84812078e-21
475,423.798649,6.08464967e-19,8.6050274e-20,2.92092469e-21
476,423.847758,6.10344426e-19,8.56826896e-20,3.00467928e-21
477,423.896865,6.12135225e-19,8.55202239e-20,3.10181278e-21
478,423.945971,6.13839805e-19,8.55462956e-20,3.21513154e-21
479,423.995076,6.15457249e-19,8.57435919e-20,3.34773794e-21
480,424.044179,6.16980757e-19,8.60942875e-20,3.50292741e-21
481,424.093281,6.18395277e-19,8.65801953e-20,3.68407444e-21
482,424.142381,6.19675247e-19,8.71828238e-20,3.8944773300000004e-21
483,424.19148,6.20783241e-19,8.78835225e-20,4.13721368e-21
484,424.240578,6.21669439e-19,8.86636442e-20,4.41495397e-21
485,424.289674,6.2227252e-19,8.9504871e-20,4.72976788e-21
486,424.338769,6.22522093e-19,9.03897742e-20,5.08293833e-21
487,424.387862,6.22342525e-19,9.13024317e-20,5.47471841e-21
488,424.436954,6.21658114e-19,9.22293317e-20,5.90413671e-21
489,424.486045,6.20399066e-19,9.31602306e-20,6.36875854e-21
490,424.535134,6.18507791e-19,9.40890515e-20,6.86449451e-21
491,424.584222,6.15944613e-19,9.50147128e-20,7.38550338e-21
492,424.633309,6.12692556e-19,9.59415932e-20,7.92413531e-21
493,424.682394,6.08760455e-19,9.6879699e-20,8.47104342e-21
494,424.731477,6.04183783e-19,9.78444334e-20,9.015499029999999e-21
495,424.78056,5.99023178e-19,9.88558854e-20,9.54589864e-21
496,424.829641,5.93361591e-19,9.99375236e-20,1.0050400599999999e-20
497,424.87872,5.87298331e-19,1.01114752e-19,1.05178771e-20
498,424.927798,5.80942338e-19,1.02413078e-19,1.0938910999999999e-20
499,424.976875,5.74404918e-19,1.03856151e-19,1.13068297e-20
500,425.025951,5.67792076e-19,1.05463934e-19,1.16187058e-20
501,425.075025,5.61197798e-19,1.07251077e-19,1.18761607e-20
502,425.124097,5.54698276e-19,1.09225803e-19,1.2085891e-20
503,425.173168,5.48348302e-19,1.11389268e-19,1.22597872e-20
504,425.222238,5.42180135e-19,1.13735429e-19,1.24145982e-20
505,425.271307,5.36204243e-19,1.16251609e-19,1.25711389e-20
506,425.320374,5.30412436e-19,1.18919508e-19,1.2753047e-20
507,425.369439,5.24782353e-19,1.21716761e-19,1.2985183899999999e-20
508,425.418504,5.1928324e-19,1.24618683e-19,1.32917966e-20
509,425.467567,5.13882917e-19,1.27599576e-19,1.3694538899999998e-20
510,425.516628,5.08553085e-19,1.30634509e-19,1.42106233e-20
511,425.565688,5.03274476e-19,1.33700287e-19,1.48511862e-20
512,425.614747,4.9804062e-19,1.36775782e-19,1.56200085e-20
513,425.663804,4.92859626e-19,1.39841775e-19,1.65127469e-20
514,425.71286,4.87753821e-19,1.42880416e-19,1.7516808599999998e-20
515,425.761915,4.82758393e-19,1.45873859e-19,1.86117284e-20
516,425.810968,4.77918419e-19,1.48802869e-19,1.9770158599999998e-20
517,425.86002,4.7328485e-19,1.51645642e-19,2.0959432400000002e-20
518,425.90907,4.68910981e-19,1.54376539e-19,2.2143326499999997e-20
519,425.958119,4.64848486e-19,1.56965862e-19,2.32842184e-20
520,426.007167,4.6114492e-19,1.59379993e-19,2.4345107899999998e-20
521,426.056213,4.57841998e-19,1.61582584e-19,2.52915949e-20
522,426.105258,4.54974944e-19,1.63536697e-19,2.60936551e-20
523,426.154301,4.52573506e-19,1.65207315e-19,2.67269334e-20
524,426.203343,4.50663404e-19,1.66564618e-19,2.71737879e-20
525,426.252384,4.49268749e-19,1.67587118e-19,2.74238294e-20
526,426.301423,4.48414304e-19,1.682647e-19,2.74741563e-20
527,426.350461,4.48127289e-19,1.68601114e-19,2.73292355e-20
528,426.399498,4.48438397e-19,1.68615502e-19,2.7000451199999998e-20
529,426.448533,4.49381389e-19,1.68342951e-19,2.65053887e-20
530,426.497567,4.50991341e-19,1.67833819e-19,2.5866784100000002e-20
531,426.546599,4.53301362e-19,1.67151934e-19,2.51112754e-20
532,426.59563,4.56338412e-19,1.66371658e-19,2.4267843e-20
533,426.644659,4.60118163e-19,1.65574173e-19,2.33662229e-20
534,426.693688,4.64640409e-19,1.64843031e-19,2.24351596e-20
535,426.742714,4.6988412e-19,1.64259602e-19,2.15010342e-20
536,426.79174,4.75805541e-19,1.63898294e-19,2.0586434599999998e-20
537,426.840764,4.82335908e-19,1.63822455e-19,1.97095694e-20
538,426.889786,4.89383098e-19,1.64080765e-19,1.88838394e-20
539,426.938808,4.96834737e-19,1.64704796e-19,1.81180434e-20
540,426.987828,5.04562116e-19,1.65707663e-19,1.74170752e-20
541,427.036846,5.12427315e-19,1.67084126e-19,1.6782674800000002e-20
542,427.085863,5.20290135e-19,1.68812043e-19,1.6214375e-20
543,427.134879,5.28014976e-19,1.70854939e-19,1.5710348599999998e-20
544,427.183893,5.35477552e-19,1.73165536e-19,1.5268000999999997e-20
545,427.232906,5.42570983e-19,1.75689998e-19,1.48842688e-20
546,427.281918,5.49209399e-19,1.78371951e-19,1.45557326e-20
547,427.330928,5.55330212e-19,1.8115614e-19,1.42785401e-20
548,427.379936,5.60894647e-19,1.83991252e-19,1.40482885e-20
549,427.428944,5.6588611e-19,1.86831339e-19,1.38600099e-20
550,427.47795,5.70306223e-19,1.8963526e-19,1.3708342599999998e-20
551,427.526954,5.74170858e-19,1.923653e-19,1.35878419e-20
552,427.575957,5.77504565e-19,1.94984106e-19,1.34934716e-20
553,427.624959,5.80334856e-19,1.97450812e-19,1.3421145299999999e-20
554,427.67396,5.82687167e-19,1.99717264e-19,1.33681944e-20
555,427.722959,5.84580672e-19,2.01724804e-19,1.33336616e-20
556,427.771956,5.860256e-19,2.03402577e-19,1.33183313e-20
557,427.820953,5.87022058e-19,2.04667652e-19,1.3324477500000001e-20
558,427.869948,5.87560401e-19,2.05427178e-19,1.3355352899999999e-20
559,427.918941,5.87623378e-19,2.05583075e-19,1.34145037e-20
560,427.967933,5.87189191e-19,2.0503821e-19,1.35050358e-20
561,428.016924,5.86235312e-19,2.03703791e-19,1.36289481e-20
562,428.065913,5.84742573e-19,2.01507162e-19,1.37866512e-20
563,428.114901,5.82698826e-19,1.98398829e-19,1.39767589e-20
564,428.163888,5.80102063e-19,1.94358329e-19,1.41961494e-20
565,428.212873,5.76962527e-19,1.89398107e-19,1.44402905e-20
566,428.261856,5.73303467e-19,1.83564764e-19,1.47037616e-20
567,428.310839,5.69160624e-19,1.76937772e-19,1.49808521e-20
568,428.35982,5.64581181e-19,1.69626916e-19,1.52660773e-20
569,428.408799,5.59620768e-19,1.61766258e-19,1.55546095e-20
570,428.457778,5.54340109e-19,1.53507276e-19,1.5842449000000002e-20
571,428.506754,5.48802144e-19,1.45012483e-19,1.6126287e-20
572,428.55573,5.43067212e-19,1.36445752e-19,1.64032315e-20
573,428.604704,5.37191068e-19,1.27966713e-19,1.6670233000000002e-20
574,428.653677,5.31221555e-19,1.19722709e-19,1.69235609e-20
575,428.702648,5.25197852e-19,1.11844215e-19,1.71582816e-20
576,428.751618,5.19149903e-19,1.04440246e-19,1.7367989800000002e-20
577,428.800586,5.13100064e-19,9.75967212e-20,1.75447994e-20
578,428.849553,5.07064863e-19,9.13752384e-20,1.7679716799999998e-20
579,428.898519,5.01058414e-19,8.58144136e-20,1.7763305300000002e-20
580,428.947483,4.95095813e-19,8.09319433e-20,1.77866022e-20
581,428.996446,4.89196112e-19,7.67272988e-20,1.77421297e-20
582,429.045408,4.83385519e-19,7.3185507e-20,1.76248338e-20
583,429.094368,4.77699415e-19,7.02805452e-20,1.74328169e-20
584,429.143327,4.72183034e-19,6.79782531e-20,1.71677193e-20
585,429.192284,4.66891942e-19,6.6239018e-20,1.6834743e-20
586,429.24124,4.61890683e-19,6.50192323e-20,1.64422701e-20
587,429.290195,4.57251508e-19,6.4272281e-20,1.6001231100000002e-20
588,429.339148,4.53052244e-19,6.39486997e-20,1.55242909e-20
589,429.3881,4.49373678e-19,6.39959835e-20,1.50249588e-20
590,429.43705,4.46297441e-19,6.43583947e-20,1.45168343e-20
591,429.485999,4.43903239e-19,6.49770239e-20,1.4012914e-20
592,429.534947,4.42266606e-19,6.57903882e-20,1.35251273e-20
593,429.583893,4.41456315e-19,6.67357113e-20,1.3063974400000001e-20
594,429.632838,4.4153171e-19,6.7750981e-20,1.2638220099999999e-20
595,429.681781,4.4254007e-19,6.87774095e-20,1.22546855e-20
596,429.730724,4.4451389e-19,6.97623126e-20,1.19179607e-20
597,429.779664,4.47467896e-19,7.06616006e-20,1.16302187e-20
598,429.828604,4.51397049e-19,7.14421282e-20,1.13909405e-20
599,429.877542,4.56273927e-19,7.20827764e-20,1.11968899e-20
600,429.926478,4.62047877e-19,7.25748032e-20,1.1042163e-20
601,429.975413,4.68644774e-19,7.29209036e-20,1.09185283e-20
602,430.024347,4.75967665e-19,7.31332613e-20,1.08160184e-20
603,430.073279,4.83898818e-19,7.32308667e-20,1.0723737299999999e-20
604,430.12221,4.92303557e-19,7.32364117e-20,1.0630805e-20
605,430.17114,5.01034213e-19,7.3173155e-20,1.05273342e-20
606,430.220068,5.09935286e-19,7.30621738e-20,1.0405289899999999e-20
607,430.268995,5.18849635e-19,7.29202764e-20,1.02591066e-20
608,430.317921,5.27623597e-19,7.27587955e-20,1.00860019e-20
609,430.366845,5.36112258e-19,7.25833082e-20,9.8859412e-21
610,430.415767,5.44184333e-19,7.23942044e-20,9.66127581e-21
611,430.464689,5.51725748e-19,7.21879371e-20,9.41614806e-21
612,430.513608,5.58640857e-19,7.19587395e-20,9.15582104e-21
613,430.562527,5.64855188e-19,7.17004201e-20,8.88592328e-21
614,430.611444,5.70313885e-19,7.14081443e-20,8.61191971e-21
615,430.66036,5.74981933e-19,7.10797988e-20,8.33866589e-21
616,430.709274,5.78842103e-19,7.0716942e-20,8.07024011e-21
617,430.758187,5.81893481e-19,7.03251422e-20,7.80991019e-21
618,430.807099,5.84149162e-19,6.99138008e-20,7.56026519e-21
619,430.856009,5.85634216e-19,6.94954463e-20,7.32337932e-21
620,430.904918,5.8638362e-19,6.90845854e-20,7.10093894e-21
621,430.953825,5.86439883e-19,6.86963209e-20,6.89432837e-21
622,431.002731,5.85850741e-19,6.83447488e-20,6.70458208e-21
623,431.051636,5.84666617e-19,6.80414041e-20,6.53228531e-21
624,431.100539,5.82938122e-19,6.77938137e-20,6.37741598e-21
625,431.149441,5.80713468e-19,6.76043185e-20,6.23918929e-21
626,431.198341,5.78036409e-19,6.74693412e-20,6.11598867e-21
627,431.24724,5.74944385e-19,6.73791364e-20,6.0053746699999996e-21
628,431.296138,5.71467742e-19,6.73181488e-20,5.9042300099999994e-21
629,431.345034,5.67629731e-19,6.72659521e-20,5.80899985e-21
630,431.393929,5.63447162e-19,6.71987283e-20,5.71599754e-21
631,431.442823,5.58932343e-19,6.70911711e-20,5.62174383e-21
632,431.491715,5.54095473e-19,6.69186257e-20,5.52327078e-21
633,431.540606,5.48947063e-19,6.66592379e-20,5.4183468200000005e-21
634,431.589495,5.4350107e-19,6.62959201e-20,5.30561443e-21
635,431.638383,5.37776959e-19,6.5817872e-20,5.18460019e-21
636,431.687269,5.31802103e-19,6.52215955e-20,5.0556405e-21
637,431.736155,5.25612458e-19,6.45111882e-20,4.91970656e-21
638,431.785038,5.19254083e-19,6.36981639e-20,4.7782171e-21
639,431.833921,5.1278153e-19,6.28004338e-20,4.63278624e-21
640,431.882802,5.06258409e-19,6.18411841e-20,4.4850525500000006e-21
641,431.931681,4.99755134e-19,6.08471687e-20,4.33649894e-21
642,431.98056,4.93347244e-19,5.98469703e-20,4.18834889e-21
643,432.029437,4.87114353e-19,5.88693992e-20,4.04154112e-21
644,432.078312,4.81137459e-19,5.79417569e-20,3.89672112e-21
645,432.127186,4.75497264e-19,5.70884425e-20,3.7542946100000005e-21
646,432.176059,4.70272679e-19,5.63298232e-20,3.61450682e-21
647,432.22493,4.65539131e-19,5.56813364e-20,3.47752091e-21
648,432.2738,4.61366683e-19,5.51528609e-20,3.34347853e-21
649,432.322669,4.57818786e-19,5.47484895e-20,3.21255751e-21
650,432.371536,4.54950663e-19,5.44665686e-20,3.0849968999999996e-21
651,432.420401,4.52807591e-19,5.43000575e-20,2.9610947799999997e-21
652,432.469266,4.51423448e-19,5.4237226e-20,2.84119301e-21
653,432.518129,4.50819519e-19,5.42626259e-20,2.7256701499999996e-21
654,432.56699,4.51003135e-19,5.43582529e-20,2.6149026599999998e-21
655,432.615851,4.51967125e-19,5.45048786e-20,2.50924513e-21
656,432.664709,4.53689491e-19,5.46833796e-20,2.40902915e-21
657,432.713567,4.56134115e-19,5.48760508e-20,2.3145269099999997e-21
658,432.762423,4.59251513e-19,5.50676744e-20,2.22596195e-21
659,432.811277,4.62980796e-19,5.52463941e-20,2.1434811899999997e-21
660,432.860131,4.67252006e-19,5.54042504e-20,2.06714036e-21
661,432.908983,4.71988121e-19,5.55373645e-20,1.99689704e-21
662,432.957833,4.77108139e-19,5.56458471e-20,1.93258649e-21
663,433.006682,4.82529543e-19,5.57334079e-20,1.8739163000000003e-21
664,433.05553,4.88170242e-19,5.58067631e-20,1.82047046e-21
665,433.104376,4.93950225e-19,5.58749225e-20,1.77172091e-21
666,433.153221,4.99793042e-19,5.5948433e-20,1.72704569e-21
667,433.202065,5.05626015e-19,5.60386411e-20,1.68575905e-21
668,433.250907,5.11380306e-19,5.61570468e-20,1.64713934e-21
669,433.299748,5.16990987e-19,5.63148003e-20,1.61045241e-21
670,433.348587,5.22396104e-19,5.65223448e-20,1.57497613e-21
671,433.397425,5.27536714e-19,5.67892559e-20,1.54001458e-21
672,433.446262,5.32356351e-19,5.71242187e-20,1.50491622e-21
673,433.495097,5.36801343e-19,5.75351321e-20,1.46909217e-21
674,433.543931,5.40821984e-19,5.8029313e-20,1.43203801e-21
675,433.592763,5.44373815e-19,5.86136314e-20,1.39336752e-21
676,433.641594,5.47420339e-19,5.92946253e-20,1.35284524e-21
677,433.690424,5.49935867e-19,6.0078361e-20,1.31042395e-21
678,433.739252,5.51909167e-19,6.09700675e-20,1.26627247e-21
679,433.788079,5.53347401e-19,6.19735571e-20,1.22078488e-21
680,433.836904,5.5427959e-19,6.30902625e-20,1.1745740199999999e-21
681,433.885728,5.54759723e-19,6.4318251e-20,1.1284327699999999e-21
682,433.934551,5.54868536e-19,6.56510456e-20,1.08327818e-21
683,433.983372,5.54713842e-19,6.70766234e-20,1.0400747499999999e-21
684,434.032192,5.54428846e-19,6.8576826e-20,9.99746387e-22
685,434.081011,5.54168319e-19,7.01270888e-20,9.630959129999998e-22
686,434.129828,5.54102554e-19,7.16968677e-20,9.30734226e-22
687,434.178644,5.54409272e-19,7.3250848e-20,9.03028853e-22
688,434.227458,5.55263856e-19,7.47505817e-20,8.80083464e-22
689,434.276271,5.56828521e-19,7.61569078e-20,8.617399389999999e-22
690,434.325083,5.5924104e-19,7.7432485e-20,8.47609403e-22
691,434.373893,5.62603838e-19,7.85445152e-20,8.37121015e-22
692,434.422702,5.66974656e-19,7.94673363e-20,8.29583468e-22
693,434.471509,5.72358866e-19,8.01844107e-20,8.24253455e-22
694,434.520315,5.78705302e-19,8.06898289e-20,8.204008279999999e-22
695,434.56912,5.85904865e-19,8.09889097e-20,8.17366961e-22
696,434.617923,5.937931e-19,8.10980602e-20,8.146100970000001e-22
697,434.666725,6.02157142e-19,8.10438563e-20,8.117352859999999e-22
698,434.715526,6.1074527e-19,8.08614541e-20,8.08508156e-22
699,434.764325,6.19279847e-19,8.05925569e-20,8.048527010000001e-22
700,434.813123,6.27472937e-19,8.02830733e-20,8.0083518900000005e-22
701,434.861919,6.35041748e-19,7.99807293e-20,7.96638352e-22
702,434.910714,6.41725262e-19,7.97327294e-20,7.925288330000001e-22
703,434.959507,6.47298262e-19,7.95836995e-20,7.88823368e-22
704,435.0083,6.51584128e-19,7.95739296e-20,7.85856018e-22
705,435.05709,6.54462907e-19,7.97380586e-20,7.83950693e-22
706,435.10588,6.55877089e-19,8.01042182e-20,7.83398348e-22
707,435.154668,6.55831526e-19,8.0693626e-20,7.8444122e-22
708,435.203454,6.54390334e-19,8.15207168e-20,7.87261684e-22
709,435.25224,6.51669327e-19,8.25937685e-20,7.919762819999999e-22
710,435.301023,6.4782613e-19,8.39157373e-20,7.98632779e-22
711,435.349806,6.43047136e-19,8.54858175e-20,8.07213389e-22
712,435.398587,6.37534968e-19,8.7300623e-20,8.17640818e-22
713,435.447367,6.3149458e-19,8.93558477e-20,8.29793821e-22
714,435.496145,6.25121759e-19,9.16472409e-20,8.43528832e-22
715,435.544922,6.18592666e-19,9.41713916e-20,8.58712158e-22
716,435.593697,6.12057032e-19,9.69254003e-20,8.75257325e-22
717,435.642471,6.05633244e-19,9.99060363e-20,8.93168725e-22
718,435.691244,5.99407269e-19,1.03107589e-19,9.12581791e-22
719,435.740015,5.93433738e-19,1.06519035e-19,9.337962860000001e-22
720,435.788785,5.87738712e-19,1.10120898e-19,9.572968549999998e-22
721,435.837554,5.82324799e-19,1.13881688e-19,9.837544729999999e-22
722,435.886321,5.77176243e-19,1.17754639e-19,1.01400745e-21
723,435.935087,5.72262776e-19,1.2167563e-19,1.04899676e-21
724,435.983851,5.67546608e-19,1.2556321e-19,1.0897215599999998e-21
725,436.032614,5.62985425e-19,1.29319953e-19,1.1371601299999999e-21
726,436.081376,5.58535786e-19,1.32835616e-19,1.19218842e-21
727,436.130136,5.54155213e-19,1.35992438e-19,1.25550477e-21
728,436.178895,5.49803154e-19,1.38672105e-19,1.32757142e-21
729,436.227653,5.45441789e-19,1.4076317e-19,1.40856683e-21
730,436.276409,5.41036084e-19,1.42168886e-19,1.49836215e-21
731,436.325163,5.36553454e-19,1.42814434e-19,1.5965242699999999e-21
732,436.373917,5.31963505e-19,1.4265263e-19,1.70234013e-21
733,436.422669,5.27238644e-19,1.41667833e-19,1.81484418e-21
734,436.471419,5.22353925e-19,1.39877693e-19,1.93288727e-21
735,436.520168,5.17287952e-19,1.37332437e-19,2.0552051399999997e-21
736,436.568916,5.12024314e-19,1.34112163e-19,2.1804934899999996e-21
737,436.617662,5.06553156e-19,1.30322305e-19,2.3074949e-21
738,436.666407,5.00872524e-19,1.26087418e-19,2.43509822e-21
739,436.715151,4.94990267e-19,1.21544563e-19,2.56242298e-21
740,436.763893,4.8892524e-19,1.16836218e-19,2.6889078700000003e-21
741,436.812634,4.82707492e-19,1.12103079e-19,2.81439814e-21
742,436.861373,4.76378474e-19,1.07478207e-19,2.9391997199999997e-21
743,436.910111,4.6998932e-19,1.03081462e-19,3.0641318599999997e-21
744,436.958848,4.63599104e-19,9.90159569e-20,3.19053236e-21
745,437.007583,4.57271965e-19,9.53657023e-20,3.32023374e-21
746,437.056317,4.51073326e-19,9.2194653e-20,3.4555046e-21
747,437.105049,4.45066878e-19,8.95478311e-20,3.5989259099999996e-21
748,437.153781,4.39310626e-19,8.74532361e-20,3.75324596e-21
749,437.20251,4.33855098e-19,8.59255024e-20,3.9211541199999996e-21
750,437.251239,4.28740161e-19,8.49693884e-20,4.10508376e-21
751,437.299965,4.2399552e-19,8.45842215e-20,4.30692319e-21
752,437.348691,4.19639778e-19,8.47673045e-20,4.52782136e-21
753,437.397415,4.15682944e-19,8.55166947e-20,4.76793666e-21
754,437.446138,4.12128098e-19,8.68323894e-20,5.02632511e-21
755,437.494859,4.08975014e-19,8.87157384e-20,5.30085581e-21
756,437.543579,4.06223563e-19,9.11671755e-20,5.58827507e-21
757,437.592298,4.0387782e-19,9.41821087e-20,5.88434703e-21
758,437.641015,4.01949767e-19,9.77456626e-20,6.18412161e-21
759,437.689731,4.00462442e-19,1.01827234e-19,6.48232096e-21
760,437.738445,3.99452559e-19,1.06374972e-19,6.77375645e-21
761,437.787158,3.98971771e-19,1.11312241e-19,7.05383404e-21
762,437.83587,3.99086805e-19,1.16535715e-19,7.31901745e-21
763,437.88458,3.99877954e-19,1.21916518e-19,7.56727151e-21
764,437.933289,4.01436097e-19,1.27304828e-19,7.79844318e-21
765,437.981997,4.03858141e-19,1.32536736e-19,8.01450464e-21
766,438.030703,4.07241033e-19,1.37443777e-19,8.21968706e-21
767,438.079407,4.11674918e-19,1.4186404e-19,8.42048385e-21
768,438.128111,4.17235836e-19,1.45653273e-19,8.625510939999999e-21
769,438.176813,4.239775e-19,1.48694406e-19,8.84520858e-21
770,438.225513,4.31924882e-19,1.50905965e-19,9.091474910000001e-21
771,438.274212,4.41068504e-19,1.52246817e-19,9.377174389999999e-21
772,438.32291,4.51360172e-19,1.5271767e-19,9.71556059e-21
773,438.371606,4.62711197e-19,1.52359485e-19,1.01196465e-20
774,438.420301,4.74993978e-19,1.51248947e-19,1.06015699e-20
775,438.468995,4.88044855e-19,1.49491844e-19,1.11719051e-20
776,438.517687,5.01669929e-19,1.47215303e-19,1.1839006499999999e-20
777,438.566378,5.1565376e-19,1.44559451e-19,1.26084468e-20
778,438.615068,5.29767724e-19,1.41669696e-19,1.3482457499999999e-20
779,438.663756,5.43779692e-19,1.38689807e-19,1.44595042e-20
780,438.712442,5.57464054e-19,1.35756023e-19,1.55340492e-20
781,438.761127,5.70610066e-19,1.329926e-19,1.66964604e-20
782,438.809811,5.83027991e-19,1.3050878e-19,1.7933070000000002e-20
783,438.858494,5.94554049e-19,1.2839679e-19,1.9226530899999998e-20
784,438.907175,6.05052704e-19,1.26731099e-19,2.05563898e-20
785,438.955855,6.14417765e-19,1.25568644e-19,2.19000552e-20
786,439.004533,6.22570318e-19,1.24950425e-19,2.32338659e-20
787,439.05321,6.29457146e-19,1.24903926e-19,2.45346483e-20
788,439.101886,6.35047322e-19,1.25446677e-19,2.5781296700000002e-20
789,439.15056,6.39329535e-19,1.26590407e-19,2.6956551499999997e-20
790,439.199232,6.42309999e-19,1.28345605e-19,2.80487821e-20
791,439.247904,6.44010688e-19,1.3072591e-19,2.90534838e-20
792,439.296574,6.44468075e-19,1.3375115e-19,2.9974173e-20
793,439.345242,6.43732802e-19,1.37449171e-19,3.08228612e-20
794,439.39391,6.41868701e-19,1.41855202e-19,3.16195418e-20
795,439.442575,6.38951827e-19,1.47007617e-19,3.2390668e-20
796,439.49124,6.35067861e-19,1.5294245e-19,3.3167068399999994e-20
797,439.539903,6.30309554e-19,1.59683161e-19,3.39808356e-20
798,439.588565,6.24772109e-19,1.67230666e-19,3.4862165e-20
799,439.637225,6.18549005e-19,1.75551309e-19,3.5836020399999995e-20
800,439.685884,6.11727041e-19,1.84567163e-19,3.69194208e-20
801,439.734541,6.04383137e-19,1.94147778e-19,3.81194138e-20
802,439.783197,5.96581587e-19,2.04107627e-19,3.94323306e-20
803,439.831852,5.8837427e-19,2.14207676e-19,4.0844107800000005e-20
804,439.880506,5.79802457e-19,2.24163657e-19,4.2331858299999994e-20
805,439.929157,5.70901083e-19,2.33659484e-19,4.38662939e-20
806,439.977808,5.61702749e-19,2.42367076e-19,4.5415026899999993e-20
807,440.026457,5.52245403e-19,2.49965731e-19,4.69455325e-20
808,440.075105,5.42576281e-19,2.56165586e-19,4.84285083e-20
809,440.123751,5.32756929e-19,2.60726995e-19,4.98403776e-20
810,440.172396,5.22864358e-19,2.63477238e-19,5.11654807e-20
811,440.22104,5.12991048e-19,2.64320684e-19,5.23974695e-20
812,440.269682,5.03241765e-19,2.63242915e-19,5.3540351300000004e-20
813,440.318323,4.93727507e-19,2.60307938e-19,5.46093421e-20
814,440.366963,4.84559094e-19,2.55649485e-19,5.56315224e-20
815,440.415601,4.75839384e-19,2.49458017e-19,5.66466429e-20
816,440.464237,4.67655372e-19,2.41964613e-19,5.770801779999999e-20
817,440.512873,4.60071679e-19,2.33423894e-19,5.88832841e-20
818,440.561506,4.53127037e-19,2.24099386e-19,6.02545072e-20
819,440.610139,4.46830264e-19,2.14247845e-19,6.19178422e-20
820,440.65877,4.4116195e-19,2.04110562e-19,6.39812591e-20
821,440.7074,4.36075758e-19,1.93904318e-19,6.656110279999999e-20
822,440.756028,4.3150345e-19,1.83818035e-19,6.97762981e-20
823,440.804655,4.27360368e-19,1.74010242e-19,7.37411511e-20
824,440.853281,4.23552581e-19,1.64610052e-19,7.85563375e-20
825,440.901905,4.19983991e-19,1.55718829e-19,8.42992192e-20
826,440.950528,4.16562998e-19,1.47412114e-19,9.1014753e-20
827,440.999149,4.13208904e-19,1.39743123e-19,9.87068005e-20
828,441.047769,4.09856552e-19,1.32744803e-19,1.0733271799999999e-19
829,441.096388,4.06459994e-19,1.2643287e-19,1.16800113e-19
830,441.145005,4.02994347e-19,1.20807972e-19,1.2696771899999998e-19
831,441.193621,3.99455819e-19,1.15857302e-19,1.37651034e-19
832,441.242235,3.95860751e-19,1.11556808e-19,1.4863051e-19
833,441.290848,3.92242829e-19,1.0787239e-19,1.5966497600000002e-19
834,441.33946,3.88649869e-19,1.04761736e-19,1.70506413e-19
835,441.38807,3.85139796e-19,1.02175804e-19,1.8091741299999998e-19
836,441.436679,3.81776149e-19,1.0006025e-19,1.9069034000000001e-19
837,441.485287,3.78624093e-19,9.83572843e-20,1.99665269e-19
838,441.533893,3.75746484e-19,9.70073977e-20,2.0774776699999998e-19
839,441.582498,3.73200219e-19,9.59511159e-20,2.14925267e-19
840,441.631101,3.71033575e-19,9.51309965e-20,2.212794e-19
841,441.679703,3.69283722e-19,9.44933875e-20,2.26995662e-19
842,441.728304,3.67975261e-19,9.3990214e-20,2.32367032e-19
843,441.776903,3.67119264e-19,9.35804562e-20,2.37791918e-19
844,441.825501,3.66713045e-19,9.32312756e-20,2.4376521e-19
845,441.874097,3.66740847e-19,9.29187601e-20,2.50860577e-19
846,441.922692,3.67175219e-19,9.26280948e-20,2.5970540099999996e-19
847,441.971286,3.67979188e-19,9.23532486e-20,2.70946657e-19
848,442.019878,3.69108987e-19,9.20961299e-20,2.85209609e-19
849,442.068469,3.70517283e-19,9.18652975e-20,3.0305188999999997e-19
850,442.117058,3.72156341e-19,9.16743937e-20,3.24912436e-19
851,442.165646,3.73981137e-19,9.15403702e-20,3.5106330399999996e-19
852,442.214233,3.75951691e-19,9.14817296e-20,3.81563069e-19
853,442.262818,3.78034636e-19,9.15168666e-20,4.1621956800000003e-19
854,442.311402,3.80203947e-19,9.16626466e-20,4.54568339e-19
855,442.359985,3.82440447e-19,9.19332902e-20,4.95864224e-19
856,442.408566,3.8473061e-19,9.23395716e-20,5.3909484199999995e-19
857,442.457146,3.87064991e-19,9.28883741e-20,5.83018792e-19
858,442.505724,3.89436142e-19,9.3582471e-20,6.26218749e-19
859,442.554301,3.91837088e-19,9.44206156e-20,6.6717974e-19
860,442.602877,3.94259934e-19,9.53977223e-20,7.043740199999999e-19
861,442.651451,3.96695266e-19,9.65051916e-20,7.36354936e-19
862,442.700024,3.99132389e-19,9.77314065e-20,7.61850422e-19
863,442.748595,4.0155978e-19,9.90621396e-20,7.79841528e-19
864,442.797165,4.03966317e-19,1.00481216e-19,7.89628106e-19
865,442.845734,4.06342236e-19,1.01971061e-19,7.90868152e-19
866,442.894301,4.08680069e-19,1.03513368e-19,7.83593859e-19
867,442.942867,4.10975353e-19,1.05089918e-19,7.682006029999999e-19
868,442.991431,4.13226527e-19,1.06683175e-19,7.454132449999999e-19
869,443.039995,4.15434835e-19,1.08277117e-19,7.16230626e-19
870,443.088556,4.17603344e-19,1.09857542e-19,6.81862561e-19
871,443.137117,4.19736788e-19,1.11412808e-19,6.43648056e-19
872,443.185676,4.21840638e-19,1.12933639e-19,6.029862769999999e-19
873,443.234233,4.23921426e-19,1.14413258e-19,5.61259131e-19
874,443.282789,4.25987283e-19,1.15847025e-19,5.19767911e-19
875,443.331344,4.28049035e-19,1.17231865e-19,4.79683295e-19
876,443.379897,4.30121822e-19,1.18565655e-19,4.420075249999999e-19
877,443.428449,4.32227037e-19,1.19846702e-19,4.07549081e-19
878,443.477,4.34393866e-19,1.21073168e-19,3.76916437e-19
879,443.525549,4.36660415e-19,1.2224278e-19,3.50521373e-19
880,443.574097,4.39074167e-19,1.23352869e-19,3.28590615e-19
881,443.622643,4.41691056e-19,1.24400498e-19,3.1118772799999997e-19
882,443.671189,4.44573893e-19,1.25383027e-19,2.98233816e-19
883,443.719732,4.47789054e-19,1.26298542e-19,2.8953272999999996e-19
884,443.768274,4.51403449e-19,1.27146725e-19,2.84789164e-19
885,443.816815,4.55480045e-19,1.2792933e-19,2.83628377e-19
886,443.865355,4.60073843e-19,1.28650734e-19,2.85610726e-19
887,443.913893,4.65227914e-19,1.29318273e-19,2.90245317e-19
888,443.96243,4.70970388e-19,1.29942415e-19,2.97004521e-19
889,444.010965,4.77311404e-19,1.30536643e-19,3.05340092e-19
890,444.059499,4.84241666e-19,1.31117209e-19,3.14703552e-19
891,444.108031,4.91730636e-19,1.3170256e-19,3.2456871599999997e-19
892,444.156563,4.99726516e-19,1.32312628e-19,3.3445777699999997e-19
893,444.205092,5.08154624e-19,1.32967672e-19,3.43964141e-19
894,444.253621,5.16919261e-19,1.33687083e-19,3.5277494e-19
895,444.302148,5.25902346e-19,1.34487618e-19,3.60681586e-19
896,444.350673,5.34965806e-19,1.3538167e-19,3.67583544e-19
897,444.399198,5.43953703e-19,1.36375376e-19,3.7347900799999995e-19
898,444.44772,5.52694267e-19,1.37466657e-19,3.7844416199999997e-19
899,444.496242,5.61006676e-19,1.38643952e-19,3.82606573e-19
900,444.544762,5.68705349e-19,1.39885016e-19,3.8611244699999997e-19
901,444.593281,5.75609001e-19,1.41156908e-19,3.89097308e-19
902,444.641798,5.81548423e-19,1.42416547e-19,3.9166190999999997e-19
903,444.690314,5.86375982e-19,1.43612405e-19,3.9385896700000003e-19
904,444.738828,5.89973614e-19,1.44686845e-19,3.9569137699999997e-19
905,444.787341,5.92260384e-19,1.45579304e-19,3.9712232700000004e-19
906,444.835853,5.93197285e-19,1.46229686e-19,3.9809395199999996e-19
907,444.884364,5.92789748e-19,1.46581935e-19,3.9855083699999997e-19
908,444.932872,5.91087111e-19,1.4658733e-19,3.98463274e-19
909,444.98138,5.88178736e-19,1.46207241e-19,3.9784562799999997e-19
910,445.029886,5.84188047e-19,1.45415132e-19,3.9676635899999997e-19
911,445.078391,5.7926383e-19,1.44197655e-19,3.95347741e-19
912,445.126894,5.73570985e-19,1.42554897e-19,3.93755454e-19
913,445.175396,5.67280216e-19,1.40499598e-19,3.92179463e-19
914,445.223897,5.6055897e-19,1.38055778e-19,3.9080954299999997e-19
915,445.272396,5.53563392e-19,1.35256746e-19,3.89808827e-19
916,445.320894,5.46431576e-19,1.32142539e-19,3.8928921799999997e-19
917,445.369391,5.39279754e-19,1.28757546e-19,3.8929229599999995e-19
918,445.417886,5.32200143e-19,1.25148101e-19,3.8977806999999997e-19
919,445.466379,5.25260395e-19,1.21360189e-19,3.90623415e-19
920,445.514872,5.18504768e-19,1.17437631e-19,3.91630705e-19
921,445.563363,5.11957421e-19,1.13421383e-19,3.9254571e-19
922,445.611852,5.05624724e-19,1.093484e-19,3.9308342800000003e-19
923,445.66034,4.99498965e-19,1.05251544e-19,3.92958563e-19
924,445.708827,4.93562245e-19,1.01159959e-19,3.9191719600000004e-19
925,445.757312,4.87790025e-19,9.7099527e-20,3.89765708e-19
926,445.805796,4.82154196e-19,9.30931532e-20,3.86392705e-19
927,445.854279,4.76626702e-19,8.91615307e-20,3.8178103099999997e-19
928,445.90276,4.7118262e-19,8.532351e-20,3.76007796e-19
929,445.95124,4.65802706e-19,8.15960651e-20,3.69231629e-19
930,445.999718,4.60476456e-19,7.79946426e-20,3.6167017399999995e-19
931,446.048195,4.55203857e-19,7.45327542e-20,3.5356949e-19
932,446.096671,4.49997339e-19,7.12220367e-20,3.45172113e-19
933,446.145145,4.4488264e-19,6.80720613e-20,3.36687671e-19
934,446.193618,4.39898462e-19,6.50900138e-20,3.28270575e-19
935,446.242089,4.3509592e-19,6.22809208e-20,3.2000998099999998e-19
936,446.29056,4.30536159e-19,5.96474206e-20,3.11930522e-19
937,446.339028,4.26288459e-19,5.71903708e-20,3.04006568e-19
938,446.387496,4.22426069e-19,5.49084933e-20,2.96181548e-19
939,446.435961,4.19023889e-19,5.27992559e-20,2.88394737e-19
940,446.484426,4.16154338e-19,5.08585907e-20,2.80602736e-19
941,446.532889,4.13885433e-19,4.9081655e-20,2.7279869e-19
942,446.581351,4.12278295e-19,4.74627419e-20,2.6501925999999996e-19
943,446.629811,4.11386311e-19,4.59956946e-20,2.57343286e-19
944,446.67827,4.11254812e-19,4.46739706e-20,2.49879483e-19
945,446.726728,4.11921757e-19,4.34909195e-20,2.4274844299999997e-19
946,446.775184,4.1341881e-19,4.24399322e-20,2.36061244e-19
947,446.823639,4.15772838e-19,4.15145224e-20,2.29899006e-19
948,446.872092,4.19007135e-19,4.07085351e-20,2.24298564e-19
949,446.920544,4.23142543e-19,4.00161527e-20,2.19244761e-19
950,446.968995,4.28197545e-19,3.94319789e-20,2.14672266e-19
951,447.017444,4.34187536e-19,3.89509863e-20,2.1047489399999998e-19
952,447.065892,4.41123593e-19,3.85683701e-20,2.0652053299999999e-19
953,447.114339,4.49009648e-19,3.82793952e-20,2.02669413e-19
954,447.162784,4.57839144e-19,3.80791457e-20,1.9879164899999998e-19
955,447.211227,4.67591624e-19,3.79622487e-20,1.94781335e-19
956,447.25967,4.78229163e-19,3.79226367e-20,1.90565385e-19
957,447.308111,4.89691362e-19,3.79533676e-20,1.86106842e-19
958,447.35655,5.0189344e-19,3.804653e-20,1.81401398e-19
959,447.404988,5.14723846e-19,3.81933052e-20,1.7647007e-19
960,447.453425,5.2804261e-19,3.83841633e-20,1.71349656e-19
961,447.50186,5.41681488e-19,3.86092013e-20,1.66082866e-19
962,447.550294,5.55446472e-19,3.88586189e-20,1.60709953e-19
963,447.598727,5.69120141e-19,3.91232407e-20,1.55264202e-19
964,447.647158,5.82466358e-19,3.93950687e-20,1.4977087900000002e-19
965,447.695588,5.95237245e-19,3.96678147e-20,1.44249286e-19
966,447.744016,6.07179512e-19,3.99373e-20,1.38718025e-19
967,447.792443,6.18043974e-19,4.02017605e-20,1.33200267e-19
968,447.840869,6.27593973e-19,4.04619476e-20,1.27729077e-19
969,447.889293,6.3561505e-19,4.07210655e-20,1.22350233e-19
970,447.937716,6.41924872e-19,4.09845487e-20,1.17121631e-19
971,447.986138,6.46381336e-19,4.12596494e-20,1.12110012e-19
972,448.034558,6.48890155e-19,4.15549046e-20,1.07384464e-19
973,448.082977,6.49410551e-19,4.1879524e-20,1.03007839e-19
974,448.131394,6.47958147e-19,4.22426697e-20,9.9028507e-20
975,448.17981,6.44605297e-19,4.26527659e-20,9.54725962e-20
976,448.228224,6.39478434e-19,4.31167705e-20,9.23395064e-20
977,448.276638,6.32751828e-19,4.36395868e-20,8.96002603e-20
978,448.325049,6.24639976e-19,4.42234602e-20,8.72004942e-20
979,448.37346,6.15385118e-19,4.4867738e-20,8.50658326e-20
980,448.421869,6.05246574e-19,4.55685781e-20,8.31109887e-20
981,448.470276,5.94486533e-19,4.63191019e-20,8.12491889e-20
982,448.518682,5.83357479e-19,4.71097028e-20,7.94017799e-20
983,448.567087,5.72091366e-19,4.79285676e-20,7.75062406e-20
984,448.615491,5.60890317e-19,4.87624512e-20,7.55214335e-20
985,448.663893,5.49920517e-19,4.95975783e-20,7.3429712e-20
986,448.712293,5.39308495e-19,5.04206859e-20,7.12356089e-20
987,448.760693,5.2914075e-19,5.12200565e-20,6.89616922e-20
988,448.809091,5.19467556e-19,5.19863689e-20,6.664272199999999e-20
989,448.857487,5.10306354e-19,5.27136147e-20,6.431825580000001e-20
990,448.905882,5.01648222e-19,5.33997011e-20,6.202567339999999e-20
991,448.954276,4.93465218e-19,5.40468187e-20,5.97943465e-20
992,449.002668,4.8571742e-19,5.46615988e-20,5.76415414e-20
993,449.051059,4.78359098e-19,5.52550593e-20,5.55704569e-20
994,449.099449,4.71345104e-19,5.58422361e-20,5.35708842e-20
995,449.147837,4.64635699e-19,5.64416328e-20,5.1621827e-20
996,449.196224,4.58199926e-19,5.70745046e-20,4.9695597700000004e-20
997,449.244609,4.52018867e-19,5.77638771e-20,4.7763091899999996e-20
998,449.292993,4.46086784e-19,5.85335217e-20,4.57988561e-20
999,449.341376,4.40412192e-19,5.94067309e-20,4.37858037e-20
1000,449.389757,4.35017577e-19,6.04050676e-20,4.1718561e-20
1001,449.438137,4.2993789e-19,6.15471956e-20,3.96050019e-20
1002,449.486515,4.2521892e-19,6.28476622e-20,3.7466226299999994e-20
1003,449.534892,4.20913977e-19,6.43160424e-20,3.53344206e-20
1004,449.583268,4.17080553e-19,6.59561933e-20,3.32495671e-20
1005,449.631642,4.13776044e-19,6.77659185e-20,3.12550517e-20
1006,449.680015,4.11052954e-19,6.97371747e-20,2.93927687e-20
1007,449.728387,4.08954504e-19,7.18565017e-20,2.7698706699999996e-20
1008,449.776757,4.07510242e-19,7.41059596e-20,2.61991484e-20
1009,449.825126,4.06732283e-19,7.64645766e-20,2.4907952099999998e-20
1010,449.873493,4.06612766e-19,7.89097218e-20,2.38254541e-20
1011,449.921859,4.071224e-19,8.14189638e-20,2.29385961e-20
1012,449.970223,4.08210527e-19,8.39714774e-20,2.22225912e-20
1013,450.018587,4.0980672e-19,8.6549685e-20,2.16435065e-20
1014,450.066948,4.11823468e-19,8.91398295e-20,2.1161781499999998e-20
1015,450.115309,4.14160614e-19,9.1733048e-20,2.07358619e-20
1016,450.163668,4.16709807e-19,9.43246833e-20,2.03260325e-20
1017,450.212026,4.19360154e-19,9.69140052e-20,1.9897647299999998e-20
1018,450.260382,4.22003271e-19,9.95026808e-20,1.94237845e-20
1019,450.308737,4.24538382e-19,1.0209329e-19,1.88869186e-20
1020,450.35709,4.26876257e-19,1.04687155e-19,1.82796712e-20
1021,450.405442,4.28942571e-19,1.07282574e-19,1.7604485999999998e-20
1022,450.453793,4.30679799e-19,1.09872879e-19,1.68724947e-20
1023,450.502142,4.32048154e-19,1.12445127e-19,1.61016493e-20
1024,450.55049,4.3302554e-19,1.1497959e-19,1.53143334e-20
1025,450.598837,4.3360641e-19,1.17449711e-19,1.45348706e-20
1026,450.647182,4.338001e-19,1.19823064e-19,1.37870591e-20
1027,450.695525,4.3362869e-19,1.22063197e-19,1.3091988e-20
1028,450.743868,4.33124617e-19,1.24132039e-19,1.24663907e-20
1029,450.792209,4.32328403e-19,1.25992453e-19,1.19217231e-20
1030,450.840548,4.3128652e-19,1.27611514e-19,1.14637645e-20
1031,450.888887,4.30049553e-19,1.28963361e-19,1.10929789e-20
1032,450.937223,4.28670995e-19,1.30031577e-19,1.0805472e-20
1033,450.985559,4.27205954e-19,1.30811509e-19,1.0594214199999999e-20
1034,451.033893,4.25710731e-19,1.31311368e-19,1.04506226e-20
1035,451.082225,4.24242044e-19,1.31552999e-19,1.0366033899999999e-20
1036,451.130557,4.22856413e-19,1.31571696e-19,1.03330497e-20
1037,451.178887,4.21609515e-19,1.31415358e-19,1.03465433e-20
1038,451.227215,4.20554796e-19,1.31143074e-19,1.0404233e-20
1039,451.275542,4.1974187e-19,1.30823138e-19,1.05068335e-20
1040,451.323868,4.19214479e-19,1.30530716e-19,1.06578021e-20
1041,451.372192,4.19008075e-19,1.30345212e-19,1.08627899e-20
1042,451.420515,4.19147332e-19,1.30347434e-19,1.11289511e-20
1043,451.468837,4.1964395e-19,1.3061673e-19,1.1464217600000001e-20
1044,451.517157,4.20494967e-19,1.31228094e-19,1.1876693199999999e-20
1045,451.565475,4.21682041e-19,1.32249448e-19,1.2374274e-20
1046,451.613793,4.23171906e-19,1.33739228e-19,1.29645172e-20
1047,451.662109,4.24917814e-19,1.35744079e-19,1.3654632699999998e-20
1048,451.710423,4.26862464e-19,1.38297338e-19,1.44517364e-20
1049,451.758737,4.28941737e-19,1.4141806e-19,1.53630654e-20
1050,451.807048,4.31088595e-19,1.45110169e-19,1.63958946e-20
1051,451.855359,4.33237804e-19,1.49363532e-19,1.7557519900000003e-20
1052,451.903668,4.35329232e-19,1.54154231e-19,1.88544167e-20
1053,451.951975,4.37311065e-19,1.59446897e-19,2.02913615e-20
1054,452.000282,4.39141491e-19,1.65197208e-19,2.1870064499999998e-20
1055,452.048587,4.40788881e-19,1.71354003e-19,2.35873468e-20
1056,452.09689,4.42231255e-19,1.77862943e-19,2.5433667000000002e-20
1057,452.145192,4.43454525e-19,1.84669323e-19,2.7391690999999995e-20
1058,452.193493,4.4445028e-19,1.91720227e-19,2.94353123e-20
1059,452.241792,4.45213658e-19,1.989662e-19,3.1529496899999995e-20
1060,452.29009,4.45741723e-19,2.063624e-19,3.3631188e-20
1061,452.338387,4.46032547e-19,2.13867728e-19,3.56909165e-20
1062,452.386682,4.46085337e-19,2.21443254e-19,3.7655410299999996e-20
1063,452.434976,4.4590146e-19,2.29050148e-19,3.94709652e-20
1064,452.483268,4.45486084e-19,2.36645882e-19,4.1086823599999995e-20
1065,452.531559,4.44850016e-19,2.44181497e-19,4.24587489e-20
1066,452.579849,4.44011265e-19,2.51598153e-19,4.35518205e-20
1067,452.628137,4.429958e-19,2.58825112e-19,4.43425074e-20
1068,452.676424,4.41837033e-19,2.65779574e-19,4.48196841e-20
1069,452.724709,4.40574085e-19,2.72367221e-19,4.49843736e-20
1070,452.772993,4.39248539e-19,2.78485769e-19,4.48485377e-20
1071,452.821276,4.37900352e-19,2.84029203e-19,4.44329791e-20
1072,452.869557,4.36563195e-19,2.88893802e-19,4.3764815299999996e-20
1073,452.917837,4.35259836e-19,2.92985162e-19,4.2874777899999997e-20
1074,452.966115,4.3399854e-19,2.96224582e-19,4.17948596e-20
1075,453.014392,4.32770679e-19,2.98555598e-19,4.05563738e-20
1076,453.062668,4.31550386e-19,2.9994878e-19,3.91888542e-20
1077,453.110943,4.30296156e-19,3.00405335e-19,3.77196266e-20
1078,453.159215,4.28954509e-19,2.99958874e-19,3.61741257e-20
1079,453.207487,4.27465055e-19,2.98675314e-19,3.4576397899999995e-20
1080,453.255757,4.25767113e-19,2.96651312e-19,3.2950383100000004e-20
1081,453.304026,4.23806235e-19,2.9401112e-19,3.1320596e-20
1082,453.352293,4.21540836e-19,2.90902663e-19,2.97129809e-20
1083,453.400559,4.18947509e-19,2.8749246e-19,2.8155058e-20
1084,453.448824,4.16025152e-19,2.83960431e-19,2.6675818599999997e-20
1085,453.497087,4.1279717e-19,2.80494223e-19,2.5305036199999997e-20
1086,453.545349,4.09311502e-19,2.77283137e-19,2.40721084e-20
1087,453.593609,4.0563924e-19,2.74512514e-19,2.3004845899999998e-20
1088,453.641869,4.01871002e-19,2.72357616e-19,2.21279374e-20
1089,453.690126,3.98113015e-19,2.70978402e-19,2.14617434e-20
1090,453.738382,3.94480949e-19,2.70513836e-19,2.10209241e-20
1091,453.786637,3.9109463e-19,2.71077528e-19,2.08136282e-20
1092,453.834891,3.88071947e-19,2.72753748e-19,2.0840793800000002e-20
1093,453.883143,3.8552314e-19,2.75594521e-19,2.10957714e-20
1094,453.931394,3.83545291e-19,2.79618251e-19,2.15642461e-20
1095,453.979643,3.82217746e-19,2.84809439e-19,2.22244002e-20
1096,454.027891,3.81597884e-19,2.91120616e-19,2.3047416099999998e-20
1097,454.076138,3.81717984e-19,2.98475329e-19,2.3998218600000002e-20
1098,454.124383,3.82582889e-19,3.06772853e-19,2.50365793e-20
1099,454.172627,3.84168915e-19,3.15894826e-19,2.61186737e-20
1100,454.220869,3.86423946e-19,3.25711601e-19,2.71988624e-20
1101,454.26911,3.89269148e-19,3.36090345e-19,2.82319661e-20
1102,454.31735,3.92601919e-19,3.46901457e-19,2.9175600699999997e-20
1103,454.365588,3.96300321e-19,3.58024404e-19,2.9992638100000004e-20
1104,454.413825,4.00229029e-19,3.69352457e-19,3.06535575e-20
1105,454.46206,4.04245658e-19,3.80793351e-19,3.1138291000000003e-20
1106,454.510294,4.08208165e-19,3.92268933e-19,3.1437598499999996e-20
1107,454.558527,4.11981623e-19,4.03710216e-19,3.15535956e-20
1108,454.606758,4.15444653e-19,4.15050497e-19,3.14995064e-20
1109,454.654988,4.18495002e-19,4.2621725e-19,3.12985693e-20
1110,454.703217,4.21053214e-19,4.37121723e-19,3.09822144e-20
1111,454.751444,4.23064962e-19,4.47649739e-19,3.05877119e-20
1112,454.799669,4.24501778e-19,4.57654821e-19,3.01554689e-20
1113,454.847894,4.25360117e-19,4.66954184e-19,2.97262488e-20
1114,454.896117,4.256591e-19,4.75327597e-19,2.93386107e-20
1115,454.944338,4.25437634e-19,4.82523397e-19,2.90265665e-20
1116,454.992558,4.2475071e-19,4.88267586e-19,2.88177683e-20
1117,455.040777,4.23665558e-19,4.92276936e-19,2.87322185e-20
1118,455.088995,4.22257768e-19,4.94275445e-19,2.8781489999999995e-20
1119,455.137211,4.20607565e-19,4.94011986e-19,2.89684595e-20
1120,455.185425,4.18796142e-19,4.91277724e-19,2.92875128e-20
1121,455.233639,4.1690219e-19,4.85921144e-19,2.97251878e-20
1122,455.28185,4.14998934e-19,4.7786105e-19,3.02610972e-20
1123,455.330061,4.13150624e-19,4.67093246e-19,3.08693488e-20
1124,455.37827,4.11410119e-19,4.53695602e-19,3.15200286e-20
1125,455.426478,4.09816041e-19,4.37825174e-19,3.21811176e-20
1126,455.474684,4.08390923e-19,4.19713608e-19,3.28203961e-20
1127,455.522889,4.07139711e-19,3.9965614e-19,3.3407494e-20
1128,455.571092,4.06049404e-19,3.78000287e-19,3.39157257e-20
1129,455.619295,4.05089489e-19,3.55128753e-19,3.43237704e-20
1130,455.667495,4.04213806e-19,3.31446917e-19,3.46168125e-20
1131,455.715695,4.03363151e-19,3.07361126e-19,3.47873121e-20
1132,455.763893,4.02469343e-19,2.83268188e-19,3.48350171e-20
1133,455.812089,4.01459747e-19,2.59537576e-19,3.47664886e-20
1134,455.860284,4.0026246e-19,2.36499789e-19,3.45940253e-20
1135,455.908478,3.98811666e-19,2.14437997e-19,3.43342048e-20
1136,455.956671,3.97052711e-19,1.935813e-19,3.40061879e-20
1137,456.004862,3.94946684e-19,1.74102145e-19,3.3629984200000003e-20
1138,456.053051,3.92473985e-19,1.5611563e-19,3.32248289e-20
1139,456.10124,3.89636769e-19,1.39682348e-19,3.28078423e-20
1140,456.149426,3.86460662e-19,1.24816085e-19,3.2393132799999997e-20
1141,456.197612,3.82994104e-19,1.11487157e-19,3.1991145899999996e-20
1142,456.245796,3.79307807e-19,9.96338809e-20,3.16085779e-20
1143,456.293979,3.75491815e-19,8.91685167e-20,3.12484365e-20
1144,456.34216,3.71652479e-19,7.99866237e-20,3.09104288e-20
1145,456.39034,3.67907968e-19,7.19734935e-20,3.0591405299999996e-20
1146,456.438518,3.64383844e-19,6.50111603e-20,3.02859074e-20
1147,456.486696,3.6120764e-19,5.89826216e-20,2.99866467e-20
1148,456.534871,3.58504265e-19,5.37766383e-20,2.96850337e-20
1149,456.583046,3.5639033e-19,4.92889295e-20,2.93715523e-20
1150,456.631219,3.54970161e-19,4.54248942e-20,2.90362518e-20
1151,456.67939,3.54331322e-19,4.2099478e-20,2.8669127e-20
1152,456.727561,3.54541382e-19,3.92372724e-20,2.82605496e-20
1153,456.775729,3.55645285e-19,3.67724541e-20,2.78017821e-20
1154,456.823897,3.57663718e-19,3.46474098e-20,2.72853433e-20
1155,456.872063,3.60592064e-19,3.28124606e-20,2.6705555599999997e-20
1156,456.920227,3.64400621e-19,3.12246226e-20,2.60588757e-20
1157,456.968391,3.69035734e-19,2.98468431e-20,2.53441975e-20
1158,457.016553,3.74421028e-19,2.86474555e-20,2.45631478e-20
1159,457.064713,3.80460494e-19,2.75993911e-20,2.3720082300000002e-20
1160,457.112872,3.87041781e-19,2.66797509e-20,2.2822030099999998e-20
1161,457.16103,3.94039811e-19,2.58694646e-20,2.18785257e-20
1162,457.209186,4.01321024e-19,2.51529648e-20,2.09012755e-20
1163,457.257341,4.08748355e-19,2.45178596e-20,1.99036354e-20
1164,457.305495,4.16185305e-19,2.39546924e-20,1.8900105400000002e-20
1165,457.353647,4.23500207e-19,2.34566006e-20,1.7905688400000002e-20
1166,457.401798,4.30570499e-19,2.3018879e-20,1.69351379e-20
1167,457.449947,4.37285291e-19,2.26385255e-20,1.60023451e-20
1168,457.498095,4.43548357e-19,2.23136157e-20,1.51196043e-20
1169,457.546242,4.49279302e-19,2.20426652e-20,1.42971081e-20
1170,457.594387,4.54414467e-19,2.18239178e-20,1.35425136e-20
1171,457.642531,4.58907426e-19,2.16546332e-20,1.28606457e-20
1172,457.690673,4.62728186e-19,2.15304811e-20,1.2253514999999999e-20
1173,457.738814,4.65862731e-19,2.14450421e-20,1.1720431e-20
1174,457.786954,4.68311571e-19,2.13895373e-20,1.12584124e-20
1175,457.835092,4.70088317e-19,2.13527993e-20,1.08627129e-20
1176,457.883229,4.71217983e-19,2.1321527e-20,1.05274396e-20
1177,457.931364,4.71734699e-19,2.12808273e-20,1.02462728e-20
1178,457.979499,4.71679328e-19,2.12149944e-20,1.00130886e-20
1179,458.027631,4.71096684e-19,2.1108485e-20,9.82255614e-21
1180,458.075763,4.70032609e-19,2.09469572e-20,9.670478190000001e-21
1181,458.123893,4.68531246e-19,2.07183342e-20,9.554024959999999e-21
1182,458.172021,4.66632489e-19,2.04137091e-20,9.47166986e-21
1183,458.220148,4.64370147e-19,2.00280388e-20,9.42294535e-21
1184,458.268274,4.61771195e-19,1.95605648e-20,9.408013260000001e-21
1185,458.316398,4.58856136e-19,1.90148996e-20,9.42710698e-21
1186,458.364521,4.55640384e-19,1.83987385e-20,9.479933819999999e-21
1187,458.412643,4.52137111e-19,1.77233363e-20,9.565118389999999e-21
1188,458.460763,4.48360781e-19,1.70027252e-20,9.67976503e-21
1189,458.508882,4.4433082e-19,1.62527333e-20,9.81921979e-21
1190,458.557,4.4007559e-19,1.54900354e-20,9.977049319999999e-21
1191,458.605116,4.35635458e-19,1.47311984e-20,1.0145260599999999e-20
1192,458.65323,4.3106447e-19,1.3991805e-20,1.03147414e-20
1193,458.701344,4.26430514e-19,1.32857648e-20,1.0475851799999999e-20
1194,458.749455,4.21814558e-19,1.26249404e-20,1.06190669e-20
1195,458.797566,4.17306471e-19,1.20187163e-20,1.07356724e-20
1196,458.845675,4.13001541e-19,1.14740668e-20,1.08183068e-20
1197,458.893783,4.08994254e-19,1.09955215e-20,1.08614139e-20
1198,458.941889,4.05372918e-19,1.0585412e-20,1.08614838e-20
1199,458.989994,4.0221381e-19,1.02440916e-20,1.08171212e-20
1200,459.038098,3.99576796e-19,9.97025884e-21,1.0728941799999999e-20
1201,459.0862,3.97502067e-19,9.76124746e-21,1.0599346500000001e-20
1202,459.134301,3.96008531e-19,9.61329378e-21,1.04322007e-20
1203,459.1824,3.95094367e-19,9.5218087e-21,1.02324933e-20
1204,459.230498,3.94739045e-19,9.48159316e-21,1.00059698e-20
1205,459.278595,3.94906999e-19,9.48705388e-21,9.75880954e-21
1206,459.32669,3.9555215e-19,9.53239365e-21,9.49732438e-21
1207,459.374784,3.96622928e-19,9.61180548e-21,9.22766849e-21
1208,459.422876,3.98067051e-19,9.71966109e-21,8.95561031e-21
1209,459.470967,3.99835749e-19,9.85070775e-21,8.68628225e-21
1210,459.519057,4.01886706e-19,1.00002435e-20,8.42399243e-21
1211,459.567145,4.04185674e-19,1.01642707e-20,8.172049929999998e-21
1212,459.615232,4.06706794e-19,1.03396175e-20,7.932620439999999e-21
1213,459.663318,4.09431267e-19,1.05239749e-20,7.70667671e-21
1214,459.711402,4.12345002e-19,1.07158575e-20,7.494009129999999e-21
1215,459.759485,4.15435674e-19,1.09144833e-20,7.293309909999999e-21
1216,459.807566,4.18688993e-19,1.11195283e-20,7.10237299e-21
1217,459.855646,4.22085531e-19,1.13308277e-20,6.91833102e-21
1218,459.903724,4.25597503e-19,1.15479854e-20,6.7379745700000005e-21
1219,459.951802,4.29186977e-19,1.1769999e-20,6.5580563799999995e-21
1220,459.999877,4.32804225e-19,1.19948537e-20,6.37563399e-21
1221,460.047952,4.3638869e-19,1.22192788e-20,6.18830112e-21
1222,460.096025,4.39869583e-19,1.24385276e-20,5.99443959e-21
1223,460.144097,4.43169061e-19,1.26464087e-20,5.79332202e-21
1224,460.192167,4.46205434e-19,1.28354386e-20,5.5851830499999996e-21
1225,460.240236,4.48897705e-19,1.29972174e-20,5.3711744999999995e-21
1226,460.288303,4.51169915e-19,1.31229279e-20,5.15328387e-21
1227,460.336369,4.52955886e-19,1.32039744e-20,4.93415943e-21
1228,460.384434,4.54203106e-19,1.32326456e-20,4.71692213e-21
1229,460.432497,4.54875948e-19,1.32027698e-20,4.50493377e-21
1230,460.480559,4.5495773e-19,1.31102684e-20,4.30153623e-21
1231,460.52862,4.54451274e-19,1.29535554e-20,4.10981675e-21
1232,460.576679,4.53378162e-19,1.27337477e-20,3.93237353e-21
1233,460.624737,4.51776514e-19,1.24546408e-20,3.77110239e-21
1234,460.672793,4.49697777e-19,1.21225082e-20,3.62705819e-21
1235,460.720848,4.47202492e-19,1.17456813e-20,3.50035213e-21
1236,460.768901,4.44355965e-19,1.13340484e-20,3.39015074e-21
1237,460.816954,4.41223546e-19,1.08984131e-20,3.29473228e-21
1238,460.865004,4.37867152e-19,1.04499467e-20,3.21165167e-21
1239,460.913054,4.34341385e-19,9.99950804e-21,3.13793449e-21
1240,460.961102,4.30692216e-19,9.55724041e-21,3.0703586200000003e-21
1241,461.009149,4.2695554e-19,9.13209626e-21,3.00572143e-21
1242,461.057194,4.23157866e-19,8.73159405e-21,2.94111648e-21
1243,461.105238,4.19317375e-19,8.36160462e-21,2.8741560299999996e-21
1244,461.15328,4.15446412e-19,8.02630354e-21,2.80313983e-21
1245,461.201321,4.11553842e-19,7.72814057e-21,2.72713335e-21
1246,461.249361,4.07648109e-19,7.46792577e-21,2.6459724899999997e-21
1247,461.297399,4.03739898e-19,7.24493697e-21,2.5601885299999997e-21
1248,461.345436,3.99844084e-19,7.05705401e-21,2.47086747e-21
1249,461.393472,3.95981534e-19,6.90095376e-21,2.3794827699999997e-21
1250,461.441506,3.92179903e-19,6.7723136e-21,2.28771118e-21
1251,461.489539,3.88473459e-19,6.66603607e-21,2.19725399e-21
1252,461.53757,3.84902799e-19,6.57651615e-21,2.10970172e-21
1253,461.5856,3.81513458e-19,6.49790705e-21,2.0264258999999997e-21
1254,461.633629,3.78354776e-19,6.42441113e-21,1.9485299599999998e-21
1255,461.681656,3.75478459e-19,6.35056126e-21,1.8768369199999996e-21
1256,461.729682,3.72937107e-19,6.27148063e-21,1.8119073300000002e-21
1257,461.777706,3.70783463e-19,6.18311851e-21,1.75408971e-21
1258,461.825729,3.69069579e-19,6.08242194e-21,1.70356869e-21
1259,461.873751,3.67846699e-19,5.96745518e-21,1.66041942e-21
1260,461.921771,3.67165201e-19,5.83744322e-21,1.62464506e-21
1261,461.96979,3.67074622e-19,5.69273141e-21,1.59619517e-21
1262,462.017807,3.67623642e-19,5.53469355e-21,1.5749705499999999e-21
1263,462.065824,3.68859654e-19,5.36555384e-21,1.560806e-21
1264,462.113838,3.70827524e-19,5.18820781e-21,1.5534471899999999e-21
1265,462.161852,3.73568056e-19,5.00595163e-21,1.55251751e-21
1266,462.209864,3.77114877e-19,4.82228514e-21,1.5574928199999998e-21
1267,462.257874,3.81491249e-19,4.64066266e-21,1.5676831000000001e-21
1268,462.305883,3.86706096e-19,4.46430289e-21,1.5822311e-21
1269,462.353891,3.92749595e-19,4.29604416e-21,1.60012831e-21
1270,462.401897,3.99589127e-19,4.13823852e-21,1.6202500599999999e-21
1271,462.449902,4.07166511e-19,3.99268473e-21,1.6414100799999999e-21
1272,462.497906,4.1539571e-19,3.86062644e-21,1.66242621e-21
1273,462.545908,4.24162569e-19,3.74277556e-21,1.68219589e-21
1274,462.593909,4.33327141e-19,3.63935692e-21,1.69977495e-21
1275,462.641908,4.42726784e-19,3.55018706e-21,1.71444913e-21
1276,462.689907,4.52182804e-19,3.47474021e-21,1.72579796e-21
1277,462.737903,4.61506044e-19,3.41223669e-21,1.73373857e-21
1278,462.785898,4.70506907e-19,3.36169519e-21,1.73855333e-21
1279,462.833892,4.79002223e-19,3.32200195e-21,1.74088959e-21
1280,462.881885,4.86823393e-19,3.29195498e-21,1.74173639e-21
1281,462.929876,4.93822886e-19,3.27030294e-21,1.74237515e-21
1282,462.977866,4.99879705e-19,3.25577581e-21,1.74430671e-21
1283,463.025854,5.04901975e-19,3.24711534e-21,1.74915776e-21
1284,463.073841,5.08828719e-19,3.24310151e-21,1.7585726599999998e-21
1285,463.121827,5.11629065e-19,3.24258195e-21,1.77409699e-21
1286,463.169811,5.13300584e-19,3.24450116e-21,1.79706145e-21
1287,463.217793,5.1386669e-19,3.24793056e-21,1.82847768e-21
1288,463.265775,5.13373279e-19,3.25209684e-21,1.86895612e-21
1289,463.313755,5.11885401e-19,3.25640487e-21,1.91864776e-21
1290,463.361734,5.09483958e-19,3.26045428e-21,1.9772337199999996e-21
1291,463.409711,5.06262732e-19,3.26404525e-21,2.0439467100000003e-21
1292,463.457687,5.02325313e-19,3.26717345e-21,2.1176438899999997e-21
1293,463.505661,4.97782615e-19,3.27001242e-21,2.19690699e-21
1294,463.553634,4.9274982e-19,3.27288513e-21,2.28018264e-21
1295,463.601606,4.87343802e-19,3.27622549e-21,2.36592831e-21
1296,463.649576,4.81680215e-19,3.28053278e-21,2.45276434e-21
1297,463.697545,4.75870074e-19,3.28632223e-21,2.53961851e-21
1298,463.745512,4.70017151e-19,3.29407399e-21,2.62583026e-21
1299,463.793479,4.6421445e-19,3.30418558e-21,2.71123224e-21
1300,463.841443,4.5854258e-19,3.31692734e-21,2.79616171e-21
1301,463.889407,4.53066345e-19,3.33241018e-21,2.8814558400000002e-21
1302,463.937369,4.4783461e-19,3.35055857e-21,2.9683587799999996e-21
1303,463.985329,4.42878787e-19,3.37110076e-21,3.05841696e-21
1304,464.033288,4.3821308e-19,3.39357102e-21,3.1533258399999998e-21
1305,464.081246,4.33835572e-19,3.41732516e-21,3.25475146e-21
1306,464.129203,4.29729673e-19,3.44157105e-21,3.36414818e-21
1307,464.177158,4.25866343e-19,3.46541019e-21,3.48257739e-21
1308,464.225111,4.22206488e-19,3.4878902e-21,3.61055374e-21
1309,464.273063,4.18703802e-19,3.50806144e-21,3.74792231e-21
1310,464.321014,4.15307812e-19,3.52503402e-21,3.89377634e-21
1311,464.368964,4.11966578e-19,3.53803287e-21,4.04643892e-21
1312,464.416912,4.08629298e-19,3.54644482e-21,4.2035010700000005e-21
1313,464.464859,4.05248237e-19,3.54985567e-21,4.36193634e-21
1314,464.512804,4.01780673e-19,3.5480731e-21,4.51825208e-21
1315,464.560748,3.98189759e-19,3.54113702e-21,4.6687176200000004e-21
1316,464.60869,3.94445478e-19,3.52931649e-21,4.8096044699999996e-21
1317,464.656631,3.90524578e-19,3.51309443e-21,4.9374738e-21
1318,464.704571,3.86410722e-19,3.4931439e-21,5.04944625e-21
1319,464.75251,3.82094164e-19,3.470297e-21,5.14347069e-21
1320,464.800446,3.77571651e-19,3.44551036e-21,5.21855649e-21
1321,464.848382,3.72845535e-19,3.41982368e-21,5.2749738400000004e-21
1322,464.896316,3.67924651e-19,3.39432647e-21,5.3143699e-21
1323,464.944249,3.62823653e-19,3.37011634e-21,5.33984477e-21
1324,464.99218,3.57563764e-19,3.34826554e-21,5.35593605e-21
1325,465.040111,3.52172567e-19,3.32978523e-21,5.36853153e-21
1326,465.088039,3.46685166e-19,3.31559854e-21,5.38469461e-21
1327,465.135966,3.41143188e-19,3.30651043e-21,5.41241442e-21
1328,465.183892,3.35595409e-19,3.30318916e-21,5.4602775499999994e-21
1329,465.231817,3.30097011e-19,3.3061496e-21,5.5370812399999994e-21
1330,465.27974,3.24708779e-19,3.31574341e-21,5.6514044899999995e-21
1331,465.327662,3.19495455e-19,3.3321566e-21,5.8111803e-21
1332,465.375582,3.14524575e-19,3.35541233e-21,6.0232819799999994e-21
1333,465.423501,3.09864208e-19,3.38538182e-21,6.29320575e-21
1334,465.471418,3.05581468e-19,3.42179721e-21,6.624836249999999e-21
1335,465.519334,3.01740288e-19,3.46427272e-21,7.02040218e-21
1336,465.567249,2.98400052e-19,3.51232414e-21,7.48056224e-21
1337,465.615163,2.95614104e-19,3.56539225e-21,8.004686859999999e-21
1338,465.663075,2.93428724e-19,3.622865e-21,8.59127622e-21
1339,465.710985,2.91882261e-19,3.6841031e-21,9.23852727e-21
1340,465.758894,2.91004744e-19,3.74846322e-21,9.944941859999999e-21
1341,465.806802,2.90817721e-19,3.81531754e-21,1.0709890699999999e-20
1342,465.854709,2.91334117e-19,3.88407599e-21,1.15341383e-20
1343,465.902614,2.92558172e-19,3.95420432e-21,1.2420199800000001e-20
1344,465.950517,2.94485428e-19,4.02524388e-21,1.33725747e-20
1345,465.998419,2.97102711e-19,4.09682413e-21,1.4397755999999998e-20
1346,466.04632,3.00387877e-19,4.16866528e-21,1.55040031e-20
1347,466.09422,3.04309595e-19,4.24057583e-21,1.6701005899999998e-20
1348,466.142118,3.08826974e-19,4.31243531e-21,1.79993751e-20
1349,466.190015,3.13889594e-19,4.38416926e-21,1.94101556e-20
1350,466.23791,3.19436985e-19,4.45569977e-21,2.09441047e-20
1351,466.285804,3.25399088e-19,4.52689578e-21,2.26111791e-20
1352,466.333696,3.31696103e-19,4.59750327e-21,2.44197724e-20
1353,466.381588,3.38239794e-19,4.6670868e-21,2.6376266399999998e-20
1354,466.429477,3.44933532e-19,4.73495793e-21,2.8484085e-20
1355,466.477366,3.51675402e-19,4.80014571e-21,3.07435311e-20
1356,466.525253,3.58358823e-19,4.86135819e-21,3.3150712e-20
1357,466.573138,3.64876198e-19,4.91699847e-21,3.56973016e-20
1358,466.621023,3.71122021e-19,4.96520161e-21,3.8370129099999996e-20
1359,466.668905,3.76995468e-19,5.00389726e-21,4.11505064e-20
1360,466.716787,3.82405506e-19,5.03091708e-21,4.40147937e-20
1361,466.764667,3.87273214e-19,5.04410232e-21,4.69339932e-20
1362,466.812546,3.91536143e-19,5.0414361e-21,4.98747532e-20
1363,466.860423,3.95150654e-19,5.0211671e-21,5.27999154e-20
1364,466.908299,3.98094312e-19,4.98192327e-21,5.56698819e-20
1365,466.956173,4.00366587e-19,4.92280696e-21,5.84437032e-20
1366,467.004046,4.01988877e-19,4.84345796e-21,6.10807663e-20
1367,467.051918,4.03002819e-19,4.74409181e-21,6.35420807e-20
1368,467.099788,4.03467573e-19,4.62550607e-21,6.579168299999999e-20
1369,467.147657,4.03455951e-19,4.48904702e-21,6.77980111e-20
1370,467.195525,4.03049573e-19,4.33656338e-21,6.953477000000001e-20
1371,467.243391,4.02333561e-19,4.17033275e-21,7.098174419999999e-20
1372,467.291256,4.01390981e-19,3.99295846e-21,7.21254528e-20
1373,467.339119,4.00297602e-19,3.80727847e-21,7.29593934e-20
1374,467.386981,3.99117174e-19,3.6162391e-21,7.34843495e-20
1375,467.434842,3.97897807e-19,3.42279386e-21,7.370843009999999e-20
1376,467.482701,3.96669573e-19,3.22979578e-21,7.364714929999999e-20
1377,467.530559,3.95443467e-19,3.03988693e-21,7.332344120000001e-20
1378,467.578415,3.94212073e-19,2.85543103e-21,7.276766210000001e-20
1379,467.62627,3.92951524e-19,2.67843302e-21,7.201753259999999e-20
1380,467.674124,3.91624952e-19,2.51050804e-21,7.11180652e-20
1381,467.721976,3.90186933e-19,2.35286061e-21,7.01213598e-20
1382,467.769827,3.88588529e-19,2.20627722e-21,6.90861125e-20
1383,467.817677,3.86782748e-19,2.07115999e-21,6.807694260000001e-20
1384,467.865525,3.8472974e-19,1.94756576e-21,6.7163256e-20
1385,467.913372,3.82401166e-19,1.83525085e-21,6.64175472e-20
1386,467.961217,3.79783793e-19,1.7337416e-21,6.59132705e-20
1387,468.009061,3.76881318e-19,1.64238729e-21,6.57220002e-20
1388,468.056903,3.73715044e-19,1.56042895e-21,6.59101589e-20
1389,468.104745,3.70322415e-19,1.48704447e-21,6.65353258e-20
1390,468.152584,3.66754965e-19,1.42140733e-21,6.76423081e-20
1391,468.200423,3.63073747e-19,1.36270603e-21,6.92596389e-20
1392,468.24826,3.59345577e-19,1.3101853e-21,7.139625449999999e-20
1393,468.296095,3.55637622e-19,1.26315247e-21,7.403958119999999e-20
1394,468.34393,3.52012675e-19,1.22098624e-21,7.715501709999999e-20
1395,468.391762,3.48525541e-19,1.18314347e-21,8.06866434e-20
1396,468.439594,3.45219006e-19,1.14914536e-21,8.45611281e-20
1397,468.487424,3.42122578e-19,1.11857886e-21,8.86921085e-20
1398,468.535253,3.39251099e-19,1.09108146e-21,9.29877284e-20
1399,468.58308,3.3660544e-19,1.0663352e-21,9.735843e-20
1400,468.630906,3.34173677e-19,1.04405572e-21,1.01726078e-19
1401,468.67873,3.31933542e-19,1.02398698e-21,1.0603207300000001e-19
1402,468.726553,3.29854995e-19,1.00589376e-21,1.1024496199999999e-19
1403,468.774375,3.27903439e-19,9.89558886e-22,1.14365316e-19
1404,468.822196,3.26042759e-19,9.74779988e-22,1.1842811399999999e-19
1405,468.870015,3.242383e-19,9.61368006e-22,1.2250162799999998e-19
1406,468.917832,3.22459407e-19,9.49145395e-22,1.2668301e-19
1407,468.965648,3.20681626e-19,9.37945301e-22,1.31090339e-19
1408,469.013463,3.18888483e-19,9.27611138e-22,1.3585159000000002e-19
1409,469.061276,3.1707267e-19,9.17995517e-22,1.4109162399999998e-19
1410,469.109089,3.15236524e-19,9.0895855e-22,1.46918545e-19
1411,469.156899,3.133924e-19,9.00368776e-22,1.5340879399999997e-19
1412,469.204708,3.1156178e-19,8.92101207e-22,1.60595773e-19
1413,469.252516,3.09774478e-19,8.84039419e-22,1.68459071e-19
1414,469.300323,3.08066942e-19,8.76076955e-22,1.7691852900000001e-19
1415,469.348128,3.06480184e-19,8.68120314e-22,1.8583253999999999e-19
1416,469.395931,3.05057199e-19,8.60092323e-22,1.9500207499999998e-19
1417,469.443734,3.03840188e-19,8.5193616e-22,2.0417978199999999e-19
1418,469.491535,3.0286784e-19,8.43620545e-22,2.1308241199999998e-19
1419,469.539334,3.02172387e-19,8.35142271e-22,2.21409326e-19
1420,469.587132,3.01777179e-19,8.26528631e-22,2.28861881e-19
1421,469.634929,3.01694733e-19,8.17838269e-22,2.35163207e-19
1422,469.682724,3.01925361e-19,8.09159563e-22,2.40077122e-19
1423,469.730518,3.02456576e-19,8.00606236e-22,2.43424208e-19
1424,469.778311,3.03263285e-19,7.92312052e-22,2.4509269999999996e-19
1425,469.826102,3.0430869e-19,7.84423376e-22,2.45044597e-19
1426,469.873892,3.05545957e-19,7.77090377e-22,2.43316043e-19
1427,469.92168,3.06920263e-19,7.70459282e-22,2.40012482e-19
1428,469.969467,3.08371399e-19,7.6466411e-22,2.35299352e-19
1429,470.017253,3.0983642e-19,7.59820883e-22,2.29389971e-19
1430,470.065037,3.11252413e-19,7.56023218e-22,2.22531754e-19
1431,470.11282,3.12559308e-19,7.53339886e-22,2.1499150199999998e-19
1432,470.160602,3.1370231e-19,7.51814956e-22,2.07042264e-19
1433,470.208382,3.14634165e-19,7.51469153e-22,1.989514e-19
1434,470.256161,3.15317118e-19,7.523023e-22,1.90970014e-19
1435,470.303938,3.15724305e-19,7.54296071e-22,1.83325625e-19
1436,470.351714,3.15840787e-19,7.57416298e-22,1.7621543599999998e-19
1437,470.399488,3.1566396e-19,7.61613986e-22,1.69802521e-19
1438,470.447261,3.1520343e-19,7.6682539e-22,1.6421213099999998e-19
1439,470.495033,3.14480321e-19,7.72970332e-22,1.5953011e-19
1440,470.542804,3.13526056e-19,7.79949911e-22,1.55801609e-19
1441,470.590573,3.12380713e-19,7.87643871e-22,1.5303089099999998e-19
1442,470.63834,3.11090976e-19,7.95909258e-22,1.51181868e-19
1443,470.686106,3.09707934e-19,8.04580604e-22,1.5017999e-19
1444,470.733871,3.08284913e-19,8.13472259e-22,1.4991537899999999e-19
1445,470.781635,3.06875347e-19,8.2238423e-22,1.5024726200000001e-19
1446,470.829397,3.0553091e-19,8.31110676e-22,1.5101000399999998e-19
1447,470.877157,3.04299868e-19,8.39451431e-22,1.52020705e-19
1448,470.924917,3.0322579e-19,8.47224713e-22,1.53088204e-19
1449,470.972674,3.0234673e-19,8.54278662e-22,1.54022868e-19
1450,471.020431,3.01694251e-19,8.6050437e-22,1.5464729099999999e-19
1451,471.068186,3.01293075e-19,8.65842678e-22,1.54806405e-19
1452,471.11594,3.01160481e-19,8.7028978e-22,1.5437705399999999e-19
1453,471.163692,3.01305943e-19,8.73896447e-22,1.53275756e-19
1454,471.211443,3.0173075e-19,8.76763447e-22,1.51464146e-19
1455,471.259193,3.02427691e-19,8.79032016e-22,1.48951641e-19
1456,471.306941,3.03380831e-19,8.8087133e-22,1.45795016e-19
1457,471.354687,3.04565553e-19,8.82463996e-22,1.42094646e-19
1458,471.402433,3.05948919e-19,8.83991034e-22,1.37987776e-19
1459,471.450177,3.074902e-19,8.85617808e-22,1.3364005599999999e-19
1460,471.497919,3.09142172e-19,8.87482832e-22,1.29234293e-19
1461,471.545661,3.10852762e-19,8.8968999e-22,1.2495868399999998e-19
1462,471.5934,3.12566847e-19,8.92304586e-22,1.2099552600000001e-19
1463,471.641139,3.1422905e-19,8.95354592e-22,1.17508954e-19
1464,471.688876,3.15785975e-19,8.9883478e-22,1.14635884e-19
1465,471.736612,3.17189165e-19,9.02715151e-22,1.12477374e-19
1466,471.784346,3.18397467e-19,9.06950717e-22,1.11093415e-19
1467,471.832079,3.19379341e-19,9.11492794e-22,1.1050011399999999e-19
1468,471.87981,3.20114447e-19,9.16299077e-22,1.10670283e-19
1469,471.92754,3.20594769e-19,9.21342604e-22,1.11537041e-19
1470,471.975269,3.20824879e-19,9.26617095e-22,1.13000476e-19
1471,472.022996,3.20821546e-19,9.32138853e-22,1.1493673000000001e-19
1472,472.070722,3.20612619e-19,9.37944989e-22,1.17209052e-19
1473,472.118447,3.20235305e-19,9.44087085e-22,1.19679385e-19
1474,472.16617,3.19734034e-19,9.50621922e-22,1.22219645e-19
1475,472.213892,3.19158008e-19,9.57600458e-22,1.24721575e-19
1476,472.261612,3.18558772e-19,9.65055079e-22,1.27103556e-19
1477,472.309331,3.17987852e-19,9.72988767e-22,1.2931438699999998e-19
1478,472.357049,3.17494808e-19,9.81365551e-22,1.31332905e-19
1479,472.404765,3.17125741e-19,9.90105007e-22,1.33164173e-19
1480,472.45248,3.16922354e-19,9.99081941e-22,1.3483281599999999e-19
1481,472.500193,3.16921697e-19,1.00812979e-21,1.36374227e-19
1482,472.547906,3.17156462e-19,1.01705047e-21,1.37825524e-19
1483,472.595616,3.17655748e-19,1.02562581e-21,1.39216852e-19
1484,472.643325,3.18446234e-19,1.03363506e-21,1.4056510899999998e-19
1485,472.691033,3.19553402e-19,1.04087024e-21,1.418698e-19
1486,472.73874,3.21002714e-19,1.04715246e-21,1.43112073e-19
1487,472.786445,3.22820438e-19,1.05234538e-21,1.44256391e-19
1488,472.834149,3.25034144e-19,1.05636537e-21,1.45254457e-19
1489,472.881851,3.27672315e-19,1.05918617e-21,1.4605027099999998e-19
1490,472.929552,3.30763608e-19,1.06083954e-21,1.46585788e-19
1491,472.977252,3.34335096e-19,1.06141064e-21,1.46806048e-19
1492,473.02495,3.38409991e-19,1.06103004e-21,1.4666345999999998e-19
1493,473.072647,3.43005183e-19,1.05986295e-21,1.46120836e-19
1494,473.120342,3.48127923e-19,1.05809718e-21,1.45153221e-19
1495,473.168036,3.53773186e-19,1.05593109e-21,1.4374865300000002e-19
1496,473.215729,3.59920595e-19,1.05356274e-21,1.41908321e-19
1497,473.26342,3.66532095e-19,1.05118099e-21,1.39646342e-19
1498,473.31111,3.73550863e-19,1.04895865e-21,1.3698918599999999e-19
1499,473.358798,3.80900283e-19,1.04704848e-21,1.3397533799999998e-19
1500,473.406485,3.88485254e-19,1.04558091e-21,1.30654394e-19
1501,473.454171,3.96193787e-19,1.04466389e-21,1.2708623699999999e-19
1502,473.501855,4.03900371e-19,1.04438368e-21,1.23339572e-19
1503,473.549538,4.11471103e-19,1.04480651e-21,1.19489554e-19
1504,473.59722,4.18768873e-19,1.0459805e-21,1.15615192e-19
1505,473.6449,4.25659786e-19,1.04793762e-21,1.11795943e-19
1506,473.692578,4.32020179e-19,1.05069567e-21,1.08107752e-19
1507,473.740256,4.37743182e-19,1.05426052e-21,1.04619129e-19
1508,473.787932,4.42743763e-19,1.05862795e-21,1.0138801899999999e-19
1509,473.835606,4.46964089e-19,1.06378671e-21,9.84583631e-20
1510,473.88328,4.50376303e-19,1.06972225e-21,9.585804440000001e-20
1511,473.930951,4.52983008e-19,1.07642021e-21,9.359816599999999e-20
1512,473.978622,4.54816924e-19,1.08387305e-21,9.16724142e-20
1513,474.026291,4.559371e-19,1.09208462e-21,9.00585204e-20
1514,474.073958,4.56424359e-19,1.10107737e-21,8.87196786e-20
1515,474.121625,4.56374801e-19,1.11089858e-21,8.760700269999999e-20
1516,474.16929,4.55892582e-19,1.12162399e-21,8.666251239999999e-20
1517,474.216953,4.55082455e-19,1.1333619e-21,8.58220973e-20
1518,474.264615,4.54042596e-19,1.14625304e-21,8.50188205e-20
1519,474.312276,4.52858473e-19,1.16046632e-21,8.4186239e-20
1520,474.359935,4.51598129e-19,1.17619068e-21,8.32616402e-20
1521,474.407593,4.50309118e-19,1.19362346e-21,8.21890917e-20
1522,474.45525,4.49017502e-19,1.21295264e-21,8.092236969999999e-20
1523,474.502905,4.47728625e-19,1.23433644e-21,7.942750279999999e-20
1524,474.550558,4.46429455e-19,1.25788169e-21,7.76847429e-20
1525,474.598211,4.45092209e-19,1.28362204e-21,7.56898349e-20
1526,474.645862,4.43678967e-19,1.31149406e-21,7.34547468e-20
1527,474.693511,4.42146257e-19,1.3413241e-21,7.10069295e-20
1528,474.74116,4.40449615e-19,1.37281905e-21,6.83876802e-20
1529,474.788806,4.38547849e-19,1.40556076e-21,6.564988399999999e-20
1530,474.836452,4.36405824e-19,1.43902222e-21,6.285383890000001e-20
1531,474.884096,4.33997104e-19,1.4725791e-21,6.006363779999999e-20
1532,474.931738,4.31304918e-19,1.50554288e-21,5.73422023e-20
1533,474.97938,4.28322474e-19,1.5371966e-21,5.47468194e-20
1534,475.02702,4.25053019e-19,1.56683116e-21,5.23255242e-20
1535,475.074658,4.21508705e-19,1.59379085e-21,5.01137103e-20
1536,475.122295,4.17709572e-19,1.61751107e-21,4.81323632e-20
1537,475.169931,4.13682547e-19,1.63754943e-21,4.63876706e-20
1538,475.217565,4.09460326e-19,1.65360914e-21,4.4871874600000005e-20
1539,475.265198,4.05079997e-19,1.66555205e-21,4.35652579e-20
1540,475.31283,4.005822e-19,1.67339772e-21,4.2439251e-20
1541,475.36046,3.96010013e-19,1.67731323e-21,4.14599417e-20
1542,475.408089,3.91407441e-19,1.67759395e-21,4.05916494e-20
1543,475.455716,3.86818457e-19,1.67463736e-21,3.9800337499999996e-20
1544,475.503342,3.82285162e-19,1.66891422e-21,3.90562207e-20
1545,475.550967,3.77846565e-19,1.66093966e-21,3.83356187e-20
1546,475.59859,3.73537125e-19,1.65124711e-21,3.7621769199999996e-20
1547,475.646212,3.69385182e-19,1.64036565e-21,3.69046488e-20
1548,475.693832,3.65412352e-19,1.62880401e-21,3.61800944e-20
1549,475.741451,3.61632627e-19,1.61703816e-21,3.5448237e-20
1550,475.789069,3.58052576e-19,1.605505e-21,3.4711756899999994e-20
1551,475.836685,3.54671771e-19,1.59459862e-21,3.3974103199999993e-20
1552,475.8843,3.51483479e-19,1.58466785e-21,3.32379294e-20
1553,475.931913,3.48476213e-19,1.5760161e-21,3.2504097799999996e-20
1554,475.979525,3.45634955e-19,1.56889947e-21,3.17711287e-20
1555,476.027136,3.42942914e-19,1.56352577e-21,3.10353475e-20
1556,476.074746,3.40382939e-19,1.56005228e-21,3.0291492199999997e-20
1557,476.122353,3.37938891e-19,1.55858417e-21,2.95337539e-20
1558,476.16996,3.35596262e-19,1.5591737e-21,2.87568733e-20
1559,476.217565,3.33343327e-19,1.56182203e-21,2.79575005e-20
1560,476.265169,3.31171046e-19,1.56648367e-21,2.71350627e-20
1561,476.312771,3.29073317e-19,1.57307434e-21,2.62924779e-20
1562,476.360372,3.27046581e-19,1.58148317e-21,2.54362451e-20
1563,476.407972,3.25089607e-19,1.59158751e-21,2.45761481e-20
1564,476.45557,3.23203074e-19,1.60327043e-21,2.37244371e-20
1565,476.503167,3.21389055e-19,1.6164403e-21,2.28945865e-20
1566,476.550762,3.19650822e-19,1.63104807e-21,2.2099960799999998e-20
1567,476.598356,3.17992422e-19,1.64710418e-21,2.1352304100000002e-20
1568,476.645949,3.1641858e-19,1.66468898e-21,2.06604973e-20
1569,476.69354,3.14934516e-19,1.6839574e-21,2.00295635e-20
1570,476.74113,3.13545679e-19,1.70513716e-21,1.94600639e-20
1571,476.788719,3.12257639e-19,1.72851558e-21,1.89480638e-20
1572,476.836306,3.11075806e-19,1.75441817e-21,1.84855359e-20
1573,476.883892,3.10005007e-19,1.78318026e-21,1.80611697e-20
1574,476.931476,3.09049169e-19,1.81510754e-21,1.7661570000000003e-20
1575,476.979059,3.08210766e-19,1.85043641e-21,1.7272560699999997e-20
1576,477.026641,3.0749042e-19,1.88928838e-21,1.6880578999999997e-20
1577,477.074221,3.06886463e-19,1.93162822e-21,1.64739206e-20
1578,477.121799,3.06394572e-19,1.97723069e-21,1.60437235e-20
1579,477.169377,3.06007571e-19,2.02565786e-21,1.55846148e-20
1580,477.216953,3.05715443e-19,2.07624355e-21,1.5095040299999998e-20
1581,477.264527,3.0550541e-19,2.1281071e-21,1.45770904e-20
1582,477.312101,3.05362279e-19,2.18018016e-21,1.40360244e-20
1583,477.359673,3.0526895e-19,2.2312446e-21,1.34795905e-20
1584,477.407243,3.05207036e-19,2.27999911e-21,1.2917031999999999e-20
1585,477.454812,3.05157635e-19,2.32512889e-21,1.2358100799999999e-20
1586,477.50238,3.05102174e-19,2.36537946e-21,1.18121242e-20
1587,477.549946,3.05023297e-19,2.39963112e-21,1.12871862e-20
1588,477.597511,3.04905766e-19,2.42696636e-21,1.07894861e-20
1589,477.645074,3.0473733e-19,2.44671713e-21,1.03230351e-20
1590,477.692637,3.04509507e-19,2.45849769e-21,9.88953284e-21
1591,477.740197,3.04218288e-19,2.46221048e-21,9.488626229999998e-21
1592,477.787757,3.03864601e-19,2.45803486e-21,9.118209860000001e-21
1593,477.835315,3.03454669e-19,2.4463927e-21,8.77506766e-21
1594,477.882871,3.03000034e-19,2.42790098e-21,8.45543253e-21
1595,477.930426,3.02517333e-19,2.40331374e-21,8.15560736e-21
1596,477.97798,3.02027818e-19,2.37346295e-21,7.87250484e-21
1597,478.025533,3.01556569e-19,2.3392017e-21,7.60402537e-21
1598,478.073084,3.01131495e-19,2.30135644e-21,7.34926905e-21
1599,478.120633,3.0078213e-19,2.26068831e-21,7.10853989e-21
1600,478.168181,3.00538391e-19,2.21786855e-21,6.88318345e-21
1601,478.215728,3.00429362e-19,2.17346865e-21,6.67528777e-21
1602,478.263274,3.004822e-19,2.127959e-21,6.4872722299999994e-21
1603,478.310818,3.00721275e-19,2.08171753e-21,6.32144686e-21
1604,478.358361,3.01167625e-19,2.03503969e-21,6.17957759e-21
1605,478.405902,3.0183873e-19,1.98815752e-21,6.06254795e-21
1606,478.453442,3.02748658e-19,1.94125043e-21,5.97010574e-21
1607,478.50098,3.03908388e-19,1.89446191e-21,5.90076466e-21
1608,478.548517,3.05326419e-19,1.84790507e-21,5.85182647e-21
1609,478.596053,3.07009284e-19,1.8016719e-21,5.81954286e-21
1610,478.643588,3.08962014e-19,1.75583573e-21,5.79937097e-21
1611,478.69112,3.11188236e-19,1.71045458e-21,5.7862988399999995e-21
1612,478.738652,3.1369035e-19,1.66556511e-21,5.77519772e-21
1613,478.786182,3.16468481e-19,1.62119279e-21,5.76117061e-21
1614,478.833711,3.19519886e-19,1.5773459e-21,5.73985532e-21
1615,478.881238,3.22837329e-19,1.53402305e-21,5.70766721e-21
1616,478.928765,3.2640786e-19,1.49121296e-21,5.66195872e-21
1617,478.976289,3.30210607e-19,1.44890715e-21,5.6011060599999994e-21
1618,479.023812,3.34216078e-19,1.40709703e-21,5.52450111e-21
1619,479.071334,3.38384527e-19,1.36578629e-21,5.43249225e-21
1620,479.118855,3.42665552e-19,1.32499437e-21,5.32626536e-21
1621,479.166374,3.4699815e-19,1.28476121e-21,5.207694189999999e-21
1622,479.213892,3.51311915e-19,1.24514668e-21,5.0791623099999996e-21
1623,479.261408,3.55528408e-19,1.20623386e-21,4.94339832e-21
1624,479.308923,3.59564e-19,1.16812356e-21,4.80329819e-21
1625,479.356436,3.63332632e-19,1.13093365e-21,4.6617857699999994e-21
1626,479.403948,3.66749726e-19,1.0947906e-21,4.52167269e-21
1627,479.451459,3.69735745e-19,1.05982591e-21,4.38556531e-21
1628,479.498969,3.72220101e-19,1.02616928e-21,4.2557886599999994e-21
1629,479.546477,3.74144686e-19,9.93943665e-22,4.13434609e-21
1630,479.593983,3.75467056e-19,9.63259218e-22,4.02290085e-21
1631,479.641488,3.76162719e-19,9.34209949e-22,3.92279268e-21
1632,479.688992,3.7622653e-19,9.06872856e-22,3.83508218e-21
1633,479.736495,3.75673149e-19,8.81306272e-22,3.76060546e-21
1634,479.783996,3.74536408e-19,8.57550424e-22,3.7000414e-21
1635,479.831495,3.72867528e-19,8.35627194e-22,3.65397322e-21
1636,479.878994,3.70732305e-19,8.15541217e-22,3.62294239e-21
1637,479.92649,3.68207937e-19,7.97284324e-22,3.60748469e-21
1638,479.973986,3.65378512e-19,7.8083245e-22,3.6081278199999995e-21
1639,480.02148,3.6233136e-19,7.66151256e-22,3.62536971e-21
1640,480.068973,3.59152546e-19,7.53194221e-22,3.65962348e-21
1641,480.116464,3.55923554e-19,7.41905121e-22,3.71114302e-21
1642,480.163954,3.52718121e-19,7.3221762e-22,3.77994392e-21
1643,480.211442,3.49600521e-19,7.24056866e-22,3.86572264e-21
1644,480.25893,3.46624211e-19,7.17339251e-22,3.9678077299999995e-21
1645,480.306415,3.43832263e-19,7.11974522e-22,4.08511882e-21
1646,480.3539,3.41257385e-19,7.07865412e-22,4.21620649e-21
1647,480.401383,3.38923821e-19,7.0491035e-22,4.35928468e-21
1648,480.448864,3.36848442e-19,7.03004294e-22,4.5123458e-21
1649,480.496345,3.35042253e-19,7.02040773e-22,4.67329009e-21
1650,480.543823,3.33511816e-19,7.01913901e-22,4.84004204e-21
1651,480.591301,3.32259504e-19,7.02519993e-22,5.010722079999999e-21
1652,480.638777,3.31283951e-19,7.03759238e-22,5.18371617e-21
1653,480.686252,3.30579317e-19,7.05536908e-22,5.35776707e-21
1654,480.733725,3.30134492e-19,7.07763936e-22,5.53196164e-21
1655,480.781197,3.2993188e-19,7.10357063e-22,5.70568782e-21
1656,480.828667,3.29946333e-19,7.13237914e-22,5.8785043599999996e-21
1657,480.876136,3.30144333e-19,7.16331732e-22,6.0499969899999995e-21
1658,480.923604,3.30483747e-19,7.1956504e-22,6.21959106e-21
1659,480.97107,3.30914286e-19,7.22862945e-22,6.38638873e-21
1660,481.018535,3.31378797e-19,7.26146434e-22,6.5490639e-21
1661,481.065999,3.31815277e-19,7.29329383e-22,6.70581438e-21
1662,481.113461,3.3215954e-19,7.3231634e-22,6.85442682e-21
1663,481.160922,3.32348316e-19,7.35001526e-22,6.9924622e-21
1664,481.208381,3.32322443e-19,7.37268837e-22,7.11752497e-21
1665,481.255839,3.32029935e-19,7.38994059e-22,7.22763923e-21
1666,481.303296,3.31428593e-19,7.40048568e-22,7.321650999999999e-21
1667,481.350751,3.30488009e-19,7.40305028e-22,7.39964098e-21
1668,481.398205,3.29190684e-19,7.39644466e-22,7.463292199999999e-21
1669,481.445657,3.27532434e-19,7.37964098e-22,7.516154169999999e-21
1670,481.493108,3.25521783e-19,7.35185148e-22,7.563796680000001e-21
1671,481.540558,3.23178851e-19,7.31259939e-22,7.6138187e-21
1672,481.588006,3.20533632e-19,7.26177384e-22,7.67573142e-21
1673,481.635453,3.17623716e-19,7.19965696e-22,7.76073799e-21
1674,481.682899,3.14492142e-19,7.12692872e-22,7.881434920000001e-21
1675,481.730343,3.11185121e-19,7.04464125e-22,8.051477859999999e-21
1676,481.777786,3.07749632e-19,6.95415975e-22,8.285254220000001e-21
1677,481.825227,3.04231724e-19,6.85709374e-22,8.59753887e-21
1678,481.872667,3.00674503e-19,6.75519943e-22,9.00318412e-21
1679,481.920105,2.97117002e-19,6.65029219e-22,9.516730339999999e-21
1680,481.967543,2.93592671e-19,6.54414318e-22,1.01520123e-20
1681,482.014978,2.90129139e-19,6.43841548e-22,1.0921479499999999e-20
1682,482.062413,2.86746868e-19,6.33457463e-22,1.18355883e-20
1683,482.109846,2.83459741e-19,6.23386858e-22,1.2901663e-20
1684,482.157277,2.80274664e-19,6.13728915e-22,1.41228564e-20
1685,482.204708,2.77192042e-19,6.0455707e-22,1.549692e-20
1686,482.252137,2.7420697e-19,5.95921809e-22,1.7014786799999998e-20
1687,482.299564,2.71309947e-19,5.87852554e-22,1.86596713e-20
1688,482.34699,2.68488348e-19,5.80362108e-22,2.04063871e-20
1689,482.394415,2.65728116e-19,5.73451867e-22,2.2221183900000003e-20
1690,482.441838,2.63015409e-19,5.67116923e-22,2.40623842e-20
1691,482.48926,2.60338022e-19,5.61350787e-22,2.58819714e-20
1692,482.53668,2.57687026e-19,5.56150695e-22,2.76277189e-20
1693,482.5841,2.55057569e-19,5.51521145e-22,2.92463468e-20
1694,482.631517,2.52449995e-19,5.47477909e-22,3.06866767e-20
1695,482.678934,2.49869431e-19,5.44049004e-22,3.19035756e-20
1696,482.726349,2.47326113e-19,5.41276312e-22,3.28609823e-20
1697,482.773762,2.4483429e-19,5.39214128e-22,3.3534917799999997e-20
1698,482.821174,2.4241124e-19,5.37926978e-22,3.39153397e-20
1699,482.868585,2.4007613e-19,5.37485976e-22,3.4006942499999997e-20
1700,482.915995,2.37848661e-19,5.37963879e-22,3.3828843200000003e-20
1701,482.963403,2.35747905e-19,5.39429408e-22,3.34131423e-20
1702,483.010809,2.3379121e-19,5.41941294e-22,3.28025349e-20
1703,483.058214,2.31993519e-19,5.45542581e-22,3.20472616e-20
1704,483.105618,2.30367089e-19,5.50255297e-22,3.12018037e-20
1705,483.153021,2.28921398e-19,5.56076158e-22,3.03215825e-20
1706,483.200422,2.27663381e-19,5.62973202e-22,2.94600337e-20
1707,483.247822,2.26597735e-19,5.70884131e-22,2.86662045e-20
1708,483.29522,2.25727472e-19,5.79714711e-22,2.79832251e-20
1709,483.342617,2.25054251e-19,5.89339289e-22,2.74474519e-20
1710,483.390012,2.2457875e-19,5.99600654e-22,2.7088500699999998e-20
1711,483.437406,2.24300756e-19,6.10312086e-22,2.69298458e-20
1712,483.484799,2.2421917e-19,6.21258698e-22,2.69900053e-20
1713,483.532191,2.24331799e-19,6.32200508e-22,2.72840097e-20
1714,483.579581,2.24635055e-19,6.42876368e-22,2.78250187e-20
1715,483.626969,2.25123628e-19,6.53010218e-22,2.8625947e-20
1716,483.674356,2.25790201e-19,6.62318786e-22,2.9700953699999996e-20
1717,483.721742,2.2662521e-19,6.7052096e-22,3.10666223e-20
1718,483.769127,2.27616771e-19,6.77349759e-22,3.2742867700000004e-20
1719,483.81651,2.28750726e-19,6.82565382e-22,3.47534484e-20
1720,483.863891,2.30010912e-19,6.8596914e-22,3.71262488e-20
1721,483.911271,2.31379532e-19,6.87416215e-22,3.98932014e-20
1722,483.95865,2.32837552e-19,6.86826384e-22,4.3089763e-20
1723,484.006028,2.34365231e-19,6.84191673e-22,4.67542256e-20
1724,484.053404,2.35942606e-19,6.7957955e-22,5.0926584400000004e-20
1725,484.100779,2.37550081e-19,6.73130587e-22,5.56474144e-20
1726,484.148152,2.39168734e-19,6.65051507e-22,6.095574110000001e-20
1727,484.195524,2.40780816e-19,6.55602506e-22,6.688720989999999e-20
1728,484.242894,2.42369895e-19,6.45081964e-22,7.34708967e-20
1729,484.290264,2.43921216e-19,6.33807075e-22,8.072670659999999e-20
1730,484.337631,2.45421547e-19,6.22096628e-22,8.866045510000001e-20
1731,484.384998,2.46859574e-19,6.10250303e-22,9.72615244e-20
1732,484.432363,2.48225522e-19,5.98535759e-22,1.06496925e-19
1733,484.479726,2.4951131e-19,5.87174976e-22,1.1630863300000001e-19
1734,484.527088,2.50710419e-19,5.76336966e-22,1.2661042999999999e-19
1735,484.574449,2.5181774e-19,5.66135304e-22,1.37285711e-19
1736,484.621809,2.52829538e-19,5.56629229e-22,1.48187686e-19
1737,484.669167,2.53743409e-19,5.47828873e-22,1.59141385e-19
1738,484.716523,2.5455836e-19,5.39702704e-22,1.6994883300000002e-19
1739,484.763879,2.5527492e-19,5.32187088e-22,1.8039644299999998e-19
1740,484.811233,2.55895209e-19,5.25197635e-22,1.90263055e-19
1741,484.858585,2.56423237e-19,5.18638445e-22,1.99332351e-19
1742,484.905936,2.56865074e-19,5.12411684e-22,2.07404395e-19
1743,484.953286,2.57228973e-19,5.06425787e-22,2.14306881e-19
1744,485.000634,2.57525422e-19,5.00601606e-22,2.19905606e-19
1745,485.047981,2.57767052e-19,4.94876333e-22,2.24112876e-19
1746,485.095327,2.57968308e-19,4.89206329e-22,2.26891935e-19
1747,485.142671,2.58144932e-19,4.83567855e-22,2.2825826699999997e-19
1748,485.190014,2.58313231e-19,4.77956001e-22,2.28276983e-19
1749,485.237355,2.58489133e-19,4.72383285e-22,2.27056393e-19
1750,485.284695,2.58687135e-19,4.66876443e-22,2.24738773e-19
1751,485.332034,2.58919159e-19,4.61473524e-22,2.21489187e-19
1752,485.379371,2.59193456e-19,4.5622041e-22,2.1748361200000003e-19
1753,485.426707,2.59513633e-19,4.51167049e-22,2.1289714399999999e-19
1754,485.474041,2.59877883e-19,4.46364776e-22,2.0789432699999999e-19
1755,485.521374,2.60278554e-19,4.41863234e-22,2.02621214e-19
1756,485.568706,2.60702057e-19,4.37708652e-22,1.9720107199999998e-19
1757,485.616036,2.61129193e-19,4.33942421e-22,1.91732941e-19
1758,485.663365,2.61535961e-19,4.30600132e-22,1.86292726e-19
1759,485.710692,2.61894699e-19,4.27711786e-22,1.80937459e-19
1760,485.758019,2.62175668e-19,4.25301879e-22,1.75710117e-19
1761,485.805343,2.62348818e-19,4.23390639e-22,1.7064659e-19
1762,485.852667,2.62385827e-19,4.21994556e-22,1.6578038099999999e-19
1763,485.899989,2.62262049e-19,4.21128031e-22,1.61148778e-19
1764,485.947309,2.6195841e-19,4.20804255e-22,1.56795622e-19
1765,485.994628,2.61462947e-19,4.2103638e-22,1.5277323399999998e-19
1766,486.041946,2.60771947e-19,4.21838406e-22,1.49142608e-19
1767,486.089262,2.59890527e-19,4.23225751e-22,1.45971779e-19
1768,486.136577,2.58832513e-19,4.25215687e-22,1.43332761e-19
1769,486.183891,2.57619766e-19,4.27827345e-22,1.4129806200000001e-19
1770,486.231203,2.56280879e-19,4.31081415e-22,1.39936484e-19
1771,486.278514,2.54849294e-19,4.34999812e-22,1.39308811e-19
1772,486.325824,2.53361266e-19,4.39604692e-22,1.3946393400000002e-19
1773,486.373132,2.51853653e-19,4.449173e-22,1.40435173e-19
1774,486.420438,2.5036176e-19,4.50956839e-22,1.4223718599999998e-19
1775,486.467744,2.48917549e-19,4.5773919e-22,1.44863592e-19
1776,486.515047,2.47548596e-19,4.65274246e-22,1.4828465800000002e-19
1777,486.56235,2.46277114e-19,4.73565828e-22,1.5244671e-19
1778,486.609651,2.45120271e-19,4.82608306e-22,1.57270943e-19
1779,486.656951,2.44090549e-19,4.92386385e-22,1.62654527e-19
1780,486.704249,2.43196925e-19,5.02872888e-22,1.6847174299999998e-19
1781,486.751546,2.42446137e-19,5.14028555e-22,1.74577281e-19
1782,486.798842,2.41844197e-19,5.25800724e-22,1.80810061e-19
1783,486.846136,2.41397714e-19,5.38122867e-22,1.86998694e-19
1784,486.893429,2.4111494e-19,5.50915233e-22,1.92968471e-19
1785,486.94072,2.4100648e-19,5.64083834e-22,1.9854824199999998e-19
1786,486.98801,2.41085501e-19,5.77521617e-22,2.03578617e-19
1787,487.035299,2.41367545e-19,5.91107732e-22,2.07919043e-19
1788,487.082586,2.41869938e-19,6.04707589e-22,2.11454466e-19
1789,487.129872,2.42611003e-19,6.18173841e-22,2.1410074e-19
1790,487.177156,2.43609098e-19,6.31345568e-22,2.15807602e-19
1791,487.224439,2.44881793e-19,6.44050182e-22,2.16559965e-19
1792,487.271721,2.46445094e-19,6.5610409e-22,2.16376556e-19
1793,487.319001,2.48312934e-19,6.67315317e-22,2.1530665e-19
1794,487.36628,2.5049709e-19,6.77488086e-22,2.1342485900000002e-19
1795,487.413558,2.5300716e-19,6.86427289e-22,2.10824703e-19
1796,487.460834,2.55850815e-19,6.93945171e-22,2.0761159699999997e-19
1797,487.508109,2.59034394e-19,6.99869418e-22,2.03895566e-19
1798,487.555382,2.62563077e-19,7.04050668e-22,1.9978509699999999e-19
1799,487.602654,2.66441454e-19,7.0637105e-22,1.9538160399999998e-19
1800,487.649925,2.70673397e-19,7.06751017e-22,1.9077603600000001e-19
1801,487.697194,2.75261785e-19,7.05155186e-22,1.8604702199999998e-19
1802,487.744462,2.80208199e-19,7.01595714e-22,1.81260443e-19
1803,487.791728,2.85511592e-19,6.9613328e-22,1.76471231e-19
1804,487.838993,2.91167452e-19,6.88874858e-22,1.71725526e-19
1805,487.886257,2.97166007e-19,6.79969406e-22,1.6706424799999998e-19
1806,487.933519,3.03490619e-19,6.69601205e-22,1.62526545e-19
1807,487.98078,3.10116636e-19,6.57980721e-22,1.58152693e-19
1808,488.028039,3.17009521e-19,6.45336037e-22,1.53987026e-19
1809,488.075297,3.24124381e-19,6.31902294e-22,1.50079228e-19
1810,488.122554,3.31404976e-19,6.17913429e-22,1.46485268e-19
1811,488.169809,3.3878368e-19,6.03594374e-22,1.43267033e-19
1812,488.217063,3.46182542e-19,5.89153843e-22,1.4049087799999998e-19
1813,488.264316,3.53514059e-19,5.74780716e-22,1.38225846e-19
1814,488.311567,3.60683066e-19,5.60641319e-22,1.3654096599999998e-19
1815,488.358817,3.67589686e-19,5.46877439e-22,1.35501952e-19
1816,488.406065,3.74131756e-19,5.33607813e-22,1.35167671e-19
1817,488.453312,3.80208853e-19,5.20928298e-22,1.35585968e-19
1818,488.500558,3.85725578e-19,5.08914741e-22,1.36789292e-19
1819,488.547802,3.90595405e-19,4.97625264e-22,1.3878997199999999e-19
1820,488.595045,3.94744666e-19,4.87101953e-22,1.41575768e-19
1821,488.642286,3.98115406e-19,4.77374095e-22,1.45105579e-19
1822,488.689526,4.00668355e-19,4.68459325e-22,1.4930653099999998e-19
1823,488.736765,4.02384421e-19,4.60366007e-22,1.54072164e-19
1824,488.784002,4.03265466e-19,4.5309455e-22,1.5926281799999998e-19
1825,488.831238,4.03333889e-19,4.46638053e-22,1.64708912e-19
1826,488.878472,4.02630892e-19,4.40983791e-22,1.70216143e-19
1827,488.925705,4.01213763e-19,4.36113333e-22,1.7557414000000002e-19
1828,488.972937,3.99152294e-19,4.32003447e-22,1.80566434e-19
1829,489.020167,3.96524711e-19,4.28626394e-22,1.84982175e-19
1830,489.067396,3.9341318e-19,4.25949969e-22,1.8862847300000001e-19
1831,489.114624,3.89899794e-19,4.23937941e-22,1.9134138699999998e-19
1832,489.16185,3.86063003e-19,4.22550095e-22,1.92995493e-19
1833,489.209075,3.81974545e-19,4.21742247e-22,1.93510773e-19
1834,489.256298,3.77697915e-19,4.21466481e-22,1.9285595599999999e-19
1835,489.30352,3.73287169e-19,4.21671268e-22,1.91048555e-19
1836,489.350741,3.68787265e-19,4.22301809e-22,1.88151555e-19
1837,489.39796,3.64234904e-19,4.23300449e-22,1.84267508e-19
1838,489.445178,3.59659558e-19,4.2460737e-22,1.79530318e-19
1839,489.492394,3.55085395e-19,4.26161319e-22,1.74096563e-19
1840,489.539609,3.50532378e-19,4.27900664e-22,1.68135932e-19
1841,489.586823,3.46017764e-19,4.29764353e-22,1.61822957e-19
1842,489.634035,3.41556877e-19,4.3169297e-22,1.55329566e-19
1843,489.681246,3.37163117e-19,4.33629873e-22,1.48818524e-19
1844,489.728456,3.32848066e-19,4.35521973e-22,1.4243907000000002e-19
1845,489.775664,3.28620946e-19,4.3732046e-22,1.3632338499999998e-19
1846,489.82287,3.24487693e-19,4.38981409e-22,1.30583775e-19
1847,489.870076,3.20450111e-19,4.40466133e-22,1.25310833e-19
1848,489.91728,3.16505796e-19,4.41741156e-22,1.2057296699999999e-19
1849,489.964482,3.12647325e-19,4.42778487e-22,1.1641504599999999e-19
1850,490.011683,3.08862497e-19,4.43555563e-22,1.12858541e-19
1851,490.058883,3.05135108e-19,4.44055207e-22,1.09902361e-19
1852,490.106082,3.01445914e-19,4.44265682e-22,1.0752424100000001e-19
1853,490.153279,2.97774121e-19,4.44180739e-22,1.05683206e-19
1854,490.200474,2.94098865e-19,4.43799661e-22,1.0432284899999999e-19
1855,490.247668,2.90400922e-19,4.43127211e-22,1.0337557500000001e-19
1856,490.294861,2.86664467e-19,4.42173495e-22,1.02767392e-19
1857,490.342053,2.82878371e-19,4.40953639e-22,1.02422791e-19
1858,490.389243,2.79037314e-19,4.39487278e-22,1.02269432e-19
1859,490.436431,2.75142232e-19,4.37797753e-22,1.0224214e-19
1860,490.483619,2.71200429e-19,4.35911108e-22,1.0228591600000001e-19
1861,490.530805,2.67225867e-19,4.33855288e-22,1.0235765299999999e-19
1862,490.577989,2.63238154e-19,4.31658864e-22,1.0242653699999999e-19
1863,490.625172,2.59261849e-19,4.29350087e-22,1.02473187e-19
1864,490.672354,2.55325718e-19,4.26956189e-22,1.02487763e-19
1865,490.719534,2.51461746e-19,4.24502843e-22,1.02467386e-19
1866,490.766713,2.47703891e-19,4.22013712e-22,1.0241321699999999e-19
1867,490.813891,2.44087373e-19,4.19510549e-22,1.0232759699999999e-19
1868,490.861067,2.40647738e-19,4.17013337e-22,1.02211555e-19
1869,490.908242,2.37419757e-19,4.14540375e-22,1.02062915e-19
1870,490.955415,2.34436866e-19,4.12108775e-22,1.0187516899999999e-19
1871,491.002587,2.31730042e-19,4.09734483e-22,1.01637122e-19
1872,491.049758,2.29327153e-19,4.0743258e-22,1.01333294e-19
1873,491.096927,2.27252055e-19,4.05217301e-22,1.00944962e-19
1874,491.144095,2.25523582e-19,4.03101804e-22,1.0045164600000001e-19
1875,491.191261,2.24154856e-19,4.01098194e-22,9.98329665e-20
1876,491.238426,2.23152339e-19,3.99217134e-22,9.907054850000001e-20
1877,491.28559,2.2251523e-19,3.9746777e-22,9.814995909999999e-20
1878,491.332752,2.22234888e-19,3.95857533e-22,9.706241769999999e-20
1879,491.379913,2.22294491e-19,3.94391887e-22,9.58060731e-20
1880,491.427073,2.22669036e-19,3.93074315e-22,9.43869377e-20
1881,491.474231,2.2332561e-19,3.91906188e-22,9.281921949999999e-20
1882,491.521388,2.24224119e-19,3.90886547e-22,9.112493340000001e-20
1883,491.568543,2.2531832e-19,3.90012035e-22,8.933313910000001e-20
1884,491.615697,2.26557371e-19,3.89276602e-22,8.747835330000001e-20
1885,491.662849,2.27887575e-19,3.88671381e-22,8.559880519999999e-20
1886,491.710001,2.29254633e-19,3.88184468e-22,8.373404249999999e-20
1887,491.75715,2.30605703e-19,3.87801015e-22,8.192291339999999e-20
1888,491.804299,2.31892063e-19,3.87503326e-22,8.02008471e-20
1889,491.851446,2.33071035e-19,3.87271467e-22,7.859820319999999e-20
1890,491.898591,2.34108178e-19,3.87084051e-22,7.7138283e-20
1891,491.945736,2.3497885e-19,3.86919428e-22,7.58361026e-20
1892,491.992879,2.35669168e-19,3.86757174e-22,7.46978324e-20
1893,492.04002,2.36176618e-19,3.865797e-22,7.372043029999999e-20
1894,492.08716,2.36509855e-19,3.86373925e-22,7.28920392e-20
1895,492.134299,2.36687912e-19,3.86132796e-22,7.21928635e-20
1896,492.181436,2.36738895e-19,3.8585648e-22,7.1596416e-20
1897,492.228572,2.36698207e-19,3.85553055e-22,7.107108580000001e-20
1898,492.275707,2.36606458e-19,3.85238636e-22,7.058203959999999e-20
1899,492.32284,2.36507224e-19,3.84936849e-22,7.00932236e-20
1900,492.369971,2.36444779e-19,3.84677646e-22,6.956938890000001e-20
1901,492.417102,2.36461965e-19,3.84495593e-22,6.89780353e-20
1902,492.464231,2.36598295e-19,3.84427751e-22,6.82912371e-20
1903,492.511358,2.36888365e-19,3.84511234e-22,6.74870145e-20
1904,492.558485,2.37360645e-19,3.84780744e-22,6.65503397e-20
1905,492.605609,2.38036554e-19,3.85266113e-22,6.547382750000001e-20
1906,492.652733,2.38930072e-19,3.85990197e-22,6.42575573e-20
1907,492.699855,2.40047411e-19,3.8696695e-22,6.29088723e-20
1908,492.746975,2.41387223e-19,3.8820011e-22,6.14413385e-20
1909,492.794095,2.42941011e-19,3.89682382e-22,5.98734855e-20
1910,492.841213,2.44693528e-19,3.91394947e-22,5.82275368e-20
1911,492.888329,2.46623758e-19,3.93307882e-22,5.65276415e-20
1912,492.935444,2.48705896e-19,3.95381021e-22,5.47983401e-20
1913,492.982558,2.50910437e-19,3.97565311e-22,5.3063218299999995e-20
1914,493.02967,2.53205483e-19,3.99804795e-22,5.13437241e-20
1915,493.076781,2.55558328e-19,4.02039273e-22,4.96581766e-20
1916,493.123891,2.5793684e-19,4.0420708e-22,4.80213407e-20
1917,493.170999,2.60310971e-19,4.062483e-22,4.6444236099999996e-20
1918,493.218105,2.6265431e-19,4.08108182e-22,4.4934208099999996e-20
1919,493.265211,2.64945413e-19,4.09740372e-22,4.3495320099999995e-20
1920,493.312315,2.67168537e-19,4.11109584e-22,4.21291554e-20
1921,493.359417,2.69314627e-19,4.12194168e-22,4.08353544e-20
1922,493.406519,2.71381591e-19,4.12987616e-22,3.9612373999999995e-20
1923,493.453618,2.73373834e-19,4.13499112e-22,3.84583345e-20
1924,493.500717,2.75302136e-19,4.13753366e-22,3.7371245200000005e-20
1925,493.547814,2.77182156e-19,4.1378914e-22,3.63495704e-20
1926,493.59491,2.79033392e-19,4.13657068e-22,3.53920886e-20
1927,493.642004,2.80877324e-19,4.13416618e-22,3.44978222e-20
1928,493.689097,2.82735773e-19,4.131325e-22,3.3665586e-20
1929,493.736188,2.84628914e-19,4.12870795e-22,3.28935782e-20
1930,493.783278,2.86573692e-19,4.12694984e-22,3.2178805199999996e-20
1931,493.830367,2.88582174e-19,4.12662214e-22,3.1516710499999996e-20
1932,493.877454,2.90660302e-19,4.12819934e-22,3.09009195e-20
1933,493.92454,2.92807153e-19,4.1320314e-22,3.032319e-20
1934,493.971625,2.9501435e-19,4.13832339e-22,2.97737157e-20
1935,494.018708,2.97266e-19,4.14712305e-22,2.92416441e-20
1936,494.06579,2.99539201e-19,4.15831786e-22,2.87157702e-20
1937,494.11287,3.01804588e-19,4.17163978e-22,2.81854266e-20
1938,494.159949,3.04027596e-19,4.18668027e-22,2.76412893e-20
1939,494.207027,3.06169669e-19,4.20291197e-22,2.70761548e-20
1940,494.254103,3.08189845e-19,4.21971806e-22,2.64854784e-20
1941,494.301178,3.10046641e-19,4.23642902e-22,2.5867596200000002e-20
1942,494.348251,3.11699736e-19,4.25236101e-22,2.5223725599999998e-20
1943,494.395323,3.13112028e-19,4.26685914e-22,2.45575703e-20
1944,494.442394,3.14251373e-19,4.27933786e-22,2.38747777e-20
1945,494.489463,3.15092358e-19,4.28931966e-22,2.31822036e-20
1946,494.536531,3.156179e-19,4.29646841e-22,2.2487078699999997e-20
1947,494.583597,3.15820409e-19,4.30061327e-22,2.17963268e-20
1948,494.630663,3.15702673e-19,4.30176383e-22,2.1115889199999998e-20
1949,494.677726,3.15278229e-19,4.30011305e-22,2.04504367e-20
1950,494.724789,3.14571151e-19,4.29602915e-22,1.9803037499999998e-20
1951,494.77185,3.13615392e-19,4.29003624e-22,1.9175364299999998e-20
1952,494.818909,3.12453415e-19,4.28278481e-22,1.8567839599999998e-20
1953,494.865967,3.11134346e-19,4.27501447e-22,1.7980035299999998e-20
1954,494.913024,3.09711765e-19,4.26751209e-22,1.74111537e-20
1955,494.960079,3.08241163e-19,4.26106712e-22,1.6860484799999998e-20
1956,495.007133,3.06777144e-19,4.25642682e-22,1.6327773500000002e-20
1957,495.054186,3.05370866e-19,4.25425514e-22,1.5813552e-20
1958,495.101237,3.04067601e-19,4.25509571e-22,1.53192989e-20
1959,495.148287,3.02904617e-19,4.25934106e-22,1.48474202e-20
1960,495.195336,3.01909762e-19,4.26720907e-22,1.44011537e-20
1961,495.242383,3.01100589e-19,4.27872633e-22,1.39843169e-20
1962,495.289428,3.00484126e-19,4.29371964e-22,1.36009497e-20
1963,495.336473,3.00057372e-19,4.31181563e-22,1.3254922900000001e-20
1964,495.383516,2.99808446e-19,4.33244458e-22,1.2949587399999999e-20
1965,495.430557,2.99718091e-19,4.35485621e-22,1.26873612e-20
1966,495.477597,2.99761624e-19,4.37814104e-22,1.2469446400000001e-20
1967,495.524636,2.99911008e-19,4.40125849e-22,1.2295639e-20
1968,495.571673,3.00136901e-19,4.42307385e-22,1.21642388e-20
1969,495.618709,3.00410533e-19,4.44240383e-22,1.20720783e-20
1970,495.665744,3.00705231e-19,4.45806539e-22,1.2014692299999999e-20
1971,495.712777,3.00997507e-19,4.4689306e-22,1.1986581000000001e-20
1972,495.759809,3.01267681e-19,4.47398349e-22,1.1981558899999999e-20
1973,495.806839,3.01499943e-19,4.47237337e-22,1.1993162799999999e-20
1974,495.853868,3.01682006e-19,4.46346368e-22,1.20150703e-20
1975,495.900896,3.01804319e-19,4.44687053e-22,1.20414971e-20
1976,495.947922,3.01859033e-19,4.42248914e-22,1.20675327e-20
1977,495.994947,3.01838815e-19,4.39050227e-22,1.2089387199999999e-20
1978,496.04197,3.01735654e-19,4.35137489e-22,1.2104521099999999e-20
1979,496.088992,3.01539791e-19,4.30582705e-22,1.2111656799999999e-20
1980,496.136013,3.01238906e-19,4.25479598e-22,1.2110670499999999e-20
1981,496.183032,3.00817652e-19,4.19938438e-22,1.21023879e-20
1982,496.23005,3.0025757e-19,4.14079609e-22,1.2088312300000001e-20
1983,496.277067,2.99537464e-19,4.08027517e-22,1.2070321999999999e-20
1984,496.324082,2.98634208e-19,4.01904325e-22,1.20503809e-20
1985,496.371096,2.97523831e-19,3.95823848e-22,1.2030295500000001e-20
1986,496.418108,2.96183031e-19,3.89887329e-22,1.2011553e-20
1987,496.465119,2.94590661e-19,3.84179408e-22,1.19952525e-20
1988,496.512129,2.9272942e-19,3.7876636e-22,1.19821371e-20
1989,496.559137,2.90587384e-19,3.73695301e-22,1.1972711e-20
1990,496.606143,2.88159177e-19,3.68994477e-22,1.19674176e-20
1991,496.653149,2.8544676e-19,3.64674843e-22,1.19668471e-20
1992,496.700153,2.82460201e-19,3.60733116e-22,1.19719348e-20
1993,496.747156,2.79217225e-19,3.57154179e-22,1.19841161e-20
1994,496.794157,2.75742954e-19,3.53914897e-22,1.20054114e-20
1995,496.841157,2.72068637e-19,3.50987194e-22,1.2038428899999999e-20
1996,496.888155,2.68230593e-19,3.48341514e-22,1.20862817e-20
1997,496.935152,2.64268305e-19,3.45949332e-22,1.21524404e-20
1998,496.982148,2.6022297e-19,3.43785556e-22,1.2240540999999999e-20
1999,497.029142,2.56135836e-19,3.41830091e-22,1.2354186799999999e-20
2000,497.076135,2.5204641e-19,3.40068645e-22,1.24967935e-20
2001,497.123127,2.47991403e-19,3.38493155e-22,1.26714864e-20
2002,497.170117,2.44003703e-19,3.37101495e-22,1.2881092099999999e-20
2003,497.217106,2.40111376e-19,3.35896619e-22,1.31282434e-20
2004,497.264093,2.36337559e-19,3.3488555e-22,1.34155438e-20
2005,497.311079,2.32699926e-19,3.34077869e-22,1.37458348e-20
2006,497.358063,2.29211031e-19,3.33484233e-22,1.4122439299999998e-20
2007,497.405047,2.25878101e-19,3.3311465e-22,1.45494405e-20
2008,497.452028,2.22703931e-19,3.32976894e-22,1.5031774e-20
2009,497.499009,2.19686519e-19,3.33074831e-22,1.55753669e-20
2010,497.545988,2.16820331e-19,3.33406962e-22,1.61869075e-20
2011,497.592966,2.14096361e-19,3.33965095e-22,1.6873641299999998e-20
2012,497.639942,2.11503138e-19,3.34733247e-22,1.7642861e-20
2013,497.686917,2.09027257e-19,3.35686952e-22,1.8501393299999998e-20
2014,497.73389,2.06654445e-19,3.36792897e-22,1.9454891900000002e-20
2015,497.780862,2.04370229e-19,3.38009244e-22,2.0507267199999997e-20
2016,497.827833,2.02160954e-19,3.3928642e-22,2.1660058399999997e-20
2017,497.874802,2.00014581e-19,3.40568631e-22,2.2911989699999997e-20
2018,497.92177,1.97921209e-19,3.41796123e-22,2.4258807899999997e-20
2019,497.968737,1.95873679e-19,3.42907824e-22,2.56931937e-20
2020,498.015702,1.93867785e-19,3.43844496e-22,2.72049733e-20
2021,498.062666,1.91902091e-19,3.44552087e-22,2.87816542e-20
2022,498.109628,1.89977771e-19,3.44984849e-22,3.0408919099999994e-20
2023,498.156589,1.8809788e-19,3.45108175e-22,3.20715066e-20
2024,498.203549,1.86266742e-19,3.44900649e-22,3.37539211e-20
2025,498.250507,1.84489104e-19,3.44355289e-22,3.5441240399999995e-20
2026,498.297464,1.8276919e-19,3.43479698e-22,3.71199767e-20
2027,498.344419,1.81110099e-19,3.42295256e-22,3.87785797e-20
2028,498.391373,1.79513066e-19,3.40835237e-22,4.0408086299999996e-20
2029,498.438326,1.77977205e-19,3.3914232e-22,4.2002360399999996e-20
2030,498.485277,1.76499374e-19,3.37265566e-22,4.35582773e-20
2031,498.532227,1.75074199e-19,3.35257057e-22,4.5075840299999996e-20
2032,498.579175,1.73694551e-19,3.33168921e-22,4.6557914300000004e-20
2033,498.626122,1.72351936e-19,3.31050402e-22,4.8010088299999995e-20
2034,498.673068,1.71037234e-19,3.28945786e-22,4.9440206300000004e-20
2035,498.720013,1.69741365e-19,3.26892837e-22,5.08579512e-20
2036,498.766955,1.68456039e-19,3.24922059e-22,5.22742967e-20
2037,498.813897,1.6717421e-19,3.23056251e-22,5.37012309e-20
2038,498.860837,1.6589089e-19,3.21311345e-22,5.51510096e-20
2039,498.907776,1.64603329e-19,3.19696923e-22,5.66360338e-20
2040,498.954713,1.63311412e-19,3.18217556e-22,5.81684412e-20
2041,499.001649,1.62017622e-19,3.16873966e-22,5.976010659999999e-20
2042,499.048584,1.60727042e-19,3.15664483e-22,6.14225497e-20
2043,499.095517,1.5944711e-19,3.14586339e-22,6.31670419e-20
2044,499.142449,1.5818715e-19,3.13636808e-22,6.50049067e-20
2045,499.189379,1.56957979e-19,3.12814373e-22,6.694758889999999e-20
2046,499.236308,1.55771228e-19,3.12119544e-22,6.90070022e-20
2047,499.283236,1.54638797e-19,3.1155562e-22,7.119551780000001e-20
